label,cluster,n_label,n_in_cluster,precision,recall,f1,blocks,na_policy,scaling,n_neighbors,min_dist,min_cluster_size,target
Golgi,3,62,62,0.02345819144911086,1.0,0.04584103512014788,expression_summary,median,rank,15,0.0,25,compartment
cytosol,3,215,202,0.07642830117290957,0.9395348837209302,0.14135759272218335,expression_summary,median,rank,15,0.0,25,compartment
micronemes,4,20,1,0.011235955056179775,0.05,0.01834862385321101,expression_summary,median,rank,15,0.0,25,compartment
nucleus - chromatin,3,273,268,0.10139992432841469,0.9816849816849816,0.18381344307270236,expression_summary,median,rank,15,0.0,25,compartment
apicoplast,3,61,58,0.02194475974271661,0.9508196721311475,0.04289940828402367,expression_summary,median,rank,15,0.0,25,compartment
dense granules,4,68,8,0.0898876404494382,0.11764705882352941,0.1019108280254777,expression_summary,median,rank,15,0.0,25,compartment
nucleus - non-chromatin,3,172,169,0.06394248959515701,0.9825581395348837,0.12007104795737121,expression_summary,median,rank,15,0.0,25,compartment
rhoptries 1,4,27,2,0.02247191011235955,0.07407407407407407,0.034482758620689655,expression_summary,median,rank,15,0.0,25,compartment
ER,3,92,91,0.034430571320469165,0.9891304347826086,0.06654478976234003,expression_summary,median,rank,15,0.0,25,compartment
apical 1,3,21,21,0.007945516458569807,1.0,0.015765765765765764,expression_summary,median,rank,15,0.0,25,compartment
PM - integral,4,53,3,0.033707865168539325,0.05660377358490566,0.04225352112676056,expression_summary,median,rank,15,0.0,25,compartment
nucleolus,3,16,16,0.006053726825576996,1.0,0.012034599473486274,expression_summary,median,rank,15,0.0,25,compartment
PM - peripheral 2,3,16,16,0.006053726825576996,1.0,0.012034599473486274,expression_summary,median,rank,15,0.0,25,compartment
mitochondrion - soluble,3,101,99,0.03745743473325766,0.9801980198019802,0.07215743440233237,expression_summary,median,rank,15,0.0,25,compartment
mitochondrion - membranes,4,67,6,0.06741573033707865,0.08955223880597014,0.07692307692307693,expression_summary,median,rank,15,0.0,25,compartment
IMC,4,42,6,0.06741573033707865,0.14285714285714285,0.0916030534351145,expression_summary,median,rank,15,0.0,25,compartment
PM - peripheral 1,4,15,1,0.011235955056179775,0.06666666666666667,0.01923076923076923,expression_summary,median,rank,15,0.0,25,compartment
Golgi,1,62,62,0.024012393493415957,1.0,0.046898638426626324,expression_summary,median,rank,15,0.0,60,compartment
cytosol,1,214,201,0.07784663051897754,0.9392523364485982,0.14377682403433478,expression_summary,median,rank,15,0.0,60,compartment
micronemes,2,20,1,0.011235955056179775,0.05,0.01834862385321101,expression_summary,median,rank,15,0.0,60,compartment
nucleus - chromatin,1,273,268,0.10379550735863671,0.9816849816849816,0.18774080560420317,expression_summary,median,rank,15,0.0,60,compartment
apicoplast,1,59,56,0.021688613477924088,0.9491525423728814,0.04240817872018175,expression_summary,median,rank,15,0.0,60,compartment
dense granules,2,68,8,0.0898876404494382,0.11764705882352941,0.1019108280254777,expression_summary,median,rank,15,0.0,60,compartment
nucleus - non-chromatin,1,172,169,0.06545313710302092,0.9825581395348837,0.12273057371096587,expression_summary,median,rank,15,0.0,60,compartment
rhoptries 1,2,26,2,0.02247191011235955,0.07692307692307693,0.034782608695652174,expression_summary,median,rank,15,0.0,60,compartment
ER,1,92,91,0.03524399690162665,0.9891304347826086,0.06806282722513089,expression_summary,median,rank,15,0.0,60,compartment
apical 1,1,21,21,0.008133230054221533,1.0,0.016135228582404914,expression_summary,median,rank,15,0.0,60,compartment
PM - integral,2,53,3,0.033707865168539325,0.05660377358490566,0.04225352112676056,expression_summary,median,rank,15,0.0,60,compartment
nucleolus,1,16,16,0.006196746707978312,1.0,0.01231716705157814,expression_summary,median,rank,15,0.0,60,compartment
PM - peripheral 2,1,16,16,0.006196746707978312,1.0,0.01231716705157814,expression_summary,median,rank,15,0.0,60,compartment
mitochondrion - soluble,1,101,99,0.0383423702556158,0.9801980198019802,0.07379798732761833,expression_summary,median,rank,15,0.0,60,compartment
mitochondrion - membranes,2,67,6,0.06741573033707865,0.08955223880597014,0.07692307692307693,expression_summary,median,rank,15,0.0,60,compartment
IMC,2,42,6,0.06741573033707865,0.14285714285714285,0.0916030534351145,expression_summary,median,rank,15,0.0,60,compartment
PM - peripheral 1,2,15,1,0.011235955056179775,0.06666666666666667,0.01923076923076923,expression_summary,median,rank,15,0.0,60,compartment
Golgi,0,62,62,0.02095302467049679,1.0,0.04104601125455148,expression_summary,median,rank,15,0.25,25,compartment
cytosol,0,215,215,0.07265968232510983,1.0,0.13547574039067423,expression_summary,median,rank,15,0.25,25,compartment
micronemes,0,20,20,0.006759040216289287,1.0,0.013427324605572338,expression_summary,median,rank,15,0.25,25,compartment
nucleus - chromatin,0,273,273,0.09226089895234876,1.0,0.16893564356435642,expression_summary,median,rank,15,0.25,25,compartment
apicoplast,0,61,61,0.020615072659682324,1.0,0.04039735099337748,expression_summary,median,rank,15,0.25,25,compartment
dense granules,0,68,68,0.022980736735383575,1.0,0.044928972580112324,expression_summary,median,rank,15,0.25,25,compartment
nucleus - non-chromatin,0,172,172,0.05812774586008787,1.0,0.10986905142127115,expression_summary,median,rank,15,0.25,25,compartment
rhoptries 1,0,27,27,0.009124704291990537,1.0,0.018084393837910245,expression_summary,median,rank,15,0.25,25,compartment
ER,0,92,92,0.03109158499493072,1.0,0.060308095706325796,expression_summary,median,rank,15,0.25,25,compartment
apical 1,0,21,21,0.0070969922271037515,1.0,0.014093959731543624,expression_summary,median,rank,15,0.25,25,compartment
PM - integral,0,53,53,0.01791145657316661,1.0,0.0351925630810093,expression_summary,median,rank,15,0.25,25,compartment
nucleolus,0,16,16,0.005407232173031429,1.0,0.010756302521008402,expression_summary,median,rank,15,0.25,25,compartment
PM - peripheral 2,0,16,16,0.005407232173031429,1.0,0.010756302521008402,expression_summary,median,rank,15,0.25,25,compartment
mitochondrion - soluble,0,101,101,0.0341331530922609,1.0,0.06601307189542484,expression_summary,median,rank,15,0.25,25,compartment
mitochondrion - membranes,0,67,67,0.022642784724569112,1.0,0.044282881692002646,expression_summary,median,rank,15,0.25,25,compartment
IMC,0,42,42,0.014193984454207503,1.0,0.027990669776741084,expression_summary,median,rank,15,0.25,25,compartment
PM - peripheral 1,0,15,15,0.005069280162216965,1.0,0.010087424344317418,expression_summary,median,rank,15,0.25,25,compartment
Golgi,0,61,61,0.027268663388466695,1.0,0.05308964316797215,expression_summary,median,rank,15,0.25,60,compartment
cytosol,0,182,182,0.0813589628967367,1.0,0.15047540305911536,expression_summary,median,rank,15,0.25,60,compartment
micronemes,0,15,15,0.006705409029950827,1.0,0.013321492007104797,expression_summary,median,rank,15,0.25,60,compartment
nucleus - chromatin,0,257,257,0.11488600804649084,1.0,0.20609462710505214,expression_summary,median,rank,15,0.25,60,compartment
apicoplast,0,54,54,0.024139472507822977,1.0,0.04714098646879092,expression_summary,median,rank,15,0.25,60,compartment
dense granules,0,55,52,0.0232454179704962,0.9454545454545454,0.045375218150087264,expression_summary,median,rank,15,0.25,60,compartment
nucleus - non-chromatin,0,157,156,0.0697362539114886,0.9936305732484076,0.13032581453634087,expression_summary,median,rank,15,0.25,60,compartment
rhoptries 1,0,21,21,0.009387572641931158,1.0,0.018600531443755536,expression_summary,median,rank,15,0.25,60,compartment
ER,0,86,86,0.03844434510505141,1.0,0.0740421868273784,expression_summary,median,rank,15,0.25,60,compartment
apical 1,0,20,20,0.008940545373267769,1.0,0.017722640673460344,expression_summary,median,rank,15,0.25,60,compartment
PM - integral,0,48,48,0.021457308895842648,1.0,0.04201312910284464,expression_summary,median,rank,15,0.25,60,compartment
PM - peripheral 2,0,15,15,0.006705409029950827,1.0,0.013321492007104797,expression_summary,median,rank,15,0.25,60,compartment
mitochondrion - soluble,0,95,95,0.0424675905230219,1.0,0.08147512864493997,expression_summary,median,rank,15,0.25,60,compartment
mitochondrion - membranes,0,60,60,0.02682163611980331,1.0,0.0522420548541576,expression_summary,median,rank,15,0.25,60,compartment
IMC,0,31,31,0.013857845328565042,1.0,0.027336860670194005,expression_summary,median,rank,15,0.25,60,compartment
Golgi,0,62,62,0.02095302467049679,1.0,0.04104601125455148,expression_summary,median,rank,50,0.0,25,compartment
cytosol,0,215,215,0.07265968232510983,1.0,0.13547574039067423,expression_summary,median,rank,50,0.0,25,compartment
micronemes,0,20,20,0.006759040216289287,1.0,0.013427324605572338,expression_summary,median,rank,50,0.0,25,compartment
nucleus - chromatin,0,273,273,0.09226089895234876,1.0,0.16893564356435642,expression_summary,median,rank,50,0.0,25,compartment
apicoplast,0,61,61,0.020615072659682324,1.0,0.04039735099337748,expression_summary,median,rank,50,0.0,25,compartment
dense granules,0,68,68,0.022980736735383575,1.0,0.044928972580112324,expression_summary,median,rank,50,0.0,25,compartment
nucleus - non-chromatin,0,172,172,0.05812774586008787,1.0,0.10986905142127115,expression_summary,median,rank,50,0.0,25,compartment
rhoptries 1,0,27,27,0.009124704291990537,1.0,0.018084393837910245,expression_summary,median,rank,50,0.0,25,compartment
ER,0,92,92,0.03109158499493072,1.0,0.060308095706325796,expression_summary,median,rank,50,0.0,25,compartment
apical 1,0,21,21,0.0070969922271037515,1.0,0.014093959731543624,expression_summary,median,rank,50,0.0,25,compartment
PM - integral,0,53,53,0.01791145657316661,1.0,0.0351925630810093,expression_summary,median,rank,50,0.0,25,compartment
nucleolus,0,16,16,0.005407232173031429,1.0,0.010756302521008402,expression_summary,median,rank,50,0.0,25,compartment
PM - peripheral 2,0,16,16,0.005407232173031429,1.0,0.010756302521008402,expression_summary,median,rank,50,0.0,25,compartment
mitochondrion - soluble,0,101,101,0.0341331530922609,1.0,0.06601307189542484,expression_summary,median,rank,50,0.0,25,compartment
mitochondrion - membranes,0,67,67,0.022642784724569112,1.0,0.044282881692002646,expression_summary,median,rank,50,0.0,25,compartment
IMC,0,42,42,0.014193984454207503,1.0,0.027990669776741084,expression_summary,median,rank,50,0.0,25,compartment
PM - peripheral 1,0,15,15,0.005069280162216965,1.0,0.010087424344317418,expression_summary,median,rank,50,0.0,25,compartment
Golgi,0,62,62,0.023628048780487805,1.0,0.04616530156366344,expression_summary,median,rank,50,0.0,60,compartment
cytosol,0,213,213,0.08117378048780488,1.0,0.15015861825872404,expression_summary,median,rank,50,0.0,60,compartment
micronemes,0,20,20,0.007621951219512195,1.0,0.015128593040847202,expression_summary,median,rank,50,0.0,60,compartment
nucleus - chromatin,0,273,273,0.10403963414634146,1.0,0.18847083189506386,expression_summary,median,rank,50,0.0,60,compartment
apicoplast,0,58,58,0.022103658536585365,1.0,0.04325130499627143,expression_summary,median,rank,50,0.0,60,compartment
dense granules,0,67,64,0.024390243902439025,0.9552238805970149,0.047565960609438865,expression_summary,median,rank,50,0.0,60,compartment
nucleus - non-chromatin,0,172,171,0.06516768292682927,0.9941860465116279,0.12231759656652359,expression_summary,median,rank,50,0.0,60,compartment
rhoptries 1,0,26,26,0.009908536585365854,1.0,0.01962264150943396,expression_summary,median,rank,50,0.0,60,compartment
ER,0,92,92,0.0350609756097561,1.0,0.06774668630338733,expression_summary,median,rank,50,0.0,60,compartment
apical 1,0,20,20,0.007621951219512195,1.0,0.015128593040847202,expression_summary,median,rank,50,0.0,60,compartment
PM - integral,0,53,53,0.020198170731707318,1.0,0.03959656331714606,expression_summary,median,rank,50,0.0,60,compartment
nucleolus,0,16,16,0.006097560975609756,1.0,0.012121212121212121,expression_summary,median,rank,50,0.0,60,compartment
PM - peripheral 2,0,16,16,0.006097560975609756,1.0,0.012121212121212121,expression_summary,median,rank,50,0.0,60,compartment
mitochondrion - soluble,0,100,100,0.038109756097560975,1.0,0.07342143906020558,expression_summary,median,rank,50,0.0,60,compartment
mitochondrion - membranes,0,67,67,0.025533536585365852,1.0,0.04979561501300631,expression_summary,median,rank,50,0.0,60,compartment
IMC,0,41,41,0.015625,1.0,0.03076923076923077,expression_summary,median,rank,50,0.0,60,compartment
PM - peripheral 1,0,15,15,0.005716463414634146,1.0,0.011367942402425162,expression_summary,median,rank,50,0.0,60,compartment
Golgi,0,62,62,0.02093887200270179,1.0,0.041018855441614294,expression_summary,median,rank,50,0.25,25,compartment
cytosol,0,215,215,0.07261060452549814,1.0,0.1353904282115869,expression_summary,median,rank,50,0.25,25,compartment
micronemes,0,20,20,0.006754474839581222,1.0,0.013418316001341832,expression_summary,median,rank,50,0.25,25,compartment
nucleus - chromatin,0,273,273,0.09219858156028368,1.0,0.1688311688311688,expression_summary,median,rank,50,0.25,25,compartment
apicoplast,0,61,61,0.020601148260722728,1.0,0.04037061548643282,expression_summary,median,rank,50,0.25,25,compartment
dense granules,0,68,68,0.022965214454576156,1.0,0.0448993067018818,expression_summary,median,rank,50,0.25,25,compartment
nucleus - non-chromatin,0,172,172,0.058088483620398514,1.0,0.10979891477816789,expression_summary,median,rank,50,0.25,25,compartment
rhoptries 1,0,27,27,0.00911854103343465,1.0,0.018072289156626505,expression_summary,median,rank,50,0.25,25,compartment
ER,0,92,92,0.031070584262073625,1.0,0.06026858827382903,expression_summary,median,rank,50,0.25,25,compartment
apical 1,0,21,21,0.0070921985815602835,1.0,0.014084507042253521,expression_summary,median,rank,50,0.25,25,compartment
PM - integral,0,53,53,0.01789935832489024,1.0,0.035169210351692105,expression_summary,median,rank,50,0.25,25,compartment
nucleolus,0,16,16,0.005403579871664978,1.0,0.010749076251259659,expression_summary,median,rank,50,0.25,25,compartment
PM - peripheral 2,0,16,16,0.005403579871664978,1.0,0.010749076251259659,expression_summary,median,rank,50,0.25,25,compartment
mitochondrion - soluble,0,101,101,0.034110097939885176,1.0,0.06596995427824952,expression_summary,median,rank,50,0.25,25,compartment
mitochondrion - membranes,0,67,67,0.022627490712597096,1.0,0.04425363276089828,expression_summary,median,rank,50,0.25,25,compartment
IMC,0,42,42,0.014184397163120567,1.0,0.027972027972027972,expression_summary,median,rank,50,0.25,25,compartment
PM - peripheral 1,0,15,15,0.005065856129685917,1.0,0.010080645161290322,expression_summary,median,rank,50,0.25,25,compartment
Golgi,1,61,61,0.025990626331487004,1.0,0.05066445182724252,expression_summary,median,rank,50,0.25,60,compartment
cytosol,1,195,195,0.08308478909245846,1.0,0.15342250196695517,expression_summary,median,rank,50,0.25,60,compartment
nucleus - chromatin,1,259,259,0.11035364294844482,1.0,0.1987720644666155,expression_summary,median,rank,50,0.25,60,compartment
apicoplast,1,56,56,0.02386024712398807,1.0,0.046608406158967955,expression_summary,median,rank,50,0.25,60,compartment
dense granules,1,64,61,0.025990626331487004,0.953125,0.05060141020323517,expression_summary,median,rank,50,0.25,60,compartment
nucleus - non-chromatin,1,166,165,0.07030251384746485,0.9939759036144579,0.13131715081575807,expression_summary,median,rank,50,0.25,60,compartment
rhoptries 1,1,22,22,0.009373668512995313,1.0,0.018573237653018153,expression_summary,median,rank,50,0.25,60,compartment
ER,1,89,89,0.03792074989348104,1.0,0.07307060755336618,expression_summary,median,rank,50,0.25,60,compartment
apical 1,1,20,20,0.008521516829995739,1.0,0.01689902830587241,expression_summary,median,rank,50,0.25,60,compartment
PM - integral,1,50,50,0.021303792074989347,1.0,0.04171881518564872,expression_summary,median,rank,50,0.25,60,compartment
PM - peripheral 2,1,15,15,0.006391137622496805,1.0,0.012701100762066047,expression_summary,median,rank,50,0.25,60,compartment
mitochondrion - soluble,1,93,93,0.03962505325948019,1.0,0.07622950819672131,expression_summary,median,rank,50,0.25,60,compartment
mitochondrion - membranes,1,64,64,0.027268853855986364,1.0,0.05309000414765657,expression_summary,median,rank,50,0.25,60,compartment
IMC,1,36,36,0.01533873029399233,1.0,0.030214015946286196,expression_summary,median,rank,50,0.25,60,compartment
Golgi,0,62,62,0.0223342939481268,1.0,0.04369274136715997,expression_raw,median,rank,15,0.0,25,compartment
cytosol,0,215,215,0.07744956772334294,1.0,0.14376462721497826,expression_raw,median,rank,15,0.0,25,compartment
micronemes,0,20,20,0.007204610951008645,1.0,0.01430615164520744,expression_raw,median,rank,15,0.0,25,compartment
nucleus - chromatin,0,273,273,0.09834293948126802,1.0,0.17907510659232537,expression_raw,median,rank,15,0.0,25,compartment
apicoplast,0,61,61,0.02197406340057637,1.0,0.04300317236517449,expression_raw,median,rank,15,0.0,25,compartment
dense granules,0,68,68,0.024495677233429394,1.0,0.04781997187060478,expression_raw,median,rank,15,0.0,25,compartment
nucleus - non-chromatin,0,172,171,0.06159942363112392,0.9941860465116279,0.11601085481682497,expression_raw,median,rank,15,0.0,25,compartment
rhoptries 1,0,27,27,0.009726224783861672,1.0,0.019265073135925796,expression_raw,median,rank,15,0.0,25,compartment
ER,0,92,92,0.03314121037463977,1.0,0.06415620641562064,expression_raw,median,rank,15,0.0,25,compartment
apical 1,0,21,21,0.007564841498559078,1.0,0.015016088666428314,expression_raw,median,rank,15,0.0,25,compartment
PM - integral,0,53,53,0.01909221902017291,1.0,0.03746907034287734,expression_raw,median,rank,15,0.0,25,compartment
nucleolus,0,16,16,0.005763688760806916,1.0,0.01146131805157593,expression_raw,median,rank,15,0.0,25,compartment
PM - peripheral 2,0,16,16,0.005763688760806916,1.0,0.01146131805157593,expression_raw,median,rank,15,0.0,25,compartment
mitochondrion - soluble,0,101,101,0.03638328530259366,1.0,0.07021202641640598,expression_raw,median,rank,15,0.0,25,compartment
mitochondrion - membranes,0,67,67,0.024135446685878963,1.0,0.04713330988392543,expression_raw,median,rank,15,0.0,25,compartment
IMC,0,42,42,0.015129682997118156,1.0,0.029808374733853796,expression_raw,median,rank,15,0.0,25,compartment
PM - peripheral 1,0,15,15,0.005403458213256484,1.0,0.010748835542816195,expression_raw,median,rank,15,0.0,25,compartment
Golgi,0,62,62,0.021939136588818117,1.0,0.04293628808864266,expression_raw,median,rank,15,0.0,60,compartment
cytosol,0,215,215,0.07607926397735315,1.0,0.14140085498191385,expression_raw,median,rank,15,0.0,60,compartment
micronemes,0,20,20,0.007077140835102618,1.0,0.014054813773717496,expression_raw,median,rank,15,0.0,60,compartment
nucleus - chromatin,0,273,273,0.09660297239915075,1.0,0.17618586640851888,expression_raw,median,rank,15,0.0,60,compartment
apicoplast,0,61,61,0.021585279547062988,1.0,0.04225839972289574,expression_raw,median,rank,15,0.0,60,compartment
dense granules,0,68,68,0.024062278839348902,1.0,0.0469937802349689,expression_raw,median,rank,15,0.0,60,compartment
nucleus - non-chromatin,0,172,172,0.06086341118188252,1.0,0.11474316210807206,expression_raw,median,rank,15,0.0,60,compartment
rhoptries 1,0,27,27,0.009554140127388535,1.0,0.018927444794952678,expression_raw,median,rank,15,0.0,60,compartment
ER,0,92,92,0.03255484784147204,1.0,0.06305688827964358,expression_raw,median,rank,15,0.0,60,compartment
apical 1,0,21,21,0.0074309978768577496,1.0,0.014752370916754477,expression_raw,median,rank,15,0.0,60,compartment
PM - integral,0,53,53,0.01875442321302194,1.0,0.036818339701285174,expression_raw,median,rank,15,0.0,60,compartment
nucleolus,0,16,16,0.005661712668082095,1.0,0.011259676284306828,expression_raw,median,rank,15,0.0,60,compartment
PM - peripheral 2,0,16,16,0.005661712668082095,1.0,0.011259676284306828,expression_raw,median,rank,15,0.0,60,compartment
mitochondrion - soluble,0,101,101,0.03573956121726822,1.0,0.06901264092927913,expression_raw,median,rank,15,0.0,60,compartment
mitochondrion - membranes,0,67,67,0.023708421797593773,1.0,0.04631870031109575,expression_raw,median,rank,15,0.0,60,compartment
IMC,0,42,42,0.014861995753715499,1.0,0.029288702928870293,expression_raw,median,rank,15,0.0,60,compartment
PM - peripheral 1,0,15,15,0.005307855626326964,1.0,0.010559662090813092,expression_raw,median,rank,15,0.0,60,compartment
Golgi,1,62,62,0.022769004774146163,1.0,0.04452423698384201,expression_raw,median,rank,15,0.25,25,compartment
cytosol,1,213,213,0.07822254865956665,1.0,0.14509536784741145,expression_raw,median,rank,15,0.25,25,compartment
micronemes,1,19,19,0.00697759823723834,1.0,0.01385849744711889,expression_raw,median,rank,15,0.25,25,compartment
nucleus - chromatin,1,272,272,0.09988982739625413,1.0,0.18163606010016695,expression_raw,median,rank,15,0.25,25,compartment
apicoplast,1,60,60,0.022034520749173704,1.0,0.04311893639956881,expression_raw,median,rank,15,0.25,25,compartment
dense granules,1,66,66,0.024237972824091077,1.0,0.04732879168160631,expression_raw,median,rank,15,0.25,25,compartment
nucleus - non-chromatin,1,172,171,0.06279838413514506,0.9941860465116279,0.11813471502590672,expression_raw,median,rank,15,0.25,25,compartment
rhoptries 1,1,27,27,0.009915534337128168,1.0,0.019636363636363636,expression_raw,median,rank,15,0.25,25,compartment
ER,1,91,91,0.033419023136246784,1.0,0.06467661691542288,expression_raw,median,rank,15,0.25,25,compartment
apical 1,1,19,19,0.00697759823723834,1.0,0.01385849744711889,expression_raw,median,rank,15,0.25,25,compartment
PM - integral,1,53,53,0.019463826661770108,1.0,0.03818443804034582,expression_raw,median,rank,15,0.25,25,compartment
nucleolus,1,16,16,0.0058758721997796545,1.0,0.011683096020445418,expression_raw,median,rank,15,0.25,25,compartment
PM - peripheral 2,1,16,16,0.0058758721997796545,1.0,0.011683096020445418,expression_raw,median,rank,15,0.25,25,compartment
mitochondrion - soluble,1,101,101,0.037091443261109074,1.0,0.07152974504249292,expression_raw,median,rank,15,0.25,25,compartment
mitochondrion - membranes,1,67,67,0.024605214836577304,1.0,0.04802867383512544,expression_raw,median,rank,15,0.25,25,compartment
IMC,1,41,41,0.015056922511935366,1.0,0.029667149059334295,expression_raw,median,rank,15,0.25,25,compartment
Golgi,0,62,62,0.023467070401211203,1.0,0.04585798816568047,expression_raw,median,rank,15,0.25,60,compartment
cytosol,0,213,213,0.08062074186222559,1.0,0.14921190893169878,expression_raw,median,rank,15,0.25,60,compartment
micronemes,0,19,19,0.007191521574564724,1.0,0.014280345734686208,expression_raw,median,rank,15,0.25,60,compartment
nucleus - chromatin,0,273,273,0.10333080999242998,1.0,0.18730703259005146,expression_raw,median,rank,15,0.25,60,compartment
apicoplast,0,61,61,0.023088569265707796,1.0,0.04513503514613392,expression_raw,median,rank,15,0.25,60,compartment
dense granules,0,63,63,0.02384557153671461,1.0,0.04658040665434381,expression_raw,median,rank,15,0.25,60,compartment
nucleus - non-chromatin,0,170,170,0.0643451930355791,1.0,0.1209103840682788,expression_raw,median,rank,15,0.25,60,compartment
rhoptries 1,0,27,27,0.010219530658591975,1.0,0.020232296740352193,expression_raw,median,rank,15,0.25,60,compartment
ER,0,91,91,0.034443603330809994,1.0,0.06659348701061105,expression_raw,median,rank,15,0.25,60,compartment
apical 1,0,20,20,0.00757002271006813,1.0,0.015026296018031555,expression_raw,median,rank,15,0.25,60,compartment
PM - integral,0,53,53,0.020060560181680544,1.0,0.039332096474953615,expression_raw,median,rank,15,0.25,60,compartment
nucleolus,0,16,16,0.006056018168054504,1.0,0.012039127163280663,expression_raw,median,rank,15,0.25,60,compartment
PM - peripheral 2,0,16,16,0.006056018168054504,1.0,0.012039127163280663,expression_raw,median,rank,15,0.25,60,compartment
mitochondrion - soluble,0,101,101,0.038228614685844056,1.0,0.07364199781261392,expression_raw,median,rank,15,0.25,60,compartment
mitochondrion - membranes,0,66,66,0.02498107494322483,1.0,0.04874446085672083,expression_raw,median,rank,15,0.25,60,compartment
IMC,0,42,42,0.015897047691143074,1.0,0.03129657228017884,expression_raw,median,rank,15,0.25,60,compartment
Golgi,0,62,62,0.021939136588818117,1.0,0.04293628808864266,expression_raw,median,rank,50,0.0,25,compartment
cytosol,0,215,215,0.07607926397735315,1.0,0.14140085498191385,expression_raw,median,rank,50,0.0,25,compartment
micronemes,0,20,20,0.007077140835102618,1.0,0.014054813773717496,expression_raw,median,rank,50,0.0,25,compartment
nucleus - chromatin,0,273,273,0.09660297239915075,1.0,0.17618586640851888,expression_raw,median,rank,50,0.0,25,compartment
apicoplast,0,61,61,0.021585279547062988,1.0,0.04225839972289574,expression_raw,median,rank,50,0.0,25,compartment
dense granules,0,68,68,0.024062278839348902,1.0,0.0469937802349689,expression_raw,median,rank,50,0.0,25,compartment
nucleus - non-chromatin,0,172,172,0.06086341118188252,1.0,0.11474316210807206,expression_raw,median,rank,50,0.0,25,compartment
rhoptries 1,0,27,27,0.009554140127388535,1.0,0.018927444794952678,expression_raw,median,rank,50,0.0,25,compartment
ER,0,92,92,0.03255484784147204,1.0,0.06305688827964358,expression_raw,median,rank,50,0.0,25,compartment
apical 1,0,21,21,0.0074309978768577496,1.0,0.014752370916754477,expression_raw,median,rank,50,0.0,25,compartment
PM - integral,0,53,53,0.01875442321302194,1.0,0.036818339701285174,expression_raw,median,rank,50,0.0,25,compartment
nucleolus,0,16,16,0.005661712668082095,1.0,0.011259676284306828,expression_raw,median,rank,50,0.0,25,compartment
PM - peripheral 2,0,16,16,0.005661712668082095,1.0,0.011259676284306828,expression_raw,median,rank,50,0.0,25,compartment
mitochondrion - soluble,0,101,101,0.03573956121726822,1.0,0.06901264092927913,expression_raw,median,rank,50,0.0,25,compartment
mitochondrion - membranes,0,67,67,0.023708421797593773,1.0,0.04631870031109575,expression_raw,median,rank,50,0.0,25,compartment
IMC,0,42,42,0.014861995753715499,1.0,0.029288702928870293,expression_raw,median,rank,50,0.0,25,compartment
PM - peripheral 1,0,15,15,0.005307855626326964,1.0,0.010559662090813092,expression_raw,median,rank,50,0.0,25,compartment
Golgi,0,62,62,0.021939136588818117,1.0,0.04293628808864266,expression_raw,median,rank,50,0.0,60,compartment
cytosol,0,215,215,0.07607926397735315,1.0,0.14140085498191385,expression_raw,median,rank,50,0.0,60,compartment
micronemes,0,20,20,0.007077140835102618,1.0,0.014054813773717496,expression_raw,median,rank,50,0.0,60,compartment
nucleus - chromatin,0,273,273,0.09660297239915075,1.0,0.17618586640851888,expression_raw,median,rank,50,0.0,60,compartment
apicoplast,0,61,61,0.021585279547062988,1.0,0.04225839972289574,expression_raw,median,rank,50,0.0,60,compartment
dense granules,0,68,68,0.024062278839348902,1.0,0.0469937802349689,expression_raw,median,rank,50,0.0,60,compartment
nucleus - non-chromatin,0,172,172,0.06086341118188252,1.0,0.11474316210807206,expression_raw,median,rank,50,0.0,60,compartment
rhoptries 1,0,27,27,0.009554140127388535,1.0,0.018927444794952678,expression_raw,median,rank,50,0.0,60,compartment
ER,0,92,92,0.03255484784147204,1.0,0.06305688827964358,expression_raw,median,rank,50,0.0,60,compartment
apical 1,0,21,21,0.0074309978768577496,1.0,0.014752370916754477,expression_raw,median,rank,50,0.0,60,compartment
PM - integral,0,53,53,0.01875442321302194,1.0,0.036818339701285174,expression_raw,median,rank,50,0.0,60,compartment
nucleolus,0,16,16,0.005661712668082095,1.0,0.011259676284306828,expression_raw,median,rank,50,0.0,60,compartment
PM - peripheral 2,0,16,16,0.005661712668082095,1.0,0.011259676284306828,expression_raw,median,rank,50,0.0,60,compartment
mitochondrion - soluble,0,101,101,0.03573956121726822,1.0,0.06901264092927913,expression_raw,median,rank,50,0.0,60,compartment
mitochondrion - membranes,0,67,67,0.023708421797593773,1.0,0.04631870031109575,expression_raw,median,rank,50,0.0,60,compartment
IMC,0,42,42,0.014861995753715499,1.0,0.029288702928870293,expression_raw,median,rank,50,0.0,60,compartment
PM - peripheral 1,0,15,15,0.005307855626326964,1.0,0.010559662090813092,expression_raw,median,rank,50,0.0,60,compartment
Golgi,0,62,62,0.022174535050071532,1.0,0.043386983904828556,expression_raw,median,rank,50,0.25,25,compartment
cytosol,0,215,215,0.07689556509298999,1.0,0.14280969777482566,expression_raw,median,rank,50,0.25,25,compartment
micronemes,0,20,20,0.00715307582260372,1.0,0.014204545454545454,expression_raw,median,rank,50,0.25,25,compartment
nucleus - chromatin,0,273,273,0.09763948497854077,1.0,0.17790811339198437,expression_raw,median,rank,50,0.25,25,compartment
apicoplast,0,61,61,0.021816881258941344,1.0,0.04270213510675533,expression_raw,median,rank,50,0.25,25,compartment
dense granules,0,68,68,0.024320457796852647,1.0,0.04748603351955308,expression_raw,median,rank,50,0.25,25,compartment
nucleus - non-chromatin,0,172,172,0.06151645207439199,1.0,0.11590296495956873,expression_raw,median,rank,50,0.25,25,compartment
rhoptries 1,0,27,27,0.009656652360515022,1.0,0.019128586609989374,expression_raw,median,rank,50,0.25,25,compartment
ER,0,92,92,0.032904148783977114,1.0,0.06371191135734072,expression_raw,median,rank,50,0.25,25,compartment
apical 1,0,21,21,0.0075107296137339056,1.0,0.01490947816826411,expression_raw,median,rank,50,0.25,25,compartment
PM - integral,0,53,53,0.018955650929899856,1.0,0.037206037206037205,expression_raw,median,rank,50,0.25,25,compartment
nucleolus,0,16,16,0.005722460658082976,1.0,0.011379800853485063,expression_raw,median,rank,50,0.25,25,compartment
PM - peripheral 2,0,16,16,0.005722460658082976,1.0,0.011379800853485063,expression_raw,median,rank,50,0.25,25,compartment
mitochondrion - soluble,0,101,101,0.03612303290414878,1.0,0.0697273041076976,expression_raw,median,rank,50,0.25,25,compartment
mitochondrion - membranes,0,67,67,0.02396280400572246,1.0,0.046804051694027245,expression_raw,median,rank,50,0.25,25,compartment
IMC,0,41,41,0.014663805436337626,1.0,0.028903771589707437,expression_raw,median,rank,50,0.25,25,compartment
PM - peripheral 1,0,15,15,0.00536480686695279,1.0,0.010672358591248666,expression_raw,median,rank,50,0.25,25,compartment
Golgi,0,59,59,0.0225707727620505,1.0,0.04414515525626637,expression_raw,median,rank,50,0.25,60,compartment
cytosol,0,212,212,0.0811017597551645,1.0,0.15003538570417552,expression_raw,median,rank,50,0.25,60,compartment
micronemes,0,20,20,0.0076511094108645756,1.0,0.015186028853454821,expression_raw,median,rank,50,0.25,60,compartment
nucleus - chromatin,0,269,269,0.10290742157612853,1.0,0.18661116892126256,expression_raw,median,rank,50,0.25,60,compartment
apicoplast,0,59,59,0.0225707727620505,1.0,0.04414515525626637,expression_raw,median,rank,50,0.25,60,compartment
dense granules,0,66,66,0.0252486610558531,1.0,0.049253731343283584,expression_raw,median,rank,50,0.25,60,compartment
nucleus - non-chromatin,0,170,170,0.06503442999234889,1.0,0.1221264367816092,expression_raw,median,rank,50,0.25,60,compartment
rhoptries 1,0,27,27,0.010328997704667177,1.0,0.020446800454373342,expression_raw,median,rank,50,0.25,60,compartment
ER,0,90,90,0.03442999234889059,1.0,0.0665680473372781,expression_raw,median,rank,50,0.25,60,compartment
apical 1,0,21,21,0.008033664881407804,1.0,0.015939278937381403,expression_raw,median,rank,50,0.25,60,compartment
PM - integral,0,52,52,0.019892884468247895,1.0,0.03900975243810952,expression_raw,median,rank,50,0.25,60,compartment
nucleolus,0,16,16,0.00612088752869166,1.0,0.012167300380228138,expression_raw,median,rank,50,0.25,60,compartment
PM - peripheral 2,0,16,16,0.00612088752869166,1.0,0.012167300380228138,expression_raw,median,rank,50,0.25,60,compartment
mitochondrion - soluble,0,99,99,0.03787299158377965,1.0,0.07298193881312201,expression_raw,median,rank,50,0.25,60,compartment
mitochondrion - membranes,0,64,64,0.02448355011476664,1.0,0.04779686333084391,expression_raw,median,rank,50,0.25,60,compartment
IMC,0,39,39,0.014919663351185922,1.0,0.02940067847719563,expression_raw,median,rank,50,0.25,60,compartment
PM - peripheral 1,0,15,15,0.005738332058148432,1.0,0.011411182959300116,expression_raw,median,rank,50,0.25,60,compartment
Golgi,0,62,62,0.022415039768618944,1.0,0.04384724186704385,fitness_screens,median,rank,15,0.0,25,compartment
cytosol,0,215,213,0.0770065075921909,0.9906976744186047,0.14290506541429052,fitness_screens,median,rank,15,0.0,25,compartment
micronemes,0,20,20,0.0072306579898770785,1.0,0.014357501794687724,fitness_screens,median,rank,15,0.0,25,compartment
nucleus - chromatin,0,273,272,0.09833694866232827,0.9963369963369964,0.17900625205659756,fitness_screens,median,rank,15,0.0,25,compartment
apicoplast,0,61,59,0.021330441070137384,0.9672131147540983,0.04174036080650867,fitness_screens,median,rank,15,0.0,25,compartment
dense granules,0,68,65,0.023499638467100507,0.9558823529411765,0.045871559633027525,fitness_screens,median,rank,15,0.0,25,compartment
nucleus - non-chromatin,0,172,172,0.06218365871294288,1.0,0.1170864533696392,fitness_screens,median,rank,15,0.0,25,compartment
rhoptries 1,0,27,26,0.009399855386840203,0.9629629629629629,0.01861797350519155,fitness_screens,median,rank,15,0.0,25,compartment
ER,0,92,92,0.033261026753434564,1.0,0.06438068579426172,fitness_screens,median,rank,15,0.0,25,compartment
apical 1,0,21,21,0.007592190889370932,1.0,0.015069967707212055,fitness_screens,median,rank,15,0.0,25,compartment
PM - integral,0,53,52,0.018799710773680405,0.9811320754716981,0.03689251507626819,fitness_screens,median,rank,15,0.0,25,compartment
nucleolus,0,16,16,0.005784526391901663,1.0,0.011502516175413372,fitness_screens,median,rank,15,0.0,25,compartment
PM - peripheral 2,0,16,16,0.005784526391901663,1.0,0.011502516175413372,fitness_screens,median,rank,15,0.0,25,compartment
mitochondrion - soluble,0,101,100,0.036153289949385395,0.9900990099009901,0.06975933031042901,fitness_screens,median,rank,15,0.0,25,compartment
mitochondrion - membranes,0,67,67,0.024222704266088215,1.0,0.047299682315566534,fitness_screens,median,rank,15,0.0,25,compartment
IMC,0,42,42,0.015184381778741865,1.0,0.029914529914529916,fitness_screens,median,rank,15,0.0,25,compartment
PM - peripheral 1,0,15,15,0.005422993492407809,1.0,0.010787486515641856,fitness_screens,median,rank,15,0.0,25,compartment
Golgi,0,62,62,0.022415039768618944,1.0,0.04384724186704385,fitness_screens,median,rank,15,0.0,60,compartment
cytosol,0,215,213,0.0770065075921909,0.9906976744186047,0.14290506541429052,fitness_screens,median,rank,15,0.0,60,compartment
micronemes,0,20,20,0.0072306579898770785,1.0,0.014357501794687724,fitness_screens,median,rank,15,0.0,60,compartment
nucleus - chromatin,0,273,272,0.09833694866232827,0.9963369963369964,0.17900625205659756,fitness_screens,median,rank,15,0.0,60,compartment
apicoplast,0,61,59,0.021330441070137384,0.9672131147540983,0.04174036080650867,fitness_screens,median,rank,15,0.0,60,compartment
dense granules,0,68,65,0.023499638467100507,0.9558823529411765,0.045871559633027525,fitness_screens,median,rank,15,0.0,60,compartment
nucleus - non-chromatin,0,172,172,0.06218365871294288,1.0,0.1170864533696392,fitness_screens,median,rank,15,0.0,60,compartment
rhoptries 1,0,27,26,0.009399855386840203,0.9629629629629629,0.01861797350519155,fitness_screens,median,rank,15,0.0,60,compartment
ER,0,92,92,0.033261026753434564,1.0,0.06438068579426172,fitness_screens,median,rank,15,0.0,60,compartment
apical 1,0,21,21,0.007592190889370932,1.0,0.015069967707212055,fitness_screens,median,rank,15,0.0,60,compartment
PM - integral,0,53,52,0.018799710773680405,0.9811320754716981,0.03689251507626819,fitness_screens,median,rank,15,0.0,60,compartment
nucleolus,0,16,16,0.005784526391901663,1.0,0.011502516175413372,fitness_screens,median,rank,15,0.0,60,compartment
PM - peripheral 2,0,16,16,0.005784526391901663,1.0,0.011502516175413372,fitness_screens,median,rank,15,0.0,60,compartment
mitochondrion - soluble,0,101,100,0.036153289949385395,0.9900990099009901,0.06975933031042901,fitness_screens,median,rank,15,0.0,60,compartment
mitochondrion - membranes,0,67,67,0.024222704266088215,1.0,0.047299682315566534,fitness_screens,median,rank,15,0.0,60,compartment
IMC,0,42,42,0.015184381778741865,1.0,0.029914529914529916,fitness_screens,median,rank,15,0.0,60,compartment
PM - peripheral 1,0,15,15,0.005422993492407809,1.0,0.010787486515641856,fitness_screens,median,rank,15,0.0,60,compartment
Golgi,0,62,62,0.022415039768618944,1.0,0.04384724186704385,fitness_screens,median,rank,15,0.25,25,compartment
cytosol,0,215,213,0.0770065075921909,0.9906976744186047,0.14290506541429052,fitness_screens,median,rank,15,0.25,25,compartment
micronemes,0,20,20,0.0072306579898770785,1.0,0.014357501794687724,fitness_screens,median,rank,15,0.25,25,compartment
nucleus - chromatin,0,273,272,0.09833694866232827,0.9963369963369964,0.17900625205659756,fitness_screens,median,rank,15,0.25,25,compartment
apicoplast,0,61,59,0.021330441070137384,0.9672131147540983,0.04174036080650867,fitness_screens,median,rank,15,0.25,25,compartment
dense granules,0,68,65,0.023499638467100507,0.9558823529411765,0.045871559633027525,fitness_screens,median,rank,15,0.25,25,compartment
nucleus - non-chromatin,0,172,172,0.06218365871294288,1.0,0.1170864533696392,fitness_screens,median,rank,15,0.25,25,compartment
rhoptries 1,0,27,26,0.009399855386840203,0.9629629629629629,0.01861797350519155,fitness_screens,median,rank,15,0.25,25,compartment
ER,0,92,92,0.033261026753434564,1.0,0.06438068579426172,fitness_screens,median,rank,15,0.25,25,compartment
apical 1,0,21,21,0.007592190889370932,1.0,0.015069967707212055,fitness_screens,median,rank,15,0.25,25,compartment
PM - integral,0,53,52,0.018799710773680405,0.9811320754716981,0.03689251507626819,fitness_screens,median,rank,15,0.25,25,compartment
nucleolus,0,16,16,0.005784526391901663,1.0,0.011502516175413372,fitness_screens,median,rank,15,0.25,25,compartment
PM - peripheral 2,0,16,16,0.005784526391901663,1.0,0.011502516175413372,fitness_screens,median,rank,15,0.25,25,compartment
mitochondrion - soluble,0,101,100,0.036153289949385395,0.9900990099009901,0.06975933031042901,fitness_screens,median,rank,15,0.25,25,compartment
mitochondrion - membranes,0,67,67,0.024222704266088215,1.0,0.047299682315566534,fitness_screens,median,rank,15,0.25,25,compartment
IMC,0,42,42,0.015184381778741865,1.0,0.029914529914529916,fitness_screens,median,rank,15,0.25,25,compartment
PM - peripheral 1,0,15,15,0.005422993492407809,1.0,0.010787486515641856,fitness_screens,median,rank,15,0.25,25,compartment
Golgi,0,62,62,0.022415039768618944,1.0,0.04384724186704385,fitness_screens,median,rank,15,0.25,60,compartment
cytosol,0,215,213,0.0770065075921909,0.9906976744186047,0.14290506541429052,fitness_screens,median,rank,15,0.25,60,compartment
micronemes,0,20,20,0.0072306579898770785,1.0,0.014357501794687724,fitness_screens,median,rank,15,0.25,60,compartment
nucleus - chromatin,0,273,272,0.09833694866232827,0.9963369963369964,0.17900625205659756,fitness_screens,median,rank,15,0.25,60,compartment
apicoplast,0,61,59,0.021330441070137384,0.9672131147540983,0.04174036080650867,fitness_screens,median,rank,15,0.25,60,compartment
dense granules,0,68,65,0.023499638467100507,0.9558823529411765,0.045871559633027525,fitness_screens,median,rank,15,0.25,60,compartment
nucleus - non-chromatin,0,172,172,0.06218365871294288,1.0,0.1170864533696392,fitness_screens,median,rank,15,0.25,60,compartment
rhoptries 1,0,27,26,0.009399855386840203,0.9629629629629629,0.01861797350519155,fitness_screens,median,rank,15,0.25,60,compartment
ER,0,92,92,0.033261026753434564,1.0,0.06438068579426172,fitness_screens,median,rank,15,0.25,60,compartment
apical 1,0,21,21,0.007592190889370932,1.0,0.015069967707212055,fitness_screens,median,rank,15,0.25,60,compartment
PM - integral,0,53,52,0.018799710773680405,0.9811320754716981,0.03689251507626819,fitness_screens,median,rank,15,0.25,60,compartment
nucleolus,0,16,16,0.005784526391901663,1.0,0.011502516175413372,fitness_screens,median,rank,15,0.25,60,compartment
PM - peripheral 2,0,16,16,0.005784526391901663,1.0,0.011502516175413372,fitness_screens,median,rank,15,0.25,60,compartment
mitochondrion - soluble,0,101,100,0.036153289949385395,0.9900990099009901,0.06975933031042901,fitness_screens,median,rank,15,0.25,60,compartment
mitochondrion - membranes,0,67,67,0.024222704266088215,1.0,0.047299682315566534,fitness_screens,median,rank,15,0.25,60,compartment
IMC,0,42,42,0.015184381778741865,1.0,0.029914529914529916,fitness_screens,median,rank,15,0.25,60,compartment
PM - peripheral 1,0,15,15,0.005422993492407809,1.0,0.010787486515641856,fitness_screens,median,rank,15,0.25,60,compartment
Golgi,0,62,62,0.02243125904486252,1.0,0.043878273177636234,fitness_screens,median,rank,50,0.0,25,compartment
cytosol,0,215,213,0.07706222865412446,0.9906976744186047,0.14300100704934543,fitness_screens,median,rank,50,0.0,25,compartment
micronemes,0,20,20,0.00723589001447178,1.0,0.014367816091954023,fitness_screens,median,rank,50,0.0,25,compartment
nucleus - chromatin,0,273,272,0.09840810419681621,0.9963369963369964,0.179124135660191,fitness_screens,median,rank,50,0.0,25,compartment
apicoplast,0,61,59,0.02134587554269175,0.9672131147540983,0.04176991150442477,fitness_screens,median,rank,50,0.0,25,compartment
dense granules,0,68,65,0.023516642547033284,0.9558823529411765,0.04590395480225988,fitness_screens,median,rank,50,0.0,25,compartment
nucleus - non-chromatin,0,172,172,0.06222865412445731,1.0,0.11716621253405995,fitness_screens,median,rank,50,0.0,25,compartment
rhoptries 1,0,27,26,0.009406657018813314,0.9629629629629629,0.018631314940881407,fitness_screens,median,rank,50,0.0,25,compartment
ER,0,92,92,0.03328509406657019,1.0,0.06442577030812326,fitness_screens,median,rank,50,0.0,25,compartment
apical 1,0,21,21,0.007597684515195369,1.0,0.015080789946140039,fitness_screens,median,rank,50,0.0,25,compartment
PM - integral,0,53,52,0.01881331403762663,0.9811320754716981,0.03691870784522542,fitness_screens,median,rank,50,0.0,25,compartment
nucleolus,0,16,16,0.005788712011577424,1.0,0.011510791366906475,fitness_screens,median,rank,50,0.0,25,compartment
PM - peripheral 2,0,16,16,0.005788712011577424,1.0,0.011510791366906475,fitness_screens,median,rank,50,0.0,25,compartment
mitochondrion - soluble,0,101,100,0.0361794500723589,0.9900990099009901,0.06980802792321117,fitness_screens,median,rank,50,0.0,25,compartment
mitochondrion - membranes,0,67,67,0.024240231548480463,1.0,0.047333097845284354,fitness_screens,median,rank,50,0.0,25,compartment
IMC,0,42,42,0.015195369030390739,1.0,0.02993585174625802,fitness_screens,median,rank,50,0.0,25,compartment
PM - peripheral 1,0,15,15,0.005426917510853835,1.0,0.010795250089960417,fitness_screens,median,rank,50,0.0,25,compartment
Golgi,0,62,62,0.02243125904486252,1.0,0.043878273177636234,fitness_screens,median,rank,50,0.0,60,compartment
cytosol,0,215,213,0.07706222865412446,0.9906976744186047,0.14300100704934543,fitness_screens,median,rank,50,0.0,60,compartment
micronemes,0,20,20,0.00723589001447178,1.0,0.014367816091954023,fitness_screens,median,rank,50,0.0,60,compartment
nucleus - chromatin,0,273,272,0.09840810419681621,0.9963369963369964,0.179124135660191,fitness_screens,median,rank,50,0.0,60,compartment
apicoplast,0,61,59,0.02134587554269175,0.9672131147540983,0.04176991150442477,fitness_screens,median,rank,50,0.0,60,compartment
dense granules,0,68,65,0.023516642547033284,0.9558823529411765,0.04590395480225988,fitness_screens,median,rank,50,0.0,60,compartment
nucleus - non-chromatin,0,172,172,0.06222865412445731,1.0,0.11716621253405995,fitness_screens,median,rank,50,0.0,60,compartment
rhoptries 1,0,27,26,0.009406657018813314,0.9629629629629629,0.018631314940881407,fitness_screens,median,rank,50,0.0,60,compartment
ER,0,92,92,0.03328509406657019,1.0,0.06442577030812326,fitness_screens,median,rank,50,0.0,60,compartment
apical 1,0,21,21,0.007597684515195369,1.0,0.015080789946140039,fitness_screens,median,rank,50,0.0,60,compartment
PM - integral,0,53,52,0.01881331403762663,0.9811320754716981,0.03691870784522542,fitness_screens,median,rank,50,0.0,60,compartment
nucleolus,0,16,16,0.005788712011577424,1.0,0.011510791366906475,fitness_screens,median,rank,50,0.0,60,compartment
PM - peripheral 2,0,16,16,0.005788712011577424,1.0,0.011510791366906475,fitness_screens,median,rank,50,0.0,60,compartment
mitochondrion - soluble,0,101,100,0.0361794500723589,0.9900990099009901,0.06980802792321117,fitness_screens,median,rank,50,0.0,60,compartment
mitochondrion - membranes,0,67,67,0.024240231548480463,1.0,0.047333097845284354,fitness_screens,median,rank,50,0.0,60,compartment
IMC,0,42,42,0.015195369030390739,1.0,0.02993585174625802,fitness_screens,median,rank,50,0.0,60,compartment
PM - peripheral 1,0,15,15,0.005426917510853835,1.0,0.010795250089960417,fitness_screens,median,rank,50,0.0,60,compartment
Golgi,0,62,62,0.02243125904486252,1.0,0.043878273177636234,fitness_screens,median,rank,50,0.25,25,compartment
cytosol,0,215,213,0.07706222865412446,0.9906976744186047,0.14300100704934543,fitness_screens,median,rank,50,0.25,25,compartment
micronemes,0,20,20,0.00723589001447178,1.0,0.014367816091954023,fitness_screens,median,rank,50,0.25,25,compartment
nucleus - chromatin,0,273,272,0.09840810419681621,0.9963369963369964,0.179124135660191,fitness_screens,median,rank,50,0.25,25,compartment
apicoplast,0,61,59,0.02134587554269175,0.9672131147540983,0.04176991150442477,fitness_screens,median,rank,50,0.25,25,compartment
dense granules,0,68,65,0.023516642547033284,0.9558823529411765,0.04590395480225988,fitness_screens,median,rank,50,0.25,25,compartment
nucleus - non-chromatin,0,172,172,0.06222865412445731,1.0,0.11716621253405995,fitness_screens,median,rank,50,0.25,25,compartment
rhoptries 1,0,27,26,0.009406657018813314,0.9629629629629629,0.018631314940881407,fitness_screens,median,rank,50,0.25,25,compartment
ER,0,92,92,0.03328509406657019,1.0,0.06442577030812326,fitness_screens,median,rank,50,0.25,25,compartment
apical 1,0,21,21,0.007597684515195369,1.0,0.015080789946140039,fitness_screens,median,rank,50,0.25,25,compartment
PM - integral,0,53,52,0.01881331403762663,0.9811320754716981,0.03691870784522542,fitness_screens,median,rank,50,0.25,25,compartment
nucleolus,0,16,16,0.005788712011577424,1.0,0.011510791366906475,fitness_screens,median,rank,50,0.25,25,compartment
PM - peripheral 2,0,16,16,0.005788712011577424,1.0,0.011510791366906475,fitness_screens,median,rank,50,0.25,25,compartment
mitochondrion - soluble,0,101,100,0.0361794500723589,0.9900990099009901,0.06980802792321117,fitness_screens,median,rank,50,0.25,25,compartment
mitochondrion - membranes,0,67,67,0.024240231548480463,1.0,0.047333097845284354,fitness_screens,median,rank,50,0.25,25,compartment
IMC,0,42,42,0.015195369030390739,1.0,0.02993585174625802,fitness_screens,median,rank,50,0.25,25,compartment
PM - peripheral 1,0,15,15,0.005426917510853835,1.0,0.010795250089960417,fitness_screens,median,rank,50,0.25,25,compartment
Golgi,0,62,62,0.02243125904486252,1.0,0.043878273177636234,fitness_screens,median,rank,50,0.25,60,compartment
cytosol,0,215,213,0.07706222865412446,0.9906976744186047,0.14300100704934543,fitness_screens,median,rank,50,0.25,60,compartment
micronemes,0,20,20,0.00723589001447178,1.0,0.014367816091954023,fitness_screens,median,rank,50,0.25,60,compartment
nucleus - chromatin,0,273,272,0.09840810419681621,0.9963369963369964,0.179124135660191,fitness_screens,median,rank,50,0.25,60,compartment
apicoplast,0,61,59,0.02134587554269175,0.9672131147540983,0.04176991150442477,fitness_screens,median,rank,50,0.25,60,compartment
dense granules,0,68,65,0.023516642547033284,0.9558823529411765,0.04590395480225988,fitness_screens,median,rank,50,0.25,60,compartment
nucleus - non-chromatin,0,172,172,0.06222865412445731,1.0,0.11716621253405995,fitness_screens,median,rank,50,0.25,60,compartment
rhoptries 1,0,27,26,0.009406657018813314,0.9629629629629629,0.018631314940881407,fitness_screens,median,rank,50,0.25,60,compartment
ER,0,92,92,0.03328509406657019,1.0,0.06442577030812326,fitness_screens,median,rank,50,0.25,60,compartment
apical 1,0,21,21,0.007597684515195369,1.0,0.015080789946140039,fitness_screens,median,rank,50,0.25,60,compartment
PM - integral,0,53,52,0.01881331403762663,0.9811320754716981,0.03691870784522542,fitness_screens,median,rank,50,0.25,60,compartment
nucleolus,0,16,16,0.005788712011577424,1.0,0.011510791366906475,fitness_screens,median,rank,50,0.25,60,compartment
PM - peripheral 2,0,16,16,0.005788712011577424,1.0,0.011510791366906475,fitness_screens,median,rank,50,0.25,60,compartment
mitochondrion - soluble,0,101,100,0.0361794500723589,0.9900990099009901,0.06980802792321117,fitness_screens,median,rank,50,0.25,60,compartment
mitochondrion - membranes,0,67,67,0.024240231548480463,1.0,0.047333097845284354,fitness_screens,median,rank,50,0.25,60,compartment
IMC,0,42,42,0.015195369030390739,1.0,0.02993585174625802,fitness_screens,median,rank,50,0.25,60,compartment
PM - peripheral 1,0,15,15,0.005426917510853835,1.0,0.010795250089960417,fitness_screens,median,rank,50,0.25,60,compartment
Golgi,0,62,61,0.021809081158383984,0.9838709677419355,0.042672263029031134,published_screens,median,rank,15,0.0,25,compartment
cytosol,0,215,212,0.07579549517340008,0.986046511627907,0.1407702523240372,published_screens,median,rank,15,0.0,25,compartment
micronemes,1,20,2,0.009852216748768473,0.1,0.017937219730941704,published_screens,median,rank,15,0.0,25,compartment
nucleus - chromatin,0,273,272,0.0972470504111548,0.9963369963369964,0.17719869706840388,published_screens,median,rank,15,0.0,25,compartment
apicoplast,0,61,61,0.021809081158383984,1.0,0.04268719384184745,published_screens,median,rank,15,0.0,25,compartment
dense granules,0,68,64,0.02288165892027172,0.9411764705882353,0.044677137870855144,published_screens,median,rank,15,0.0,25,compartment
nucleus - non-chromatin,0,172,172,0.061494458348230245,1.0,0.11586392724823173,published_screens,median,rank,15,0.0,25,compartment
rhoptries 1,0,27,26,0.009295673936360386,0.9629629629629629,0.018413597733711047,published_screens,median,rank,15,0.0,25,compartment
ER,0,92,92,0.032892384697890596,1.0,0.06368985808238145,published_screens,median,rank,15,0.0,25,compartment
apical 1,0,21,21,0.007508044333214158,1.0,0.0149041873669269,published_screens,median,rank,15,0.0,25,compartment
PM - integral,0,53,53,0.01894887379335002,1.0,0.037192982456140354,published_screens,median,rank,15,0.0,25,compartment
nucleolus,0,16,16,0.00572041473006793,1.0,0.011375755421258441,published_screens,median,rank,15,0.0,25,compartment
PM - peripheral 2,0,16,16,0.00572041473006793,1.0,0.011375755421258441,published_screens,median,rank,15,0.0,25,compartment
mitochondrion - soluble,0,101,100,0.03575259206292456,0.9900990099009901,0.06901311249137337,published_screens,median,rank,15,0.0,25,compartment
mitochondrion - membranes,0,67,67,0.023954236682159458,1.0,0.0467877094972067,published_screens,median,rank,15,0.0,25,compartment
IMC,0,42,42,0.015016088666428316,1.0,0.029587883057414582,published_screens,median,rank,15,0.0,25,compartment
PM - peripheral 1,0,15,15,0.005362888809438684,1.0,0.010668563300142249,published_screens,median,rank,15,0.0,25,compartment
Golgi,0,62,61,0.021809081158383984,0.9838709677419355,0.042672263029031134,published_screens,median,rank,15,0.0,60,compartment
cytosol,0,215,212,0.07579549517340008,0.986046511627907,0.1407702523240372,published_screens,median,rank,15,0.0,60,compartment
micronemes,1,20,2,0.009852216748768473,0.1,0.017937219730941704,published_screens,median,rank,15,0.0,60,compartment
nucleus - chromatin,0,273,272,0.0972470504111548,0.9963369963369964,0.17719869706840388,published_screens,median,rank,15,0.0,60,compartment
apicoplast,0,61,61,0.021809081158383984,1.0,0.04268719384184745,published_screens,median,rank,15,0.0,60,compartment
dense granules,0,68,64,0.02288165892027172,0.9411764705882353,0.044677137870855144,published_screens,median,rank,15,0.0,60,compartment
nucleus - non-chromatin,0,172,172,0.061494458348230245,1.0,0.11586392724823173,published_screens,median,rank,15,0.0,60,compartment
rhoptries 1,0,27,26,0.009295673936360386,0.9629629629629629,0.018413597733711047,published_screens,median,rank,15,0.0,60,compartment
ER,0,92,92,0.032892384697890596,1.0,0.06368985808238145,published_screens,median,rank,15,0.0,60,compartment
apical 1,0,21,21,0.007508044333214158,1.0,0.0149041873669269,published_screens,median,rank,15,0.0,60,compartment
PM - integral,0,53,53,0.01894887379335002,1.0,0.037192982456140354,published_screens,median,rank,15,0.0,60,compartment
nucleolus,0,16,16,0.00572041473006793,1.0,0.011375755421258441,published_screens,median,rank,15,0.0,60,compartment
PM - peripheral 2,0,16,16,0.00572041473006793,1.0,0.011375755421258441,published_screens,median,rank,15,0.0,60,compartment
mitochondrion - soluble,0,101,100,0.03575259206292456,0.9900990099009901,0.06901311249137337,published_screens,median,rank,15,0.0,60,compartment
mitochondrion - membranes,0,67,67,0.023954236682159458,1.0,0.0467877094972067,published_screens,median,rank,15,0.0,60,compartment
IMC,0,42,42,0.015016088666428316,1.0,0.029587883057414582,published_screens,median,rank,15,0.0,60,compartment
PM - peripheral 1,0,15,15,0.005362888809438684,1.0,0.010668563300142249,published_screens,median,rank,15,0.0,60,compartment
Golgi,0,62,62,0.02215868477483917,1.0,0.043356643356643354,published_screens,median,rank,15,0.25,25,compartment
cytosol,0,215,212,0.07576840600428877,0.986046511627907,0.14072353136408894,published_screens,median,rank,15,0.25,25,compartment
micronemes,1,20,2,0.009900990099009901,0.1,0.018018018018018018,published_screens,median,rank,15,0.25,25,compartment
nucleus - chromatin,0,273,272,0.09721229449606862,0.9963369963369964,0.17714099641810482,published_screens,median,rank,15,0.25,25,compartment
apicoplast,0,61,61,0.021801286633309505,1.0,0.04267226302903113,published_screens,median,rank,15,0.25,25,compartment
dense granules,0,68,64,0.0228734810578985,0.9411764705882353,0.04466154919748779,published_screens,median,rank,15,0.25,25,compartment
nucleus - non-chromatin,0,172,172,0.061472480343102216,1.0,0.11582491582491583,published_screens,median,rank,15,0.25,25,compartment
rhoptries 1,0,27,26,0.009292351679771264,0.9629629629629629,0.018407079646017697,published_screens,median,rank,15,0.25,25,compartment
ER,0,92,92,0.032880629020729094,1.0,0.06366782006920416,published_screens,median,rank,15,0.25,25,compartment
apical 1,0,21,21,0.007505360972122945,1.0,0.01489890031926215,published_screens,median,rank,15,0.25,25,compartment
PM - integral,0,53,53,0.018942101501072194,1.0,0.037179936864258155,published_screens,median,rank,15,0.25,25,compartment
nucleolus,0,16,16,0.005718370264474625,1.0,0.01137171286425018,published_screens,median,rank,15,0.25,25,compartment
PM - peripheral 2,0,16,16,0.005718370264474625,1.0,0.01137171286425018,published_screens,median,rank,15,0.25,25,compartment
mitochondrion - soluble,0,101,100,0.035739814152966405,0.9900990099009901,0.06898930665746811,published_screens,median,rank,15,0.25,25,compartment
mitochondrion - membranes,0,67,67,0.02394567548248749,1.0,0.04677137870855149,published_screens,median,rank,15,0.25,25,compartment
IMC,0,42,42,0.01501072194424589,1.0,0.029577464788732393,published_screens,median,rank,15,0.25,25,compartment
PM - peripheral 1,0,15,15,0.005360972122944961,1.0,0.010664770707429789,published_screens,median,rank,15,0.25,25,compartment
Golgi,0,62,62,0.02215868477483917,1.0,0.043356643356643354,published_screens,median,rank,15,0.25,60,compartment
cytosol,0,215,212,0.07576840600428877,0.986046511627907,0.14072353136408894,published_screens,median,rank,15,0.25,60,compartment
micronemes,1,20,2,0.009900990099009901,0.1,0.018018018018018018,published_screens,median,rank,15,0.25,60,compartment
nucleus - chromatin,0,273,272,0.09721229449606862,0.9963369963369964,0.17714099641810482,published_screens,median,rank,15,0.25,60,compartment
apicoplast,0,61,61,0.021801286633309505,1.0,0.04267226302903113,published_screens,median,rank,15,0.25,60,compartment
dense granules,0,68,64,0.0228734810578985,0.9411764705882353,0.04466154919748779,published_screens,median,rank,15,0.25,60,compartment
nucleus - non-chromatin,0,172,172,0.061472480343102216,1.0,0.11582491582491583,published_screens,median,rank,15,0.25,60,compartment
rhoptries 1,0,27,26,0.009292351679771264,0.9629629629629629,0.018407079646017697,published_screens,median,rank,15,0.25,60,compartment
ER,0,92,92,0.032880629020729094,1.0,0.06366782006920416,published_screens,median,rank,15,0.25,60,compartment
apical 1,0,21,21,0.007505360972122945,1.0,0.01489890031926215,published_screens,median,rank,15,0.25,60,compartment
PM - integral,0,53,53,0.018942101501072194,1.0,0.037179936864258155,published_screens,median,rank,15,0.25,60,compartment
nucleolus,0,16,16,0.005718370264474625,1.0,0.01137171286425018,published_screens,median,rank,15,0.25,60,compartment
PM - peripheral 2,0,16,16,0.005718370264474625,1.0,0.01137171286425018,published_screens,median,rank,15,0.25,60,compartment
mitochondrion - soluble,0,101,100,0.035739814152966405,0.9900990099009901,0.06898930665746811,published_screens,median,rank,15,0.25,60,compartment
mitochondrion - membranes,0,67,67,0.02394567548248749,1.0,0.04677137870855149,published_screens,median,rank,15,0.25,60,compartment
IMC,0,42,42,0.01501072194424589,1.0,0.029577464788732393,published_screens,median,rank,15,0.25,60,compartment
PM - peripheral 1,0,15,15,0.005360972122944961,1.0,0.010664770707429789,published_screens,median,rank,15,0.25,60,compartment
Golgi,0,62,60,0.021505376344086023,0.967741935483871,0.0420757363253857,published_screens,median,rank,50,0.0,25,compartment
cytosol,0,215,212,0.07598566308243727,0.986046511627907,0.1410981697171381,published_screens,median,rank,50,0.0,25,compartment
micronemes,1,20,2,0.009523809523809525,0.1,0.01739130434782609,published_screens,median,rank,50,0.0,25,compartment
nucleus - chromatin,0,273,271,0.09713261648745519,0.9926739926739927,0.17695070192621615,published_screens,median,rank,50,0.0,25,compartment
apicoplast,0,61,61,0.02186379928315412,1.0,0.04279200280603297,published_screens,median,rank,50,0.0,25,compartment
dense granules,0,68,63,0.02258064516129032,0.9264705882352942,0.044086773967809655,published_screens,median,rank,50,0.0,25,compartment
nucleus - non-chromatin,0,172,172,0.06164874551971326,1.0,0.1161377447670493,published_screens,median,rank,50,0.0,25,compartment
rhoptries 1,0,27,26,0.00931899641577061,0.9629629629629629,0.018459353922612713,published_screens,median,rank,50,0.0,25,compartment
ER,0,92,92,0.032974910394265235,1.0,0.06384455239417072,published_screens,median,rank,50,0.0,25,compartment
apical 1,0,21,21,0.007526881720430108,1.0,0.014941302027748132,published_screens,median,rank,50,0.0,25,compartment
PM - integral,0,53,53,0.01899641577060932,1.0,0.037284558564896236,published_screens,median,rank,50,0.0,25,compartment
nucleolus,0,16,16,0.005734767025089606,1.0,0.011404133998574484,published_screens,median,rank,50,0.0,25,compartment
PM - peripheral 2,0,16,16,0.005734767025089606,1.0,0.011404133998574484,published_screens,median,rank,50,0.0,25,compartment
mitochondrion - soluble,0,101,98,0.03512544802867384,0.9702970297029703,0.06779661016949154,published_screens,median,rank,50,0.0,25,compartment
mitochondrion - membranes,0,67,67,0.024014336917562724,1.0,0.04690234511725586,published_screens,median,rank,50,0.0,25,compartment
IMC,0,42,42,0.015053763440860216,1.0,0.029661016949152543,published_screens,median,rank,50,0.0,25,compartment
PM - peripheral 1,0,15,15,0.005376344086021506,1.0,0.010695187165775402,published_screens,median,rank,50,0.0,25,compartment
Golgi,0,62,60,0.021505376344086023,0.967741935483871,0.0420757363253857,published_screens,median,rank,50,0.0,60,compartment
cytosol,0,215,212,0.07598566308243727,0.986046511627907,0.1410981697171381,published_screens,median,rank,50,0.0,60,compartment
micronemes,1,20,2,0.009523809523809525,0.1,0.01739130434782609,published_screens,median,rank,50,0.0,60,compartment
nucleus - chromatin,0,273,271,0.09713261648745519,0.9926739926739927,0.17695070192621615,published_screens,median,rank,50,0.0,60,compartment
apicoplast,0,61,61,0.02186379928315412,1.0,0.04279200280603297,published_screens,median,rank,50,0.0,60,compartment
dense granules,0,68,63,0.02258064516129032,0.9264705882352942,0.044086773967809655,published_screens,median,rank,50,0.0,60,compartment
nucleus - non-chromatin,0,172,172,0.06164874551971326,1.0,0.1161377447670493,published_screens,median,rank,50,0.0,60,compartment
rhoptries 1,0,27,26,0.00931899641577061,0.9629629629629629,0.018459353922612713,published_screens,median,rank,50,0.0,60,compartment
ER,0,92,92,0.032974910394265235,1.0,0.06384455239417072,published_screens,median,rank,50,0.0,60,compartment
apical 1,0,21,21,0.007526881720430108,1.0,0.014941302027748132,published_screens,median,rank,50,0.0,60,compartment
PM - integral,0,53,53,0.01899641577060932,1.0,0.037284558564896236,published_screens,median,rank,50,0.0,60,compartment
nucleolus,0,16,16,0.005734767025089606,1.0,0.011404133998574484,published_screens,median,rank,50,0.0,60,compartment
PM - peripheral 2,0,16,16,0.005734767025089606,1.0,0.011404133998574484,published_screens,median,rank,50,0.0,60,compartment
mitochondrion - soluble,0,101,98,0.03512544802867384,0.9702970297029703,0.06779661016949154,published_screens,median,rank,50,0.0,60,compartment
mitochondrion - membranes,0,67,67,0.024014336917562724,1.0,0.04690234511725586,published_screens,median,rank,50,0.0,60,compartment
IMC,0,42,42,0.015053763440860216,1.0,0.029661016949152543,published_screens,median,rank,50,0.0,60,compartment
PM - peripheral 1,0,15,15,0.005376344086021506,1.0,0.010695187165775402,published_screens,median,rank,50,0.0,60,compartment
Golgi,0,62,60,0.02151308712800287,0.967741935483871,0.04209049456331112,published_screens,median,rank,50,0.25,25,compartment
cytosol,0,215,212,0.0760129078522768,0.986046511627907,0.1411451398135819,published_screens,median,rank,50,0.25,25,compartment
micronemes,1,20,2,0.009478672985781991,0.1,0.017316017316017316,published_screens,median,rank,50,0.25,25,compartment
nucleus - chromatin,0,273,271,0.09716744352814628,0.9926739926739927,0.17700849118223386,published_screens,median,rank,50,0.25,25,compartment
apicoplast,0,61,61,0.02187163858013625,1.0,0.04280701754385965,published_screens,median,rank,50,0.25,25,compartment
dense granules,0,68,63,0.022588741484403013,0.9264705882352942,0.04410220511025551,published_screens,median,rank,50,0.25,25,compartment
nucleus - non-chromatin,0,172,172,0.06167084976694156,1.0,0.11617696724079703,published_screens,median,rank,50,0.25,25,compartment
rhoptries 1,0,27,26,0.00932233775546791,0.9629629629629629,0.018465909090909092,published_screens,median,rank,50,0.25,25,compartment
ER,0,92,92,0.032986733596271064,1.0,0.06386671294689344,published_screens,median,rank,50,0.25,25,compartment
apical 1,0,21,21,0.007529580494801004,1.0,0.01494661921708185,published_screens,median,rank,50,0.25,25,compartment
PM - integral,0,53,53,0.0190032269630692,1.0,0.03729767769176636,published_screens,median,rank,50,0.25,25,compartment
nucleolus,0,16,16,0.005736823234134099,1.0,0.01140819964349376,published_screens,median,rank,50,0.25,25,compartment
PM - peripheral 2,0,16,16,0.005736823234134099,1.0,0.01140819964349376,published_screens,median,rank,50,0.25,25,compartment
mitochondrion - soluble,0,101,98,0.03513804230907135,0.9702970297029703,0.06782006920415226,published_screens,median,rank,50,0.25,25,compartment
mitochondrion - membranes,0,67,67,0.024022947292936535,1.0,0.0469187675070028,published_screens,median,rank,50,0.25,25,compartment
IMC,0,42,42,0.015059160989602008,1.0,0.02967149417167079,published_screens,median,rank,50,0.25,25,compartment
PM - peripheral 1,0,15,15,0.005378271782000717,1.0,0.010699001426533523,published_screens,median,rank,50,0.25,25,compartment
Golgi,0,62,60,0.02151308712800287,0.967741935483871,0.04209049456331112,published_screens,median,rank,50,0.25,60,compartment
cytosol,0,215,212,0.0760129078522768,0.986046511627907,0.1411451398135819,published_screens,median,rank,50,0.25,60,compartment
micronemes,1,20,2,0.009478672985781991,0.1,0.017316017316017316,published_screens,median,rank,50,0.25,60,compartment
nucleus - chromatin,0,273,271,0.09716744352814628,0.9926739926739927,0.17700849118223386,published_screens,median,rank,50,0.25,60,compartment
apicoplast,0,61,61,0.02187163858013625,1.0,0.04280701754385965,published_screens,median,rank,50,0.25,60,compartment
dense granules,0,68,63,0.022588741484403013,0.9264705882352942,0.04410220511025551,published_screens,median,rank,50,0.25,60,compartment
nucleus - non-chromatin,0,172,172,0.06167084976694156,1.0,0.11617696724079703,published_screens,median,rank,50,0.25,60,compartment
rhoptries 1,0,27,26,0.00932233775546791,0.9629629629629629,0.018465909090909092,published_screens,median,rank,50,0.25,60,compartment
ER,0,92,92,0.032986733596271064,1.0,0.06386671294689344,published_screens,median,rank,50,0.25,60,compartment
apical 1,0,21,21,0.007529580494801004,1.0,0.01494661921708185,published_screens,median,rank,50,0.25,60,compartment
PM - integral,0,53,53,0.0190032269630692,1.0,0.03729767769176636,published_screens,median,rank,50,0.25,60,compartment
nucleolus,0,16,16,0.005736823234134099,1.0,0.01140819964349376,published_screens,median,rank,50,0.25,60,compartment
PM - peripheral 2,0,16,16,0.005736823234134099,1.0,0.01140819964349376,published_screens,median,rank,50,0.25,60,compartment
mitochondrion - soluble,0,101,98,0.03513804230907135,0.9702970297029703,0.06782006920415226,published_screens,median,rank,50,0.25,60,compartment
mitochondrion - membranes,0,67,67,0.024022947292936535,1.0,0.0469187675070028,published_screens,median,rank,50,0.25,60,compartment
IMC,0,42,42,0.015059160989602008,1.0,0.02967149417167079,published_screens,median,rank,50,0.25,60,compartment
PM - peripheral 1,0,15,15,0.005378271782000717,1.0,0.010699001426533523,published_screens,median,rank,50,0.25,60,compartment
Golgi,26,60,15,0.0967741935483871,0.25,0.13953488372093023,protein_features,median,rank,15,0.0,25,compartment
cytosol,11,209,39,0.1638655462184874,0.18660287081339713,0.174496644295302,protein_features,median,rank,15,0.0,25,compartment
micronemes,29,20,2,0.058823529411764705,0.1,0.07407407407407408,protein_features,median,rank,15,0.0,25,compartment
nucleus - chromatin,32,264,35,0.20114942528735633,0.13257575757575757,0.1598173515981735,protein_features,median,rank,15,0.0,25,compartment
apicoplast,32,55,9,0.05172413793103448,0.16363636363636364,0.07860262008733625,protein_features,median,rank,15,0.0,25,compartment
dense granules,22,61,5,0.2,0.08196721311475409,0.11627906976744187,protein_features,median,rank,15,0.0,25,compartment
nucleus - non-chromatin,11,163,30,0.12605042016806722,0.18404907975460122,0.14962593516209474,protein_features,median,rank,15,0.0,25,compartment
rhoptries 1,23,24,7,0.040697674418604654,0.2916666666666667,0.07142857142857144,protein_features,median,rank,15,0.0,25,compartment
ER,21,90,38,0.19791666666666666,0.4222222222222222,0.2695035460992908,protein_features,median,rank,15,0.0,25,compartment
apical 1,24,20,2,0.06451612903225806,0.1,0.0784313725490196,protein_features,median,rank,15,0.0,25,compartment
PM - integral,19,53,7,0.21212121212121213,0.1320754716981132,0.1627906976744186,protein_features,median,rank,15,0.0,25,compartment
nucleolus,32,16,6,0.034482758620689655,0.375,0.06315789473684211,protein_features,median,rank,15,0.0,25,compartment
PM - peripheral 2,31,16,2,0.037037037037037035,0.125,0.05714285714285714,protein_features,median,rank,15,0.0,25,compartment
mitochondrion - soluble,15,98,16,0.07804878048780488,0.16326530612244897,0.10561056105610561,protein_features,median,rank,15,0.0,25,compartment
mitochondrion - membranes,21,64,17,0.08854166666666667,0.265625,0.1328125,protein_features,median,rank,15,0.0,25,compartment
IMC,9,42,2,0.07407407407407407,0.047619047619047616,0.057971014492753624,protein_features,median,rank,15,0.0,25,compartment
PM - peripheral 1,3,15,11,0.14285714285714285,0.7333333333333333,0.23913043478260868,protein_features,median,rank,15,0.0,25,compartment
Golgi,13,58,15,0.10344827586206896,0.25862068965517243,0.1477832512315271,protein_features,median,rank,15,0.0,60,compartment
cytosol,2,202,33,0.22297297297297297,0.16336633663366337,0.18857142857142858,protein_features,median,rank,15,0.0,60,compartment
micronemes,4,20,3,0.03896103896103896,0.15,0.061855670103092786,protein_features,median,rank,15,0.0,60,compartment
nucleus - chromatin,14,253,49,0.2033195020746888,0.19367588932806323,0.19838056680161945,protein_features,median,rank,15,0.0,60,compartment
apicoplast,14,59,15,0.06224066390041494,0.2542372881355932,0.1,protein_features,median,rank,15,0.0,60,compartment
dense granules,6,62,12,0.0967741935483871,0.1935483870967742,0.12903225806451613,protein_features,median,rank,15,0.0,60,compartment
nucleus - non-chromatin,11,164,30,0.12605042016806722,0.18292682926829268,0.14925373134328357,protein_features,median,rank,15,0.0,60,compartment
rhoptries 1,6,26,6,0.04838709677419355,0.23076923076923078,0.07999999999999999,protein_features,median,rank,15,0.0,60,compartment
ER,16,88,44,0.18032786885245902,0.5,0.26506024096385544,protein_features,median,rank,15,0.0,60,compartment
apical 1,15,16,6,0.044444444444444446,0.375,0.07947019867549669,protein_features,median,rank,15,0.0,60,compartment
nucleolus,14,16,6,0.024896265560165973,0.375,0.046692607003891044,protein_features,median,rank,15,0.0,60,compartment
PM - integral,16,49,26,0.10655737704918032,0.5306122448979592,0.1774744027303754,protein_features,median,rank,15,0.0,60,compartment
PM - peripheral 2,14,15,5,0.02074688796680498,0.3333333333333333,0.0390625,protein_features,median,rank,15,0.0,60,compartment
mitochondrion - soluble,8,93,16,0.07804878048780488,0.17204301075268819,0.10738255033557047,protein_features,median,rank,15,0.0,60,compartment
mitochondrion - membranes,16,63,17,0.06967213114754098,0.2698412698412698,0.11074918566775245,protein_features,median,rank,15,0.0,60,compartment
IMC,5,41,5,0.033783783783783786,0.12195121951219512,0.052910052910052914,protein_features,median,rank,15,0.0,60,compartment
PM - peripheral 1,4,15,11,0.14285714285714285,0.7333333333333333,0.23913043478260868,protein_features,median,rank,15,0.0,60,compartment
Golgi,22,58,14,0.07106598984771574,0.2413793103448276,0.10980392156862746,protein_features,median,rank,15,0.25,25,compartment
cytosol,3,214,28,0.23333333333333334,0.1308411214953271,0.16766467065868262,protein_features,median,rank,15,0.25,25,compartment
micronemes,7,20,3,0.03896103896103896,0.15,0.061855670103092786,protein_features,median,rank,15,0.25,25,compartment
nucleus - chromatin,13,269,117,0.14011976047904193,0.4349442379182156,0.21195652173913046,protein_features,median,rank,15,0.25,25,compartment
apicoplast,13,58,31,0.037125748502994015,0.5344827586206896,0.06942889137737962,protein_features,median,rank,15,0.25,25,compartment
dense granules,6,60,12,0.0967741935483871,0.2,0.13043478260869568,protein_features,median,rank,15,0.25,25,compartment
nucleus - non-chromatin,13,168,66,0.07904191616766468,0.39285714285714285,0.13160518444666003,protein_features,median,rank,15,0.25,25,compartment
rhoptries 1,6,25,6,0.04838709677419355,0.24,0.08053691275167785,protein_features,median,rank,15,0.25,25,compartment
ER,22,89,39,0.19796954314720813,0.43820224719101125,0.2727272727272727,protein_features,median,rank,15,0.25,25,compartment
apical 1,18,20,7,0.04794520547945205,0.35,0.08433734939759036,protein_features,median,rank,15,0.25,25,compartment
PM - integral,22,50,19,0.09644670050761421,0.38,0.15384615384615383,protein_features,median,rank,15,0.25,25,compartment
nucleolus,1,16,1,0.014285714285714285,0.0625,0.02325581395348837,protein_features,median,rank,15,0.25,25,compartment
PM - peripheral 2,17,15,1,0.037037037037037035,0.06666666666666667,0.047619047619047616,protein_features,median,rank,15,0.25,25,compartment
mitochondrion - soluble,9,98,7,0.1590909090909091,0.07142857142857142,0.09859154929577464,protein_features,median,rank,15,0.25,25,compartment
mitochondrion - membranes,22,67,17,0.08629441624365482,0.2537313432835821,0.12878787878787878,protein_features,median,rank,15,0.25,25,compartment
IMC,17,42,2,0.07407407407407407,0.047619047619047616,0.057971014492753624,protein_features,median,rank,15,0.25,25,compartment
PM - peripheral 1,7,15,11,0.14285714285714285,0.7333333333333333,0.23913043478260868,protein_features,median,rank,15,0.25,25,compartment
Golgi,6,60,24,0.03680981595092025,0.4,0.06741573033707865,protein_features,median,rank,15,0.25,60,compartment
cytosol,0,209,33,0.22297297297297297,0.15789473684210525,0.18487394957983194,protein_features,median,rank,15,0.25,60,compartment
micronemes,3,20,5,0.024875621890547265,0.25,0.04524886877828055,protein_features,median,rank,15,0.25,60,compartment
nucleus - chromatin,7,269,117,0.14011976047904193,0.4349442379182156,0.21195652173913046,protein_features,median,rank,15,0.25,60,compartment
apicoplast,7,60,31,0.037125748502994015,0.5166666666666667,0.06927374301675977,protein_features,median,rank,15,0.25,60,compartment
dense granules,3,66,16,0.07960199004975124,0.24242424242424243,0.1198501872659176,protein_features,median,rank,15,0.25,60,compartment
nucleus - non-chromatin,11,170,29,0.13302752293577982,0.17058823529411765,0.14948453608247422,protein_features,median,rank,15,0.25,60,compartment
rhoptries 1,3,27,8,0.03980099502487562,0.2962962962962963,0.07017543859649122,protein_features,median,rank,15,0.25,60,compartment
ER,6,92,50,0.07668711656441718,0.5434782608695652,0.13440860215053763,protein_features,median,rank,15,0.25,60,compartment
apical 1,1,21,3,0.0379746835443038,0.14285714285714285,0.06,protein_features,median,rank,15,0.25,60,compartment
PM - integral,6,53,29,0.04447852760736196,0.5471698113207547,0.0822695035460993,protein_features,median,rank,15,0.25,60,compartment
nucleolus,11,16,3,0.013761467889908258,0.1875,0.025641025641025644,protein_features,median,rank,15,0.25,60,compartment
PM - peripheral 2,0,16,2,0.013513513513513514,0.125,0.024390243902439025,protein_features,median,rank,15,0.25,60,compartment
mitochondrion - soluble,5,91,10,0.06756756756756757,0.10989010989010989,0.08368200836820083,protein_features,median,rank,15,0.25,60,compartment
mitochondrion - membranes,4,62,7,0.05384615384615385,0.11290322580645161,0.07291666666666667,protein_features,median,rank,15,0.25,60,compartment
IMC,5,41,5,0.033783783783783786,0.12195121951219512,0.052910052910052914,protein_features,median,rank,15,0.25,60,compartment
PM - peripheral 1,3,15,13,0.06467661691542288,0.8666666666666667,0.12037037037037035,protein_features,median,rank,15,0.25,60,compartment
Golgi,22,58,16,0.07239819004524888,0.27586206896551724,0.11469534050179211,protein_features,median,rank,50,0.0,25,compartment
cytosol,17,214,39,0.1625,0.1822429906542056,0.17180616740088106,protein_features,median,rank,50,0.0,25,compartment
micronemes,7,20,3,0.06976744186046512,0.15,0.09523809523809525,protein_features,median,rank,50,0.0,25,compartment
nucleus - chromatin,2,266,91,0.14677419354838708,0.34210526315789475,0.20541760722347627,protein_features,median,rank,50,0.0,25,compartment
apicoplast,1,57,9,0.04205607476635514,0.15789473684210525,0.06642066420664207,protein_features,median,rank,50,0.0,25,compartment
dense granules,24,61,12,0.0736196319018405,0.19672131147540983,0.10714285714285714,protein_features,median,rank,50,0.0,25,compartment
nucleus - non-chromatin,17,170,30,0.125,0.17647058823529413,0.14634146341463414,protein_features,median,rank,50,0.0,25,compartment
rhoptries 1,20,24,3,0.06818181818181818,0.125,0.08823529411764705,protein_features,median,rank,50,0.0,25,compartment
ER,22,88,42,0.19004524886877827,0.4772727272727273,0.27184466019417475,protein_features,median,rank,50,0.0,25,compartment
apical 1,21,18,5,0.058823529411764705,0.2777777777777778,0.0970873786407767,protein_features,median,rank,50,0.0,25,compartment
PM - integral,22,51,25,0.11312217194570136,0.49019607843137253,0.18382352941176472,protein_features,median,rank,50,0.0,25,compartment
nucleolus,17,16,3,0.0125,0.1875,0.023437500000000003,protein_features,median,rank,50,0.0,25,compartment
PM - peripheral 2,12,16,1,0.03571428571428571,0.0625,0.045454545454545456,protein_features,median,rank,50,0.0,25,compartment
mitochondrion - soluble,1,98,16,0.07476635514018691,0.16326530612244897,0.10256410256410257,protein_features,median,rank,50,0.0,25,compartment
mitochondrion - membranes,22,67,17,0.07692307692307693,0.2537313432835821,0.11805555555555557,protein_features,median,rank,50,0.0,25,compartment
IMC,18,42,3,0.05454545454545454,0.07142857142857142,0.061855670103092786,protein_features,median,rank,50,0.0,25,compartment
PM - peripheral 1,7,15,10,0.23255813953488372,0.6666666666666666,0.3448275862068966,protein_features,median,rank,50,0.0,25,compartment
Golgi,14,60,17,0.07623318385650224,0.2833333333333333,0.12014134275618374,protein_features,median,rank,50,0.0,60,compartment
cytosol,12,214,39,0.16455696202531644,0.1822429906542056,0.1729490022172949,protein_features,median,rank,50,0.0,60,compartment
micronemes,5,20,3,0.03896103896103896,0.15,0.061855670103092786,protein_features,median,rank,50,0.0,60,compartment
nucleus - chromatin,2,270,91,0.14677419354838708,0.337037037037037,0.2044943820224719,protein_features,median,rank,50,0.0,60,compartment
apicoplast,1,59,9,0.04205607476635514,0.15254237288135594,0.06593406593406594,protein_features,median,rank,50,0.0,60,compartment
dense granules,6,60,12,0.09836065573770492,0.2,0.13186813186813187,protein_features,median,rank,50,0.0,60,compartment
nucleus - non-chromatin,12,172,30,0.12658227848101267,0.1744186046511628,0.1466992665036675,protein_features,median,rank,50,0.0,60,compartment
rhoptries 1,6,25,6,0.04918032786885246,0.24,0.0816326530612245,protein_features,median,rank,50,0.0,60,compartment
ER,14,88,42,0.18834080717488788,0.4772727272727273,0.27009646302250806,protein_features,median,rank,50,0.0,60,compartment
apical 1,13,21,6,0.038461538461538464,0.2857142857142857,0.06779661016949154,protein_features,median,rank,50,0.0,60,compartment
PM - integral,14,52,25,0.11210762331838565,0.4807692307692308,0.18181818181818182,protein_features,median,rank,50,0.0,60,compartment
nucleolus,12,16,3,0.012658227848101266,0.1875,0.023715415019762844,protein_features,median,rank,50,0.0,60,compartment
PM - peripheral 2,2,16,7,0.01129032258064516,0.4375,0.0220125786163522,protein_features,median,rank,50,0.0,60,compartment
mitochondrion - soluble,4,98,15,0.09259259259259259,0.15306122448979592,0.11538461538461538,protein_features,median,rank,50,0.0,60,compartment
mitochondrion - membranes,14,67,17,0.07623318385650224,0.2537313432835821,0.11724137931034483,protein_features,median,rank,50,0.0,60,compartment
IMC,7,41,5,0.033783783783783786,0.12195121951219512,0.052910052910052914,protein_features,median,rank,50,0.0,60,compartment
PM - peripheral 1,5,15,11,0.14285714285714285,0.7333333333333333,0.23913043478260868,protein_features,median,rank,50,0.0,60,compartment
Golgi,10,62,23,0.03727714748784441,0.3709677419354839,0.06774668630338734,protein_features,median,rank,50,0.25,25,compartment
cytosol,17,214,39,0.17256637168141592,0.1822429906542056,0.17727272727272725,protein_features,median,rank,50,0.25,25,compartment
micronemes,8,20,3,0.03896103896103896,0.15,0.061855670103092786,protein_features,median,rank,50,0.25,25,compartment
nucleus - chromatin,10,271,91,0.14748784440842788,0.33579335793357934,0.20495495495495497,protein_features,median,rank,50,0.25,25,compartment
apicoplast,11,61,9,0.04225352112676056,0.14754098360655737,0.06569343065693431,protein_features,median,rank,50,0.25,25,compartment
dense granules,9,67,12,0.09836065573770492,0.1791044776119403,0.126984126984127,protein_features,median,rank,50,0.25,25,compartment
nucleus - non-chromatin,17,171,30,0.13274336283185842,0.17543859649122806,0.15113350125944586,protein_features,median,rank,50,0.25,25,compartment
rhoptries 1,9,27,6,0.04918032786885246,0.2222222222222222,0.08053691275167786,protein_features,median,rank,50,0.25,25,compartment
ER,0,92,50,0.07194244604316546,0.5434782608695652,0.12706480304955528,protein_features,median,rank,50,0.25,25,compartment
apical 1,3,21,3,0.0379746835443038,0.14285714285714285,0.06,protein_features,median,rank,50,0.25,25,compartment
PM - integral,0,53,28,0.04028776978417266,0.5283018867924528,0.0748663101604278,protein_features,median,rank,50,0.25,25,compartment
nucleolus,17,16,3,0.01327433628318584,0.1875,0.024793388429752067,protein_features,median,rank,50,0.25,25,compartment
PM - peripheral 2,6,16,1,0.03571428571428571,0.0625,0.045454545454545456,protein_features,median,rank,50,0.25,25,compartment
mitochondrion - soluble,11,99,16,0.07511737089201878,0.16161616161616163,0.10256410256410257,protein_features,median,rank,50,0.25,25,compartment
mitochondrion - membranes,17,65,11,0.048672566371681415,0.16923076923076924,0.07560137457044674,protein_features,median,rank,50,0.25,25,compartment
IMC,13,40,5,0.045454545454545456,0.125,0.06666666666666667,protein_features,median,rank,50,0.25,25,compartment
PM - peripheral 1,8,15,11,0.14285714285714285,0.7333333333333333,0.23913043478260868,protein_features,median,rank,50,0.25,25,compartment
Golgi,1,62,25,0.03597122302158273,0.4032258064516129,0.06605019815059444,protein_features,median,rank,50,0.25,60,compartment
cytosol,4,215,29,0.17901234567901234,0.13488372093023257,0.15384615384615385,protein_features,median,rank,50,0.25,60,compartment
micronemes,5,20,5,0.02512562814070352,0.25,0.04566210045662101,protein_features,median,rank,50,0.25,60,compartment
nucleus - chromatin,0,273,141,0.14551083591331268,0.5164835164835165,0.22705314009661837,protein_features,median,rank,50,0.25,60,compartment
apicoplast,0,61,35,0.03611971104231166,0.5737704918032787,0.06796116504854367,protein_features,median,rank,50,0.25,60,compartment
dense granules,5,68,16,0.08040201005025126,0.23529411764705882,0.1198501872659176,protein_features,median,rank,50,0.25,60,compartment
nucleus - non-chromatin,0,172,74,0.07636738906088751,0.43023255813953487,0.1297107800175285,protein_features,median,rank,50,0.25,60,compartment
rhoptries 1,5,27,8,0.04020100502512563,0.2962962962962963,0.07079646017699115,protein_features,median,rank,50,0.25,60,compartment
ER,1,92,50,0.07194244604316546,0.5434782608695652,0.12706480304955528,protein_features,median,rank,50,0.25,60,compartment
apical 1,3,21,4,0.022598870056497175,0.19047619047619047,0.0404040404040404,protein_features,median,rank,50,0.25,60,compartment
PM - integral,1,53,28,0.04028776978417266,0.5283018867924528,0.0748663101604278,protein_features,median,rank,50,0.25,60,compartment
nucleolus,0,16,10,0.010319917440660475,0.625,0.02030456852791878,protein_features,median,rank,50,0.25,60,compartment
PM - peripheral 2,0,16,10,0.010319917440660475,0.625,0.02030456852791878,protein_features,median,rank,50,0.25,60,compartment
mitochondrion - soluble,4,99,15,0.09259259259259259,0.15151515151515152,0.11494252873563218,protein_features,median,rank,50,0.25,60,compartment
mitochondrion - membranes,2,67,7,0.05384615384615385,0.1044776119402985,0.07106598984771574,protein_features,median,rank,50,0.25,60,compartment
IMC,6,42,5,0.03787878787878788,0.11904761904761904,0.05747126436781609,protein_features,median,rank,50,0.25,60,compartment
PM - peripheral 1,5,15,13,0.06532663316582915,0.8666666666666667,0.12149532710280375,protein_features,median,rank,50,0.25,60,compartment
Golgi,26,57,3,0.1111111111111111,0.05263157894736842,0.07142857142857142,interactions,median,rank,15,0.0,25,compartment
cytosol,1,201,42,0.2978723404255319,0.208955223880597,0.24561403508771934,interactions,median,rank,15,0.0,25,compartment
micronemes,11,18,2,0.04,0.1111111111111111,0.058823529411764705,interactions,median,rank,15,0.0,25,compartment
nucleus - chromatin,6,261,20,0.2127659574468085,0.07662835249042145,0.11267605633802817,interactions,median,rank,15,0.0,25,compartment
apicoplast,47,54,4,0.09302325581395349,0.07407407407407407,0.08247422680412371,interactions,median,rank,15,0.0,25,compartment
dense granules,1,64,7,0.04964539007092199,0.109375,0.06829268292682926,interactions,median,rank,15,0.0,25,compartment
nucleus - non-chromatin,1,167,28,0.19858156028368795,0.16766467065868262,0.18181818181818182,interactions,median,rank,15,0.0,25,compartment
rhoptries 1,47,25,2,0.046511627906976744,0.08,0.05882352941176471,interactions,median,rank,15,0.0,25,compartment
ER,25,88,7,0.11290322580645161,0.07954545454545454,0.09333333333333332,interactions,median,rank,15,0.0,25,compartment
apical 1,7,20,2,0.046511627906976744,0.1,0.06349206349206349,interactions,median,rank,15,0.0,25,compartment
PM - integral,2,50,11,0.04741379310344827,0.22,0.07801418439716312,interactions,median,rank,15,0.0,25,compartment
mitochondrion - soluble,46,97,10,0.052083333333333336,0.10309278350515463,0.06920415224913494,interactions,median,rank,15,0.0,25,compartment
mitochondrion - membranes,9,62,7,0.1111111111111111,0.11290322580645161,0.11199999999999999,interactions,median,rank,15,0.0,25,compartment
IMC,9,40,5,0.07936507936507936,0.125,0.0970873786407767,interactions,median,rank,15,0.0,25,compartment
PM - peripheral 1,4,15,7,0.06306306306306306,0.4666666666666667,0.11111111111111109,interactions,median,rank,15,0.0,25,compartment
Golgi,12,56,7,0.04895104895104895,0.125,0.07035175879396985,interactions,median,rank,15,0.0,60,compartment
cytosol,1,195,42,0.2978723404255319,0.2153846153846154,0.25,interactions,median,rank,15,0.0,60,compartment
micronemes,1,18,3,0.02127659574468085,0.16666666666666666,0.03773584905660377,interactions,median,rank,15,0.0,60,compartment
nucleus - chromatin,6,238,26,0.17333333333333334,0.1092436974789916,0.13402061855670103,interactions,median,rank,15,0.0,60,compartment
apicoplast,18,53,6,0.05357142857142857,0.11320754716981132,0.07272727272727272,interactions,median,rank,15,0.0,60,compartment
dense granules,1,60,7,0.04964539007092199,0.11666666666666667,0.06965174129353235,interactions,median,rank,15,0.0,60,compartment
nucleus - non-chromatin,1,154,28,0.19858156028368795,0.18181818181818182,0.1898305084745763,interactions,median,rank,15,0.0,60,compartment
rhoptries 1,12,25,4,0.027972027972027972,0.16,0.047619047619047616,interactions,median,rank,15,0.0,60,compartment
ER,14,77,5,0.08064516129032258,0.06493506493506493,0.07194244604316546,interactions,median,rank,15,0.0,60,compartment
apical 1,5,18,3,0.031914893617021274,0.16666666666666666,0.05357142857142857,interactions,median,rank,15,0.0,60,compartment
PM - integral,2,41,11,0.04741379310344827,0.2682926829268293,0.08058608058608058,interactions,median,rank,15,0.0,60,compartment
nucleolus,13,15,2,0.03225806451612903,0.13333333333333333,0.05194805194805195,interactions,median,rank,15,0.0,60,compartment
mitochondrion - soluble,8,87,9,0.075,0.10344827586206896,0.08695652173913043,interactions,median,rank,15,0.0,60,compartment
mitochondrion - membranes,10,57,5,0.07352941176470588,0.08771929824561403,0.07999999999999999,interactions,median,rank,15,0.0,60,compartment
IMC,0,40,4,0.06349206349206349,0.1,0.07766990291262135,interactions,median,rank,15,0.0,60,compartment
PM - peripheral 1,3,15,7,0.050724637681159424,0.4666666666666667,0.09150326797385622,interactions,median,rank,15,0.0,60,compartment
Golgi,0,58,4,0.1111111111111111,0.06896551724137931,0.0851063829787234,interactions,median,rank,15,0.25,25,compartment
cytosol,16,208,42,0.2978723404255319,0.20192307692307693,0.24068767908309455,interactions,median,rank,15,0.25,25,compartment
micronemes,23,20,2,0.058823529411764705,0.1,0.07407407407407408,interactions,median,rank,15,0.25,25,compartment
nucleus - chromatin,28,262,46,0.1885245901639344,0.17557251908396945,0.1818181818181818,interactions,median,rank,15,0.25,25,compartment
apicoplast,30,58,7,0.047619047619047616,0.1206896551724138,0.06829268292682926,interactions,median,rank,15,0.25,25,compartment
dense granules,16,66,7,0.04964539007092199,0.10606060606060606,0.0676328502415459,interactions,median,rank,15,0.25,25,compartment
nucleus - non-chromatin,16,167,28,0.19858156028368795,0.16766467065868262,0.18181818181818182,interactions,median,rank,15,0.25,25,compartment
rhoptries 1,8,27,2,0.031746031746031744,0.07407407407407407,0.04444444444444444,interactions,median,rank,15,0.25,25,compartment
ER,2,89,11,0.04741379310344827,0.12359550561797752,0.06853582554517133,interactions,median,rank,15,0.25,25,compartment
apical 1,19,19,1,0.037037037037037035,0.05263157894736842,0.043478260869565216,interactions,median,rank,15,0.25,25,compartment
PM - integral,2,49,11,0.04741379310344827,0.22448979591836735,0.07829181494661921,interactions,median,rank,15,0.25,25,compartment
nucleolus,27,16,2,0.03225806451612903,0.125,0.05128205128205128,interactions,median,rank,15,0.25,25,compartment
PM - peripheral 2,19,15,1,0.037037037037037035,0.06666666666666667,0.047619047619047616,interactions,median,rank,15,0.25,25,compartment
mitochondrion - soluble,21,98,6,0.09090909090909091,0.061224489795918366,0.07317073170731708,interactions,median,rank,15,0.25,25,compartment
mitochondrion - membranes,13,66,6,0.08108108108108109,0.09090909090909091,0.08571428571428572,interactions,median,rank,15,0.25,25,compartment
IMC,8,39,4,0.06349206349206349,0.10256410256410256,0.0784313725490196,interactions,median,rank,15,0.25,25,compartment
PM - peripheral 1,3,15,7,0.050724637681159424,0.4666666666666667,0.09150326797385622,interactions,median,rank,15,0.25,25,compartment
Golgi,4,50,4,0.06557377049180328,0.08,0.07207207207207207,interactions,median,rank,15,0.25,60,compartment
cytosol,13,189,42,0.2978723404255319,0.2222222222222222,0.2545454545454546,interactions,median,rank,15,0.25,60,compartment
micronemes,13,16,3,0.02127659574468085,0.1875,0.03821656050955414,interactions,median,rank,15,0.25,60,compartment
nucleus - chromatin,10,226,39,0.24074074074074073,0.17256637168141592,0.20103092783505153,interactions,median,rank,15,0.25,60,compartment
apicoplast,10,49,7,0.043209876543209874,0.14285714285714285,0.06635071090047394,interactions,median,rank,15,0.25,60,compartment
dense granules,13,55,7,0.04964539007092199,0.12727272727272726,0.07142857142857142,interactions,median,rank,15,0.25,60,compartment
nucleus - non-chromatin,13,151,28,0.19858156028368795,0.18543046357615894,0.19178082191780824,interactions,median,rank,15,0.25,60,compartment
rhoptries 1,3,26,2,0.031746031746031744,0.07692307692307693,0.0449438202247191,interactions,median,rank,15,0.25,60,compartment
ER,0,72,10,0.050505050505050504,0.1388888888888889,0.07407407407407407,interactions,median,rank,15,0.25,60,compartment
apical 1,11,15,5,0.02040816326530612,0.3333333333333333,0.03846153846153846,interactions,median,rank,15,0.25,60,compartment
PM - integral,1,36,11,0.04741379310344827,0.3055555555555556,0.08208955223880597,interactions,median,rank,15,0.25,60,compartment
mitochondrion - membranes,5,54,6,0.08108108108108109,0.1111111111111111,0.09375,interactions,median,rank,15,0.25,60,compartment
mitochondrion - soluble,9,77,9,0.0782608695652174,0.11688311688311688,0.09375,interactions,median,rank,15,0.25,60,compartment
IMC,3,39,4,0.06349206349206349,0.10256410256410256,0.0784313725490196,interactions,median,rank,15,0.25,60,compartment
PM - peripheral 1,2,15,7,0.050724637681159424,0.4666666666666667,0.09150326797385622,interactions,median,rank,15,0.25,60,compartment
Golgi,37,57,7,0.06481481481481481,0.12280701754385964,0.08484848484848484,interactions,median,rank,50,0.0,25,compartment
cytosol,9,195,42,0.29577464788732394,0.2153846153846154,0.24925816023738875,interactions,median,rank,50,0.0,25,compartment
micronemes,30,16,2,0.07407407407407407,0.125,0.09302325581395349,interactions,median,rank,50,0.0,25,compartment
nucleus - chromatin,26,253,27,0.17880794701986755,0.1067193675889328,0.13366336633663367,interactions,median,rank,50,0.0,25,compartment
apicoplast,0,53,4,0.09302325581395349,0.07547169811320754,0.08333333333333333,interactions,median,rank,50,0.0,25,compartment
dense granules,9,62,8,0.056338028169014086,0.12903225806451613,0.0784313725490196,interactions,median,rank,50,0.0,25,compartment
nucleus - non-chromatin,9,152,28,0.19718309859154928,0.18421052631578946,0.19047619047619044,interactions,median,rank,50,0.0,25,compartment
rhoptries 1,0,26,2,0.046511627906976744,0.07692307692307693,0.057971014492753624,interactions,median,rank,50,0.0,25,compartment
ER,3,86,4,0.1111111111111111,0.046511627906976744,0.06557377049180327,interactions,median,rank,50,0.0,25,compartment
PM - integral,5,45,3,0.10714285714285714,0.06666666666666667,0.0821917808219178,interactions,median,rank,50,0.0,25,compartment
apical 1,43,18,3,0.04477611940298507,0.16666666666666666,0.07058823529411765,interactions,median,rank,50,0.0,25,compartment
PM - peripheral 2,1,16,2,0.0425531914893617,0.125,0.06349206349206349,interactions,median,rank,50,0.0,25,compartment
mitochondrion - soluble,27,100,7,0.0945945945945946,0.07,0.08045977011494253,interactions,median,rank,50,0.0,25,compartment
mitochondrion - membranes,19,62,6,0.08108108108108109,0.0967741935483871,0.08823529411764705,interactions,median,rank,50,0.0,25,compartment
IMC,8,37,4,0.06349206349206349,0.10810810810810811,0.08,interactions,median,rank,50,0.0,25,compartment
PM - peripheral 1,22,15,7,0.06306306306306306,0.4666666666666667,0.11111111111111109,interactions,median,rank,50,0.0,25,compartment
Golgi,9,56,9,0.03474903474903475,0.16071428571428573,0.05714285714285714,interactions,median,rank,50,0.0,60,compartment
cytosol,4,202,42,0.29577464788732394,0.2079207920792079,0.2441860465116279,interactions,median,rank,50,0.0,60,compartment
micronemes,4,20,3,0.02112676056338028,0.15,0.037037037037037035,interactions,median,rank,50,0.0,60,compartment
nucleus - chromatin,5,261,82,0.19951338199513383,0.31417624521072796,0.24404761904761907,interactions,median,rank,50,0.0,60,compartment
apicoplast,0,55,6,0.06666666666666667,0.10909090909090909,0.08275862068965517,interactions,median,rank,50,0.0,60,compartment
dense granules,4,63,8,0.056338028169014086,0.12698412698412698,0.07804878048780488,interactions,median,rank,50,0.0,60,compartment
nucleus - non-chromatin,4,163,28,0.19718309859154928,0.17177914110429449,0.1836065573770492,interactions,median,rank,50,0.0,60,compartment
rhoptries 1,3,27,2,0.031746031746031744,0.07407407407407407,0.04444444444444444,interactions,median,rank,50,0.0,60,compartment
ER,9,86,13,0.05019305019305019,0.1511627906976744,0.0753623188405797,interactions,median,rank,50,0.0,60,compartment
apical 1,5,19,7,0.0170316301703163,0.3684210526315789,0.03255813953488373,interactions,median,rank,50,0.0,60,compartment
PM - integral,9,46,11,0.04247104247104247,0.2391304347826087,0.07213114754098361,interactions,median,rank,50,0.0,60,compartment
nucleolus,11,16,2,0.025974025974025976,0.125,0.043010752688172046,interactions,median,rank,50,0.0,60,compartment
PM - peripheral 2,0,16,2,0.022222222222222223,0.125,0.03773584905660377,interactions,median,rank,50,0.0,60,compartment
mitochondrion - soluble,7,99,10,0.07407407407407407,0.10101010101010101,0.08547008547008547,interactions,median,rank,50,0.0,60,compartment
mitochondrion - membranes,14,64,18,0.03938730853391685,0.28125,0.0690978886756238,interactions,median,rank,50,0.0,60,compartment
IMC,3,41,4,0.06349206349206349,0.0975609756097561,0.07692307692307693,interactions,median,rank,50,0.0,60,compartment
PM - peripheral 1,10,15,7,0.06306306306306306,0.4666666666666667,0.11111111111111109,interactions,median,rank,50,0.0,60,compartment
Golgi,1,60,4,0.05194805194805195,0.06666666666666667,0.058394160583941604,interactions,median,rank,50,0.25,25,compartment
cytosol,5,214,42,0.2978723404255319,0.19626168224299065,0.23661971830985915,interactions,median,rank,50,0.25,25,compartment
micronemes,5,20,3,0.02127659574468085,0.15,0.037267080745341616,interactions,median,rank,50,0.25,25,compartment
nucleus - chromatin,19,266,66,0.20121951219512196,0.24812030075187969,0.22222222222222224,interactions,median,rank,50,0.25,25,compartment
apicoplast,12,59,4,0.09302325581395349,0.06779661016949153,0.0784313725490196,interactions,median,rank,50,0.25,25,compartment
dense granules,5,65,7,0.04964539007092199,0.1076923076923077,0.06796116504854369,interactions,median,rank,50,0.25,25,compartment
nucleus - non-chromatin,5,168,28,0.19858156028368795,0.16666666666666666,0.18122977346278316,interactions,median,rank,50,0.25,25,compartment
rhoptries 1,12,26,2,0.046511627906976744,0.07692307692307693,0.057971014492753624,interactions,median,rank,50,0.25,25,compartment
ER,15,87,18,0.04864864864864865,0.20689655172413793,0.0787746170678337,interactions,median,rank,50,0.25,25,compartment
apical 1,24,21,1,0.03333333333333333,0.047619047619047616,0.0392156862745098,interactions,median,rank,50,0.25,25,compartment
PM - integral,15,53,16,0.043243243243243246,0.3018867924528302,0.07565011820330969,interactions,median,rank,50,0.25,25,compartment
nucleolus,14,15,2,0.025974025974025976,0.13333333333333333,0.043478260869565216,interactions,median,rank,50,0.25,25,compartment
PM - peripheral 2,11,16,2,0.0425531914893617,0.125,0.06349206349206349,interactions,median,rank,50,0.25,25,compartment
mitochondrion - soluble,9,99,10,0.07407407407407407,0.10101010101010101,0.08547008547008547,interactions,median,rank,50,0.25,25,compartment
mitochondrion - membranes,21,67,6,0.08108108108108109,0.08955223880597014,0.08510638297872342,interactions,median,rank,50,0.25,25,compartment
IMC,20,42,4,0.06349206349206349,0.09523809523809523,0.07619047619047618,interactions,median,rank,50,0.25,25,compartment
PM - peripheral 1,5,15,7,0.04964539007092199,0.4666666666666667,0.08974358974358976,interactions,median,rank,50,0.25,25,compartment
Golgi,0,57,4,0.05194805194805195,0.07017543859649122,0.05970149253731343,interactions,median,rank,50,0.25,60,compartment
cytosol,3,204,42,0.2978723404255319,0.20588235294117646,0.24347826086956526,interactions,median,rank,50,0.25,60,compartment
micronemes,3,20,3,0.02127659574468085,0.15,0.037267080745341616,interactions,median,rank,50,0.25,60,compartment
nucleus - chromatin,12,257,82,0.18981481481481483,0.31906614785992216,0.23802612481857763,interactions,median,rank,50,0.25,60,compartment
apicoplast,9,57,6,0.06593406593406594,0.10526315789473684,0.08108108108108109,interactions,median,rank,50,0.25,60,compartment
dense granules,3,64,7,0.04964539007092199,0.109375,0.06829268292682926,interactions,median,rank,50,0.25,60,compartment
nucleus - non-chromatin,3,163,28,0.19858156028368795,0.17177914110429449,0.1842105263157895,interactions,median,rank,50,0.25,60,compartment
rhoptries 1,3,26,3,0.02127659574468085,0.11538461538461539,0.03592814371257485,interactions,median,rank,50,0.25,60,compartment
ER,11,85,18,0.04851752021563342,0.21176470588235294,0.07894736842105264,interactions,median,rank,50,0.25,60,compartment
apical 1,12,20,7,0.016203703703703703,0.35,0.030973451327433624,interactions,median,rank,50,0.25,60,compartment
PM - integral,11,46,16,0.0431266846361186,0.34782608695652173,0.07673860911270984,interactions,median,rank,50,0.25,60,compartment
nucleolus,10,16,2,0.03076923076923077,0.125,0.04938271604938272,interactions,median,rank,50,0.25,60,compartment
PM - peripheral 2,9,15,2,0.02197802197802198,0.13333333333333333,0.03773584905660377,interactions,median,rank,50,0.25,60,compartment
mitochondrion - soluble,6,99,10,0.07407407407407407,0.10101010101010101,0.08547008547008547,interactions,median,rank,50,0.25,60,compartment
mitochondrion - membranes,7,66,18,0.03938730853391685,0.2727272727272727,0.06883365200764818,interactions,median,rank,50,0.25,60,compartment
IMC,3,41,5,0.03546099290780142,0.12195121951219512,0.05494505494505495,interactions,median,rank,50,0.25,60,compartment
PM - peripheral 1,3,15,7,0.04964539007092199,0.4666666666666667,0.08974358974358976,interactions,median,rank,50,0.25,60,compartment
Golgi,3,62,62,0.025223759153783564,1.0,0.049206349206349205,expression_summary+expression_raw,median,rank,15,0.0,25,compartment
cytosol,3,215,213,0.08665581773799837,0.9906976744186047,0.15937149270482603,expression_summary+expression_raw,median,rank,15,0.0,25,compartment
micronemes,3,20,20,0.008136696501220505,1.0,0.016142050040355127,expression_summary+expression_raw,median,rank,15,0.0,25,compartment
nucleus - chromatin,3,273,271,0.11025223759153784,0.9926739926739927,0.19846210179421458,expression_summary+expression_raw,median,rank,15,0.0,25,compartment
apicoplast,3,61,59,0.024003254678600486,0.9672131147540983,0.046843985708614526,expression_summary+expression_raw,median,rank,15,0.0,25,compartment
dense granules,3,68,64,0.026037428803905614,0.9411764705882353,0.050673000791765635,expression_summary+expression_raw,median,rank,15,0.0,25,compartment
nucleus - non-chromatin,3,172,171,0.06956875508543531,0.9941860465116279,0.1300380228136882,expression_summary+expression_raw,median,rank,15,0.0,25,compartment
rhoptries 1,3,27,26,0.010577705451586655,0.9629629629629629,0.020925553319919514,expression_summary+expression_raw,median,rank,15,0.0,25,compartment
ER,3,92,92,0.03742880390561432,1.0,0.07215686274509804,expression_summary+expression_raw,median,rank,15,0.0,25,compartment
apical 1,3,21,21,0.00854353132628153,1.0,0.016942315449778134,expression_summary+expression_raw,median,rank,15,0.0,25,compartment
PM - integral,3,53,53,0.021562245728234338,1.0,0.042214257268020715,expression_summary+expression_raw,median,rank,15,0.0,25,compartment
nucleolus,3,16,16,0.006509357200976403,1.0,0.012934518997574777,expression_summary+expression_raw,median,rank,15,0.0,25,compartment
PM - peripheral 2,3,16,16,0.006509357200976403,1.0,0.012934518997574777,expression_summary+expression_raw,median,rank,15,0.0,25,compartment
mitochondrion - soluble,3,101,101,0.04109031733116355,1.0,0.0789370847987495,expression_summary+expression_raw,median,rank,15,0.0,25,compartment
mitochondrion - membranes,3,67,67,0.02725793327908869,1.0,0.05306930693069307,expression_summary+expression_raw,median,rank,15,0.0,25,compartment
IMC,3,42,42,0.01708706265256306,1.0,0.033600000000000005,expression_summary+expression_raw,median,rank,15,0.0,25,compartment
PM - peripheral 1,1,15,5,0.017793594306049824,0.3333333333333333,0.033783783783783786,expression_summary+expression_raw,median,rank,15,0.0,25,compartment
Golgi,3,58,6,0.03208556149732621,0.10344827586206896,0.0489795918367347,expression_summary+expression_raw,median,rank,15,0.0,60,compartment
cytosol,2,203,201,0.09472196041470311,0.9901477832512315,0.1729032258064516,expression_summary+expression_raw,median,rank,15,0.0,60,compartment
micronemes,3,16,9,0.0481283422459893,0.5625,0.08866995073891625,expression_summary+expression_raw,median,rank,15,0.0,60,compartment
nucleus - chromatin,2,258,248,0.11687087653157399,0.9612403100775194,0.20840336134453782,expression_summary+expression_raw,median,rank,15,0.0,60,compartment
apicoplast,2,56,56,0.02639019792648445,1.0,0.05142332415059688,expression_summary+expression_raw,median,rank,15,0.0,60,compartment
dense granules,3,63,25,0.13368983957219252,0.3968253968253968,0.2,expression_summary+expression_raw,median,rank,15,0.0,60,compartment
nucleus - non-chromatin,2,166,163,0.0768143261074458,0.9819277108433735,0.14248251748251747,expression_summary+expression_raw,median,rank,15,0.0,60,compartment
rhoptries 1,3,26,20,0.10695187165775401,0.7692307692307693,0.18779342723004694,expression_summary+expression_raw,median,rank,15,0.0,60,compartment
ER,2,90,89,0.041941564561734215,0.9888888888888889,0.08047016274864377,expression_summary+expression_raw,median,rank,15,0.0,60,compartment
apical 1,3,19,8,0.0427807486631016,0.42105263157894735,0.07766990291262137,expression_summary+expression_raw,median,rank,15,0.0,60,compartment
PM - integral,3,49,6,0.03208556149732621,0.12244897959183673,0.050847457627118654,expression_summary+expression_raw,median,rank,15,0.0,60,compartment
nucleolus,2,15,15,0.00706880301602262,1.0,0.014038371548900327,expression_summary+expression_raw,median,rank,15,0.0,60,compartment
mitochondrion - soluble,2,95,94,0.04429783223374175,0.9894736842105263,0.08479927830401443,expression_summary+expression_raw,median,rank,15,0.0,60,compartment
mitochondrion - membranes,2,66,66,0.03110273327049953,1.0,0.060329067641681895,expression_summary+expression_raw,median,rank,15,0.0,60,compartment
IMC,3,42,8,0.0427807486631016,0.19047619047619047,0.06986899563318777,expression_summary+expression_raw,median,rank,15,0.0,60,compartment
Golgi,4,60,59,0.02667269439421338,0.9833333333333333,0.05193661971830986,expression_summary+expression_raw,median,rank,15,0.25,25,compartment
cytosol,4,193,192,0.0867992766726944,0.9948186528497409,0.15966735966735968,expression_summary+expression_raw,median,rank,15,0.25,25,compartment
micronemes,4,17,17,0.0076853526220614825,1.0,0.015253476895468819,expression_summary+expression_raw,median,rank,15,0.25,25,compartment
nucleus - chromatin,4,252,252,0.11392405063291139,1.0,0.20454545454545456,expression_summary+expression_raw,median,rank,15,0.25,25,compartment
apicoplast,4,58,56,0.02531645569620253,0.9655172413793104,0.04933920704845815,expression_summary+expression_raw,median,rank,15,0.25,25,compartment
dense granules,4,63,60,0.027124773960216998,0.9523809523809523,0.05274725274725275,expression_summary+expression_raw,median,rank,15,0.25,25,compartment
nucleus - non-chromatin,4,168,167,0.07549728752260398,0.9940476190476191,0.14033613445378154,expression_summary+expression_raw,median,rank,15,0.25,25,compartment
rhoptries 1,4,25,25,0.011301989150090416,1.0,0.022351363433169423,expression_summary+expression_raw,median,rank,15,0.25,25,compartment
ER,4,84,84,0.0379746835443038,1.0,0.07317073170731708,expression_summary+expression_raw,median,rank,15,0.25,25,compartment
apical 1,4,17,17,0.0076853526220614825,1.0,0.015253476895468819,expression_summary+expression_raw,median,rank,15,0.25,25,compartment
PM - integral,4,48,48,0.0216998191681736,1.0,0.04247787610619469,expression_summary+expression_raw,median,rank,15,0.25,25,compartment
mitochondrion - soluble,4,92,92,0.04159132007233273,1.0,0.0798611111111111,expression_summary+expression_raw,median,rank,15,0.25,25,compartment
mitochondrion - membranes,4,63,63,0.028481012658227847,1.0,0.055384615384615386,expression_summary+expression_raw,median,rank,15,0.25,25,compartment
IMC,4,38,38,0.017179023508137433,1.0,0.033777777777777775,expression_summary+expression_raw,median,rank,15,0.25,25,compartment
cytosol,2,162,160,0.09014084507042254,0.9876543209876543,0.16520392359318534,expression_summary+expression_raw,median,rank,15,0.25,60,compartment
nucleus - chromatin,2,226,219,0.12338028169014084,0.9690265486725663,0.21889055472263866,expression_summary+expression_raw,median,rank,15,0.25,60,compartment
apicoplast,2,49,49,0.0276056338028169,1.0,0.05372807017543859,expression_summary+expression_raw,median,rank,15,0.25,60,compartment
dense granules,3,57,23,0.14556962025316456,0.40350877192982454,0.213953488372093,expression_summary+expression_raw,median,rank,15,0.25,60,compartment
nucleus - non-chromatin,2,152,149,0.08394366197183098,0.9802631578947368,0.15464452516865596,expression_summary+expression_raw,median,rank,15,0.25,60,compartment
ER,2,75,74,0.041690140845070424,0.9866666666666667,0.08000000000000002,expression_summary+expression_raw,median,rank,15,0.25,60,compartment
rhoptries 1,3,21,17,0.10759493670886076,0.8095238095238095,0.18994413407821228,expression_summary+expression_raw,median,rank,15,0.25,60,compartment
Golgi,3,55,6,0.0379746835443038,0.10909090909090909,0.056338028169014086,expression_summary+expression_raw,median,rank,15,0.25,60,compartment
PM - integral,3,41,5,0.03164556962025317,0.12195121951219512,0.05025125628140704,expression_summary+expression_raw,median,rank,15,0.25,60,compartment
mitochondrion - soluble,2,88,87,0.049014084507042255,0.9886363636363636,0.09339774557165861,expression_summary+expression_raw,median,rank,15,0.25,60,compartment
mitochondrion - membranes,2,53,53,0.029859154929577466,1.0,0.05798687089715536,expression_summary+expression_raw,median,rank,15,0.25,60,compartment
IMC,3,30,5,0.03164556962025317,0.16666666666666666,0.05319148936170213,expression_summary+expression_raw,median,rank,15,0.25,60,compartment
Golgi,0,62,62,0.021823301654347062,1.0,0.042714433344815714,expression_summary+expression_raw,median,rank,50,0.0,25,compartment
cytosol,0,215,215,0.07567757831749385,1.0,0.14070680628272253,expression_summary+expression_raw,median,rank,50,0.0,25,compartment
micronemes,0,20,20,0.007039774727208729,1.0,0.01398112548060119,expression_summary+expression_raw,median,rank,50,0.0,25,compartment
nucleus - chromatin,0,273,273,0.09609292502639916,1.0,0.17533718689788055,expression_summary+expression_raw,median,rank,50,0.0,25,compartment
apicoplast,0,61,61,0.021471312917986624,1.0,0.04203997243280496,expression_summary+expression_raw,median,rank,50,0.0,25,compartment
dense granules,0,68,68,0.02393523407250968,1.0,0.046751460983155725,expression_summary+expression_raw,median,rank,50,0.0,25,compartment
nucleus - non-chromatin,0,172,172,0.060542062653995074,1.0,0.11417192167275142,expression_summary+expression_raw,median,rank,50,0.0,25,compartment
rhoptries 1,0,27,27,0.009503695881731784,1.0,0.018828451882845185,expression_summary+expression_raw,median,rank,50,0.0,25,compartment
ER,0,92,92,0.032382963745160157,1.0,0.0627344016365496,expression_summary+expression_raw,median,rank,50,0.0,25,compartment
apical 1,0,21,21,0.007391763463569166,1.0,0.014675052410901467,expression_summary+expression_raw,median,rank,50,0.0,25,compartment
PM - integral,0,53,53,0.018655403027103133,1.0,0.03662750518313753,expression_summary+expression_raw,median,rank,50,0.0,25,compartment
nucleolus,0,16,16,0.005631819781766983,1.0,0.011200560028001398,expression_summary+expression_raw,median,rank,50,0.0,25,compartment
PM - peripheral 2,0,16,16,0.005631819781766983,1.0,0.011200560028001398,expression_summary+expression_raw,median,rank,50,0.0,25,compartment
mitochondrion - soluble,0,101,101,0.03555086237240408,1.0,0.06866077498300475,expression_summary+expression_raw,median,rank,50,0.0,25,compartment
mitochondrion - membranes,0,67,67,0.023583245336149243,1.0,0.046079779917469046,expression_summary+expression_raw,median,rank,50,0.0,25,compartment
IMC,0,42,42,0.014783526927138331,1.0,0.0291363163371488,expression_summary+expression_raw,median,rank,50,0.0,25,compartment
PM - peripheral 1,0,15,15,0.005279831045406547,1.0,0.01050420168067227,expression_summary+expression_raw,median,rank,50,0.0,25,compartment
Golgi,0,62,62,0.021823301654347062,1.0,0.042714433344815714,expression_summary+expression_raw,median,rank,50,0.0,60,compartment
cytosol,0,215,215,0.07567757831749385,1.0,0.14070680628272253,expression_summary+expression_raw,median,rank,50,0.0,60,compartment
micronemes,0,20,20,0.007039774727208729,1.0,0.01398112548060119,expression_summary+expression_raw,median,rank,50,0.0,60,compartment
nucleus - chromatin,0,273,273,0.09609292502639916,1.0,0.17533718689788055,expression_summary+expression_raw,median,rank,50,0.0,60,compartment
apicoplast,0,61,61,0.021471312917986624,1.0,0.04203997243280496,expression_summary+expression_raw,median,rank,50,0.0,60,compartment
dense granules,0,68,68,0.02393523407250968,1.0,0.046751460983155725,expression_summary+expression_raw,median,rank,50,0.0,60,compartment
nucleus - non-chromatin,0,172,172,0.060542062653995074,1.0,0.11417192167275142,expression_summary+expression_raw,median,rank,50,0.0,60,compartment
rhoptries 1,0,27,27,0.009503695881731784,1.0,0.018828451882845185,expression_summary+expression_raw,median,rank,50,0.0,60,compartment
ER,0,92,92,0.032382963745160157,1.0,0.0627344016365496,expression_summary+expression_raw,median,rank,50,0.0,60,compartment
apical 1,0,21,21,0.007391763463569166,1.0,0.014675052410901467,expression_summary+expression_raw,median,rank,50,0.0,60,compartment
PM - integral,0,53,53,0.018655403027103133,1.0,0.03662750518313753,expression_summary+expression_raw,median,rank,50,0.0,60,compartment
nucleolus,0,16,16,0.005631819781766983,1.0,0.011200560028001398,expression_summary+expression_raw,median,rank,50,0.0,60,compartment
PM - peripheral 2,0,16,16,0.005631819781766983,1.0,0.011200560028001398,expression_summary+expression_raw,median,rank,50,0.0,60,compartment
mitochondrion - soluble,0,101,101,0.03555086237240408,1.0,0.06866077498300475,expression_summary+expression_raw,median,rank,50,0.0,60,compartment
mitochondrion - membranes,0,67,67,0.023583245336149243,1.0,0.046079779917469046,expression_summary+expression_raw,median,rank,50,0.0,60,compartment
IMC,0,42,42,0.014783526927138331,1.0,0.0291363163371488,expression_summary+expression_raw,median,rank,50,0.0,60,compartment
PM - peripheral 1,0,15,15,0.005279831045406547,1.0,0.01050420168067227,expression_summary+expression_raw,median,rank,50,0.0,60,compartment
Golgi,0,62,62,0.02139406487232574,1.0,0.041891891891891894,expression_summary+expression_raw,median,rank,50,0.25,25,compartment
cytosol,0,215,215,0.07418909592822637,1.0,0.13813042081593319,expression_summary+expression_raw,median,rank,50,0.25,25,compartment
micronemes,0,20,20,0.006901311249137336,1.0,0.013708019191226866,expression_summary+expression_raw,median,rank,50,0.25,25,compartment
nucleus - chromatin,0,270,270,0.09316770186335403,1.0,0.17045454545454544,expression_summary+expression_raw,median,rank,50,0.25,25,compartment
apicoplast,0,61,61,0.021048999309868876,1.0,0.041230145319364656,expression_summary+expression_raw,median,rank,50,0.25,25,compartment
dense granules,0,66,66,0.022774327122153208,1.0,0.044534412955465584,expression_summary+expression_raw,median,rank,50,0.25,25,compartment
nucleus - non-chromatin,0,172,172,0.05935127674258109,1.0,0.11205211726384365,expression_summary+expression_raw,median,rank,50,0.25,25,compartment
rhoptries 1,0,27,27,0.009316770186335404,1.0,0.01846153846153846,expression_summary+expression_raw,median,rank,50,0.25,25,compartment
ER,0,92,92,0.031746031746031744,1.0,0.06153846153846154,expression_summary+expression_raw,median,rank,50,0.25,25,compartment
apical 1,0,21,21,0.007246376811594203,1.0,0.014388489208633093,expression_summary+expression_raw,median,rank,50,0.25,25,compartment
PM - integral,0,53,53,0.01828847481021394,1.0,0.035920027109454425,expression_summary+expression_raw,median,rank,50,0.25,25,compartment
nucleolus,0,16,16,0.005521048999309869,1.0,0.010981468771448183,expression_summary+expression_raw,median,rank,50,0.25,25,compartment
PM - peripheral 2,0,16,16,0.005521048999309869,1.0,0.010981468771448183,expression_summary+expression_raw,median,rank,50,0.25,25,compartment
mitochondrion - soluble,0,100,100,0.03450655624568668,1.0,0.06671114076050699,expression_summary+expression_raw,median,rank,50,0.25,25,compartment
mitochondrion - membranes,0,67,67,0.023119392684610076,1.0,0.04519392917369309,expression_summary+expression_raw,median,rank,50,0.25,25,compartment
IMC,0,40,40,0.013802622498274672,1.0,0.027229407760381213,expression_summary+expression_raw,median,rank,50,0.25,25,compartment
cytosol,2,178,177,0.09170984455958549,0.9943820224719101,0.16793168880455409,expression_summary+expression_raw,median,rank,50,0.25,60,compartment
micronemes,3,15,8,0.052980132450331126,0.5333333333333333,0.09638554216867469,expression_summary+expression_raw,median,rank,50,0.25,60,compartment
apicoplast,2,49,49,0.02538860103626943,1.0,0.049519959575543206,expression_summary+expression_raw,median,rank,50,0.25,60,compartment
nucleus - chromatin,2,242,235,0.12176165803108809,0.9710743801652892,0.21639042357274402,expression_summary+expression_raw,median,rank,50,0.25,60,compartment
dense granules,3,59,24,0.15894039735099338,0.4067796610169492,0.2285714285714286,expression_summary+expression_raw,median,rank,50,0.25,60,compartment
nucleus - non-chromatin,2,160,157,0.08134715025906736,0.98125,0.15023923444976076,expression_summary+expression_raw,median,rank,50,0.25,60,compartment
rhoptries 1,3,21,16,0.10596026490066225,0.7619047619047619,0.186046511627907,expression_summary+expression_raw,median,rank,50,0.25,60,compartment
ER,2,84,83,0.043005181347150256,0.9880952380952381,0.08242303872889772,expression_summary+expression_raw,median,rank,50,0.25,60,compartment
apical 1,3,15,6,0.039735099337748346,0.4,0.07228915662650602,expression_summary+expression_raw,median,rank,50,0.25,60,compartment
Golgi,2,58,53,0.027461139896373058,0.9137931034482759,0.05331991951710262,expression_summary+expression_raw,median,rank,50,0.25,60,compartment
PM - integral,3,42,5,0.033112582781456956,0.11904761904761904,0.05181347150259068,expression_summary+expression_raw,median,rank,50,0.25,60,compartment
mitochondrion - soluble,2,91,90,0.046632124352331605,0.989010989010989,0.08906481939633845,expression_summary+expression_raw,median,rank,50,0.25,60,compartment
mitochondrion - membranes,2,58,58,0.03005181347150259,1.0,0.058350100603621724,expression_summary+expression_raw,median,rank,50,0.25,60,compartment
IMC,3,31,5,0.033112582781456956,0.16129032258064516,0.054945054945054944,expression_summary+expression_raw,median,rank,50,0.25,60,compartment
Golgi,0,62,62,0.020875420875420877,1.0,0.040897097625329816,expression_summary+fitness_screens,median,rank,15,0.0,25,compartment
cytosol,0,215,215,0.0723905723905724,1.0,0.13500784929356358,expression_summary+fitness_screens,median,rank,15,0.0,25,compartment
micronemes,0,20,20,0.006734006734006734,1.0,0.013377926421404682,expression_summary+fitness_screens,median,rank,15,0.0,25,compartment
nucleus - chromatin,0,273,273,0.09191919191919191,1.0,0.16836262719703976,expression_summary+fitness_screens,median,rank,15,0.0,25,compartment
apicoplast,0,61,61,0.02053872053872054,1.0,0.04025074232926427,expression_summary+fitness_screens,median,rank,15,0.0,25,compartment
dense granules,0,68,68,0.022895622895622896,1.0,0.04476629361421988,expression_summary+fitness_screens,median,rank,15,0.0,25,compartment
nucleus - non-chromatin,0,172,172,0.057912457912457915,1.0,0.10948440483768301,expression_summary+fitness_screens,median,rank,15,0.0,25,compartment
rhoptries 1,0,27,27,0.00909090909090909,1.0,0.018018018018018018,expression_summary+fitness_screens,median,rank,15,0.0,25,compartment
ER,0,92,92,0.030976430976430977,1.0,0.06009144350097976,expression_summary+fitness_screens,median,rank,15,0.0,25,compartment
apical 1,0,21,21,0.007070707070707071,1.0,0.014042126379137414,expression_summary+fitness_screens,median,rank,15,0.0,25,compartment
PM - integral,0,53,53,0.017845117845117844,1.0,0.03506450545815415,expression_summary+fitness_screens,median,rank,15,0.0,25,compartment
nucleolus,0,16,16,0.0053872053872053875,1.0,0.010716677829872739,expression_summary+fitness_screens,median,rank,15,0.0,25,compartment
PM - peripheral 2,0,16,16,0.0053872053872053875,1.0,0.010716677829872739,expression_summary+fitness_screens,median,rank,15,0.0,25,compartment
mitochondrion - soluble,0,101,101,0.034006734006734006,1.0,0.06577661999348745,expression_summary+fitness_screens,median,rank,15,0.0,25,compartment
mitochondrion - membranes,0,67,67,0.02255892255892256,1.0,0.04412248929864998,expression_summary+fitness_screens,median,rank,15,0.0,25,compartment
IMC,0,42,42,0.014141414141414142,1.0,0.027888446215139442,expression_summary+fitness_screens,median,rank,15,0.0,25,compartment
PM - peripheral 1,0,15,15,0.005050505050505051,1.0,0.010050251256281409,expression_summary+fitness_screens,median,rank,15,0.0,25,compartment
Golgi,1,33,7,0.04242424242424243,0.21212121212121213,0.0707070707070707,expression_summary+fitness_screens,median,rank,15,0.0,60,compartment
cytosol,2,135,38,0.22093023255813954,0.2814814814814815,0.24755700325732902,expression_summary+fitness_screens,median,rank,15,0.0,60,compartment
nucleus - chromatin,3,158,111,0.10979228486646884,0.7025316455696202,0.1899059024807528,expression_summary+fitness_screens,median,rank,15,0.0,60,compartment
apicoplast,3,40,32,0.03165182987141444,0.8,0.06089438629876308,expression_summary+fitness_screens,median,rank,15,0.0,60,compartment
dense granules,3,52,43,0.04253214638971316,0.8269230769230769,0.08090310442144874,expression_summary+fitness_screens,median,rank,15,0.0,60,compartment
nucleus - non-chromatin,3,118,91,0.09000989119683482,0.7711864406779662,0.16120460584588134,expression_summary+fitness_screens,median,rank,15,0.0,60,compartment
ER,2,58,16,0.09302325581395349,0.27586206896551724,0.1391304347826087,expression_summary+fitness_screens,median,rank,15,0.0,60,compartment
rhoptries 1,3,21,19,0.018793273986152326,0.9047619047619048,0.03682170542635659,expression_summary+fitness_screens,median,rank,15,0.0,60,compartment
PM - integral,2,26,8,0.046511627906976744,0.3076923076923077,0.08080808080808081,expression_summary+fitness_screens,median,rank,15,0.0,60,compartment
mitochondrion - soluble,3,76,59,0.058358061325420374,0.7763157894736842,0.10855565777368906,expression_summary+fitness_screens,median,rank,15,0.0,60,compartment
mitochondrion - membranes,3,39,30,0.02967359050445104,0.7692307692307693,0.05714285714285715,expression_summary+fitness_screens,median,rank,15,0.0,60,compartment
IMC,2,26,6,0.03488372093023256,0.23076923076923078,0.06060606060606061,expression_summary+fitness_screens,median,rank,15,0.0,60,compartment
Golgi,0,62,62,0.020868394479973074,1.0,0.04088361358391032,expression_summary+fitness_screens,median,rank,15,0.25,25,compartment
cytosol,0,215,215,0.07236620666442276,1.0,0.1349654739485248,expression_summary+fitness_screens,median,rank,15,0.25,25,compartment
micronemes,0,20,20,0.006731740154830024,1.0,0.013373453694416582,expression_summary+fitness_screens,median,rank,15,0.25,25,compartment
nucleus - chromatin,0,273,273,0.09188825311342982,1.0,0.1683107274969174,expression_summary+fitness_screens,median,rank,15,0.25,25,compartment
apicoplast,0,61,61,0.020531807472231572,1.0,0.040237467018469655,expression_summary+fitness_screens,median,rank,15,0.25,25,compartment
dense granules,0,68,68,0.02288791652642208,1.0,0.044751563014149384,expression_summary+fitness_screens,median,rank,15,0.25,25,compartment
nucleus - non-chromatin,0,172,172,0.057892965331538204,1.0,0.10944957047406938,expression_summary+fitness_screens,median,rank,15,0.25,25,compartment
rhoptries 1,0,27,27,0.009087849209020532,1.0,0.018012008005336894,expression_summary+fitness_screens,median,rank,15,0.25,25,compartment
ER,0,92,92,0.03096600471221811,1.0,0.06007182500816194,expression_summary+fitness_screens,median,rank,15,0.25,25,compartment
apical 1,0,21,21,0.007068327162571525,1.0,0.014037433155080214,expression_summary+fitness_screens,median,rank,15,0.25,25,compartment
PM - integral,0,53,53,0.017839111410299563,1.0,0.03505291005291005,expression_summary+fitness_screens,median,rank,15,0.25,25,compartment
nucleolus,0,16,16,0.005385392123864019,1.0,0.010713090056913292,expression_summary+fitness_screens,median,rank,15,0.25,25,compartment
PM - peripheral 2,0,16,16,0.005385392123864019,1.0,0.010713090056913292,expression_summary+fitness_screens,median,rank,15,0.25,25,compartment
mitochondrion - soluble,0,101,101,0.03399528778189162,1.0,0.06575520833333333,expression_summary+fitness_screens,median,rank,15,0.25,25,compartment
mitochondrion - membranes,0,67,67,0.02255132951868058,1.0,0.044107965766951945,expression_summary+fitness_screens,median,rank,15,0.25,25,compartment
IMC,0,42,42,0.01413665432514305,1.0,0.027879190175904414,expression_summary+fitness_screens,median,rank,15,0.25,25,compartment
PM - peripheral 1,0,15,15,0.005048805116122518,1.0,0.010046885465505693,expression_summary+fitness_screens,median,rank,15,0.25,25,compartment
Golgi,2,23,3,0.04225352112676056,0.13043478260869565,0.06382978723404255,expression_summary+fitness_screens,median,rank,15,0.25,60,compartment
cytosol,0,81,78,0.09923664122137404,0.9629629629629629,0.17993079584775087,expression_summary+fitness_screens,median,rank,15,0.25,60,compartment
nucleus - chromatin,0,111,99,0.12595419847328243,0.8918918918918919,0.22073578595317725,expression_summary+fitness_screens,median,rank,15,0.25,60,compartment
dense granules,0,30,27,0.03435114503816794,0.9,0.0661764705882353,expression_summary+fitness_screens,median,rank,15,0.25,60,compartment
ER,0,41,39,0.04961832061068702,0.9512195121951219,0.094316807738815,expression_summary+fitness_screens,median,rank,15,0.25,60,compartment
apicoplast,0,29,26,0.03307888040712468,0.896551724137931,0.06380368098159508,expression_summary+fitness_screens,median,rank,15,0.25,60,compartment
mitochondrion - soluble,0,42,37,0.047073791348600506,0.8809523809523809,0.08937198067632851,expression_summary+fitness_screens,median,rank,15,0.25,60,compartment
nucleus - non-chromatin,0,71,68,0.08651399491094147,0.9577464788732394,0.15869311551925322,expression_summary+fitness_screens,median,rank,15,0.25,60,compartment
mitochondrion - membranes,0,24,23,0.029262086513994912,0.9583333333333334,0.056790123456790124,expression_summary+fitness_screens,median,rank,15,0.25,60,compartment
Golgi,9,36,4,0.08695652173913043,0.1111111111111111,0.0975609756097561,expression_summary+fitness_screens,median,rank,50,0.0,25,compartment
cytosol,14,130,20,0.1941747572815534,0.15384615384615385,0.17167381974248927,expression_summary+fitness_screens,median,rank,50,0.0,25,compartment
nucleus - chromatin,8,162,91,0.14748784440842788,0.5617283950617284,0.2336328626444159,expression_summary+fitness_screens,median,rank,50,0.0,25,compartment
apicoplast,8,40,29,0.04700162074554295,0.725,0.0882800608828006,expression_summary+fitness_screens,median,rank,50,0.0,25,compartment
dense granules,11,46,16,0.16666666666666666,0.34782608695652173,0.22535211267605634,expression_summary+fitness_screens,median,rank,50,0.0,25,compartment
nucleus - non-chromatin,8,114,74,0.11993517017828201,0.6491228070175439,0.2024623803009576,expression_summary+fitness_screens,median,rank,50,0.0,25,compartment
ER,14,54,11,0.10679611650485436,0.2037037037037037,0.14012738853503184,expression_summary+fitness_screens,median,rank,50,0.0,25,compartment
PM - integral,14,19,5,0.04854368932038835,0.2631578947368421,0.0819672131147541,expression_summary+fitness_screens,median,rank,50,0.0,25,compartment
mitochondrion - soluble,8,64,48,0.07779578606158834,0.75,0.14096916299559473,expression_summary+fitness_screens,median,rank,50,0.0,25,compartment
mitochondrion - membranes,8,33,20,0.03241491085899514,0.6060606060606061,0.06153846153846153,expression_summary+fitness_screens,median,rank,50,0.0,25,compartment
rhoptries 1,12,16,9,0.09,0.5625,0.15517241379310345,expression_summary+fitness_screens,median,rank,50,0.0,25,compartment
IMC,11,19,5,0.052083333333333336,0.2631578947368421,0.08695652173913043,expression_summary+fitness_screens,median,rank,50,0.0,25,compartment
Golgi,0,52,49,0.02104810996563574,0.9423076923076923,0.0411764705882353,expression_summary+fitness_screens,median,rank,50,0.0,60,compartment
cytosol,0,191,186,0.07989690721649484,0.9738219895287958,0.14767764986105597,expression_summary+fitness_screens,median,rank,50,0.0,60,compartment
micronemes,0,19,19,0.00816151202749141,1.0,0.016190881976991905,expression_summary+fitness_screens,median,rank,50,0.0,60,compartment
nucleus - chromatin,0,232,220,0.09450171821305842,0.9482758620689655,0.17187500000000003,expression_summary+fitness_screens,median,rank,50,0.0,60,compartment
apicoplast,0,52,50,0.02147766323024055,0.9615384615384616,0.04201680672268907,expression_summary+fitness_screens,median,rank,50,0.0,60,compartment
dense granules,0,65,62,0.02663230240549828,0.9538461538461539,0.051817801922273296,expression_summary+fitness_screens,median,rank,50,0.0,60,compartment
nucleus - non-chromatin,0,152,148,0.06357388316151202,0.9736842105263158,0.11935483870967742,expression_summary+fitness_screens,median,rank,50,0.0,60,compartment
ER,0,83,81,0.03479381443298969,0.9759036144578314,0.06719203649937786,expression_summary+fitness_screens,median,rank,50,0.0,60,compartment
apical 1,1,15,2,0.011494252873563218,0.13333333333333333,0.021164021164021163,expression_summary+fitness_screens,median,rank,50,0.0,60,compartment
rhoptries 1,0,24,24,0.010309278350515464,1.0,0.020408163265306124,expression_summary+fitness_screens,median,rank,50,0.0,60,compartment
PM - integral,0,44,42,0.01804123711340206,0.9545454545454546,0.03541315345699831,expression_summary+fitness_screens,median,rank,50,0.0,60,compartment
nucleolus,0,15,15,0.006443298969072165,1.0,0.012804097311139564,expression_summary+fitness_screens,median,rank,50,0.0,60,compartment
mitochondrion - soluble,0,81,79,0.033934707903780066,0.9753086419753086,0.0655873806558738,expression_summary+fitness_screens,median,rank,50,0.0,60,compartment
mitochondrion - membranes,0,57,56,0.024054982817869417,0.9824561403508771,0.046960167714884704,expression_summary+fitness_screens,median,rank,50,0.0,60,compartment
IMC,0,37,36,0.015463917525773196,0.972972972972973,0.030443974630021145,expression_summary+fitness_screens,median,rank,50,0.0,60,compartment
Golgi,2,43,41,0.02554517133956386,0.9534883720930233,0.04975728155339805,expression_summary+fitness_screens,median,rank,50,0.25,25,compartment
nucleus - chromatin,2,173,166,0.10342679127725857,0.9595375722543352,0.18672665916760406,expression_summary+fitness_screens,median,rank,50,0.25,25,compartment
apicoplast,2,38,37,0.023052959501557634,0.9736842105263158,0.04503956177723677,expression_summary+fitness_screens,median,rank,50,0.25,25,compartment
dense granules,2,57,54,0.03364485981308411,0.9473684210526315,0.06498194945848376,expression_summary+fitness_screens,median,rank,50,0.25,25,compartment
nucleus - non-chromatin,2,111,109,0.06791277258566979,0.9819819819819819,0.12703962703962704,expression_summary+fitness_screens,median,rank,50,0.25,25,compartment
ER,2,64,64,0.03987538940809969,1.0,0.07669263031755542,expression_summary+fitness_screens,median,rank,50,0.25,25,compartment
PM - integral,2,28,27,0.016822429906542057,0.9642857142857143,0.03306797305572566,expression_summary+fitness_screens,median,rank,50,0.25,25,compartment
mitochondrion - soluble,2,64,62,0.038629283489096576,0.96875,0.0742959856201318,expression_summary+fitness_screens,median,rank,50,0.25,25,compartment
mitochondrion - membranes,2,36,35,0.021806853582554516,0.9722222222222222,0.042656916514320534,expression_summary+fitness_screens,median,rank,50,0.25,25,compartment
rhoptries 1,2,18,18,0.011214953271028037,1.0,0.022181146025878003,expression_summary+fitness_screens,median,rank,50,0.25,25,compartment
cytosol,2,148,144,0.08971962616822429,0.972972972972973,0.16428978893325727,expression_summary+fitness_screens,median,rank,50,0.25,25,compartment
IMC,2,27,27,0.016822429906542057,1.0,0.03308823529411765,expression_summary+fitness_screens,median,rank,50,0.25,25,compartment
Golgi,0,28,2,0.030303030303030304,0.07142857142857142,0.0425531914893617,expression_summary+fitness_screens,median,rank,50,0.25,60,compartment
cytosol,1,119,117,0.07774086378737542,0.9831932773109243,0.14408866995073893,expression_summary+fitness_screens,median,rank,50,0.25,60,compartment
nucleus - chromatin,1,136,133,0.08837209302325581,0.9779411764705882,0.16209628275441806,expression_summary+fitness_screens,median,rank,50,0.25,60,compartment
apicoplast,1,36,36,0.023920265780730896,1.0,0.04672290720311486,expression_summary+fitness_screens,median,rank,50,0.25,60,compartment
dense granules,1,44,42,0.027906976744186046,0.9545454545454546,0.05422853453841188,expression_summary+fitness_screens,median,rank,50,0.25,60,compartment
ER,1,52,51,0.03388704318936877,0.9807692307692307,0.06551059730250482,expression_summary+fitness_screens,median,rank,50,0.25,60,compartment
rhoptries 1,1,18,18,0.011960132890365448,1.0,0.023637557452396585,expression_summary+fitness_screens,median,rank,50,0.25,60,compartment
PM - integral,1,24,23,0.015282392026578074,0.9583333333333334,0.030085022890778284,expression_summary+fitness_screens,median,rank,50,0.25,60,compartment
mitochondrion - soluble,1,56,54,0.035880398671096346,0.9642857142857143,0.06918641896220372,expression_summary+fitness_screens,median,rank,50,0.25,60,compartment
nucleus - non-chromatin,1,86,86,0.05714285714285714,1.0,0.1081081081081081,expression_summary+fitness_screens,median,rank,50,0.25,60,compartment
mitochondrion - membranes,1,36,36,0.023920265780730896,1.0,0.04672290720311486,expression_summary+fitness_screens,median,rank,50,0.25,60,compartment
IMC,1,24,24,0.015946843853820596,1.0,0.03139306736429038,expression_summary+fitness_screens,median,rank,50,0.25,60,compartment
Golgi,0,62,62,0.02086137281292059,1.0,0.04087013843111404,expression_summary+published_screens,median,rank,15,0.0,25,compartment
cytosol,0,215,215,0.07234185733512787,1.0,0.13492312519610922,expression_summary+published_screens,median,rank,15,0.0,25,compartment
micronemes,0,20,20,0.006729475100942127,1.0,0.013368983957219251,expression_summary+published_screens,median,rank,15,0.0,25,compartment
nucleus - chromatin,0,273,273,0.09185733512786003,1.0,0.1682588597842835,expression_summary+published_screens,median,rank,15,0.0,25,compartment
apicoplast,0,61,61,0.020524899057873486,1.0,0.040224200461589185,expression_summary+published_screens,median,rank,15,0.0,25,compartment
dense granules,0,68,68,0.02288021534320323,1.0,0.04473684210526315,expression_summary+published_screens,median,rank,15,0.0,25,compartment
nucleus - non-chromatin,0,172,172,0.05787348586810229,1.0,0.10941475826972011,expression_summary+published_screens,median,rank,15,0.0,25,compartment
rhoptries 1,0,27,27,0.00908479138627187,1.0,0.018006002000666887,expression_summary+published_screens,median,rank,15,0.0,25,compartment
ER,0,92,92,0.03095558546433378,1.0,0.06005221932114883,expression_summary+published_screens,median,rank,15,0.0,25,compartment
apical 1,0,21,21,0.0070659488559892325,1.0,0.014032743067156699,expression_summary+published_screens,median,rank,15,0.0,25,compartment
PM - integral,0,53,53,0.017833109017496636,1.0,0.03504132231404959,expression_summary+published_screens,median,rank,15,0.0,25,compartment
nucleolus,0,16,16,0.005383580080753701,1.0,0.0107095046854083,expression_summary+published_screens,median,rank,15,0.0,25,compartment
PM - peripheral 2,0,16,16,0.005383580080753701,1.0,0.0107095046854083,expression_summary+published_screens,median,rank,15,0.0,25,compartment
mitochondrion - soluble,0,101,101,0.03398384925975774,1.0,0.06573381060852587,expression_summary+published_screens,median,rank,15,0.0,25,compartment
mitochondrion - membranes,0,67,67,0.022543741588156124,1.0,0.044093451793353076,expression_summary+published_screens,median,rank,15,0.0,25,compartment
IMC,0,42,42,0.014131897711978465,1.0,0.027869940278699403,expression_summary+published_screens,median,rank,15,0.0,25,compartment
PM - peripheral 1,0,15,15,0.0050471063257065945,1.0,0.010043521928356211,expression_summary+published_screens,median,rank,15,0.0,25,compartment
Golgi,4,45,4,0.056338028169014086,0.08888888888888889,0.06896551724137932,expression_summary+published_screens,median,rank,15,0.0,60,compartment
cytosol,1,179,61,0.12951167728237792,0.3407821229050279,0.18769230769230769,expression_summary+published_screens,median,rank,15,0.0,60,compartment
micronemes,6,17,3,0.026785714285714284,0.17647058823529413,0.046511627906976744,expression_summary+published_screens,median,rank,15,0.0,60,compartment
nucleus - chromatin,3,217,81,0.18040089086859687,0.37327188940092165,0.24324324324324323,expression_summary+published_screens,median,rank,15,0.0,60,compartment
dense granules,1,55,28,0.059447983014861996,0.509090909090909,0.1064638783269962,expression_summary+published_screens,median,rank,15,0.0,60,compartment
nucleus - non-chromatin,2,146,50,0.13812154696132597,0.3424657534246575,0.19685039370078738,expression_summary+published_screens,median,rank,15,0.0,60,compartment
apicoplast,3,49,29,0.0645879732739421,0.5918367346938775,0.11646586345381528,expression_summary+published_screens,median,rank,15,0.0,60,compartment
ER,2,66,25,0.06906077348066299,0.3787878787878788,0.11682242990654207,expression_summary+published_screens,median,rank,15,0.0,60,compartment
rhoptries 1,6,22,7,0.0625,0.3181818181818182,0.1044776119402985,expression_summary+published_screens,median,rank,15,0.0,60,compartment
PM - integral,1,42,21,0.044585987261146494,0.5,0.08187134502923976,expression_summary+published_screens,median,rank,15,0.0,60,compartment
mitochondrion - soluble,2,78,28,0.07734806629834254,0.358974358974359,0.1272727272727273,expression_summary+published_screens,median,rank,15,0.0,60,compartment
mitochondrion - membranes,2,56,23,0.06353591160220995,0.4107142857142857,0.11004784688995216,expression_summary+published_screens,median,rank,15,0.0,60,compartment
IMC,1,38,19,0.040339702760084924,0.5,0.07465618860510806,expression_summary+published_screens,median,rank,15,0.0,60,compartment
Golgi,0,62,62,0.02086137281292059,1.0,0.04087013843111404,expression_summary+published_screens,median,rank,15,0.25,25,compartment
cytosol,0,215,215,0.07234185733512787,1.0,0.13492312519610922,expression_summary+published_screens,median,rank,15,0.25,25,compartment
micronemes,0,20,20,0.006729475100942127,1.0,0.013368983957219251,expression_summary+published_screens,median,rank,15,0.25,25,compartment
nucleus - chromatin,0,273,273,0.09185733512786003,1.0,0.1682588597842835,expression_summary+published_screens,median,rank,15,0.25,25,compartment
apicoplast,0,61,61,0.020524899057873486,1.0,0.040224200461589185,expression_summary+published_screens,median,rank,15,0.25,25,compartment
dense granules,0,68,68,0.02288021534320323,1.0,0.04473684210526315,expression_summary+published_screens,median,rank,15,0.25,25,compartment
nucleus - non-chromatin,0,172,172,0.05787348586810229,1.0,0.10941475826972011,expression_summary+published_screens,median,rank,15,0.25,25,compartment
rhoptries 1,0,27,27,0.00908479138627187,1.0,0.018006002000666887,expression_summary+published_screens,median,rank,15,0.25,25,compartment
ER,0,92,92,0.03095558546433378,1.0,0.06005221932114883,expression_summary+published_screens,median,rank,15,0.25,25,compartment
apical 1,0,21,21,0.0070659488559892325,1.0,0.014032743067156699,expression_summary+published_screens,median,rank,15,0.25,25,compartment
PM - integral,0,53,53,0.017833109017496636,1.0,0.03504132231404959,expression_summary+published_screens,median,rank,15,0.25,25,compartment
nucleolus,0,16,16,0.005383580080753701,1.0,0.0107095046854083,expression_summary+published_screens,median,rank,15,0.25,25,compartment
PM - peripheral 2,0,16,16,0.005383580080753701,1.0,0.0107095046854083,expression_summary+published_screens,median,rank,15,0.25,25,compartment
mitochondrion - soluble,0,101,101,0.03398384925975774,1.0,0.06573381060852587,expression_summary+published_screens,median,rank,15,0.25,25,compartment
mitochondrion - membranes,0,67,67,0.022543741588156124,1.0,0.044093451793353076,expression_summary+published_screens,median,rank,15,0.25,25,compartment
IMC,0,42,42,0.014131897711978465,1.0,0.027869940278699403,expression_summary+published_screens,median,rank,15,0.25,25,compartment
PM - peripheral 1,0,15,15,0.0050471063257065945,1.0,0.010043521928356211,expression_summary+published_screens,median,rank,15,0.25,25,compartment
cytosol,1,150,105,0.14305177111716622,0.7,0.23755656108597287,expression_summary+published_screens,median,rank,15,0.25,60,compartment
nucleus - chromatin,3,156,50,0.17123287671232876,0.32051282051282054,0.22321428571428573,expression_summary+published_screens,median,rank,15,0.25,60,compartment
dense granules,1,43,32,0.043596730245231606,0.7441860465116279,0.08236808236808238,expression_summary+published_screens,median,rank,15,0.25,60,compartment
nucleus - non-chromatin,3,117,38,0.13013698630136986,0.3247863247863248,0.18581907090464547,expression_summary+published_screens,median,rank,15,0.25,60,compartment
ER,1,53,36,0.04904632152588556,0.6792452830188679,0.09148665819567982,expression_summary+published_screens,median,rank,15,0.25,60,compartment
apicoplast,3,39,23,0.07876712328767123,0.5897435897435898,0.13897280966767372,expression_summary+published_screens,median,rank,15,0.25,60,compartment
rhoptries 1,2,17,7,0.016091954022988506,0.4117647058823529,0.030973451327433628,expression_summary+published_screens,median,rank,15,0.25,60,compartment
Golgi,2,34,12,0.027586206896551724,0.35294117647058826,0.0511727078891258,expression_summary+published_screens,median,rank,15,0.25,60,compartment
PM - integral,1,35,25,0.0340599455040872,0.7142857142857143,0.06501950585175553,expression_summary+published_screens,median,rank,15,0.25,60,compartment
mitochondrion - soluble,3,67,19,0.06506849315068493,0.2835820895522388,0.10584958217270195,expression_summary+published_screens,median,rank,15,0.25,60,compartment
mitochondrion - membranes,1,46,37,0.05040871934604905,0.8043478260869565,0.09487179487179487,expression_summary+published_screens,median,rank,15,0.25,60,compartment
IMC,1,35,29,0.039509536784741145,0.8285714285714286,0.0754226267880364,expression_summary+published_screens,median,rank,15,0.25,60,compartment
Golgi,4,51,6,0.0821917808219178,0.11764705882352941,0.0967741935483871,expression_summary+published_screens,median,rank,50,0.0,25,compartment
cytosol,3,202,121,0.1298283261802575,0.599009900990099,0.21340388007054673,expression_summary+published_screens,median,rank,50,0.0,25,compartment
micronemes,11,18,4,0.03389830508474576,0.2222222222222222,0.0588235294117647,expression_summary+published_screens,median,rank,50,0.0,25,compartment
nucleus - chromatin,2,228,90,0.18711018711018712,0.39473684210526316,0.2538787023977433,expression_summary+published_screens,median,rank,50,0.0,25,compartment
dense granules,11,58,7,0.059322033898305086,0.1206896551724138,0.07954545454545456,expression_summary+published_screens,median,rank,50,0.0,25,compartment
nucleus - non-chromatin,2,149,55,0.11434511434511435,0.3691275167785235,0.17460317460317462,expression_summary+published_screens,median,rank,50,0.0,25,compartment
ER,3,76,47,0.05042918454935622,0.618421052631579,0.09325396825396826,expression_summary+published_screens,median,rank,50,0.0,25,compartment
apicoplast,2,50,29,0.060291060291060294,0.58,0.10922787193973633,expression_summary+published_screens,median,rank,50,0.0,25,compartment
PM - integral,11,49,6,0.05084745762711865,0.12244897959183673,0.0718562874251497,expression_summary+published_screens,median,rank,50,0.0,25,compartment
mitochondrion - soluble,3,88,47,0.05042918454935622,0.5340909090909091,0.09215686274509804,expression_summary+published_screens,median,rank,50,0.0,25,compartment
mitochondrion - membranes,3,56,43,0.046137339055793994,0.7678571428571429,0.08704453441295548,expression_summary+published_screens,median,rank,50,0.0,25,compartment
rhoptries 1,11,21,6,0.05084745762711865,0.2857142857142857,0.08633093525179858,expression_summary+published_screens,median,rank,50,0.0,25,compartment
IMC,3,39,30,0.032188841201716736,0.7692307692307693,0.06179196704428424,expression_summary+published_screens,median,rank,50,0.0,25,compartment
Golgi,4,49,6,0.08450704225352113,0.12244897959183673,0.1,expression_summary+published_screens,median,rank,50,0.0,60,compartment
cytosol,2,193,117,0.13087248322147652,0.6062176165803109,0.21527138914443425,expression_summary+published_screens,median,rank,50,0.0,60,compartment
micronemes,2,15,9,0.010067114093959731,0.6,0.019801980198019802,expression_summary+published_screens,median,rank,50,0.0,60,compartment
nucleus - chromatin,0,239,90,0.18404907975460122,0.37656903765690375,0.24725274725274723,expression_summary+published_screens,median,rank,50,0.0,60,compartment
dense granules,4,56,5,0.07042253521126761,0.08928571428571429,0.07874015748031496,expression_summary+published_screens,median,rank,50,0.0,60,compartment
nucleus - non-chromatin,0,154,55,0.11247443762781185,0.35714285714285715,0.17107309486780714,expression_summary+published_screens,median,rank,50,0.0,60,compartment
apicoplast,0,56,31,0.06339468302658487,0.5535714285714286,0.11376146788990826,expression_summary+published_screens,median,rank,50,0.0,60,compartment
rhoptries 1,4,22,4,0.056338028169014086,0.18181818181818182,0.08602150537634409,expression_summary+published_screens,median,rank,50,0.0,60,compartment
ER,2,82,46,0.05145413870246085,0.5609756097560976,0.0942622950819672,expression_summary+published_screens,median,rank,50,0.0,60,compartment
apical 1,3,17,10,0.017825311942959002,0.5882352941176471,0.03460207612456747,expression_summary+published_screens,median,rank,50,0.0,60,compartment
PM - integral,2,48,30,0.03355704697986577,0.625,0.06369426751592358,expression_summary+published_screens,median,rank,50,0.0,60,compartment
mitochondrion - soluble,2,83,44,0.049217002237136466,0.5301204819277109,0.09007164790174002,expression_summary+published_screens,median,rank,50,0.0,60,compartment
mitochondrion - membranes,2,58,43,0.04809843400447427,0.7413793103448276,0.09033613445378152,expression_summary+published_screens,median,rank,50,0.0,60,compartment
IMC,2,38,30,0.03355704697986577,0.7894736842105263,0.06437768240343347,expression_summary+published_screens,median,rank,50,0.0,60,compartment
Golgi,12,32,5,0.0847457627118644,0.15625,0.10989010989010989,expression_summary+published_screens,median,rank,50,0.25,25,compartment
cytosol,10,143,29,0.19727891156462585,0.20279720279720279,0.19999999999999996,expression_summary+published_screens,median,rank,50,0.25,25,compartment
nucleus - chromatin,2,154,73,0.1906005221932115,0.474025974025974,0.27188081936685293,expression_summary+published_screens,median,rank,50,0.25,25,compartment
dense granules,11,40,12,0.17647058823529413,0.3,0.22222222222222224,expression_summary+published_screens,median,rank,50,0.25,25,compartment
nucleus - non-chromatin,3,111,42,0.13725490196078433,0.3783783783783784,0.2014388489208633,expression_summary+published_screens,median,rank,50,0.25,25,compartment
ER,3,52,20,0.06535947712418301,0.38461538461538464,0.11173184357541902,expression_summary+published_screens,median,rank,50,0.25,25,compartment
apicoplast,2,38,25,0.06527415143603134,0.6578947368421053,0.11876484560570072,expression_summary+published_screens,median,rank,50,0.25,25,compartment
PM - integral,10,32,10,0.06802721088435375,0.3125,0.111731843575419,expression_summary+published_screens,median,rank,50,0.25,25,compartment
mitochondrion - soluble,3,61,23,0.07516339869281045,0.3770491803278688,0.12534059945504086,expression_summary+published_screens,median,rank,50,0.25,25,compartment
mitochondrion - membranes,3,40,21,0.06862745098039216,0.525,0.12138728323699423,expression_summary+published_screens,median,rank,50,0.25,25,compartment
IMC,10,29,7,0.047619047619047616,0.2413793103448276,0.07954545454545454,expression_summary+published_screens,median,rank,50,0.25,25,compartment
cytosol,3,136,46,0.15436241610738255,0.3382352941176471,0.2119815668202765,expression_summary+published_screens,median,rank,50,0.25,60,compartment
nucleus - chromatin,0,121,61,0.16944444444444445,0.5041322314049587,0.25363825363825365,expression_summary+published_screens,median,rank,50,0.25,60,compartment
dense granules,3,42,22,0.0738255033557047,0.5238095238095238,0.12941176470588234,expression_summary+published_screens,median,rank,50,0.25,60,compartment
nucleus - non-chromatin,0,104,47,0.13055555555555556,0.4519230769230769,0.20258620689655174,expression_summary+published_screens,median,rank,50,0.25,60,compartment
ER,2,48,19,0.07539682539682539,0.3958333333333333,0.12666666666666665,expression_summary+published_screens,median,rank,50,0.25,60,compartment
apicoplast,0,37,23,0.06388888888888888,0.6216216216216216,0.1158690176322418,expression_summary+published_screens,median,rank,50,0.25,60,compartment
Golgi,5,27,4,0.041237113402061855,0.14814814814814814,0.06451612903225806,expression_summary+published_screens,median,rank,50,0.25,60,compartment
PM - integral,3,27,14,0.04697986577181208,0.5185185185185185,0.08615384615384615,expression_summary+published_screens,median,rank,50,0.25,60,compartment
mitochondrion - soluble,2,57,20,0.07936507936507936,0.3508771929824561,0.12944983818770225,expression_summary+published_screens,median,rank,50,0.25,60,compartment
mitochondrion - membranes,2,41,20,0.07936507936507936,0.4878048780487805,0.13651877133105803,expression_summary+published_screens,median,rank,50,0.25,60,compartment
IMC,3,29,13,0.0436241610738255,0.4482758620689655,0.07951070336391439,expression_summary+published_screens,median,rank,50,0.25,60,compartment
Golgi,3,62,16,0.0730593607305936,0.25806451612903225,0.11387900355871886,expression_summary+protein_features,median,rank,15,0.0,25,compartment
cytosol,9,210,38,0.17511520737327188,0.18095238095238095,0.17798594847775176,expression_summary+protein_features,median,rank,15,0.0,25,compartment
micronemes,13,17,2,0.06896551724137931,0.11764705882352941,0.08695652173913043,expression_summary+protein_features,median,rank,15,0.0,25,compartment
nucleus - chromatin,0,267,115,0.1529255319148936,0.4307116104868914,0.225711481844946,expression_summary+protein_features,median,rank,15,0.0,25,compartment
apicoplast,0,59,26,0.034574468085106384,0.4406779661016949,0.06411837237977805,expression_summary+protein_features,median,rank,15,0.0,25,compartment
dense granules,13,61,8,0.27586206896551724,0.13114754098360656,0.17777777777777778,expression_summary+protein_features,median,rank,15,0.0,25,compartment
nucleus - non-chromatin,9,164,28,0.12903225806451613,0.17073170731707318,0.1469816272965879,expression_summary+protein_features,median,rank,15,0.0,25,compartment
rhoptries 1,13,25,5,0.1724137931034483,0.2,0.1851851851851852,expression_summary+protein_features,median,rank,15,0.0,25,compartment
ER,3,92,43,0.1963470319634703,0.4673913043478261,0.2765273311897106,expression_summary+protein_features,median,rank,15,0.0,25,compartment
apical 1,2,20,14,0.029850746268656716,0.7,0.05725971370143149,expression_summary+protein_features,median,rank,15,0.0,25,compartment
PM - integral,3,52,24,0.1095890410958904,0.46153846153846156,0.17712177121771217,expression_summary+protein_features,median,rank,15,0.0,25,compartment
nucleolus,8,15,1,0.012987012987012988,0.06666666666666667,0.021739130434782608,expression_summary+protein_features,median,rank,15,0.0,25,compartment
PM - peripheral 2,10,16,1,0.013333333333333334,0.0625,0.02197802197802198,expression_summary+protein_features,median,rank,15,0.0,25,compartment
mitochondrion - soluble,1,89,16,0.07079646017699115,0.1797752808988764,0.10158730158730159,expression_summary+protein_features,median,rank,15,0.0,25,compartment
mitochondrion - membranes,3,64,17,0.0776255707762557,0.265625,0.12014134275618374,expression_summary+protein_features,median,rank,15,0.0,25,compartment
IMC,10,40,4,0.05333333333333334,0.1,0.06956521739130435,expression_summary+protein_features,median,rank,15,0.0,25,compartment
Golgi,3,62,16,0.0730593607305936,0.25806451612903225,0.11387900355871886,expression_summary+protein_features,median,rank,15,0.0,60,compartment
cytosol,0,215,138,0.10344827586206896,0.641860465116279,0.17817947062621048,expression_summary+protein_features,median,rank,15,0.0,60,compartment
micronemes,3,20,7,0.0319634703196347,0.35,0.05857740585774058,expression_summary+protein_features,median,rank,15,0.0,60,compartment
nucleus - chromatin,1,273,141,0.1441717791411043,0.5164835164835165,0.22541966426858515,expression_summary+protein_features,median,rank,15,0.0,60,compartment
apicoplast,1,61,35,0.03578732106339468,0.5737704918032787,0.06737247353224254,expression_summary+protein_features,median,rank,15,0.0,60,compartment
dense granules,2,68,20,0.042643923240938165,0.29411764705882354,0.07448789571694599,expression_summary+protein_features,median,rank,15,0.0,60,compartment
nucleus - non-chromatin,1,172,74,0.07566462167689161,0.43023255813953487,0.12869565217391304,expression_summary+protein_features,median,rank,15,0.0,60,compartment
rhoptries 1,2,27,10,0.021321961620469083,0.37037037037037035,0.040322580645161296,expression_summary+protein_features,median,rank,15,0.0,60,compartment
ER,3,92,43,0.1963470319634703,0.4673913043478261,0.2765273311897106,expression_summary+protein_features,median,rank,15,0.0,60,compartment
apical 1,2,21,14,0.029850746268656716,0.6666666666666666,0.05714285714285715,expression_summary+protein_features,median,rank,15,0.0,60,compartment
PM - integral,3,53,24,0.1095890410958904,0.4528301886792453,0.17647058823529413,expression_summary+protein_features,median,rank,15,0.0,60,compartment
nucleolus,1,16,10,0.010224948875255624,0.625,0.02012072434607646,expression_summary+protein_features,median,rank,15,0.0,60,compartment
PM - peripheral 2,1,16,10,0.010224948875255624,0.625,0.02012072434607646,expression_summary+protein_features,median,rank,15,0.0,60,compartment
mitochondrion - soluble,0,101,49,0.03673163418290855,0.48514851485148514,0.06829268292682927,expression_summary+protein_features,median,rank,15,0.0,60,compartment
mitochondrion - membranes,3,67,17,0.0776255707762557,0.2537313432835821,0.11888111888111888,expression_summary+protein_features,median,rank,15,0.0,60,compartment
IMC,3,42,6,0.0273972602739726,0.14285714285714285,0.04597701149425287,expression_summary+protein_features,median,rank,15,0.0,60,compartment
PM - peripheral 1,0,15,15,0.011244377811094454,1.0,0.02223869532987398,expression_summary+protein_features,median,rank,15,0.0,60,compartment
Golgi,3,62,16,0.08376963350785341,0.25806451612903225,0.1264822134387352,expression_summary+protein_features,median,rank,15,0.25,25,compartment
cytosol,5,212,137,0.11933797909407666,0.6462264150943396,0.20147058823529412,expression_summary+protein_features,median,rank,15,0.25,25,compartment
micronemes,3,17,7,0.03664921465968586,0.4117647058823529,0.0673076923076923,expression_summary+protein_features,median,rank,15,0.25,25,compartment
nucleus - chromatin,0,272,141,0.14431934493346982,0.5183823529411765,0.22578062449959974,expression_summary+protein_features,median,rank,15,0.25,25,compartment
apicoplast,0,60,35,0.03582395087001024,0.5833333333333334,0.06750241080038573,expression_summary+protein_features,median,rank,15,0.25,25,compartment
dense granules,2,63,20,0.043668122270742356,0.31746031746031744,0.07677543186180422,expression_summary+protein_features,median,rank,15,0.25,25,compartment
nucleus - non-chromatin,5,170,91,0.07926829268292683,0.5352941176470588,0.13808801213960548,expression_summary+protein_features,median,rank,15,0.25,25,compartment
rhoptries 1,2,25,10,0.021834061135371178,0.4,0.041407867494824016,expression_summary+protein_features,median,rank,15,0.25,25,compartment
ER,3,90,41,0.21465968586387435,0.45555555555555555,0.2918149466192171,expression_summary+protein_features,median,rank,15,0.25,25,compartment
apical 1,2,21,14,0.03056768558951965,0.6666666666666666,0.05845511482254697,expression_summary+protein_features,median,rank,15,0.25,25,compartment
PM - integral,3,52,24,0.1256544502617801,0.46153846153846156,0.19753086419753083,expression_summary+protein_features,median,rank,15,0.25,25,compartment
nucleolus,0,16,10,0.01023541453428864,0.625,0.02014098690835851,expression_summary+protein_features,median,rank,15,0.25,25,compartment
PM - peripheral 2,0,16,10,0.01023541453428864,0.625,0.02014098690835851,expression_summary+protein_features,median,rank,15,0.25,25,compartment
mitochondrion - soluble,5,100,48,0.041811846689895474,0.48,0.07692307692307693,expression_summary+protein_features,median,rank,15,0.25,25,compartment
mitochondrion - membranes,3,66,17,0.08900523560209424,0.25757575757575757,0.13229571984435798,expression_summary+protein_features,median,rank,15,0.25,25,compartment
IMC,3,41,6,0.031413612565445025,0.14634146341463414,0.051724137931034475,expression_summary+protein_features,median,rank,15,0.25,25,compartment
Golgi,3,61,15,0.08108108108108109,0.2459016393442623,0.12195121951219512,expression_summary+protein_features,median,rank,15,0.25,60,compartment
cytosol,0,213,138,0.10806577916992952,0.647887323943662,0.18523489932885903,expression_summary+protein_features,median,rank,15,0.25,60,compartment
micronemes,3,17,7,0.03783783783783784,0.4117647058823529,0.06930693069306931,expression_summary+protein_features,median,rank,15,0.25,60,compartment
nucleus - chromatin,1,269,140,0.14861995753715498,0.5204460966542751,0.23121387283236994,expression_summary+protein_features,median,rank,15,0.25,60,compartment
apicoplast,1,61,35,0.037154989384288746,0.5737704918032787,0.06979062811565304,expression_summary+protein_features,median,rank,15,0.25,60,compartment
dense granules,2,64,17,0.0413625304136253,0.265625,0.07157894736842105,expression_summary+protein_features,median,rank,15,0.25,60,compartment
nucleus - non-chromatin,1,170,74,0.07855626326963906,0.43529411764705883,0.13309352517985612,expression_summary+protein_features,median,rank,15,0.25,60,compartment
rhoptries 1,2,25,10,0.024330900243309004,0.4,0.045871559633027525,expression_summary+protein_features,median,rank,15,0.25,60,compartment
ER,3,90,41,0.22162162162162163,0.45555555555555555,0.2981818181818182,expression_summary+protein_features,median,rank,15,0.25,60,compartment
apical 1,2,18,11,0.0267639902676399,0.6111111111111112,0.05128205128205128,expression_summary+protein_features,median,rank,15,0.25,60,compartment
PM - integral,3,50,21,0.11351351351351352,0.42,0.17872340425531916,expression_summary+protein_features,median,rank,15,0.25,60,compartment
nucleolus,1,16,10,0.010615711252653927,0.625,0.020876826722338204,expression_summary+protein_features,median,rank,15,0.25,60,compartment
PM - peripheral 2,1,16,10,0.010615711252653927,0.625,0.020876826722338204,expression_summary+protein_features,median,rank,15,0.25,60,compartment
mitochondrion - soluble,0,100,49,0.03837118245888802,0.49,0.07116920842411038,expression_summary+protein_features,median,rank,15,0.25,60,compartment
mitochondrion - membranes,3,67,17,0.0918918918918919,0.2537313432835821,0.1349206349206349,expression_summary+protein_features,median,rank,15,0.25,60,compartment
IMC,3,42,6,0.032432432432432434,0.14285714285714285,0.05286343612334802,expression_summary+protein_features,median,rank,15,0.25,60,compartment
Golgi,3,62,16,0.08290155440414508,0.25806451612903225,0.12549019607843137,expression_summary+protein_features,median,rank,50,0.0,25,compartment
cytosol,0,215,138,0.10352588147036759,0.641860465116279,0.17829457364341086,expression_summary+protein_features,median,rank,50,0.0,25,compartment
micronemes,3,20,7,0.03626943005181347,0.35,0.06572769953051642,expression_summary+protein_features,median,rank,50,0.0,25,compartment
nucleus - chromatin,1,272,141,0.1437308868501529,0.5183823529411765,0.22505985634477255,expression_summary+protein_features,median,rank,50,0.0,25,compartment
apicoplast,1,61,35,0.03567787971457696,0.5737704918032787,0.0671785028790787,expression_summary+protein_features,median,rank,50,0.0,25,compartment
dense granules,2,66,19,0.040339702760084924,0.2878787878787879,0.07076350093109869,expression_summary+protein_features,median,rank,50,0.0,25,compartment
nucleus - non-chromatin,1,172,74,0.07543323139653414,0.43023255813953487,0.12836079791847355,expression_summary+protein_features,median,rank,50,0.0,25,compartment
rhoptries 1,2,27,10,0.021231422505307854,0.37037037037037035,0.04016064257028112,expression_summary+protein_features,median,rank,50,0.0,25,compartment
ER,3,91,42,0.21761658031088082,0.46153846153846156,0.29577464788732394,expression_summary+protein_features,median,rank,50,0.0,25,compartment
apical 1,2,21,14,0.029723991507430998,0.6666666666666666,0.05691056910569106,expression_summary+protein_features,median,rank,50,0.0,25,compartment
PM - integral,3,53,24,0.12435233160621761,0.4528301886792453,0.1951219512195122,expression_summary+protein_features,median,rank,50,0.0,25,compartment
nucleolus,1,16,10,0.010193679918450561,0.625,0.020060180541624877,expression_summary+protein_features,median,rank,50,0.0,25,compartment
PM - peripheral 2,1,16,10,0.010193679918450561,0.625,0.020060180541624877,expression_summary+protein_features,median,rank,50,0.0,25,compartment
mitochondrion - soluble,0,101,49,0.03675918979744936,0.48514851485148514,0.06834030683403068,expression_summary+protein_features,median,rank,50,0.0,25,compartment
mitochondrion - membranes,3,67,17,0.08808290155440414,0.2537313432835821,0.13076923076923075,expression_summary+protein_features,median,rank,50,0.0,25,compartment
IMC,3,42,6,0.031088082901554404,0.14285714285714285,0.05106382978723404,expression_summary+protein_features,median,rank,50,0.0,25,compartment
PM - peripheral 1,0,15,15,0.011252813203300824,1.0,0.02225519287833828,expression_summary+protein_features,median,rank,50,0.0,25,compartment
Golgi,2,62,24,0.03498542274052478,0.3870967741935484,0.06417112299465241,expression_summary+protein_features,median,rank,50,0.0,60,compartment
cytosol,0,215,138,0.10352588147036759,0.641860465116279,0.17829457364341086,expression_summary+protein_features,median,rank,50,0.0,60,compartment
micronemes,2,20,9,0.013119533527696793,0.45,0.025495750708215296,expression_summary+protein_features,median,rank,50,0.0,60,compartment
nucleus - chromatin,1,273,141,0.1437308868501529,0.5164835164835165,0.22488038277511962,expression_summary+protein_features,median,rank,50,0.0,60,compartment
apicoplast,1,61,35,0.03567787971457696,0.5737704918032787,0.0671785028790787,expression_summary+protein_features,median,rank,50,0.0,60,compartment
dense granules,2,68,26,0.037900874635568516,0.38235294117647056,0.06896551724137931,expression_summary+protein_features,median,rank,50,0.0,60,compartment
nucleus - non-chromatin,1,172,74,0.07543323139653414,0.43023255813953487,0.12836079791847355,expression_summary+protein_features,median,rank,50,0.0,60,compartment
rhoptries 1,2,27,11,0.016034985422740525,0.4074074074074074,0.030855539971949508,expression_summary+protein_features,median,rank,50,0.0,60,compartment
ER,2,92,50,0.0728862973760933,0.5434782608695652,0.12853470437017997,expression_summary+protein_features,median,rank,50,0.0,60,compartment
apical 1,2,21,14,0.02040816326530612,0.6666666666666666,0.0396039603960396,expression_summary+protein_features,median,rank,50,0.0,60,compartment
PM - integral,2,53,27,0.03935860058309038,0.5094339622641509,0.07307171853856563,expression_summary+protein_features,median,rank,50,0.0,60,compartment
nucleolus,1,16,10,0.010193679918450561,0.625,0.020060180541624877,expression_summary+protein_features,median,rank,50,0.0,60,compartment
PM - peripheral 2,1,16,10,0.010193679918450561,0.625,0.020060180541624877,expression_summary+protein_features,median,rank,50,0.0,60,compartment
mitochondrion - soluble,0,101,49,0.03675918979744936,0.48514851485148514,0.06834030683403068,expression_summary+protein_features,median,rank,50,0.0,60,compartment
mitochondrion - membranes,2,67,21,0.030612244897959183,0.31343283582089554,0.05577689243027889,expression_summary+protein_features,median,rank,50,0.0,60,compartment
IMC,0,42,24,0.01800450112528132,0.5714285714285714,0.03490909090909091,expression_summary+protein_features,median,rank,50,0.0,60,compartment
PM - peripheral 1,0,15,15,0.011252813203300824,1.0,0.02225519287833828,expression_summary+protein_features,median,rank,50,0.0,60,compartment
Golgi,1,61,23,0.0344311377245509,0.3770491803278688,0.06310013717421124,expression_summary+protein_features,median,rank,50,0.25,25,compartment
cytosol,2,215,138,0.1047040971168437,0.641860465116279,0.18003913894324852,expression_summary+protein_features,median,rank,50,0.25,25,compartment
micronemes,1,20,9,0.01347305389221557,0.45,0.02616279069767442,expression_summary+protein_features,median,rank,50,0.25,25,compartment
nucleus - chromatin,0,273,141,0.14329268292682926,0.5164835164835165,0.22434367541766106,expression_summary+protein_features,median,rank,50,0.25,25,compartment
apicoplast,0,61,35,0.03556910569105691,0.5737704918032787,0.06698564593301436,expression_summary+protein_features,median,rank,50,0.25,25,compartment
dense granules,1,67,25,0.0374251497005988,0.373134328358209,0.06802721088435373,expression_summary+protein_features,median,rank,50,0.25,25,compartment
nucleus - non-chromatin,0,172,74,0.07520325203252033,0.43023255813953487,0.12802768166089967,expression_summary+protein_features,median,rank,50,0.25,25,compartment
rhoptries 1,1,27,11,0.016467065868263474,0.4074074074074074,0.031654676258992806,expression_summary+protein_features,median,rank,50,0.25,25,compartment
ER,1,92,49,0.07335329341317365,0.532608695652174,0.12894736842105262,expression_summary+protein_features,median,rank,50,0.25,25,compartment
apical 1,1,21,14,0.020958083832335328,0.6666666666666666,0.040638606676342524,expression_summary+protein_features,median,rank,50,0.25,25,compartment
PM - integral,1,52,25,0.0374251497005988,0.4807692307692308,0.06944444444444445,expression_summary+protein_features,median,rank,50,0.25,25,compartment
nucleolus,0,16,10,0.01016260162601626,0.625,0.02,expression_summary+protein_features,median,rank,50,0.25,25,compartment
PM - peripheral 2,0,16,10,0.01016260162601626,0.625,0.02,expression_summary+protein_features,median,rank,50,0.25,25,compartment
mitochondrion - soluble,2,99,48,0.036418816388467376,0.48484848484848486,0.06774876499647144,expression_summary+protein_features,median,rank,50,0.25,25,compartment
mitochondrion - membranes,1,67,21,0.03143712574850299,0.31343283582089554,0.05714285714285714,expression_summary+protein_features,median,rank,50,0.25,25,compartment
IMC,2,42,24,0.018209408194233688,0.5714285714285714,0.03529411764705882,expression_summary+protein_features,median,rank,50,0.25,25,compartment
Golgi,0,59,31,0.032091097308488616,0.5254237288135594,0.06048780487804879,expression_summary+protein_features,median,rank,50,0.25,60,compartment
cytosol,2,215,138,0.10623556581986143,0.641860465116279,0.1822985468956407,expression_summary+protein_features,median,rank,50,0.25,60,compartment
micronemes,1,20,9,0.014150943396226415,0.45,0.027439024390243903,expression_summary+protein_features,median,rank,50,0.25,60,compartment
nucleus - chromatin,0,273,141,0.14596273291925466,0.5164835164835165,0.22760290556900728,expression_summary+protein_features,median,rank,50,0.25,60,compartment
apicoplast,0,61,35,0.036231884057971016,0.5737704918032787,0.06815968841285296,expression_summary+protein_features,median,rank,50,0.25,60,compartment
dense granules,1,66,24,0.03773584905660377,0.36363636363636365,0.06837606837606837,expression_summary+protein_features,median,rank,50,0.25,60,compartment
nucleus - non-chromatin,0,172,74,0.07660455486542443,0.43023255813953487,0.13005272407732865,expression_summary+protein_features,median,rank,50,0.25,60,compartment
rhoptries 1,1,27,11,0.01729559748427673,0.4074074074074074,0.033182503770739065,expression_summary+protein_features,median,rank,50,0.25,60,compartment
ER,1,90,48,0.07547169811320754,0.5333333333333333,0.1322314049586777,expression_summary+protein_features,median,rank,50,0.25,60,compartment
apical 1,1,21,14,0.0220125786163522,0.6666666666666666,0.0426179604261796,expression_summary+protein_features,median,rank,50,0.25,60,compartment
PM - integral,1,51,25,0.03930817610062893,0.49019607843137253,0.07278020378457059,expression_summary+protein_features,median,rank,50,0.25,60,compartment
nucleolus,0,16,10,0.010351966873706004,0.625,0.020366598778004074,expression_summary+protein_features,median,rank,50,0.25,60,compartment
PM - peripheral 2,0,16,10,0.010351966873706004,0.625,0.020366598778004074,expression_summary+protein_features,median,rank,50,0.25,60,compartment
mitochondrion - soluble,2,100,49,0.037721324095458045,0.49,0.07005003573981415,expression_summary+protein_features,median,rank,50,0.25,60,compartment
mitochondrion - membranes,1,67,21,0.0330188679245283,0.31343283582089554,0.05974395448079659,expression_summary+protein_features,median,rank,50,0.25,60,compartment
IMC,2,42,24,0.018475750577367205,0.5714285714285714,0.03579418344519016,expression_summary+protein_features,median,rank,50,0.25,60,compartment
Golgi,14,53,17,0.030303030303030304,0.32075471698113206,0.05537459283387622,expression_summary+interactions,median,rank,15,0.0,25,compartment
cytosol,0,200,39,0.3,0.195,0.23636363636363636,expression_summary+interactions,median,rank,15,0.0,25,compartment
micronemes,17,16,2,0.034482758620689655,0.125,0.05405405405405405,expression_summary+interactions,median,rank,15,0.0,25,compartment
nucleus - chromatin,19,223,33,0.2558139534883721,0.14798206278026907,0.18750000000000003,expression_summary+interactions,median,rank,15,0.0,25,compartment
apicoplast,15,54,5,0.1,0.09259259259259259,0.09615384615384615,expression_summary+interactions,median,rank,15,0.0,25,compartment
dense granules,0,63,8,0.06153846153846154,0.12698412698412698,0.08290155440414508,expression_summary+interactions,median,rank,15,0.0,25,compartment
nucleus - non-chromatin,0,160,24,0.18461538461538463,0.15,0.16551724137931034,expression_summary+interactions,median,rank,15,0.0,25,compartment
ER,13,79,11,0.08088235294117647,0.13924050632911392,0.10232558139534884,expression_summary+interactions,median,rank,15,0.0,25,compartment
apical 1,17,17,2,0.034482758620689655,0.11764705882352941,0.05333333333333334,expression_summary+interactions,median,rank,15,0.0,25,compartment
rhoptries 1,4,24,3,0.023622047244094488,0.125,0.03973509933774834,expression_summary+interactions,median,rank,15,0.0,25,compartment
PM - integral,13,48,8,0.058823529411764705,0.16666666666666666,0.08695652173913045,expression_summary+interactions,median,rank,15,0.0,25,compartment
mitochondrion - soluble,10,95,13,0.06220095693779904,0.1368421052631579,0.08552631578947369,expression_summary+interactions,median,rank,15,0.0,25,compartment
mitochondrion - membranes,4,56,10,0.07874015748031496,0.17857142857142858,0.1092896174863388,expression_summary+interactions,median,rank,15,0.0,25,compartment
IMC,4,39,10,0.07874015748031496,0.2564102564102564,0.12048192771084337,expression_summary+interactions,median,rank,15,0.0,25,compartment
PM - peripheral 1,0,15,7,0.05384615384615385,0.4666666666666667,0.09655172413793103,expression_summary+interactions,median,rank,15,0.0,25,compartment
Golgi,0,62,6,0.0335195530726257,0.0967741935483871,0.04979253112033195,expression_summary+interactions,median,rank,15,0.0,60,compartment
cytosol,1,215,39,0.3,0.1813953488372093,0.22608695652173913,expression_summary+interactions,median,rank,15,0.0,60,compartment
micronemes,1,20,3,0.023076923076923078,0.15,0.04,expression_summary+interactions,median,rank,15,0.0,60,compartment
nucleus - chromatin,3,273,206,0.09772296015180265,0.7545787545787546,0.1730365392692146,expression_summary+interactions,median,rank,15,0.0,60,compartment
apicoplast,0,61,9,0.05027932960893855,0.14754098360655737,0.075,expression_summary+interactions,median,rank,15,0.0,60,compartment
dense granules,1,68,8,0.06153846153846154,0.11764705882352941,0.08080808080808081,expression_summary+interactions,median,rank,15,0.0,60,compartment
nucleus - non-chromatin,1,172,24,0.18461538461538463,0.13953488372093023,0.15894039735099336,expression_summary+interactions,median,rank,15,0.0,60,compartment
rhoptries 1,4,27,3,0.023622047244094488,0.1111111111111111,0.03896103896103896,expression_summary+interactions,median,rank,15,0.0,60,compartment
ER,2,92,21,0.046052631578947366,0.22826086956521738,0.07664233576642335,expression_summary+interactions,median,rank,15,0.0,60,compartment
apical 1,0,21,2,0.0111731843575419,0.09523809523809523,0.02,expression_summary+interactions,median,rank,15,0.0,60,compartment
PM - integral,2,53,17,0.03728070175438596,0.32075471698113206,0.0667976424361493,expression_summary+interactions,median,rank,15,0.0,60,compartment
nucleolus,2,16,4,0.008771929824561403,0.25,0.016949152542372878,expression_summary+interactions,median,rank,15,0.0,60,compartment
PM - peripheral 2,1,16,1,0.007692307692307693,0.0625,0.013698630136986302,expression_summary+interactions,median,rank,15,0.0,60,compartment
mitochondrion - soluble,0,101,9,0.05027932960893855,0.0891089108910891,0.06428571428571428,expression_summary+interactions,median,rank,15,0.0,60,compartment
mitochondrion - membranes,4,67,10,0.07874015748031496,0.14925373134328357,0.10309278350515463,expression_summary+interactions,median,rank,15,0.0,60,compartment
IMC,4,42,10,0.07874015748031496,0.23809523809523808,0.11834319526627217,expression_summary+interactions,median,rank,15,0.0,60,compartment
PM - peripheral 1,1,15,7,0.05384615384615385,0.4666666666666667,0.09655172413793103,expression_summary+interactions,median,rank,15,0.0,60,compartment
Golgi,0,62,6,0.0335195530726257,0.0967741935483871,0.04979253112033195,expression_summary+interactions,median,rank,15,0.25,25,compartment
cytosol,2,215,39,0.3,0.1813953488372093,0.22608695652173913,expression_summary+interactions,median,rank,15,0.25,25,compartment
micronemes,2,20,3,0.023076923076923078,0.15,0.04,expression_summary+interactions,median,rank,15,0.25,25,compartment
nucleus - chromatin,1,273,253,0.09401709401709402,0.9267399267399268,0.17071524966261808,expression_summary+interactions,median,rank,15,0.25,25,compartment
apicoplast,0,61,9,0.05027932960893855,0.14754098360655737,0.075,expression_summary+interactions,median,rank,15,0.25,25,compartment
dense granules,2,68,8,0.06153846153846154,0.11764705882352941,0.08080808080808081,expression_summary+interactions,median,rank,15,0.25,25,compartment
nucleus - non-chromatin,2,172,24,0.18461538461538463,0.13953488372093023,0.15894039735099336,expression_summary+interactions,median,rank,15,0.25,25,compartment
rhoptries 1,2,27,3,0.023076923076923078,0.1111111111111111,0.03821656050955414,expression_summary+interactions,median,rank,15,0.25,25,compartment
ER,1,92,86,0.031958379784466744,0.9347826086956522,0.061803808839381975,expression_summary+interactions,median,rank,15,0.25,25,compartment
apical 1,0,21,2,0.0111731843575419,0.09523809523809523,0.02,expression_summary+interactions,median,rank,15,0.25,25,compartment
PM - integral,1,53,52,0.01932367149758454,0.9811320754716981,0.03790087463556851,expression_summary+interactions,median,rank,15,0.25,25,compartment
nucleolus,2,16,1,0.007692307692307693,0.0625,0.013698630136986302,expression_summary+interactions,median,rank,15,0.25,25,compartment
PM - peripheral 2,2,16,1,0.007692307692307693,0.0625,0.013698630136986302,expression_summary+interactions,median,rank,15,0.25,25,compartment
mitochondrion - soluble,0,101,9,0.05027932960893855,0.0891089108910891,0.06428571428571428,expression_summary+interactions,median,rank,15,0.25,25,compartment
mitochondrion - membranes,1,67,59,0.021924934968413228,0.8805970149253731,0.04278462654097172,expression_summary+interactions,median,rank,15,0.25,25,compartment
IMC,2,42,5,0.038461538461538464,0.11904761904761904,0.058139534883720936,expression_summary+interactions,median,rank,15,0.25,25,compartment
PM - peripheral 1,2,15,7,0.05384615384615385,0.4666666666666667,0.09655172413793103,expression_summary+interactions,median,rank,15,0.25,25,compartment
Golgi,0,62,6,0.0335195530726257,0.0967741935483871,0.04979253112033195,expression_summary+interactions,median,rank,15,0.25,60,compartment
cytosol,2,215,39,0.3,0.1813953488372093,0.22608695652173913,expression_summary+interactions,median,rank,15,0.25,60,compartment
micronemes,2,20,3,0.023076923076923078,0.15,0.04,expression_summary+interactions,median,rank,15,0.25,60,compartment
nucleus - chromatin,1,273,253,0.09401709401709402,0.9267399267399268,0.17071524966261808,expression_summary+interactions,median,rank,15,0.25,60,compartment
apicoplast,0,61,9,0.05027932960893855,0.14754098360655737,0.075,expression_summary+interactions,median,rank,15,0.25,60,compartment
dense granules,2,68,8,0.06153846153846154,0.11764705882352941,0.08080808080808081,expression_summary+interactions,median,rank,15,0.25,60,compartment
nucleus - non-chromatin,2,172,24,0.18461538461538463,0.13953488372093023,0.15894039735099336,expression_summary+interactions,median,rank,15,0.25,60,compartment
rhoptries 1,2,27,3,0.023076923076923078,0.1111111111111111,0.03821656050955414,expression_summary+interactions,median,rank,15,0.25,60,compartment
ER,1,92,86,0.031958379784466744,0.9347826086956522,0.061803808839381975,expression_summary+interactions,median,rank,15,0.25,60,compartment
apical 1,0,21,2,0.0111731843575419,0.09523809523809523,0.02,expression_summary+interactions,median,rank,15,0.25,60,compartment
PM - integral,1,53,52,0.01932367149758454,0.9811320754716981,0.03790087463556851,expression_summary+interactions,median,rank,15,0.25,60,compartment
nucleolus,2,16,1,0.007692307692307693,0.0625,0.013698630136986302,expression_summary+interactions,median,rank,15,0.25,60,compartment
PM - peripheral 2,2,16,1,0.007692307692307693,0.0625,0.013698630136986302,expression_summary+interactions,median,rank,15,0.25,60,compartment
mitochondrion - soluble,0,101,9,0.05027932960893855,0.0891089108910891,0.06428571428571428,expression_summary+interactions,median,rank,15,0.25,60,compartment
mitochondrion - membranes,1,67,59,0.021924934968413228,0.8805970149253731,0.04278462654097172,expression_summary+interactions,median,rank,15,0.25,60,compartment
IMC,2,42,5,0.038461538461538464,0.11904761904761904,0.058139534883720936,expression_summary+interactions,median,rank,15,0.25,60,compartment
PM - peripheral 1,2,15,7,0.05384615384615385,0.4666666666666667,0.09655172413793103,expression_summary+interactions,median,rank,15,0.25,60,compartment
Golgi,3,62,4,0.03361344537815126,0.06451612903225806,0.04419889502762431,expression_summary+interactions,median,rank,50,0.0,25,compartment
cytosol,0,214,38,0.296875,0.17757009345794392,0.2222222222222222,expression_summary+interactions,median,rank,50,0.0,25,compartment
micronemes,0,20,3,0.0234375,0.15,0.040540540540540536,expression_summary+interactions,median,rank,50,0.0,25,compartment
nucleus - chromatin,1,273,217,0.096875,0.7948717948717948,0.17270194986072424,expression_summary+interactions,median,rank,50,0.0,25,compartment
apicoplast,4,61,4,0.07017543859649122,0.06557377049180328,0.06779661016949151,expression_summary+interactions,median,rank,50,0.0,25,compartment
dense granules,0,68,8,0.0625,0.11764705882352941,0.08163265306122448,expression_summary+interactions,median,rank,50,0.0,25,compartment
nucleus - non-chromatin,0,172,24,0.1875,0.13953488372093023,0.15999999999999998,expression_summary+interactions,median,rank,50,0.0,25,compartment
rhoptries 1,0,27,3,0.0234375,0.1111111111111111,0.03870967741935484,expression_summary+interactions,median,rank,50,0.0,25,compartment
ER,2,92,21,0.046153846153846156,0.22826086956521738,0.07678244972577697,expression_summary+interactions,median,rank,50,0.0,25,compartment
apical 1,3,21,2,0.01680672268907563,0.09523809523809523,0.02857142857142857,expression_summary+interactions,median,rank,50,0.0,25,compartment
PM - integral,2,53,17,0.03736263736263736,0.32075471698113206,0.06692913385826772,expression_summary+interactions,median,rank,50,0.0,25,compartment
nucleolus,2,16,4,0.008791208791208791,0.25,0.016985138004246284,expression_summary+interactions,median,rank,50,0.0,25,compartment
PM - peripheral 2,3,16,1,0.008403361344537815,0.0625,0.014814814814814815,expression_summary+interactions,median,rank,50,0.0,25,compartment
mitochondrion - soluble,3,101,8,0.06722689075630252,0.07920792079207921,0.07272727272727274,expression_summary+interactions,median,rank,50,0.0,25,compartment
mitochondrion - membranes,1,67,53,0.023660714285714285,0.7910447761194029,0.045947117468573904,expression_summary+interactions,median,rank,50,0.0,25,compartment
IMC,0,42,5,0.0390625,0.11904761904761904,0.058823529411764705,expression_summary+interactions,median,rank,50,0.0,25,compartment
PM - peripheral 1,0,15,6,0.046875,0.4,0.08391608391608392,expression_summary+interactions,median,rank,50,0.0,25,compartment
Golgi,1,62,6,0.03389830508474576,0.0967741935483871,0.0502092050209205,expression_summary+interactions,median,rank,50,0.0,60,compartment
cytosol,0,215,38,0.296875,0.17674418604651163,0.2215743440233236,expression_summary+interactions,median,rank,50,0.0,60,compartment
micronemes,0,20,3,0.0234375,0.15,0.040540540540540536,expression_summary+interactions,median,rank,50,0.0,60,compartment
nucleus - chromatin,2,273,217,0.096875,0.7948717948717948,0.17270194986072424,expression_summary+interactions,median,rank,50,0.0,60,compartment
apicoplast,1,61,9,0.05084745762711865,0.14754098360655737,0.07563025210084034,expression_summary+interactions,median,rank,50,0.0,60,compartment
dense granules,0,68,8,0.0625,0.11764705882352941,0.08163265306122448,expression_summary+interactions,median,rank,50,0.0,60,compartment
nucleus - non-chromatin,0,172,24,0.1875,0.13953488372093023,0.15999999999999998,expression_summary+interactions,median,rank,50,0.0,60,compartment
rhoptries 1,0,27,3,0.0234375,0.1111111111111111,0.03870967741935484,expression_summary+interactions,median,rank,50,0.0,60,compartment
ER,3,92,21,0.046153846153846156,0.22826086956521738,0.07678244972577697,expression_summary+interactions,median,rank,50,0.0,60,compartment
apical 1,1,21,2,0.011299435028248588,0.09523809523809523,0.0202020202020202,expression_summary+interactions,median,rank,50,0.0,60,compartment
PM - integral,3,53,17,0.03736263736263736,0.32075471698113206,0.06692913385826772,expression_summary+interactions,median,rank,50,0.0,60,compartment
nucleolus,3,16,4,0.008791208791208791,0.25,0.016985138004246284,expression_summary+interactions,median,rank,50,0.0,60,compartment
PM - peripheral 2,0,16,1,0.0078125,0.0625,0.013888888888888888,expression_summary+interactions,median,rank,50,0.0,60,compartment
mitochondrion - soluble,2,101,77,0.034375,0.7623762376237624,0.06578385305425032,expression_summary+interactions,median,rank,50,0.0,60,compartment
mitochondrion - membranes,2,67,53,0.023660714285714285,0.7910447761194029,0.045947117468573904,expression_summary+interactions,median,rank,50,0.0,60,compartment
IMC,0,42,5,0.0390625,0.11904761904761904,0.058823529411764705,expression_summary+interactions,median,rank,50,0.0,60,compartment
PM - peripheral 1,0,15,6,0.046875,0.4,0.08391608391608392,expression_summary+interactions,median,rank,50,0.0,60,compartment
Golgi,2,62,6,0.03409090909090909,0.0967741935483871,0.050420168067226885,expression_summary+interactions,median,rank,50,0.25,25,compartment
cytosol,0,214,39,0.3023255813953488,0.1822429906542056,0.22740524781341107,expression_summary+interactions,median,rank,50,0.25,25,compartment
micronemes,0,20,3,0.023255813953488372,0.15,0.040268456375838924,expression_summary+interactions,median,rank,50,0.25,25,compartment
nucleus - chromatin,1,273,253,0.09391239792130661,0.9267399267399268,0.17054263565891473,expression_summary+interactions,median,rank,50,0.25,25,compartment
apicoplast,2,61,9,0.05113636363636364,0.14754098360655737,0.0759493670886076,expression_summary+interactions,median,rank,50,0.25,25,compartment
dense granules,0,68,8,0.06201550387596899,0.11764705882352941,0.08121827411167512,expression_summary+interactions,median,rank,50,0.25,25,compartment
nucleus - non-chromatin,0,172,24,0.18604651162790697,0.13953488372093023,0.15946843853820597,expression_summary+interactions,median,rank,50,0.25,25,compartment
rhoptries 1,0,27,3,0.023255813953488372,0.1111111111111111,0.038461538461538464,expression_summary+interactions,median,rank,50,0.25,25,compartment
ER,1,92,86,0.03192279138827023,0.9347826086956522,0.061737257717157205,expression_summary+interactions,median,rank,50,0.25,25,compartment
apical 1,2,21,2,0.011363636363636364,0.09523809523809523,0.020304568527918784,expression_summary+interactions,median,rank,50,0.25,25,compartment
PM - integral,1,53,52,0.019302152932442463,0.9811320754716981,0.03785948307244266,expression_summary+interactions,median,rank,50,0.25,25,compartment
nucleolus,0,16,1,0.007751937984496124,0.0625,0.013793103448275862,expression_summary+interactions,median,rank,50,0.25,25,compartment
PM - peripheral 2,0,16,1,0.007751937984496124,0.0625,0.013793103448275862,expression_summary+interactions,median,rank,50,0.25,25,compartment
mitochondrion - soluble,2,101,9,0.05113636363636364,0.0891089108910891,0.06498194945848376,expression_summary+interactions,median,rank,50,0.25,25,compartment
mitochondrion - membranes,1,67,59,0.02190051967334818,0.8805970149253731,0.04273813835566823,expression_summary+interactions,median,rank,50,0.25,25,compartment
IMC,0,42,5,0.03875968992248062,0.11904761904761904,0.058479532163742694,expression_summary+interactions,median,rank,50,0.25,25,compartment
PM - peripheral 1,0,15,6,0.046511627906976744,0.4,0.08333333333333333,expression_summary+interactions,median,rank,50,0.25,25,compartment
Golgi,0,62,61,0.02124695228143504,0.9838709677419355,0.04159563586771224,expression_summary+interactions,median,rank,50,0.25,60,compartment
cytosol,1,215,39,0.3023255813953488,0.1813953488372093,0.22674418604651161,expression_summary+interactions,median,rank,50,0.25,60,compartment
micronemes,1,20,3,0.023255813953488372,0.15,0.040268456375838924,expression_summary+interactions,median,rank,50,0.25,60,compartment
nucleus - chromatin,0,273,266,0.0926506443747823,0.9743589743589743,0.1692111959287532,expression_summary+interactions,median,rank,50,0.25,60,compartment
apicoplast,0,61,58,0.020202020202020204,0.9508196721311475,0.03956343792633015,expression_summary+interactions,median,rank,50,0.25,60,compartment
dense granules,1,68,8,0.06201550387596899,0.11764705882352941,0.08121827411167512,expression_summary+interactions,median,rank,50,0.25,60,compartment
nucleus - non-chromatin,1,172,24,0.18604651162790697,0.13953488372093023,0.15946843853820597,expression_summary+interactions,median,rank,50,0.25,60,compartment
rhoptries 1,1,27,3,0.023255813953488372,0.1111111111111111,0.038461538461538464,expression_summary+interactions,median,rank,50,0.25,60,compartment
ER,0,92,91,0.03169627307558342,0.9891304347826086,0.06142423219709753,expression_summary+interactions,median,rank,50,0.25,60,compartment
apical 1,0,21,21,0.0073145245559038665,1.0,0.014522821576763486,expression_summary+interactions,median,rank,50,0.25,60,compartment
PM - integral,0,53,52,0.018112156043190525,0.9811320754716981,0.03556771545827633,expression_summary+interactions,median,rank,50,0.25,60,compartment
nucleolus,1,16,1,0.007751937984496124,0.0625,0.013793103448275862,expression_summary+interactions,median,rank,50,0.25,60,compartment
PM - peripheral 2,1,16,1,0.007751937984496124,0.0625,0.013793103448275862,expression_summary+interactions,median,rank,50,0.25,60,compartment
mitochondrion - soluble,0,101,97,0.033786137234413094,0.9603960396039604,0.06527590847913863,expression_summary+interactions,median,rank,50,0.25,60,compartment
mitochondrion - membranes,0,67,64,0.02229188436084988,0.9552238805970149,0.04356705241660994,expression_summary+interactions,median,rank,50,0.25,60,compartment
IMC,1,42,5,0.03875968992248062,0.11904761904761904,0.058479532163742694,expression_summary+interactions,median,rank,50,0.25,60,compartment
PM - peripheral 1,1,15,6,0.046511627906976744,0.4,0.08333333333333333,expression_summary+interactions,median,rank,50,0.25,60,compartment
Golgi,19,35,4,0.0851063829787234,0.11428571428571428,0.09756097560975609,expression_raw+fitness_screens,median,rank,15,0.0,25,compartment
cytosol,7,134,43,0.23756906077348067,0.3208955223880597,0.27301587301587305,expression_raw+fitness_screens,median,rank,15,0.0,25,compartment
micronemes,1,15,6,0.057692307692307696,0.4,0.10084033613445378,expression_raw+fitness_screens,median,rank,15,0.0,25,compartment
nucleus - chromatin,22,137,25,0.18115942028985507,0.18248175182481752,0.1818181818181818,expression_raw+fitness_screens,median,rank,15,0.0,25,compartment
dense granules,1,46,19,0.18269230769230768,0.41304347826086957,0.2533333333333333,expression_raw+fitness_screens,median,rank,15,0.0,25,compartment
nucleus - non-chromatin,19,96,12,0.2553191489361702,0.125,0.16783216783216784,expression_raw+fitness_screens,median,rank,15,0.0,25,compartment
ER,7,57,17,0.09392265193370165,0.2982456140350877,0.14285714285714285,expression_raw+fitness_screens,median,rank,15,0.0,25,compartment
apicoplast,24,30,4,0.08695652173913043,0.13333333333333333,0.10526315789473685,expression_raw+fitness_screens,median,rank,15,0.0,25,compartment
PM - integral,7,30,8,0.04419889502762431,0.26666666666666666,0.07582938388625593,expression_raw+fitness_screens,median,rank,15,0.0,25,compartment
mitochondrion - soluble,20,52,7,0.11864406779661017,0.1346153846153846,0.12612612612612614,expression_raw+fitness_screens,median,rank,15,0.0,25,compartment
mitochondrion - membranes,23,32,4,0.12903225806451613,0.125,0.12698412698412698,expression_raw+fitness_screens,median,rank,15,0.0,25,compartment
rhoptries 1,1,18,10,0.09615384615384616,0.5555555555555556,0.1639344262295082,expression_raw+fitness_screens,median,rank,15,0.0,25,compartment
IMC,24,25,3,0.06521739130434782,0.12,0.08450704225352111,expression_raw+fitness_screens,median,rank,15,0.0,25,compartment
Golgi,1,55,52,0.020942408376963352,0.9454545454545454,0.04097714736012608,expression_raw+fitness_screens,median,rank,15,0.0,60,compartment
cytosol,1,197,197,0.07933950865888038,1.0,0.14701492537313432,expression_raw+fitness_screens,median,rank,15,0.0,60,compartment
micronemes,0,19,6,0.05217391304347826,0.3157894736842105,0.08955223880597014,expression_raw+fitness_screens,median,rank,15,0.0,60,compartment
nucleus - chromatin,1,235,230,0.09262988320579943,0.9787234042553191,0.1692420897718911,expression_raw+fitness_screens,median,rank,15,0.0,60,compartment
apicoplast,1,59,58,0.023358840112766815,0.9830508474576272,0.045633359559402044,expression_raw+fitness_screens,median,rank,15,0.0,60,compartment
dense granules,0,66,19,0.16521739130434782,0.2878787878787879,0.20994475138121546,expression_raw+fitness_screens,median,rank,15,0.0,60,compartment
nucleus - non-chromatin,1,160,160,0.0644381796214257,1.0,0.12107453651153992,expression_raw+fitness_screens,median,rank,15,0.0,60,compartment
rhoptries 1,0,26,10,0.08695652173913043,0.38461538461538464,0.14184397163120566,expression_raw+fitness_screens,median,rank,15,0.0,60,compartment
ER,1,85,84,0.03383004430124849,0.9882352941176471,0.06542056074766356,expression_raw+fitness_screens,median,rank,15,0.0,60,compartment
PM - integral,0,47,5,0.043478260869565216,0.10638297872340426,0.06172839506172839,expression_raw+fitness_screens,median,rank,15,0.0,60,compartment
nucleolus,1,15,15,0.006041079339508659,1.0,0.012009607686148917,expression_raw+fitness_screens,median,rank,15,0.0,60,compartment
apical 1,0,15,4,0.034782608695652174,0.26666666666666666,0.061538461538461535,expression_raw+fitness_screens,median,rank,15,0.0,60,compartment
mitochondrion - soluble,1,94,93,0.03745469190495369,0.9893617021276596,0.07217694994179279,expression_raw+fitness_screens,median,rank,15,0.0,60,compartment
mitochondrion - membranes,1,55,55,0.022150624244865084,1.0,0.04334121355397952,expression_raw+fitness_screens,median,rank,15,0.0,60,compartment
IMC,0,33,3,0.02608695652173913,0.09090909090909091,0.040540540540540536,expression_raw+fitness_screens,median,rank,15,0.0,60,compartment
PM - peripheral 1,0,15,3,0.02608695652173913,0.2,0.046153846153846156,expression_raw+fitness_screens,median,rank,15,0.0,60,compartment
Golgi,2,41,39,0.022674418604651164,0.9512195121951219,0.044293015332197615,expression_raw+fitness_screens,median,rank,15,0.25,25,compartment
nucleus - chromatin,2,164,161,0.0936046511627907,0.9817073170731707,0.17091295116772826,expression_raw+fitness_screens,median,rank,15,0.25,25,compartment
dense granules,1,46,14,0.18666666666666668,0.30434782608695654,0.23140495867768598,expression_raw+fitness_screens,median,rank,15,0.25,25,compartment
nucleus - non-chromatin,2,114,114,0.06627906976744186,1.0,0.12431842966194111,expression_raw+fitness_screens,median,rank,15,0.25,25,compartment
ER,2,63,63,0.03662790697674419,1.0,0.0706674144699944,expression_raw+fitness_screens,median,rank,15,0.25,25,compartment
apicoplast,2,40,40,0.023255813953488372,1.0,0.04545454545454545,expression_raw+fitness_screens,median,rank,15,0.25,25,compartment
rhoptries 1,1,16,6,0.08,0.375,0.13186813186813187,expression_raw+fitness_screens,median,rank,15,0.25,25,compartment
PM - integral,1,28,3,0.04,0.10714285714285714,0.05825242718446603,expression_raw+fitness_screens,median,rank,15,0.25,25,compartment
cytosol,2,137,137,0.07965116279069767,1.0,0.14754981152396338,expression_raw+fitness_screens,median,rank,15,0.25,25,compartment
mitochondrion - soluble,2,65,64,0.037209302325581395,0.9846153846153847,0.07170868347338936,expression_raw+fitness_screens,median,rank,15,0.25,25,compartment
mitochondrion - membranes,2,41,41,0.023837209302325583,1.0,0.04656445201590006,expression_raw+fitness_screens,median,rank,15,0.25,25,compartment
IMC,1,24,3,0.04,0.125,0.06060606060606061,expression_raw+fitness_screens,median,rank,15,0.25,25,compartment
Golgi,0,33,33,0.020121951219512196,1.0,0.03945008965929468,expression_raw+fitness_screens,median,rank,15,0.25,60,compartment
cytosol,0,114,114,0.06951219512195123,1.0,0.12998859749144812,expression_raw+fitness_screens,median,rank,15,0.25,60,compartment
nucleus - chromatin,0,166,166,0.10121951219512196,1.0,0.18383167220376523,expression_raw+fitness_screens,median,rank,15,0.25,60,compartment
dense granules,0,38,38,0.023170731707317073,1.0,0.04529201430274136,expression_raw+fitness_screens,median,rank,15,0.25,60,compartment
apicoplast,0,41,41,0.025,1.0,0.04878048780487806,expression_raw+fitness_screens,median,rank,15,0.25,60,compartment
ER,0,61,61,0.03719512195121951,1.0,0.07172251616696061,expression_raw+fitness_screens,median,rank,15,0.25,60,compartment
nucleus - non-chromatin,0,97,97,0.05914634146341463,1.0,0.11168681635002879,expression_raw+fitness_screens,median,rank,15,0.25,60,compartment
PM - integral,0,22,22,0.013414634146341463,1.0,0.026474127557160047,expression_raw+fitness_screens,median,rank,15,0.25,60,compartment
mitochondrion - soluble,0,59,59,0.03597560975609756,1.0,0.06945261918775751,expression_raw+fitness_screens,median,rank,15,0.25,60,compartment
mitochondrion - membranes,0,38,38,0.023170731707317073,1.0,0.04529201430274136,expression_raw+fitness_screens,median,rank,15,0.25,60,compartment
Golgi,15,35,3,0.08823529411764706,0.08571428571428572,0.08695652173913045,expression_raw+fitness_screens,median,rank,50,0.0,25,compartment
nucleus - chromatin,17,148,36,0.18181818181818182,0.24324324324324326,0.20809248554913296,expression_raw+fitness_screens,median,rank,50,0.0,25,compartment
apicoplast,17,34,12,0.06060606060606061,0.35294117647058826,0.10344827586206896,expression_raw+fitness_screens,median,rank,50,0.0,25,compartment
dense granules,3,49,19,0.19,0.3877551020408163,0.2550335570469799,expression_raw+fitness_screens,median,rank,50,0.0,25,compartment
nucleus - non-chromatin,16,94,33,0.16336633663366337,0.35106382978723405,0.22297297297297297,expression_raw+fitness_screens,median,rank,50,0.0,25,compartment
ER,4,54,21,0.07749077490774908,0.3888888888888889,0.12923076923076923,expression_raw+fitness_screens,median,rank,50,0.0,25,compartment
rhoptries 1,3,18,10,0.1,0.5555555555555556,0.16949152542372883,expression_raw+fitness_screens,median,rank,50,0.0,25,compartment
cytosol,4,133,64,0.23616236162361623,0.48120300751879697,0.3168316831683168,expression_raw+fitness_screens,median,rank,50,0.0,25,compartment
mitochondrion - soluble,18,51,5,0.16666666666666666,0.09803921568627451,0.12345679012345677,expression_raw+fitness_screens,median,rank,50,0.0,25,compartment
mitochondrion - membranes,16,37,17,0.08415841584158416,0.4594594594594595,0.14225941422594143,expression_raw+fitness_screens,median,rank,50,0.0,25,compartment
PM - integral,3,30,6,0.06,0.2,0.09230769230769231,expression_raw+fitness_screens,median,rank,50,0.0,25,compartment
IMC,4,23,8,0.02952029520295203,0.34782608695652173,0.05442176870748299,expression_raw+fitness_screens,median,rank,50,0.0,25,compartment
Golgi,4,30,6,0.05042016806722689,0.2,0.08053691275167786,expression_raw+fitness_screens,median,rank,50,0.0,60,compartment
cytosol,3,117,46,0.215962441314554,0.39316239316239315,0.2787878787878788,expression_raw+fitness_screens,median,rank,50,0.0,60,compartment
nucleus - chromatin,7,127,69,0.138,0.5433070866141733,0.22009569377990432,expression_raw+fitness_screens,median,rank,50,0.0,60,compartment
apicoplast,7,43,30,0.06,0.6976744186046512,0.11049723756906078,expression_raw+fitness_screens,median,rank,50,0.0,60,compartment
dense granules,0,40,17,0.18888888888888888,0.425,0.2615384615384615,expression_raw+fitness_screens,median,rank,50,0.0,60,compartment
nucleus - non-chromatin,7,83,57,0.114,0.6867469879518072,0.19554030874785594,expression_raw+fitness_screens,median,rank,50,0.0,60,compartment
ER,3,52,18,0.08450704225352113,0.34615384615384615,0.13584905660377358,expression_raw+fitness_screens,median,rank,50,0.0,60,compartment
PM - integral,0,21,5,0.05555555555555555,0.23809523809523808,0.0900900900900901,expression_raw+fitness_screens,median,rank,50,0.0,60,compartment
mitochondrion - soluble,7,60,33,0.066,0.55,0.11785714285714285,expression_raw+fitness_screens,median,rank,50,0.0,60,compartment
mitochondrion - membranes,3,34,11,0.051643192488262914,0.3235294117647059,0.08906882591093118,expression_raw+fitness_screens,median,rank,50,0.0,60,compartment
IMC,3,23,9,0.04225352112676056,0.391304347826087,0.07627118644067797,expression_raw+fitness_screens,median,rank,50,0.0,60,compartment
Golgi,3,18,8,0.04790419161676647,0.4444444444444444,0.08648648648648649,expression_raw+fitness_screens,median,rank,50,0.25,25,compartment
nucleus - chromatin,5,75,28,0.2014388489208633,0.37333333333333335,0.2616822429906542,expression_raw+fitness_screens,median,rank,50,0.25,25,compartment
dense granules,2,29,14,0.19718309859154928,0.4827586206896552,0.27999999999999997,expression_raw+fitness_screens,median,rank,50,0.25,25,compartment
ER,4,33,12,0.0916030534351145,0.36363636363636365,0.14634146341463414,expression_raw+fitness_screens,median,rank,50,0.25,25,compartment
nucleus - non-chromatin,4,56,23,0.17557251908396945,0.4107142857142857,0.2459893048128342,expression_raw+fitness_screens,median,rank,50,0.25,25,compartment
apicoplast,9,19,3,0.07317073170731707,0.15789473684210525,0.09999999999999999,expression_raw+fitness_screens,median,rank,50,0.25,25,compartment
mitochondrion - soluble,4,29,10,0.07633587786259542,0.3448275862068966,0.125,expression_raw+fitness_screens,median,rank,50,0.25,25,compartment
mitochondrion - membranes,4,20,11,0.08396946564885496,0.55,0.1456953642384106,expression_raw+fitness_screens,median,rank,50,0.25,25,compartment
PM - integral,2,16,4,0.056338028169014086,0.25,0.09195402298850576,expression_raw+fitness_screens,median,rank,50,0.25,25,compartment
cytosol,3,80,43,0.25748502994011974,0.5375,0.3481781376518218,expression_raw+fitness_screens,median,rank,50,0.25,25,compartment
Golgi,0,34,34,0.019871420222092345,1.0,0.03896848137535817,expression_raw+fitness_screens,median,rank,50,0.25,60,compartment
nucleus - chromatin,0,171,171,0.09994155464640561,1.0,0.18172157279489906,expression_raw+fitness_screens,median,rank,50,0.25,60,compartment
apicoplast,0,40,40,0.023378141437755698,1.0,0.045688178183894916,expression_raw+fitness_screens,median,rank,50,0.25,60,compartment
dense granules,0,42,42,0.024547048509643482,1.0,0.04791785510553337,expression_raw+fitness_screens,median,rank,50,0.25,60,compartment
ER,0,58,58,0.03389830508474576,1.0,0.06557377049180328,expression_raw+fitness_screens,median,rank,50,0.25,60,compartment
nucleus - non-chromatin,0,94,94,0.05493863237872589,1.0,0.1041551246537396,expression_raw+fitness_screens,median,rank,50,0.25,60,compartment
cytosol,0,120,120,0.0701344243132671,1.0,0.13107591480065536,expression_raw+fitness_screens,median,rank,50,0.25,60,compartment
mitochondrion - soluble,0,62,62,0.03623611922852133,1.0,0.06993795826283135,expression_raw+fitness_screens,median,rank,50,0.25,60,compartment
mitochondrion - membranes,0,42,42,0.024547048509643482,1.0,0.04791785510553337,expression_raw+fitness_screens,median,rank,50,0.25,60,compartment
PM - integral,0,26,25,0.014611338398597311,0.9615384615384616,0.028785261945883704,expression_raw+fitness_screens,median,rank,50,0.25,60,compartment
IMC,0,20,20,0.011689070718877849,1.0,0.02310803004043905,expression_raw+fitness_screens,median,rank,50,0.25,60,compartment
Golgi,2,62,19,0.03564727954971857,0.3064516129032258,0.06386554621848739,expression_raw+published_screens,median,rank,15,0.0,25,compartment
cytosol,0,214,127,0.12776659959758552,0.5934579439252337,0.21026490066225165,expression_raw+published_screens,median,rank,15,0.0,25,compartment
micronemes,3,19,11,0.011702127659574468,0.5789473684210527,0.022940563086548488,expression_raw+published_screens,median,rank,15,0.0,25,compartment
nucleus - chromatin,2,268,93,0.17448405253283303,0.34701492537313433,0.23220973782771537,expression_raw+published_screens,median,rank,15,0.0,25,compartment
apicoplast,2,61,33,0.06191369606003752,0.5409836065573771,0.1111111111111111,expression_raw+published_screens,median,rank,15,0.0,25,compartment
dense granules,3,66,39,0.04148936170212766,0.5909090909090909,0.07753479125248508,expression_raw+published_screens,median,rank,15,0.0,25,compartment
nucleus - non-chromatin,2,170,57,0.10694183864915573,0.3352941176470588,0.16216216216216214,expression_raw+published_screens,median,rank,15,0.0,25,compartment
rhoptries 1,3,27,22,0.023404255319148935,0.8148148148148148,0.04550155118924509,expression_raw+published_screens,median,rank,15,0.0,25,compartment
ER,0,92,51,0.05130784708249497,0.5543478260869565,0.09392265193370165,expression_raw+published_screens,median,rank,15,0.0,25,compartment
apical 1,3,21,17,0.018085106382978722,0.8095238095238095,0.03537981269510925,expression_raw+published_screens,median,rank,15,0.0,25,compartment
PM - integral,0,53,26,0.026156941649899398,0.49056603773584906,0.04966571155682904,expression_raw+published_screens,median,rank,15,0.0,25,compartment
nucleolus,2,15,10,0.01876172607879925,0.6666666666666666,0.03649635036496351,expression_raw+published_screens,median,rank,15,0.0,25,compartment
PM - peripheral 2,2,16,5,0.009380863039399626,0.3125,0.018214936247723135,expression_raw+published_screens,median,rank,15,0.0,25,compartment
mitochondrion - soluble,2,99,29,0.054409005628517824,0.29292929292929293,0.09177215189873418,expression_raw+published_screens,median,rank,15,0.0,25,compartment
mitochondrion - membranes,0,65,45,0.04527162977867203,0.6923076923076923,0.08498583569405098,expression_raw+published_screens,median,rank,15,0.0,25,compartment
IMC,0,42,24,0.02414486921529175,0.5714285714285714,0.04633204633204632,expression_raw+published_screens,median,rank,15,0.0,25,compartment
PM - peripheral 1,0,15,11,0.011066398390342052,0.7333333333333333,0.02180376610505451,expression_raw+published_screens,median,rank,15,0.0,25,compartment
Golgi,0,62,48,0.023928215353938187,0.7741935483870968,0.04642166344294004,expression_raw+published_screens,median,rank,15,0.0,60,compartment
cytosol,1,215,127,0.12776659959758552,0.5906976744186047,0.21009098428453268,expression_raw+published_screens,median,rank,15,0.0,60,compartment
micronemes,1,20,7,0.007042253521126761,0.35,0.013806706114398421,expression_raw+published_screens,median,rank,15,0.0,60,compartment
nucleus - chromatin,0,273,199,0.0992023928215354,0.7289377289377289,0.17463799912242212,expression_raw+published_screens,median,rank,15,0.0,60,compartment
apicoplast,0,61,45,0.02243270189431705,0.7377049180327869,0.043541364296081284,expression_raw+published_screens,median,rank,15,0.0,60,compartment
dense granules,0,68,50,0.024925224327018942,0.7352941176470589,0.048216007714561235,expression_raw+published_screens,median,rank,15,0.0,60,compartment
nucleus - non-chromatin,1,172,86,0.08651911468812877,0.5,0.14751286449399656,expression_raw+published_screens,median,rank,15,0.0,60,compartment
rhoptries 1,0,27,24,0.011964107676969093,0.8888888888888888,0.023610427939006397,expression_raw+published_screens,median,rank,15,0.0,60,compartment
ER,1,92,51,0.05130784708249497,0.5543478260869565,0.09392265193370165,expression_raw+published_screens,median,rank,15,0.0,60,compartment
apical 1,0,21,20,0.009970089730807577,0.9523809523809523,0.01973359644795264,expression_raw+published_screens,median,rank,15,0.0,60,compartment
PM - integral,1,53,26,0.026156941649899398,0.49056603773584906,0.04966571155682904,expression_raw+published_screens,median,rank,15,0.0,60,compartment
nucleolus,0,16,11,0.005483549351944167,0.6875,0.010880316518298714,expression_raw+published_screens,median,rank,15,0.0,60,compartment
PM - peripheral 2,0,16,12,0.005982053838484547,0.75,0.011869436201780418,expression_raw+published_screens,median,rank,15,0.0,60,compartment
mitochondrion - soluble,1,101,47,0.047283702213279676,0.46534653465346537,0.08584474885844749,expression_raw+published_screens,median,rank,15,0.0,60,compartment
mitochondrion - membranes,1,67,45,0.04527162977867203,0.6716417910447762,0.08482563619227143,expression_raw+published_screens,median,rank,15,0.0,60,compartment
IMC,1,42,24,0.02414486921529175,0.5714285714285714,0.04633204633204632,expression_raw+published_screens,median,rank,15,0.0,60,compartment
PM - peripheral 1,1,15,11,0.011066398390342052,0.7333333333333333,0.02180376610505451,expression_raw+published_screens,median,rank,15,0.0,60,compartment
Golgi,3,52,37,0.02945859872611465,0.7115384615384616,0.05657492354740061,expression_raw+published_screens,median,rank,15,0.25,25,compartment
cytosol,4,193,115,0.1329479768786127,0.5958549222797928,0.21739130434782608,expression_raw+published_screens,median,rank,15,0.25,25,compartment
micronemes,3,18,12,0.009554140127388535,0.6666666666666666,0.018838304552590265,expression_raw+published_screens,median,rank,15,0.25,25,compartment
nucleus - chromatin,3,245,169,0.13455414012738853,0.689795918367347,0.22518321119253829,expression_raw+published_screens,median,rank,15,0.25,25,compartment
apicoplast,3,48,33,0.026273885350318472,0.6875,0.05061349693251534,expression_raw+published_screens,median,rank,15,0.25,25,compartment
dense granules,3,60,41,0.03264331210191083,0.6833333333333333,0.06231003039513678,expression_raw+published_screens,median,rank,15,0.25,25,compartment
nucleus - non-chromatin,4,147,80,0.09248554913294797,0.54421768707483,0.15810276679841898,expression_raw+published_screens,median,rank,15,0.25,25,compartment
ER,4,72,41,0.047398843930635835,0.5694444444444444,0.08751334044823905,expression_raw+published_screens,median,rank,15,0.25,25,compartment
apical 1,3,16,16,0.012738853503184714,1.0,0.025157232704402517,expression_raw+published_screens,median,rank,15,0.25,25,compartment
PM - integral,4,43,24,0.027745664739884393,0.5581395348837209,0.05286343612334802,expression_raw+published_screens,median,rank,15,0.25,25,compartment
mitochondrion - soluble,4,85,40,0.046242774566473986,0.47058823529411764,0.08421052631578947,expression_raw+published_screens,median,rank,15,0.25,25,compartment
mitochondrion - membranes,4,57,39,0.04508670520231214,0.6842105263157895,0.08459869848156182,expression_raw+published_screens,median,rank,15,0.25,25,compartment
rhoptries 1,3,22,19,0.015127388535031847,0.8636363636363636,0.0297339593114241,expression_raw+published_screens,median,rank,15,0.25,25,compartment
IMC,4,35,21,0.024277456647398842,0.6,0.04666666666666666,expression_raw+published_screens,median,rank,15,0.25,25,compartment
cytosol,0,177,111,0.13875,0.6271186440677966,0.2272262026612078,expression_raw+published_screens,median,rank,15,0.25,60,compartment
micronemes,2,15,8,0.01238390092879257,0.5333333333333333,0.024205748865355523,expression_raw+published_screens,median,rank,15,0.25,60,compartment
nucleus - chromatin,3,202,65,0.1867816091954023,0.3217821782178218,0.2363636363636364,expression_raw+published_screens,median,rank,15,0.25,60,compartment
apicoplast,3,46,24,0.06896551724137931,0.5217391304347826,0.12182741116751268,expression_raw+published_screens,median,rank,15,0.25,60,compartment
dense granules,2,44,20,0.030959752321981424,0.45454545454545453,0.057971014492753624,expression_raw+published_screens,median,rank,15,0.25,60,compartment
nucleus - non-chromatin,0,134,77,0.09625,0.5746268656716418,0.16488222698072807,expression_raw+published_screens,median,rank,15,0.25,60,compartment
ER,0,70,42,0.0525,0.6,0.09655172413793103,expression_raw+published_screens,median,rank,15,0.25,60,compartment
Golgi,2,40,20,0.030959752321981424,0.5,0.05830903790087463,expression_raw+published_screens,median,rank,15,0.25,60,compartment
PM - integral,0,34,19,0.02375,0.5588235294117647,0.045563549160671464,expression_raw+published_screens,median,rank,15,0.25,60,compartment
mitochondrion - soluble,3,75,19,0.05459770114942529,0.25333333333333335,0.08983451536643025,expression_raw+published_screens,median,rank,15,0.25,60,compartment
mitochondrion - membranes,0,53,38,0.0475,0.7169811320754716,0.08909730363423211,expression_raw+published_screens,median,rank,15,0.25,60,compartment
rhoptries 1,2,19,17,0.02631578947368421,0.8947368421052632,0.051127819548872175,expression_raw+published_screens,median,rank,15,0.25,60,compartment
IMC,0,35,22,0.0275,0.6285714285714286,0.05269461077844312,expression_raw+published_screens,median,rank,15,0.25,60,compartment
Golgi,3,60,18,0.0375,0.3,0.06666666666666667,expression_raw+published_screens,median,rank,50,0.0,25,compartment
cytosol,0,209,127,0.12586719524281467,0.6076555023923444,0.2085385878489327,expression_raw+published_screens,median,rank,50,0.0,25,compartment
micronemes,2,19,11,0.01233183856502242,0.5789473684210527,0.024149286498353455,expression_raw+published_screens,median,rank,50,0.0,25,compartment
nucleus - chromatin,3,259,87,0.18125,0.3359073359073359,0.2354533152909337,expression_raw+published_screens,median,rank,50,0.0,25,compartment
apicoplast,3,56,28,0.058333333333333334,0.5,0.1044776119402985,expression_raw+published_screens,median,rank,50,0.0,25,compartment
dense granules,2,63,36,0.04035874439461883,0.5714285714285714,0.07539267015706806,expression_raw+published_screens,median,rank,50,0.0,25,compartment
nucleus - non-chromatin,3,167,53,0.11041666666666666,0.31736526946107785,0.16383307573415765,expression_raw+published_screens,median,rank,50,0.0,25,compartment
ER,0,89,51,0.05054509415262636,0.5730337078651685,0.09289617486338798,expression_raw+published_screens,median,rank,50,0.0,25,compartment
apical 1,2,19,16,0.017937219730941704,0.8421052631578947,0.03512623490669594,expression_raw+published_screens,median,rank,50,0.0,25,compartment
PM - integral,0,51,26,0.02576808721506442,0.5098039215686274,0.04905660377358491,expression_raw+published_screens,median,rank,50,0.0,25,compartment
PM - peripheral 2,3,15,4,0.008333333333333333,0.26666666666666666,0.01616161616161616,expression_raw+published_screens,median,rank,50,0.0,25,compartment
mitochondrion - soluble,3,97,26,0.05416666666666667,0.26804123711340205,0.09012131715771232,expression_raw+published_screens,median,rank,50,0.0,25,compartment
mitochondrion - membranes,0,62,45,0.044598612487611496,0.7258064516129032,0.08403361344537813,expression_raw+published_screens,median,rank,50,0.0,25,compartment
rhoptries 1,2,23,19,0.021300448430493273,0.8260869565217391,0.04153005464480874,expression_raw+published_screens,median,rank,50,0.0,25,compartment
IMC,0,41,24,0.023785926660059464,0.5853658536585366,0.04571428571428572,expression_raw+published_screens,median,rank,50,0.0,25,compartment
PM - peripheral 1,0,15,11,0.010901883052527254,0.7333333333333333,0.021484375,expression_raw+published_screens,median,rank,50,0.0,25,compartment
Golgi,2,59,17,0.037444933920704845,0.288135593220339,0.06627680311890838,expression_raw+published_screens,median,rank,50,0.0,60,compartment
cytosol,0,208,127,0.1259920634920635,0.6105769230769231,0.20888157894736842,expression_raw+published_screens,median,rank,50,0.0,60,compartment
micronemes,3,19,11,0.012415349887133182,0.5789473684210527,0.024309392265193366,expression_raw+published_screens,median,rank,50,0.0,60,compartment
nucleus - chromatin,2,250,81,0.17841409691629956,0.324,0.23011363636363635,expression_raw+published_screens,median,rank,50,0.0,60,compartment
apicoplast,2,56,28,0.06167400881057269,0.5,0.10980392156862745,expression_raw+published_screens,median,rank,50,0.0,60,compartment
dense granules,3,63,36,0.040632054176072234,0.5714285714285714,0.07586933614330875,expression_raw+published_screens,median,rank,50,0.0,60,compartment
nucleus - non-chromatin,2,165,51,0.11233480176211454,0.3090909090909091,0.16478190630048464,expression_raw+published_screens,median,rank,50,0.0,60,compartment
ER,0,88,51,0.050595238095238096,0.5795454545454546,0.09306569343065693,expression_raw+published_screens,median,rank,50,0.0,60,compartment
apical 1,3,19,15,0.016930022573363433,0.7894736842105263,0.03314917127071824,expression_raw+published_screens,median,rank,50,0.0,60,compartment
PM - integral,0,48,25,0.0248015873015873,0.5208333333333334,0.04734848484848485,expression_raw+published_screens,median,rank,50,0.0,60,compartment
nucleolus,2,15,8,0.01762114537444934,0.5333333333333333,0.03411513859275054,expression_raw+published_screens,median,rank,50,0.0,60,compartment
PM - peripheral 2,2,15,4,0.00881057268722467,0.26666666666666666,0.01705756929637527,expression_raw+published_screens,median,rank,50,0.0,60,compartment
mitochondrion - soluble,2,97,26,0.05726872246696035,0.26804123711340205,0.09437386569872959,expression_raw+published_screens,median,rank,50,0.0,60,compartment
mitochondrion - membranes,0,63,45,0.044642857142857144,0.7142857142857143,0.08403361344537816,expression_raw+published_screens,median,rank,50,0.0,60,compartment
rhoptries 1,3,24,20,0.022573363431151242,0.8333333333333334,0.04395604395604396,expression_raw+published_screens,median,rank,50,0.0,60,compartment
IMC,0,41,24,0.023809523809523808,0.5853658536585366,0.045757864632983786,expression_raw+published_screens,median,rank,50,0.0,60,compartment
PM - peripheral 1,0,15,11,0.010912698412698412,0.7333333333333333,0.02150537634408602,expression_raw+published_screens,median,rank,50,0.0,60,compartment
Golgi,5,50,23,0.030065359477124184,0.46,0.05644171779141105,expression_raw+published_screens,median,rank,50,0.25,25,compartment
cytosol,4,187,115,0.13450292397660818,0.6149732620320856,0.22072936660268713,expression_raw+published_screens,median,rank,50,0.25,25,compartment
nucleus - chromatin,3,217,72,0.181360201511335,0.3317972350230415,0.2345276872964169,expression_raw+published_screens,median,rank,50,0.25,25,compartment
apicoplast,3,46,25,0.06297229219143577,0.5434782608695652,0.11286681715575621,expression_raw+published_screens,median,rank,50,0.25,25,compartment
dense granules,5,54,29,0.03790849673202614,0.5370370370370371,0.07081807081807082,expression_raw+published_screens,median,rank,50,0.25,25,compartment
nucleus - non-chromatin,3,144,46,0.11586901763224182,0.3194444444444444,0.1700554528650647,expression_raw+published_screens,median,rank,50,0.25,25,compartment
ER,4,73,43,0.050292397660818715,0.589041095890411,0.09267241379310345,expression_raw+published_screens,median,rank,50,0.25,25,compartment
mitochondrion - soluble,3,82,22,0.055415617128463476,0.2682926829268293,0.0918580375782881,expression_raw+published_screens,median,rank,50,0.25,25,compartment
mitochondrion - membranes,4,55,41,0.047953216374269005,0.7454545454545455,0.09010989010989011,expression_raw+published_screens,median,rank,50,0.25,25,compartment
PM - integral,4,42,23,0.026900584795321637,0.5476190476190477,0.05128205128205128,expression_raw+published_screens,median,rank,50,0.25,25,compartment
rhoptries 1,5,23,19,0.02483660130718954,0.8260869565217391,0.048223350253807105,expression_raw+published_screens,median,rank,50,0.25,25,compartment
IMC,4,37,23,0.026900584795321637,0.6216216216216216,0.0515695067264574,expression_raw+published_screens,median,rank,50,0.25,25,compartment
cytosol,2,157,90,0.1325478645066274,0.5732484076433121,0.215311004784689,expression_raw+published_screens,median,rank,50,0.25,60,compartment
nucleus - chromatin,4,186,64,0.1787709497206704,0.34408602150537637,0.23529411764705882,expression_raw+published_screens,median,rank,50,0.25,60,compartment
apicoplast,4,42,24,0.0670391061452514,0.5714285714285714,0.12,expression_raw+published_screens,median,rank,50,0.25,60,compartment
dense granules,3,41,19,0.02945736434108527,0.4634146341463415,0.0553935860058309,expression_raw+published_screens,median,rank,50,0.25,60,compartment
nucleus - non-chromatin,2,126,66,0.09720176730486009,0.5238095238095238,0.1639751552795031,expression_raw+published_screens,median,rank,50,0.25,60,compartment
ER,2,63,37,0.054491899852724596,0.5873015873015873,0.09973045822102425,expression_raw+published_screens,median,rank,50,0.25,60,compartment
Golgi,3,40,20,0.031007751937984496,0.5,0.0583941605839416,expression_raw+published_screens,median,rank,50,0.25,60,compartment
mitochondrion - soluble,2,70,35,0.05154639175257732,0.5,0.09345794392523363,expression_raw+published_screens,median,rank,50,0.25,60,compartment
mitochondrion - membranes,2,47,34,0.050073637702503684,0.723404255319149,0.09366391184573003,expression_raw+published_screens,median,rank,50,0.25,60,compartment
rhoptries 1,3,16,14,0.021705426356589147,0.875,0.04236006051437216,expression_raw+published_screens,median,rank,50,0.25,60,compartment
PM - integral,2,29,16,0.023564064801178203,0.5517241379310345,0.04519774011299435,expression_raw+published_screens,median,rank,50,0.25,60,compartment
IMC,2,34,21,0.030927835051546393,0.6176470588235294,0.05890603085553998,expression_raw+published_screens,median,rank,50,0.25,60,compartment
Golgi,4,62,16,0.08121827411167512,0.25806451612903225,0.12355212355212353,expression_raw+protein_features,median,rank,15,0.0,25,compartment
cytosol,5,202,28,0.25,0.13861386138613863,0.178343949044586,expression_raw+protein_features,median,rank,15,0.0,25,compartment
micronemes,8,20,4,0.08888888888888889,0.2,0.12307692307692307,expression_raw+protein_features,median,rank,15,0.0,25,compartment
nucleus - chromatin,1,270,116,0.1518324607329843,0.42962962962962964,0.2243713733075435,expression_raw+protein_features,median,rank,15,0.0,25,compartment
apicoplast,2,59,9,0.04186046511627907,0.15254237288135594,0.06569343065693431,expression_raw+protein_features,median,rank,15,0.0,25,compartment
dense granules,8,63,11,0.24444444444444444,0.1746031746031746,0.2037037037037037,expression_raw+protein_features,median,rank,15,0.0,25,compartment
nucleus - non-chromatin,14,165,28,0.1346153846153846,0.1696969696969697,0.15013404825737267,expression_raw+protein_features,median,rank,15,0.0,25,compartment
rhoptries 1,8,25,6,0.13333333333333333,0.24,0.17142857142857146,expression_raw+protein_features,median,rank,15,0.0,25,compartment
ER,4,91,42,0.2131979695431472,0.46153846153846156,0.2916666666666667,expression_raw+protein_features,median,rank,15,0.0,25,compartment
apical 1,8,18,2,0.044444444444444446,0.1111111111111111,0.06349206349206349,expression_raw+protein_features,median,rank,15,0.0,25,compartment
PM - integral,4,51,23,0.116751269035533,0.45098039215686275,0.18548387096774194,expression_raw+protein_features,median,rank,15,0.0,25,compartment
nucleolus,9,15,1,0.013157894736842105,0.06666666666666667,0.021978021978021976,expression_raw+protein_features,median,rank,15,0.0,25,compartment
PM - peripheral 2,15,16,1,0.017543859649122806,0.0625,0.0273972602739726,expression_raw+protein_features,median,rank,15,0.0,25,compartment
mitochondrion - soluble,2,88,17,0.07906976744186046,0.19318181818181818,0.11221122112211221,expression_raw+protein_features,median,rank,15,0.0,25,compartment
mitochondrion - membranes,4,64,17,0.08629441624365482,0.265625,0.13026819923371646,expression_raw+protein_features,median,rank,15,0.0,25,compartment
IMC,15,38,3,0.05263157894736842,0.07894736842105263,0.0631578947368421,expression_raw+protein_features,median,rank,15,0.0,25,compartment
Golgi,5,62,16,0.08,0.25806451612903225,0.12213740458015267,expression_raw+protein_features,median,rank,15,0.0,60,compartment
cytosol,2,214,138,0.15453527435610304,0.6448598130841121,0.24932249322493225,expression_raw+protein_features,median,rank,15,0.0,60,compartment
micronemes,5,20,7,0.035,0.35,0.06363636363636364,expression_raw+protein_features,median,rank,15,0.0,60,compartment
nucleus - chromatin,0,272,141,0.14387755102040817,0.5183823529411765,0.22523961661341857,expression_raw+protein_features,median,rank,15,0.0,60,compartment
apicoplast,0,61,35,0.03571428571428571,0.5737704918032787,0.06724303554274735,expression_raw+protein_features,median,rank,15,0.0,60,compartment
dense granules,4,66,19,0.041758241758241756,0.2878787878787879,0.072936660268714,expression_raw+protein_features,median,rank,15,0.0,60,compartment
nucleus - non-chromatin,2,172,93,0.10414333706606943,0.5406976744186046,0.17464788732394365,expression_raw+protein_features,median,rank,15,0.0,60,compartment
rhoptries 1,4,27,10,0.02197802197802198,0.37037037037037035,0.04149377593360996,expression_raw+protein_features,median,rank,15,0.0,60,compartment
ER,5,89,42,0.21,0.47191011235955055,0.2906574394463668,expression_raw+protein_features,median,rank,15,0.0,60,compartment
apical 1,4,21,14,0.03076923076923077,0.6666666666666666,0.05882352941176471,expression_raw+protein_features,median,rank,15,0.0,60,compartment
PM - integral,5,53,23,0.115,0.4339622641509434,0.18181818181818182,expression_raw+protein_features,median,rank,15,0.0,60,compartment
nucleolus,0,16,10,0.01020408163265306,0.625,0.02008032128514056,expression_raw+protein_features,median,rank,15,0.0,60,compartment
PM - peripheral 2,0,16,10,0.01020408163265306,0.625,0.02008032128514056,expression_raw+protein_features,median,rank,15,0.0,60,compartment
mitochondrion - soluble,2,101,48,0.05375139977603583,0.4752475247524752,0.096579476861167,expression_raw+protein_features,median,rank,15,0.0,60,compartment
mitochondrion - membranes,5,67,17,0.085,0.2537313432835821,0.12734082397003746,expression_raw+protein_features,median,rank,15,0.0,60,compartment
IMC,5,42,6,0.03,0.14285714285714285,0.04958677685950413,expression_raw+protein_features,median,rank,15,0.0,60,compartment
PM - peripheral 1,1,15,8,0.12307692307692308,0.5333333333333333,0.2,expression_raw+protein_features,median,rank,15,0.0,60,compartment
Golgi,0,59,55,0.03349573690621194,0.9322033898305084,0.06466784244562022,expression_raw+protein_features,median,rank,15,0.25,25,compartment
cytosol,11,185,35,0.18421052631578946,0.1891891891891892,0.18666666666666668,expression_raw+protein_features,median,rank,15,0.25,25,compartment
micronemes,3,20,4,0.11764705882352941,0.2,0.14814814814814817,expression_raw+protein_features,median,rank,15,0.25,25,compartment
nucleus - chromatin,0,256,192,0.11693057247259439,0.75,0.20231822971548996,expression_raw+protein_features,median,rank,15,0.25,25,compartment
apicoplast,0,57,43,0.026187576126674786,0.7543859649122807,0.05061801059446733,expression_raw+protein_features,median,rank,15,0.25,25,compartment
dense granules,3,59,9,0.2647058823529412,0.15254237288135594,0.19354838709677422,expression_raw+protein_features,median,rank,15,0.25,25,compartment
nucleus - non-chromatin,11,155,27,0.14210526315789473,0.17419354838709677,0.1565217391304348,expression_raw+protein_features,median,rank,15,0.25,25,compartment
rhoptries 1,3,24,6,0.17647058823529413,0.25,0.20689655172413793,expression_raw+protein_features,median,rank,15,0.25,25,compartment
ER,0,90,84,0.05115712545676005,0.9333333333333333,0.09699769053117784,expression_raw+protein_features,median,rank,15,0.25,25,compartment
apical 1,3,17,1,0.029411764705882353,0.058823529411764705,0.03921568627450981,expression_raw+protein_features,median,rank,15,0.25,25,compartment
PM - integral,0,49,44,0.02679658952496955,0.8979591836734694,0.05204021289178001,expression_raw+protein_features,median,rank,15,0.25,25,compartment
nucleolus,6,15,1,0.014925373134328358,0.06666666666666667,0.024390243902439022,expression_raw+protein_features,median,rank,15,0.25,25,compartment
PM - peripheral 2,12,15,1,0.022222222222222223,0.06666666666666667,0.03333333333333333,expression_raw+protein_features,median,rank,15,0.25,25,compartment
mitochondrion - soluble,11,79,13,0.06842105263157895,0.16455696202531644,0.09665427509293681,expression_raw+protein_features,median,rank,15,0.25,25,compartment
mitochondrion - membranes,11,59,12,0.06315789473684211,0.2033898305084746,0.09638554216867472,expression_raw+protein_features,median,rank,15,0.25,25,compartment
IMC,11,33,7,0.03684210526315789,0.21212121212121213,0.06278026905829595,expression_raw+protein_features,median,rank,15,0.25,25,compartment
Golgi,0,62,55,0.03349573690621194,0.8870967741935484,0.06455399061032864,expression_raw+protein_features,median,rank,15,0.25,60,compartment
cytosol,1,215,138,0.10368144252441773,0.641860465116279,0.17852522639068563,expression_raw+protein_features,median,rank,15,0.25,60,compartment
micronemes,0,17,14,0.008526187576126675,0.8235294117647058,0.01687763713080169,expression_raw+protein_features,median,rank,15,0.25,60,compartment
nucleus - chromatin,0,273,192,0.11693057247259439,0.7032967032967034,0.20052219321148826,expression_raw+protein_features,median,rank,15,0.25,60,compartment
apicoplast,0,61,43,0.026187576126674786,0.7049180327868853,0.05049911920140927,expression_raw+protein_features,median,rank,15,0.25,60,compartment
dense granules,0,63,41,0.024969549330085262,0.6507936507936508,0.048093841642228734,expression_raw+protein_features,median,rank,15,0.25,60,compartment
nucleus - non-chromatin,1,172,93,0.06987227648384674,0.5406976744186046,0.12375249500998003,expression_raw+protein_features,median,rank,15,0.25,60,compartment
rhoptries 1,0,24,15,0.009135200974421437,0.625,0.01800720288115246,expression_raw+protein_features,median,rank,15,0.25,60,compartment
ER,0,91,83,0.05054811205846529,0.9120879120879121,0.09578765147143681,expression_raw+protein_features,median,rank,15,0.25,60,compartment
apical 1,0,21,16,0.0097442143727162,0.7619047619047619,0.019242333132892364,expression_raw+protein_features,median,rank,15,0.25,60,compartment
PM - integral,0,53,44,0.02679658952496955,0.8301886792452831,0.05191740412979351,expression_raw+protein_features,median,rank,15,0.25,60,compartment
nucleolus,0,16,10,0.0060901339829476245,0.625,0.0120627261761158,expression_raw+protein_features,median,rank,15,0.25,60,compartment
PM - peripheral 2,0,16,13,0.007917174177831911,0.8125,0.015681544028950542,expression_raw+protein_features,median,rank,15,0.25,60,compartment
mitochondrion - soluble,1,101,49,0.03681442524417731,0.48514851485148514,0.06843575418994412,expression_raw+protein_features,median,rank,15,0.25,60,compartment
mitochondrion - membranes,1,67,31,0.02329075882794891,0.4626865671641791,0.04434907010014306,expression_raw+protein_features,median,rank,15,0.25,60,compartment
IMC,1,42,24,0.018031555221637866,0.5714285714285714,0.03495994173343044,expression_raw+protein_features,median,rank,15,0.25,60,compartment
Golgi,1,62,24,0.03614457831325301,0.3870967741935484,0.06611570247933883,expression_raw+protein_features,median,rank,50,0.0,25,compartment
cytosol,7,206,54,0.226890756302521,0.2621359223300971,0.24324324324324326,expression_raw+protein_features,median,rank,50,0.0,25,compartment
micronemes,2,20,4,0.0851063829787234,0.2,0.11940298507462686,expression_raw+protein_features,median,rank,50,0.0,25,compartment
nucleus - chromatin,0,267,141,0.14387755102040817,0.5280898876404494,0.22614274258219724,expression_raw+protein_features,median,rank,50,0.0,25,compartment
apicoplast,0,58,35,0.03571428571428571,0.603448275862069,0.0674373795761079,expression_raw+protein_features,median,rank,50,0.0,25,compartment
dense granules,2,65,11,0.23404255319148937,0.16923076923076924,0.19642857142857145,expression_raw+protein_features,median,rank,50,0.0,25,compartment
nucleus - non-chromatin,7,164,36,0.15126050420168066,0.21951219512195122,0.1791044776119403,expression_raw+protein_features,median,rank,50,0.0,25,compartment
rhoptries 1,2,25,7,0.14893617021276595,0.28,0.19444444444444445,expression_raw+protein_features,median,rank,50,0.0,25,compartment
ER,1,92,50,0.07530120481927711,0.5434782608695652,0.13227513227513227,expression_raw+protein_features,median,rank,50,0.0,25,compartment
apical 1,2,19,2,0.0425531914893617,0.10526315789473684,0.06060606060606061,expression_raw+protein_features,median,rank,50,0.0,25,compartment
PM - integral,1,49,27,0.04066265060240964,0.5510204081632653,0.07573632538569425,expression_raw+protein_features,median,rank,50,0.0,25,compartment
nucleolus,0,15,10,0.01020408163265306,0.6666666666666666,0.02010050251256281,expression_raw+protein_features,median,rank,50,0.0,25,compartment
PM - peripheral 2,0,16,10,0.01020408163265306,0.625,0.02008032128514056,expression_raw+protein_features,median,rank,50,0.0,25,compartment
mitochondrion - soluble,9,84,17,0.058419243986254296,0.20238095238095238,0.09066666666666666,expression_raw+protein_features,median,rank,50,0.0,25,compartment
mitochondrion - membranes,9,65,16,0.054982817869415807,0.24615384615384617,0.0898876404494382,expression_raw+protein_features,median,rank,50,0.0,25,compartment
IMC,9,38,11,0.037800687285223365,0.2894736842105263,0.0668693009118541,expression_raw+protein_features,median,rank,50,0.0,25,compartment
PM - peripheral 1,4,15,8,0.12307692307692308,0.5333333333333333,0.2,expression_raw+protein_features,median,rank,50,0.0,25,compartment
Golgi,2,62,24,0.03614457831325301,0.3870967741935484,0.06611570247933883,expression_raw+protein_features,median,rank,50,0.0,60,compartment
cytosol,0,215,138,0.10176991150442478,0.641860465116279,0.17568427753023552,expression_raw+protein_features,median,rank,50,0.0,60,compartment
micronemes,2,20,9,0.01355421686746988,0.45,0.02631578947368421,expression_raw+protein_features,median,rank,50,0.0,60,compartment
nucleus - chromatin,1,273,141,0.14387755102040817,0.5164835164835165,0.22505985634477257,expression_raw+protein_features,median,rank,50,0.0,60,compartment
apicoplast,1,61,35,0.03571428571428571,0.5737704918032787,0.06724303554274735,expression_raw+protein_features,median,rank,50,0.0,60,compartment
dense granules,2,68,25,0.03765060240963856,0.36764705882352944,0.06830601092896176,expression_raw+protein_features,median,rank,50,0.0,60,compartment
nucleus - non-chromatin,1,172,74,0.07551020408163266,0.43023255813953487,0.1284722222222222,expression_raw+protein_features,median,rank,50,0.0,60,compartment
rhoptries 1,2,27,11,0.016566265060240965,0.4074074074074074,0.031837916063675836,expression_raw+protein_features,median,rank,50,0.0,60,compartment
ER,2,92,50,0.07530120481927711,0.5434782608695652,0.13227513227513227,expression_raw+protein_features,median,rank,50,0.0,60,compartment
apical 1,2,21,14,0.02108433734939759,0.6666666666666666,0.04087591240875912,expression_raw+protein_features,median,rank,50,0.0,60,compartment
PM - integral,2,53,27,0.04066265060240964,0.5094339622641509,0.07531380753138076,expression_raw+protein_features,median,rank,50,0.0,60,compartment
nucleolus,1,16,10,0.01020408163265306,0.625,0.02008032128514056,expression_raw+protein_features,median,rank,50,0.0,60,compartment
PM - peripheral 2,1,16,10,0.01020408163265306,0.625,0.02008032128514056,expression_raw+protein_features,median,rank,50,0.0,60,compartment
mitochondrion - soluble,0,101,49,0.036135693215339236,0.48514851485148514,0.06726149622512011,expression_raw+protein_features,median,rank,50,0.0,60,compartment
mitochondrion - membranes,2,67,21,0.03162650602409638,0.31343283582089554,0.057455540355677154,expression_raw+protein_features,median,rank,50,0.0,60,compartment
IMC,0,42,24,0.017699115044247787,0.5714285714285714,0.034334763948497854,expression_raw+protein_features,median,rank,50,0.0,60,compartment
PM - peripheral 1,0,15,15,0.011061946902654867,1.0,0.02188183807439825,expression_raw+protein_features,median,rank,50,0.0,60,compartment
Golgi,0,62,55,0.03343465045592705,0.8870967741935484,0.06444053895723491,expression_raw+protein_features,median,rank,50,0.25,25,compartment
cytosol,1,215,138,0.1018450184501845,0.641860465116279,0.17579617834394906,expression_raw+protein_features,median,rank,50,0.25,25,compartment
micronemes,0,20,14,0.00851063829787234,0.7,0.016816816816816817,expression_raw+protein_features,median,rank,50,0.25,25,compartment
nucleus - chromatin,0,273,192,0.11671732522796352,0.7032967032967034,0.20020855057351408,expression_raw+protein_features,median,rank,50,0.25,25,compartment
apicoplast,0,61,43,0.026139817629179333,0.7049180327868853,0.050410316529894486,expression_raw+protein_features,median,rank,50,0.25,25,compartment
dense granules,0,68,41,0.02492401215805471,0.6029411764705882,0.04786923525977817,expression_raw+protein_features,median,rank,50,0.25,25,compartment
nucleus - non-chromatin,1,172,93,0.06863468634686347,0.5406976744186046,0.12180746561886052,expression_raw+protein_features,median,rank,50,0.25,25,compartment
rhoptries 1,0,27,15,0.00911854103343465,0.5555555555555556,0.017942583732057416,expression_raw+protein_features,median,rank,50,0.25,25,compartment
ER,0,92,84,0.05106382978723404,0.9130434782608695,0.09671848013816926,expression_raw+protein_features,median,rank,50,0.25,25,compartment
apical 1,0,21,16,0.009726443768996961,0.7619047619047619,0.01920768307322929,expression_raw+protein_features,median,rank,50,0.25,25,compartment
PM - integral,0,53,44,0.026747720364741642,0.8301886792452831,0.05182567726737338,expression_raw+protein_features,median,rank,50,0.25,25,compartment
nucleolus,0,16,10,0.0060790273556231,0.625,0.012040939193257076,expression_raw+protein_features,median,rank,50,0.25,25,compartment
PM - peripheral 2,0,16,13,0.007902735562310031,0.8125,0.015653220951234198,expression_raw+protein_features,median,rank,50,0.25,25,compartment
mitochondrion - soluble,1,101,49,0.03616236162361624,0.48514851485148514,0.06730769230769232,expression_raw+protein_features,median,rank,50,0.25,25,compartment
mitochondrion - membranes,1,67,31,0.022878228782287822,0.4626865671641791,0.04360056258790435,expression_raw+protein_features,median,rank,50,0.25,25,compartment
IMC,1,42,24,0.017712177121771217,0.5714285714285714,0.03435934144595562,expression_raw+protein_features,median,rank,50,0.25,25,compartment
PM - peripheral 1,1,15,15,0.01107011070110701,1.0,0.0218978102189781,expression_raw+protein_features,median,rank,50,0.25,25,compartment
Golgi,0,62,55,0.03345498783454988,0.8870967741935484,0.06447831184056273,expression_raw+protein_features,median,rank,50,0.25,60,compartment
cytosol,1,215,138,0.1018450184501845,0.641860465116279,0.17579617834394906,expression_raw+protein_features,median,rank,50,0.25,60,compartment
micronemes,0,20,14,0.00851581508515815,0.7,0.016826923076923076,expression_raw+protein_features,median,rank,50,0.25,60,compartment
nucleus - chromatin,0,273,192,0.11678832116788321,0.7032967032967034,0.2003129890453834,expression_raw+protein_features,median,rank,50,0.25,60,compartment
apicoplast,0,61,43,0.026155717761557177,0.7049180327868853,0.050439882697947205,expression_raw+protein_features,median,rank,50,0.25,60,compartment
dense granules,0,68,41,0.024939172749391728,0.6029411764705882,0.04789719626168224,expression_raw+protein_features,median,rank,50,0.25,60,compartment
nucleus - non-chromatin,1,172,93,0.06863468634686347,0.5406976744186046,0.12180746561886052,expression_raw+protein_features,median,rank,50,0.25,60,compartment
rhoptries 1,0,26,15,0.009124087591240875,0.5769230769230769,0.017964071856287425,expression_raw+protein_features,median,rank,50,0.25,60,compartment
ER,0,92,84,0.051094890510948905,0.9130434782608695,0.0967741935483871,expression_raw+protein_features,median,rank,50,0.25,60,compartment
apical 1,0,21,16,0.009732360097323601,0.7619047619047619,0.019219219219219222,expression_raw+protein_features,median,rank,50,0.25,60,compartment
PM - integral,0,53,44,0.0267639902676399,0.8301886792452831,0.05185621685327048,expression_raw+protein_features,median,rank,50,0.25,60,compartment
nucleolus,0,16,10,0.006082725060827251,0.625,0.012048192771084336,expression_raw+protein_features,median,rank,50,0.25,60,compartment
PM - peripheral 2,0,16,13,0.007907542579075427,0.8125,0.01566265060240964,expression_raw+protein_features,median,rank,50,0.25,60,compartment
mitochondrion - soluble,1,101,49,0.03616236162361624,0.48514851485148514,0.06730769230769232,expression_raw+protein_features,median,rank,50,0.25,60,compartment
mitochondrion - membranes,1,67,31,0.022878228782287822,0.4626865671641791,0.04360056258790435,expression_raw+protein_features,median,rank,50,0.25,60,compartment
IMC,1,42,24,0.017712177121771217,0.5714285714285714,0.03435934144595562,expression_raw+protein_features,median,rank,50,0.25,60,compartment
PM - peripheral 1,1,15,15,0.01107011070110701,1.0,0.0218978102189781,expression_raw+protein_features,median,rank,50,0.25,60,compartment
Golgi,5,60,32,0.025620496397117692,0.5333333333333333,0.04889228418640183,expression_raw+interactions,median,rank,15,0.0,25,compartment
cytosol,3,214,39,0.3023255813953488,0.1822429906542056,0.22740524781341107,expression_raw+interactions,median,rank,15,0.0,25,compartment
micronemes,3,20,3,0.023255813953488372,0.15,0.040268456375838924,expression_raw+interactions,median,rank,15,0.0,25,compartment
nucleus - chromatin,5,271,173,0.13851080864691753,0.6383763837638377,0.22763157894736843,expression_raw+interactions,median,rank,15,0.0,25,compartment
apicoplast,2,61,4,0.06896551724137931,0.06557377049180328,0.06722689075630253,expression_raw+interactions,median,rank,15,0.0,25,compartment
dense granules,3,68,8,0.06201550387596899,0.11764705882352941,0.08121827411167512,expression_raw+interactions,median,rank,15,0.0,25,compartment
nucleus - non-chromatin,3,171,24,0.18604651162790697,0.14035087719298245,0.15999999999999998,expression_raw+interactions,median,rank,15,0.0,25,compartment
rhoptries 1,3,27,3,0.023255813953488372,0.1111111111111111,0.038461538461538464,expression_raw+interactions,median,rank,15,0.0,25,compartment
ER,7,91,25,0.04911591355599214,0.27472527472527475,0.08333333333333333,expression_raw+interactions,median,rank,15,0.0,25,compartment
apical 1,1,20,2,0.015625,0.1,0.02702702702702703,expression_raw+interactions,median,rank,15,0.0,25,compartment
PM - integral,0,53,16,0.037037037037037035,0.3018867924528302,0.06597938144329897,expression_raw+interactions,median,rank,15,0.0,25,compartment
nucleolus,0,16,4,0.009259259259259259,0.25,0.017857142857142856,expression_raw+interactions,median,rank,15,0.0,25,compartment
PM - peripheral 2,5,16,11,0.008807045636509208,0.6875,0.017391304347826087,expression_raw+interactions,median,rank,15,0.0,25,compartment
mitochondrion - soluble,7,101,28,0.0550098231827112,0.27722772277227725,0.0918032786885246,expression_raw+interactions,median,rank,15,0.0,25,compartment
mitochondrion - membranes,4,66,10,0.06451612903225806,0.15151515151515152,0.09049773755656108,expression_raw+interactions,median,rank,15,0.0,25,compartment
IMC,4,42,10,0.06451612903225806,0.23809523809523808,0.10152284263959391,expression_raw+interactions,median,rank,15,0.0,25,compartment
PM - peripheral 1,3,15,7,0.05426356589147287,0.4666666666666667,0.09722222222222222,expression_raw+interactions,median,rank,15,0.0,25,compartment
Golgi,3,58,32,0.02472952086553323,0.5517241379310345,0.04733727810650887,expression_raw+interactions,median,rank,15,0.0,60,compartment
cytosol,2,212,39,0.3023255813953488,0.18396226415094338,0.2287390029325513,expression_raw+interactions,median,rank,15,0.0,60,compartment
micronemes,2,20,3,0.023255813953488372,0.15,0.040268456375838924,expression_raw+interactions,median,rank,15,0.0,60,compartment
nucleus - chromatin,3,270,173,0.13369397217928902,0.6407407407407407,0.22122762148337596,expression_raw+interactions,median,rank,15,0.0,60,compartment
apicoplast,0,61,9,0.04838709677419355,0.14754098360655737,0.0728744939271255,expression_raw+interactions,median,rank,15,0.0,60,compartment
dense granules,2,62,8,0.06201550387596899,0.12903225806451613,0.0837696335078534,expression_raw+interactions,median,rank,15,0.0,60,compartment
nucleus - non-chromatin,2,170,24,0.18604651162790697,0.1411764705882353,0.1605351170568562,expression_raw+interactions,median,rank,15,0.0,60,compartment
rhoptries 1,2,24,3,0.023255813953488372,0.125,0.03921568627450981,expression_raw+interactions,median,rank,15,0.0,60,compartment
ER,6,90,13,0.055793991416309016,0.14444444444444443,0.0804953560371517,expression_raw+interactions,median,rank,15,0.0,60,compartment
apical 1,3,19,14,0.010819165378670788,0.7368421052631579,0.021325209444021324,expression_raw+interactions,median,rank,15,0.0,60,compartment
PM - integral,7,52,10,0.04975124378109453,0.19230769230769232,0.07905138339920949,expression_raw+interactions,median,rank,15,0.0,60,compartment
nucleolus,1,16,4,0.009259259259259259,0.25,0.017857142857142856,expression_raw+interactions,median,rank,15,0.0,60,compartment
PM - peripheral 2,3,16,11,0.008500772797527048,0.6875,0.016793893129770993,expression_raw+interactions,median,rank,15,0.0,60,compartment
mitochondrion - soluble,7,99,15,0.07462686567164178,0.15151515151515152,0.09999999999999999,expression_raw+interactions,median,rank,15,0.0,60,compartment
mitochondrion - membranes,6,66,18,0.07725321888412018,0.2727272727272727,0.12040133779264214,expression_raw+interactions,median,rank,15,0.0,60,compartment
IMC,4,40,10,0.06451612903225806,0.25,0.10256410256410256,expression_raw+interactions,median,rank,15,0.0,60,compartment
PM - peripheral 1,2,15,7,0.05426356589147287,0.4666666666666667,0.09722222222222222,expression_raw+interactions,median,rank,15,0.0,60,compartment
Golgi,4,55,31,0.02607232968881413,0.5636363636363636,0.04983922829581994,expression_raw+interactions,median,rank,15,0.25,25,compartment
cytosol,0,202,39,0.3333333333333333,0.19306930693069307,0.2445141065830721,expression_raw+interactions,median,rank,15,0.25,25,compartment
nucleus - chromatin,4,255,163,0.13708999158957108,0.6392156862745098,0.2257617728531856,expression_raw+interactions,median,rank,15,0.25,25,compartment
apicoplast,1,61,9,0.0481283422459893,0.14754098360655737,0.07258064516129033,expression_raw+interactions,median,rank,15,0.25,25,compartment
dense granules,1,52,7,0.0374331550802139,0.1346153846153846,0.05857740585774058,expression_raw+interactions,median,rank,15,0.25,25,compartment
nucleus - non-chromatin,0,158,24,0.20512820512820512,0.1518987341772152,0.17454545454545456,expression_raw+interactions,median,rank,15,0.25,25,compartment
rhoptries 1,3,17,3,0.02097902097902098,0.17647058823529413,0.0375,expression_raw+interactions,median,rank,15,0.25,25,compartment
ER,7,86,11,0.05699481865284974,0.12790697674418605,0.07885304659498209,expression_raw+interactions,median,rank,15,0.25,25,compartment
apical 1,4,19,14,0.011774600504625737,0.7368421052631579,0.02317880794701987,expression_raw+interactions,median,rank,15,0.25,25,compartment
PM - integral,7,51,10,0.05181347150259067,0.19607843137254902,0.0819672131147541,expression_raw+interactions,median,rank,15,0.25,25,compartment
nucleolus,2,15,4,0.009302325581395349,0.26666666666666666,0.01797752808988764,expression_raw+interactions,median,rank,15,0.25,25,compartment
PM - peripheral 2,6,16,2,0.010050251256281407,0.125,0.0186046511627907,expression_raw+interactions,median,rank,15,0.25,25,compartment
mitochondrion - soluble,7,97,15,0.07772020725388601,0.15463917525773196,0.10344827586206896,expression_raw+interactions,median,rank,15,0.25,25,compartment
mitochondrion - membranes,6,63,17,0.08542713567839195,0.2698412698412698,0.1297709923664122,expression_raw+interactions,median,rank,15,0.25,25,compartment
IMC,3,37,10,0.06993006993006994,0.2702702702702703,0.1111111111111111,expression_raw+interactions,median,rank,15,0.25,25,compartment
Golgi,0,62,61,0.02115851543531044,0.9838709677419355,0.04142614601018676,expression_raw+interactions,median,rank,15,0.25,60,compartment
cytosol,1,215,39,0.3333333333333333,0.1813953488372093,0.2349397590361446,expression_raw+interactions,median,rank,15,0.25,60,compartment
micronemes,1,20,2,0.017094017094017096,0.1,0.029197080291970805,expression_raw+interactions,median,rank,15,0.25,60,compartment
nucleus - chromatin,0,273,266,0.09226500173430455,0.9743589743589743,0.1685678073510773,expression_raw+interactions,median,rank,15,0.25,60,compartment
apicoplast,0,61,58,0.020117932708983696,0.9508196721311475,0.03940217391304348,expression_raw+interactions,median,rank,15,0.25,60,compartment
dense granules,0,68,64,0.022199098161637183,0.9411764705882353,0.0433751270755676,expression_raw+interactions,median,rank,15,0.25,60,compartment
nucleus - non-chromatin,1,172,24,0.20512820512820512,0.13953488372093023,0.1660899653979239,expression_raw+interactions,median,rank,15,0.25,60,compartment
rhoptries 1,0,27,27,0.009365244536940686,1.0,0.01855670103092783,expression_raw+interactions,median,rank,15,0.25,60,compartment
ER,0,92,91,0.03156434269857787,0.9891304347826086,0.0611764705882353,expression_raw+interactions,median,rank,15,0.25,60,compartment
apical 1,0,21,21,0.007284079084287201,1.0,0.014462809917355372,expression_raw+interactions,median,rank,15,0.25,60,compartment
PM - integral,0,53,52,0.018036767256330213,0.9811320754716981,0.035422343324250684,expression_raw+interactions,median,rank,15,0.25,60,compartment
nucleolus,1,16,1,0.008547008547008548,0.0625,0.015037593984962409,expression_raw+interactions,median,rank,15,0.25,60,compartment
PM - peripheral 2,1,16,1,0.008547008547008548,0.0625,0.015037593984962409,expression_raw+interactions,median,rank,15,0.25,60,compartment
mitochondrion - soluble,0,101,97,0.03364550815123136,0.9603960396039604,0.06501340482573728,expression_raw+interactions,median,rank,15,0.25,60,compartment
mitochondrion - membranes,0,67,64,0.022199098161637183,0.9552238805970149,0.04338983050847458,expression_raw+interactions,median,rank,15,0.25,60,compartment
IMC,1,42,3,0.02564102564102564,0.07142857142857142,0.03773584905660377,expression_raw+interactions,median,rank,15,0.25,60,compartment
PM - peripheral 1,1,15,5,0.042735042735042736,0.3333333333333333,0.07575757575757576,expression_raw+interactions,median,rank,15,0.25,60,compartment
Golgi,3,62,33,0.02534562211981567,0.532258064516129,0.048387096774193554,expression_raw+interactions,median,rank,50,0.0,25,compartment
cytosol,0,215,39,0.33620689655172414,0.1813953488372093,0.23564954682779454,expression_raw+interactions,median,rank,50,0.0,25,compartment
micronemes,0,20,2,0.017241379310344827,0.1,0.02941176470588235,expression_raw+interactions,median,rank,50,0.0,25,compartment
nucleus - chromatin,3,273,176,0.13517665130568357,0.6446886446886447,0.2234920634920635,expression_raw+interactions,median,rank,50,0.0,25,compartment
apicoplast,6,61,4,0.06896551724137931,0.06557377049180328,0.06722689075630253,expression_raw+interactions,median,rank,50,0.0,25,compartment
dense granules,6,68,3,0.05172413793103448,0.04411764705882353,0.047619047619047616,expression_raw+interactions,median,rank,50,0.0,25,compartment
nucleus - non-chromatin,0,172,24,0.20689655172413793,0.13953488372093023,0.16666666666666666,expression_raw+interactions,median,rank,50,0.0,25,compartment
rhoptries 1,2,27,3,0.01948051948051948,0.1111111111111111,0.03314917127071823,expression_raw+interactions,median,rank,50,0.0,25,compartment
ER,4,92,26,0.04609929078014184,0.2826086956521739,0.07926829268292682,expression_raw+interactions,median,rank,50,0.0,25,compartment
apical 1,5,21,2,0.017857142857142856,0.09523809523809523,0.03007518796992481,expression_raw+interactions,median,rank,50,0.0,25,compartment
PM - integral,1,53,16,0.03636363636363636,0.3018867924528302,0.06490872210953347,expression_raw+interactions,median,rank,50,0.0,25,compartment
nucleolus,1,16,4,0.00909090909090909,0.25,0.017543859649122806,expression_raw+interactions,median,rank,50,0.0,25,compartment
PM - peripheral 2,3,16,11,0.008448540706605223,0.6875,0.01669195751138088,expression_raw+interactions,median,rank,50,0.0,25,compartment
mitochondrion - soluble,4,101,29,0.051418439716312055,0.2871287128712871,0.08721804511278194,expression_raw+interactions,median,rank,50,0.0,25,compartment
mitochondrion - membranes,2,67,12,0.07792207792207792,0.1791044776119403,0.1085972850678733,expression_raw+interactions,median,rank,50,0.0,25,compartment
IMC,2,41,10,0.06493506493506493,0.24390243902439024,0.10256410256410255,expression_raw+interactions,median,rank,50,0.0,25,compartment
PM - peripheral 1,0,15,4,0.034482758620689655,0.26666666666666666,0.061068702290076333,expression_raw+interactions,median,rank,50,0.0,25,compartment
Golgi,3,62,33,0.02534562211981567,0.532258064516129,0.048387096774193554,expression_raw+interactions,median,rank,50,0.0,60,compartment
cytosol,0,215,39,0.33620689655172414,0.1813953488372093,0.23564954682779454,expression_raw+interactions,median,rank,50,0.0,60,compartment
micronemes,0,20,2,0.017241379310344827,0.1,0.02941176470588235,expression_raw+interactions,median,rank,50,0.0,60,compartment
nucleus - chromatin,3,273,176,0.13517665130568357,0.6446886446886447,0.2234920634920635,expression_raw+interactions,median,rank,50,0.0,60,compartment
apicoplast,4,61,9,0.05263157894736842,0.14754098360655737,0.07758620689655173,expression_raw+interactions,median,rank,50,0.0,60,compartment
dense granules,4,68,7,0.04093567251461988,0.10294117647058823,0.05857740585774058,expression_raw+interactions,median,rank,50,0.0,60,compartment
nucleus - non-chromatin,0,172,24,0.20689655172413793,0.13953488372093023,0.16666666666666666,expression_raw+interactions,median,rank,50,0.0,60,compartment
rhoptries 1,2,27,3,0.01948051948051948,0.1111111111111111,0.03314917127071823,expression_raw+interactions,median,rank,50,0.0,60,compartment
ER,5,92,26,0.046181172291296625,0.2826086956521739,0.07938931297709924,expression_raw+interactions,median,rank,50,0.0,60,compartment
apical 1,3,21,14,0.010752688172043012,0.6666666666666666,0.021164021164021166,expression_raw+interactions,median,rank,50,0.0,60,compartment
PM - integral,1,53,16,0.03636363636363636,0.3018867924528302,0.06490872210953347,expression_raw+interactions,median,rank,50,0.0,60,compartment
nucleolus,1,16,4,0.00909090909090909,0.25,0.017543859649122806,expression_raw+interactions,median,rank,50,0.0,60,compartment
PM - peripheral 2,3,16,11,0.008448540706605223,0.6875,0.01669195751138088,expression_raw+interactions,median,rank,50,0.0,60,compartment
mitochondrion - soluble,5,101,29,0.05150976909413854,0.2871287128712871,0.08734939759036144,expression_raw+interactions,median,rank,50,0.0,60,compartment
mitochondrion - membranes,2,67,12,0.07792207792207792,0.1791044776119403,0.1085972850678733,expression_raw+interactions,median,rank,50,0.0,60,compartment
IMC,2,42,10,0.06493506493506493,0.23809523809523808,0.10204081632653061,expression_raw+interactions,median,rank,50,0.0,60,compartment
PM - peripheral 1,0,15,4,0.034482758620689655,0.26666666666666666,0.061068702290076333,expression_raw+interactions,median,rank,50,0.0,60,compartment
Golgi,0,62,61,0.02115117891816921,0.9838709677419355,0.04141208418194161,expression_raw+interactions,median,rank,50,0.25,25,compartment
cytosol,1,215,39,0.33620689655172414,0.1813953488372093,0.23564954682779454,expression_raw+interactions,median,rank,50,0.25,25,compartment
micronemes,1,20,2,0.017241379310344827,0.1,0.02941176470588235,expression_raw+interactions,median,rank,50,0.25,25,compartment
nucleus - chromatin,0,273,266,0.09223300970873786,0.9743589743589743,0.16851441241685144,expression_raw+interactions,median,rank,50,0.25,25,compartment
apicoplast,0,61,58,0.02011095700416089,0.9508196721311475,0.039388794567062825,expression_raw+interactions,median,rank,50,0.25,25,compartment
dense granules,1,68,4,0.034482758620689655,0.058823529411764705,0.043478260869565216,expression_raw+interactions,median,rank,50,0.25,25,compartment
nucleus - non-chromatin,1,172,24,0.20689655172413793,0.13953488372093023,0.16666666666666666,expression_raw+interactions,median,rank,50,0.25,25,compartment
rhoptries 1,0,27,27,0.009361997226074895,1.0,0.018550326348333902,expression_raw+interactions,median,rank,50,0.25,25,compartment
ER,0,92,91,0.03155339805825243,0.9891304347826086,0.06115591397849462,expression_raw+interactions,median,rank,50,0.25,25,compartment
apical 1,0,21,21,0.007281553398058253,1.0,0.014457831325301203,expression_raw+interactions,median,rank,50,0.25,25,compartment
PM - integral,0,53,52,0.018030513176144243,0.9811320754716981,0.035410282601293835,expression_raw+interactions,median,rank,50,0.25,25,compartment
nucleolus,1,16,1,0.008620689655172414,0.0625,0.01515151515151515,expression_raw+interactions,median,rank,50,0.25,25,compartment
PM - peripheral 2,1,16,1,0.008620689655172414,0.0625,0.01515151515151515,expression_raw+interactions,median,rank,50,0.25,25,compartment
mitochondrion - soluble,0,101,97,0.03363384188626907,0.9603960396039604,0.06499162479061976,expression_raw+interactions,median,rank,50,0.25,25,compartment
mitochondrion - membranes,0,67,64,0.022191400832177532,0.9552238805970149,0.04337512707556761,expression_raw+interactions,median,rank,50,0.25,25,compartment
IMC,1,42,3,0.02586206896551724,0.07142857142857142,0.0379746835443038,expression_raw+interactions,median,rank,50,0.25,25,compartment
PM - peripheral 1,1,15,4,0.034482758620689655,0.26666666666666666,0.061068702290076333,expression_raw+interactions,median,rank,50,0.25,25,compartment
Golgi,0,62,61,0.02115117891816921,0.9838709677419355,0.04141208418194161,expression_raw+interactions,median,rank,50,0.25,60,compartment
cytosol,1,215,39,0.33620689655172414,0.1813953488372093,0.23564954682779454,expression_raw+interactions,median,rank,50,0.25,60,compartment
micronemes,1,20,2,0.017241379310344827,0.1,0.02941176470588235,expression_raw+interactions,median,rank,50,0.25,60,compartment
nucleus - chromatin,0,273,266,0.09223300970873786,0.9743589743589743,0.16851441241685144,expression_raw+interactions,median,rank,50,0.25,60,compartment
apicoplast,0,61,58,0.02011095700416089,0.9508196721311475,0.039388794567062825,expression_raw+interactions,median,rank,50,0.25,60,compartment
dense granules,1,68,4,0.034482758620689655,0.058823529411764705,0.043478260869565216,expression_raw+interactions,median,rank,50,0.25,60,compartment
nucleus - non-chromatin,1,172,24,0.20689655172413793,0.13953488372093023,0.16666666666666666,expression_raw+interactions,median,rank,50,0.25,60,compartment
rhoptries 1,0,27,27,0.009361997226074895,1.0,0.018550326348333902,expression_raw+interactions,median,rank,50,0.25,60,compartment
ER,0,92,91,0.03155339805825243,0.9891304347826086,0.06115591397849462,expression_raw+interactions,median,rank,50,0.25,60,compartment
apical 1,0,21,21,0.007281553398058253,1.0,0.014457831325301203,expression_raw+interactions,median,rank,50,0.25,60,compartment
PM - integral,0,53,52,0.018030513176144243,0.9811320754716981,0.035410282601293835,expression_raw+interactions,median,rank,50,0.25,60,compartment
nucleolus,1,16,1,0.008620689655172414,0.0625,0.01515151515151515,expression_raw+interactions,median,rank,50,0.25,60,compartment
PM - peripheral 2,1,16,1,0.008620689655172414,0.0625,0.01515151515151515,expression_raw+interactions,median,rank,50,0.25,60,compartment
mitochondrion - soluble,0,101,97,0.03363384188626907,0.9603960396039604,0.06499162479061976,expression_raw+interactions,median,rank,50,0.25,60,compartment
mitochondrion - membranes,0,67,64,0.022191400832177532,0.9552238805970149,0.04337512707556761,expression_raw+interactions,median,rank,50,0.25,60,compartment
IMC,1,42,3,0.02586206896551724,0.07142857142857142,0.0379746835443038,expression_raw+interactions,median,rank,50,0.25,60,compartment
PM - peripheral 1,1,15,4,0.034482758620689655,0.26666666666666666,0.061068702290076333,expression_raw+interactions,median,rank,50,0.25,60,compartment
Golgi,0,62,62,0.022009229676961305,1.0,0.04307051059395623,fitness_screens+published_screens,median,rank,15,0.0,25,compartment
cytosol,0,215,213,0.07561235356762513,0.9906976744186047,0.1405013192612137,fitness_screens+published_screens,median,rank,15,0.0,25,compartment
micronemes,0,20,19,0.0067447639332623354,0.95,0.01339443073669369,fitness_screens+published_screens,median,rank,15,0.0,25,compartment
nucleus - chromatin,0,273,273,0.09691160809371673,1.0,0.1766990291262136,fitness_screens+published_screens,median,rank,15,0.0,25,compartment
apicoplast,0,61,61,0.021654242101526448,1.0,0.0423905489923558,fitness_screens+published_screens,median,rank,15,0.0,25,compartment
dense granules,0,68,66,0.023429179978700747,0.9705882352941176,0.045753899480069325,fitness_screens+published_screens,median,rank,15,0.0,25,compartment
nucleus - non-chromatin,0,172,172,0.06105786297479588,1.0,0.11508865841418534,fitness_screens+published_screens,median,rank,15,0.0,25,compartment
rhoptries 1,0,27,27,0.009584664536741214,1.0,0.0189873417721519,fitness_screens+published_screens,median,rank,15,0.0,25,compartment
ER,0,92,92,0.0326588569400071,1.0,0.06325197662426951,fitness_screens+published_screens,median,rank,15,0.0,25,compartment
apical 1,0,21,21,0.007454739084132056,1.0,0.014799154334038056,fitness_screens+published_screens,median,rank,15,0.0,25,compartment
PM - integral,0,53,53,0.018814341498047567,1.0,0.036933797909407665,fitness_screens+published_screens,median,rank,15,0.0,25,compartment
nucleolus,0,16,16,0.0056798012069577564,1.0,0.011295446523120369,fitness_screens+published_screens,median,rank,15,0.0,25,compartment
PM - peripheral 2,0,16,16,0.0056798012069577564,1.0,0.011295446523120369,fitness_screens+published_screens,median,rank,15,0.0,25,compartment
mitochondrion - soluble,0,101,100,0.03549875754348598,0.9900990099009901,0.06854009595613435,fitness_screens+published_screens,median,rank,15,0.0,25,compartment
mitochondrion - membranes,0,67,67,0.023784167554135604,1.0,0.0464632454923717,fitness_screens+published_screens,median,rank,15,0.0,25,compartment
IMC,0,42,42,0.014909478168264111,1.0,0.02938090241343127,fitness_screens+published_screens,median,rank,15,0.0,25,compartment
PM - peripheral 1,0,15,15,0.005324813631522897,1.0,0.01059322033898305,fitness_screens+published_screens,median,rank,15,0.0,25,compartment
Golgi,0,62,62,0.022009229676961305,1.0,0.04307051059395623,fitness_screens+published_screens,median,rank,15,0.0,60,compartment
cytosol,0,215,213,0.07561235356762513,0.9906976744186047,0.1405013192612137,fitness_screens+published_screens,median,rank,15,0.0,60,compartment
micronemes,0,20,19,0.0067447639332623354,0.95,0.01339443073669369,fitness_screens+published_screens,median,rank,15,0.0,60,compartment
nucleus - chromatin,0,273,273,0.09691160809371673,1.0,0.1766990291262136,fitness_screens+published_screens,median,rank,15,0.0,60,compartment
apicoplast,0,61,61,0.021654242101526448,1.0,0.0423905489923558,fitness_screens+published_screens,median,rank,15,0.0,60,compartment
dense granules,0,68,66,0.023429179978700747,0.9705882352941176,0.045753899480069325,fitness_screens+published_screens,median,rank,15,0.0,60,compartment
nucleus - non-chromatin,0,172,172,0.06105786297479588,1.0,0.11508865841418534,fitness_screens+published_screens,median,rank,15,0.0,60,compartment
rhoptries 1,0,27,27,0.009584664536741214,1.0,0.0189873417721519,fitness_screens+published_screens,median,rank,15,0.0,60,compartment
ER,0,92,92,0.0326588569400071,1.0,0.06325197662426951,fitness_screens+published_screens,median,rank,15,0.0,60,compartment
apical 1,0,21,21,0.007454739084132056,1.0,0.014799154334038056,fitness_screens+published_screens,median,rank,15,0.0,60,compartment
PM - integral,0,53,53,0.018814341498047567,1.0,0.036933797909407665,fitness_screens+published_screens,median,rank,15,0.0,60,compartment
nucleolus,0,16,16,0.0056798012069577564,1.0,0.011295446523120369,fitness_screens+published_screens,median,rank,15,0.0,60,compartment
PM - peripheral 2,0,16,16,0.0056798012069577564,1.0,0.011295446523120369,fitness_screens+published_screens,median,rank,15,0.0,60,compartment
mitochondrion - soluble,0,101,100,0.03549875754348598,0.9900990099009901,0.06854009595613435,fitness_screens+published_screens,median,rank,15,0.0,60,compartment
mitochondrion - membranes,0,67,67,0.023784167554135604,1.0,0.0464632454923717,fitness_screens+published_screens,median,rank,15,0.0,60,compartment
IMC,0,42,42,0.014909478168264111,1.0,0.02938090241343127,fitness_screens+published_screens,median,rank,15,0.0,60,compartment
PM - peripheral 1,0,15,15,0.005324813631522897,1.0,0.01059322033898305,fitness_screens+published_screens,median,rank,15,0.0,60,compartment
Golgi,0,62,62,0.022009229676961305,1.0,0.04307051059395623,fitness_screens+published_screens,median,rank,15,0.25,25,compartment
cytosol,0,215,213,0.07561235356762513,0.9906976744186047,0.1405013192612137,fitness_screens+published_screens,median,rank,15,0.25,25,compartment
micronemes,0,20,19,0.0067447639332623354,0.95,0.01339443073669369,fitness_screens+published_screens,median,rank,15,0.25,25,compartment
nucleus - chromatin,0,273,273,0.09691160809371673,1.0,0.1766990291262136,fitness_screens+published_screens,median,rank,15,0.25,25,compartment
apicoplast,0,61,61,0.021654242101526448,1.0,0.0423905489923558,fitness_screens+published_screens,median,rank,15,0.25,25,compartment
dense granules,0,68,66,0.023429179978700747,0.9705882352941176,0.045753899480069325,fitness_screens+published_screens,median,rank,15,0.25,25,compartment
nucleus - non-chromatin,0,172,172,0.06105786297479588,1.0,0.11508865841418534,fitness_screens+published_screens,median,rank,15,0.25,25,compartment
rhoptries 1,0,27,27,0.009584664536741214,1.0,0.0189873417721519,fitness_screens+published_screens,median,rank,15,0.25,25,compartment
ER,0,92,92,0.0326588569400071,1.0,0.06325197662426951,fitness_screens+published_screens,median,rank,15,0.25,25,compartment
apical 1,0,21,21,0.007454739084132056,1.0,0.014799154334038056,fitness_screens+published_screens,median,rank,15,0.25,25,compartment
PM - integral,0,53,53,0.018814341498047567,1.0,0.036933797909407665,fitness_screens+published_screens,median,rank,15,0.25,25,compartment
nucleolus,0,16,16,0.0056798012069577564,1.0,0.011295446523120369,fitness_screens+published_screens,median,rank,15,0.25,25,compartment
PM - peripheral 2,0,16,16,0.0056798012069577564,1.0,0.011295446523120369,fitness_screens+published_screens,median,rank,15,0.25,25,compartment
mitochondrion - soluble,0,101,100,0.03549875754348598,0.9900990099009901,0.06854009595613435,fitness_screens+published_screens,median,rank,15,0.25,25,compartment
mitochondrion - membranes,0,67,67,0.023784167554135604,1.0,0.0464632454923717,fitness_screens+published_screens,median,rank,15,0.25,25,compartment
IMC,0,42,42,0.014909478168264111,1.0,0.02938090241343127,fitness_screens+published_screens,median,rank,15,0.25,25,compartment
PM - peripheral 1,0,15,15,0.005324813631522897,1.0,0.01059322033898305,fitness_screens+published_screens,median,rank,15,0.25,25,compartment
Golgi,0,62,62,0.022009229676961305,1.0,0.04307051059395623,fitness_screens+published_screens,median,rank,15,0.25,60,compartment
cytosol,0,215,213,0.07561235356762513,0.9906976744186047,0.1405013192612137,fitness_screens+published_screens,median,rank,15,0.25,60,compartment
micronemes,0,20,19,0.0067447639332623354,0.95,0.01339443073669369,fitness_screens+published_screens,median,rank,15,0.25,60,compartment
nucleus - chromatin,0,273,273,0.09691160809371673,1.0,0.1766990291262136,fitness_screens+published_screens,median,rank,15,0.25,60,compartment
apicoplast,0,61,61,0.021654242101526448,1.0,0.0423905489923558,fitness_screens+published_screens,median,rank,15,0.25,60,compartment
dense granules,0,68,66,0.023429179978700747,0.9705882352941176,0.045753899480069325,fitness_screens+published_screens,median,rank,15,0.25,60,compartment
nucleus - non-chromatin,0,172,172,0.06105786297479588,1.0,0.11508865841418534,fitness_screens+published_screens,median,rank,15,0.25,60,compartment
rhoptries 1,0,27,27,0.009584664536741214,1.0,0.0189873417721519,fitness_screens+published_screens,median,rank,15,0.25,60,compartment
ER,0,92,92,0.0326588569400071,1.0,0.06325197662426951,fitness_screens+published_screens,median,rank,15,0.25,60,compartment
apical 1,0,21,21,0.007454739084132056,1.0,0.014799154334038056,fitness_screens+published_screens,median,rank,15,0.25,60,compartment
PM - integral,0,53,53,0.018814341498047567,1.0,0.036933797909407665,fitness_screens+published_screens,median,rank,15,0.25,60,compartment
nucleolus,0,16,16,0.0056798012069577564,1.0,0.011295446523120369,fitness_screens+published_screens,median,rank,15,0.25,60,compartment
PM - peripheral 2,0,16,16,0.0056798012069577564,1.0,0.011295446523120369,fitness_screens+published_screens,median,rank,15,0.25,60,compartment
mitochondrion - soluble,0,101,100,0.03549875754348598,0.9900990099009901,0.06854009595613435,fitness_screens+published_screens,median,rank,15,0.25,60,compartment
mitochondrion - membranes,0,67,67,0.023784167554135604,1.0,0.0464632454923717,fitness_screens+published_screens,median,rank,15,0.25,60,compartment
IMC,0,42,42,0.014909478168264111,1.0,0.02938090241343127,fitness_screens+published_screens,median,rank,15,0.25,60,compartment
PM - peripheral 1,0,15,15,0.005324813631522897,1.0,0.01059322033898305,fitness_screens+published_screens,median,rank,15,0.25,60,compartment
Golgi,0,62,61,0.0216773276474769,0.9838709677419355,0.04242002781641168,fitness_screens+published_screens,median,rank,50,0.0,25,compartment
cytosol,0,215,213,0.07569296375266525,0.9906976744186047,0.1406404754044239,fitness_screens+published_screens,median,rank,50,0.0,25,compartment
micronemes,0,20,19,0.006751954513148543,0.95,0.013408609738884967,fitness_screens+published_screens,median,rank,50,0.0,25,compartment
nucleus - chromatin,0,273,273,0.09701492537313433,1.0,0.17687074829931973,fitness_screens+published_screens,median,rank,50,0.0,25,compartment
apicoplast,0,61,61,0.0216773276474769,1.0,0.042434782608695654,fitness_screens+published_screens,median,rank,50,0.0,25,compartment
dense granules,0,68,66,0.023454157782515993,0.9705882352941176,0.04580152671755725,fitness_screens+published_screens,median,rank,50,0.0,25,compartment
nucleus - non-chromatin,0,172,171,0.060767590618336885,0.9941860465116279,0.1145344943067649,fitness_screens+published_screens,median,rank,50,0.0,25,compartment
rhoptries 1,0,27,27,0.009594882729211088,1.0,0.01900739176346357,fitness_screens+published_screens,median,rank,50,0.0,25,compartment
ER,0,92,92,0.032693674484719264,1.0,0.06331727460426703,fitness_screens+published_screens,median,rank,50,0.0,25,compartment
apical 1,0,21,21,0.007462686567164179,1.0,0.014814814814814815,fitness_screens+published_screens,median,rank,50,0.0,25,compartment
PM - integral,0,53,53,0.018834399431414357,1.0,0.03697244506452738,fitness_screens+published_screens,median,rank,50,0.0,25,compartment
nucleolus,0,16,16,0.005685856432125089,1.0,0.011307420494699646,fitness_screens+published_screens,median,rank,50,0.0,25,compartment
PM - peripheral 2,0,16,16,0.005685856432125089,1.0,0.011307420494699646,fitness_screens+published_screens,median,rank,50,0.0,25,compartment
mitochondrion - soluble,0,101,100,0.03553660270078181,0.9900990099009901,0.06861063464837051,fitness_screens+published_screens,median,rank,50,0.0,25,compartment
mitochondrion - membranes,0,67,67,0.023809523809523808,1.0,0.046511627906976744,fitness_screens+published_screens,median,rank,50,0.0,25,compartment
IMC,0,42,42,0.014925373134328358,1.0,0.029411764705882353,fitness_screens+published_screens,median,rank,50,0.0,25,compartment
PM - peripheral 1,0,15,15,0.005330490405117271,1.0,0.010604453870625663,fitness_screens+published_screens,median,rank,50,0.0,25,compartment
Golgi,0,62,61,0.0216773276474769,0.9838709677419355,0.04242002781641168,fitness_screens+published_screens,median,rank,50,0.0,60,compartment
cytosol,0,215,213,0.07569296375266525,0.9906976744186047,0.1406404754044239,fitness_screens+published_screens,median,rank,50,0.0,60,compartment
micronemes,0,20,19,0.006751954513148543,0.95,0.013408609738884967,fitness_screens+published_screens,median,rank,50,0.0,60,compartment
nucleus - chromatin,0,273,273,0.09701492537313433,1.0,0.17687074829931973,fitness_screens+published_screens,median,rank,50,0.0,60,compartment
apicoplast,0,61,61,0.0216773276474769,1.0,0.042434782608695654,fitness_screens+published_screens,median,rank,50,0.0,60,compartment
dense granules,0,68,66,0.023454157782515993,0.9705882352941176,0.04580152671755725,fitness_screens+published_screens,median,rank,50,0.0,60,compartment
nucleus - non-chromatin,0,172,171,0.060767590618336885,0.9941860465116279,0.1145344943067649,fitness_screens+published_screens,median,rank,50,0.0,60,compartment
rhoptries 1,0,27,27,0.009594882729211088,1.0,0.01900739176346357,fitness_screens+published_screens,median,rank,50,0.0,60,compartment
ER,0,92,92,0.032693674484719264,1.0,0.06331727460426703,fitness_screens+published_screens,median,rank,50,0.0,60,compartment
apical 1,0,21,21,0.007462686567164179,1.0,0.014814814814814815,fitness_screens+published_screens,median,rank,50,0.0,60,compartment
PM - integral,0,53,53,0.018834399431414357,1.0,0.03697244506452738,fitness_screens+published_screens,median,rank,50,0.0,60,compartment
nucleolus,0,16,16,0.005685856432125089,1.0,0.011307420494699646,fitness_screens+published_screens,median,rank,50,0.0,60,compartment
PM - peripheral 2,0,16,16,0.005685856432125089,1.0,0.011307420494699646,fitness_screens+published_screens,median,rank,50,0.0,60,compartment
mitochondrion - soluble,0,101,100,0.03553660270078181,0.9900990099009901,0.06861063464837051,fitness_screens+published_screens,median,rank,50,0.0,60,compartment
mitochondrion - membranes,0,67,67,0.023809523809523808,1.0,0.046511627906976744,fitness_screens+published_screens,median,rank,50,0.0,60,compartment
IMC,0,42,42,0.014925373134328358,1.0,0.029411764705882353,fitness_screens+published_screens,median,rank,50,0.0,60,compartment
PM - peripheral 1,0,15,15,0.005330490405117271,1.0,0.010604453870625663,fitness_screens+published_screens,median,rank,50,0.0,60,compartment
Golgi,0,62,61,0.021692745376955903,0.9838709677419355,0.04244954766875435,fitness_screens+published_screens,median,rank,50,0.25,25,compartment
cytosol,0,215,213,0.07574679943100995,0.9906976744186047,0.14073339940535182,fitness_screens+published_screens,median,rank,50,0.25,25,compartment
micronemes,0,20,19,0.006756756756756757,0.95,0.013418079096045199,fitness_screens+published_screens,median,rank,50,0.25,25,compartment
nucleus - chromatin,0,273,272,0.09672830725462304,0.9963369963369964,0.17633711507293356,fitness_screens+published_screens,median,rank,50,0.25,25,compartment
apicoplast,0,61,61,0.021692745376955903,1.0,0.04246432300730943,fitness_screens+published_screens,median,rank,50,0.25,25,compartment
dense granules,0,68,66,0.023470839260312945,0.9705882352941176,0.04583333333333334,fitness_screens+published_screens,median,rank,50,0.25,25,compartment
nucleus - non-chromatin,0,172,171,0.060810810810810814,0.9941860465116279,0.11461126005361932,fitness_screens+published_screens,median,rank,50,0.25,25,compartment
rhoptries 1,0,27,27,0.009601706970128023,1.0,0.019020781965480803,fitness_screens+published_screens,median,rank,50,0.25,25,compartment
ER,0,92,92,0.032716927453769556,1.0,0.06336088154269973,fitness_screens+published_screens,median,rank,50,0.25,25,compartment
apical 1,0,21,21,0.007467994310099573,1.0,0.014825273561595484,fitness_screens+published_screens,median,rank,50,0.25,25,compartment
PM - integral,0,53,53,0.018847795163584636,1.0,0.03699825479930192,fitness_screens+published_screens,median,rank,50,0.25,25,compartment
nucleolus,0,16,16,0.005689900426742532,1.0,0.011315417256011316,fitness_screens+published_screens,median,rank,50,0.25,25,compartment
PM - peripheral 2,0,16,16,0.005689900426742532,1.0,0.011315417256011316,fitness_screens+published_screens,median,rank,50,0.25,25,compartment
mitochondrion - soluble,0,101,100,0.03556187766714083,0.9900990099009901,0.06865774116031582,fitness_screens+published_screens,median,rank,50,0.25,25,compartment
mitochondrion - membranes,0,67,67,0.02382645803698435,1.0,0.046543938867662386,fitness_screens+published_screens,median,rank,50,0.25,25,compartment
IMC,0,42,42,0.014935988620199146,1.0,0.02943237561317449,fitness_screens+published_screens,median,rank,50,0.25,25,compartment
PM - peripheral 1,0,15,15,0.005334281650071123,1.0,0.010611956137247965,fitness_screens+published_screens,median,rank,50,0.25,25,compartment
Golgi,0,62,61,0.021692745376955903,0.9838709677419355,0.04244954766875435,fitness_screens+published_screens,median,rank,50,0.25,60,compartment
cytosol,0,215,213,0.07574679943100995,0.9906976744186047,0.14073339940535182,fitness_screens+published_screens,median,rank,50,0.25,60,compartment
micronemes,0,20,19,0.006756756756756757,0.95,0.013418079096045199,fitness_screens+published_screens,median,rank,50,0.25,60,compartment
nucleus - chromatin,0,273,272,0.09672830725462304,0.9963369963369964,0.17633711507293356,fitness_screens+published_screens,median,rank,50,0.25,60,compartment
apicoplast,0,61,61,0.021692745376955903,1.0,0.04246432300730943,fitness_screens+published_screens,median,rank,50,0.25,60,compartment
dense granules,0,68,66,0.023470839260312945,0.9705882352941176,0.04583333333333334,fitness_screens+published_screens,median,rank,50,0.25,60,compartment
nucleus - non-chromatin,0,172,171,0.060810810810810814,0.9941860465116279,0.11461126005361932,fitness_screens+published_screens,median,rank,50,0.25,60,compartment
rhoptries 1,0,27,27,0.009601706970128023,1.0,0.019020781965480803,fitness_screens+published_screens,median,rank,50,0.25,60,compartment
ER,0,92,92,0.032716927453769556,1.0,0.06336088154269973,fitness_screens+published_screens,median,rank,50,0.25,60,compartment
apical 1,0,21,21,0.007467994310099573,1.0,0.014825273561595484,fitness_screens+published_screens,median,rank,50,0.25,60,compartment
PM - integral,0,53,53,0.018847795163584636,1.0,0.03699825479930192,fitness_screens+published_screens,median,rank,50,0.25,60,compartment
nucleolus,0,16,16,0.005689900426742532,1.0,0.011315417256011316,fitness_screens+published_screens,median,rank,50,0.25,60,compartment
PM - peripheral 2,0,16,16,0.005689900426742532,1.0,0.011315417256011316,fitness_screens+published_screens,median,rank,50,0.25,60,compartment
mitochondrion - soluble,0,101,100,0.03556187766714083,0.9900990099009901,0.06865774116031582,fitness_screens+published_screens,median,rank,50,0.25,60,compartment
mitochondrion - membranes,0,67,67,0.02382645803698435,1.0,0.046543938867662386,fitness_screens+published_screens,median,rank,50,0.25,60,compartment
IMC,0,42,42,0.014935988620199146,1.0,0.02943237561317449,fitness_screens+published_screens,median,rank,50,0.25,60,compartment
PM - peripheral 1,0,15,15,0.005334281650071123,1.0,0.010611956137247965,fitness_screens+published_screens,median,rank,50,0.25,60,compartment
Golgi,0,61,55,0.03303303303303303,0.9016393442622951,0.06373117033603708,fitness_screens+protein_features,median,rank,15,0.0,25,compartment
cytosol,8,167,21,0.23333333333333334,0.12574850299401197,0.16342412451361868,fitness_screens+protein_features,median,rank,15,0.0,25,compartment
micronemes,1,19,3,0.04,0.15789473684210525,0.06382978723404255,fitness_screens+protein_features,median,rank,15,0.0,25,compartment
nucleus - chromatin,0,254,192,0.11531531531531532,0.7559055118110236,0.20010422094841063,fitness_screens+protein_features,median,rank,15,0.0,25,compartment
apicoplast,8,55,4,0.044444444444444446,0.07272727272727272,0.05517241379310345,fitness_screens+protein_features,median,rank,15,0.0,25,compartment
dense granules,2,64,11,0.09322033898305085,0.171875,0.12087912087912088,fitness_screens+protein_features,median,rank,15,0.0,25,compartment
nucleus - non-chromatin,15,153,16,0.2077922077922078,0.10457516339869281,0.1391304347826087,fitness_screens+protein_features,median,rank,15,0.0,25,compartment
rhoptries 1,2,25,5,0.0423728813559322,0.2,0.06993006993006992,fitness_screens+protein_features,median,rank,15,0.0,25,compartment
ER,0,86,84,0.05045045045045045,0.9767441860465116,0.09594517418617933,fitness_screens+protein_features,median,rank,15,0.0,25,compartment
apical 1,5,20,2,0.025,0.1,0.04000000000000001,fitness_screens+protein_features,median,rank,15,0.0,25,compartment
PM - integral,0,51,44,0.026426426426426425,0.8627450980392157,0.05128205128205128,fitness_screens+protein_features,median,rank,15,0.0,25,compartment
nucleolus,6,15,1,0.03571428571428571,0.06666666666666667,0.046511627906976744,fitness_screens+protein_features,median,rank,15,0.0,25,compartment
mitochondrion - soluble,14,88,10,0.10752688172043011,0.11363636363636363,0.11049723756906077,fitness_screens+protein_features,median,rank,15,0.0,25,compartment
mitochondrion - membranes,8,60,5,0.05555555555555555,0.08333333333333333,0.06666666666666667,fitness_screens+protein_features,median,rank,15,0.0,25,compartment
IMC,11,34,7,0.03910614525139665,0.20588235294117646,0.06572769953051642,fitness_screens+protein_features,median,rank,15,0.0,25,compartment
Golgi,0,62,55,0.03303303303303303,0.8870967741935484,0.06369426751592357,fitness_screens+protein_features,median,rank,15,0.0,60,compartment
cytosol,2,215,138,0.12410071942446044,0.641860465116279,0.20798794272795781,fitness_screens+protein_features,median,rank,15,0.0,60,compartment
micronemes,1,20,3,0.04,0.15,0.06315789473684211,fitness_screens+protein_features,median,rank,15,0.0,60,compartment
nucleus - chromatin,0,273,192,0.11531531531531532,0.7032967032967034,0.1981424148606811,fitness_screens+protein_features,median,rank,15,0.0,60,compartment
apicoplast,0,61,43,0.025825825825825825,0.7049180327868853,0.04982618771726535,fitness_screens+protein_features,median,rank,15,0.0,60,compartment
dense granules,3,67,11,0.09322033898305085,0.16417910447761194,0.11891891891891893,fitness_screens+protein_features,median,rank,15,0.0,60,compartment
nucleus - non-chromatin,2,172,93,0.08363309352517985,0.5406976744186046,0.1448598130841121,fitness_screens+protein_features,median,rank,15,0.0,60,compartment
rhoptries 1,3,27,5,0.0423728813559322,0.18518518518518517,0.0689655172413793,fitness_screens+protein_features,median,rank,15,0.0,60,compartment
ER,0,92,84,0.05045045045045045,0.9130434782608695,0.09561752988047807,fitness_screens+protein_features,median,rank,15,0.0,60,compartment
apical 1,0,21,16,0.00960960960960961,0.7619047619047619,0.01897983392645314,fitness_screens+protein_features,median,rank,15,0.0,60,compartment
PM - integral,0,53,44,0.026426426426426425,0.8301886792452831,0.05122235157159487,fitness_screens+protein_features,median,rank,15,0.0,60,compartment
nucleolus,0,16,10,0.006006006006006006,0.625,0.011897679952409281,fitness_screens+protein_features,median,rank,15,0.0,60,compartment
PM - peripheral 2,0,16,13,0.007807807807807808,0.8125,0.015466983938132065,fitness_screens+protein_features,median,rank,15,0.0,60,compartment
mitochondrion - soluble,2,99,45,0.040467625899280574,0.45454545454545453,0.07431874483897603,fitness_screens+protein_features,median,rank,15,0.0,60,compartment
mitochondrion - membranes,2,67,31,0.02787769784172662,0.4626865671641791,0.05258693808312129,fitness_screens+protein_features,median,rank,15,0.0,60,compartment
IMC,2,42,24,0.02158273381294964,0.5714285714285714,0.0415944540727903,fitness_screens+protein_features,median,rank,15,0.0,60,compartment
PM - peripheral 1,1,15,11,0.14666666666666667,0.7333333333333333,0.24444444444444444,fitness_screens+protein_features,median,rank,15,0.0,60,compartment
Golgi,0,62,55,0.03303303303303303,0.8870967741935484,0.06369426751592357,fitness_screens+protein_features,median,rank,15,0.25,25,compartment
cytosol,1,215,138,0.10337078651685393,0.641860465116279,0.17806451612903226,fitness_screens+protein_features,median,rank,15,0.25,25,compartment
micronemes,0,20,14,0.008408408408408409,0.7,0.016617210682492584,fitness_screens+protein_features,median,rank,15,0.25,25,compartment
nucleus - chromatin,0,273,192,0.11531531531531532,0.7032967032967034,0.1981424148606811,fitness_screens+protein_features,median,rank,15,0.25,25,compartment
apicoplast,0,61,43,0.025825825825825825,0.7049180327868853,0.04982618771726535,fitness_screens+protein_features,median,rank,15,0.25,25,compartment
dense granules,0,68,41,0.024624624624624624,0.6029411764705882,0.04731679169070974,fitness_screens+protein_features,median,rank,15,0.25,25,compartment
nucleus - non-chromatin,1,172,93,0.0696629213483146,0.5406976744186046,0.12342402123424019,fitness_screens+protein_features,median,rank,15,0.25,25,compartment
rhoptries 1,0,27,16,0.00960960960960961,0.5925925925925926,0.01891252955082742,fitness_screens+protein_features,median,rank,15,0.25,25,compartment
ER,0,92,84,0.05045045045045045,0.9130434782608695,0.09561752988047807,fitness_screens+protein_features,median,rank,15,0.25,25,compartment
apical 1,0,21,16,0.00960960960960961,0.7619047619047619,0.01897983392645314,fitness_screens+protein_features,median,rank,15,0.25,25,compartment
PM - integral,0,53,44,0.026426426426426425,0.8301886792452831,0.05122235157159487,fitness_screens+protein_features,median,rank,15,0.25,25,compartment
nucleolus,0,16,10,0.006006006006006006,0.625,0.011897679952409281,fitness_screens+protein_features,median,rank,15,0.25,25,compartment
PM - peripheral 2,0,16,13,0.007807807807807808,0.8125,0.015466983938132065,fitness_screens+protein_features,median,rank,15,0.25,25,compartment
mitochondrion - soluble,1,101,49,0.03670411985018727,0.48514851485148514,0.06824512534818941,fitness_screens+protein_features,median,rank,15,0.25,25,compartment
mitochondrion - membranes,1,67,31,0.023220973782771534,0.4626865671641791,0.04422253922967189,fitness_screens+protein_features,median,rank,15,0.25,25,compartment
IMC,1,42,24,0.017977528089887642,0.5714285714285714,0.034858387799564274,fitness_screens+protein_features,median,rank,15,0.25,25,compartment
PM - peripheral 1,1,15,15,0.011235955056179775,1.0,0.02222222222222222,fitness_screens+protein_features,median,rank,15,0.25,25,compartment
Golgi,0,62,55,0.03303303303303303,0.8870967741935484,0.06369426751592357,fitness_screens+protein_features,median,rank,15,0.25,60,compartment
cytosol,1,215,138,0.10337078651685393,0.641860465116279,0.17806451612903226,fitness_screens+protein_features,median,rank,15,0.25,60,compartment
micronemes,0,20,14,0.008408408408408409,0.7,0.016617210682492584,fitness_screens+protein_features,median,rank,15,0.25,60,compartment
nucleus - chromatin,0,273,192,0.11531531531531532,0.7032967032967034,0.1981424148606811,fitness_screens+protein_features,median,rank,15,0.25,60,compartment
apicoplast,0,61,43,0.025825825825825825,0.7049180327868853,0.04982618771726535,fitness_screens+protein_features,median,rank,15,0.25,60,compartment
dense granules,0,68,41,0.024624624624624624,0.6029411764705882,0.04731679169070974,fitness_screens+protein_features,median,rank,15,0.25,60,compartment
nucleus - non-chromatin,1,172,93,0.0696629213483146,0.5406976744186046,0.12342402123424019,fitness_screens+protein_features,median,rank,15,0.25,60,compartment
rhoptries 1,0,27,16,0.00960960960960961,0.5925925925925926,0.01891252955082742,fitness_screens+protein_features,median,rank,15,0.25,60,compartment
ER,0,92,84,0.05045045045045045,0.9130434782608695,0.09561752988047807,fitness_screens+protein_features,median,rank,15,0.25,60,compartment
apical 1,0,21,16,0.00960960960960961,0.7619047619047619,0.01897983392645314,fitness_screens+protein_features,median,rank,15,0.25,60,compartment
PM - integral,0,53,44,0.026426426426426425,0.8301886792452831,0.05122235157159487,fitness_screens+protein_features,median,rank,15,0.25,60,compartment
nucleolus,0,16,10,0.006006006006006006,0.625,0.011897679952409281,fitness_screens+protein_features,median,rank,15,0.25,60,compartment
PM - peripheral 2,0,16,13,0.007807807807807808,0.8125,0.015466983938132065,fitness_screens+protein_features,median,rank,15,0.25,60,compartment
mitochondrion - soluble,1,101,49,0.03670411985018727,0.48514851485148514,0.06824512534818941,fitness_screens+protein_features,median,rank,15,0.25,60,compartment
mitochondrion - membranes,1,67,31,0.023220973782771534,0.4626865671641791,0.04422253922967189,fitness_screens+protein_features,median,rank,15,0.25,60,compartment
IMC,1,42,24,0.017977528089887642,0.5714285714285714,0.034858387799564274,fitness_screens+protein_features,median,rank,15,0.25,60,compartment
PM - peripheral 1,1,15,15,0.011235955056179775,1.0,0.02222222222222222,fitness_screens+protein_features,median,rank,15,0.25,60,compartment
Golgi,0,62,55,0.033013205282112844,0.8870967741935484,0.06365740740740741,fitness_screens+protein_features,median,rank,50,0.0,25,compartment
cytosol,1,215,138,0.10344827586206896,0.641860465116279,0.17817947062621048,fitness_screens+protein_features,median,rank,50,0.0,25,compartment
micronemes,0,20,15,0.00900360144057623,0.75,0.017793594306049824,fitness_screens+protein_features,median,rank,50,0.0,25,compartment
nucleus - chromatin,0,273,192,0.11524609843937575,0.7032967032967034,0.19804022692109335,fitness_screens+protein_features,median,rank,50,0.0,25,compartment
apicoplast,0,61,43,0.02581032412965186,0.7049180327868853,0.049797336421540245,fitness_screens+protein_features,median,rank,50,0.0,25,compartment
dense granules,0,68,41,0.02460984393757503,0.6029411764705882,0.04728950403690888,fitness_screens+protein_features,median,rank,50,0.0,25,compartment
nucleus - non-chromatin,1,172,93,0.06971514242878561,0.5406976744186046,0.12350597609561752,fitness_screens+protein_features,median,rank,50,0.0,25,compartment
rhoptries 1,0,27,16,0.009603841536614645,0.5925925925925926,0.01890135853514471,fitness_screens+protein_features,median,rank,50,0.0,25,compartment
ER,0,92,84,0.05042016806722689,0.9130434782608695,0.09556313993174062,fitness_screens+protein_features,median,rank,50,0.0,25,compartment
apical 1,0,21,16,0.009603841536614645,0.7619047619047619,0.01896858328393598,fitness_screens+protein_features,median,rank,50,0.0,25,compartment
PM - integral,0,53,44,0.026410564225690276,0.8301886792452831,0.051192553810354854,fitness_screens+protein_features,median,rank,50,0.0,25,compartment
nucleolus,0,16,10,0.006002400960384154,0.625,0.011890606420927466,fitness_screens+protein_features,median,rank,50,0.0,25,compartment
PM - peripheral 2,0,16,13,0.0078031212484993995,0.8125,0.015457788347205709,fitness_screens+protein_features,median,rank,50,0.0,25,compartment
mitochondrion - soluble,1,101,49,0.03673163418290855,0.48514851485148514,0.06829268292682927,fitness_screens+protein_features,median,rank,50,0.0,25,compartment
mitochondrion - membranes,1,67,31,0.023238380809595203,0.4626865671641791,0.04425410421127766,fitness_screens+protein_features,median,rank,50,0.0,25,compartment
IMC,1,42,24,0.017991004497751123,0.5714285714285714,0.03488372093023255,fitness_screens+protein_features,median,rank,50,0.0,25,compartment
PM - peripheral 1,1,15,15,0.011244377811094454,1.0,0.02223869532987398,fitness_screens+protein_features,median,rank,50,0.0,25,compartment
Golgi,0,62,55,0.033013205282112844,0.8870967741935484,0.06365740740740741,fitness_screens+protein_features,median,rank,50,0.0,60,compartment
cytosol,1,215,138,0.10344827586206896,0.641860465116279,0.17817947062621048,fitness_screens+protein_features,median,rank,50,0.0,60,compartment
micronemes,0,20,15,0.00900360144057623,0.75,0.017793594306049824,fitness_screens+protein_features,median,rank,50,0.0,60,compartment
nucleus - chromatin,0,273,192,0.11524609843937575,0.7032967032967034,0.19804022692109335,fitness_screens+protein_features,median,rank,50,0.0,60,compartment
apicoplast,0,61,43,0.02581032412965186,0.7049180327868853,0.049797336421540245,fitness_screens+protein_features,median,rank,50,0.0,60,compartment
dense granules,0,68,41,0.02460984393757503,0.6029411764705882,0.04728950403690888,fitness_screens+protein_features,median,rank,50,0.0,60,compartment
nucleus - non-chromatin,1,172,93,0.06971514242878561,0.5406976744186046,0.12350597609561752,fitness_screens+protein_features,median,rank,50,0.0,60,compartment
rhoptries 1,0,27,16,0.009603841536614645,0.5925925925925926,0.01890135853514471,fitness_screens+protein_features,median,rank,50,0.0,60,compartment
ER,0,92,84,0.05042016806722689,0.9130434782608695,0.09556313993174062,fitness_screens+protein_features,median,rank,50,0.0,60,compartment
apical 1,0,21,16,0.009603841536614645,0.7619047619047619,0.01896858328393598,fitness_screens+protein_features,median,rank,50,0.0,60,compartment
PM - integral,0,53,44,0.026410564225690276,0.8301886792452831,0.051192553810354854,fitness_screens+protein_features,median,rank,50,0.0,60,compartment
nucleolus,0,16,10,0.006002400960384154,0.625,0.011890606420927466,fitness_screens+protein_features,median,rank,50,0.0,60,compartment
PM - peripheral 2,0,16,13,0.0078031212484993995,0.8125,0.015457788347205709,fitness_screens+protein_features,median,rank,50,0.0,60,compartment
mitochondrion - soluble,1,101,49,0.03673163418290855,0.48514851485148514,0.06829268292682927,fitness_screens+protein_features,median,rank,50,0.0,60,compartment
mitochondrion - membranes,1,67,31,0.023238380809595203,0.4626865671641791,0.04425410421127766,fitness_screens+protein_features,median,rank,50,0.0,60,compartment
IMC,1,42,24,0.017991004497751123,0.5714285714285714,0.03488372093023255,fitness_screens+protein_features,median,rank,50,0.0,60,compartment
PM - peripheral 1,1,15,15,0.011244377811094454,1.0,0.02223869532987398,fitness_screens+protein_features,median,rank,50,0.0,60,compartment
Golgi,0,62,55,0.033013205282112844,0.8870967741935484,0.06365740740740741,fitness_screens+protein_features,median,rank,50,0.25,25,compartment
cytosol,1,215,138,0.10344827586206896,0.641860465116279,0.17817947062621048,fitness_screens+protein_features,median,rank,50,0.25,25,compartment
micronemes,0,20,15,0.00900360144057623,0.75,0.017793594306049824,fitness_screens+protein_features,median,rank,50,0.25,25,compartment
nucleus - chromatin,0,273,192,0.11524609843937575,0.7032967032967034,0.19804022692109335,fitness_screens+protein_features,median,rank,50,0.25,25,compartment
apicoplast,0,61,43,0.02581032412965186,0.7049180327868853,0.049797336421540245,fitness_screens+protein_features,median,rank,50,0.25,25,compartment
dense granules,0,68,41,0.02460984393757503,0.6029411764705882,0.04728950403690888,fitness_screens+protein_features,median,rank,50,0.25,25,compartment
nucleus - non-chromatin,1,172,93,0.06971514242878561,0.5406976744186046,0.12350597609561752,fitness_screens+protein_features,median,rank,50,0.25,25,compartment
rhoptries 1,0,27,16,0.009603841536614645,0.5925925925925926,0.01890135853514471,fitness_screens+protein_features,median,rank,50,0.25,25,compartment
ER,0,92,84,0.05042016806722689,0.9130434782608695,0.09556313993174062,fitness_screens+protein_features,median,rank,50,0.25,25,compartment
apical 1,0,21,16,0.009603841536614645,0.7619047619047619,0.01896858328393598,fitness_screens+protein_features,median,rank,50,0.25,25,compartment
PM - integral,0,53,44,0.026410564225690276,0.8301886792452831,0.051192553810354854,fitness_screens+protein_features,median,rank,50,0.25,25,compartment
nucleolus,0,16,10,0.006002400960384154,0.625,0.011890606420927466,fitness_screens+protein_features,median,rank,50,0.25,25,compartment
PM - peripheral 2,0,16,13,0.0078031212484993995,0.8125,0.015457788347205709,fitness_screens+protein_features,median,rank,50,0.25,25,compartment
mitochondrion - soluble,1,101,49,0.03673163418290855,0.48514851485148514,0.06829268292682927,fitness_screens+protein_features,median,rank,50,0.25,25,compartment
mitochondrion - membranes,1,67,31,0.023238380809595203,0.4626865671641791,0.04425410421127766,fitness_screens+protein_features,median,rank,50,0.25,25,compartment
IMC,1,42,24,0.017991004497751123,0.5714285714285714,0.03488372093023255,fitness_screens+protein_features,median,rank,50,0.25,25,compartment
PM - peripheral 1,1,15,15,0.011244377811094454,1.0,0.02223869532987398,fitness_screens+protein_features,median,rank,50,0.25,25,compartment
Golgi,0,62,55,0.033013205282112844,0.8870967741935484,0.06365740740740741,fitness_screens+protein_features,median,rank,50,0.25,60,compartment
cytosol,1,215,138,0.10344827586206896,0.641860465116279,0.17817947062621048,fitness_screens+protein_features,median,rank,50,0.25,60,compartment
micronemes,0,20,15,0.00900360144057623,0.75,0.017793594306049824,fitness_screens+protein_features,median,rank,50,0.25,60,compartment
nucleus - chromatin,0,273,192,0.11524609843937575,0.7032967032967034,0.19804022692109335,fitness_screens+protein_features,median,rank,50,0.25,60,compartment
apicoplast,0,61,43,0.02581032412965186,0.7049180327868853,0.049797336421540245,fitness_screens+protein_features,median,rank,50,0.25,60,compartment
dense granules,0,68,41,0.02460984393757503,0.6029411764705882,0.04728950403690888,fitness_screens+protein_features,median,rank,50,0.25,60,compartment
nucleus - non-chromatin,1,172,93,0.06971514242878561,0.5406976744186046,0.12350597609561752,fitness_screens+protein_features,median,rank,50,0.25,60,compartment
rhoptries 1,0,27,16,0.009603841536614645,0.5925925925925926,0.01890135853514471,fitness_screens+protein_features,median,rank,50,0.25,60,compartment
ER,0,92,84,0.05042016806722689,0.9130434782608695,0.09556313993174062,fitness_screens+protein_features,median,rank,50,0.25,60,compartment
apical 1,0,21,16,0.009603841536614645,0.7619047619047619,0.01896858328393598,fitness_screens+protein_features,median,rank,50,0.25,60,compartment
PM - integral,0,53,44,0.026410564225690276,0.8301886792452831,0.051192553810354854,fitness_screens+protein_features,median,rank,50,0.25,60,compartment
nucleolus,0,16,10,0.006002400960384154,0.625,0.011890606420927466,fitness_screens+protein_features,median,rank,50,0.25,60,compartment
PM - peripheral 2,0,16,13,0.0078031212484993995,0.8125,0.015457788347205709,fitness_screens+protein_features,median,rank,50,0.25,60,compartment
mitochondrion - soluble,1,101,49,0.03673163418290855,0.48514851485148514,0.06829268292682927,fitness_screens+protein_features,median,rank,50,0.25,60,compartment
mitochondrion - membranes,1,67,31,0.023238380809595203,0.4626865671641791,0.04425410421127766,fitness_screens+protein_features,median,rank,50,0.25,60,compartment
IMC,1,42,24,0.017991004497751123,0.5714285714285714,0.03488372093023255,fitness_screens+protein_features,median,rank,50,0.25,60,compartment
PM - peripheral 1,1,15,15,0.011244377811094454,1.0,0.02223869532987398,fitness_screens+protein_features,median,rank,50,0.25,60,compartment
Golgi,7,62,36,0.024896265560165973,0.5806451612903226,0.04774535809018567,fitness_screens+interactions,median,rank,15,0.0,25,compartment
cytosol,0,215,38,0.30158730158730157,0.17674418604651163,0.22287390029325516,fitness_screens+interactions,median,rank,15,0.0,25,compartment
micronemes,0,20,3,0.023809523809523808,0.15,0.0410958904109589,fitness_screens+interactions,median,rank,15,0.0,25,compartment
nucleus - chromatin,7,273,190,0.1313969571230982,0.6959706959706959,0.2210587550901687,fitness_screens+interactions,median,rank,15,0.0,25,compartment
apicoplast,2,61,4,0.07017543859649122,0.06557377049180328,0.06779661016949151,fitness_screens+interactions,median,rank,15,0.0,25,compartment
dense granules,0,68,7,0.05555555555555555,0.10294117647058823,0.07216494845360824,fitness_screens+interactions,median,rank,15,0.0,25,compartment
nucleus - non-chromatin,0,171,25,0.1984126984126984,0.14619883040935672,0.16835016835016833,fitness_screens+interactions,median,rank,15,0.0,25,compartment
rhoptries 1,0,27,3,0.023809523809523808,0.1111111111111111,0.0392156862745098,fitness_screens+interactions,median,rank,15,0.0,25,compartment
ER,3,91,19,0.04428904428904429,0.2087912087912088,0.0730769230769231,fitness_screens+interactions,median,rank,15,0.0,25,compartment
apical 1,1,21,2,0.016666666666666666,0.09523809523809523,0.028368794326241134,fitness_screens+interactions,median,rank,15,0.0,25,compartment
PM - integral,3,53,16,0.037296037296037296,0.3018867924528302,0.06639004149377593,fitness_screens+interactions,median,rank,15,0.0,25,compartment
nucleolus,3,16,4,0.009324009324009324,0.25,0.01797752808988764,fitness_screens+interactions,median,rank,15,0.0,25,compartment
PM - peripheral 2,7,16,11,0.007607192254495159,0.6875,0.015047879616963064,fitness_screens+interactions,median,rank,15,0.0,25,compartment
mitochondrion - soluble,7,101,51,0.035269709543568464,0.504950495049505,0.06593406593406594,fitness_screens+interactions,median,rank,15,0.0,25,compartment
mitochondrion - membranes,4,67,22,0.032210834553440704,0.3283582089552239,0.058666666666666666,fitness_screens+interactions,median,rank,15,0.0,25,compartment
IMC,1,41,3,0.025,0.07317073170731707,0.03726708074534161,fitness_screens+interactions,median,rank,15,0.0,25,compartment
PM - peripheral 1,0,15,7,0.05555555555555555,0.4666666666666667,0.09929078014184396,fitness_screens+interactions,median,rank,15,0.0,25,compartment
Golgi,0,62,6,0.03389830508474576,0.0967741935483871,0.0502092050209205,fitness_screens+interactions,median,rank,15,0.0,60,compartment
cytosol,1,215,38,0.30158730158730157,0.17674418604651163,0.22287390029325516,fitness_screens+interactions,median,rank,15,0.0,60,compartment
micronemes,1,20,3,0.023809523809523808,0.15,0.0410958904109589,fitness_screens+interactions,median,rank,15,0.0,60,compartment
nucleus - chromatin,3,273,190,0.12658227848101267,0.6959706959706959,0.21420518602029312,fitness_screens+interactions,median,rank,15,0.0,60,compartment
apicoplast,0,61,9,0.05084745762711865,0.14754098360655737,0.07563025210084034,fitness_screens+interactions,median,rank,15,0.0,60,compartment
dense granules,1,68,7,0.05555555555555555,0.10294117647058823,0.07216494845360824,fitness_screens+interactions,median,rank,15,0.0,60,compartment
nucleus - non-chromatin,1,172,25,0.1984126984126984,0.14534883720930233,0.16778523489932887,fitness_screens+interactions,median,rank,15,0.0,60,compartment
rhoptries 1,1,27,3,0.023809523809523808,0.1111111111111111,0.0392156862745098,fitness_screens+interactions,median,rank,15,0.0,60,compartment
ER,2,92,19,0.04428904428904429,0.20652173913043478,0.07293666026871401,fitness_screens+interactions,median,rank,15,0.0,60,compartment
apical 1,0,21,2,0.011299435028248588,0.09523809523809523,0.0202020202020202,fitness_screens+interactions,median,rank,15,0.0,60,compartment
PM - integral,2,53,16,0.037296037296037296,0.3018867924528302,0.06639004149377593,fitness_screens+interactions,median,rank,15,0.0,60,compartment
nucleolus,2,16,4,0.009324009324009324,0.25,0.01797752808988764,fitness_screens+interactions,median,rank,15,0.0,60,compartment
PM - peripheral 2,3,16,11,0.0073284477015323115,0.6875,0.014502307185234015,fitness_screens+interactions,median,rank,15,0.0,60,compartment
mitochondrion - soluble,3,101,52,0.034643570952698204,0.5148514851485149,0.06491885143570537,fitness_screens+interactions,median,rank,15,0.0,60,compartment
mitochondrion - membranes,4,67,22,0.02890932982917214,0.3283582089552239,0.05314009661835749,fitness_screens+interactions,median,rank,15,0.0,60,compartment
IMC,1,42,3,0.023809523809523808,0.07142857142857142,0.03571428571428571,fitness_screens+interactions,median,rank,15,0.0,60,compartment
PM - peripheral 1,1,15,7,0.05555555555555555,0.4666666666666667,0.09929078014184396,fitness_screens+interactions,median,rank,15,0.0,60,compartment
Golgi,5,57,34,0.025092250922509225,0.5964912280701754,0.0481586402266289,fitness_screens+interactions,median,rank,15,0.25,25,compartment
cytosol,0,200,38,0.2992125984251969,0.19,0.2324159021406728,fitness_screens+interactions,median,rank,15,0.25,25,compartment
micronemes,0,20,3,0.023622047244094488,0.15,0.04081632653061225,fitness_screens+interactions,median,rank,15,0.25,25,compartment
nucleus - chromatin,5,267,186,0.13726937269372694,0.6966292134831461,0.22934648581997533,fitness_screens+interactions,median,rank,15,0.25,25,compartment
apicoplast,2,56,4,0.0784313725490196,0.07142857142857142,0.07476635514018691,fitness_screens+interactions,median,rank,15,0.25,25,compartment
dense granules,0,66,7,0.05511811023622047,0.10606060606060606,0.07253886010362694,fitness_screens+interactions,median,rank,15,0.25,25,compartment
nucleus - non-chromatin,0,163,25,0.1968503937007874,0.15337423312883436,0.1724137931034483,fitness_screens+interactions,median,rank,15,0.25,25,compartment
rhoptries 1,0,26,3,0.023622047244094488,0.11538461538461539,0.03921568627450981,fitness_screens+interactions,median,rank,15,0.25,25,compartment
ER,6,84,19,0.045346062052505964,0.2261904761904762,0.07554671968190854,fitness_screens+interactions,median,rank,15,0.25,25,compartment
apical 1,1,20,2,0.01834862385321101,0.1,0.031007751937984496,fitness_screens+interactions,median,rank,15,0.25,25,compartment
PM - integral,6,52,16,0.03818615751789976,0.3076923076923077,0.06794055201698514,fitness_screens+interactions,median,rank,15,0.25,25,compartment
PM - peripheral 2,1,15,1,0.009174311926605505,0.06666666666666667,0.01612903225806452,fitness_screens+interactions,median,rank,15,0.25,25,compartment
mitochondrion - soluble,5,97,49,0.03616236162361624,0.5051546391752577,0.06749311294765842,fitness_screens+interactions,median,rank,15,0.25,25,compartment
mitochondrion - membranes,4,60,20,0.026917900403768506,0.3333333333333333,0.049813200498132,fitness_screens+interactions,median,rank,15,0.25,25,compartment
IMC,0,38,4,0.031496062992125984,0.10526315789473684,0.048484848484848485,fitness_screens+interactions,median,rank,15,0.25,25,compartment
PM - peripheral 1,0,15,7,0.05511811023622047,0.4666666666666667,0.09859154929577464,fitness_screens+interactions,median,rank,15,0.25,25,compartment
Golgi,3,55,33,0.024354243542435424,0.6,0.04680851063829787,fitness_screens+interactions,median,rank,15,0.25,60,compartment
cytosol,1,196,38,0.30158730158730157,0.19387755102040816,0.2360248447204969,fitness_screens+interactions,median,rank,15,0.25,60,compartment
micronemes,1,19,3,0.023809523809523808,0.15789473684210525,0.041379310344827586,fitness_screens+interactions,median,rank,15,0.25,60,compartment
nucleus - chromatin,3,260,185,0.13653136531365315,0.7115384615384616,0.22910216718266255,fitness_screens+interactions,median,rank,15,0.25,60,compartment
apicoplast,0,52,6,0.04054054054054054,0.11538461538461539,0.06,fitness_screens+interactions,median,rank,15,0.25,60,compartment
dense granules,1,61,7,0.05555555555555555,0.11475409836065574,0.07486631016042782,fitness_screens+interactions,median,rank,15,0.25,60,compartment
nucleus - non-chromatin,1,157,25,0.1984126984126984,0.1592356687898089,0.17667844522968199,fitness_screens+interactions,median,rank,15,0.25,60,compartment
rhoptries 1,1,26,3,0.023809523809523808,0.11538461538461539,0.03947368421052632,fitness_screens+interactions,median,rank,15,0.25,60,compartment
ER,4,80,15,0.040106951871657755,0.1875,0.06607929515418502,fitness_screens+interactions,median,rank,15,0.25,60,compartment
apical 1,0,20,2,0.013513513513513514,0.1,0.023809523809523808,fitness_screens+interactions,median,rank,15,0.25,60,compartment
PM - integral,4,52,16,0.0427807486631016,0.3076923076923077,0.07511737089201878,fitness_screens+interactions,median,rank,15,0.25,60,compartment
PM - peripheral 2,3,15,10,0.007380073800738007,0.6666666666666666,0.0145985401459854,fitness_screens+interactions,median,rank,15,0.25,60,compartment
mitochondrion - soluble,3,92,49,0.03616236162361624,0.532608695652174,0.06772633033863167,fitness_screens+interactions,median,rank,15,0.25,60,compartment
mitochondrion - membranes,2,57,19,0.027900146842878122,0.3333333333333333,0.051490514905149054,fitness_screens+interactions,median,rank,15,0.25,60,compartment
IMC,1,39,4,0.031746031746031744,0.10256410256410256,0.048484848484848485,fitness_screens+interactions,median,rank,15,0.25,60,compartment
Golgi,10,42,5,0.08064516129032258,0.11904761904761904,0.09615384615384615,fitness_screens+interactions,median,rank,50,0.0,25,compartment
cytosol,0,171,38,0.30158730158730157,0.2222222222222222,0.2558922558922559,fitness_screens+interactions,median,rank,50,0.0,25,compartment
micronemes,0,17,3,0.023809523809523808,0.17647058823529413,0.04195804195804195,fitness_screens+interactions,median,rank,50,0.0,25,compartment
nucleus - chromatin,12,199,38,0.24358974358974358,0.19095477386934673,0.2140845070422535,fitness_screens+interactions,median,rank,50,0.0,25,compartment
apicoplast,12,42,9,0.057692307692307696,0.21428571428571427,0.09090909090909091,fitness_screens+interactions,median,rank,50,0.0,25,compartment
dense granules,0,58,7,0.05555555555555555,0.1206896551724138,0.07608695652173914,fitness_screens+interactions,median,rank,50,0.0,25,compartment
nucleus - non-chromatin,7,140,25,0.21008403361344538,0.17857142857142858,0.19305019305019308,fitness_screens+interactions,median,rank,50,0.0,25,compartment
rhoptries 1,6,21,3,0.031578947368421054,0.14285714285714285,0.05172413793103449,fitness_screens+interactions,median,rank,50,0.0,25,compartment
ER,12,74,9,0.057692307692307696,0.12162162162162163,0.0782608695652174,fitness_screens+interactions,median,rank,50,0.0,25,compartment
PM - integral,9,46,6,0.05714285714285714,0.13043478260869565,0.07947019867549669,fitness_screens+interactions,median,rank,50,0.0,25,compartment
mitochondrion - soluble,7,83,10,0.08403361344537816,0.12048192771084337,0.09900990099009901,fitness_screens+interactions,median,rank,50,0.0,25,compartment
mitochondrion - membranes,6,52,7,0.07368421052631578,0.1346153846153846,0.09523809523809523,fitness_screens+interactions,median,rank,50,0.0,25,compartment
IMC,6,35,8,0.08421052631578947,0.22857142857142856,0.12307692307692307,fitness_screens+interactions,median,rank,50,0.0,25,compartment
PM - peripheral 1,0,15,7,0.05555555555555555,0.4666666666666667,0.09929078014184396,fitness_screens+interactions,median,rank,50,0.0,25,compartment
Golgi,3,59,36,0.025174825174825177,0.6101694915254238,0.04835460040295501,fitness_screens+interactions,median,rank,50,0.0,60,compartment
cytosol,0,209,38,0.30158730158730157,0.18181818181818182,0.22686567164179106,fitness_screens+interactions,median,rank,50,0.0,60,compartment
micronemes,0,19,3,0.023809523809523808,0.15789473684210525,0.041379310344827586,fitness_screens+interactions,median,rank,50,0.0,60,compartment
nucleus - chromatin,3,268,188,0.13146853146853146,0.7014925373134329,0.2214369846878681,fitness_screens+interactions,median,rank,50,0.0,60,compartment
apicoplast,3,56,40,0.027972027972027972,0.7142857142857143,0.053835800807537006,fitness_screens+interactions,median,rank,50,0.0,60,compartment
dense granules,0,66,7,0.05555555555555555,0.10606060606060606,0.07291666666666667,fitness_screens+interactions,median,rank,50,0.0,60,compartment
nucleus - non-chromatin,0,170,25,0.1984126984126984,0.14705882352941177,0.16891891891891891,fitness_screens+interactions,median,rank,50,0.0,60,compartment
rhoptries 1,0,27,3,0.023809523809523808,0.1111111111111111,0.0392156862745098,fitness_screens+interactions,median,rank,50,0.0,60,compartment
ER,1,89,20,0.045351473922902494,0.2247191011235955,0.07547169811320753,fitness_screens+interactions,median,rank,50,0.0,60,compartment
apical 1,2,21,2,0.016260162601626018,0.09523809523809523,0.027777777777777776,fitness_screens+interactions,median,rank,50,0.0,60,compartment
PM - integral,1,52,16,0.036281179138321996,0.3076923076923077,0.06490872210953347,fitness_screens+interactions,median,rank,50,0.0,60,compartment
nucleolus,0,16,1,0.007936507936507936,0.0625,0.01408450704225352,fitness_screens+interactions,median,rank,50,0.0,60,compartment
PM - peripheral 2,3,16,11,0.007692307692307693,0.6875,0.01521438450899032,fitness_screens+interactions,median,rank,50,0.0,60,compartment
mitochondrion - soluble,3,99,52,0.03636363636363636,0.5252525252525253,0.06801831262262917,fitness_screens+interactions,median,rank,50,0.0,60,compartment
mitochondrion - membranes,4,62,22,0.029216467463479414,0.3548387096774194,0.053987730061349694,fitness_screens+interactions,median,rank,50,0.0,60,compartment
IMC,2,42,3,0.024390243902439025,0.07142857142857142,0.03636363636363637,fitness_screens+interactions,median,rank,50,0.0,60,compartment
PM - peripheral 1,0,15,7,0.05555555555555555,0.4666666666666667,0.09929078014184396,fitness_screens+interactions,median,rank,50,0.0,60,compartment
Golgi,4,60,10,0.02358490566037736,0.16666666666666666,0.04132231404958678,fitness_screens+interactions,median,rank,50,0.25,25,compartment
cytosol,2,200,36,0.3025210084033613,0.18,0.225705329153605,fitness_screens+interactions,median,rank,50,0.25,25,compartment
micronemes,2,20,3,0.025210084033613446,0.15,0.04316546762589928,fitness_screens+interactions,median,rank,50,0.25,25,compartment
nucleus - chromatin,3,267,216,0.09800362976406533,0.8089887640449438,0.17482800485633349,fitness_screens+interactions,median,rank,50,0.25,25,compartment
apicoplast,1,56,4,0.08,0.07142857142857142,0.07547169811320756,fitness_screens+interactions,median,rank,50,0.25,25,compartment
dense granules,2,64,7,0.058823529411764705,0.109375,0.07650273224043715,fitness_screens+interactions,median,rank,50,0.25,25,compartment
nucleus - non-chromatin,2,164,24,0.20168067226890757,0.14634146341463414,0.1696113074204947,fitness_screens+interactions,median,rank,50,0.25,25,compartment
rhoptries 1,2,27,3,0.025210084033613446,0.1111111111111111,0.04109589041095891,fitness_screens+interactions,median,rank,50,0.25,25,compartment
ER,4,90,20,0.04716981132075472,0.2222222222222222,0.07782101167315177,fitness_screens+interactions,median,rank,50,0.25,25,compartment
apical 1,0,21,2,0.0196078431372549,0.09523809523809523,0.03252032520325203,fitness_screens+interactions,median,rank,50,0.25,25,compartment
PM - integral,4,52,16,0.03773584905660377,0.3076923076923077,0.06722689075630252,fitness_screens+interactions,median,rank,50,0.25,25,compartment
PM - peripheral 2,2,15,1,0.008403361344537815,0.06666666666666667,0.014925373134328358,fitness_screens+interactions,median,rank,50,0.25,25,compartment
mitochondrion - soluble,3,97,75,0.03402903811252268,0.7731958762886598,0.06518904823989569,fitness_screens+interactions,median,rank,50,0.25,25,compartment
mitochondrion - membranes,3,63,52,0.023593466424682397,0.8253968253968254,0.0458756065284517,fitness_screens+interactions,median,rank,50,0.25,25,compartment
IMC,0,41,3,0.029411764705882353,0.07317073170731707,0.04195804195804196,fitness_screens+interactions,median,rank,50,0.25,25,compartment
Golgi,0,53,3,0.03488372093023256,0.05660377358490566,0.04316546762589928,fitness_screens+interactions,median,rank,50,0.25,60,compartment
cytosol,3,176,25,0.27472527472527475,0.14204545454545456,0.18726591760299624,fitness_screens+interactions,median,rank,50,0.25,60,compartment
micronemes,0,15,2,0.023255813953488372,0.13333333333333333,0.0396039603960396,fitness_screens+interactions,median,rank,50,0.25,60,compartment
nucleus - chromatin,1,242,216,0.0996309963099631,0.8925619834710744,0.17925311203319502,fitness_screens+interactions,median,rank,50,0.25,60,compartment
apicoplast,1,46,39,0.017988929889298892,0.8478260869565217,0.03523035230352303,fitness_screens+interactions,median,rank,50,0.25,60,compartment
dense granules,3,60,6,0.06593406593406594,0.1,0.07947019867549669,fitness_screens+interactions,median,rank,50,0.25,60,compartment
nucleus - non-chromatin,3,144,21,0.23076923076923078,0.14583333333333334,0.17872340425531918,fitness_screens+interactions,median,rank,50,0.25,60,compartment
rhoptries 1,3,25,3,0.03296703296703297,0.12,0.05172413793103449,fitness_screens+interactions,median,rank,50,0.25,60,compartment
ER,2,80,13,0.04180064308681672,0.1625,0.06649616368286444,fitness_screens+interactions,median,rank,50,0.25,60,compartment
apical 1,0,21,2,0.023255813953488372,0.09523809523809523,0.037383177570093455,fitness_screens+interactions,median,rank,50,0.25,60,compartment
PM - integral,2,51,15,0.04823151125401929,0.29411764705882354,0.08287292817679556,fitness_screens+interactions,median,rank,50,0.25,60,compartment
mitochondrion - soluble,1,86,72,0.033210332103321034,0.8372093023255814,0.06388642413487135,fitness_screens+interactions,median,rank,50,0.25,60,compartment
mitochondrion - membranes,1,57,49,0.022601476014760147,0.8596491228070176,0.04404494382022472,fitness_screens+interactions,median,rank,50,0.25,60,compartment
IMC,0,40,3,0.03488372093023256,0.075,0.04761904761904762,fitness_screens+interactions,median,rank,50,0.25,60,compartment
Golgi,2,51,14,0.058091286307053944,0.27450980392156865,0.09589041095890412,published_screens+protein_features,median,rank,15,0.0,25,compartment
cytosol,0,187,30,0.1282051282051282,0.16042780748663102,0.14251781472684086,published_screens+protein_features,median,rank,15,0.0,25,compartment
micronemes,3,19,2,0.04878048780487805,0.10526315789473684,0.06666666666666667,published_screens+protein_features,median,rank,15,0.0,25,compartment
nucleus - chromatin,26,237,43,0.27564102564102566,0.18143459915611815,0.21882951653944022,published_screens+protein_features,median,rank,15,0.0,25,compartment
apicoplast,26,52,11,0.07051282051282051,0.21153846153846154,0.10576923076923077,published_screens+protein_features,median,rank,15,0.0,25,compartment
dense granules,19,61,13,0.07386363636363637,0.21311475409836064,0.10970464135021096,published_screens+protein_features,median,rank,15,0.0,25,compartment
nucleus - non-chromatin,21,155,21,0.1510791366906475,0.13548387096774195,0.14285714285714288,published_screens+protein_features,median,rank,15,0.0,25,compartment
ER,2,83,45,0.18672199170124482,0.5421686746987951,0.2777777777777778,published_screens+protein_features,median,rank,15,0.0,25,compartment
apical 1,14,18,4,0.041666666666666664,0.2222222222222222,0.07017543859649122,published_screens+protein_features,median,rank,15,0.0,25,compartment
PM - integral,2,52,25,0.1037344398340249,0.4807692307692308,0.17064846416382254,published_screens+protein_features,median,rank,15,0.0,25,compartment
nucleolus,26,15,6,0.038461538461538464,0.4,0.07017543859649124,published_screens+protein_features,median,rank,15,0.0,25,compartment
mitochondrion - soluble,0,87,17,0.07264957264957266,0.19540229885057472,0.10591900311526481,published_screens+protein_features,median,rank,15,0.0,25,compartment
mitochondrion - membranes,2,62,17,0.07053941908713693,0.27419354838709675,0.11221122112211221,published_screens+protein_features,median,rank,15,0.0,25,compartment
rhoptries 1,19,23,6,0.03409090909090909,0.2608695652173913,0.06030150753768843,published_screens+protein_features,median,rank,15,0.0,25,compartment
IMC,9,37,3,0.12,0.08108108108108109,0.0967741935483871,published_screens+protein_features,median,rank,15,0.0,25,compartment
Golgi,0,62,14,0.050359712230215826,0.22580645161290322,0.08235294117647059,published_screens+protein_features,median,rank,15,0.0,60,compartment
cytosol,1,213,69,0.1678832116788321,0.323943661971831,0.22115384615384612,published_screens+protein_features,median,rank,15,0.0,60,compartment
micronemes,0,17,6,0.02158273381294964,0.35294117647058826,0.04067796610169492,published_screens+protein_features,median,rank,15,0.0,60,compartment
nucleus - chromatin,2,273,167,0.1382450331125828,0.6117216117216118,0.22552329507089802,published_screens+protein_features,median,rank,15,0.0,60,compartment
apicoplast,3,61,9,0.038461538461538464,0.14754098360655737,0.061016949152542375,published_screens+protein_features,median,rank,15,0.0,60,compartment
dense granules,5,66,10,0.07518796992481203,0.15151515151515152,0.10050251256281406,published_screens+protein_features,median,rank,15,0.0,60,compartment
nucleus - non-chromatin,1,172,44,0.1070559610705596,0.2558139534883721,0.1509433962264151,published_screens+protein_features,median,rank,15,0.0,60,compartment
rhoptries 1,5,25,3,0.022556390977443608,0.12,0.0379746835443038,published_screens+protein_features,median,rank,15,0.0,60,compartment
ER,0,92,45,0.1618705035971223,0.4891304347826087,0.2432432432432432,published_screens+protein_features,median,rank,15,0.0,60,compartment
apical 1,2,21,16,0.013245033112582781,0.7619047619047619,0.026037428803905617,published_screens+protein_features,median,rank,15,0.0,60,compartment
PM - integral,0,53,25,0.08992805755395683,0.4716981132075472,0.15105740181268884,published_screens+protein_features,median,rank,15,0.0,60,compartment
nucleolus,3,16,2,0.008547008547008548,0.125,0.016,published_screens+protein_features,median,rank,15,0.0,60,compartment
PM - peripheral 2,2,16,10,0.008278145695364239,0.625,0.016339869281045753,published_screens+protein_features,median,rank,15,0.0,60,compartment
mitochondrion - soluble,3,100,17,0.07264957264957266,0.17,0.10179640718562875,published_screens+protein_features,median,rank,15,0.0,60,compartment
mitochondrion - membranes,0,67,17,0.06115107913669065,0.2537313432835821,0.09855072463768116,published_screens+protein_features,median,rank,15,0.0,60,compartment
IMC,4,42,15,0.02242152466367713,0.35714285714285715,0.04219409282700422,published_screens+protein_features,median,rank,15,0.0,60,compartment
Golgi,2,62,14,0.050724637681159424,0.22580645161290322,0.08284023668639053,published_screens+protein_features,median,rank,15,0.25,25,compartment
cytosol,0,215,129,0.10078125,0.6,0.1725752508361204,published_screens+protein_features,median,rank,15,0.25,25,compartment
micronemes,2,20,6,0.021739130434782608,0.3,0.04054054054054054,published_screens+protein_features,median,rank,15,0.25,25,compartment
nucleus - chromatin,1,273,195,0.13522884882108183,0.7142857142857143,0.22740524781341107,published_screens+protein_features,median,rank,15,0.25,25,compartment
apicoplast,1,61,45,0.031206657420249653,0.7377049180327869,0.05988023952095809,published_screens+protein_features,median,rank,15,0.25,25,compartment
dense granules,2,68,10,0.036231884057971016,0.14705882352941177,0.05813953488372093,published_screens+protein_features,median,rank,15,0.25,25,compartment
nucleus - non-chromatin,0,172,87,0.06796875,0.5058139534883721,0.11983471074380164,published_screens+protein_features,median,rank,15,0.25,25,compartment
rhoptries 1,1,27,16,0.011095700416088766,0.5925925925925926,0.02178352620830497,published_screens+protein_features,median,rank,15,0.25,25,compartment
ER,2,92,45,0.16304347826086957,0.4891304347826087,0.24456521739130435,published_screens+protein_features,median,rank,15,0.25,25,compartment
apical 1,1,21,16,0.011095700416088766,0.7619047619047619,0.021872863978127138,published_screens+protein_features,median,rank,15,0.25,25,compartment
PM - integral,2,53,25,0.09057971014492754,0.4716981132075472,0.15197568389057753,published_screens+protein_features,median,rank,15,0.25,25,compartment
nucleolus,1,16,10,0.006934812760055479,0.625,0.013717421124828532,published_screens+protein_features,median,rank,15,0.25,25,compartment
PM - peripheral 2,1,16,12,0.008321775312066574,0.75,0.016460905349794237,published_screens+protein_features,median,rank,15,0.25,25,compartment
mitochondrion - soluble,0,101,49,0.03828125,0.48514851485148514,0.07096307023895727,published_screens+protein_features,median,rank,15,0.25,25,compartment
mitochondrion - membranes,2,67,17,0.06159420289855073,0.2537313432835821,0.09912536443148688,published_screens+protein_features,median,rank,15,0.25,25,compartment
IMC,2,42,6,0.021739130434782608,0.14285714285714285,0.03773584905660378,published_screens+protein_features,median,rank,15,0.25,25,compartment
PM - peripheral 1,0,15,15,0.01171875,1.0,0.023166023166023165,published_screens+protein_features,median,rank,15,0.25,25,compartment
Golgi,2,62,14,0.054901960784313725,0.22580645161290322,0.08832807570977917,published_screens+protein_features,median,rank,15,0.25,60,compartment
cytosol,0,215,129,0.10078125,0.6,0.1725752508361204,published_screens+protein_features,median,rank,15,0.25,60,compartment
micronemes,2,19,5,0.0196078431372549,0.2631578947368421,0.03649635036496351,published_screens+protein_features,median,rank,15,0.25,60,compartment
nucleus - chromatin,1,273,195,0.13513513513513514,0.7142857142857143,0.22727272727272727,published_screens+protein_features,median,rank,15,0.25,60,compartment
apicoplast,1,61,45,0.031185031185031187,0.7377049180327869,0.059840425531914904,published_screens+protein_features,median,rank,15,0.25,60,compartment
dense granules,2,66,8,0.03137254901960784,0.12121212121212122,0.04984423676012461,published_screens+protein_features,median,rank,15,0.25,60,compartment
nucleus - non-chromatin,0,172,87,0.06796875,0.5058139534883721,0.11983471074380164,published_screens+protein_features,median,rank,15,0.25,60,compartment
rhoptries 1,1,27,16,0.011088011088011088,0.5925925925925926,0.0217687074829932,published_screens+protein_features,median,rank,15,0.25,60,compartment
ER,2,92,45,0.17647058823529413,0.4891304347826087,0.25936599423631124,published_screens+protein_features,median,rank,15,0.25,60,compartment
apical 1,1,21,16,0.011088011088011088,0.7619047619047619,0.021857923497267763,published_screens+protein_features,median,rank,15,0.25,60,compartment
PM - integral,2,53,25,0.09803921568627451,0.4716981132075472,0.16233766233766234,published_screens+protein_features,median,rank,15,0.25,60,compartment
nucleolus,1,16,10,0.00693000693000693,0.625,0.013708019191226868,published_screens+protein_features,median,rank,15,0.25,60,compartment
PM - peripheral 2,1,16,12,0.008316008316008316,0.75,0.01644962302947224,published_screens+protein_features,median,rank,15,0.25,60,compartment
mitochondrion - soluble,0,101,49,0.03828125,0.48514851485148514,0.07096307023895727,published_screens+protein_features,median,rank,15,0.25,60,compartment
mitochondrion - membranes,2,67,17,0.06666666666666667,0.2537313432835821,0.10559006211180125,published_screens+protein_features,median,rank,15,0.25,60,compartment
IMC,2,42,6,0.023529411764705882,0.14285714285714285,0.0404040404040404,published_screens+protein_features,median,rank,15,0.25,60,compartment
PM - peripheral 1,0,15,15,0.01171875,1.0,0.023166023166023165,published_screens+protein_features,median,rank,15,0.25,60,compartment
Golgi,3,62,14,0.058333333333333334,0.22580645161290322,0.09271523178807947,published_screens+protein_features,median,rank,50,0.0,25,compartment
cytosol,6,192,27,0.19708029197080293,0.140625,0.16413373860182373,published_screens+protein_features,median,rank,50,0.0,25,compartment
micronemes,1,20,2,0.05263157894736842,0.1,0.06896551724137931,published_screens+protein_features,median,rank,50,0.0,25,compartment
nucleus - chromatin,0,259,195,0.13522884882108183,0.752895752895753,0.22927689594356263,published_screens+protein_features,median,rank,50,0.0,25,compartment
apicoplast,0,55,45,0.031206657420249653,0.8181818181818182,0.06012024048096192,published_screens+protein_features,median,rank,50,0.0,25,compartment
dense granules,5,61,13,0.04,0.21311475409836064,0.06735751295336787,published_screens+protein_features,median,rank,50,0.0,25,compartment
nucleus - non-chromatin,4,155,21,0.1337579617834395,0.13548387096774195,0.13461538461538464,published_screens+protein_features,median,rank,50,0.0,25,compartment
rhoptries 1,11,26,2,0.03125,0.07692307692307693,0.044444444444444446,published_screens+protein_features,median,rank,50,0.0,25,compartment
ER,3,92,45,0.1875,0.4891304347826087,0.27108433734939763,published_screens+protein_features,median,rank,50,0.0,25,compartment
apical 1,10,18,2,0.029411764705882353,0.1111111111111111,0.04651162790697674,published_screens+protein_features,median,rank,50,0.0,25,compartment
PM - integral,3,51,24,0.1,0.47058823529411764,0.16494845360824742,published_screens+protein_features,median,rank,50,0.0,25,compartment
nucleolus,13,16,1,0.0196078431372549,0.0625,0.029850746268656716,published_screens+protein_features,median,rank,50,0.0,25,compartment
PM - peripheral 2,11,16,1,0.015625,0.0625,0.025,published_screens+protein_features,median,rank,50,0.0,25,compartment
mitochondrion - soluble,4,83,11,0.07006369426751592,0.13253012048192772,0.09166666666666666,published_screens+protein_features,median,rank,50,0.0,25,compartment
mitochondrion - membranes,3,66,17,0.07083333333333333,0.25757575757575757,0.11111111111111112,published_screens+protein_features,median,rank,50,0.0,25,compartment
IMC,13,36,2,0.0392156862745098,0.05555555555555555,0.04597701149425287,published_screens+protein_features,median,rank,50,0.0,25,compartment
Golgi,1,62,14,0.050359712230215826,0.22580645161290322,0.08235294117647059,published_screens+protein_features,median,rank,50,0.0,60,compartment
cytosol,2,215,129,0.10078125,0.6,0.1725752508361204,published_screens+protein_features,median,rank,50,0.0,60,compartment
micronemes,1,20,6,0.02158273381294964,0.3,0.04026845637583893,published_screens+protein_features,median,rank,50,0.0,60,compartment
nucleus - chromatin,0,273,195,0.13522884882108183,0.7142857142857143,0.22740524781341107,published_screens+protein_features,median,rank,50,0.0,60,compartment
apicoplast,0,61,45,0.031206657420249653,0.7377049180327869,0.05988023952095809,published_screens+protein_features,median,rank,50,0.0,60,compartment
dense granules,1,68,10,0.03597122302158273,0.14705882352941177,0.057803468208092484,published_screens+protein_features,median,rank,50,0.0,60,compartment
nucleus - non-chromatin,2,172,87,0.06796875,0.5058139534883721,0.11983471074380164,published_screens+protein_features,median,rank,50,0.0,60,compartment
rhoptries 1,0,27,16,0.011095700416088766,0.5925925925925926,0.02178352620830497,published_screens+protein_features,median,rank,50,0.0,60,compartment
ER,1,92,45,0.1618705035971223,0.4891304347826087,0.2432432432432432,published_screens+protein_features,median,rank,50,0.0,60,compartment
apical 1,0,21,16,0.011095700416088766,0.7619047619047619,0.021872863978127138,published_screens+protein_features,median,rank,50,0.0,60,compartment
PM - integral,1,53,25,0.08992805755395683,0.4716981132075472,0.15105740181268884,published_screens+protein_features,median,rank,50,0.0,60,compartment
nucleolus,0,16,10,0.006934812760055479,0.625,0.013717421124828532,published_screens+protein_features,median,rank,50,0.0,60,compartment
PM - peripheral 2,0,16,12,0.008321775312066574,0.75,0.016460905349794237,published_screens+protein_features,median,rank,50,0.0,60,compartment
mitochondrion - soluble,2,101,49,0.03828125,0.48514851485148514,0.07096307023895727,published_screens+protein_features,median,rank,50,0.0,60,compartment
mitochondrion - membranes,1,67,17,0.06115107913669065,0.2537313432835821,0.09855072463768116,published_screens+protein_features,median,rank,50,0.0,60,compartment
IMC,1,42,6,0.02158273381294964,0.14285714285714285,0.0375,published_screens+protein_features,median,rank,50,0.0,60,compartment
PM - peripheral 1,2,15,15,0.01171875,1.0,0.023166023166023165,published_screens+protein_features,median,rank,50,0.0,60,compartment
Golgi,1,62,14,0.051470588235294115,0.22580645161290322,0.08383233532934131,published_screens+protein_features,median,rank,50,0.25,25,compartment
cytosol,2,215,129,0.10101801096319499,0.6,0.17292225201072386,published_screens+protein_features,median,rank,50,0.25,25,compartment
micronemes,1,20,6,0.022058823529411766,0.3,0.04109589041095891,published_screens+protein_features,median,rank,50,0.25,25,compartment
nucleus - chromatin,0,272,195,0.13522884882108183,0.7169117647058824,0.22753792298716452,published_screens+protein_features,median,rank,50,0.25,25,compartment
apicoplast,0,61,45,0.031206657420249653,0.7377049180327869,0.05988023952095809,published_screens+protein_features,median,rank,50,0.25,25,compartment
dense granules,1,66,8,0.029411764705882353,0.12121212121212122,0.047337278106508875,published_screens+protein_features,median,rank,50,0.25,25,compartment
nucleus - non-chromatin,2,171,86,0.06734534064212999,0.5029239766081871,0.11878453038674035,published_screens+protein_features,median,rank,50,0.25,25,compartment
rhoptries 1,0,27,16,0.011095700416088766,0.5925925925925926,0.02178352620830497,published_screens+protein_features,median,rank,50,0.25,25,compartment
ER,1,92,45,0.16544117647058823,0.4891304347826087,0.24725274725274723,published_screens+protein_features,median,rank,50,0.25,25,compartment
apical 1,0,21,16,0.011095700416088766,0.7619047619047619,0.021872863978127138,published_screens+protein_features,median,rank,50,0.25,25,compartment
PM - integral,1,52,24,0.08823529411764706,0.46153846153846156,0.14814814814814817,published_screens+protein_features,median,rank,50,0.25,25,compartment
nucleolus,0,16,10,0.006934812760055479,0.625,0.013717421124828532,published_screens+protein_features,median,rank,50,0.25,25,compartment
PM - peripheral 2,0,16,12,0.008321775312066574,0.75,0.016460905349794237,published_screens+protein_features,median,rank,50,0.25,25,compartment
mitochondrion - soluble,2,101,49,0.03837118245888802,0.48514851485148514,0.07111756168359942,published_screens+protein_features,median,rank,50,0.25,25,compartment
mitochondrion - membranes,1,67,17,0.0625,0.2537313432835821,0.10029498525073746,published_screens+protein_features,median,rank,50,0.25,25,compartment
IMC,1,42,6,0.022058823529411766,0.14285714285714285,0.03821656050955414,published_screens+protein_features,median,rank,50,0.25,25,compartment
PM - peripheral 1,2,15,15,0.011746280344557557,1.0,0.02321981424148607,published_screens+protein_features,median,rank,50,0.25,25,compartment
Golgi,0,62,42,0.029106029106029108,0.6774193548387096,0.0558139534883721,published_screens+protein_features,median,rank,50,0.25,60,compartment
cytosol,1,215,129,0.08392973324658426,0.6,0.14726027397260275,published_screens+protein_features,median,rank,50,0.25,60,compartment
micronemes,1,19,11,0.0071567989590110605,0.5789473684210527,0.014138817480719794,published_screens+protein_features,median,rank,50,0.25,60,compartment
nucleus - chromatin,0,273,195,0.13513513513513514,0.7142857142857143,0.22727272727272727,published_screens+protein_features,median,rank,50,0.25,60,compartment
apicoplast,0,61,45,0.031185031185031187,0.7377049180327869,0.059840425531914904,published_screens+protein_features,median,rank,50,0.25,60,compartment
dense granules,0,66,33,0.02286902286902287,0.5,0.04373757455268389,published_screens+protein_features,median,rank,50,0.25,60,compartment
nucleus - non-chromatin,0,172,85,0.058905058905058906,0.4941860465116279,0.10526315789473684,published_screens+protein_features,median,rank,50,0.25,60,compartment
rhoptries 1,0,27,16,0.011088011088011088,0.5925925925925926,0.0217687074829932,published_screens+protein_features,median,rank,50,0.25,60,compartment
ER,1,92,53,0.034482758620689655,0.5760869565217391,0.06507059545733579,published_screens+protein_features,median,rank,50,0.25,60,compartment
apical 1,0,21,16,0.011088011088011088,0.7619047619047619,0.021857923497267763,published_screens+protein_features,median,rank,50,0.25,60,compartment
PM - integral,1,53,33,0.02147039687703318,0.6226415094339622,0.04150943396226415,published_screens+protein_features,median,rank,50,0.25,60,compartment
nucleolus,0,16,10,0.00693000693000693,0.625,0.013708019191226868,published_screens+protein_features,median,rank,50,0.25,60,compartment
PM - peripheral 2,0,16,12,0.008316008316008316,0.75,0.01644962302947224,published_screens+protein_features,median,rank,50,0.25,60,compartment
mitochondrion - soluble,1,101,53,0.034482758620689655,0.5247524752475248,0.06471306471306472,published_screens+protein_features,median,rank,50,0.25,60,compartment
mitochondrion - membranes,1,67,46,0.02992843201040989,0.6865671641791045,0.057356608478802994,published_screens+protein_features,median,rank,50,0.25,60,compartment
IMC,1,42,29,0.018867924528301886,0.6904761904761905,0.03673210892970234,published_screens+protein_features,median,rank,50,0.25,60,compartment
PM - peripheral 1,1,15,15,0.009759271307742356,1.0,0.019329896907216496,published_screens+protein_features,median,rank,50,0.25,60,compartment
cytosol,5,207,36,0.2727272727272727,0.17391304347826086,0.21238938053097345,published_screens+interactions,median,rank,15,0.0,25,compartment
nucleus - chromatin,13,239,42,0.2916666666666667,0.17573221757322174,0.2193211488250653,published_screens+interactions,median,rank,15,0.0,25,compartment
apicoplast,9,58,10,0.13513513513513514,0.1724137931034483,0.15151515151515152,published_screens+interactions,median,rank,15,0.0,25,compartment
dense granules,5,61,8,0.06060606060606061,0.13114754098360656,0.08290155440414508,published_screens+interactions,median,rank,15,0.0,25,compartment
nucleus - non-chromatin,5,158,25,0.1893939393939394,0.15822784810126583,0.1724137931034483,published_screens+interactions,median,rank,15,0.0,25,compartment
ER,9,87,7,0.0945945945945946,0.08045977011494253,0.08695652173913045,published_screens+interactions,median,rank,15,0.0,25,compartment
apical 1,19,20,4,0.02857142857142857,0.2,0.049999999999999996,published_screens+interactions,median,rank,15,0.0,25,compartment
PM - integral,3,48,3,0.09375,0.0625,0.075,published_screens+interactions,median,rank,15,0.0,25,compartment
nucleolus,14,16,1,0.038461538461538464,0.0625,0.04761904761904762,published_screens+interactions,median,rank,15,0.0,25,compartment
micronemes,3,16,2,0.0625,0.125,0.08333333333333333,published_screens+interactions,median,rank,15,0.0,25,compartment
Golgi,19,51,6,0.04285714285714286,0.11764705882352941,0.06282722513089006,published_screens+interactions,median,rank,15,0.0,25,compartment
mitochondrion - soluble,13,97,10,0.06944444444444445,0.10309278350515463,0.08298755186721991,published_screens+interactions,median,rank,15,0.0,25,compartment
mitochondrion - membranes,10,63,9,0.06870229007633588,0.14285714285714285,0.09278350515463918,published_screens+interactions,median,rank,15,0.0,25,compartment
rhoptries 1,19,25,5,0.03571428571428571,0.2,0.06060606060606061,published_screens+interactions,median,rank,15,0.0,25,compartment
IMC,10,41,9,0.06870229007633588,0.21951219512195122,0.1046511627906977,published_screens+interactions,median,rank,15,0.0,25,compartment
PM - peripheral 1,5,15,7,0.05303030303030303,0.4666666666666667,0.09523809523809525,published_screens+interactions,median,rank,15,0.0,25,compartment
Golgi,0,62,6,0.041666666666666664,0.0967741935483871,0.05825242718446602,published_screens+interactions,median,rank,15,0.0,60,compartment
cytosol,5,213,36,0.2706766917293233,0.16901408450704225,0.20809248554913293,published_screens+interactions,median,rank,15,0.0,60,compartment
micronemes,5,19,2,0.015037593984962405,0.10526315789473684,0.02631578947368421,published_screens+interactions,median,rank,15,0.0,60,compartment
nucleus - chromatin,4,272,191,0.13394109396914447,0.7022058823529411,0.22497055359246174,published_screens+interactions,median,rank,15,0.0,60,compartment
apicoplast,0,59,7,0.04861111111111111,0.11864406779661017,0.06896551724137931,published_screens+interactions,median,rank,15,0.0,60,compartment
dense granules,5,66,8,0.06015037593984962,0.12121212121212122,0.08040201005025126,published_screens+interactions,median,rank,15,0.0,60,compartment
nucleus - non-chromatin,5,171,25,0.18796992481203006,0.14619883040935672,0.1644736842105263,published_screens+interactions,median,rank,15,0.0,60,compartment
rhoptries 1,5,27,3,0.022556390977443608,0.1111111111111111,0.0375,published_screens+interactions,median,rank,15,0.0,60,compartment
ER,1,90,21,0.047619047619047616,0.23333333333333334,0.07909604519774012,published_screens+interactions,median,rank,15,0.0,60,compartment
apical 1,0,21,2,0.013888888888888888,0.09523809523809523,0.024242424242424242,published_screens+interactions,median,rank,15,0.0,60,compartment
PM - integral,1,52,18,0.04081632653061224,0.34615384615384615,0.07302231237322515,published_screens+interactions,median,rank,15,0.0,60,compartment
nucleolus,5,16,2,0.015037593984962405,0.125,0.026845637583892617,published_screens+interactions,median,rank,15,0.0,60,compartment
PM - peripheral 2,4,15,11,0.007713884992987377,0.7333333333333333,0.015267175572519082,published_screens+interactions,median,rank,15,0.0,60,compartment
mitochondrion - soluble,2,98,27,0.041990668740279936,0.2755102040816326,0.0728744939271255,published_screens+interactions,median,rank,15,0.0,60,compartment
mitochondrion - membranes,2,65,22,0.03421461897356143,0.3384615384615385,0.06214689265536723,published_screens+interactions,median,rank,15,0.0,60,compartment
IMC,5,42,6,0.045112781954887216,0.14285714285714285,0.06857142857142857,published_screens+interactions,median,rank,15,0.0,60,compartment
PM - peripheral 1,5,15,7,0.05263157894736842,0.4666666666666667,0.09459459459459459,published_screens+interactions,median,rank,15,0.0,60,compartment
Golgi,1,62,6,0.041666666666666664,0.0967741935483871,0.05825242718446602,published_screens+interactions,median,rank,15,0.25,25,compartment
cytosol,0,215,207,0.07247899159663866,0.9627906976744186,0.1348095083034842,published_screens+interactions,median,rank,15,0.25,25,compartment
micronemes,0,20,19,0.00665266106442577,0.95,0.01321279554937413,published_screens+interactions,median,rank,15,0.25,25,compartment
nucleus - chromatin,0,273,262,0.09173669467787114,0.9597069597069597,0.1674656439757111,published_screens+interactions,median,rank,15,0.25,25,compartment
apicoplast,1,61,7,0.04861111111111111,0.11475409836065574,0.06829268292682926,published_screens+interactions,median,rank,15,0.25,25,compartment
dense granules,1,68,6,0.041666666666666664,0.08823529411764706,0.056603773584905655,published_screens+interactions,median,rank,15,0.25,25,compartment
nucleus - non-chromatin,0,172,165,0.05777310924369748,0.9593023255813954,0.10898282694848087,published_screens+interactions,median,rank,15,0.25,25,compartment
rhoptries 1,1,27,3,0.020833333333333332,0.1111111111111111,0.03508771929824561,published_screens+interactions,median,rank,15,0.25,25,compartment
ER,0,92,88,0.03081232492997199,0.9565217391304348,0.05970149253731344,published_screens+interactions,median,rank,15,0.25,25,compartment
apical 1,1,21,2,0.013888888888888888,0.09523809523809523,0.024242424242424242,published_screens+interactions,median,rank,15,0.25,25,compartment
PM - integral,0,53,53,0.018557422969187675,1.0,0.03643863870745961,published_screens+interactions,median,rank,15,0.25,25,compartment
nucleolus,0,16,16,0.0056022408963585435,1.0,0.011142061281337047,published_screens+interactions,median,rank,15,0.25,25,compartment
PM - peripheral 2,1,16,1,0.006944444444444444,0.0625,0.012499999999999999,published_screens+interactions,median,rank,15,0.25,25,compartment
mitochondrion - soluble,0,101,94,0.032913165266106444,0.9306930693069307,0.0635779506256341,published_screens+interactions,median,rank,15,0.25,25,compartment
mitochondrion - membranes,1,67,5,0.034722222222222224,0.07462686567164178,0.047393364928909956,published_screens+interactions,median,rank,15,0.25,25,compartment
IMC,1,42,3,0.020833333333333332,0.07142857142857142,0.03225806451612903,published_screens+interactions,median,rank,15,0.25,25,compartment
PM - peripheral 1,0,15,15,0.005252100840336135,1.0,0.01044932079414838,published_screens+interactions,median,rank,15,0.25,25,compartment
Golgi,1,62,6,0.041666666666666664,0.0967741935483871,0.05825242718446602,published_screens+interactions,median,rank,15,0.25,60,compartment
cytosol,0,215,207,0.07247899159663866,0.9627906976744186,0.1348095083034842,published_screens+interactions,median,rank,15,0.25,60,compartment
micronemes,0,20,19,0.00665266106442577,0.95,0.01321279554937413,published_screens+interactions,median,rank,15,0.25,60,compartment
nucleus - chromatin,0,273,262,0.09173669467787114,0.9597069597069597,0.1674656439757111,published_screens+interactions,median,rank,15,0.25,60,compartment
apicoplast,1,61,7,0.04861111111111111,0.11475409836065574,0.06829268292682926,published_screens+interactions,median,rank,15,0.25,60,compartment
dense granules,1,68,6,0.041666666666666664,0.08823529411764706,0.056603773584905655,published_screens+interactions,median,rank,15,0.25,60,compartment
nucleus - non-chromatin,0,172,165,0.05777310924369748,0.9593023255813954,0.10898282694848087,published_screens+interactions,median,rank,15,0.25,60,compartment
rhoptries 1,1,27,3,0.020833333333333332,0.1111111111111111,0.03508771929824561,published_screens+interactions,median,rank,15,0.25,60,compartment
ER,0,92,88,0.03081232492997199,0.9565217391304348,0.05970149253731344,published_screens+interactions,median,rank,15,0.25,60,compartment
apical 1,1,21,2,0.013888888888888888,0.09523809523809523,0.024242424242424242,published_screens+interactions,median,rank,15,0.25,60,compartment
PM - integral,0,53,53,0.018557422969187675,1.0,0.03643863870745961,published_screens+interactions,median,rank,15,0.25,60,compartment
nucleolus,0,16,16,0.0056022408963585435,1.0,0.011142061281337047,published_screens+interactions,median,rank,15,0.25,60,compartment
PM - peripheral 2,1,16,1,0.006944444444444444,0.0625,0.012499999999999999,published_screens+interactions,median,rank,15,0.25,60,compartment
mitochondrion - soluble,0,101,94,0.032913165266106444,0.9306930693069307,0.0635779506256341,published_screens+interactions,median,rank,15,0.25,60,compartment
mitochondrion - membranes,1,67,5,0.034722222222222224,0.07462686567164178,0.047393364928909956,published_screens+interactions,median,rank,15,0.25,60,compartment
IMC,1,42,3,0.020833333333333332,0.07142857142857142,0.03225806451612903,published_screens+interactions,median,rank,15,0.25,60,compartment
PM - peripheral 1,0,15,15,0.005252100840336135,1.0,0.01044932079414838,published_screens+interactions,median,rank,15,0.25,60,compartment
Golgi,0,62,6,0.039735099337748346,0.0967741935483871,0.05633802816901408,published_screens+interactions,median,rank,50,0.0,25,compartment
cytosol,5,215,35,0.2845528455284553,0.16279069767441862,0.20710059171597636,published_screens+interactions,median,rank,50,0.0,25,compartment
micronemes,5,20,2,0.016260162601626018,0.1,0.027972027972027972,published_screens+interactions,median,rank,50,0.0,25,compartment
nucleus - chromatin,4,273,192,0.1310580204778157,0.7032967032967034,0.22094361334867665,published_screens+interactions,median,rank,50,0.0,25,compartment
apicoplast,0,61,7,0.046357615894039736,0.11475409836065574,0.0660377358490566,published_screens+interactions,median,rank,50,0.0,25,compartment
dense granules,5,68,7,0.056910569105691054,0.10294117647058823,0.07329842931937172,published_screens+interactions,median,rank,50,0.0,25,compartment
nucleus - non-chromatin,5,172,25,0.2032520325203252,0.14534883720930233,0.1694915254237288,published_screens+interactions,median,rank,50,0.0,25,compartment
rhoptries 1,5,27,3,0.024390243902439025,0.1111111111111111,0.04,published_screens+interactions,median,rank,50,0.0,25,compartment
ER,1,92,21,0.0481651376146789,0.22826086956521738,0.07954545454545454,published_screens+interactions,median,rank,50,0.0,25,compartment
apical 1,0,21,2,0.013245033112582781,0.09523809523809523,0.023255813953488375,published_screens+interactions,median,rank,50,0.0,25,compartment
PM - integral,1,53,18,0.04128440366972477,0.33962264150943394,0.07361963190184048,published_screens+interactions,median,rank,50,0.0,25,compartment
nucleolus,5,16,2,0.016260162601626018,0.125,0.02877697841726619,published_screens+interactions,median,rank,50,0.0,25,compartment
PM - peripheral 2,4,16,12,0.008191126279863481,0.75,0.016205266711681297,published_screens+interactions,median,rank,50,0.0,25,compartment
mitochondrion - soluble,2,101,29,0.04227405247813411,0.2871287128712871,0.07369758576874205,published_screens+interactions,median,rank,50,0.0,25,compartment
mitochondrion - membranes,2,67,24,0.03498542274052478,0.3582089552238806,0.06374501992031872,published_screens+interactions,median,rank,50,0.0,25,compartment
IMC,5,42,4,0.032520325203252036,0.09523809523809523,0.048484848484848485,published_screens+interactions,median,rank,50,0.0,25,compartment
PM - peripheral 1,5,15,6,0.04878048780487805,0.4,0.08695652173913045,published_screens+interactions,median,rank,50,0.0,25,compartment
Golgi,0,62,6,0.039735099337748346,0.0967741935483871,0.05633802816901408,published_screens+interactions,median,rank,50,0.0,60,compartment
cytosol,5,215,35,0.2845528455284553,0.16279069767441862,0.20710059171597636,published_screens+interactions,median,rank,50,0.0,60,compartment
micronemes,5,20,2,0.016260162601626018,0.1,0.027972027972027972,published_screens+interactions,median,rank,50,0.0,60,compartment
nucleus - chromatin,4,273,192,0.1310580204778157,0.7032967032967034,0.22094361334867665,published_screens+interactions,median,rank,50,0.0,60,compartment
apicoplast,0,61,7,0.046357615894039736,0.11475409836065574,0.0660377358490566,published_screens+interactions,median,rank,50,0.0,60,compartment
dense granules,5,68,7,0.056910569105691054,0.10294117647058823,0.07329842931937172,published_screens+interactions,median,rank,50,0.0,60,compartment
nucleus - non-chromatin,5,172,25,0.2032520325203252,0.14534883720930233,0.1694915254237288,published_screens+interactions,median,rank,50,0.0,60,compartment
rhoptries 1,5,27,3,0.024390243902439025,0.1111111111111111,0.04,published_screens+interactions,median,rank,50,0.0,60,compartment
ER,1,92,21,0.0481651376146789,0.22826086956521738,0.07954545454545454,published_screens+interactions,median,rank,50,0.0,60,compartment
apical 1,0,21,2,0.013245033112582781,0.09523809523809523,0.023255813953488375,published_screens+interactions,median,rank,50,0.0,60,compartment
PM - integral,1,53,18,0.04128440366972477,0.33962264150943394,0.07361963190184048,published_screens+interactions,median,rank,50,0.0,60,compartment
nucleolus,5,16,2,0.016260162601626018,0.125,0.02877697841726619,published_screens+interactions,median,rank,50,0.0,60,compartment
PM - peripheral 2,4,16,12,0.008191126279863481,0.75,0.016205266711681297,published_screens+interactions,median,rank,50,0.0,60,compartment
mitochondrion - soluble,2,101,29,0.04227405247813411,0.2871287128712871,0.07369758576874205,published_screens+interactions,median,rank,50,0.0,60,compartment
mitochondrion - membranes,2,67,24,0.03498542274052478,0.3582089552238806,0.06374501992031872,published_screens+interactions,median,rank,50,0.0,60,compartment
IMC,5,42,4,0.032520325203252036,0.09523809523809523,0.048484848484848485,published_screens+interactions,median,rank,50,0.0,60,compartment
PM - peripheral 1,5,15,6,0.04878048780487805,0.4,0.08695652173913045,published_screens+interactions,median,rank,50,0.0,60,compartment
Golgi,9,49,6,0.05357142857142857,0.12244897959183673,0.07453416149068322,published_screens+interactions,median,rank,50,0.25,25,compartment
cytosol,0,189,35,0.2845528455284553,0.18518518518518517,0.22435897435897434,published_screens+interactions,median,rank,50,0.25,25,compartment
micronemes,10,18,3,0.01935483870967742,0.16666666666666666,0.034682080924855495,published_screens+interactions,median,rank,50,0.25,25,compartment
nucleus - chromatin,3,245,179,0.13152094048493754,0.7306122448979592,0.2229140722291407,published_screens+interactions,median,rank,50,0.25,25,compartment
apicoplast,1,51,7,0.04666666666666667,0.13725490196078433,0.06965174129353234,published_screens+interactions,median,rank,50,0.25,25,compartment
dense granules,0,61,7,0.056910569105691054,0.11475409836065574,0.07608695652173914,published_screens+interactions,median,rank,50,0.25,25,compartment
nucleus - non-chromatin,0,152,25,0.2032520325203252,0.16447368421052633,0.18181818181818182,published_screens+interactions,median,rank,50,0.25,25,compartment
rhoptries 1,0,23,3,0.024390243902439025,0.13043478260869565,0.04109589041095891,published_screens+interactions,median,rank,50,0.25,25,compartment
ER,7,76,7,0.11864406779661017,0.09210526315789473,0.1037037037037037,published_screens+interactions,median,rank,50,0.25,25,compartment
apical 1,1,21,2,0.013333333333333334,0.09523809523809523,0.023391812865497078,published_screens+interactions,median,rank,50,0.25,25,compartment
PM - integral,10,50,8,0.05161290322580645,0.16,0.07804878048780488,published_screens+interactions,median,rank,50,0.25,25,compartment
PM - peripheral 2,3,15,11,0.008082292432035268,0.7333333333333333,0.015988372093023253,published_screens+interactions,median,rank,50,0.25,25,compartment
mitochondrion - soluble,7,90,8,0.13559322033898305,0.08888888888888889,0.10738255033557047,published_screens+interactions,median,rank,50,0.25,25,compartment
mitochondrion - membranes,8,56,4,0.12903225806451613,0.07142857142857142,0.09195402298850575,published_screens+interactions,median,rank,50,0.25,25,compartment
IMC,0,38,4,0.032520325203252036,0.10526315789473684,0.049689440993788817,published_screens+interactions,median,rank,50,0.25,25,compartment
Golgi,0,48,6,0.041379310344827586,0.125,0.06217616580310881,published_screens+interactions,median,rank,50,0.25,60,compartment
cytosol,1,187,35,0.2845528455284553,0.18716577540106952,0.22580645161290322,published_screens+interactions,median,rank,50,0.25,60,compartment
nucleus - chromatin,4,239,173,0.1374106433677522,0.7238493723849372,0.23097463284379174,published_screens+interactions,median,rank,50,0.25,60,compartment
apicoplast,0,49,7,0.04827586206896552,0.14285714285714285,0.07216494845360825,published_screens+interactions,median,rank,50,0.25,60,compartment
dense granules,1,54,7,0.056910569105691054,0.12962962962962962,0.0790960451977401,published_screens+interactions,median,rank,50,0.25,60,compartment
nucleus - non-chromatin,1,146,25,0.2032520325203252,0.17123287671232876,0.18587360594795535,published_screens+interactions,median,rank,50,0.25,60,compartment
rhoptries 1,1,24,3,0.024390243902439025,0.125,0.04081632653061225,published_screens+interactions,median,rank,50,0.25,60,compartment
ER,5,75,17,0.05167173252279635,0.22666666666666666,0.08415841584158415,published_screens+interactions,median,rank,50,0.25,60,compartment
apical 1,0,20,2,0.013793103448275862,0.1,0.024242424242424242,published_screens+interactions,median,rank,50,0.25,60,compartment
PM - integral,5,47,14,0.0425531914893617,0.2978723404255319,0.07446808510638298,published_screens+interactions,median,rank,50,0.25,60,compartment
mitochondrion - soluble,4,83,46,0.03653693407466243,0.5542168674698795,0.06855439642324888,published_screens+interactions,median,rank,50,0.25,60,compartment
mitochondrion - membranes,0,52,5,0.034482758620689655,0.09615384615384616,0.050761421319796954,published_screens+interactions,median,rank,50,0.25,60,compartment
IMC,1,38,4,0.032520325203252036,0.10526315789473684,0.049689440993788817,published_screens+interactions,median,rank,50,0.25,60,compartment
PM - peripheral 1,1,15,6,0.04878048780487805,0.4,0.08695652173913045,published_screens+interactions,median,rank,50,0.25,60,compartment
Golgi,27,59,13,0.05531914893617021,0.22033898305084745,0.08843537414965985,protein_features+interactions,median,rank,15,0.0,25,compartment
cytosol,24,205,21,0.3888888888888889,0.1024390243902439,0.16216216216216214,protein_features+interactions,median,rank,15,0.0,25,compartment
micronemes,33,18,2,0.07407407407407407,0.1111111111111111,0.08888888888888888,protein_features+interactions,median,rank,15,0.0,25,compartment
nucleus - chromatin,27,255,46,0.19574468085106383,0.1803921568627451,0.18775510204081636,protein_features+interactions,median,rank,15,0.0,25,compartment
apicoplast,10,59,8,0.18181818181818182,0.13559322033898305,0.1553398058252427,protein_features+interactions,median,rank,15,0.0,25,compartment
dense granules,20,63,6,0.06593406593406594,0.09523809523809523,0.07792207792207792,protein_features+interactions,median,rank,15,0.0,25,compartment
nucleus - non-chromatin,24,159,14,0.25925925925925924,0.0880503144654088,0.13145539906103287,protein_features+interactions,median,rank,15,0.0,25,compartment
rhoptries 1,1,25,4,0.0425531914893617,0.16,0.06722689075630252,protein_features+interactions,median,rank,15,0.0,25,compartment
ER,17,86,27,0.1569767441860465,0.313953488372093,0.20930232558139533,protein_features+interactions,median,rank,15,0.0,25,compartment
apical 1,1,19,4,0.0425531914893617,0.21052631578947367,0.07079646017699115,protein_features+interactions,median,rank,15,0.0,25,compartment
PM - integral,15,49,11,0.1375,0.22448979591836735,0.17054263565891475,protein_features+interactions,median,rank,15,0.0,25,compartment
nucleolus,10,16,2,0.045454545454545456,0.125,0.06666666666666667,protein_features+interactions,median,rank,15,0.0,25,compartment
PM - peripheral 2,28,15,2,0.025,0.13333333333333333,0.04210526315789474,protein_features+interactions,median,rank,15,0.0,25,compartment
mitochondrion - soluble,22,95,9,0.1232876712328767,0.09473684210526316,0.10714285714285714,protein_features+interactions,median,rank,15,0.0,25,compartment
mitochondrion - membranes,17,63,15,0.0872093023255814,0.23809523809523808,0.12765957446808512,protein_features+interactions,median,rank,15,0.0,25,compartment
IMC,34,41,10,0.08196721311475409,0.24390243902439024,0.12269938650306748,protein_features+interactions,median,rank,15,0.0,25,compartment
Golgi,8,60,6,0.0759493670886076,0.1,0.08633093525179857,protein_features+interactions,median,rank,15,0.0,60,compartment
cytosol,7,183,35,0.3017241379310345,0.1912568306010929,0.23411371237458195,protein_features+interactions,median,rank,15,0.0,60,compartment
micronemes,8,20,3,0.0379746835443038,0.15,0.06060606060606061,protein_features+interactions,median,rank,15,0.0,60,compartment
nucleus - chromatin,12,235,63,0.1875,0.2680851063829787,0.22066549912434325,protein_features+interactions,median,rank,15,0.0,60,compartment
apicoplast,5,44,3,0.047619047619047616,0.06818181818181818,0.056074766355140186,protein_features+interactions,median,rank,15,0.0,60,compartment
dense granules,7,63,7,0.0603448275862069,0.1111111111111111,0.0782122905027933,protein_features+interactions,median,rank,15,0.0,60,compartment
nucleus - non-chromatin,7,140,20,0.1724137931034483,0.14285714285714285,0.15625,protein_features+interactions,median,rank,15,0.0,60,compartment
rhoptries 1,6,25,3,0.05,0.12,0.07058823529411766,protein_features+interactions,median,rank,15,0.0,60,compartment
ER,11,87,27,0.1569767441860465,0.3103448275862069,0.2084942084942085,protein_features+interactions,median,rank,15,0.0,60,compartment
apical 1,6,19,2,0.03333333333333333,0.10526315789473684,0.05063291139240506,protein_features+interactions,median,rank,15,0.0,60,compartment
PM - integral,8,53,11,0.13924050632911392,0.20754716981132076,0.16666666666666666,protein_features+interactions,median,rank,15,0.0,60,compartment
mitochondrion - soluble,2,84,10,0.056179775280898875,0.11904761904761904,0.07633587786259541,protein_features+interactions,median,rank,15,0.0,60,compartment
mitochondrion - membranes,11,59,15,0.0872093023255814,0.2542372881355932,0.12987012987012986,protein_features+interactions,median,rank,15,0.0,60,compartment
IMC,10,39,10,0.07936507936507936,0.2564102564102564,0.1212121212121212,protein_features+interactions,median,rank,15,0.0,60,compartment
PM - peripheral 1,7,15,7,0.0603448275862069,0.4666666666666667,0.10687022900763361,protein_features+interactions,median,rank,15,0.0,60,compartment
Golgi,10,61,6,0.07894736842105263,0.09836065573770492,0.08759124087591241,protein_features+interactions,median,rank,15,0.25,25,compartment
cytosol,13,204,42,0.3,0.20588235294117646,0.2441860465116279,protein_features+interactions,median,rank,15,0.25,25,compartment
micronemes,10,18,3,0.039473684210526314,0.16666666666666666,0.06382978723404256,protein_features+interactions,median,rank,15,0.25,25,compartment
nucleus - chromatin,0,267,144,0.16089385474860335,0.5393258426966292,0.2478485370051635,protein_features+interactions,median,rank,15,0.25,25,compartment
apicoplast,4,59,4,0.0975609756097561,0.06779661016949153,0.08,protein_features+interactions,median,rank,15,0.25,25,compartment
dense granules,9,65,5,0.06756756756756757,0.07692307692307693,0.07194244604316546,protein_features+interactions,median,rank,15,0.25,25,compartment
nucleus - non-chromatin,13,162,26,0.18571428571428572,0.16049382716049382,0.17218543046357615,protein_features+interactions,median,rank,15,0.25,25,compartment
rhoptries 1,19,26,2,0.06451612903225806,0.07692307692307693,0.07017543859649122,protein_features+interactions,median,rank,15,0.25,25,compartment
ER,16,90,26,0.15384615384615385,0.28888888888888886,0.2007722007722008,protein_features+interactions,median,rank,15,0.25,25,compartment
apical 1,9,19,2,0.02702702702702703,0.10526315789473684,0.043010752688172046,protein_features+interactions,median,rank,15,0.25,25,compartment
PM - integral,10,53,11,0.14473684210526316,0.20754716981132076,0.17054263565891475,protein_features+interactions,median,rank,15,0.25,25,compartment
nucleolus,12,16,1,0.038461538461538464,0.0625,0.04761904761904762,protein_features+interactions,median,rank,15,0.25,25,compartment
PM - peripheral 2,4,15,1,0.024390243902439025,0.06666666666666667,0.03571428571428571,protein_features+interactions,median,rank,15,0.25,25,compartment
mitochondrion - soluble,20,96,8,0.12307692307692308,0.08333333333333333,0.09937888198757765,protein_features+interactions,median,rank,15,0.25,25,compartment
mitochondrion - membranes,16,59,14,0.08284023668639054,0.23728813559322035,0.12280701754385967,protein_features+interactions,median,rank,15,0.25,25,compartment
IMC,15,40,10,0.08547008547008547,0.25,0.12738853503184713,protein_features+interactions,median,rank,15,0.25,25,compartment
PM - peripheral 1,13,15,7,0.05,0.4666666666666667,0.09032258064516129,protein_features+interactions,median,rank,15,0.25,25,compartment
Golgi,3,61,22,0.03193033381712627,0.36065573770491804,0.058666666666666666,protein_features+interactions,median,rank,15,0.25,60,compartment
cytosol,2,204,31,0.17415730337078653,0.15196078431372548,0.16230366492146597,protein_features+interactions,median,rank,15,0.25,60,compartment
micronemes,3,20,13,0.018867924528301886,0.65,0.036671368124118475,protein_features+interactions,median,rank,15,0.25,60,compartment
nucleus - chromatin,0,258,144,0.1612541993281075,0.5581395348837209,0.2502172024326672,protein_features+interactions,median,rank,15,0.25,60,compartment
apicoplast,0,57,29,0.032474804031354984,0.5087719298245614,0.06105263157894737,protein_features+interactions,median,rank,15,0.25,60,compartment
dense granules,3,67,26,0.03773584905660377,0.3880597014925373,0.06878306878306878,protein_features+interactions,median,rank,15,0.25,60,compartment
nucleus - non-chromatin,3,165,55,0.07982583454281568,0.3333333333333333,0.1288056206088993,protein_features+interactions,median,rank,15,0.25,60,compartment
rhoptries 1,1,26,4,0.021164021164021163,0.15384615384615385,0.037209302325581395,protein_features+interactions,median,rank,15,0.25,60,compartment
ER,3,89,45,0.06531204644412192,0.5056179775280899,0.11568123393316196,protein_features+interactions,median,rank,15,0.25,60,compartment
apical 1,0,20,13,0.014557670772676373,0.65,0.028477546549835708,protein_features+interactions,median,rank,15,0.25,60,compartment
PM - integral,3,53,24,0.03483309143686502,0.4528301886792453,0.06469002695417789,protein_features+interactions,median,rank,15,0.25,60,compartment
mitochondrion - soluble,2,90,10,0.056179775280898875,0.1111111111111111,0.07462686567164178,protein_features+interactions,median,rank,15,0.25,60,compartment
mitochondrion - membranes,3,65,34,0.04934687953555878,0.5230769230769231,0.09018567639257294,protein_features+interactions,median,rank,15,0.25,60,compartment
IMC,3,39,23,0.033381712626995644,0.5897435897435898,0.06318681318681318,protein_features+interactions,median,rank,15,0.25,60,compartment
PM - peripheral 1,4,15,8,0.023529411764705882,0.5333333333333333,0.04507042253521126,protein_features+interactions,median,rank,15,0.25,60,compartment
Golgi,3,51,6,0.08,0.11764705882352941,0.09523809523809526,protein_features+interactions,median,rank,50,0.0,25,compartment
cytosol,2,204,41,0.2808219178082192,0.20098039215686275,0.2342857142857143,protein_features+interactions,median,rank,50,0.0,25,compartment
micronemes,3,19,3,0.04,0.15789473684210525,0.06382978723404255,protein_features+interactions,median,rank,50,0.0,25,compartment
nucleus - chromatin,34,256,41,0.2265193370165746,0.16015625,0.1876430205949657,protein_features+interactions,median,rank,50,0.0,25,compartment
apicoplast,29,58,8,0.1951219512195122,0.13793103448275862,0.16161616161616163,protein_features+interactions,median,rank,50,0.0,25,compartment
dense granules,1,61,5,0.09090909090909091,0.08196721311475409,0.08620689655172413,protein_features+interactions,median,rank,50,0.0,25,compartment
nucleus - non-chromatin,2,159,28,0.1917808219178082,0.1761006289308176,0.18360655737704917,protein_features+interactions,median,rank,50,0.0,25,compartment
rhoptries 1,21,26,2,0.058823529411764705,0.07692307692307693,0.06666666666666667,protein_features+interactions,median,rank,50,0.0,25,compartment
ER,5,76,24,0.14545454545454545,0.3157894736842105,0.1991701244813278,protein_features+interactions,median,rank,50,0.0,25,compartment
apical 1,23,17,4,0.04819277108433735,0.23529411764705882,0.08,protein_features+interactions,median,rank,50,0.0,25,compartment
PM - integral,3,47,11,0.14666666666666667,0.23404255319148937,0.18032786885245902,protein_features+interactions,median,rank,50,0.0,25,compartment
nucleolus,29,15,2,0.04878048780487805,0.13333333333333333,0.07142857142857142,protein_features+interactions,median,rank,50,0.0,25,compartment
PM - peripheral 2,35,16,2,0.025,0.125,0.04166666666666667,protein_features+interactions,median,rank,50,0.0,25,compartment
mitochondrion - soluble,36,96,8,0.13333333333333333,0.08333333333333333,0.10256410256410255,protein_features+interactions,median,rank,50,0.0,25,compartment
IMC,4,41,10,0.06944444444444445,0.24390243902439024,0.10810810810810813,protein_features+interactions,median,rank,50,0.0,25,compartment
mitochondrion - membranes,5,58,14,0.08484848484848485,0.2413793103448276,0.12556053811659193,protein_features+interactions,median,rank,50,0.0,25,compartment
PM - peripheral 1,7,15,7,0.17073170731707318,0.4666666666666667,0.25,protein_features+interactions,median,rank,50,0.0,25,compartment
Golgi,9,59,14,0.04242424242424243,0.23728813559322035,0.07197943444730077,protein_features+interactions,median,rank,50,0.0,60,compartment
cytosol,5,208,41,0.2808219178082192,0.1971153846153846,0.23163841807909608,protein_features+interactions,median,rank,50,0.0,60,compartment
micronemes,5,20,3,0.02054794520547945,0.15,0.03614457831325301,protein_features+interactions,median,rank,50,0.0,60,compartment
nucleus - chromatin,9,261,64,0.19393939393939394,0.24521072796934865,0.21658206429780033,protein_features+interactions,median,rank,50,0.0,60,compartment
apicoplast,0,50,6,0.04285714285714286,0.12,0.0631578947368421,protein_features+interactions,median,rank,50,0.0,60,compartment
dense granules,5,65,8,0.0547945205479452,0.12307692307692308,0.07582938388625593,protein_features+interactions,median,rank,50,0.0,60,compartment
nucleus - non-chromatin,5,164,28,0.1917808219178082,0.17073170731707318,0.18064516129032257,protein_features+interactions,median,rank,50,0.0,60,compartment
rhoptries 1,6,26,4,0.027777777777777776,0.15384615384615385,0.047058823529411764,protein_features+interactions,median,rank,50,0.0,60,compartment
ER,7,87,24,0.14545454545454545,0.27586206896551724,0.19047619047619047,protein_features+interactions,median,rank,50,0.0,60,compartment
apical 1,11,20,5,0.034482758620689655,0.25,0.0606060606060606,protein_features+interactions,median,rank,50,0.0,60,compartment
PM - integral,7,52,12,0.07272727272727272,0.23076923076923078,0.11059907834101383,protein_features+interactions,median,rank,50,0.0,60,compartment
PM - peripheral 2,1,16,3,0.014018691588785047,0.1875,0.02608695652173913,protein_features+interactions,median,rank,50,0.0,60,compartment
mitochondrion - soluble,4,99,28,0.039942938659058486,0.2828282828282828,0.07,protein_features+interactions,median,rank,50,0.0,60,compartment
mitochondrion - membranes,7,65,14,0.08484848484848485,0.2153846153846154,0.12173913043478263,protein_features+interactions,median,rank,50,0.0,60,compartment
IMC,6,42,10,0.06944444444444445,0.23809523809523808,0.1075268817204301,protein_features+interactions,median,rank,50,0.0,60,compartment
PM - peripheral 1,5,15,7,0.04794520547945205,0.4666666666666667,0.08695652173913043,protein_features+interactions,median,rank,50,0.0,60,compartment
Golgi,4,52,7,0.043209876543209874,0.1346153846153846,0.06542056074766354,protein_features+interactions,median,rank,50,0.25,25,compartment
cytosol,6,207,40,0.291970802919708,0.1932367149758454,0.23255813953488372,protein_features+interactions,median,rank,50,0.25,25,compartment
micronemes,7,18,3,0.05084745762711865,0.16666666666666666,0.07792207792207792,protein_features+interactions,median,rank,50,0.25,25,compartment
nucleus - chromatin,0,265,183,0.14098613251155623,0.690566037735849,0.23416506717850286,protein_features+interactions,median,rank,50,0.25,25,compartment
apicoplast,3,61,5,0.06097560975609756,0.08196721311475409,0.06993006993006994,protein_features+interactions,median,rank,50,0.25,25,compartment
dense granules,2,63,5,0.09090909090909091,0.07936507936507936,0.0847457627118644,protein_features+interactions,median,rank,50,0.25,25,compartment
nucleus - non-chromatin,6,165,26,0.1897810218978102,0.15757575757575756,0.17218543046357615,protein_features+interactions,median,rank,50,0.25,25,compartment
rhoptries 1,5,25,4,0.03007518796992481,0.16,0.05063291139240506,protein_features+interactions,median,rank,50,0.25,25,compartment
ER,7,85,14,0.23728813559322035,0.16470588235294117,0.19444444444444445,protein_features+interactions,median,rank,50,0.25,25,compartment
apical 1,2,20,2,0.03636363636363636,0.1,0.05333333333333334,protein_features+interactions,median,rank,50,0.25,25,compartment
PM - integral,7,52,10,0.1694915254237288,0.19230769230769232,0.1801801801801802,protein_features+interactions,median,rank,50,0.25,25,compartment
nucleolus,11,16,1,0.030303030303030304,0.0625,0.04081632653061225,protein_features+interactions,median,rank,50,0.25,25,compartment
PM - peripheral 2,10,16,1,0.020833333333333332,0.0625,0.03125,protein_features+interactions,median,rank,50,0.25,25,compartment
mitochondrion - soluble,1,99,28,0.039942938659058486,0.2828282828282828,0.07,protein_features+interactions,median,rank,50,0.25,25,compartment
mitochondrion - membranes,4,65,13,0.08024691358024691,0.2,0.11453744493392072,protein_features+interactions,median,rank,50,0.25,25,compartment
IMC,5,42,10,0.07518796992481203,0.23809523809523808,0.11428571428571428,protein_features+interactions,median,rank,50,0.25,25,compartment
PM - peripheral 1,9,15,7,0.1794871794871795,0.4666666666666667,0.25925925925925924,protein_features+interactions,median,rank,50,0.25,25,compartment
Golgi,0,62,34,0.026194144838212634,0.5483870967741935,0.05,protein_features+interactions,median,rank,50,0.25,60,compartment
cytosol,1,215,143,0.08401880141010576,0.6651162790697674,0.14919144496609285,protein_features+interactions,median,rank,50,0.25,60,compartment
micronemes,1,20,15,0.00881316098707403,0.75,0.017421602787456445,protein_features+interactions,median,rank,50,0.25,60,compartment
nucleus - chromatin,0,273,183,0.14098613251155623,0.6703296703296703,0.23297262889879056,protein_features+interactions,median,rank,50,0.25,60,compartment
apicoplast,0,61,37,0.028505392912172575,0.6065573770491803,0.054451802796173655,protein_features+interactions,median,rank,50,0.25,60,compartment
dense granules,1,68,42,0.024676850763807285,0.6176470588235294,0.04745762711864406,protein_features+interactions,median,rank,50,0.25,60,compartment
nucleus - non-chromatin,0,172,80,0.061633281972265024,0.46511627906976744,0.108843537414966,protein_features+interactions,median,rank,50,0.25,60,compartment
rhoptries 1,0,27,12,0.009244992295839754,0.4444444444444444,0.018113207547169812,protein_features+interactions,median,rank,50,0.25,60,compartment
ER,1,92,57,0.033490011750881316,0.6195652173913043,0.06354515050167224,protein_features+interactions,median,rank,50,0.25,60,compartment
apical 1,0,21,14,0.01078582434514638,0.6666666666666666,0.021228203184230476,protein_features+interactions,median,rank,50,0.25,60,compartment
PM - integral,1,53,30,0.01762632197414806,0.5660377358490566,0.03418803418803419,protein_features+interactions,median,rank,50,0.25,60,compartment
nucleolus,0,16,10,0.007704160246533128,0.625,0.015220700152207002,protein_features+interactions,median,rank,50,0.25,60,compartment
PM - peripheral 2,0,16,11,0.00847457627118644,0.6875,0.0167427701674277,protein_features+interactions,median,rank,50,0.25,60,compartment
mitochondrion - soluble,1,101,60,0.03525264394829612,0.594059405940594,0.06655574043261231,protein_features+interactions,median,rank,50,0.25,60,compartment
mitochondrion - membranes,1,67,50,0.02937720329024677,0.746268656716418,0.05652911249293386,protein_features+interactions,median,rank,50,0.25,60,compartment
IMC,1,42,34,0.0199764982373678,0.8095238095238095,0.03899082568807339,protein_features+interactions,median,rank,50,0.25,60,compartment
PM - peripheral 1,1,15,15,0.00881316098707403,1.0,0.017472335468841,protein_features+interactions,median,rank,50,0.25,60,compartment
Golgi,12,33,3,0.08823529411764706,0.09090909090909091,0.08955223880597016,expression_summary+expression_raw+fitness_screens,median,rank,15,0.0,25,compartment
nucleus - chromatin,18,163,24,0.24742268041237114,0.147239263803681,0.18461538461538463,expression_summary+expression_raw+fitness_screens,median,rank,15,0.0,25,compartment
dense granules,1,57,20,0.2127659574468085,0.3508771929824561,0.26490066225165565,expression_summary+expression_raw+fitness_screens,median,rank,15,0.0,25,compartment
nucleus - non-chromatin,20,99,24,0.14906832298136646,0.24242424242424243,0.18461538461538463,expression_summary+expression_raw+fitness_screens,median,rank,15,0.0,25,compartment
apicoplast,14,39,5,0.11363636363636363,0.1282051282051282,0.12048192771084336,expression_summary+expression_raw+fitness_screens,median,rank,15,0.0,25,compartment
ER,17,55,21,0.07777777777777778,0.38181818181818183,0.12923076923076923,expression_summary+expression_raw+fitness_screens,median,rank,15,0.0,25,compartment
rhoptries 1,1,23,12,0.1276595744680851,0.5217391304347826,0.2051282051282051,expression_summary+expression_raw+fitness_screens,median,rank,15,0.0,25,compartment
PM - integral,13,28,4,0.0851063829787234,0.14285714285714285,0.10666666666666665,expression_summary+expression_raw+fitness_screens,median,rank,15,0.0,25,compartment
cytosol,17,144,65,0.24074074074074073,0.4513888888888889,0.3140096618357488,expression_summary+expression_raw+fitness_screens,median,rank,15,0.0,25,compartment
mitochondrion - soluble,20,58,19,0.11801242236024845,0.3275862068965517,0.17351598173515984,expression_summary+expression_raw+fitness_screens,median,rank,15,0.0,25,compartment
IMC,14,30,3,0.06818181818181818,0.1,0.08108108108108107,expression_summary+expression_raw+fitness_screens,median,rank,15,0.0,25,compartment
mitochondrion - membranes,12,32,3,0.08823529411764706,0.09375,0.0909090909090909,expression_summary+expression_raw+fitness_screens,median,rank,15,0.0,25,compartment
Golgi,5,46,40,0.031446540880503145,0.8695652173913043,0.060698027314112286,expression_summary+expression_raw+fitness_screens,median,rank,15,0.0,60,compartment
cytosol,5,163,156,0.12264150943396226,0.9570552147239264,0.21742160278745642,expression_summary+expression_raw+fitness_screens,median,rank,15,0.0,60,compartment
nucleus - chromatin,5,194,162,0.12735849056603774,0.8350515463917526,0.22100954979536153,expression_summary+expression_raw+fitness_screens,median,rank,15,0.0,60,compartment
apicoplast,5,43,36,0.02830188679245283,0.8372093023255814,0.05475285171102661,expression_summary+expression_raw+fitness_screens,median,rank,15,0.0,60,compartment
dense granules,6,58,22,0.16923076923076924,0.3793103448275862,0.23404255319148937,expression_summary+expression_raw+fitness_screens,median,rank,15,0.0,60,compartment
nucleus - non-chromatin,5,113,109,0.08569182389937106,0.9646017699115044,0.15740072202166064,expression_summary+expression_raw+fitness_screens,median,rank,15,0.0,60,compartment
rhoptries 1,6,22,15,0.11538461538461539,0.6818181818181818,0.19736842105263158,expression_summary+expression_raw+fitness_screens,median,rank,15,0.0,60,compartment
ER,5,69,65,0.05110062893081761,0.9420289855072463,0.09694258016405669,expression_summary+expression_raw+fitness_screens,median,rank,15,0.0,60,compartment
PM - integral,6,38,5,0.038461538461538464,0.13157894736842105,0.05952380952380953,expression_summary+expression_raw+fitness_screens,median,rank,15,0.0,60,compartment
mitochondrion - soluble,5,70,62,0.04874213836477988,0.8857142857142857,0.09239940387481371,expression_summary+expression_raw+fitness_screens,median,rank,15,0.0,60,compartment
mitochondrion - membranes,5,46,45,0.03537735849056604,0.9782608695652174,0.06828528072837634,expression_summary+expression_raw+fitness_screens,median,rank,15,0.0,60,compartment
IMC,6,30,5,0.038461538461538464,0.16666666666666666,0.0625,expression_summary+expression_raw+fitness_screens,median,rank,15,0.0,60,compartment
Golgi,0,58,58,0.021449704142011833,1.0,0.04199855177407675,expression_summary+expression_raw+fitness_screens,median,rank,15,0.25,25,compartment
cytosol,0,207,206,0.07618343195266272,0.9951690821256038,0.1415321195465476,expression_summary+expression_raw+fitness_screens,median,rank,15,0.25,25,compartment
micronemes,0,20,20,0.0073964497041420114,1.0,0.014684287812041114,expression_summary+expression_raw+fitness_screens,median,rank,15,0.25,25,compartment
nucleus - chromatin,0,257,257,0.09504437869822485,1.0,0.1735900033772374,expression_summary+expression_raw+fitness_screens,median,rank,15,0.25,25,compartment
apicoplast,0,56,54,0.019970414201183433,0.9642857142857143,0.0391304347826087,expression_summary+expression_raw+fitness_screens,median,rank,15,0.25,25,compartment
dense granules,0,68,68,0.02514792899408284,1.0,0.049062049062049064,expression_summary+expression_raw+fitness_screens,median,rank,15,0.25,25,compartment
nucleus - non-chromatin,0,162,162,0.059911242603550297,1.0,0.11304954640614098,expression_summary+expression_raw+fitness_screens,median,rank,15,0.25,25,compartment
rhoptries 1,0,26,26,0.009615384615384616,1.0,0.01904761904761905,expression_summary+expression_raw+fitness_screens,median,rank,15,0.25,25,compartment
ER,0,89,89,0.032914201183431954,1.0,0.06373075546007877,expression_summary+expression_raw+fitness_screens,median,rank,15,0.25,25,compartment
apical 1,0,19,19,0.0070266272189349116,1.0,0.01395519647447668,expression_summary+expression_raw+fitness_screens,median,rank,15,0.25,25,compartment
PM - integral,0,49,49,0.018121301775147928,1.0,0.03559752996730838,expression_summary+expression_raw+fitness_screens,median,rank,15,0.25,25,compartment
nucleolus,0,16,16,0.005917159763313609,1.0,0.011764705882352941,expression_summary+expression_raw+fitness_screens,median,rank,15,0.25,25,compartment
PM - peripheral 2,0,15,15,0.005547337278106509,1.0,0.011033468186833394,expression_summary+expression_raw+fitness_screens,median,rank,15,0.25,25,compartment
mitochondrion - soluble,0,95,95,0.035133136094674555,1.0,0.06788138620936049,expression_summary+expression_raw+fitness_screens,median,rank,15,0.25,25,compartment
mitochondrion - membranes,0,63,63,0.02329881656804734,1.0,0.045536682327430425,expression_summary+expression_raw+fitness_screens,median,rank,15,0.25,25,compartment
IMC,0,40,40,0.014792899408284023,1.0,0.029154518950437316,expression_summary+expression_raw+fitness_screens,median,rank,15,0.25,25,compartment
cytosol,0,137,137,0.0825301204819277,1.0,0.15247634947134112,expression_summary+expression_raw+fitness_screens,median,rank,15,0.25,60,compartment
nucleus - chromatin,0,177,177,0.10662650602409639,1.0,0.19270549809471968,expression_summary+expression_raw+fitness_screens,median,rank,15,0.25,60,compartment
apicoplast,0,37,37,0.022289156626506025,1.0,0.04360636417206836,expression_summary+expression_raw+fitness_screens,median,rank,15,0.25,60,compartment
dense granules,0,48,48,0.02891566265060241,1.0,0.05620608899297424,expression_summary+expression_raw+fitness_screens,median,rank,15,0.25,60,compartment
rhoptries 1,0,18,18,0.010843373493975903,1.0,0.021454112038140644,expression_summary+expression_raw+fitness_screens,median,rank,15,0.25,60,compartment
ER,0,65,65,0.0391566265060241,1.0,0.07536231884057971,expression_summary+expression_raw+fitness_screens,median,rank,15,0.25,60,compartment
nucleus - non-chromatin,0,113,113,0.06807228915662651,1.0,0.12746756909193457,expression_summary+expression_raw+fitness_screens,median,rank,15,0.25,60,compartment
Golgi,0,38,38,0.02289156626506024,1.0,0.0447585394581861,expression_summary+expression_raw+fitness_screens,median,rank,15,0.25,60,compartment
PM - integral,0,33,33,0.019879518072289156,1.0,0.03898405197873597,expression_summary+expression_raw+fitness_screens,median,rank,15,0.25,60,compartment
mitochondrion - soluble,0,66,66,0.03975903614457831,1.0,0.07647740440324449,expression_summary+expression_raw+fitness_screens,median,rank,15,0.25,60,compartment
mitochondrion - membranes,0,36,36,0.021686746987951807,1.0,0.04245283018867924,expression_summary+expression_raw+fitness_screens,median,rank,15,0.25,60,compartment
IMC,0,20,20,0.012048192771084338,1.0,0.02380952380952381,expression_summary+expression_raw+fitness_screens,median,rank,15,0.25,60,compartment
Golgi,15,34,3,0.075,0.08823529411764706,0.08108108108108107,expression_summary+expression_raw+fitness_screens,median,rank,50,0.0,25,compartment
nucleus - chromatin,13,161,82,0.1938534278959811,0.5093167701863354,0.2808219178082192,expression_summary+expression_raw+fitness_screens,median,rank,50,0.0,25,compartment
apicoplast,13,40,26,0.061465721040189124,0.65,0.1123110151187905,expression_summary+expression_raw+fitness_screens,median,rank,50,0.0,25,compartment
dense granules,2,42,17,0.19318181818181818,0.40476190476190477,0.2615384615384615,expression_summary+expression_raw+fitness_screens,median,rank,50,0.0,25,compartment
nucleus - non-chromatin,19,98,19,0.1958762886597938,0.19387755102040816,0.1948717948717949,expression_summary+expression_raw+fitness_screens,median,rank,50,0.0,25,compartment
rhoptries 1,2,18,11,0.125,0.6111111111111112,0.20754716981132076,expression_summary+expression_raw+fitness_screens,median,rank,50,0.0,25,compartment
ER,16,45,9,0.08737864077669903,0.2,0.12162162162162161,expression_summary+expression_raw+fitness_screens,median,rank,50,0.0,25,compartment
PM - integral,10,24,4,0.058823529411764705,0.16666666666666666,0.08695652173913045,expression_summary+expression_raw+fitness_screens,median,rank,50,0.0,25,compartment
mitochondrion - soluble,13,54,30,0.07092198581560284,0.5555555555555556,0.12578616352201258,expression_summary+expression_raw+fitness_screens,median,rank,50,0.0,25,compartment
mitochondrion - membranes,14,28,3,0.0967741935483871,0.10714285714285714,0.10169491525423728,expression_summary+expression_raw+fitness_screens,median,rank,50,0.0,25,compartment
cytosol,16,119,33,0.32038834951456313,0.2773109243697479,0.29729729729729737,expression_summary+expression_raw+fitness_screens,median,rank,50,0.0,25,compartment
IMC,17,23,5,0.07936507936507936,0.21739130434782608,0.11627906976744186,expression_summary+expression_raw+fitness_screens,median,rank,50,0.0,25,compartment
Golgi,7,35,20,0.04149377593360996,0.5714285714285714,0.07736943907156674,expression_summary+expression_raw+fitness_screens,median,rank,50,0.0,60,compartment
nucleus - chromatin,6,139,67,0.1930835734870317,0.48201438848920863,0.2757201646090535,expression_summary+expression_raw+fitness_screens,median,rank,50,0.0,60,compartment
apicoplast,6,27,16,0.04610951008645533,0.5925925925925926,0.08556149732620319,expression_summary+expression_raw+fitness_screens,median,rank,50,0.0,60,compartment
dense granules,4,47,22,0.1981981981981982,0.46808510638297873,0.2784810126582279,expression_summary+expression_raw+fitness_screens,median,rank,50,0.0,60,compartment
nucleus - non-chromatin,7,95,55,0.11410788381742738,0.5789473684210527,0.19064124783362218,expression_summary+expression_raw+fitness_screens,median,rank,50,0.0,60,compartment
rhoptries 1,4,17,13,0.11711711711711711,0.7647058823529411,0.203125,expression_summary+expression_raw+fitness_screens,median,rank,50,0.0,60,compartment
ER,7,53,35,0.07261410788381743,0.660377358490566,0.13084112149532712,expression_summary+expression_raw+fitness_screens,median,rank,50,0.0,60,compartment
PM - integral,4,27,5,0.04504504504504504,0.18518518518518517,0.07246376811594203,expression_summary+expression_raw+fitness_screens,median,rank,50,0.0,60,compartment
cytosol,7,132,107,0.22199170124481327,0.8106060606060606,0.3485342019543974,expression_summary+expression_raw+fitness_screens,median,rank,50,0.0,60,compartment
mitochondrion - soluble,6,60,25,0.07204610951008646,0.4166666666666667,0.12285012285012285,expression_summary+expression_raw+fitness_screens,median,rank,50,0.0,60,compartment
mitochondrion - membranes,7,31,25,0.05186721991701245,0.8064516129032258,0.09746588693957114,expression_summary+expression_raw+fitness_screens,median,rank,50,0.0,60,compartment
IMC,7,23,17,0.035269709543568464,0.7391304347826086,0.06732673267326732,expression_summary+expression_raw+fitness_screens,median,rank,50,0.0,60,compartment
Golgi,8,27,14,0.03553299492385787,0.5185185185185185,0.0665083135391924,expression_summary+expression_raw+fitness_screens,median,rank,50,0.25,25,compartment
nucleus - chromatin,10,100,26,0.20967741935483872,0.26,0.23214285714285712,expression_summary+expression_raw+fitness_screens,median,rank,50,0.25,25,compartment
dense granules,7,32,16,0.1797752808988764,0.5,0.2644628099173554,expression_summary+expression_raw+fitness_screens,median,rank,50,0.25,25,compartment
ER,8,39,28,0.07106598984771574,0.717948717948718,0.12933025404157045,expression_summary+expression_raw+fitness_screens,median,rank,50,0.25,25,compartment
nucleus - non-chromatin,8,68,44,0.1116751269035533,0.6470588235294118,0.19047619047619047,expression_summary+expression_raw+fitness_screens,median,rank,50,0.25,25,compartment
apicoplast,11,19,3,0.06521739130434782,0.15789473684210525,0.0923076923076923,expression_summary+expression_raw+fitness_screens,median,rank,50,0.25,25,compartment
PM - integral,6,19,3,0.0625,0.15789473684210525,0.08955223880597014,expression_summary+expression_raw+fitness_screens,median,rank,50,0.25,25,compartment
mitochondrion - soluble,10,40,10,0.08064516129032258,0.25,0.12195121951219512,expression_summary+expression_raw+fitness_screens,median,rank,50,0.25,25,compartment
cytosol,8,121,98,0.24873096446700507,0.8099173553719008,0.3805825242718447,expression_summary+expression_raw+fitness_screens,median,rank,50,0.25,25,compartment
IMC,8,19,14,0.03553299492385787,0.7368421052631579,0.06779661016949153,expression_summary+expression_raw+fitness_screens,median,rank,50,0.25,25,compartment
mitochondrion - membranes,8,21,19,0.048223350253807105,0.9047619047619048,0.09156626506024096,expression_summary+expression_raw+fitness_screens,median,rank,50,0.25,25,compartment
Golgi,0,52,52,0.023636363636363636,1.0,0.046181172291296625,expression_summary+expression_raw+fitness_screens,median,rank,50,0.25,60,compartment
nucleus - chromatin,0,229,229,0.1040909090909091,1.0,0.18855496088925486,expression_summary+expression_raw+fitness_screens,median,rank,50,0.25,60,compartment
apicoplast,0,52,52,0.023636363636363636,1.0,0.046181172291296625,expression_summary+expression_raw+fitness_screens,median,rank,50,0.25,60,compartment
dense granules,0,56,56,0.025454545454545455,1.0,0.04964539007092199,expression_summary+expression_raw+fitness_screens,median,rank,50,0.25,60,compartment
nucleus - non-chromatin,0,140,140,0.06363636363636363,1.0,0.11965811965811964,expression_summary+expression_raw+fitness_screens,median,rank,50,0.25,60,compartment
rhoptries 1,0,16,16,0.007272727272727273,1.0,0.014440433212996389,expression_summary+expression_raw+fitness_screens,median,rank,50,0.25,60,compartment
ER,0,77,77,0.035,1.0,0.0676328502415459,expression_summary+expression_raw+fitness_screens,median,rank,50,0.25,60,compartment
cytosol,0,184,184,0.08363636363636363,1.0,0.15436241610738252,expression_summary+expression_raw+fitness_screens,median,rank,50,0.25,60,compartment
apical 1,0,18,18,0.008181818181818182,1.0,0.016230838593327322,expression_summary+expression_raw+fitness_screens,median,rank,50,0.25,60,compartment
PM - integral,0,42,42,0.019090909090909092,1.0,0.03746654772524532,expression_summary+expression_raw+fitness_screens,median,rank,50,0.25,60,compartment
mitochondrion - soluble,0,86,86,0.03909090909090909,1.0,0.0752405949256343,expression_summary+expression_raw+fitness_screens,median,rank,50,0.25,60,compartment
mitochondrion - membranes,0,53,53,0.02409090909090909,1.0,0.047048379937860624,expression_summary+expression_raw+fitness_screens,median,rank,50,0.25,60,compartment
IMC,0,31,30,0.013636363636363636,0.967741935483871,0.02689376961004034,expression_summary+expression_raw+fitness_screens,median,rank,50,0.25,60,compartment
Golgi,13,50,5,0.05154639175257732,0.1,0.06802721088435373,expression_summary+expression_raw+published_screens,median,rank,15,0.0,25,compartment
cytosol,3,204,131,0.15613825983313467,0.6421568627450981,0.25119846596356665,expression_summary+expression_raw+published_screens,median,rank,15,0.0,25,compartment
micronemes,15,18,8,0.06837606837606838,0.4444444444444444,0.11851851851851854,expression_summary+expression_raw+published_screens,median,rank,15,0.0,25,compartment
nucleus - chromatin,9,222,80,0.17278617710583152,0.36036036036036034,0.2335766423357664,expression_summary+expression_raw+published_screens,median,rank,15,0.0,25,compartment
dense granules,15,55,20,0.17094017094017094,0.36363636363636365,0.23255813953488375,expression_summary+expression_raw+published_screens,median,rank,15,0.0,25,compartment
nucleus - non-chromatin,9,157,55,0.11879049676025918,0.3503184713375796,0.1774193548387097,expression_summary+expression_raw+published_screens,median,rank,15,0.0,25,compartment
ER,3,82,49,0.058402860548271755,0.5975609756097561,0.10640608034744845,expression_summary+expression_raw+published_screens,median,rank,15,0.0,25,compartment
apicoplast,9,52,31,0.06695464362850972,0.5961538461538461,0.12038834951456313,expression_summary+expression_raw+published_screens,median,rank,15,0.0,25,compartment
apical 1,15,15,6,0.05128205128205128,0.4,0.09090909090909091,expression_summary+expression_raw+published_screens,median,rank,15,0.0,25,compartment
rhoptries 1,15,24,14,0.11965811965811966,0.5833333333333334,0.19858156028368795,expression_summary+expression_raw+published_screens,median,rank,15,0.0,25,compartment
PM - integral,15,44,6,0.05128205128205128,0.13636363636363635,0.07453416149068323,expression_summary+expression_raw+published_screens,median,rank,15,0.0,25,compartment
nucleolus,9,15,10,0.02159827213822894,0.6666666666666666,0.04184100418410042,expression_summary+expression_raw+published_screens,median,rank,15,0.0,25,compartment
mitochondrion - soluble,3,89,49,0.058402860548271755,0.550561797752809,0.10560344827586209,expression_summary+expression_raw+published_screens,median,rank,15,0.0,25,compartment
mitochondrion - membranes,3,60,44,0.052443384982121574,0.7333333333333333,0.09788654060066741,expression_summary+expression_raw+published_screens,median,rank,15,0.0,25,compartment
IMC,15,39,6,0.05128205128205128,0.15384615384615385,0.07692307692307693,expression_summary+expression_raw+published_screens,median,rank,15,0.0,25,compartment
Golgi,3,53,37,0.026734104046242775,0.6981132075471698,0.05149617258176758,expression_summary+expression_raw+published_screens,median,rank,15,0.0,60,compartment
cytosol,1,203,127,0.15621156211562115,0.625615763546798,0.25,expression_summary+expression_raw+published_screens,median,rank,15,0.0,60,compartment
micronemes,3,20,14,0.010115606936416185,0.7,0.019943019943019943,expression_summary+expression_raw+published_screens,median,rank,15,0.0,60,compartment
nucleus - chromatin,3,252,175,0.12644508670520233,0.6944444444444444,0.21393643031784845,expression_summary+expression_raw+published_screens,median,rank,15,0.0,60,compartment
apicoplast,3,58,44,0.031791907514450865,0.7586206896551724,0.06102635228848821,expression_summary+expression_raw+published_screens,median,rank,15,0.0,60,compartment
dense granules,3,65,45,0.03251445086705202,0.6923076923076923,0.06211180124223602,expression_summary+expression_raw+published_screens,median,rank,15,0.0,60,compartment
nucleus - non-chromatin,1,165,82,0.1008610086100861,0.49696969696969695,0.16768916155419222,expression_summary+expression_raw+published_screens,median,rank,15,0.0,60,compartment
rhoptries 1,3,27,23,0.016618497109826588,0.8518518518518519,0.03260099220411056,expression_summary+expression_raw+published_screens,median,rank,15,0.0,60,compartment
ER,1,87,48,0.05904059040590406,0.5517241379310345,0.10666666666666667,expression_summary+expression_raw+published_screens,median,rank,15,0.0,60,compartment
apical 1,3,20,19,0.013728323699421965,0.95,0.027065527065527062,expression_summary+expression_raw+published_screens,median,rank,15,0.0,60,compartment
PM - integral,1,49,21,0.025830258302583026,0.42857142857142855,0.048723897911832945,expression_summary+expression_raw+published_screens,median,rank,15,0.0,60,compartment
nucleolus,3,16,11,0.007947976878612716,0.6875,0.015714285714285712,expression_summary+expression_raw+published_screens,median,rank,15,0.0,60,compartment
PM - peripheral 2,3,15,11,0.007947976878612716,0.7333333333333333,0.015725518227305217,expression_summary+expression_raw+published_screens,median,rank,15,0.0,60,compartment
mitochondrion - soluble,1,95,48,0.05904059040590406,0.5052631578947369,0.10572687224669604,expression_summary+expression_raw+published_screens,median,rank,15,0.0,60,compartment
mitochondrion - membranes,1,64,43,0.05289052890528905,0.671875,0.09806157354618017,expression_summary+expression_raw+published_screens,median,rank,15,0.0,60,compartment
IMC,1,42,27,0.033210332103321034,0.6428571428571429,0.06315789473684211,expression_summary+expression_raw+published_screens,median,rank,15,0.0,60,compartment
Golgi,11,31,11,0.03353658536585366,0.3548387096774194,0.06128133704735376,expression_summary+expression_raw+published_screens,median,rank,15,0.25,25,compartment
cytosol,10,155,100,0.16583747927031509,0.6451612903225806,0.26385224274406327,expression_summary+expression_raw+published_screens,median,rank,15,0.25,25,compartment
micronemes,13,18,11,0.06179775280898876,0.6111111111111112,0.11224489795918366,expression_summary+expression_raw+published_screens,median,rank,15,0.25,25,compartment
nucleus - chromatin,11,169,63,0.19207317073170732,0.3727810650887574,0.2535211267605634,expression_summary+expression_raw+published_screens,median,rank,15,0.25,25,compartment
dense granules,13,46,24,0.1348314606741573,0.5217391304347826,0.21428571428571427,expression_summary+expression_raw+published_screens,median,rank,15,0.25,25,compartment
nucleus - non-chromatin,10,107,61,0.1011608623548922,0.5700934579439252,0.17183098591549295,expression_summary+expression_raw+published_screens,median,rank,15,0.25,25,compartment
apicoplast,11,39,21,0.06402439024390244,0.5384615384615384,0.11444141689373297,expression_summary+expression_raw+published_screens,median,rank,15,0.25,25,compartment
ER,10,56,32,0.05306799336650083,0.5714285714285714,0.09711684370257967,expression_summary+expression_raw+published_screens,median,rank,15,0.25,25,compartment
rhoptries 1,13,22,19,0.10674157303370786,0.8636363636363636,0.19,expression_summary+expression_raw+published_screens,median,rank,15,0.25,25,compartment
PM - integral,9,32,3,0.061224489795918366,0.09375,0.07407407407407406,expression_summary+expression_raw+published_screens,median,rank,15,0.25,25,compartment
mitochondrion - soluble,11,70,22,0.06707317073170732,0.3142857142857143,0.11055276381909548,expression_summary+expression_raw+published_screens,median,rank,15,0.25,25,compartment
mitochondrion - membranes,10,45,35,0.05804311774461028,0.7777777777777778,0.1080246913580247,expression_summary+expression_raw+published_screens,median,rank,15,0.25,25,compartment
IMC,8,30,3,0.06818181818181818,0.1,0.08108108108108107,expression_summary+expression_raw+published_screens,median,rank,15,0.25,25,compartment
Golgi,2,31,22,0.026159334126040427,0.7096774193548387,0.05045871559633028,expression_summary+expression_raw+published_screens,median,rank,15,0.25,60,compartment
cytosol,3,142,92,0.18003913894324852,0.647887323943662,0.28177641653905056,expression_summary+expression_raw+published_screens,median,rank,15,0.25,60,compartment
micronemes,2,15,10,0.011890606420927468,0.6666666666666666,0.02336448598130841,expression_summary+expression_raw+published_screens,median,rank,15,0.25,60,compartment
apicoplast,2,38,29,0.034482758620689655,0.7631578947368421,0.06598407281001138,expression_summary+expression_raw+published_screens,median,rank,15,0.25,60,compartment
nucleus - chromatin,2,156,109,0.12960760998810938,0.6987179487179487,0.2186559679037111,expression_summary+expression_raw+published_screens,median,rank,15,0.25,60,compartment
dense granules,2,35,27,0.03210463733650416,0.7714285714285715,0.06164383561643836,expression_summary+expression_raw+published_screens,median,rank,15,0.25,60,compartment
nucleus - non-chromatin,3,101,53,0.10371819960861056,0.5247524752475248,0.17320261437908496,expression_summary+expression_raw+published_screens,median,rank,15,0.25,60,compartment
rhoptries 1,2,22,20,0.023781212841854936,0.9090909090909091,0.046349942062572425,expression_summary+expression_raw+published_screens,median,rank,15,0.25,60,compartment
ER,3,58,31,0.060665362035225046,0.5344827586206896,0.10896309314586995,expression_summary+expression_raw+published_screens,median,rank,15,0.25,60,compartment
PM - integral,2,19,12,0.014268727705112961,0.631578947368421,0.027906976744186046,expression_summary+expression_raw+published_screens,median,rank,15,0.25,60,compartment
mitochondrion - soluble,3,59,32,0.06262230919765166,0.5423728813559322,0.11228070175438595,expression_summary+expression_raw+published_screens,median,rank,15,0.25,60,compartment
mitochondrion - membranes,3,37,25,0.04892367906066536,0.6756756756756757,0.09124087591240876,expression_summary+expression_raw+published_screens,median,rank,15,0.25,60,compartment
IMC,3,26,18,0.03522504892367906,0.6923076923076923,0.0670391061452514,expression_summary+expression_raw+published_screens,median,rank,15,0.25,60,compartment
Golgi,18,45,5,0.05434782608695652,0.1111111111111111,0.07299270072992702,expression_summary+expression_raw+published_screens,median,rank,50,0.0,25,compartment
cytosol,18,152,24,0.2608695652173913,0.15789473684210525,0.19672131147540983,expression_summary+expression_raw+published_screens,median,rank,50,0.0,25,compartment
micronemes,16,16,7,0.06796116504854369,0.4375,0.11764705882352942,expression_summary+expression_raw+published_screens,median,rank,50,0.0,25,compartment
nucleus - chromatin,8,186,85,0.17745302713987474,0.45698924731182794,0.2556390977443609,expression_summary+expression_raw+published_screens,median,rank,50,0.0,25,compartment
dense granules,16,45,20,0.1941747572815534,0.4444444444444444,0.27027027027027023,expression_summary+expression_raw+published_screens,median,rank,50,0.0,25,compartment
nucleus - non-chromatin,8,119,55,0.11482254697286012,0.46218487394957986,0.1839464882943144,expression_summary+expression_raw+published_screens,median,rank,50,0.0,25,compartment
rhoptries 1,16,18,13,0.1262135922330097,0.7222222222222222,0.21487603305785125,expression_summary+expression_raw+published_screens,median,rank,50,0.0,25,compartment
ER,19,58,6,0.06593406593406594,0.10344827586206896,0.08053691275167785,expression_summary+expression_raw+published_screens,median,rank,50,0.0,25,compartment
apicoplast,8,45,31,0.06471816283924843,0.6888888888888889,0.11832061068702289,expression_summary+expression_raw+published_screens,median,rank,50,0.0,25,compartment
PM - integral,10,30,3,0.06,0.1,0.075,expression_summary+expression_raw+published_screens,median,rank,50,0.0,25,compartment
mitochondrion - soluble,11,67,15,0.14285714285714285,0.22388059701492538,0.1744186046511628,expression_summary+expression_raw+published_screens,median,rank,50,0.0,25,compartment
mitochondrion - membranes,19,38,9,0.0989010989010989,0.23684210526315788,0.1395348837209302,expression_summary+expression_raw+published_screens,median,rank,50,0.0,25,compartment
IMC,20,32,4,0.09302325581395349,0.125,0.10666666666666666,expression_summary+expression_raw+published_screens,median,rank,50,0.0,25,compartment
Golgi,7,43,10,0.06535947712418301,0.23255813953488372,0.10204081632653061,expression_summary+expression_raw+published_screens,median,rank,50,0.0,60,compartment
micronemes,5,18,11,0.01867572156196944,0.6111111111111112,0.036243822075782535,expression_summary+expression_raw+published_screens,median,rank,50,0.0,60,compartment
apicoplast,6,42,14,0.08588957055214724,0.3333333333333333,0.13658536585365855,expression_summary+expression_raw+published_screens,median,rank,50,0.0,60,compartment
nucleus - chromatin,6,183,31,0.1901840490797546,0.16939890710382513,0.17919075144508673,expression_summary+expression_raw+published_screens,median,rank,50,0.0,60,compartment
dense granules,5,56,30,0.050933786078098474,0.5357142857142857,0.09302325581395349,expression_summary+expression_raw+published_screens,median,rank,50,0.0,60,compartment
nucleus - non-chromatin,4,122,73,0.10503597122302158,0.5983606557377049,0.178702570379437,expression_summary+expression_raw+published_screens,median,rank,50,0.0,60,compartment
rhoptries 1,5,26,22,0.03735144312393888,0.8461538461538461,0.07154471544715447,expression_summary+expression_raw+published_screens,median,rank,50,0.0,60,compartment
ER,7,67,12,0.0784313725490196,0.1791044776119403,0.10909090909090907,expression_summary+expression_raw+published_screens,median,rank,50,0.0,60,compartment
cytosol,4,177,118,0.1697841726618705,0.6666666666666666,0.27064220183486243,expression_summary+expression_raw+published_screens,median,rank,50,0.0,60,compartment
PM - integral,4,31,17,0.02446043165467626,0.5483870967741935,0.046831955922865015,expression_summary+expression_raw+published_screens,median,rank,50,0.0,60,compartment
mitochondrion - soluble,4,72,43,0.0618705035971223,0.5972222222222222,0.1121251629726206,expression_summary+expression_raw+published_screens,median,rank,50,0.0,60,compartment
mitochondrion - membranes,4,46,40,0.05755395683453238,0.8695652173913043,0.10796221322537113,expression_summary+expression_raw+published_screens,median,rank,50,0.0,60,compartment
IMC,4,32,23,0.033093525179856115,0.71875,0.06327372764786796,expression_summary+expression_raw+published_screens,median,rank,50,0.0,60,compartment
cytosol,16,113,24,0.25263157894736843,0.21238938053097345,0.23076923076923078,expression_summary+expression_raw+published_screens,median,rank,50,0.25,25,compartment
micronemes,14,16,8,0.08333333333333333,0.5,0.14285714285714285,expression_summary+expression_raw+published_screens,median,rank,50,0.25,25,compartment
apicoplast,11,32,16,0.1,0.5,0.16666666666666669,expression_summary+expression_raw+published_screens,median,rank,50,0.25,25,compartment
nucleus - chromatin,9,130,23,0.23469387755102042,0.17692307692307693,0.2017543859649123,expression_summary+expression_raw+published_screens,median,rank,50,0.25,25,compartment
dense granules,14,39,20,0.20833333333333334,0.5128205128205128,0.2962962962962963,expression_summary+expression_raw+published_screens,median,rank,50,0.25,25,compartment
nucleus - non-chromatin,9,71,13,0.1326530612244898,0.18309859154929578,0.15384615384615385,expression_summary+expression_raw+published_screens,median,rank,50,0.25,25,compartment
rhoptries 1,14,15,11,0.11458333333333333,0.7333333333333333,0.19819819819819817,expression_summary+expression_raw+published_screens,median,rank,50,0.25,25,compartment
ER,9,41,8,0.08163265306122448,0.1951219512195122,0.11510791366906475,expression_summary+expression_raw+published_screens,median,rank,50,0.25,25,compartment
Golgi,16,27,5,0.05263157894736842,0.18518518518518517,0.08196721311475409,expression_summary+expression_raw+published_screens,median,rank,50,0.25,25,compartment
PM - integral,2,20,3,0.07894736842105263,0.15,0.10344827586206896,expression_summary+expression_raw+published_screens,median,rank,50,0.25,25,compartment
mitochondrion - soluble,10,45,10,0.13333333333333333,0.2222222222222222,0.16666666666666669,expression_summary+expression_raw+published_screens,median,rank,50,0.25,25,compartment
mitochondrion - membranes,17,27,5,0.18518518518518517,0.18518518518518517,0.18518518518518517,expression_summary+expression_raw+published_screens,median,rank,50,0.25,25,compartment
IMC,17,23,3,0.1111111111111111,0.13043478260869565,0.12,expression_summary+expression_raw+published_screens,median,rank,50,0.25,25,compartment
Golgi,0,46,46,0.01997394702561876,1.0,0.039165602383993185,expression_summary+expression_raw+published_screens,median,rank,50,0.25,60,compartment
cytosol,0,196,196,0.0851063829787234,1.0,0.1568627450980392,expression_summary+expression_raw+published_screens,median,rank,50,0.25,60,compartment
micronemes,0,20,20,0.008684324793747287,1.0,0.017219113215669393,expression_summary+expression_raw+published_screens,median,rank,50,0.25,60,compartment
nucleus - chromatin,0,234,234,0.10160660008684325,1.0,0.1844698462751281,expression_summary+expression_raw+published_screens,median,rank,50,0.25,60,compartment
apicoplast,0,49,49,0.02127659574468085,1.0,0.04166666666666667,expression_summary+expression_raw+published_screens,median,rank,50,0.25,60,compartment
dense granules,0,60,60,0.026052974381241857,1.0,0.050782903089293265,expression_summary+expression_raw+published_screens,median,rank,50,0.25,60,compartment
nucleus - non-chromatin,0,144,144,0.06252713851498046,1.0,0.11769513690232938,expression_summary+expression_raw+published_screens,median,rank,50,0.25,60,compartment
rhoptries 1,0,26,26,0.011289622231871473,1.0,0.022327179046801204,expression_summary+expression_raw+published_screens,median,rank,50,0.25,60,compartment
ER,0,86,86,0.03734259661311333,1.0,0.07199665131854333,expression_summary+expression_raw+published_screens,median,rank,50,0.25,60,compartment
apical 1,0,19,19,0.008250108554059922,1.0,0.01636520241171404,expression_summary+expression_raw+published_screens,median,rank,50,0.25,60,compartment
PM - integral,0,44,44,0.01910551454624403,1.0,0.03749467405198125,expression_summary+expression_raw+published_screens,median,rank,50,0.25,60,compartment
mitochondrion - soluble,0,83,83,0.03603994789405124,1.0,0.06957250628667226,expression_summary+expression_raw+published_screens,median,rank,50,0.25,60,compartment
mitochondrion - membranes,0,59,59,0.025618758141554496,1.0,0.04995766299745978,expression_summary+expression_raw+published_screens,median,rank,50,0.25,60,compartment
IMC,0,35,35,0.015197568389057751,1.0,0.029940119760479042,expression_summary+expression_raw+published_screens,median,rank,50,0.25,60,compartment
Golgi,2,62,15,0.08021390374331551,0.24193548387096775,0.12048192771084339,expression_summary+expression_raw+protein_features,median,rank,15,0.0,25,compartment
cytosol,1,209,138,0.15198237885462554,0.6602870813397129,0.2470904207699194,expression_summary+expression_raw+protein_features,median,rank,15,0.0,25,compartment
micronemes,9,20,2,0.058823529411764705,0.1,0.07407407407407408,expression_summary+expression_raw+protein_features,median,rank,15,0.0,25,compartment
nucleus - chromatin,8,262,134,0.1595238095238095,0.5114503816793893,0.24319419237749543,expression_summary+expression_raw+protein_features,median,rank,15,0.0,25,compartment
apicoplast,8,56,31,0.036904761904761905,0.5535714285714286,0.06919642857142858,expression_summary+expression_raw+protein_features,median,rank,15,0.0,25,compartment
dense granules,7,62,7,0.1076923076923077,0.11290322580645161,0.11023622047244093,expression_summary+expression_raw+protein_features,median,rank,15,0.0,25,compartment
nucleus - non-chromatin,1,168,93,0.10242290748898679,0.5535714285714286,0.17286245353159854,expression_summary+expression_raw+protein_features,median,rank,15,0.0,25,compartment
rhoptries 1,9,25,4,0.11764705882352941,0.16,0.13559322033898305,expression_summary+expression_raw+protein_features,median,rank,15,0.0,25,compartment
ER,2,89,42,0.22459893048128343,0.47191011235955055,0.3043478260869565,expression_summary+expression_raw+protein_features,median,rank,15,0.0,25,compartment
apical 1,7,19,6,0.09230769230769231,0.3157894736842105,0.14285714285714285,expression_summary+expression_raw+protein_features,median,rank,15,0.0,25,compartment
PM - integral,2,51,22,0.11764705882352941,0.43137254901960786,0.18487394957983194,expression_summary+expression_raw+protein_features,median,rank,15,0.0,25,compartment
nucleolus,8,16,10,0.011904761904761904,0.625,0.02336448598130841,expression_summary+expression_raw+protein_features,median,rank,15,0.0,25,compartment
PM - peripheral 2,8,15,9,0.010714285714285714,0.6,0.02105263157894737,expression_summary+expression_raw+protein_features,median,rank,15,0.0,25,compartment
mitochondrion - soluble,1,100,49,0.053964757709251104,0.49,0.09722222222222222,expression_summary+expression_raw+protein_features,median,rank,15,0.0,25,compartment
mitochondrion - membranes,2,66,17,0.09090909090909091,0.25757575757575757,0.13438735177865613,expression_summary+expression_raw+protein_features,median,rank,15,0.0,25,compartment
IMC,7,40,3,0.046153846153846156,0.075,0.05714285714285715,expression_summary+expression_raw+protein_features,median,rank,15,0.0,25,compartment
PM - peripheral 1,0,15,9,0.08823529411764706,0.6,0.15384615384615385,expression_summary+expression_raw+protein_features,median,rank,15,0.0,25,compartment
Golgi,5,59,15,0.07936507936507936,0.2542372881355932,0.12096774193548387,expression_summary+expression_raw+protein_features,median,rank,15,0.0,60,compartment
cytosol,2,215,138,0.15198237885462554,0.641860465116279,0.24577025823686552,expression_summary+expression_raw+protein_features,median,rank,15,0.0,60,compartment
micronemes,5,18,7,0.037037037037037035,0.3888888888888889,0.06763285024154589,expression_summary+expression_raw+protein_features,median,rank,15,0.0,60,compartment
nucleus - chromatin,3,268,137,0.15497737556561086,0.5111940298507462,0.2378472222222222,expression_summary+expression_raw+protein_features,median,rank,15,0.0,60,compartment
apicoplast,3,61,35,0.03959276018099547,0.5737704918032787,0.07407407407407407,expression_summary+expression_raw+protein_features,median,rank,15,0.0,60,compartment
dense granules,2,60,27,0.02973568281938326,0.45,0.05578512396694214,expression_summary+expression_raw+protein_features,median,rank,15,0.0,60,compartment
nucleus - non-chromatin,2,171,93,0.10242290748898679,0.543859649122807,0.17238183503243745,expression_summary+expression_raw+protein_features,median,rank,15,0.0,60,compartment
rhoptries 1,4,22,8,0.01927710843373494,0.36363636363636365,0.036613272311212815,expression_summary+expression_raw+protein_features,median,rank,15,0.0,60,compartment
ER,5,90,42,0.2222222222222222,0.4666666666666667,0.3010752688172043,expression_summary+expression_raw+protein_features,median,rank,15,0.0,60,compartment
apical 1,4,20,13,0.03132530120481928,0.65,0.05977011494252875,expression_summary+expression_raw+protein_features,median,rank,15,0.0,60,compartment
PM - integral,5,53,22,0.1164021164021164,0.41509433962264153,0.1818181818181818,expression_summary+expression_raw+protein_features,median,rank,15,0.0,60,compartment
nucleolus,3,16,10,0.011312217194570135,0.625,0.022222222222222223,expression_summary+expression_raw+protein_features,median,rank,15,0.0,60,compartment
PM - peripheral 2,3,16,10,0.011312217194570135,0.625,0.022222222222222223,expression_summary+expression_raw+protein_features,median,rank,15,0.0,60,compartment
mitochondrion - soluble,2,101,49,0.053964757709251104,0.48514851485148514,0.09712586719524281,expression_summary+expression_raw+protein_features,median,rank,15,0.0,60,compartment
mitochondrion - membranes,5,67,17,0.08994708994708994,0.2537313432835821,0.1328125,expression_summary+expression_raw+protein_features,median,rank,15,0.0,60,compartment
IMC,5,41,7,0.037037037037037035,0.17073170731707318,0.06086956521739131,expression_summary+expression_raw+protein_features,median,rank,15,0.0,60,compartment
PM - peripheral 1,0,15,9,0.08823529411764706,0.6,0.15384615384615385,expression_summary+expression_raw+protein_features,median,rank,15,0.0,60,compartment
Golgi,5,58,13,0.07738095238095238,0.22413793103448276,0.11504424778761062,expression_summary+expression_raw+protein_features,median,rank,15,0.25,25,compartment
cytosol,0,190,129,0.1649616368286445,0.6789473684210526,0.2654320987654321,expression_summary+expression_raw+protein_features,median,rank,15,0.25,25,compartment
micronemes,1,19,4,0.09302325581395349,0.21052631578947367,0.12903225806451613,expression_summary+expression_raw+protein_features,median,rank,15,0.25,25,compartment
nucleus - chromatin,6,251,131,0.15669856459330145,0.5219123505976095,0.2410303587856486,expression_summary+expression_raw+protein_features,median,rank,15,0.25,25,compartment
apicoplast,6,52,29,0.034688995215311005,0.5576923076923077,0.06531531531531533,expression_summary+expression_raw+protein_features,median,rank,15,0.25,25,compartment
dense granules,1,49,10,0.23255813953488372,0.20408163265306123,0.21739130434782608,expression_summary+expression_raw+protein_features,median,rank,15,0.25,25,compartment
nucleus - non-chromatin,0,159,89,0.11381074168797954,0.559748427672956,0.1891604675876727,expression_summary+expression_raw+protein_features,median,rank,15,0.25,25,compartment
rhoptries 1,1,23,7,0.16279069767441862,0.30434782608695654,0.21212121212121213,expression_summary+expression_raw+protein_features,median,rank,15,0.25,25,compartment
ER,5,80,39,0.23214285714285715,0.4875,0.31451612903225806,expression_summary+expression_raw+protein_features,median,rank,15,0.25,25,compartment
apical 1,7,16,5,0.08196721311475409,0.3125,0.12987012987012986,expression_summary+expression_raw+protein_features,median,rank,15,0.25,25,compartment
PM - integral,5,45,18,0.10714285714285714,0.4,0.16901408450704225,expression_summary+expression_raw+protein_features,median,rank,15,0.25,25,compartment
nucleolus,6,16,10,0.011961722488038277,0.625,0.023474178403755867,expression_summary+expression_raw+protein_features,median,rank,15,0.25,25,compartment
mitochondrion - soluble,0,96,47,0.06010230179028133,0.4895833333333333,0.10706150341685648,expression_summary+expression_raw+protein_features,median,rank,15,0.25,25,compartment
mitochondrion - membranes,5,64,17,0.10119047619047619,0.265625,0.14655172413793105,expression_summary+expression_raw+protein_features,median,rank,15,0.25,25,compartment
IMC,7,34,3,0.04918032786885246,0.08823529411764706,0.0631578947368421,expression_summary+expression_raw+protein_features,median,rank,15,0.25,25,compartment
Golgi,0,59,53,0.035380507343124167,0.8983050847457628,0.06807964033397561,expression_summary+expression_raw+protein_features,median,rank,15,0.25,60,compartment
cytosol,2,194,123,0.16356382978723405,0.634020618556701,0.26004228329809725,expression_summary+expression_raw+protein_features,median,rank,15,0.25,60,compartment
micronemes,0,15,13,0.008678237650200267,0.8666666666666667,0.017184401850627893,expression_summary+expression_raw+protein_features,median,rank,15,0.25,60,compartment
nucleus - chromatin,0,262,189,0.1261682242990654,0.7213740458015268,0.21477272727272725,expression_summary+expression_raw+protein_features,median,rank,15,0.25,60,compartment
apicoplast,0,59,42,0.028037383177570093,0.711864406779661,0.05394990366088632,expression_summary+expression_raw+protein_features,median,rank,15,0.25,60,compartment
dense granules,0,44,32,0.021361815754339118,0.7272727272727273,0.041504539559014265,expression_summary+expression_raw+protein_features,median,rank,15,0.25,60,compartment
nucleus - non-chromatin,2,164,85,0.11303191489361702,0.5182926829268293,0.18558951965065504,expression_summary+expression_raw+protein_features,median,rank,15,0.25,60,compartment
ER,0,91,83,0.05540720961281709,0.9120879120879121,0.10446821900566394,expression_summary+expression_raw+protein_features,median,rank,15,0.25,60,compartment
apical 1,0,18,16,0.010680907877169559,0.8888888888888888,0.021108179419525065,expression_summary+expression_raw+protein_features,median,rank,15,0.25,60,compartment
PM - integral,0,49,40,0.0267022696929239,0.8163265306122449,0.05171299288946348,expression_summary+expression_raw+protein_features,median,rank,15,0.25,60,compartment
nucleolus,2,16,6,0.007978723404255319,0.375,0.015625,expression_summary+expression_raw+protein_features,median,rank,15,0.25,60,compartment
PM - peripheral 2,0,16,13,0.008678237650200267,0.8125,0.017173051519154558,expression_summary+expression_raw+protein_features,median,rank,15,0.25,60,compartment
mitochondrion - soluble,2,96,45,0.0598404255319149,0.46875,0.1061320754716981,expression_summary+expression_raw+protein_features,median,rank,15,0.25,60,compartment
mitochondrion - membranes,2,66,30,0.0398936170212766,0.45454545454545453,0.07334963325183375,expression_summary+expression_raw+protein_features,median,rank,15,0.25,60,compartment
IMC,2,35,19,0.02526595744680851,0.5428571428571428,0.048284625158831,expression_summary+expression_raw+protein_features,median,rank,15,0.25,60,compartment
Golgi,8,57,13,0.07386363636363637,0.22807017543859648,0.11158798283261803,expression_summary+expression_raw+protein_features,median,rank,50,0.0,25,compartment
cytosol,1,213,138,0.1658653846153846,0.647887323943662,0.2641148325358852,expression_summary+expression_raw+protein_features,median,rank,50,0.0,25,compartment
micronemes,3,19,4,0.07272727272727272,0.21052631578947367,0.1081081081081081,expression_summary+expression_raw+protein_features,median,rank,50,0.0,25,compartment
nucleus - chromatin,2,268,136,0.14928649835345773,0.5074626865671642,0.23070398642917722,expression_summary+expression_raw+protein_features,median,rank,50,0.0,25,compartment
apicoplast,2,60,35,0.038419319429198684,0.5833333333333334,0.0720906282183316,expression_summary+expression_raw+protein_features,median,rank,50,0.0,25,compartment
dense granules,3,60,12,0.21818181818181817,0.2,0.20869565217391303,expression_summary+expression_raw+protein_features,median,rank,50,0.0,25,compartment
nucleus - non-chromatin,1,170,93,0.11177884615384616,0.5470588235294118,0.18562874251497008,expression_summary+expression_raw+protein_features,median,rank,50,0.0,25,compartment
rhoptries 1,3,26,9,0.16363636363636364,0.34615384615384615,0.2222222222222222,expression_summary+expression_raw+protein_features,median,rank,50,0.0,25,compartment
ER,8,90,41,0.23295454545454544,0.45555555555555555,0.3082706766917293,expression_summary+expression_raw+protein_features,median,rank,50,0.0,25,compartment
apical 1,9,17,5,0.08196721311475409,0.29411764705882354,0.12820512820512822,expression_summary+expression_raw+protein_features,median,rank,50,0.0,25,compartment
PM - integral,8,49,19,0.10795454545454546,0.3877551020408163,0.1688888888888889,expression_summary+expression_raw+protein_features,median,rank,50,0.0,25,compartment
nucleolus,2,16,10,0.010976948408342482,0.625,0.021574973031283712,expression_summary+expression_raw+protein_features,median,rank,50,0.0,25,compartment
PM - peripheral 2,2,16,10,0.010976948408342482,0.625,0.021574973031283712,expression_summary+expression_raw+protein_features,median,rank,50,0.0,25,compartment
mitochondrion - soluble,1,99,48,0.057692307692307696,0.48484848484848486,0.10311493018259936,expression_summary+expression_raw+protein_features,median,rank,50,0.0,25,compartment
mitochondrion - membranes,8,67,17,0.09659090909090909,0.2537313432835821,0.139917695473251,expression_summary+expression_raw+protein_features,median,rank,50,0.0,25,compartment
IMC,3,41,3,0.05454545454545454,0.07317073170731707,0.0625,expression_summary+expression_raw+protein_features,median,rank,50,0.0,25,compartment
PM - peripheral 1,3,15,3,0.05454545454545454,0.2,0.08571428571428572,expression_summary+expression_raw+protein_features,median,rank,50,0.0,25,compartment
Golgi,7,56,14,0.08045977011494253,0.25,0.1217391304347826,expression_summary+expression_raw+protein_features,median,rank,50,0.0,60,compartment
cytosol,1,210,138,0.16566626650660263,0.6571428571428571,0.2646212847555129,expression_summary+expression_raw+protein_features,median,rank,50,0.0,60,compartment
nucleus - chromatin,4,262,136,0.15127919911012236,0.5190839694656488,0.23428079242032732,expression_summary+expression_raw+protein_features,median,rank,50,0.0,60,compartment
apicoplast,4,60,35,0.0389321468298109,0.5833333333333334,0.072992700729927,expression_summary+expression_raw+protein_features,median,rank,50,0.0,60,compartment
dense granules,6,43,7,0.1111111111111111,0.16279069767441862,0.1320754716981132,expression_summary+expression_raw+protein_features,median,rank,50,0.0,60,compartment
nucleus - non-chromatin,1,169,93,0.11164465786314526,0.5502958579881657,0.18562874251497005,expression_summary+expression_raw+protein_features,median,rank,50,0.0,60,compartment
ER,7,88,40,0.22988505747126436,0.45454545454545453,0.3053435114503817,expression_summary+expression_raw+protein_features,median,rank,50,0.0,60,compartment
PM - integral,7,48,19,0.10919540229885058,0.3958333333333333,0.17117117117117117,expression_summary+expression_raw+protein_features,median,rank,50,0.0,60,compartment
nucleolus,4,16,10,0.011123470522803115,0.625,0.02185792349726776,expression_summary+expression_raw+protein_features,median,rank,50,0.0,60,compartment
PM - peripheral 2,4,16,10,0.011123470522803115,0.625,0.02185792349726776,expression_summary+expression_raw+protein_features,median,rank,50,0.0,60,compartment
mitochondrion - soluble,1,98,48,0.057623049219687875,0.4897959183673469,0.10311493018259936,expression_summary+expression_raw+protein_features,median,rank,50,0.0,60,compartment
mitochondrion - membranes,7,67,17,0.09770114942528736,0.2537313432835821,0.14107883817427389,expression_summary+expression_raw+protein_features,median,rank,50,0.0,60,compartment
IMC,6,37,3,0.047619047619047616,0.08108108108108109,0.06,expression_summary+expression_raw+protein_features,median,rank,50,0.0,60,compartment
Golgi,6,50,14,0.05,0.28,0.08484848484848485,expression_summary+expression_raw+protein_features,median,rank,50,0.25,25,compartment
cytosol,0,197,135,0.17263427109974425,0.6852791878172588,0.2757916241062308,expression_summary+expression_raw+protein_features,median,rank,50,0.25,25,compartment
micronemes,6,18,13,0.04642857142857143,0.7222222222222222,0.087248322147651,expression_summary+expression_raw+protein_features,median,rank,50,0.25,25,compartment
nucleus - chromatin,7,236,118,0.1562913907284768,0.5,0.2381432896064581,expression_summary+expression_raw+protein_features,median,rank,50,0.25,25,compartment
apicoplast,7,48,25,0.033112582781456956,0.5208333333333334,0.062266500622665,expression_summary+expression_raw+protein_features,median,rank,50,0.25,25,compartment
dense granules,6,52,24,0.08571428571428572,0.46153846153846156,0.14457831325301204,expression_summary+expression_raw+protein_features,median,rank,50,0.25,25,compartment
nucleus - non-chromatin,0,156,90,0.11508951406649616,0.5769230769230769,0.19189765458422176,expression_summary+expression_raw+protein_features,median,rank,50,0.25,25,compartment
rhoptries 1,6,21,17,0.060714285714285714,0.8095238095238095,0.11295681063122924,expression_summary+expression_raw+protein_features,median,rank,50,0.25,25,compartment
ER,6,80,40,0.14285714285714285,0.5,0.22222222222222224,expression_summary+expression_raw+protein_features,median,rank,50,0.25,25,compartment
PM - integral,6,41,19,0.06785714285714285,0.4634146341463415,0.11838006230529594,expression_summary+expression_raw+protein_features,median,rank,50,0.25,25,compartment
nucleolus,7,16,10,0.013245033112582781,0.625,0.025940337224383922,expression_summary+expression_raw+protein_features,median,rank,50,0.25,25,compartment
mitochondrion - soluble,0,91,46,0.058823529411764705,0.5054945054945055,0.10538373424971363,expression_summary+expression_raw+protein_features,median,rank,50,0.25,25,compartment
mitochondrion - membranes,6,59,13,0.04642857142857143,0.22033898305084745,0.0766961651917404,expression_summary+expression_raw+protein_features,median,rank,50,0.25,25,compartment
IMC,6,34,11,0.039285714285714285,0.3235294117647059,0.07006369426751591,expression_summary+expression_raw+protein_features,median,rank,50,0.25,25,compartment
Golgi,0,55,49,0.03268845897264843,0.8909090909090909,0.06306306306306306,expression_summary+expression_raw+protein_features,median,rank,50,0.25,60,compartment
cytosol,1,202,133,0.170076726342711,0.6584158415841584,0.2703252032520325,expression_summary+expression_raw+protein_features,median,rank,50,0.25,60,compartment
micronemes,0,18,16,0.01067378252168112,0.8888888888888888,0.02109426499670402,expression_summary+expression_raw+protein_features,median,rank,50,0.25,60,compartment
nucleus - chromatin,0,267,189,0.12608405603735823,0.7078651685393258,0.21404303510758776,expression_summary+expression_raw+protein_features,median,rank,50,0.25,60,compartment
apicoplast,0,59,41,0.027351567711807873,0.6949152542372882,0.05263157894736842,expression_summary+expression_raw+protein_features,median,rank,50,0.25,60,compartment
dense granules,0,55,42,0.028018679119412943,0.7636363636363637,0.05405405405405406,expression_summary+expression_raw+protein_features,median,rank,50,0.25,60,compartment
nucleus - non-chromatin,1,168,91,0.11636828644501279,0.5416666666666666,0.19157894736842107,expression_summary+expression_raw+protein_features,median,rank,50,0.25,60,compartment
rhoptries 1,0,23,20,0.0133422281521014,0.8695652173913043,0.026281208935611037,expression_summary+expression_raw+protein_features,median,rank,50,0.25,60,compartment
ER,0,89,81,0.054036024016010674,0.9101123595505618,0.10201511335012595,expression_summary+expression_raw+protein_features,median,rank,50,0.25,60,compartment
apical 1,0,16,15,0.01000667111407605,0.9375,0.019801980198019802,expression_summary+expression_raw+protein_features,median,rank,50,0.25,60,compartment
PM - integral,0,47,38,0.025350233488992662,0.8085106382978723,0.04915912031047865,expression_summary+expression_raw+protein_features,median,rank,50,0.25,60,compartment
nucleolus,1,16,6,0.0076726342710997444,0.375,0.015037593984962405,expression_summary+expression_raw+protein_features,median,rank,50,0.25,60,compartment
PM - peripheral 2,0,16,13,0.00867244829886591,0.8125,0.01716171617161716,expression_summary+expression_raw+protein_features,median,rank,50,0.25,60,compartment
mitochondrion - soluble,1,98,47,0.06010230179028133,0.47959183673469385,0.10681818181818183,expression_summary+expression_raw+protein_features,median,rank,50,0.25,60,compartment
mitochondrion - membranes,1,65,30,0.03836317135549872,0.46153846153846156,0.07083825265643448,expression_summary+expression_raw+protein_features,median,rank,50,0.25,60,compartment
IMC,1,36,20,0.02557544757033248,0.5555555555555556,0.04889975550122249,expression_summary+expression_raw+protein_features,median,rank,50,0.25,60,compartment
Golgi,3,62,5,0.032467532467532464,0.08064516129032258,0.046296296296296294,expression_summary+expression_raw+interactions,median,rank,15,0.0,25,compartment
cytosol,0,215,39,0.3305084745762712,0.1813953488372093,0.23423423423423426,expression_summary+expression_raw+interactions,median,rank,15,0.0,25,compartment
micronemes,0,20,2,0.01694915254237288,0.1,0.028985507246376815,expression_summary+expression_raw+interactions,median,rank,15,0.0,25,compartment
nucleus - chromatin,4,273,211,0.10770801429300664,0.7728937728937729,0.18906810035842295,expression_summary+expression_raw+interactions,median,rank,15,0.0,25,compartment
apicoplast,3,61,9,0.05844155844155844,0.14754098360655737,0.08372093023255815,expression_summary+expression_raw+interactions,median,rank,15,0.0,25,compartment
dense granules,3,68,6,0.03896103896103896,0.08823529411764706,0.05405405405405405,expression_summary+expression_raw+interactions,median,rank,15,0.0,25,compartment
nucleus - non-chromatin,0,172,24,0.2033898305084746,0.13953488372093023,0.16551724137931034,expression_summary+expression_raw+interactions,median,rank,15,0.0,25,compartment
rhoptries 1,4,27,22,0.011230219499744768,0.8148148148148148,0.022155085599194362,expression_summary+expression_raw+interactions,median,rank,15,0.0,25,compartment
ER,1,92,20,0.053763440860215055,0.21739130434782608,0.08620689655172414,expression_summary+expression_raw+interactions,median,rank,15,0.0,25,compartment
apical 1,3,21,2,0.012987012987012988,0.09523809523809523,0.02285714285714286,expression_summary+expression_raw+interactions,median,rank,15,0.0,25,compartment
PM - integral,1,53,16,0.043010752688172046,0.3018867924528302,0.07529411764705882,expression_summary+expression_raw+interactions,median,rank,15,0.0,25,compartment
nucleolus,1,16,3,0.008064516129032258,0.1875,0.015463917525773196,expression_summary+expression_raw+interactions,median,rank,15,0.0,25,compartment
PM - peripheral 2,0,16,1,0.00847457627118644,0.0625,0.014925373134328358,expression_summary+expression_raw+interactions,median,rank,15,0.0,25,compartment
mitochondrion - soluble,3,101,9,0.05844155844155844,0.0891089108910891,0.07058823529411765,expression_summary+expression_raw+interactions,median,rank,15,0.0,25,compartment
mitochondrion - membranes,5,67,10,0.08403361344537816,0.14925373134328357,0.10752688172043011,expression_summary+expression_raw+interactions,median,rank,15,0.0,25,compartment
IMC,5,42,10,0.08403361344537816,0.23809523809523808,0.12422360248447206,expression_summary+expression_raw+interactions,median,rank,15,0.0,25,compartment
PM - peripheral 1,0,15,5,0.0423728813559322,0.3333333333333333,0.07518796992481203,expression_summary+expression_raw+interactions,median,rank,15,0.0,25,compartment
Golgi,8,58,4,0.04395604395604396,0.06896551724137931,0.05369127516778524,expression_summary+expression_raw+interactions,median,rank,15,0.0,60,compartment
cytosol,0,206,39,0.3305084745762712,0.18932038834951456,0.2407407407407407,expression_summary+expression_raw+interactions,median,rank,15,0.0,60,compartment
micronemes,8,15,5,0.054945054945054944,0.3333333333333333,0.09433962264150943,expression_summary+expression_raw+interactions,median,rank,15,0.0,60,compartment
nucleus - chromatin,7,252,153,0.14474929044465468,0.6071428571428571,0.23376623376623373,expression_summary+expression_raw+interactions,median,rank,15,0.0,60,compartment
apicoplast,3,59,9,0.05844155844155844,0.15254237288135594,0.08450704225352113,expression_summary+expression_raw+interactions,median,rank,15,0.0,60,compartment
dense granules,8,57,8,0.08791208791208792,0.14035087719298245,0.1081081081081081,expression_summary+expression_raw+interactions,median,rank,15,0.0,60,compartment
nucleus - non-chromatin,0,160,24,0.2033898305084746,0.15,0.1726618705035971,expression_summary+expression_raw+interactions,median,rank,15,0.0,60,compartment
rhoptries 1,8,20,9,0.0989010989010989,0.45,0.16216216216216214,expression_summary+expression_raw+interactions,median,rank,15,0.0,60,compartment
ER,5,86,26,0.053497942386831275,0.3023255813953488,0.09090909090909091,expression_summary+expression_raw+interactions,median,rank,15,0.0,60,compartment
apical 1,8,17,3,0.03296703296703297,0.17647058823529413,0.05555555555555555,expression_summary+expression_raw+interactions,median,rank,15,0.0,60,compartment
PM - integral,1,49,16,0.043010752688172046,0.32653061224489793,0.07600950118764846,expression_summary+expression_raw+interactions,median,rank,15,0.0,60,compartment
nucleolus,7,16,9,0.008514664143803218,0.5625,0.016775396085740916,expression_summary+expression_raw+interactions,median,rank,15,0.0,60,compartment
PM - peripheral 2,7,16,11,0.010406811731315043,0.6875,0.02050326188257223,expression_summary+expression_raw+interactions,median,rank,15,0.0,60,compartment
mitochondrion - soluble,5,95,27,0.05555555555555555,0.28421052631578947,0.09294320137693632,expression_summary+expression_raw+interactions,median,rank,15,0.0,60,compartment
mitochondrion - membranes,4,63,10,0.08403361344537816,0.15873015873015872,0.10989010989010989,expression_summary+expression_raw+interactions,median,rank,15,0.0,60,compartment
IMC,4,37,10,0.08403361344537816,0.2702702702702703,0.12820512820512822,expression_summary+expression_raw+interactions,median,rank,15,0.0,60,compartment
Golgi,5,58,33,0.02727272727272727,0.5689655172413793,0.052050473186119876,expression_summary+expression_raw+interactions,median,rank,15,0.25,25,compartment
cytosol,0,198,39,0.33620689655172414,0.19696969696969696,0.2484076433121019,expression_summary+expression_raw+interactions,median,rank,15,0.25,25,compartment
micronemes,0,18,2,0.017241379310344827,0.1111111111111111,0.029850746268656716,expression_summary+expression_raw+interactions,median,rank,15,0.25,25,compartment
nucleus - chromatin,5,251,164,0.13553719008264462,0.6533864541832669,0.22450376454483228,expression_summary+expression_raw+interactions,median,rank,15,0.25,25,compartment
apicoplast,2,58,8,0.05517241379310345,0.13793103448275862,0.07881773399014778,expression_summary+expression_raw+interactions,median,rank,15,0.25,25,compartment
dense granules,2,57,5,0.034482758620689655,0.08771929824561403,0.0495049504950495,expression_summary+expression_raw+interactions,median,rank,15,0.25,25,compartment
nucleus - non-chromatin,0,156,24,0.20689655172413793,0.15384615384615385,0.17647058823529413,expression_summary+expression_raw+interactions,median,rank,15,0.25,25,compartment
rhoptries 1,5,20,14,0.011570247933884297,0.7,0.022764227642276424,expression_summary+expression_raw+interactions,median,rank,15,0.25,25,compartment
ER,1,81,20,0.0546448087431694,0.24691358024691357,0.08948545861297538,expression_summary+expression_raw+interactions,median,rank,15,0.25,25,compartment
apical 1,5,18,13,0.010743801652892562,0.7222222222222222,0.021172638436482084,expression_summary+expression_raw+interactions,median,rank,15,0.25,25,compartment
PM - integral,1,48,16,0.04371584699453552,0.3333333333333333,0.07729468599033817,expression_summary+expression_raw+interactions,median,rank,15,0.25,25,compartment
PM - peripheral 2,5,16,11,0.00909090909090909,0.6875,0.01794453507340946,expression_summary+expression_raw+interactions,median,rank,15,0.25,25,compartment
mitochondrion - soluble,6,94,25,0.06082725060827251,0.26595744680851063,0.09900990099009901,expression_summary+expression_raw+interactions,median,rank,15,0.25,25,compartment
mitochondrion - membranes,3,61,10,0.0847457627118644,0.16393442622950818,0.11173184357541899,expression_summary+expression_raw+interactions,median,rank,15,0.25,25,compartment
IMC,3,40,10,0.0847457627118644,0.25,0.12658227848101267,expression_summary+expression_raw+interactions,median,rank,15,0.25,25,compartment
Golgi,2,54,5,0.04201680672268908,0.09259259259259259,0.05780346820809249,expression_summary+expression_raw+interactions,median,rank,15,0.25,60,compartment
cytosol,0,199,39,0.34513274336283184,0.19597989949748743,0.25,expression_summary+expression_raw+interactions,median,rank,15,0.25,60,compartment
micronemes,0,18,2,0.017699115044247787,0.1111111111111111,0.030534351145038163,expression_summary+expression_raw+interactions,median,rank,15,0.25,60,compartment
nucleus - chromatin,5,248,169,0.13596138374899436,0.6814516129032258,0.2266934942991281,expression_summary+expression_raw+interactions,median,rank,15,0.25,60,compartment
apicoplast,2,57,7,0.058823529411764705,0.12280701754385964,0.07954545454545454,expression_summary+expression_raw+interactions,median,rank,15,0.25,60,compartment
dense granules,0,55,4,0.035398230088495575,0.07272727272727272,0.047619047619047616,expression_summary+expression_raw+interactions,median,rank,15,0.25,60,compartment
nucleus - non-chromatin,0,156,24,0.21238938053097345,0.15384615384615385,0.17843866171003717,expression_summary+expression_raw+interactions,median,rank,15,0.25,60,compartment
rhoptries 1,5,19,12,0.009654062751407884,0.631578947368421,0.01901743264659271,expression_summary+expression_raw+interactions,median,rank,15,0.25,60,compartment
ER,1,80,20,0.06329113924050633,0.25,0.10101010101010102,expression_summary+expression_raw+interactions,median,rank,15,0.25,60,compartment
apical 1,5,18,13,0.010458567980691875,0.7222222222222222,0.02061855670103093,expression_summary+expression_raw+interactions,median,rank,15,0.25,60,compartment
PM - integral,1,49,16,0.05063291139240506,0.32653061224489793,0.08767123287671233,expression_summary+expression_raw+interactions,median,rank,15,0.25,60,compartment
PM - peripheral 2,5,16,11,0.008849557522123894,0.6875,0.017474185861795076,expression_summary+expression_raw+interactions,median,rank,15,0.25,60,compartment
mitochondrion - soluble,6,89,25,0.06053268765133172,0.2808988764044944,0.09960159362549802,expression_summary+expression_raw+interactions,median,rank,15,0.25,60,compartment
mitochondrion - membranes,4,62,9,0.0967741935483871,0.14516129032258066,0.11612903225806452,expression_summary+expression_raw+interactions,median,rank,15,0.25,60,compartment
IMC,4,35,9,0.0967741935483871,0.2571428571428571,0.14062499999999997,expression_summary+expression_raw+interactions,median,rank,15,0.25,60,compartment
Golgi,9,56,5,0.06172839506172839,0.08928571428571429,0.072992700729927,expression_summary+expression_raw+interactions,median,rank,50,0.0,25,compartment
cytosol,1,200,39,0.33620689655172414,0.195,0.2468354430379747,expression_summary+expression_raw+interactions,median,rank,50,0.0,25,compartment
micronemes,6,19,10,0.07042253521126761,0.5263157894736842,0.12422360248447205,expression_summary+expression_raw+interactions,median,rank,50,0.0,25,compartment
nucleus - chromatin,7,252,162,0.1433628318584071,0.6428571428571429,0.2344428364688857,expression_summary+expression_raw+interactions,median,rank,50,0.0,25,compartment
apicoplast,8,59,3,0.08108108108108109,0.05084745762711865,0.0625,expression_summary+expression_raw+interactions,median,rank,50,0.0,25,compartment
dense granules,6,58,18,0.1267605633802817,0.3103448275862069,0.18,expression_summary+expression_raw+interactions,median,rank,50,0.0,25,compartment
nucleus - non-chromatin,1,153,24,0.20689655172413793,0.1568627450980392,0.1784386617100372,expression_summary+expression_raw+interactions,median,rank,50,0.0,25,compartment
rhoptries 1,6,23,16,0.11267605633802817,0.6956521739130435,0.19393939393939397,expression_summary+expression_raw+interactions,median,rank,50,0.0,25,compartment
ER,0,80,20,0.06006006006006006,0.25,0.09685230024213076,expression_summary+expression_raw+interactions,median,rank,50,0.0,25,compartment
apical 1,6,17,5,0.035211267605633804,0.29411764705882354,0.06289308176100629,expression_summary+expression_raw+interactions,median,rank,50,0.0,25,compartment
PM - integral,0,46,15,0.04504504504504504,0.32608695652173914,0.079155672823219,expression_summary+expression_raw+interactions,median,rank,50,0.0,25,compartment
PM - peripheral 2,12,16,2,0.013513513513513514,0.125,0.024390243902439025,expression_summary+expression_raw+interactions,median,rank,50,0.0,25,compartment
mitochondrion - soluble,9,89,7,0.08641975308641975,0.07865168539325842,0.08235294117647059,expression_summary+expression_raw+interactions,median,rank,50,0.0,25,compartment
mitochondrion - membranes,12,60,18,0.12162162162162163,0.3,0.17307692307692307,expression_summary+expression_raw+interactions,median,rank,50,0.0,25,compartment
IMC,2,39,12,0.07894736842105263,0.3076923076923077,0.1256544502617801,expression_summary+expression_raw+interactions,median,rank,50,0.0,25,compartment
PM - peripheral 1,0,15,10,0.03003003003003003,0.6666666666666666,0.0574712643678161,expression_summary+expression_raw+interactions,median,rank,50,0.0,25,compartment
Golgi,5,58,33,0.0275,0.5689655172413793,0.05246422893481717,expression_summary+expression_raw+interactions,median,rank,50,0.0,60,compartment
cytosol,2,204,39,0.33620689655172414,0.19117647058823528,0.24374999999999994,expression_summary+expression_raw+interactions,median,rank,50,0.0,60,compartment
micronemes,6,19,9,0.07258064516129033,0.47368421052631576,0.1258741258741259,expression_summary+expression_raw+interactions,median,rank,50,0.0,60,compartment
nucleus - chromatin,5,259,173,0.14416666666666667,0.667953667953668,0.2371487320082248,expression_summary+expression_raw+interactions,median,rank,50,0.0,60,compartment
apicoplast,5,51,35,0.029166666666666667,0.6862745098039216,0.05595523581135092,expression_summary+expression_raw+interactions,median,rank,50,0.0,60,compartment
dense granules,6,55,15,0.12096774193548387,0.2727272727272727,0.16759776536312848,expression_summary+expression_raw+interactions,median,rank,50,0.0,60,compartment
nucleus - non-chromatin,2,163,24,0.20689655172413793,0.147239263803681,0.17204301075268819,expression_summary+expression_raw+interactions,median,rank,50,0.0,60,compartment
rhoptries 1,6,21,14,0.11290322580645161,0.6666666666666666,0.19310344827586204,expression_summary+expression_raw+interactions,median,rank,50,0.0,60,compartment
ER,1,84,20,0.06006006006006006,0.23809523809523808,0.0959232613908873,expression_summary+expression_raw+interactions,median,rank,50,0.0,60,compartment
apical 1,6,17,4,0.03225806451612903,0.23529411764705882,0.05673758865248226,expression_summary+expression_raw+interactions,median,rank,50,0.0,60,compartment
PM - integral,1,50,15,0.04504504504504504,0.3,0.0783289817232376,expression_summary+expression_raw+interactions,median,rank,50,0.0,60,compartment
PM - peripheral 2,5,16,12,0.01,0.75,0.019736842105263157,expression_summary+expression_raw+interactions,median,rank,50,0.0,60,compartment
mitochondrion - soluble,4,93,28,0.05204460966542751,0.3010752688172043,0.08874801901743265,expression_summary+expression_raw+interactions,median,rank,50,0.0,60,compartment
mitochondrion - membranes,3,65,12,0.09230769230769231,0.18461538461538463,0.12307692307692308,expression_summary+expression_raw+interactions,median,rank,50,0.0,60,compartment
IMC,3,39,10,0.07692307692307693,0.2564102564102564,0.1183431952662722,expression_summary+expression_raw+interactions,median,rank,50,0.0,60,compartment
PM - peripheral 1,1,15,10,0.03003003003003003,0.6666666666666666,0.0574712643678161,expression_summary+expression_raw+interactions,median,rank,50,0.0,60,compartment
Golgi,2,59,46,0.023983315954118872,0.7796610169491526,0.04653515427415276,expression_summary+expression_raw+interactions,median,rank,50,0.25,25,compartment
cytosol,0,199,38,0.34234234234234234,0.19095477386934673,0.24516129032258066,expression_summary+expression_raw+interactions,median,rank,50,0.25,25,compartment
micronemes,0,18,2,0.018018018018018018,0.1111111111111111,0.031007751937984496,expression_summary+expression_raw+interactions,median,rank,50,0.25,25,compartment
nucleus - chromatin,2,262,214,0.11157455683003129,0.816793893129771,0.1963302752293578,expression_summary+expression_raw+interactions,median,rank,50,0.25,25,compartment
apicoplast,3,55,4,0.031746031746031744,0.07272727272727272,0.0441988950276243,expression_summary+expression_raw+interactions,median,rank,50,0.25,25,compartment
dense granules,2,62,53,0.027632950990615225,0.8548387096774194,0.05353535353535353,expression_summary+expression_raw+interactions,median,rank,50,0.25,25,compartment
nucleus - non-chromatin,0,159,24,0.21621621621621623,0.1509433962264151,0.1777777777777778,expression_summary+expression_raw+interactions,median,rank,50,0.25,25,compartment
rhoptries 1,2,21,18,0.009384775808133473,0.8571428571428571,0.018566271273852502,expression_summary+expression_raw+interactions,median,rank,50,0.25,25,compartment
ER,1,85,20,0.06430868167202572,0.23529411764705882,0.10101010101010102,expression_summary+expression_raw+interactions,median,rank,50,0.25,25,compartment
apical 1,2,18,17,0.008863399374348279,0.9444444444444444,0.017561983471074377,expression_summary+expression_raw+interactions,median,rank,50,0.25,25,compartment
PM - integral,1,47,14,0.04501607717041801,0.2978723404255319,0.07821229050279331,expression_summary+expression_raw+interactions,median,rank,50,0.25,25,compartment
nucleolus,0,15,1,0.009009009009009009,0.06666666666666667,0.015873015873015872,expression_summary+expression_raw+interactions,median,rank,50,0.25,25,compartment
PM - peripheral 2,0,16,1,0.009009009009009009,0.0625,0.015748031496062992,expression_summary+expression_raw+interactions,median,rank,50,0.25,25,compartment
mitochondrion - soluble,2,94,75,0.03910323253388947,0.7978723404255319,0.07455268389662027,expression_summary+expression_raw+interactions,median,rank,50,0.25,25,compartment
mitochondrion - membranes,3,63,11,0.0873015873015873,0.1746031746031746,0.11640211640211641,expression_summary+expression_raw+interactions,median,rank,50,0.25,25,compartment
IMC,3,37,10,0.07936507936507936,0.2702702702702703,0.12269938650306748,expression_summary+expression_raw+interactions,median,rank,50,0.25,25,compartment
Golgi,4,49,34,0.026771653543307086,0.6938775510204082,0.05155420773313116,expression_summary+expression_raw+interactions,median,rank,50,0.25,60,compartment
cytosol,1,180,37,0.3425925925925926,0.20555555555555555,0.2569444444444445,expression_summary+expression_raw+interactions,median,rank,50,0.25,60,compartment
micronemes,1,16,2,0.018518518518518517,0.125,0.03225806451612903,expression_summary+expression_raw+interactions,median,rank,50,0.25,60,compartment
nucleus - chromatin,4,237,176,0.13858267716535433,0.7426160337552743,0.23357664233576644,expression_summary+expression_raw+interactions,median,rank,50,0.25,60,compartment
apicoplast,4,44,36,0.028346456692913385,0.8181818181818182,0.0547945205479452,expression_summary+expression_raw+interactions,median,rank,50,0.25,60,compartment
dense granules,1,50,4,0.037037037037037035,0.08,0.05063291139240506,expression_summary+expression_raw+interactions,median,rank,50,0.25,60,compartment
nucleus - non-chromatin,1,143,24,0.2222222222222222,0.16783216783216784,0.1912350597609562,expression_summary+expression_raw+interactions,median,rank,50,0.25,60,compartment
rhoptries 1,4,16,12,0.009448818897637795,0.75,0.018662519440124415,expression_summary+expression_raw+interactions,median,rank,50,0.25,60,compartment
ER,3,74,20,0.07168458781362007,0.2702702702702703,0.11331444759206798,expression_summary+expression_raw+interactions,median,rank,50,0.25,60,compartment
apical 1,4,18,15,0.011811023622047244,0.8333333333333334,0.023291925465838508,expression_summary+expression_raw+interactions,median,rank,50,0.25,60,compartment
PM - integral,3,42,14,0.05017921146953405,0.3333333333333333,0.08722741433021808,expression_summary+expression_raw+interactions,median,rank,50,0.25,60,compartment
PM - peripheral 2,4,15,11,0.008661417322834646,0.7333333333333333,0.017120622568093387,expression_summary+expression_raw+interactions,median,rank,50,0.25,60,compartment
mitochondrion - soluble,5,86,25,0.0673854447439353,0.29069767441860467,0.10940919037199123,expression_summary+expression_raw+interactions,median,rank,50,0.25,60,compartment
mitochondrion - membranes,2,58,10,0.10638297872340426,0.1724137931034483,0.13157894736842105,expression_summary+expression_raw+interactions,median,rank,50,0.25,60,compartment
IMC,2,33,10,0.10638297872340426,0.30303030303030304,0.15748031496062995,expression_summary+expression_raw+interactions,median,rank,50,0.25,60,compartment
Golgi,1,62,62,0.021401449775629963,1.0,0.04190604934099358,expression_summary+fitness_screens+published_screens,median,rank,15,0.0,25,compartment
cytosol,1,215,215,0.0742147048671039,1.0,0.13817480719794345,expression_summary+fitness_screens+published_screens,median,rank,15,0.0,25,compartment
micronemes,1,20,20,0.0069036934760096655,1.0,0.013712718546451836,expression_summary+fitness_screens+published_screens,median,rank,15,0.0,25,compartment
nucleus - chromatin,1,272,272,0.09389023127373144,1.0,0.17166298516882295,expression_summary+fitness_screens+published_screens,median,rank,15,0.0,25,compartment
apicoplast,1,61,61,0.02105626510182948,1.0,0.041244083840432724,expression_summary+fitness_screens+published_screens,median,rank,15,0.0,25,compartment
dense granules,1,68,68,0.02347255781843286,1.0,0.04586846543001686,expression_summary+fitness_screens+published_screens,median,rank,15,0.0,25,compartment
nucleus - non-chromatin,1,172,172,0.05937176389368312,1.0,0.11208862821766048,expression_summary+fitness_screens+published_screens,median,rank,15,0.0,25,compartment
rhoptries 1,1,27,27,0.009319986192613048,1.0,0.018467852257181942,expression_summary+fitness_screens+published_screens,median,rank,15,0.0,25,compartment
ER,1,91,91,0.03141180531584398,1.0,0.0609103078982597,expression_summary+fitness_screens+published_screens,median,rank,15,0.0,25,compartment
apical 1,1,21,21,0.007248878149810148,1.0,0.01439342015078821,expression_summary+fitness_screens+published_screens,median,rank,15,0.0,25,compartment
PM - integral,1,53,53,0.018294787711425613,1.0,0.035932203389830504,expression_summary+fitness_screens+published_screens,median,rank,15,0.0,25,compartment
nucleolus,1,16,16,0.005522954780807732,1.0,0.010985238585650531,expression_summary+fitness_screens+published_screens,median,rank,15,0.0,25,compartment
PM - peripheral 2,1,16,16,0.005522954780807732,1.0,0.010985238585650531,expression_summary+fitness_screens+published_screens,median,rank,15,0.0,25,compartment
mitochondrion - soluble,1,100,100,0.03451846738004832,1.0,0.0667334000667334,expression_summary+fitness_screens+published_screens,median,rank,15,0.0,25,compartment
mitochondrion - membranes,1,67,67,0.02312737314463238,1.0,0.04520917678812415,expression_summary+fitness_screens+published_screens,median,rank,15,0.0,25,compartment
IMC,1,42,42,0.014497756299620296,1.0,0.028581150051037767,expression_summary+fitness_screens+published_screens,median,rank,15,0.0,25,compartment
PM - peripheral 1,1,15,15,0.0051777701070072485,1.0,0.010302197802197802,expression_summary+fitness_screens+published_screens,median,rank,15,0.0,25,compartment
Golgi,2,53,9,0.06474820143884892,0.16981132075471697,0.09375,expression_summary+fitness_screens+published_screens,median,rank,15,0.0,60,compartment
cytosol,1,180,66,0.13387423935091278,0.36666666666666664,0.19613670133729572,expression_summary+fitness_screens+published_screens,median,rank,15,0.0,60,compartment
nucleus - chromatin,4,220,64,0.19047619047619047,0.2909090909090909,0.23021582733812948,expression_summary+fitness_screens+published_screens,median,rank,15,0.0,60,compartment
apicoplast,4,50,25,0.0744047619047619,0.5,0.1295336787564767,expression_summary+fitness_screens+published_screens,median,rank,15,0.0,60,compartment
dense granules,1,57,29,0.058823529411764705,0.5087719298245614,0.10545454545454544,expression_summary+fitness_screens+published_screens,median,rank,15,0.0,60,compartment
nucleus - non-chromatin,3,138,47,0.12144702842377261,0.34057971014492755,0.17904761904761907,expression_summary+fitness_screens+published_screens,median,rank,15,0.0,60,compartment
ER,3,74,26,0.06718346253229975,0.35135135135135137,0.11279826464208245,expression_summary+fitness_screens+published_screens,median,rank,15,0.0,60,compartment
apical 1,1,17,6,0.012170385395537525,0.35294117647058826,0.023529411764705882,expression_summary+fitness_screens+published_screens,median,rank,15,0.0,60,compartment
PM - integral,1,44,17,0.034482758620689655,0.38636363636363635,0.0633147113594041,expression_summary+fitness_screens+published_screens,median,rank,15,0.0,60,compartment
mitochondrion - soluble,3,88,31,0.08010335917312661,0.3522727272727273,0.13052631578947368,expression_summary+fitness_screens+published_screens,median,rank,15,0.0,60,compartment
mitochondrion - membranes,3,58,25,0.06459948320413436,0.43103448275862066,0.11235955056179775,expression_summary+fitness_screens+published_screens,median,rank,15,0.0,60,compartment
rhoptries 1,1,22,15,0.030425963488843813,0.6818181818181818,0.058252427184466014,expression_summary+fitness_screens+published_screens,median,rank,15,0.0,60,compartment
IMC,1,39,23,0.04665314401622718,0.5897435897435898,0.08646616541353383,expression_summary+fitness_screens+published_screens,median,rank,15,0.0,60,compartment
PM - peripheral 1,1,15,12,0.02434077079107505,0.8,0.047244094488188976,expression_summary+fitness_screens+published_screens,median,rank,15,0.0,60,compartment
Golgi,2,51,51,0.020506634499396863,1.0,0.04018912529550827,expression_summary+fitness_screens+published_screens,median,rank,15,0.25,25,compartment
cytosol,2,196,196,0.07880981101728991,1.0,0.1461051062243757,expression_summary+fitness_screens+published_screens,median,rank,15,0.25,25,compartment
micronemes,2,20,20,0.008041817450743867,1.0,0.0159553250897487,expression_summary+fitness_screens+published_screens,median,rank,15,0.25,25,compartment
nucleus - chromatin,2,227,227,0.0912746280659429,1.0,0.16728076639646278,expression_summary+fitness_screens+published_screens,median,rank,15,0.25,25,compartment
dense granules,2,59,59,0.02372336147969441,1.0,0.046347211311861744,expression_summary+fitness_screens+published_screens,median,rank,15,0.25,25,compartment
nucleus - non-chromatin,2,151,151,0.0607157217531162,1.0,0.11448066717210006,expression_summary+fitness_screens+published_screens,median,rank,15,0.25,25,compartment
apicoplast,3,56,3,0.06521739130434782,0.05357142857142857,0.058823529411764705,expression_summary+fitness_screens+published_screens,median,rank,15,0.25,25,compartment
ER,2,77,77,0.03096099718536389,1.0,0.06006240249609984,expression_summary+fitness_screens+published_screens,median,rank,15,0.25,25,compartment
apical 1,2,18,18,0.007237635705669481,1.0,0.014371257485029942,expression_summary+fitness_screens+published_screens,median,rank,15,0.25,25,compartment
rhoptries 1,2,23,23,0.009248090068355449,1.0,0.018326693227091635,expression_summary+fitness_screens+published_screens,median,rank,15,0.25,25,compartment
PM - integral,2,45,45,0.018094089264173704,1.0,0.03554502369668247,expression_summary+fitness_screens+published_screens,median,rank,15,0.25,25,compartment
nucleolus,2,15,15,0.006031363088057901,1.0,0.01199040767386091,expression_summary+fitness_screens+published_screens,median,rank,15,0.25,25,compartment
mitochondrion - soluble,2,89,88,0.03538399678327302,0.9887640449438202,0.06832298136645963,expression_summary+fitness_screens+published_screens,median,rank,15,0.25,25,compartment
mitochondrion - membranes,2,60,60,0.024125452352231604,1.0,0.04711425206124852,expression_summary+fitness_screens+published_screens,median,rank,15,0.25,25,compartment
IMC,2,40,40,0.016083634901487735,1.0,0.031658092599920855,expression_summary+fitness_screens+published_screens,median,rank,15,0.25,25,compartment
Golgi,0,25,16,0.02391629297458894,0.64,0.04610951008645533,expression_summary+fitness_screens+published_screens,median,rank,15,0.25,60,compartment
cytosol,2,114,34,0.12781954887218044,0.2982456140350877,0.1789473684210526,expression_summary+fitness_screens+published_screens,median,rank,15,0.25,60,compartment
nucleus - chromatin,0,141,100,0.14947683109118087,0.7092198581560284,0.2469135802469136,expression_summary+fitness_screens+published_screens,median,rank,15,0.25,60,compartment
dense granules,2,31,16,0.06015037593984962,0.5161290322580645,0.10774410774410774,expression_summary+fitness_screens+published_screens,median,rank,15,0.25,60,compartment
nucleus - non-chromatin,0,93,80,0.11958146487294469,0.8602150537634409,0.20997375328083992,expression_summary+fitness_screens+published_screens,median,rank,15,0.25,60,compartment
ER,0,48,34,0.05082212257100149,0.7083333333333334,0.09483960948396095,expression_summary+fitness_screens+published_screens,median,rank,15,0.25,60,compartment
PM - integral,2,28,11,0.041353383458646614,0.39285714285714285,0.07482993197278912,expression_summary+fitness_screens+published_screens,median,rank,15,0.25,60,compartment
apicoplast,0,33,28,0.04185351270553064,0.8484848484848485,0.07977207977207977,expression_summary+fitness_screens+published_screens,median,rank,15,0.25,60,compartment
mitochondrion - soluble,0,60,45,0.06726457399103139,0.75,0.1234567901234568,expression_summary+fitness_screens+published_screens,median,rank,15,0.25,60,compartment
mitochondrion - membranes,0,40,27,0.04035874439461883,0.675,0.07616361071932298,expression_summary+fitness_screens+published_screens,median,rank,15,0.25,60,compartment
IMC,2,32,16,0.06015037593984962,0.5,0.10738255033557047,expression_summary+fitness_screens+published_screens,median,rank,15,0.25,60,compartment
Golgi,3,39,8,0.05714285714285714,0.20512820512820512,0.08938547486033518,expression_summary+fitness_screens+published_screens,median,rank,50,0.0,25,compartment
cytosol,4,159,69,0.14285714285714285,0.4339622641509434,0.21495327102803735,expression_summary+fitness_screens+published_screens,median,rank,50,0.0,25,compartment
nucleus - chromatin,5,150,25,0.18248175182481752,0.16666666666666666,0.17421602787456447,expression_summary+fitness_screens+published_screens,median,rank,50,0.0,25,compartment
dense granules,4,46,29,0.060041407867494824,0.6304347826086957,0.10964083175803402,expression_summary+fitness_screens+published_screens,median,rank,50,0.0,25,compartment
nucleus - non-chromatin,6,106,17,0.1827956989247312,0.16037735849056603,0.17085427135678388,expression_summary+fitness_screens+published_screens,median,rank,50,0.0,25,compartment
ER,7,53,9,0.09090909090909091,0.16981132075471697,0.11842105263157895,expression_summary+fitness_screens+published_screens,median,rank,50,0.0,25,compartment
apicoplast,5,37,11,0.08029197080291971,0.2972972972972973,0.1264367816091954,expression_summary+fitness_screens+published_screens,median,rank,50,0.0,25,compartment
PM - integral,7,36,5,0.050505050505050504,0.1388888888888889,0.07407407407407407,expression_summary+fitness_screens+published_screens,median,rank,50,0.0,25,compartment
mitochondrion - soluble,10,59,8,0.1509433962264151,0.13559322033898305,0.14285714285714285,expression_summary+fitness_screens+published_screens,median,rank,50,0.0,25,compartment
rhoptries 1,9,17,2,0.06451612903225806,0.11764705882352941,0.08333333333333333,expression_summary+fitness_screens+published_screens,median,rank,50,0.0,25,compartment
IMC,7,32,6,0.06060606060606061,0.1875,0.0916030534351145,expression_summary+fitness_screens+published_screens,median,rank,50,0.0,25,compartment
mitochondrion - membranes,11,39,9,0.140625,0.23076923076923078,0.17475728155339806,expression_summary+fitness_screens+published_screens,median,rank,50,0.0,25,compartment
Golgi,1,40,18,0.03468208092485549,0.45,0.06440071556350625,expression_summary+fitness_screens+published_screens,median,rank,50,0.0,60,compartment
cytosol,4,171,61,0.15404040404040403,0.3567251461988304,0.21516754850088182,expression_summary+fitness_screens+published_screens,median,rank,50,0.0,60,compartment
nucleus - chromatin,0,179,60,0.189873417721519,0.33519553072625696,0.2424242424242424,expression_summary+fitness_screens+published_screens,median,rank,50,0.0,60,compartment
dense granules,4,51,29,0.07323232323232323,0.5686274509803921,0.12975391498881433,expression_summary+fitness_screens+published_screens,median,rank,50,0.0,60,compartment
nucleus - non-chromatin,1,127,60,0.11560693641618497,0.47244094488188976,0.18575851393188852,expression_summary+fitness_screens+published_screens,median,rank,50,0.0,60,compartment
ER,1,68,35,0.0674373795761079,0.5147058823529411,0.11925042589437822,expression_summary+fitness_screens+published_screens,median,rank,50,0.0,60,compartment
apicoplast,0,46,23,0.07278481012658228,0.5,0.1270718232044199,expression_summary+fitness_screens+published_screens,median,rank,50,0.0,60,compartment
PM - integral,4,37,15,0.03787878787878788,0.40540540540540543,0.06928406466512703,expression_summary+fitness_screens+published_screens,median,rank,50,0.0,60,compartment
mitochondrion - soluble,1,75,39,0.07514450867052024,0.52,0.1313131313131313,expression_summary+fitness_screens+published_screens,median,rank,50,0.0,60,compartment
mitochondrion - membranes,1,54,26,0.05009633911368015,0.48148148148148145,0.09075043630017453,expression_summary+fitness_screens+published_screens,median,rank,50,0.0,60,compartment
IMC,4,34,19,0.047979797979797977,0.5588235294117647,0.08837209302325581,expression_summary+fitness_screens+published_screens,median,rank,50,0.0,60,compartment
rhoptries 1,4,15,10,0.025252525252525252,0.6666666666666666,0.048661800486618,expression_summary+fitness_screens+published_screens,median,rank,50,0.0,60,compartment
Golgi,3,44,21,0.025423728813559324,0.4772727272727273,0.04827586206896552,expression_summary+fitness_screens+published_screens,median,rank,50,0.25,25,compartment
cytosol,3,171,91,0.11016949152542373,0.5321637426900585,0.18254764292878634,expression_summary+fitness_screens+published_screens,median,rank,50,0.25,25,compartment
nucleus - chromatin,3,191,119,0.1440677966101695,0.6230366492146597,0.23402163225172073,expression_summary+fitness_screens+published_screens,median,rank,50,0.25,25,compartment
dense granules,2,60,46,0.0329512893982808,0.7666666666666667,0.06318681318681318,expression_summary+fitness_screens+published_screens,median,rank,50,0.25,25,compartment
nucleus - non-chromatin,3,129,98,0.11864406779661017,0.7596899224806202,0.20523560209424085,expression_summary+fitness_screens+published_screens,median,rank,50,0.25,25,compartment
ER,3,67,42,0.05084745762711865,0.6268656716417911,0.09406494960806272,expression_summary+fitness_screens+published_screens,median,rank,50,0.25,25,compartment
apicoplast,3,44,35,0.0423728813559322,0.7954545454545454,0.08045977011494253,expression_summary+fitness_screens+published_screens,median,rank,50,0.25,25,compartment
apical 1,2,18,16,0.011461318051575931,0.8888888888888888,0.022630834512022628,expression_summary+fitness_screens+published_screens,median,rank,50,0.25,25,compartment
PM - integral,2,38,26,0.01862464183381089,0.6842105263157895,0.03626220362622037,expression_summary+fitness_screens+published_screens,median,rank,50,0.25,25,compartment
mitochondrion - soluble,3,80,57,0.06900726392251816,0.7125,0.12582781456953643,expression_summary+fitness_screens+published_screens,median,rank,50,0.25,25,compartment
mitochondrion - membranes,3,50,31,0.03753026634382567,0.62,0.07077625570776257,expression_summary+fitness_screens+published_screens,median,rank,50,0.25,25,compartment
rhoptries 1,2,18,17,0.012177650429799427,0.9444444444444444,0.024045261669024046,expression_summary+fitness_screens+published_screens,median,rank,50,0.25,25,compartment
IMC,2,36,24,0.017191977077363897,0.6666666666666666,0.0335195530726257,expression_summary+fitness_screens+published_screens,median,rank,50,0.25,25,compartment
Golgi,1,37,21,0.026957637997432605,0.5675675675675675,0.05147058823529412,expression_summary+fitness_screens+published_screens,median,rank,50,0.25,60,compartment
cytosol,3,140,44,0.15492957746478872,0.3142857142857143,0.20754716981132074,expression_summary+fitness_screens+published_screens,median,rank,50,0.25,60,compartment
nucleus - chromatin,1,159,113,0.14505776636713735,0.710691823899371,0.2409381663113006,expression_summary+fitness_screens+published_screens,median,rank,50,0.25,60,compartment
dense granules,3,40,22,0.07746478873239436,0.55,0.13580246913580246,expression_summary+fitness_screens+published_screens,median,rank,50,0.25,60,compartment
nucleus - non-chromatin,1,110,94,0.12066752246469833,0.8545454545454545,0.21147356580427445,expression_summary+fitness_screens+published_screens,median,rank,50,0.25,60,compartment
ER,1,61,43,0.055198973042362,0.7049180327868853,0.10238095238095238,expression_summary+fitness_screens+published_screens,median,rank,50,0.25,60,compartment
PM - integral,3,25,10,0.035211267605633804,0.4,0.06472491909385114,expression_summary+fitness_screens+published_screens,median,rank,50,0.25,60,compartment
apicoplast,1,39,33,0.04236200256739409,0.8461538461538461,0.08068459657701711,expression_summary+fitness_screens+published_screens,median,rank,50,0.25,60,compartment
mitochondrion - soluble,1,70,54,0.0693196405648267,0.7714285714285715,0.127208480565371,expression_summary+fitness_screens+published_screens,median,rank,50,0.25,60,compartment
mitochondrion - membranes,3,45,12,0.04225352112676056,0.26666666666666666,0.0729483282674772,expression_summary+fitness_screens+published_screens,median,rank,50,0.25,60,compartment
IMC,3,31,17,0.05985915492957746,0.5483870967741935,0.10793650793650793,expression_summary+fitness_screens+published_screens,median,rank,50,0.25,60,compartment
Golgi,0,62,55,0.0331925165962583,0.8870967741935484,0.06399069226294357,expression_summary+fitness_screens+protein_features,median,rank,15,0.0,25,compartment
cytosol,1,215,138,0.15316315205327413,0.641860465116279,0.24731182795698922,expression_summary+fitness_screens+protein_features,median,rank,15,0.0,25,compartment
micronemes,0,20,14,0.008449004224502113,0.7,0.016696481812760882,expression_summary+fitness_screens+protein_features,median,rank,15,0.0,25,compartment
nucleus - chromatin,0,272,193,0.11647555823777912,0.7095588235294118,0.20010368066355624,expression_summary+fitness_screens+protein_features,median,rank,15,0.0,25,compartment
apicoplast,0,61,43,0.02595051297525649,0.7049180327868853,0.050058207217695,expression_summary+fitness_screens+protein_features,median,rank,15,0.0,25,compartment
dense granules,1,68,27,0.029966703662597113,0.39705882352941174,0.05572755417956656,expression_summary+fitness_screens+protein_features,median,rank,15,0.0,25,compartment
nucleus - non-chromatin,1,172,92,0.10210876803551609,0.5348837209302325,0.17148182665424044,expression_summary+fitness_screens+protein_features,median,rank,15,0.0,25,compartment
rhoptries 1,1,27,12,0.013318534961154272,0.4444444444444444,0.02586206896551724,expression_summary+fitness_screens+protein_features,median,rank,15,0.0,25,compartment
ER,0,92,84,0.05069402534701267,0.9130434782608695,0.09605488850771869,expression_summary+fitness_screens+protein_features,median,rank,15,0.0,25,compartment
apical 1,0,21,16,0.009656004828002414,0.7619047619047619,0.01907032181168057,expression_summary+fitness_screens+protein_features,median,rank,15,0.0,25,compartment
PM - integral,0,53,44,0.026554013277006638,0.8301886792452831,0.05146198830409356,expression_summary+fitness_screens+protein_features,median,rank,15,0.0,25,compartment
nucleolus,1,16,6,0.006659267480577136,0.375,0.013086150490730641,expression_summary+fitness_screens+protein_features,median,rank,15,0.0,25,compartment
PM - peripheral 2,0,16,13,0.007845503922751962,0.8125,0.015540944411237299,expression_summary+fitness_screens+protein_features,median,rank,15,0.0,25,compartment
mitochondrion - soluble,1,101,48,0.05327413984461709,0.4752475247524752,0.09580838323353294,expression_summary+fitness_screens+protein_features,median,rank,15,0.0,25,compartment
mitochondrion - membranes,1,66,30,0.033296337402885685,0.45454545454545453,0.062047569803516035,expression_summary+fitness_screens+protein_features,median,rank,15,0.0,25,compartment
IMC,1,41,25,0.02774694783573807,0.6097560975609756,0.05307855626326965,expression_summary+fitness_screens+protein_features,median,rank,15,0.0,25,compartment
Golgi,3,61,18,0.08866995073891626,0.29508196721311475,0.13636363636363635,expression_summary+fitness_screens+protein_features,median,rank,15,0.0,60,compartment
cytosol,1,209,138,0.15299334811529933,0.6602870813397129,0.24842484248424843,expression_summary+fitness_screens+protein_features,median,rank,15,0.0,60,compartment
micronemes,3,20,9,0.04433497536945813,0.45,0.08071748878923768,expression_summary+fitness_screens+protein_features,median,rank,15,0.0,60,compartment
nucleus - chromatin,2,266,185,0.13299784327821712,0.6954887218045113,0.2232951116475558,expression_summary+fitness_screens+protein_features,median,rank,15,0.0,60,compartment
apicoplast,2,60,42,0.0301941049604601,0.7,0.057891109579600274,expression_summary+fitness_screens+protein_features,median,rank,15,0.0,60,compartment
dense granules,3,64,11,0.054187192118226604,0.171875,0.08239700374531836,expression_summary+fitness_screens+protein_features,median,rank,15,0.0,60,compartment
nucleus - non-chromatin,1,172,92,0.10199556541019955,0.5348837209302325,0.1713221601489758,expression_summary+fitness_screens+protein_features,median,rank,15,0.0,60,compartment
rhoptries 1,3,22,4,0.019704433497536946,0.18181818181818182,0.035555555555555556,expression_summary+fitness_screens+protein_features,median,rank,15,0.0,60,compartment
ER,3,91,37,0.18226600985221675,0.4065934065934066,0.25170068027210885,expression_summary+fitness_screens+protein_features,median,rank,15,0.0,60,compartment
apical 1,2,16,11,0.007907979870596693,0.6875,0.015636105188343994,expression_summary+fitness_screens+protein_features,median,rank,15,0.0,60,compartment
PM - integral,3,51,23,0.11330049261083744,0.45098039215686275,0.1811023622047244,expression_summary+fitness_screens+protein_features,median,rank,15,0.0,60,compartment
nucleolus,2,16,10,0.007189072609633357,0.625,0.014214641080312722,expression_summary+fitness_screens+protein_features,median,rank,15,0.0,60,compartment
PM - peripheral 2,3,16,2,0.009852216748768473,0.125,0.018264840182648404,expression_summary+fitness_screens+protein_features,median,rank,15,0.0,60,compartment
mitochondrion - soluble,1,101,48,0.05321507760532151,0.4752475247524752,0.09571286141575273,expression_summary+fitness_screens+protein_features,median,rank,15,0.0,60,compartment
mitochondrion - membranes,3,67,16,0.07881773399014778,0.23880597014925373,0.11851851851851854,expression_summary+fitness_screens+protein_features,median,rank,15,0.0,60,compartment
IMC,3,39,8,0.03940886699507389,0.20512820512820512,0.06611570247933883,expression_summary+fitness_screens+protein_features,median,rank,15,0.0,60,compartment
Golgi,5,36,6,0.047619047619047616,0.16666666666666666,0.07407407407407407,expression_summary+fitness_screens+protein_features,median,rank,15,0.25,25,compartment
cytosol,0,175,129,0.1649616368286445,0.7371428571428571,0.26959247648902823,expression_summary+fitness_screens+protein_features,median,rank,15,0.25,25,compartment
micronemes,5,15,6,0.047619047619047616,0.4,0.0851063829787234,expression_summary+fitness_screens+protein_features,median,rank,15,0.25,25,compartment
nucleus - chromatin,6,187,47,0.21171171171171171,0.25133689839572193,0.22982885085574573,expression_summary+fitness_screens+protein_features,median,rank,15,0.25,25,compartment
apicoplast,6,47,20,0.09009009009009009,0.425531914893617,0.14869888475836432,expression_summary+fitness_screens+protein_features,median,rank,15,0.25,25,compartment
dense granules,5,46,11,0.0873015873015873,0.2391304347826087,0.12790697674418605,expression_summary+fitness_screens+protein_features,median,rank,15,0.25,25,compartment
nucleus - non-chromatin,0,135,83,0.10613810741687979,0.6148148148148148,0.18102508178844057,expression_summary+fitness_screens+protein_features,median,rank,15,0.25,25,compartment
ER,5,54,18,0.14285714285714285,0.3333333333333333,0.2,expression_summary+fitness_screens+protein_features,median,rank,15,0.25,25,compartment
PM - integral,5,29,11,0.0873015873015873,0.3793103448275862,0.14193548387096774,expression_summary+fitness_screens+protein_features,median,rank,15,0.25,25,compartment
mitochondrion - soluble,0,79,44,0.056265984654731455,0.5569620253164557,0.10220673635307781,expression_summary+fitness_screens+protein_features,median,rank,15,0.25,25,compartment
mitochondrion - membranes,5,54,15,0.11904761904761904,0.2777777777777778,0.16666666666666663,expression_summary+fitness_screens+protein_features,median,rank,15,0.25,25,compartment
IMC,5,27,4,0.031746031746031744,0.14814814814814814,0.0522875816993464,expression_summary+fitness_screens+protein_features,median,rank,15,0.25,25,compartment
Golgi,1,42,3,0.043478260869565216,0.07142857142857142,0.05405405405405405,expression_summary+fitness_screens+protein_features,median,rank,15,0.25,60,compartment
cytosol,2,158,101,0.17060810810810811,0.6392405063291139,0.26933333333333337,expression_summary+fitness_screens+protein_features,median,rank,15,0.25,60,compartment
nucleus - chromatin,0,228,169,0.14013266998341625,0.7412280701754386,0.23570432357043236,expression_summary+fitness_screens+protein_features,median,rank,15,0.25,60,compartment
apicoplast,0,53,38,0.03150912106135987,0.7169811320754716,0.06036536934074663,expression_summary+fitness_screens+protein_features,median,rank,15,0.25,60,compartment
dense granules,1,42,5,0.07246376811594203,0.11904761904761904,0.09009009009009009,expression_summary+fitness_screens+protein_features,median,rank,15,0.25,60,compartment
nucleus - non-chromatin,2,137,66,0.11148648648648649,0.48175182481751827,0.18106995884773663,expression_summary+fitness_screens+protein_features,median,rank,15,0.25,60,compartment
ER,1,54,10,0.14492753623188406,0.18518518518518517,0.16260162601626013,expression_summary+fitness_screens+protein_features,median,rank,15,0.25,60,compartment
PM - integral,1,30,8,0.11594202898550725,0.26666666666666666,0.1616161616161616,expression_summary+fitness_screens+protein_features,median,rank,15,0.25,60,compartment
mitochondrion - soluble,2,81,35,0.05912162162162162,0.43209876543209874,0.10401188707280833,expression_summary+fitness_screens+protein_features,median,rank,15,0.25,60,compartment
mitochondrion - membranes,1,48,11,0.15942028985507245,0.22916666666666666,0.188034188034188,expression_summary+fitness_screens+protein_features,median,rank,15,0.25,60,compartment
IMC,2,24,19,0.03209459459459459,0.7916666666666666,0.06168831168831168,expression_summary+fitness_screens+protein_features,median,rank,15,0.25,60,compartment
Golgi,2,57,15,0.07614213197969544,0.2631578947368421,0.11811023622047244,expression_summary+fitness_screens+protein_features,median,rank,50,0.0,25,compartment
cytosol,0,212,138,0.15575620767494355,0.6509433962264151,0.25136612021857924,expression_summary+fitness_screens+protein_features,median,rank,50,0.0,25,compartment
micronemes,2,19,8,0.04060913705583756,0.42105263157894735,0.07407407407407407,expression_summary+fitness_screens+protein_features,median,rank,50,0.0,25,compartment
nucleus - chromatin,1,265,185,0.13214285714285715,0.6981132075471698,0.22222222222222224,expression_summary+fitness_screens+protein_features,median,rank,50,0.0,25,compartment
apicoplast,1,58,41,0.029285714285714286,0.7068965517241379,0.056241426611796985,expression_summary+fitness_screens+protein_features,median,rank,50,0.0,25,compartment
dense granules,2,64,11,0.05583756345177665,0.171875,0.08429118773946359,expression_summary+fitness_screens+protein_features,median,rank,50,0.0,25,compartment
nucleus - non-chromatin,0,170,92,0.1038374717832957,0.5411764705882353,0.17424242424242423,expression_summary+fitness_screens+protein_features,median,rank,50,0.0,25,compartment
rhoptries 1,2,24,4,0.02030456852791878,0.16666666666666666,0.03619909502262443,expression_summary+fitness_screens+protein_features,median,rank,50,0.0,25,compartment
ER,2,89,37,0.18781725888324874,0.4157303370786517,0.25874125874125875,expression_summary+fitness_screens+protein_features,median,rank,50,0.0,25,compartment
apical 1,1,18,12,0.008571428571428572,0.6666666666666666,0.01692524682651622,expression_summary+fitness_screens+protein_features,median,rank,50,0.0,25,compartment
PM - integral,2,52,22,0.1116751269035533,0.4230769230769231,0.17670682730923698,expression_summary+fitness_screens+protein_features,median,rank,50,0.0,25,compartment
nucleolus,1,16,10,0.007142857142857143,0.625,0.014124293785310734,expression_summary+fitness_screens+protein_features,median,rank,50,0.0,25,compartment
PM - peripheral 2,2,16,2,0.01015228426395939,0.125,0.018779342723004692,expression_summary+fitness_screens+protein_features,median,rank,50,0.0,25,compartment
mitochondrion - soluble,0,99,48,0.05417607223476298,0.48484848484848486,0.09746192893401015,expression_summary+fitness_screens+protein_features,median,rank,50,0.0,25,compartment
mitochondrion - membranes,2,64,16,0.08121827411167512,0.25,0.12260536398467431,expression_summary+fitness_screens+protein_features,median,rank,50,0.0,25,compartment
IMC,2,39,8,0.04060913705583756,0.20512820512820512,0.06779661016949151,expression_summary+fitness_screens+protein_features,median,rank,50,0.0,25,compartment
Golgi,2,52,11,0.06918238993710692,0.21153846153846154,0.10426540284360189,expression_summary+fitness_screens+protein_features,median,rank,50,0.0,60,compartment
cytosol,3,202,133,0.15852205005959474,0.6584158415841584,0.25552353506243997,expression_summary+fitness_screens+protein_features,median,rank,50,0.0,60,compartment
micronemes,2,19,8,0.050314465408805034,0.42105263157894735,0.08988764044943821,expression_summary+fitness_screens+protein_features,median,rank,50,0.0,60,compartment
nucleus - chromatin,0,258,180,0.13323464100666174,0.6976744186046512,0.2237414543194531,expression_summary+fitness_screens+protein_features,median,rank,50,0.0,60,compartment
apicoplast,0,58,41,0.030347890451517395,0.7068965517241379,0.0581973030518098,expression_summary+fitness_screens+protein_features,median,rank,50,0.0,60,compartment
dense granules,2,62,11,0.06918238993710692,0.1774193548387097,0.0995475113122172,expression_summary+fitness_screens+protein_features,median,rank,50,0.0,60,compartment
nucleus - non-chromatin,3,166,87,0.10369487485101311,0.5240963855421686,0.17313432835820897,expression_summary+fitness_screens+protein_features,median,rank,50,0.0,60,compartment
rhoptries 1,3,20,12,0.014302741358760428,0.6,0.027939464493597202,expression_summary+fitness_screens+protein_features,median,rank,50,0.0,60,compartment
ER,2,77,27,0.16981132075471697,0.35064935064935066,0.2288135593220339,expression_summary+fitness_screens+protein_features,median,rank,50,0.0,60,compartment
apical 1,0,16,10,0.007401924500370096,0.625,0.014630577907827357,expression_summary+fitness_screens+protein_features,median,rank,50,0.0,60,compartment
PM - integral,2,49,20,0.12578616352201258,0.40816326530612246,0.19230769230769232,expression_summary+fitness_screens+protein_features,median,rank,50,0.0,60,compartment
nucleolus,0,15,10,0.007401924500370096,0.6666666666666666,0.014641288433382136,expression_summary+fitness_screens+protein_features,median,rank,50,0.0,60,compartment
PM - peripheral 2,2,16,2,0.012578616352201259,0.125,0.022857142857142857,expression_summary+fitness_screens+protein_features,median,rank,50,0.0,60,compartment
mitochondrion - soluble,3,99,47,0.05601907032181168,0.47474747474747475,0.10021321961620468,expression_summary+fitness_screens+protein_features,median,rank,50,0.0,60,compartment
mitochondrion - membranes,2,62,15,0.09433962264150944,0.24193548387096775,0.13574660633484165,expression_summary+fitness_screens+protein_features,median,rank,50,0.0,60,compartment
IMC,3,36,24,0.028605482717520857,0.6666666666666666,0.05485714285714286,expression_summary+fitness_screens+protein_features,median,rank,50,0.0,60,compartment
Golgi,4,38,27,0.02738336713995943,0.7105263157894737,0.052734375,expression_summary+fitness_screens+protein_features,median,rank,50,0.25,25,compartment
cytosol,0,169,123,0.16248348745046234,0.727810650887574,0.26565874730021594,expression_summary+fitness_screens+protein_features,median,rank,50,0.25,25,compartment
nucleus - chromatin,4,210,137,0.1389452332657201,0.6523809523809524,0.2290969899665552,expression_summary+fitness_screens+protein_features,median,rank,50,0.25,25,compartment
apicoplast,4,48,32,0.032454361054766734,0.6666666666666666,0.061895551257253385,expression_summary+fitness_screens+protein_features,median,rank,50,0.25,25,compartment
dense granules,2,55,10,0.2857142857142857,0.18181818181818182,0.2222222222222222,expression_summary+fitness_screens+protein_features,median,rank,50,0.25,25,compartment
nucleus - non-chromatin,0,142,84,0.11096433289299867,0.5915492957746479,0.1868743047830923,expression_summary+fitness_screens+protein_features,median,rank,50,0.25,25,compartment
rhoptries 1,5,17,1,0.03225806451612903,0.058823529411764705,0.041666666666666664,expression_summary+fitness_screens+protein_features,median,rank,50,0.25,25,compartment
ER,1,51,7,0.16279069767441862,0.13725490196078433,0.14893617021276598,expression_summary+fitness_screens+protein_features,median,rank,50,0.25,25,compartment
PM - integral,2,28,5,0.14285714285714285,0.17857142857142858,0.15873015873015875,expression_summary+fitness_screens+protein_features,median,rank,50,0.25,25,compartment
mitochondrion - soluble,0,78,41,0.05416116248348745,0.5256410256410257,0.09820359281437126,expression_summary+fitness_screens+protein_features,median,rank,50,0.25,25,compartment
mitochondrion - membranes,1,45,6,0.13953488372093023,0.13333333333333333,0.13636363636363635,expression_summary+fitness_screens+protein_features,median,rank,50,0.25,25,compartment
IMC,2,28,2,0.05714285714285714,0.07142857142857142,0.06349206349206349,expression_summary+fitness_screens+protein_features,median,rank,50,0.25,25,compartment
Golgi,0,36,29,0.02971311475409836,0.8055555555555556,0.05731225296442687,expression_summary+fitness_screens+protein_features,median,rank,50,0.25,60,compartment
cytosol,1,159,118,0.18153846153846154,0.7421383647798742,0.29171817058096416,expression_summary+fitness_screens+protein_features,median,rank,50,0.25,60,compartment
nucleus - chromatin,0,207,141,0.1444672131147541,0.6811594202898551,0.23837700760777686,expression_summary+fitness_screens+protein_features,median,rank,50,0.25,60,compartment
apicoplast,0,47,31,0.031762295081967214,0.6595744680851063,0.06060606060606061,expression_summary+fitness_screens+protein_features,median,rank,50,0.25,60,compartment
dense granules,1,31,15,0.023076923076923078,0.4838709677419355,0.04405286343612335,expression_summary+fitness_screens+protein_features,median,rank,50,0.25,60,compartment
nucleus - non-chromatin,1,129,78,0.12,0.6046511627906976,0.20025673940949934,expression_summary+fitness_screens+protein_features,median,rank,50,0.25,60,compartment
ER,0,37,30,0.030737704918032786,0.8108108108108109,0.059230009871668314,expression_summary+fitness_screens+protein_features,median,rank,50,0.25,60,compartment
PM - integral,0,16,12,0.012295081967213115,0.75,0.024193548387096774,expression_summary+fitness_screens+protein_features,median,rank,50,0.25,60,compartment
mitochondrion - soluble,1,71,37,0.05692307692307692,0.5211267605633803,0.10263522884882108,expression_summary+fitness_screens+protein_features,median,rank,50,0.25,60,compartment
mitochondrion - membranes,1,36,25,0.038461538461538464,0.6944444444444444,0.07288629737609331,expression_summary+fitness_screens+protein_features,median,rank,50,0.25,60,compartment
IMC,1,21,18,0.027692307692307693,0.8571428571428571,0.05365126676602086,expression_summary+fitness_screens+protein_features,median,rank,50,0.25,60,compartment
Golgi,3,62,9,0.036734693877551024,0.14516129032258066,0.05863192182410424,expression_summary+fitness_screens+interactions,median,rank,15,0.0,25,compartment
cytosol,0,215,37,0.30327868852459017,0.17209302325581396,0.2195845697329377,expression_summary+fitness_screens+interactions,median,rank,15,0.0,25,compartment
micronemes,0,20,3,0.02459016393442623,0.15,0.04225352112676056,expression_summary+fitness_screens+interactions,median,rank,15,0.0,25,compartment
nucleus - chromatin,1,273,239,0.0952191235059761,0.8754578754578755,0.17175709665828245,expression_summary+fitness_screens+interactions,median,rank,15,0.0,25,compartment
apicoplast,0,61,4,0.03278688524590164,0.06557377049180328,0.043715846994535526,expression_summary+fitness_screens+interactions,median,rank,15,0.0,25,compartment
dense granules,0,67,7,0.05737704918032787,0.1044776119402985,0.07407407407407407,expression_summary+fitness_screens+interactions,median,rank,15,0.0,25,compartment
nucleus - non-chromatin,0,172,23,0.1885245901639344,0.13372093023255813,0.15646258503401358,expression_summary+fitness_screens+interactions,median,rank,15,0.0,25,compartment
rhoptries 1,0,27,3,0.02459016393442623,0.1111111111111111,0.04026845637583893,expression_summary+fitness_screens+interactions,median,rank,15,0.0,25,compartment
ER,3,92,19,0.07755102040816327,0.20652173913043478,0.11275964391691393,expression_summary+fitness_screens+interactions,median,rank,15,0.0,25,compartment
apical 1,3,21,2,0.00816326530612245,0.09523809523809523,0.015037593984962407,expression_summary+fitness_screens+interactions,median,rank,15,0.0,25,compartment
PM - integral,3,53,15,0.061224489795918366,0.2830188679245283,0.10067114093959731,expression_summary+fitness_screens+interactions,median,rank,15,0.0,25,compartment
nucleolus,3,16,2,0.00816326530612245,0.125,0.015325670498084294,expression_summary+fitness_screens+interactions,median,rank,15,0.0,25,compartment
PM - peripheral 2,0,16,1,0.00819672131147541,0.0625,0.014492753623188408,expression_summary+fitness_screens+interactions,median,rank,15,0.0,25,compartment
mitochondrion - soluble,1,101,88,0.0350597609561753,0.8712871287128713,0.06740712370739181,expression_summary+fitness_screens+interactions,median,rank,15,0.0,25,compartment
mitochondrion - membranes,1,67,59,0.02350597609561753,0.8805970149253731,0.04578967792006209,expression_summary+fitness_screens+interactions,median,rank,15,0.0,25,compartment
IMC,0,42,4,0.03278688524590164,0.09523809523809523,0.04878048780487805,expression_summary+fitness_screens+interactions,median,rank,15,0.0,25,compartment
Golgi,2,62,9,0.024456521739130436,0.14516129032258066,0.04186046511627907,expression_summary+fitness_screens+interactions,median,rank,15,0.0,60,compartment
cytosol,0,215,37,0.30327868852459017,0.17209302325581396,0.2195845697329377,expression_summary+fitness_screens+interactions,median,rank,15,0.0,60,compartment
micronemes,0,20,3,0.02459016393442623,0.15,0.04225352112676056,expression_summary+fitness_screens+interactions,median,rank,15,0.0,60,compartment
nucleus - chromatin,1,273,239,0.09525707453168593,0.8754578754578755,0.17181883537023723,expression_summary+fitness_screens+interactions,median,rank,15,0.0,60,compartment
apicoplast,0,61,4,0.03278688524590164,0.06557377049180328,0.043715846994535526,expression_summary+fitness_screens+interactions,median,rank,15,0.0,60,compartment
dense granules,0,68,7,0.05737704918032787,0.10294117647058823,0.0736842105263158,expression_summary+fitness_screens+interactions,median,rank,15,0.0,60,compartment
nucleus - non-chromatin,0,172,23,0.1885245901639344,0.13372093023255813,0.15646258503401358,expression_summary+fitness_screens+interactions,median,rank,15,0.0,60,compartment
rhoptries 1,0,27,3,0.02459016393442623,0.1111111111111111,0.04026845637583893,expression_summary+fitness_screens+interactions,median,rank,15,0.0,60,compartment
ER,2,92,19,0.051630434782608696,0.20652173913043478,0.08260869565217392,expression_summary+fitness_screens+interactions,median,rank,15,0.0,60,compartment
apical 1,1,21,19,0.00757273814268633,0.9047619047619048,0.015019762845849804,expression_summary+fitness_screens+interactions,median,rank,15,0.0,60,compartment
PM - integral,2,53,16,0.043478260869565216,0.3018867924528302,0.07600950118764845,expression_summary+fitness_screens+interactions,median,rank,15,0.0,60,compartment
nucleolus,1,16,14,0.005579912315663611,0.875,0.011089108910891089,expression_summary+fitness_screens+interactions,median,rank,15,0.0,60,compartment
PM - peripheral 2,0,16,1,0.00819672131147541,0.0625,0.014492753623188408,expression_summary+fitness_screens+interactions,median,rank,15,0.0,60,compartment
mitochondrion - soluble,1,101,88,0.03507373455559984,0.8712871287128713,0.06743295019157088,expression_summary+fitness_screens+interactions,median,rank,15,0.0,60,compartment
mitochondrion - membranes,1,67,59,0.023515344758868077,0.8805970149253731,0.04580745341614907,expression_summary+fitness_screens+interactions,median,rank,15,0.0,60,compartment
IMC,0,42,4,0.03278688524590164,0.09523809523809523,0.04878048780487805,expression_summary+fitness_screens+interactions,median,rank,15,0.0,60,compartment
PM - peripheral 1,0,15,5,0.040983606557377046,0.3333333333333333,0.072992700729927,expression_summary+fitness_screens+interactions,median,rank,15,0.0,60,compartment
Golgi,2,46,7,0.031818181818181815,0.15217391304347827,0.05263157894736842,expression_summary+fitness_screens+interactions,median,rank,15,0.25,25,compartment
cytosol,0,179,37,0.30833333333333335,0.20670391061452514,0.24749163879598662,expression_summary+fitness_screens+interactions,median,rank,15,0.25,25,compartment
nucleus - chromatin,4,221,159,0.11157894736842106,0.7194570135746606,0.19319562575941673,expression_summary+fitness_screens+interactions,median,rank,15,0.25,25,compartment
apicoplast,4,50,37,0.025964912280701753,0.74,0.05016949152542373,expression_summary+fitness_screens+interactions,median,rank,15,0.25,25,compartment
dense granules,0,51,7,0.058333333333333334,0.13725490196078433,0.08187134502923976,expression_summary+fitness_screens+interactions,median,rank,15,0.25,25,compartment
nucleus - non-chromatin,0,138,23,0.19166666666666668,0.16666666666666666,0.17829457364341084,expression_summary+fitness_screens+interactions,median,rank,15,0.25,25,compartment
rhoptries 1,5,21,3,0.0297029702970297,0.14285714285714285,0.04918032786885246,expression_summary+fitness_screens+interactions,median,rank,15,0.25,25,compartment
ER,2,79,19,0.08636363636363636,0.24050632911392406,0.12709030100334448,expression_summary+fitness_screens+interactions,median,rank,15,0.25,25,compartment
apical 1,2,15,2,0.00909090909090909,0.13333333333333333,0.01702127659574468,expression_summary+fitness_screens+interactions,median,rank,15,0.25,25,compartment
PM - integral,2,48,14,0.06363636363636363,0.2916666666666667,0.10447761194029849,expression_summary+fitness_screens+interactions,median,rank,15,0.25,25,compartment
mitochondrion - soluble,3,76,21,0.05660377358490566,0.27631578947368424,0.09395973154362416,expression_summary+fitness_screens+interactions,median,rank,15,0.25,25,compartment
mitochondrion - membranes,5,53,9,0.0891089108910891,0.16981132075471697,0.11688311688311688,expression_summary+fitness_screens+interactions,median,rank,15,0.25,25,compartment
IMC,5,32,8,0.07920792079207921,0.25,0.12030075187969924,expression_summary+fitness_screens+interactions,median,rank,15,0.25,25,compartment
Golgi,3,53,6,0.031088082901554404,0.11320754716981132,0.04878048780487805,expression_summary+fitness_screens+interactions,median,rank,15,0.25,60,compartment
cytosol,1,192,36,0.3050847457627119,0.1875,0.23225806451612901,expression_summary+fitness_screens+interactions,median,rank,15,0.25,60,compartment
micronemes,1,16,3,0.025423728813559324,0.1875,0.04477611940298508,expression_summary+fitness_screens+interactions,median,rank,15,0.25,60,compartment
nucleus - chromatin,0,254,227,0.10220621341737957,0.8937007874015748,0.18343434343434345,expression_summary+fitness_screens+interactions,median,rank,15,0.25,60,compartment
apicoplast,1,54,4,0.03389830508474576,0.07407407407407407,0.046511627906976744,expression_summary+fitness_screens+interactions,median,rank,15,0.25,60,compartment
dense granules,1,57,7,0.059322033898305086,0.12280701754385964,0.08,expression_summary+fitness_screens+interactions,median,rank,15,0.25,60,compartment
nucleus - non-chromatin,1,159,23,0.19491525423728814,0.14465408805031446,0.16606498194945848,expression_summary+fitness_screens+interactions,median,rank,15,0.25,60,compartment
rhoptries 1,1,25,3,0.025423728813559324,0.12,0.04195804195804197,expression_summary+fitness_screens+interactions,median,rank,15,0.25,60,compartment
ER,3,79,16,0.08290155440414508,0.20253164556962025,0.11764705882352941,expression_summary+fitness_screens+interactions,median,rank,15,0.25,60,compartment
apical 1,3,21,2,0.010362694300518135,0.09523809523809523,0.01869158878504673,expression_summary+fitness_screens+interactions,median,rank,15,0.25,60,compartment
PM - integral,3,45,11,0.05699481865284974,0.24444444444444444,0.09243697478991596,expression_summary+fitness_screens+interactions,median,rank,15,0.25,60,compartment
PM - peripheral 2,1,16,1,0.00847457627118644,0.0625,0.014925373134328358,expression_summary+fitness_screens+interactions,median,rank,15,0.25,60,compartment
mitochondrion - soluble,0,91,80,0.03601981089599279,0.8791208791208791,0.06920415224913494,expression_summary+fitness_screens+interactions,median,rank,15,0.25,60,compartment
mitochondrion - membranes,0,59,52,0.02341287708239532,0.8813559322033898,0.045614035087719294,expression_summary+fitness_screens+interactions,median,rank,15,0.25,60,compartment
IMC,3,34,6,0.031088082901554404,0.17647058823529413,0.05286343612334801,expression_summary+fitness_screens+interactions,median,rank,15,0.25,60,compartment
Golgi,0,53,9,0.037037037037037035,0.16981132075471697,0.06081081081081081,expression_summary+fitness_screens+interactions,median,rank,50,0.0,25,compartment
cytosol,3,199,37,0.29838709677419356,0.18592964824120603,0.22910216718266257,expression_summary+fitness_screens+interactions,median,rank,50,0.0,25,compartment
micronemes,3,16,3,0.024193548387096774,0.1875,0.04285714285714285,expression_summary+fitness_screens+interactions,median,rank,50,0.0,25,compartment
nucleus - chromatin,5,247,173,0.13557993730407525,0.7004048582995951,0.2271831910702561,expression_summary+fitness_screens+interactions,median,rank,50,0.0,25,compartment
apicoplast,5,56,41,0.03213166144200627,0.7321428571428571,0.06156156156156156,expression_summary+fitness_screens+interactions,median,rank,50,0.0,25,compartment
dense granules,3,60,7,0.056451612903225805,0.11666666666666667,0.07608695652173912,expression_summary+fitness_screens+interactions,median,rank,50,0.0,25,compartment
nucleus - non-chromatin,3,162,24,0.1935483870967742,0.14814814814814814,0.1678321678321678,expression_summary+fitness_screens+interactions,median,rank,50,0.0,25,compartment
rhoptries 1,2,24,4,0.027586206896551724,0.16666666666666666,0.047337278106508875,expression_summary+fitness_screens+interactions,median,rank,50,0.0,25,compartment
ER,0,83,19,0.07818930041152264,0.2289156626506024,0.11656441717791412,expression_summary+fitness_screens+interactions,median,rank,50,0.0,25,compartment
apical 1,5,18,13,0.01018808777429467,0.7222222222222222,0.020092735703245747,expression_summary+fitness_screens+interactions,median,rank,50,0.0,25,compartment
PM - integral,0,51,15,0.06172839506172839,0.29411764705882354,0.10204081632653061,expression_summary+fitness_screens+interactions,median,rank,50,0.0,25,compartment
mitochondrion - soluble,4,90,25,0.052854122621564484,0.2777777777777778,0.08880994671403197,expression_summary+fitness_screens+interactions,median,rank,50,0.0,25,compartment
mitochondrion - membranes,2,61,11,0.07586206896551724,0.18032786885245902,0.10679611650485436,expression_summary+fitness_screens+interactions,median,rank,50,0.0,25,compartment
IMC,2,34,10,0.06896551724137931,0.29411764705882354,0.111731843575419,expression_summary+fitness_screens+interactions,median,rank,50,0.0,25,compartment
PM - peripheral 1,1,15,8,0.08,0.5333333333333333,0.1391304347826087,expression_summary+fitness_screens+interactions,median,rank,50,0.0,25,compartment
Golgi,0,47,9,0.025787965616045846,0.19148936170212766,0.045454545454545456,expression_summary+fitness_screens+interactions,median,rank,50,0.0,60,compartment
cytosol,2,184,37,0.3008130081300813,0.20108695652173914,0.24104234527687296,expression_summary+fitness_screens+interactions,median,rank,50,0.0,60,compartment
micronemes,2,15,3,0.024390243902439025,0.2,0.04347826086956522,expression_summary+fitness_screens+interactions,median,rank,50,0.0,60,compartment
nucleus - chromatin,4,233,161,0.1412280701754386,0.6909871244635193,0.23452294246176256,expression_summary+fitness_screens+interactions,median,rank,50,0.0,60,compartment
apicoplast,4,50,35,0.03070175438596491,0.7,0.058823529411764705,expression_summary+fitness_screens+interactions,median,rank,50,0.0,60,compartment
dense granules,2,53,7,0.056910569105691054,0.1320754716981132,0.07954545454545453,expression_summary+fitness_screens+interactions,median,rank,50,0.0,60,compartment
nucleus - non-chromatin,2,150,24,0.1951219512195122,0.16,0.17582417582417587,expression_summary+fitness_screens+interactions,median,rank,50,0.0,60,compartment
rhoptries 1,1,20,4,0.02877697841726619,0.2,0.05031446540880504,expression_summary+fitness_screens+interactions,median,rank,50,0.0,60,compartment
ER,0,78,19,0.054441260744985676,0.24358974358974358,0.08899297423887587,expression_summary+fitness_screens+interactions,median,rank,50,0.0,60,compartment
apical 1,4,17,12,0.010526315789473684,0.7058823529411765,0.020743301642178046,expression_summary+fitness_screens+interactions,median,rank,50,0.0,60,compartment
PM - integral,0,50,16,0.045845272206303724,0.32,0.08020050125313283,expression_summary+fitness_screens+interactions,median,rank,50,0.0,60,compartment
nucleolus,4,15,11,0.009649122807017544,0.7333333333333333,0.019047619047619046,expression_summary+fitness_screens+interactions,median,rank,50,0.0,60,compartment
mitochondrion - soluble,3,83,24,0.056074766355140186,0.2891566265060241,0.09393346379647748,expression_summary+fitness_screens+interactions,median,rank,50,0.0,60,compartment
mitochondrion - membranes,1,61,11,0.07913669064748201,0.18032786885245902,0.11,expression_summary+fitness_screens+interactions,median,rank,50,0.0,60,compartment
IMC,1,32,10,0.07194244604316546,0.3125,0.11695906432748537,expression_summary+fitness_screens+interactions,median,rank,50,0.0,60,compartment
PM - peripheral 1,2,15,5,0.04065040650406504,0.3333333333333333,0.07246376811594203,expression_summary+fitness_screens+interactions,median,rank,50,0.0,60,compartment
Golgi,5,42,26,0.025490196078431372,0.6190476190476191,0.04896421845574388,expression_summary+fitness_screens+interactions,median,rank,50,0.25,25,compartment
nucleus - chromatin,5,206,147,0.14411764705882352,0.7135922330097088,0.23980424143556278,expression_summary+fitness_screens+interactions,median,rank,50,0.25,25,compartment
apicoplast,5,39,30,0.029411764705882353,0.7692307692307693,0.05665722379603399,expression_summary+fitness_screens+interactions,median,rank,50,0.25,25,compartment
dense granules,3,49,7,0.06086956521739131,0.14285714285714285,0.08536585365853659,expression_summary+fitness_screens+interactions,median,rank,50,0.25,25,compartment
nucleus - non-chromatin,3,129,23,0.2,0.17829457364341086,0.18852459016393444,expression_summary+fitness_screens+interactions,median,rank,50,0.25,25,compartment
rhoptries 1,2,18,3,0.03488372093023256,0.16666666666666666,0.057692307692307696,expression_summary+fitness_screens+interactions,median,rank,50,0.25,25,compartment
ER,0,67,18,0.08333333333333333,0.26865671641791045,0.127208480565371,expression_summary+fitness_screens+interactions,median,rank,50,0.25,25,compartment
cytosol,3,160,35,0.30434782608695654,0.21875,0.2545454545454546,expression_summary+fitness_screens+interactions,median,rank,50,0.25,25,compartment
PM - integral,0,39,13,0.06018518518518518,0.3333333333333333,0.10196078431372549,expression_summary+fitness_screens+interactions,median,rank,50,0.25,25,compartment
mitochondrion - soluble,4,64,20,0.06289308176100629,0.3125,0.10471204188481675,expression_summary+fitness_screens+interactions,median,rank,50,0.25,25,compartment
mitochondrion - membranes,2,46,9,0.10465116279069768,0.1956521739130435,0.13636363636363635,expression_summary+fitness_screens+interactions,median,rank,50,0.25,25,compartment
IMC,2,28,8,0.09302325581395349,0.2857142857142857,0.14035087719298245,expression_summary+fitness_screens+interactions,median,rank,50,0.25,25,compartment
Golgi,1,29,5,0.027932960893854747,0.1724137931034483,0.04807692307692307,expression_summary+fitness_screens+interactions,median,rank,50,0.25,60,compartment
cytosol,2,121,32,0.2962962962962963,0.2644628099173554,0.2794759825327511,expression_summary+fitness_screens+interactions,median,rank,50,0.25,60,compartment
nucleus - chromatin,5,175,129,0.1537544696066746,0.7371428571428571,0.25443786982248523,expression_summary+fitness_screens+interactions,median,rank,50,0.25,60,compartment
apicoplast,5,37,27,0.03218116805721097,0.7297297297297297,0.06164383561643837,expression_summary+fitness_screens+interactions,median,rank,50,0.25,60,compartment
dense granules,3,38,5,0.07575757575757576,0.13157894736842105,0.09615384615384616,expression_summary+fitness_screens+interactions,median,rank,50,0.25,60,compartment
nucleus - non-chromatin,2,100,24,0.2222222222222222,0.24,0.23076923076923075,expression_summary+fitness_screens+interactions,median,rank,50,0.25,60,compartment
ER,1,55,16,0.0893854748603352,0.2909090909090909,0.13675213675213677,expression_summary+fitness_screens+interactions,median,rank,50,0.25,60,compartment
PM - integral,1,31,11,0.061452513966480445,0.3548387096774194,0.10476190476190476,expression_summary+fitness_screens+interactions,median,rank,50,0.25,60,compartment
mitochondrion - soluble,4,51,13,0.055793991416309016,0.2549019607843137,0.09154929577464789,expression_summary+fitness_screens+interactions,median,rank,50,0.25,60,compartment
IMC,3,25,6,0.09090909090909091,0.24,0.13186813186813184,expression_summary+fitness_screens+interactions,median,rank,50,0.25,60,compartment
mitochondrion - membranes,3,36,7,0.10606060606060606,0.19444444444444445,0.13725490196078433,expression_summary+fitness_screens+interactions,median,rank,50,0.25,60,compartment
Golgi,0,62,41,0.028140013726835965,0.6612903225806451,0.05398288347597103,expression_summary+published_screens+protein_features,median,rank,15,0.0,25,compartment
cytosol,1,215,129,0.08360337005832794,0.6,0.1467576791808874,expression_summary+published_screens+protein_features,median,rank,15,0.0,25,compartment
micronemes,1,20,12,0.007777057679844459,0.6,0.015355086372360846,expression_summary+published_screens+protein_features,median,rank,15,0.0,25,compartment
nucleus - chromatin,0,273,193,0.13246396705559368,0.706959706959707,0.223121387283237,expression_summary+published_screens+protein_features,median,rank,15,0.0,25,compartment
apicoplast,0,61,45,0.03088538091969801,0.7377049180327869,0.059288537549407105,expression_summary+published_screens+protein_features,median,rank,15,0.0,25,compartment
dense granules,0,68,34,0.023335621139327384,0.5,0.044590163934426226,expression_summary+published_screens+protein_features,median,rank,15,0.0,25,compartment
nucleus - non-chromatin,0,172,85,0.05833905284831846,0.4941860465116279,0.10435850214855741,expression_summary+published_screens+protein_features,median,rank,15,0.0,25,compartment
rhoptries 1,0,27,15,0.01029512697323267,0.5555555555555556,0.020215633423180595,expression_summary+published_screens+protein_features,median,rank,15,0.0,25,compartment
ER,1,92,53,0.034348671419313026,0.5760869565217391,0.06483180428134556,expression_summary+published_screens+protein_features,median,rank,15,0.0,25,compartment
apical 1,0,21,16,0.01098146877144818,0.7619047619047619,0.021650879566982407,expression_summary+published_screens+protein_features,median,rank,15,0.0,25,compartment
PM - integral,1,53,33,0.02138690861957226,0.6226415094339622,0.041353383458646614,expression_summary+published_screens+protein_features,median,rank,15,0.0,25,compartment
nucleolus,0,16,10,0.0068634179821551134,0.625,0.013577732518669384,expression_summary+published_screens+protein_features,median,rank,15,0.0,25,compartment
PM - peripheral 2,0,16,12,0.008236101578586136,0.75,0.01629327902240326,expression_summary+published_screens+protein_features,median,rank,15,0.0,25,compartment
mitochondrion - soluble,1,101,53,0.034348671419313026,0.5247524752475248,0.06447688564476885,expression_summary+published_screens+protein_features,median,rank,15,0.0,25,compartment
mitochondrion - membranes,1,67,46,0.029812054439403757,0.6865671641791045,0.05714285714285714,expression_summary+published_screens+protein_features,median,rank,15,0.0,25,compartment
IMC,1,42,31,0.020090732339598186,0.7380952380952381,0.039116719242902206,expression_summary+published_screens+protein_features,median,rank,15,0.0,25,compartment
PM - peripheral 1,1,15,15,0.009721322099805573,1.0,0.01925545571245186,expression_summary+published_screens+protein_features,median,rank,15,0.0,25,compartment
Golgi,0,62,41,0.028140013726835965,0.6612903225806451,0.05398288347597103,expression_summary+published_screens+protein_features,median,rank,15,0.0,60,compartment
cytosol,1,215,129,0.08360337005832794,0.6,0.1467576791808874,expression_summary+published_screens+protein_features,median,rank,15,0.0,60,compartment
micronemes,1,20,12,0.007777057679844459,0.6,0.015355086372360846,expression_summary+published_screens+protein_features,median,rank,15,0.0,60,compartment
nucleus - chromatin,0,273,193,0.13246396705559368,0.706959706959707,0.223121387283237,expression_summary+published_screens+protein_features,median,rank,15,0.0,60,compartment
apicoplast,0,61,45,0.03088538091969801,0.7377049180327869,0.059288537549407105,expression_summary+published_screens+protein_features,median,rank,15,0.0,60,compartment
dense granules,0,68,34,0.023335621139327384,0.5,0.044590163934426226,expression_summary+published_screens+protein_features,median,rank,15,0.0,60,compartment
nucleus - non-chromatin,0,172,85,0.05833905284831846,0.4941860465116279,0.10435850214855741,expression_summary+published_screens+protein_features,median,rank,15,0.0,60,compartment
rhoptries 1,0,27,15,0.01029512697323267,0.5555555555555556,0.020215633423180595,expression_summary+published_screens+protein_features,median,rank,15,0.0,60,compartment
ER,1,92,53,0.034348671419313026,0.5760869565217391,0.06483180428134556,expression_summary+published_screens+protein_features,median,rank,15,0.0,60,compartment
apical 1,0,21,16,0.01098146877144818,0.7619047619047619,0.021650879566982407,expression_summary+published_screens+protein_features,median,rank,15,0.0,60,compartment
PM - integral,1,53,33,0.02138690861957226,0.6226415094339622,0.041353383458646614,expression_summary+published_screens+protein_features,median,rank,15,0.0,60,compartment
nucleolus,0,16,10,0.0068634179821551134,0.625,0.013577732518669384,expression_summary+published_screens+protein_features,median,rank,15,0.0,60,compartment
PM - peripheral 2,0,16,12,0.008236101578586136,0.75,0.01629327902240326,expression_summary+published_screens+protein_features,median,rank,15,0.0,60,compartment
mitochondrion - soluble,1,101,53,0.034348671419313026,0.5247524752475248,0.06447688564476885,expression_summary+published_screens+protein_features,median,rank,15,0.0,60,compartment
mitochondrion - membranes,1,67,46,0.029812054439403757,0.6865671641791045,0.05714285714285714,expression_summary+published_screens+protein_features,median,rank,15,0.0,60,compartment
IMC,1,42,31,0.020090732339598186,0.7380952380952381,0.039116719242902206,expression_summary+published_screens+protein_features,median,rank,15,0.0,60,compartment
PM - peripheral 1,1,15,15,0.009721322099805573,1.0,0.01925545571245186,expression_summary+published_screens+protein_features,median,rank,15,0.0,60,compartment
Golgi,0,62,41,0.02796725784447476,0.6612903225806451,0.05366492146596859,expression_summary+published_screens+protein_features,median,rank,15,0.25,25,compartment
cytosol,1,215,129,0.08409387222946545,0.6,0.14751286449399656,expression_summary+published_screens+protein_features,median,rank,15,0.25,25,compartment
micronemes,1,20,11,0.007170795306388526,0.55,0.014157014157014156,expression_summary+published_screens+protein_features,median,rank,15,0.25,25,compartment
nucleus - chromatin,0,273,193,0.13165075034106413,0.706959706959707,0.2219666474985624,expression_summary+published_screens+protein_features,median,rank,15,0.25,25,compartment
apicoplast,0,61,45,0.030695770804911322,0.7377049180327869,0.058939096267190565,expression_summary+published_screens+protein_features,median,rank,15,0.25,25,compartment
dense granules,0,68,35,0.023874488403819918,0.5147058823529411,0.04563233376792699,expression_summary+published_screens+protein_features,median,rank,15,0.25,25,compartment
nucleus - non-chromatin,0,172,85,0.05798090040927694,0.4941860465116279,0.10378510378510378,expression_summary+published_screens+protein_features,median,rank,15,0.25,25,compartment
rhoptries 1,0,27,15,0.010231923601637109,0.5555555555555556,0.020093770931011386,expression_summary+published_screens+protein_features,median,rank,15,0.25,25,compartment
ER,1,92,53,0.03455019556714472,0.5760869565217391,0.06519065190651907,expression_summary+published_screens+protein_features,median,rank,15,0.25,25,compartment
apical 1,0,21,16,0.010914051841746248,0.7619047619047619,0.021519838601210494,expression_summary+published_screens+protein_features,median,rank,15,0.25,25,compartment
PM - integral,1,53,33,0.02151238591916558,0.6226415094339622,0.041587901701323246,expression_summary+published_screens+protein_features,median,rank,15,0.25,25,compartment
nucleolus,0,16,10,0.0068212824010914054,0.625,0.01349527665317139,expression_summary+published_screens+protein_features,median,rank,15,0.25,25,compartment
PM - peripheral 2,0,16,12,0.008185538881309686,0.75,0.016194331983805668,expression_summary+published_screens+protein_features,median,rank,15,0.25,25,compartment
mitochondrion - soluble,1,101,53,0.03455019556714472,0.5247524752475248,0.06483180428134556,expression_summary+published_screens+protein_features,median,rank,15,0.25,25,compartment
mitochondrion - membranes,1,67,46,0.02998696219035202,0.6865671641791045,0.05746408494690819,expression_summary+published_screens+protein_features,median,rank,15,0.25,25,compartment
IMC,1,42,31,0.020208604954367666,0.7380952380952381,0.03934010152284264,expression_summary+published_screens+protein_features,median,rank,15,0.25,25,compartment
PM - peripheral 1,1,15,15,0.009778357235984355,1.0,0.019367333763718526,expression_summary+published_screens+protein_features,median,rank,15,0.25,25,compartment
Golgi,0,62,41,0.02796725784447476,0.6612903225806451,0.05366492146596859,expression_summary+published_screens+protein_features,median,rank,15,0.25,60,compartment
cytosol,1,215,129,0.08409387222946545,0.6,0.14751286449399656,expression_summary+published_screens+protein_features,median,rank,15,0.25,60,compartment
micronemes,1,20,11,0.007170795306388526,0.55,0.014157014157014156,expression_summary+published_screens+protein_features,median,rank,15,0.25,60,compartment
nucleus - chromatin,0,273,193,0.13165075034106413,0.706959706959707,0.2219666474985624,expression_summary+published_screens+protein_features,median,rank,15,0.25,60,compartment
apicoplast,0,61,45,0.030695770804911322,0.7377049180327869,0.058939096267190565,expression_summary+published_screens+protein_features,median,rank,15,0.25,60,compartment
dense granules,0,68,35,0.023874488403819918,0.5147058823529411,0.04563233376792699,expression_summary+published_screens+protein_features,median,rank,15,0.25,60,compartment
nucleus - non-chromatin,0,172,85,0.05798090040927694,0.4941860465116279,0.10378510378510378,expression_summary+published_screens+protein_features,median,rank,15,0.25,60,compartment
rhoptries 1,0,27,15,0.010231923601637109,0.5555555555555556,0.020093770931011386,expression_summary+published_screens+protein_features,median,rank,15,0.25,60,compartment
ER,1,92,53,0.03455019556714472,0.5760869565217391,0.06519065190651907,expression_summary+published_screens+protein_features,median,rank,15,0.25,60,compartment
apical 1,0,21,16,0.010914051841746248,0.7619047619047619,0.021519838601210494,expression_summary+published_screens+protein_features,median,rank,15,0.25,60,compartment
PM - integral,1,53,33,0.02151238591916558,0.6226415094339622,0.041587901701323246,expression_summary+published_screens+protein_features,median,rank,15,0.25,60,compartment
nucleolus,0,16,10,0.0068212824010914054,0.625,0.01349527665317139,expression_summary+published_screens+protein_features,median,rank,15,0.25,60,compartment
PM - peripheral 2,0,16,12,0.008185538881309686,0.75,0.016194331983805668,expression_summary+published_screens+protein_features,median,rank,15,0.25,60,compartment
mitochondrion - soluble,1,101,53,0.03455019556714472,0.5247524752475248,0.06483180428134556,expression_summary+published_screens+protein_features,median,rank,15,0.25,60,compartment
mitochondrion - membranes,1,67,46,0.02998696219035202,0.6865671641791045,0.05746408494690819,expression_summary+published_screens+protein_features,median,rank,15,0.25,60,compartment
IMC,1,42,31,0.020208604954367666,0.7380952380952381,0.03934010152284264,expression_summary+published_screens+protein_features,median,rank,15,0.25,60,compartment
PM - peripheral 1,1,15,15,0.009778357235984355,1.0,0.019367333763718526,expression_summary+published_screens+protein_features,median,rank,15,0.25,60,compartment
Golgi,0,62,41,0.028082191780821917,0.6612903225806451,0.05387647831800262,expression_summary+published_screens+protein_features,median,rank,50,0.0,25,compartment
cytosol,1,215,129,0.08376623376623377,0.6,0.147008547008547,expression_summary+published_screens+protein_features,median,rank,50,0.0,25,compartment
micronemes,1,20,12,0.007792207792207792,0.6,0.015384615384615385,expression_summary+published_screens+protein_features,median,rank,50,0.0,25,compartment
nucleus - chromatin,0,273,194,0.13287671232876713,0.7106227106227107,0.22388920946335836,expression_summary+published_screens+protein_features,median,rank,50,0.0,25,compartment
apicoplast,0,61,45,0.030821917808219176,0.7377049180327869,0.05917159763313609,expression_summary+published_screens+protein_features,median,rank,50,0.0,25,compartment
dense granules,0,68,34,0.023287671232876714,0.5,0.044502617801047126,expression_summary+published_screens+protein_features,median,rank,50,0.0,25,compartment
nucleus - non-chromatin,0,172,85,0.05821917808219178,0.4941860465116279,0.10416666666666666,expression_summary+published_screens+protein_features,median,rank,50,0.0,25,compartment
rhoptries 1,0,27,15,0.010273972602739725,0.5555555555555556,0.020174848688634832,expression_summary+published_screens+protein_features,median,rank,50,0.0,25,compartment
ER,1,92,53,0.03441558441558441,0.5760869565217391,0.06495098039215685,expression_summary+published_screens+protein_features,median,rank,50,0.0,25,compartment
apical 1,0,21,16,0.010958904109589041,0.7619047619047619,0.02160702228224173,expression_summary+published_screens+protein_features,median,rank,50,0.0,25,compartment
PM - integral,1,53,33,0.02142857142857143,0.6226415094339622,0.04143126177024482,expression_summary+published_screens+protein_features,median,rank,50,0.0,25,compartment
nucleolus,0,16,10,0.00684931506849315,0.625,0.013550135501355013,expression_summary+published_screens+protein_features,median,rank,50,0.0,25,compartment
PM - peripheral 2,0,16,12,0.00821917808219178,0.75,0.016260162601626015,expression_summary+published_screens+protein_features,median,rank,50,0.0,25,compartment
mitochondrion - soluble,1,101,53,0.03441558441558441,0.5247524752475248,0.06459475929311395,expression_summary+published_screens+protein_features,median,rank,50,0.0,25,compartment
mitochondrion - membranes,1,67,46,0.02987012987012987,0.6865671641791045,0.05724953329184816,expression_summary+published_screens+protein_features,median,rank,50,0.0,25,compartment
IMC,1,42,31,0.02012987012987013,0.7380952380952381,0.039190897597977246,expression_summary+published_screens+protein_features,median,rank,50,0.0,25,compartment
PM - peripheral 1,1,15,15,0.00974025974025974,1.0,0.019292604501607715,expression_summary+published_screens+protein_features,median,rank,50,0.0,25,compartment
Golgi,0,62,41,0.028082191780821917,0.6612903225806451,0.05387647831800262,expression_summary+published_screens+protein_features,median,rank,50,0.0,60,compartment
cytosol,1,215,129,0.08376623376623377,0.6,0.147008547008547,expression_summary+published_screens+protein_features,median,rank,50,0.0,60,compartment
micronemes,1,20,12,0.007792207792207792,0.6,0.015384615384615385,expression_summary+published_screens+protein_features,median,rank,50,0.0,60,compartment
nucleus - chromatin,0,273,194,0.13287671232876713,0.7106227106227107,0.22388920946335836,expression_summary+published_screens+protein_features,median,rank,50,0.0,60,compartment
apicoplast,0,61,45,0.030821917808219176,0.7377049180327869,0.05917159763313609,expression_summary+published_screens+protein_features,median,rank,50,0.0,60,compartment
dense granules,0,68,34,0.023287671232876714,0.5,0.044502617801047126,expression_summary+published_screens+protein_features,median,rank,50,0.0,60,compartment
nucleus - non-chromatin,0,172,85,0.05821917808219178,0.4941860465116279,0.10416666666666666,expression_summary+published_screens+protein_features,median,rank,50,0.0,60,compartment
rhoptries 1,0,27,15,0.010273972602739725,0.5555555555555556,0.020174848688634832,expression_summary+published_screens+protein_features,median,rank,50,0.0,60,compartment
ER,1,92,53,0.03441558441558441,0.5760869565217391,0.06495098039215685,expression_summary+published_screens+protein_features,median,rank,50,0.0,60,compartment
apical 1,0,21,16,0.010958904109589041,0.7619047619047619,0.02160702228224173,expression_summary+published_screens+protein_features,median,rank,50,0.0,60,compartment
PM - integral,1,53,33,0.02142857142857143,0.6226415094339622,0.04143126177024482,expression_summary+published_screens+protein_features,median,rank,50,0.0,60,compartment
nucleolus,0,16,10,0.00684931506849315,0.625,0.013550135501355013,expression_summary+published_screens+protein_features,median,rank,50,0.0,60,compartment
PM - peripheral 2,0,16,12,0.00821917808219178,0.75,0.016260162601626015,expression_summary+published_screens+protein_features,median,rank,50,0.0,60,compartment
mitochondrion - soluble,1,101,53,0.03441558441558441,0.5247524752475248,0.06459475929311395,expression_summary+published_screens+protein_features,median,rank,50,0.0,60,compartment
mitochondrion - membranes,1,67,46,0.02987012987012987,0.6865671641791045,0.05724953329184816,expression_summary+published_screens+protein_features,median,rank,50,0.0,60,compartment
IMC,1,42,31,0.02012987012987013,0.7380952380952381,0.039190897597977246,expression_summary+published_screens+protein_features,median,rank,50,0.0,60,compartment
PM - peripheral 1,1,15,15,0.00974025974025974,1.0,0.019292604501607715,expression_summary+published_screens+protein_features,median,rank,50,0.0,60,compartment
Golgi,0,62,41,0.028024606971975393,0.6612903225806451,0.05377049180327868,expression_summary+published_screens+protein_features,median,rank,50,0.25,25,compartment
cytosol,1,215,129,0.083984375,0.6,0.1473443746430611,expression_summary+published_screens+protein_features,median,rank,50,0.25,25,compartment
micronemes,1,20,11,0.007161458333333333,0.55,0.014138817480719792,expression_summary+published_screens+protein_features,median,rank,50,0.25,25,compartment
nucleus - chromatin,0,273,194,0.13260423786739575,0.7106227106227107,0.22350230414746544,expression_summary+published_screens+protein_features,median,rank,50,0.25,25,compartment
apicoplast,0,61,45,0.030758714969241284,0.7377049180327869,0.05905511811023621,expression_summary+published_screens+protein_features,median,rank,50,0.25,25,compartment
dense granules,0,68,34,0.02323991797676008,0.5,0.04441541476159373,expression_summary+published_screens+protein_features,median,rank,50,0.25,25,compartment
nucleus - non-chromatin,0,172,85,0.05809979494190021,0.4941860465116279,0.10397553516819572,expression_summary+published_screens+protein_features,median,rank,50,0.25,25,compartment
rhoptries 1,0,27,15,0.010252904989747095,0.5555555555555556,0.020134228187919465,expression_summary+published_screens+protein_features,median,rank,50,0.25,25,compartment
ER,1,92,53,0.034505208333333336,0.5760869565217391,0.06511056511056511,expression_summary+published_screens+protein_features,median,rank,50,0.25,25,compartment
apical 1,0,21,16,0.010936431989063569,0.7619047619047619,0.0215633423180593,expression_summary+published_screens+protein_features,median,rank,50,0.25,25,compartment
PM - integral,1,53,33,0.021484375,0.6226415094339622,0.04153555695405916,expression_summary+published_screens+protein_features,median,rank,50,0.25,25,compartment
nucleolus,0,16,10,0.00683526999316473,0.625,0.013522650439486139,expression_summary+published_screens+protein_features,median,rank,50,0.25,25,compartment
PM - peripheral 2,0,16,12,0.008202323991797676,0.75,0.016227180527383367,expression_summary+published_screens+protein_features,median,rank,50,0.25,25,compartment
mitochondrion - soluble,1,101,53,0.034505208333333336,0.5247524752475248,0.06475259621258399,expression_summary+published_screens+protein_features,median,rank,50,0.25,25,compartment
mitochondrion - membranes,1,67,46,0.029947916666666668,0.6865671641791045,0.057392389270118534,expression_summary+published_screens+protein_features,median,rank,50,0.25,25,compartment
IMC,1,42,31,0.020182291666666668,0.7380952380952381,0.039290240811153364,expression_summary+published_screens+protein_features,median,rank,50,0.25,25,compartment
PM - peripheral 1,1,15,15,0.009765625,1.0,0.019342359767891684,expression_summary+published_screens+protein_features,median,rank,50,0.25,25,compartment
Golgi,0,62,41,0.0280437756497948,0.6612903225806451,0.05380577427821522,expression_summary+published_screens+protein_features,median,rank,50,0.25,60,compartment
cytosol,1,215,129,0.083984375,0.6,0.1473443746430611,expression_summary+published_screens+protein_features,median,rank,50,0.25,60,compartment
micronemes,1,20,11,0.007161458333333333,0.55,0.014138817480719792,expression_summary+published_screens+protein_features,median,rank,50,0.25,60,compartment
nucleus - chromatin,0,273,194,0.1326949384404925,0.7106227106227107,0.22363112391930837,expression_summary+published_screens+protein_features,median,rank,50,0.25,60,compartment
apicoplast,0,61,45,0.030779753761969904,0.7377049180327869,0.059093893630991455,expression_summary+published_screens+protein_features,median,rank,50,0.25,60,compartment
dense granules,0,68,34,0.023255813953488372,0.5,0.04444444444444444,expression_summary+published_screens+protein_features,median,rank,50,0.25,60,compartment
nucleus - non-chromatin,0,172,85,0.05813953488372093,0.4941860465116279,0.10403916768665851,expression_summary+published_screens+protein_features,median,rank,50,0.25,60,compartment
rhoptries 1,0,27,15,0.010259917920656635,0.5555555555555556,0.020147750167897917,expression_summary+published_screens+protein_features,median,rank,50,0.25,60,compartment
ER,1,92,53,0.034505208333333336,0.5760869565217391,0.06511056511056511,expression_summary+published_screens+protein_features,median,rank,50,0.25,60,compartment
apical 1,0,21,16,0.01094391244870041,0.7619047619047619,0.02157788267026298,expression_summary+published_screens+protein_features,median,rank,50,0.25,60,compartment
PM - integral,1,53,33,0.021484375,0.6226415094339622,0.04153555695405916,expression_summary+published_screens+protein_features,median,rank,50,0.25,60,compartment
nucleolus,0,16,10,0.006839945280437756,0.625,0.013531799729364006,expression_summary+published_screens+protein_features,median,rank,50,0.25,60,compartment
PM - peripheral 2,0,16,12,0.008207934336525308,0.75,0.016238159675236806,expression_summary+published_screens+protein_features,median,rank,50,0.25,60,compartment
mitochondrion - soluble,1,101,53,0.034505208333333336,0.5247524752475248,0.06475259621258399,expression_summary+published_screens+protein_features,median,rank,50,0.25,60,compartment
mitochondrion - membranes,1,67,46,0.029947916666666668,0.6865671641791045,0.057392389270118534,expression_summary+published_screens+protein_features,median,rank,50,0.25,60,compartment
IMC,1,42,31,0.020182291666666668,0.7380952380952381,0.039290240811153364,expression_summary+published_screens+protein_features,median,rank,50,0.25,60,compartment
PM - peripheral 1,1,15,15,0.009765625,1.0,0.019342359767891684,expression_summary+published_screens+protein_features,median,rank,50,0.25,60,compartment
Golgi,16,41,3,0.08108108108108109,0.07317073170731707,0.07692307692307691,expression_summary+published_screens+interactions,median,rank,15,0.0,25,compartment
cytosol,1,170,35,0.28688524590163933,0.20588235294117646,0.23972602739726026,expression_summary+published_screens+interactions,median,rank,15,0.0,25,compartment
nucleus - chromatin,15,191,30,0.2158273381294964,0.15706806282722513,0.18181818181818182,expression_summary+published_screens+interactions,median,rank,15,0.0,25,compartment
dense granules,1,57,8,0.06557377049180328,0.14035087719298245,0.08938547486033518,expression_summary+published_screens+interactions,median,rank,15,0.0,25,compartment
nucleus - non-chromatin,1,120,24,0.19672131147540983,0.2,0.19834710743801653,expression_summary+published_screens+interactions,median,rank,15,0.0,25,compartment
ER,7,68,19,0.06291390728476821,0.27941176470588236,0.10270270270270272,expression_summary+published_screens+interactions,median,rank,15,0.0,25,compartment
apicoplast,15,46,11,0.07913669064748201,0.2391304347826087,0.11891891891891891,expression_summary+published_screens+interactions,median,rank,15,0.0,25,compartment
rhoptries 1,18,22,6,0.03488372093023256,0.2727272727272727,0.06185567010309278,expression_summary+published_screens+interactions,median,rank,15,0.0,25,compartment
PM - integral,0,45,17,0.04927536231884058,0.37777777777777777,0.08717948717948719,expression_summary+published_screens+interactions,median,rank,15,0.0,25,compartment
mitochondrion - soluble,7,79,22,0.0728476821192053,0.27848101265822783,0.11548556430446194,expression_summary+published_screens+interactions,median,rank,15,0.0,25,compartment
IMC,13,31,3,0.05172413793103448,0.0967741935483871,0.06741573033707866,expression_summary+published_screens+interactions,median,rank,15,0.0,25,compartment
mitochondrion - membranes,7,50,20,0.06622516556291391,0.4,0.11363636363636365,expression_summary+published_screens+interactions,median,rank,15,0.0,25,compartment
Golgi,2,61,44,0.02753441802252816,0.7213114754098361,0.053044002411091015,expression_summary+published_screens+interactions,median,rank,15,0.0,60,compartment
cytosol,1,207,35,0.28688524590163933,0.16908212560386474,0.2127659574468085,expression_summary+published_screens+interactions,median,rank,15,0.0,60,compartment
micronemes,1,18,2,0.01639344262295082,0.1111111111111111,0.028571428571428574,expression_summary+published_screens+interactions,median,rank,15,0.0,60,compartment
nucleus - chromatin,2,272,206,0.12891113892365458,0.7573529411764706,0.22032085561497328,expression_summary+published_screens+interactions,median,rank,15,0.0,60,compartment
apicoplast,2,60,48,0.030037546933667083,0.8,0.05790108564535585,expression_summary+published_screens+interactions,median,rank,15,0.0,60,compartment
dense granules,1,67,8,0.06557377049180328,0.11940298507462686,0.08465608465608465,expression_summary+published_screens+interactions,median,rank,15,0.0,60,compartment
nucleus - non-chromatin,1,169,24,0.19672131147540983,0.14201183431952663,0.16494845360824742,expression_summary+published_screens+interactions,median,rank,15,0.0,60,compartment
rhoptries 1,1,27,3,0.02459016393442623,0.1111111111111111,0.04026845637583893,expression_summary+published_screens+interactions,median,rank,15,0.0,60,compartment
ER,0,91,20,0.057971014492753624,0.21978021978021978,0.09174311926605505,expression_summary+published_screens+interactions,median,rank,15,0.0,60,compartment
apical 1,2,21,16,0.010012515644555695,0.7619047619047619,0.01976528721432983,expression_summary+published_screens+interactions,median,rank,15,0.0,60,compartment
PM - integral,0,49,17,0.04927536231884058,0.3469387755102041,0.08629441624365483,expression_summary+published_screens+interactions,median,rank,15,0.0,60,compartment
nucleolus,1,16,1,0.00819672131147541,0.0625,0.014492753623188408,expression_summary+published_screens+interactions,median,rank,15,0.0,60,compartment
mitochondrion - soluble,2,100,59,0.036921151439299124,0.59,0.06949352179034159,expression_summary+published_screens+interactions,median,rank,15,0.0,60,compartment
mitochondrion - membranes,4,66,24,0.03125,0.36363636363636365,0.05755395683453238,expression_summary+published_screens+interactions,median,rank,15,0.0,60,compartment
IMC,1,41,5,0.040983606557377046,0.12195121951219512,0.06134969325153374,expression_summary+published_screens+interactions,median,rank,15,0.0,60,compartment
PM - peripheral 1,1,15,5,0.040983606557377046,0.3333333333333333,0.072992700729927,expression_summary+published_screens+interactions,median,rank,15,0.0,60,compartment
Golgi,6,51,6,0.05,0.11764705882352941,0.07017543859649122,expression_summary+published_screens+interactions,median,rank,15,0.25,25,compartment
cytosol,0,185,34,0.2857142857142857,0.1837837837837838,0.2236842105263158,expression_summary+published_screens+interactions,median,rank,15,0.25,25,compartment
micronemes,0,16,2,0.01680672268907563,0.125,0.02962962962962963,expression_summary+published_screens+interactions,median,rank,15,0.25,25,compartment
nucleus - chromatin,5,236,151,0.13955637707948243,0.6398305084745762,0.2291350531107739,expression_summary+published_screens+interactions,median,rank,15,0.25,25,compartment
apicoplast,5,53,33,0.030499075785582256,0.6226415094339622,0.05814977973568282,expression_summary+published_screens+interactions,median,rank,15,0.25,25,compartment
dense granules,0,62,7,0.058823529411764705,0.11290322580645161,0.07734806629834254,expression_summary+published_screens+interactions,median,rank,15,0.25,25,compartment
nucleus - non-chromatin,0,139,24,0.20168067226890757,0.17266187050359713,0.18604651162790697,expression_summary+published_screens+interactions,median,rank,15,0.25,25,compartment
rhoptries 1,0,22,3,0.025210084033613446,0.13636363636363635,0.04255319148936171,expression_summary+published_screens+interactions,median,rank,15,0.25,25,compartment
ER,1,81,20,0.06191950464396285,0.24691358024691357,0.09900990099009901,expression_summary+published_screens+interactions,median,rank,15,0.25,25,compartment
apical 1,6,19,2,0.016666666666666666,0.10526315789473684,0.028776978417266185,expression_summary+published_screens+interactions,median,rank,15,0.25,25,compartment
PM - integral,1,48,17,0.05263157894736842,0.3541666666666667,0.09164420485175201,expression_summary+published_screens+interactions,median,rank,15,0.25,25,compartment
mitochondrion - soluble,2,87,26,0.03869047619047619,0.2988505747126437,0.06851119894598155,expression_summary+published_screens+interactions,median,rank,15,0.25,25,compartment
mitochondrion - membranes,4,61,9,0.06870229007633588,0.14754098360655737,0.09375000000000001,expression_summary+published_screens+interactions,median,rank,15,0.25,25,compartment
IMC,4,37,10,0.07633587786259542,0.2702702702702703,0.11904761904761904,expression_summary+published_screens+interactions,median,rank,15,0.25,25,compartment
Golgi,3,50,36,0.029008863819500404,0.72,0.05577072037180481,expression_summary+published_screens+interactions,median,rank,15,0.25,60,compartment
cytosol,0,180,34,0.288135593220339,0.18888888888888888,0.22818791946308725,expression_summary+published_screens+interactions,median,rank,15,0.25,60,compartment
micronemes,4,15,5,0.017605633802816902,0.3333333333333333,0.03344481605351171,expression_summary+published_screens+interactions,median,rank,15,0.25,60,compartment
nucleus - chromatin,3,234,169,0.1361804995970991,0.7222222222222222,0.22915254237288135,expression_summary+published_screens+interactions,median,rank,15,0.25,60,compartment
apicoplast,3,50,38,0.030620467365028204,0.76,0.058869093725793964,expression_summary+published_screens+interactions,median,rank,15,0.25,60,compartment
dense granules,0,58,7,0.059322033898305086,0.1206896551724138,0.07954545454545456,expression_summary+published_screens+interactions,median,rank,15,0.25,60,compartment
nucleus - non-chromatin,0,149,24,0.2033898305084746,0.1610738255033557,0.17977528089887643,expression_summary+published_screens+interactions,median,rank,15,0.25,60,compartment
rhoptries 1,0,21,3,0.025423728813559324,0.14285714285714285,0.04316546762589929,expression_summary+published_screens+interactions,median,rank,15,0.25,60,compartment
ER,4,81,20,0.07042253521126761,0.24691358024691357,0.1095890410958904,expression_summary+published_screens+interactions,median,rank,15,0.25,60,compartment
apical 1,3,18,13,0.010475423045930701,0.7222222222222222,0.020651310563939634,expression_summary+published_screens+interactions,median,rank,15,0.25,60,compartment
PM - integral,4,47,15,0.0528169014084507,0.3191489361702128,0.0906344410876133,expression_summary+published_screens+interactions,median,rank,15,0.25,60,compartment
mitochondrion - soluble,1,87,26,0.03880597014925373,0.2988505747126437,0.06869220607661823,expression_summary+published_screens+interactions,median,rank,15,0.25,60,compartment
mitochondrion - membranes,2,62,10,0.08333333333333333,0.16129032258064516,0.10989010989010987,expression_summary+published_screens+interactions,median,rank,15,0.25,60,compartment
IMC,2,36,10,0.08333333333333333,0.2777777777777778,0.1282051282051282,expression_summary+published_screens+interactions,median,rank,15,0.25,60,compartment
Golgi,2,60,41,0.028432732316227463,0.6833333333333333,0.05459387483355526,expression_summary+published_screens+interactions,median,rank,50,0.0,25,compartment
cytosol,4,209,34,0.2809917355371901,0.16267942583732056,0.20606060606060603,expression_summary+published_screens+interactions,median,rank,50,0.0,25,compartment
micronemes,3,20,3,0.018404907975460124,0.15,0.03278688524590164,expression_summary+published_screens+interactions,median,rank,50,0.0,25,compartment
nucleus - chromatin,2,267,189,0.13106796116504854,0.7078651685393258,0.22118197776477472,expression_summary+published_screens+interactions,median,rank,50,0.0,25,compartment
apicoplast,2,60,43,0.029819694868238558,0.7166666666666667,0.057256990679094545,expression_summary+published_screens+interactions,median,rank,50,0.0,25,compartment
dense granules,4,67,8,0.06611570247933884,0.11940298507462686,0.08510638297872339,expression_summary+published_screens+interactions,median,rank,50,0.0,25,compartment
nucleus - non-chromatin,4,168,24,0.19834710743801653,0.14285714285714285,0.16608996539792387,expression_summary+published_screens+interactions,median,rank,50,0.0,25,compartment
rhoptries 1,4,26,3,0.024793388429752067,0.11538461538461539,0.04081632653061225,expression_summary+published_screens+interactions,median,rank,50,0.0,25,compartment
ER,0,90,20,0.05714285714285714,0.2222222222222222,0.0909090909090909,expression_summary+published_screens+interactions,median,rank,50,0.0,25,compartment
apical 1,2,20,15,0.010402219140083218,0.75,0.02051983584131327,expression_summary+published_screens+interactions,median,rank,50,0.0,25,compartment
PM - integral,0,53,17,0.04857142857142857,0.32075471698113206,0.08436724565756824,expression_summary+published_screens+interactions,median,rank,50,0.0,25,compartment
nucleolus,2,16,11,0.0076282940360610264,0.6875,0.015089163237311387,expression_summary+published_screens+interactions,median,rank,50,0.0,25,compartment
PM - peripheral 2,2,16,12,0.008321775312066574,0.75,0.016460905349794237,expression_summary+published_screens+interactions,median,rank,50,0.0,25,compartment
mitochondrion - soluble,2,99,49,0.03398058252427184,0.494949494949495,0.063595068137573,expression_summary+published_screens+interactions,median,rank,50,0.0,25,compartment
mitochondrion - membranes,3,65,12,0.0736196319018405,0.18461538461538463,0.10526315789473685,expression_summary+published_screens+interactions,median,rank,50,0.0,25,compartment
IMC,3,41,11,0.06748466257668712,0.2682926829268293,0.10784313725490197,expression_summary+published_screens+interactions,median,rank,50,0.0,25,compartment
Golgi,2,59,40,0.02803083391730904,0.6779661016949152,0.05383580080753701,expression_summary+published_screens+interactions,median,rank,50,0.0,60,compartment
cytosol,4,205,34,0.2857142857142857,0.16585365853658537,0.20987654320987653,expression_summary+published_screens+interactions,median,rank,50,0.0,60,compartment
micronemes,4,17,2,0.01680672268907563,0.11764705882352941,0.029411764705882353,expression_summary+published_screens+interactions,median,rank,50,0.0,60,compartment
nucleus - chromatin,2,268,190,0.13314646110721795,0.7089552238805971,0.224188790560472,expression_summary+published_screens+interactions,median,rank,50,0.0,60,compartment
apicoplast,2,59,42,0.02943237561317449,0.711864406779661,0.05652759084791386,expression_summary+published_screens+interactions,median,rank,50,0.0,60,compartment
dense granules,4,65,7,0.058823529411764705,0.1076923076923077,0.07608695652173912,expression_summary+published_screens+interactions,median,rank,50,0.0,60,compartment
nucleus - non-chromatin,4,167,24,0.20168067226890757,0.1437125748502994,0.16783216783216784,expression_summary+published_screens+interactions,median,rank,50,0.0,60,compartment
rhoptries 1,4,26,3,0.025210084033613446,0.11538461538461539,0.041379310344827586,expression_summary+published_screens+interactions,median,rank,50,0.0,60,compartment
ER,0,90,20,0.05714285714285714,0.2222222222222222,0.0909090909090909,expression_summary+published_screens+interactions,median,rank,50,0.0,60,compartment
apical 1,2,20,15,0.01051156271899089,0.75,0.02073255010366275,expression_summary+published_screens+interactions,median,rank,50,0.0,60,compartment
PM - integral,0,50,17,0.04857142857142857,0.34,0.085,expression_summary+published_screens+interactions,median,rank,50,0.0,60,compartment
nucleolus,2,16,11,0.007708479327259986,0.6875,0.015246015246015246,expression_summary+published_screens+interactions,median,rank,50,0.0,60,compartment
mitochondrion - soluble,2,98,49,0.03433777154870357,0.5,0.06426229508196721,expression_summary+published_screens+interactions,median,rank,50,0.0,60,compartment
mitochondrion - membranes,3,65,12,0.08,0.18461538461538463,0.11162790697674418,expression_summary+published_screens+interactions,median,rank,50,0.0,60,compartment
IMC,3,40,10,0.06666666666666667,0.25,0.10526315789473685,expression_summary+published_screens+interactions,median,rank,50,0.0,60,compartment
Golgi,1,55,39,0.028739867354458364,0.7090909090909091,0.05524079320113315,expression_summary+published_screens+interactions,median,rank,50,0.25,25,compartment
cytosol,4,194,33,0.2894736842105263,0.17010309278350516,0.2142857142857143,expression_summary+published_screens+interactions,median,rank,50,0.25,25,compartment
micronemes,4,15,2,0.017543859649122806,0.13333333333333333,0.031007751937984496,expression_summary+published_screens+interactions,median,rank,50,0.25,25,compartment
nucleus - chromatin,1,256,182,0.13411938098747236,0.7109375,0.22566646001239926,expression_summary+published_screens+interactions,median,rank,50,0.25,25,compartment
apicoplast,1,55,41,0.03021370670596905,0.7454545454545455,0.05807365439093485,expression_summary+published_screens+interactions,median,rank,50,0.25,25,compartment
dense granules,4,60,8,0.07017543859649122,0.13333333333333333,0.09195402298850575,expression_summary+published_screens+interactions,median,rank,50,0.25,25,compartment
nucleus - non-chromatin,4,152,23,0.20175438596491227,0.1513157894736842,0.17293233082706766,expression_summary+published_screens+interactions,median,rank,50,0.25,25,compartment
rhoptries 1,4,23,3,0.02631578947368421,0.13043478260869565,0.043795620437956206,expression_summary+published_screens+interactions,median,rank,50,0.25,25,compartment
ER,2,85,18,0.056962025316455694,0.21176470588235294,0.08977556109725685,expression_summary+published_screens+interactions,median,rank,50,0.25,25,compartment
apical 1,1,20,15,0.01105379513633014,0.75,0.02178649237472767,expression_summary+published_screens+interactions,median,rank,50,0.25,25,compartment
PM - integral,2,50,16,0.05063291139240506,0.32,0.08743169398907104,expression_summary+published_screens+interactions,median,rank,50,0.25,25,compartment
mitochondrion - soluble,1,90,46,0.03389830508474576,0.5111111111111111,0.0635798203178991,expression_summary+published_screens+interactions,median,rank,50,0.25,25,compartment
mitochondrion - membranes,3,63,11,0.08148148148148149,0.1746031746031746,0.11111111111111112,expression_summary+published_screens+interactions,median,rank,50,0.25,25,compartment
IMC,3,39,10,0.07407407407407407,0.2564102564102564,0.11494252873563217,expression_summary+published_screens+interactions,median,rank,50,0.25,25,compartment
Golgi,1,52,39,0.029257314328582147,0.75,0.05631768953068593,expression_summary+published_screens+interactions,median,rank,50,0.25,60,compartment
cytosol,4,171,28,0.3010752688172043,0.16374269005847952,0.2121212121212121,expression_summary+published_screens+interactions,median,rank,50,0.25,60,compartment
nucleus - chromatin,1,234,178,0.13353338334583645,0.7606837606837606,0.22718570516911296,expression_summary+published_screens+interactions,median,rank,50,0.25,60,compartment
apicoplast,1,52,41,0.03075768942235559,0.7884615384615384,0.0592057761732852,expression_summary+published_screens+interactions,median,rank,50,0.25,60,compartment
dense granules,3,54,4,0.05128205128205128,0.07407407407407407,0.060606060606060615,expression_summary+published_screens+interactions,median,rank,50,0.25,60,compartment
nucleus - non-chromatin,4,143,22,0.23655913978494625,0.15384615384615385,0.1864406779661017,expression_summary+published_screens+interactions,median,rank,50,0.25,60,compartment
rhoptries 1,3,22,2,0.02564102564102564,0.09090909090909091,0.04,expression_summary+published_screens+interactions,median,rank,50,0.25,60,compartment
ER,0,82,19,0.07011070110701106,0.23170731707317074,0.10764872521246457,expression_summary+published_screens+interactions,median,rank,50,0.25,60,compartment
apical 1,1,19,14,0.010502625656414103,0.7368421052631579,0.02071005917159763,expression_summary+published_screens+interactions,median,rank,50,0.25,60,compartment
PM - integral,0,43,12,0.04428044280442804,0.27906976744186046,0.07643312101910828,expression_summary+published_screens+interactions,median,rank,50,0.25,60,compartment
mitochondrion - soluble,2,83,25,0.038109756097560975,0.30120481927710846,0.06765899864682004,expression_summary+published_screens+interactions,median,rank,50,0.25,60,compartment
mitochondrion - membranes,3,55,7,0.08974358974358974,0.12727272727272726,0.10526315789473684,expression_summary+published_screens+interactions,median,rank,50,0.25,60,compartment
IMC,3,32,5,0.0641025641025641,0.15625,0.0909090909090909,expression_summary+published_screens+interactions,median,rank,50,0.25,60,compartment
Golgi,3,59,7,0.05,0.11864406779661017,0.07035175879396985,expression_summary+protein_features+interactions,median,rank,15,0.0,25,compartment
cytosol,7,196,21,0.4117647058823529,0.10714285714285714,0.1700404858299595,expression_summary+protein_features+interactions,median,rank,15,0.0,25,compartment
micronemes,2,18,2,0.03636363636363636,0.1111111111111111,0.0547945205479452,expression_summary+protein_features+interactions,median,rank,15,0.0,25,compartment
nucleus - chromatin,11,252,71,0.1918918918918919,0.28174603174603174,0.22829581993569129,expression_summary+protein_features+interactions,median,rank,15,0.0,25,compartment
apicoplast,11,56,17,0.04594594594594595,0.30357142857142855,0.07981220657276995,expression_summary+protein_features+interactions,median,rank,15,0.0,25,compartment
dense granules,13,64,5,0.16666666666666666,0.078125,0.10638297872340426,expression_summary+protein_features+interactions,median,rank,15,0.0,25,compartment
nucleus - non-chromatin,9,149,24,0.13114754098360656,0.1610738255033557,0.14457831325301204,expression_summary+protein_features+interactions,median,rank,15,0.0,25,compartment
rhoptries 1,2,19,2,0.03636363636363636,0.10526315789473684,0.05405405405405405,expression_summary+protein_features+interactions,median,rank,15,0.0,25,compartment
ER,3,90,23,0.16428571428571428,0.25555555555555554,0.19999999999999998,expression_summary+protein_features+interactions,median,rank,15,0.0,25,compartment
apical 1,13,17,2,0.06666666666666667,0.11764705882352941,0.0851063829787234,expression_summary+protein_features+interactions,median,rank,15,0.0,25,compartment
PM - integral,3,48,12,0.08571428571428572,0.25,0.1276595744680851,expression_summary+protein_features+interactions,median,rank,15,0.0,25,compartment
PM - peripheral 2,7,15,1,0.0196078431372549,0.06666666666666667,0.0303030303030303,expression_summary+protein_features+interactions,median,rank,15,0.0,25,compartment
mitochondrion - soluble,12,95,10,0.05714285714285714,0.10526315789473684,0.07407407407407407,expression_summary+protein_features+interactions,median,rank,15,0.0,25,compartment
mitochondrion - membranes,3,63,12,0.08571428571428572,0.19047619047619047,0.11822660098522166,expression_summary+protein_features+interactions,median,rank,15,0.0,25,compartment
IMC,5,40,10,0.07246376811594203,0.25,0.11235955056179776,expression_summary+protein_features+interactions,median,rank,15,0.0,25,compartment
Golgi,4,62,7,0.05,0.11290322580645161,0.06930693069306931,expression_summary+protein_features+interactions,median,rank,15,0.0,60,compartment
cytosol,2,215,64,0.21768707482993196,0.29767441860465116,0.25147347740667975,expression_summary+protein_features+interactions,median,rank,15,0.0,60,compartment
micronemes,4,20,3,0.02142857142857143,0.15,0.0375,expression_summary+protein_features+interactions,median,rank,15,0.0,60,compartment
nucleus - chromatin,0,273,182,0.1345158906134516,0.6666666666666666,0.22386223862238624,expression_summary+protein_features+interactions,median,rank,15,0.0,60,compartment
apicoplast,1,61,5,0.05952380952380952,0.08196721311475409,0.06896551724137931,expression_summary+protein_features+interactions,median,rank,15,0.0,60,compartment
dense granules,2,68,14,0.047619047619047616,0.20588235294117646,0.07734806629834252,expression_summary+protein_features+interactions,median,rank,15,0.0,60,compartment
nucleus - non-chromatin,2,172,47,0.1598639455782313,0.27325581395348836,0.20171673819742492,expression_summary+protein_features+interactions,median,rank,15,0.0,60,compartment
rhoptries 1,2,27,7,0.023809523809523808,0.25925925925925924,0.04361370716510904,expression_summary+protein_features+interactions,median,rank,15,0.0,60,compartment
ER,4,92,23,0.16428571428571428,0.25,0.19827586206896552,expression_summary+protein_features+interactions,median,rank,15,0.0,60,compartment
apical 1,0,21,16,0.011825572801182557,0.7619047619047619,0.023289665211062592,expression_summary+protein_features+interactions,median,rank,15,0.0,60,compartment
PM - integral,4,53,12,0.08571428571428572,0.22641509433962265,0.12435233160621763,expression_summary+protein_features+interactions,median,rank,15,0.0,60,compartment
nucleolus,0,16,10,0.007390983000739098,0.625,0.014609203798392987,expression_summary+protein_features+interactions,median,rank,15,0.0,60,compartment
PM - peripheral 2,4,16,2,0.014285714285714285,0.125,0.02564102564102564,expression_summary+protein_features+interactions,median,rank,15,0.0,60,compartment
mitochondrion - soluble,5,101,28,0.03768506056527591,0.27722772277227725,0.06635071090047394,expression_summary+protein_features+interactions,median,rank,15,0.0,60,compartment
mitochondrion - membranes,4,67,12,0.08571428571428572,0.1791044776119403,0.11594202898550723,expression_summary+protein_features+interactions,median,rank,15,0.0,60,compartment
IMC,2,42,15,0.05102040816326531,0.35714285714285715,0.08928571428571429,expression_summary+protein_features+interactions,median,rank,15,0.0,60,compartment
PM - peripheral 1,3,15,10,0.025906735751295335,0.6666666666666666,0.04987531172069825,expression_summary+protein_features+interactions,median,rank,15,0.0,60,compartment
Golgi,1,62,37,0.027346637102734665,0.5967741935483871,0.052296819787985865,expression_summary+protein_features+interactions,median,rank,15,0.25,25,compartment
cytosol,0,215,134,0.08573256557901472,0.6232558139534884,0.15073115860517436,expression_summary+protein_features+interactions,median,rank,15,0.25,25,compartment
micronemes,0,20,13,0.008317338451695458,0.65,0.016424510423247,expression_summary+protein_features+interactions,median,rank,15,0.25,25,compartment
nucleus - chromatin,1,273,182,0.1345158906134516,0.6666666666666666,0.22386223862238624,expression_summary+protein_features+interactions,median,rank,15,0.25,25,compartment
apicoplast,2,61,5,0.05952380952380952,0.08196721311475409,0.06896551724137931,expression_summary+protein_features+interactions,median,rank,15,0.25,25,compartment
dense granules,0,68,37,0.023672424824056303,0.5441176470588235,0.04537093807480074,expression_summary+protein_features+interactions,median,rank,15,0.25,25,compartment
nucleus - non-chromatin,1,172,81,0.0598669623059867,0.47093023255813954,0.1062295081967213,expression_summary+protein_features+interactions,median,rank,15,0.25,25,compartment
rhoptries 1,1,27,14,0.010347376201034738,0.5185185185185185,0.020289855072463767,expression_summary+protein_features+interactions,median,rank,15,0.25,25,compartment
ER,0,92,51,0.03262955854126679,0.5543478260869565,0.061631419939577034,expression_summary+protein_features+interactions,median,rank,15,0.25,25,compartment
apical 1,1,21,16,0.011825572801182557,0.7619047619047619,0.023289665211062592,expression_summary+protein_features+interactions,median,rank,15,0.25,25,compartment
PM - integral,0,53,30,0.019193857965451054,0.5660377358490566,0.03712871287128713,expression_summary+protein_features+interactions,median,rank,15,0.25,25,compartment
nucleolus,1,16,10,0.007390983000739098,0.625,0.014609203798392987,expression_summary+protein_features+interactions,median,rank,15,0.25,25,compartment
PM - peripheral 2,2,16,1,0.011904761904761904,0.0625,0.02,expression_summary+protein_features+interactions,median,rank,15,0.25,25,compartment
mitochondrion - soluble,2,101,6,0.07142857142857142,0.0594059405940594,0.06486486486486487,expression_summary+protein_features+interactions,median,rank,15,0.25,25,compartment
mitochondrion - membranes,0,67,45,0.028790786948176585,0.6716417910447762,0.055214723926380375,expression_summary+protein_features+interactions,median,rank,15,0.25,25,compartment
IMC,0,42,31,0.01983365323096609,0.7380952380952381,0.03862928348909657,expression_summary+protein_features+interactions,median,rank,15,0.25,25,compartment
PM - peripheral 1,0,15,15,0.009596928982725527,1.0,0.01901140684410646,expression_summary+protein_features+interactions,median,rank,15,0.25,25,compartment
Golgi,1,62,37,0.027777777777777776,0.5967741935483871,0.05308464849354376,expression_summary+protein_features+interactions,median,rank,15,0.25,60,compartment
cytosol,0,212,134,0.08578745198463508,0.6320754716981132,0.15107102593010147,expression_summary+protein_features+interactions,median,rank,15,0.25,60,compartment
micronemes,0,20,13,0.008322663252240717,0.65,0.016434892541087234,expression_summary+protein_features+interactions,median,rank,15,0.25,60,compartment
nucleus - chromatin,1,272,181,0.13588588588588588,0.6654411764705882,0.2256857855361596,expression_summary+protein_features+interactions,median,rank,15,0.25,60,compartment
apicoplast,2,60,5,0.05952380952380952,0.08333333333333333,0.06944444444444445,expression_summary+protein_features+interactions,median,rank,15,0.25,60,compartment
dense granules,0,66,37,0.023687580025608196,0.5606060606060606,0.045454545454545456,expression_summary+protein_features+interactions,median,rank,15,0.25,60,compartment
nucleus - non-chromatin,1,170,79,0.05930930930930931,0.4647058823529412,0.1051930758988016,expression_summary+protein_features+interactions,median,rank,15,0.25,60,compartment
rhoptries 1,1,27,14,0.010510510510510511,0.5185185185185185,0.020603384841795438,expression_summary+protein_features+interactions,median,rank,15,0.25,60,compartment
ER,0,90,51,0.03265044814340589,0.5666666666666667,0.06174334140435835,expression_summary+protein_features+interactions,median,rank,15,0.25,60,compartment
apical 1,1,21,16,0.012012012012012012,0.7619047619047619,0.023651145602365115,expression_summary+protein_features+interactions,median,rank,15,0.25,60,compartment
PM - integral,0,53,30,0.019206145966709345,0.5660377358490566,0.03715170278637771,expression_summary+protein_features+interactions,median,rank,15,0.25,60,compartment
nucleolus,1,16,10,0.0075075075075075074,0.625,0.01483679525222552,expression_summary+protein_features+interactions,median,rank,15,0.25,60,compartment
PM - peripheral 2,2,16,1,0.011904761904761904,0.0625,0.02,expression_summary+protein_features+interactions,median,rank,15,0.25,60,compartment
mitochondrion - soluble,2,101,6,0.07142857142857142,0.0594059405940594,0.06486486486486487,expression_summary+protein_features+interactions,median,rank,15,0.25,60,compartment
mitochondrion - membranes,0,64,45,0.02880921895006402,0.703125,0.055350553505535055,expression_summary+protein_features+interactions,median,rank,15,0.25,60,compartment
IMC,0,40,31,0.019846350832266324,0.775,0.03870162297128589,expression_summary+protein_features+interactions,median,rank,15,0.25,60,compartment
PM - peripheral 1,0,15,15,0.009603072983354673,1.0,0.01902346227013316,expression_summary+protein_features+interactions,median,rank,15,0.25,60,compartment
Golgi,0,62,37,0.02730627306273063,0.5967741935483871,0.05222300635144672,expression_summary+protein_features+interactions,median,rank,50,0.0,25,compartment
cytosol,4,213,39,0.291044776119403,0.18309859154929578,0.22478386167146974,expression_summary+protein_features+interactions,median,rank,50,0.0,25,compartment
micronemes,4,20,3,0.022388059701492536,0.15,0.03896103896103895,expression_summary+protein_features+interactions,median,rank,50,0.0,25,compartment
nucleus - chromatin,0,273,183,0.13505535055350554,0.6703296703296703,0.2248157248157248,expression_summary+protein_features+interactions,median,rank,50,0.0,25,compartment
apicoplast,1,61,5,0.056179775280898875,0.08196721311475409,0.06666666666666667,expression_summary+protein_features+interactions,median,rank,50,0.0,25,compartment
dense granules,4,67,7,0.05223880597014925,0.1044776119402985,0.06965174129353233,expression_summary+protein_features+interactions,median,rank,50,0.0,25,compartment
nucleus - non-chromatin,4,172,28,0.208955223880597,0.16279069767441862,0.18300653594771243,expression_summary+protein_features+interactions,median,rank,50,0.0,25,compartment
rhoptries 1,5,27,4,0.027586206896551724,0.14814814814814814,0.046511627906976744,expression_summary+protein_features+interactions,median,rank,50,0.0,25,compartment
ER,3,91,21,0.055408970976253295,0.23076923076923078,0.08936170212765956,expression_summary+protein_features+interactions,median,rank,50,0.0,25,compartment
apical 1,0,21,16,0.011808118081180811,0.7619047619047619,0.023255813953488375,expression_summary+protein_features+interactions,median,rank,50,0.0,25,compartment
PM - integral,3,53,16,0.04221635883905013,0.3018867924528302,0.07407407407407408,expression_summary+protein_features+interactions,median,rank,50,0.0,25,compartment
nucleolus,4,16,2,0.014925373134328358,0.125,0.02666666666666667,expression_summary+protein_features+interactions,median,rank,50,0.0,25,compartment
PM - peripheral 2,1,16,1,0.011235955056179775,0.0625,0.019047619047619046,expression_summary+protein_features+interactions,median,rank,50,0.0,25,compartment
mitochondrion - soluble,1,101,6,0.06741573033707865,0.0594059405940594,0.06315789473684211,expression_summary+protein_features+interactions,median,rank,50,0.0,25,compartment
mitochondrion - membranes,5,65,9,0.06206896551724138,0.13846153846153847,0.08571428571428572,expression_summary+protein_features+interactions,median,rank,50,0.0,25,compartment
IMC,5,42,10,0.06896551724137931,0.23809523809523808,0.10695187165775401,expression_summary+protein_features+interactions,median,rank,50,0.0,25,compartment
PM - peripheral 1,4,15,5,0.03731343283582089,0.3333333333333333,0.06711409395973154,expression_summary+protein_features+interactions,median,rank,50,0.0,25,compartment
Golgi,0,62,40,0.027700831024930747,0.6451612903225806,0.05312084993359894,expression_summary+protein_features+interactions,median,rank,50,0.0,60,compartment
cytosol,1,215,132,0.08483290488431877,0.6139534883720931,0.1490683229813665,expression_summary+protein_features+interactions,median,rank,50,0.0,60,compartment
micronemes,1,20,13,0.008354755784061696,0.65,0.016497461928934008,expression_summary+protein_features+interactions,median,rank,50,0.0,60,compartment
nucleus - chromatin,0,273,193,0.13365650969529086,0.706959706959707,0.2248107163657542,expression_summary+protein_features+interactions,median,rank,50,0.0,60,compartment
apicoplast,0,61,43,0.029778393351800554,0.7049180327868853,0.05714285714285714,expression_summary+protein_features+interactions,median,rank,50,0.0,60,compartment
dense granules,1,68,37,0.02377892030848329,0.5441176470588235,0.04556650246305419,expression_summary+protein_features+interactions,median,rank,50,0.0,60,compartment
nucleus - non-chromatin,0,172,87,0.06024930747922438,0.5058139534883721,0.10767326732673267,expression_summary+protein_features+interactions,median,rank,50,0.0,60,compartment
rhoptries 1,0,27,14,0.009695290858725761,0.5185185185185185,0.01903467029231815,expression_summary+protein_features+interactions,median,rank,50,0.0,60,compartment
ER,1,92,52,0.033419023136246784,0.5652173913043478,0.06310679611650485,expression_summary+protein_features+interactions,median,rank,50,0.0,60,compartment
apical 1,0,21,16,0.0110803324099723,0.7619047619047619,0.021843003412969283,expression_summary+protein_features+interactions,median,rank,50,0.0,60,compartment
PM - integral,1,53,30,0.019280205655526992,0.5660377358490566,0.03729024238657551,expression_summary+protein_features+interactions,median,rank,50,0.0,60,compartment
nucleolus,0,16,10,0.006925207756232687,0.625,0.0136986301369863,expression_summary+protein_features+interactions,median,rank,50,0.0,60,compartment
PM - peripheral 2,0,16,12,0.008310249307479225,0.75,0.016438356164383564,expression_summary+protein_features+interactions,median,rank,50,0.0,60,compartment
mitochondrion - soluble,0,101,49,0.03393351800554017,0.48514851485148514,0.06343042071197412,expression_summary+protein_features+interactions,median,rank,50,0.0,60,compartment
mitochondrion - membranes,1,67,45,0.02892030848329049,0.6716417910447762,0.055452865064695,expression_summary+protein_features+interactions,median,rank,50,0.0,60,compartment
IMC,1,42,31,0.01992287917737789,0.7380952380952381,0.03879849812265331,expression_summary+protein_features+interactions,median,rank,50,0.0,60,compartment
PM - peripheral 1,1,15,15,0.009640102827763496,1.0,0.019096117122851686,expression_summary+protein_features+interactions,median,rank,50,0.0,60,compartment
Golgi,0,62,40,0.027700831024930747,0.6451612903225806,0.05312084993359894,expression_summary+protein_features+interactions,median,rank,50,0.25,25,compartment
cytosol,1,215,132,0.08483290488431877,0.6139534883720931,0.1490683229813665,expression_summary+protein_features+interactions,median,rank,50,0.25,25,compartment
micronemes,1,20,13,0.008354755784061696,0.65,0.016497461928934008,expression_summary+protein_features+interactions,median,rank,50,0.25,25,compartment
nucleus - chromatin,0,273,193,0.13365650969529086,0.706959706959707,0.2248107163657542,expression_summary+protein_features+interactions,median,rank,50,0.25,25,compartment
apicoplast,0,61,44,0.030470914127423823,0.7213114754098361,0.05847176079734219,expression_summary+protein_features+interactions,median,rank,50,0.25,25,compartment
dense granules,1,68,37,0.02377892030848329,0.5441176470588235,0.04556650246305419,expression_summary+protein_features+interactions,median,rank,50,0.25,25,compartment
nucleus - non-chromatin,0,172,87,0.06024930747922438,0.5058139534883721,0.10767326732673267,expression_summary+protein_features+interactions,median,rank,50,0.25,25,compartment
rhoptries 1,0,27,14,0.009695290858725761,0.5185185185185185,0.01903467029231815,expression_summary+protein_features+interactions,median,rank,50,0.25,25,compartment
ER,1,92,52,0.033419023136246784,0.5652173913043478,0.06310679611650485,expression_summary+protein_features+interactions,median,rank,50,0.25,25,compartment
apical 1,0,21,16,0.0110803324099723,0.7619047619047619,0.021843003412969283,expression_summary+protein_features+interactions,median,rank,50,0.25,25,compartment
PM - integral,1,53,30,0.019280205655526992,0.5660377358490566,0.03729024238657551,expression_summary+protein_features+interactions,median,rank,50,0.25,25,compartment
nucleolus,0,16,10,0.006925207756232687,0.625,0.0136986301369863,expression_summary+protein_features+interactions,median,rank,50,0.25,25,compartment
PM - peripheral 2,0,16,12,0.008310249307479225,0.75,0.016438356164383564,expression_summary+protein_features+interactions,median,rank,50,0.25,25,compartment
mitochondrion - soluble,0,101,49,0.03393351800554017,0.48514851485148514,0.06343042071197412,expression_summary+protein_features+interactions,median,rank,50,0.25,25,compartment
mitochondrion - membranes,1,67,45,0.02892030848329049,0.6716417910447762,0.055452865064695,expression_summary+protein_features+interactions,median,rank,50,0.25,25,compartment
IMC,1,42,31,0.01992287917737789,0.7380952380952381,0.03879849812265331,expression_summary+protein_features+interactions,median,rank,50,0.25,25,compartment
PM - peripheral 1,1,15,15,0.009640102827763496,1.0,0.019096117122851686,expression_summary+protein_features+interactions,median,rank,50,0.25,25,compartment
Golgi,0,62,40,0.027700831024930747,0.6451612903225806,0.05312084993359894,expression_summary+protein_features+interactions,median,rank,50,0.25,60,compartment
cytosol,1,215,132,0.08483290488431877,0.6139534883720931,0.1490683229813665,expression_summary+protein_features+interactions,median,rank,50,0.25,60,compartment
micronemes,1,20,13,0.008354755784061696,0.65,0.016497461928934008,expression_summary+protein_features+interactions,median,rank,50,0.25,60,compartment
nucleus - chromatin,0,273,193,0.13365650969529086,0.706959706959707,0.2248107163657542,expression_summary+protein_features+interactions,median,rank,50,0.25,60,compartment
apicoplast,0,61,44,0.030470914127423823,0.7213114754098361,0.05847176079734219,expression_summary+protein_features+interactions,median,rank,50,0.25,60,compartment
dense granules,1,68,37,0.02377892030848329,0.5441176470588235,0.04556650246305419,expression_summary+protein_features+interactions,median,rank,50,0.25,60,compartment
nucleus - non-chromatin,0,172,87,0.06024930747922438,0.5058139534883721,0.10767326732673267,expression_summary+protein_features+interactions,median,rank,50,0.25,60,compartment
rhoptries 1,0,27,14,0.009695290858725761,0.5185185185185185,0.01903467029231815,expression_summary+protein_features+interactions,median,rank,50,0.25,60,compartment
ER,1,92,52,0.033419023136246784,0.5652173913043478,0.06310679611650485,expression_summary+protein_features+interactions,median,rank,50,0.25,60,compartment
apical 1,0,21,16,0.0110803324099723,0.7619047619047619,0.021843003412969283,expression_summary+protein_features+interactions,median,rank,50,0.25,60,compartment
PM - integral,1,53,30,0.019280205655526992,0.5660377358490566,0.03729024238657551,expression_summary+protein_features+interactions,median,rank,50,0.25,60,compartment
nucleolus,0,16,10,0.006925207756232687,0.625,0.0136986301369863,expression_summary+protein_features+interactions,median,rank,50,0.25,60,compartment
PM - peripheral 2,0,16,12,0.008310249307479225,0.75,0.016438356164383564,expression_summary+protein_features+interactions,median,rank,50,0.25,60,compartment
mitochondrion - soluble,0,101,49,0.03393351800554017,0.48514851485148514,0.06343042071197412,expression_summary+protein_features+interactions,median,rank,50,0.25,60,compartment
mitochondrion - membranes,1,67,45,0.02892030848329049,0.6716417910447762,0.055452865064695,expression_summary+protein_features+interactions,median,rank,50,0.25,60,compartment
IMC,1,42,31,0.01992287917737789,0.7380952380952381,0.03879849812265331,expression_summary+protein_features+interactions,median,rank,50,0.25,60,compartment
PM - peripheral 1,1,15,15,0.009640102827763496,1.0,0.019096117122851686,expression_summary+protein_features+interactions,median,rank,50,0.25,60,compartment
Golgi,11,48,10,0.06666666666666667,0.20833333333333334,0.10101010101010101,expression_raw+fitness_screens+published_screens,median,rank,15,0.0,25,compartment
cytosol,6,167,42,0.18584070796460178,0.25149700598802394,0.2137404580152672,expression_raw+fitness_screens+published_screens,median,rank,15,0.0,25,compartment
micronemes,2,18,6,0.10344827586206896,0.3333333333333333,0.15789473684210528,expression_raw+fitness_screens+published_screens,median,rank,15,0.0,25,compartment
nucleus - chromatin,8,210,62,0.18562874251497005,0.29523809523809524,0.22794117647058826,expression_raw+fitness_screens+published_screens,median,rank,15,0.0,25,compartment
apicoplast,8,48,27,0.08083832335329341,0.5625,0.14136125654450263,expression_raw+fitness_screens+published_screens,median,rank,15,0.0,25,compartment
dense granules,2,49,14,0.2413793103448276,0.2857142857142857,0.2616822429906542,expression_raw+fitness_screens+published_screens,median,rank,15,0.0,25,compartment
nucleus - non-chromatin,8,120,40,0.11976047904191617,0.3333333333333333,0.1762114537444934,expression_raw+fitness_screens+published_screens,median,rank,15,0.0,25,compartment
rhoptries 1,2,21,6,0.10344827586206896,0.2857142857142857,0.1518987341772152,expression_raw+fitness_screens+published_screens,median,rank,15,0.0,25,compartment
ER,12,69,12,0.09917355371900827,0.17391304347826086,0.1263157894736842,expression_raw+fitness_screens+published_screens,median,rank,15,0.0,25,compartment
nucleolus,11,15,4,0.02666666666666667,0.26666666666666666,0.048484848484848485,expression_raw+fitness_screens+published_screens,median,rank,15,0.0,25,compartment
PM - integral,2,37,5,0.08620689655172414,0.13513513513513514,0.10526315789473685,expression_raw+fitness_screens+published_screens,median,rank,15,0.0,25,compartment
PM - peripheral 2,6,15,4,0.017699115044247787,0.26666666666666666,0.03319502074688797,expression_raw+fitness_screens+published_screens,median,rank,15,0.0,25,compartment
mitochondrion - soluble,14,76,7,0.1794871794871795,0.09210526315789473,0.12173913043478261,expression_raw+fitness_screens+published_screens,median,rank,15,0.0,25,compartment
mitochondrion - membranes,13,47,9,0.1111111111111111,0.19148936170212766,0.140625,expression_raw+fitness_screens+published_screens,median,rank,15,0.0,25,compartment
IMC,6,32,12,0.05309734513274336,0.375,0.09302325581395349,expression_raw+fitness_screens+published_screens,median,rank,15,0.0,25,compartment
PM - peripheral 1,7,15,10,0.05405405405405406,0.6666666666666666,0.1,expression_raw+fitness_screens+published_screens,median,rank,15,0.0,25,compartment
Golgi,6,49,8,0.056338028169014086,0.16326530612244897,0.0837696335078534,expression_raw+fitness_screens+published_screens,median,rank,15,0.0,60,compartment
cytosol,3,180,59,0.14320388349514562,0.3277777777777778,0.19932432432432431,expression_raw+fitness_screens+published_screens,median,rank,15,0.0,60,compartment
nucleus - chromatin,8,214,60,0.18404907975460122,0.2803738317757009,0.2222222222222222,expression_raw+fitness_screens+published_screens,median,rank,15,0.0,60,compartment
dense granules,1,54,15,0.05016722408026756,0.2777777777777778,0.08498583569405099,expression_raw+fitness_screens+published_screens,median,rank,15,0.0,60,compartment
nucleus - non-chromatin,3,135,52,0.1262135922330097,0.3851851851851852,0.19012797074954296,expression_raw+fitness_screens+published_screens,median,rank,15,0.0,60,compartment
apicoplast,8,52,26,0.07975460122699386,0.5,0.13756613756613756,expression_raw+fitness_screens+published_screens,median,rank,15,0.0,60,compartment
rhoptries 1,7,21,4,0.056338028169014086,0.19047619047619047,0.08695652173913043,expression_raw+fitness_screens+published_screens,median,rank,15,0.0,60,compartment
ER,3,75,29,0.0703883495145631,0.38666666666666666,0.11909650924024638,expression_raw+fitness_screens+published_screens,median,rank,15,0.0,60,compartment
nucleolus,6,16,4,0.028169014084507043,0.25,0.05063291139240506,expression_raw+fitness_screens+published_screens,median,rank,15,0.0,60,compartment
PM - integral,2,37,11,0.02286902286902287,0.2972972972972973,0.042471042471042476,expression_raw+fitness_screens+published_screens,median,rank,15,0.0,60,compartment
mitochondrion - soluble,3,86,31,0.07524271844660194,0.36046511627906974,0.1244979919678715,expression_raw+fitness_screens+published_screens,median,rank,15,0.0,60,compartment
mitochondrion - membranes,3,56,25,0.06067961165048544,0.44642857142857145,0.10683760683760683,expression_raw+fitness_screens+published_screens,median,rank,15,0.0,60,compartment
IMC,2,40,19,0.0395010395010395,0.475,0.07293666026871402,expression_raw+fitness_screens+published_screens,median,rank,15,0.0,60,compartment
Golgi,0,58,58,0.021919879062736205,1.0,0.042899408284023666,expression_raw+fitness_screens+published_screens,median,rank,15,0.25,25,compartment
cytosol,0,201,201,0.07596371882086168,1.0,0.14120126448893572,expression_raw+fitness_screens+published_screens,median,rank,15,0.25,25,compartment
micronemes,0,17,17,0.006424792139077854,1.0,0.012767555388659407,expression_raw+fitness_screens+published_screens,median,rank,15,0.25,25,compartment
nucleus - chromatin,0,249,249,0.09410430839002268,1.0,0.17202072538860105,expression_raw+fitness_screens+published_screens,median,rank,15,0.25,25,compartment
dense granules,0,55,55,0.020786092214663644,1.0,0.04072565716401333,expression_raw+fitness_screens+published_screens,median,rank,15,0.25,25,compartment
nucleus - non-chromatin,0,157,157,0.059334845049130766,1.0,0.11202283267927222,expression_raw+fitness_screens+published_screens,median,rank,15,0.25,25,compartment
apicoplast,0,54,54,0.02040816326530612,1.0,0.039999999999999994,expression_raw+fitness_screens+published_screens,median,rank,15,0.25,25,compartment
rhoptries 1,0,23,23,0.008692365835222978,1.0,0.017234919445485202,expression_raw+fitness_screens+published_screens,median,rank,15,0.25,25,compartment
ER,0,86,86,0.03250188964474679,1.0,0.0629575402635432,expression_raw+fitness_screens+published_screens,median,rank,15,0.25,25,compartment
apical 1,0,20,20,0.007558578987150416,1.0,0.015003750937734435,expression_raw+fitness_screens+published_screens,median,rank,15,0.25,25,compartment
PM - integral,0,48,48,0.018140589569160998,1.0,0.035634743875278395,expression_raw+fitness_screens+published_screens,median,rank,15,0.25,25,compartment
nucleolus,0,16,16,0.006046863189720333,1.0,0.012021036814425245,expression_raw+fitness_screens+published_screens,median,rank,15,0.25,25,compartment
PM - peripheral 2,0,16,16,0.006046863189720333,1.0,0.012021036814425245,expression_raw+fitness_screens+published_screens,median,rank,15,0.25,25,compartment
mitochondrion - soluble,0,95,95,0.035903250188964474,1.0,0.06931776723823423,expression_raw+fitness_screens+published_screens,median,rank,15,0.25,25,compartment
mitochondrion - membranes,0,61,61,0.02305366591080877,1.0,0.04506834133727374,expression_raw+fitness_screens+published_screens,median,rank,15,0.25,25,compartment
IMC,0,38,38,0.01436130007558579,1.0,0.028315946348733235,expression_raw+fitness_screens+published_screens,median,rank,15,0.25,25,compartment
PM - peripheral 1,0,15,15,0.005668934240362812,1.0,0.011273957158962795,expression_raw+fitness_screens+published_screens,median,rank,15,0.25,25,compartment
Golgi,0,27,10,0.02358490566037736,0.37037037037037035,0.04434589800443459,expression_raw+fitness_screens+published_screens,median,rank,15,0.25,60,compartment
cytosol,0,108,66,0.15566037735849056,0.6111111111111112,0.24812030075187969,expression_raw+fitness_screens+published_screens,median,rank,15,0.25,60,compartment
nucleus - chromatin,4,134,45,0.20930232558139536,0.3358208955223881,0.2578796561604585,expression_raw+fitness_screens+published_screens,median,rank,15,0.25,60,compartment
dense granules,1,25,10,0.046948356807511735,0.4,0.08403361344537814,expression_raw+fitness_screens+published_screens,median,rank,15,0.25,60,compartment
nucleus - non-chromatin,0,86,53,0.125,0.6162790697674418,0.20784313725490197,expression_raw+fitness_screens+published_screens,median,rank,15,0.25,60,compartment
PM - integral,0,21,10,0.02358490566037736,0.47619047619047616,0.0449438202247191,expression_raw+fitness_screens+published_screens,median,rank,15,0.25,60,compartment
apicoplast,4,33,18,0.08372093023255814,0.5454545454545454,0.14516129032258066,expression_raw+fitness_screens+published_screens,median,rank,15,0.25,60,compartment
ER,0,52,31,0.07311320754716981,0.5961538461538461,0.13025210084033614,expression_raw+fitness_screens+published_screens,median,rank,15,0.25,60,compartment
mitochondrion - soluble,0,59,33,0.07783018867924528,0.559322033898305,0.13664596273291924,expression_raw+fitness_screens+published_screens,median,rank,15,0.25,60,compartment
mitochondrion - membranes,0,33,23,0.054245283018867926,0.696969696969697,0.10065645514223197,expression_raw+fitness_screens+published_screens,median,rank,15,0.25,60,compartment
IMC,1,23,8,0.03755868544600939,0.34782608695652173,0.06779661016949154,expression_raw+fitness_screens+published_screens,median,rank,15,0.25,60,compartment
Golgi,0,40,8,0.06201550387596899,0.2,0.09467455621301775,expression_raw+fitness_screens+published_screens,median,rank,50,0.0,25,compartment
cytosol,7,153,40,0.19704433497536947,0.26143790849673204,0.2247191011235955,expression_raw+fitness_screens+published_screens,median,rank,50,0.0,25,compartment
micronemes,9,16,4,0.08,0.25,0.12121212121212122,expression_raw+fitness_screens+published_screens,median,rank,50,0.0,25,compartment
nucleus - chromatin,10,177,54,0.18243243243243243,0.3050847457627119,0.22832980972515857,expression_raw+fitness_screens+published_screens,median,rank,50,0.0,25,compartment
dense granules,9,44,12,0.24,0.2727272727272727,0.2553191489361702,expression_raw+fitness_screens+published_screens,median,rank,50,0.0,25,compartment
nucleus - non-chromatin,2,119,28,0.1564245810055866,0.23529411764705882,0.18791946308724833,expression_raw+fitness_screens+published_screens,median,rank,50,0.0,25,compartment
ER,1,61,12,0.1188118811881188,0.19672131147540983,0.14814814814814814,expression_raw+fitness_screens+published_screens,median,rank,50,0.0,25,compartment
apicoplast,10,41,24,0.08108108108108109,0.5853658536585366,0.142433234421365,expression_raw+fitness_screens+published_screens,median,rank,50,0.0,25,compartment
PM - integral,9,27,4,0.08,0.14814814814814814,0.10389610389610389,expression_raw+fitness_screens+published_screens,median,rank,50,0.0,25,compartment
mitochondrion - soluble,2,75,18,0.1005586592178771,0.24,0.14173228346456693,expression_raw+fitness_screens+published_screens,median,rank,50,0.0,25,compartment
mitochondrion - membranes,2,47,13,0.07262569832402235,0.2765957446808511,0.11504424778761063,expression_raw+fitness_screens+published_screens,median,rank,50,0.0,25,compartment
IMC,7,29,11,0.054187192118226604,0.3793103448275862,0.09482758620689656,expression_raw+fitness_screens+published_screens,median,rank,50,0.0,25,compartment
Golgi,0,42,17,0.030249110320284697,0.40476190476190477,0.05629139072847682,expression_raw+fitness_screens+published_screens,median,rank,50,0.0,60,compartment
cytosol,0,172,82,0.14590747330960854,0.47674418604651164,0.22343324250681199,expression_raw+fitness_screens+published_screens,median,rank,50,0.0,60,compartment
nucleus - chromatin,5,186,56,0.18855218855218855,0.3010752688172043,0.23188405797101452,expression_raw+fitness_screens+published_screens,median,rank,50,0.0,60,compartment
dense granules,2,46,11,0.03806228373702422,0.2391304347826087,0.06567164179104477,expression_raw+fitness_screens+published_screens,median,rank,50,0.0,60,compartment
nucleus - non-chromatin,0,130,68,0.12099644128113879,0.5230769230769231,0.1965317919075145,expression_raw+fitness_screens+published_screens,median,rank,50,0.0,60,compartment
ER,0,72,38,0.06761565836298933,0.5277777777777778,0.11987381703470033,expression_raw+fitness_screens+published_screens,median,rank,50,0.0,60,compartment
apicoplast,5,48,22,0.07407407407407407,0.4583333333333333,0.12753623188405797,expression_raw+fitness_screens+published_screens,median,rank,50,0.0,60,compartment
PM - integral,0,28,12,0.021352313167259787,0.42857142857142855,0.04067796610169492,expression_raw+fitness_screens+published_screens,median,rank,50,0.0,60,compartment
nucleolus,5,15,5,0.016835016835016835,0.3333333333333333,0.032051282051282055,expression_raw+fitness_screens+published_screens,median,rank,50,0.0,60,compartment
mitochondrion - soluble,0,80,41,0.07295373665480427,0.5125,0.1277258566978193,expression_raw+fitness_screens+published_screens,median,rank,50,0.0,60,compartment
mitochondrion - membranes,0,53,29,0.051601423487544484,0.5471698113207547,0.0943089430894309,expression_raw+fitness_screens+published_screens,median,rank,50,0.0,60,compartment
IMC,3,33,15,0.03333333333333333,0.45454545454545453,0.062111801242236024,expression_raw+fitness_screens+published_screens,median,rank,50,0.0,60,compartment
PM - peripheral 1,3,15,12,0.02666666666666667,0.8,0.05161290322580646,expression_raw+fitness_screens+published_screens,median,rank,50,0.0,60,compartment
Golgi,2,30,11,0.02528735632183908,0.36666666666666664,0.047311827956989246,expression_raw+fitness_screens+published_screens,median,rank,50,0.25,25,compartment
cytosol,2,135,65,0.14942528735632185,0.48148148148148145,0.2280701754385965,expression_raw+fitness_screens+published_screens,median,rank,50,0.25,25,compartment
nucleus - chromatin,5,143,43,0.18614718614718614,0.3006993006993007,0.22994652406417113,expression_raw+fitness_screens+published_screens,median,rank,50,0.25,25,compartment
dense granules,9,37,9,0.3333333333333333,0.24324324324324326,0.28125,expression_raw+fitness_screens+published_screens,median,rank,50,0.25,25,compartment
nucleus - non-chromatin,2,101,55,0.12643678160919541,0.5445544554455446,0.20522388059701496,expression_raw+fitness_screens+published_screens,median,rank,50,0.25,25,compartment
ER,2,54,31,0.07126436781609195,0.5740740740740741,0.12678936605316973,expression_raw+fitness_screens+published_screens,median,rank,50,0.25,25,compartment
apicoplast,5,32,18,0.07792207792207792,0.5625,0.13688212927756654,expression_raw+fitness_screens+published_screens,median,rank,50,0.25,25,compartment
PM - integral,9,24,2,0.07407407407407407,0.08333333333333333,0.07843137254901962,expression_raw+fitness_screens+published_screens,median,rank,50,0.25,25,compartment
mitochondrion - soluble,2,70,34,0.07816091954022988,0.4857142857142857,0.13465346534653466,expression_raw+fitness_screens+published_screens,median,rank,50,0.25,25,compartment
mitochondrion - membranes,2,43,22,0.05057471264367816,0.5116279069767442,0.09205020920502091,expression_raw+fitness_screens+published_screens,median,rank,50,0.25,25,compartment
IMC,9,27,2,0.07407407407407407,0.07407407407407407,0.07407407407407407,expression_raw+fitness_screens+published_screens,median,rank,50,0.25,25,compartment
Golgi,1,25,5,0.02100840336134454,0.2,0.038022813688212934,expression_raw+fitness_screens+published_screens,median,rank,50,0.25,60,compartment
cytosol,2,112,59,0.15485564304461943,0.5267857142857143,0.2393509127789047,expression_raw+fitness_screens+published_screens,median,rank,50,0.25,60,compartment
nucleus - chromatin,1,141,45,0.18907563025210083,0.3191489361702128,0.23746701846965698,expression_raw+fitness_screens+published_screens,median,rank,50,0.25,60,compartment
dense granules,0,30,22,0.023991275899672846,0.7333333333333333,0.046462513199577615,expression_raw+fitness_screens+published_screens,median,rank,50,0.25,60,compartment
nucleus - non-chromatin,2,91,50,0.13123359580052493,0.5494505494505495,0.21186440677966104,expression_raw+fitness_screens+published_screens,median,rank,50,0.25,60,compartment
ER,2,54,29,0.07611548556430446,0.5370370370370371,0.13333333333333333,expression_raw+fitness_screens+published_screens,median,rank,50,0.25,60,compartment
PM - integral,2,23,9,0.023622047244094488,0.391304347826087,0.04455445544554455,expression_raw+fitness_screens+published_screens,median,rank,50,0.25,60,compartment
apicoplast,1,36,22,0.09243697478991597,0.6111111111111112,0.16058394160583941,expression_raw+fitness_screens+published_screens,median,rank,50,0.25,60,compartment
mitochondrion - soluble,2,62,30,0.07874015748031496,0.4838709677419355,0.13544018058690743,expression_raw+fitness_screens+published_screens,median,rank,50,0.25,60,compartment
mitochondrion - membranes,2,34,20,0.05249343832020997,0.5882352941176471,0.0963855421686747,expression_raw+fitness_screens+published_screens,median,rank,50,0.25,60,compartment
IMC,2,27,11,0.028871391076115485,0.4074074074074074,0.05392156862745098,expression_raw+fitness_screens+published_screens,median,rank,50,0.25,60,compartment
Golgi,0,62,55,0.033394049787492414,0.8870967741935484,0.06436512580456408,expression_raw+fitness_screens+protein_features,median,rank,15,0.0,25,compartment
cytosol,3,214,137,0.15765247410817032,0.6401869158878505,0.2530009233610342,expression_raw+fitness_screens+protein_features,median,rank,15,0.0,25,compartment
micronemes,1,20,1,0.02857142857142857,0.05,0.03636363636363636,expression_raw+fitness_screens+protein_features,median,rank,15,0.0,25,compartment
nucleus - chromatin,0,272,192,0.11657559198542805,0.7058823529411765,0.20010422094841065,expression_raw+fitness_screens+protein_features,median,rank,15,0.0,25,compartment
apicoplast,0,60,43,0.026108075288403157,0.7166666666666667,0.05038078500292911,expression_raw+fitness_screens+protein_features,median,rank,15,0.0,25,compartment
dense granules,1,66,8,0.22857142857142856,0.12121212121212122,0.15841584158415842,expression_raw+fitness_screens+protein_features,median,rank,15,0.0,25,compartment
nucleus - non-chromatin,3,172,93,0.10701956271576525,0.5406976744186046,0.17867435158501438,expression_raw+fitness_screens+protein_features,median,rank,15,0.0,25,compartment
rhoptries 1,1,27,5,0.14285714285714285,0.18518518518518517,0.16129032258064516,expression_raw+fitness_screens+protein_features,median,rank,15,0.0,25,compartment
ER,0,92,83,0.050394656952034,0.9021739130434783,0.09545715928694652,expression_raw+fitness_screens+protein_features,median,rank,15,0.0,25,compartment
apical 1,1,21,2,0.05714285714285714,0.09523809523809523,0.07142857142857142,expression_raw+fitness_screens+protein_features,median,rank,15,0.0,25,compartment
PM - integral,0,53,44,0.02671523982999393,0.8301886792452831,0.05176470588235294,expression_raw+fitness_screens+protein_features,median,rank,15,0.0,25,compartment
nucleolus,3,16,6,0.006904487917146145,0.375,0.013559322033898305,expression_raw+fitness_screens+protein_features,median,rank,15,0.0,25,compartment
PM - peripheral 2,0,16,13,0.007893139040680024,0.8125,0.015634395670475046,expression_raw+fitness_screens+protein_features,median,rank,15,0.0,25,compartment
mitochondrion - soluble,3,101,48,0.05523590333716916,0.4752475247524752,0.09896907216494845,expression_raw+fitness_screens+protein_features,median,rank,15,0.0,25,compartment
mitochondrion - membranes,3,67,30,0.03452243958573072,0.44776119402985076,0.0641025641025641,expression_raw+fitness_screens+protein_features,median,rank,15,0.0,25,compartment
IMC,1,42,2,0.05714285714285714,0.047619047619047616,0.05194805194805195,expression_raw+fitness_screens+protein_features,median,rank,15,0.0,25,compartment
Golgi,0,62,55,0.033394049787492414,0.8870967741935484,0.06436512580456408,expression_raw+fitness_screens+protein_features,median,rank,15,0.0,60,compartment
cytosol,1,215,138,0.15299334811529933,0.641860465116279,0.24709042076991944,expression_raw+fitness_screens+protein_features,median,rank,15,0.0,60,compartment
micronemes,0,19,17,0.010321797207043109,0.8947368421052632,0.020408163265306124,expression_raw+fitness_screens+protein_features,median,rank,15,0.0,60,compartment
nucleus - chromatin,0,273,192,0.11657559198542805,0.7032967032967034,0.2,expression_raw+fitness_screens+protein_features,median,rank,15,0.0,60,compartment
apicoplast,0,61,43,0.026108075288403157,0.7049180327868853,0.05035128805620608,expression_raw+fitness_screens+protein_features,median,rank,15,0.0,60,compartment
dense granules,0,59,44,0.02671523982999393,0.7457627118644068,0.051582649472450184,expression_raw+fitness_screens+protein_features,median,rank,15,0.0,60,compartment
nucleus - non-chromatin,1,172,93,0.10310421286031042,0.5406976744186046,0.17318435754189943,expression_raw+fitness_screens+protein_features,median,rank,15,0.0,60,compartment
rhoptries 1,0,22,17,0.010321797207043109,0.7727272727272727,0.02037147992810066,expression_raw+fitness_screens+protein_features,median,rank,15,0.0,60,compartment
ER,0,92,83,0.050394656952034,0.9021739130434783,0.09545715928694652,expression_raw+fitness_screens+protein_features,median,rank,15,0.0,60,compartment
apical 1,0,19,16,0.009714632665452338,0.8421052631578947,0.019207683073229294,expression_raw+fitness_screens+protein_features,median,rank,15,0.0,60,compartment
PM - integral,0,53,44,0.02671523982999393,0.8301886792452831,0.05176470588235294,expression_raw+fitness_screens+protein_features,median,rank,15,0.0,60,compartment
nucleolus,1,16,6,0.0066518847006651885,0.375,0.0130718954248366,expression_raw+fitness_screens+protein_features,median,rank,15,0.0,60,compartment
PM - peripheral 2,0,16,13,0.007893139040680024,0.8125,0.015634395670475046,expression_raw+fitness_screens+protein_features,median,rank,15,0.0,60,compartment
mitochondrion - soluble,1,100,48,0.05321507760532151,0.48,0.09580838323353294,expression_raw+fitness_screens+protein_features,median,rank,15,0.0,60,compartment
mitochondrion - membranes,1,67,30,0.03325942350332594,0.44776119402985076,0.06191950464396284,expression_raw+fitness_screens+protein_features,median,rank,15,0.0,60,compartment
IMC,1,40,22,0.024390243902439025,0.55,0.04670912951167728,expression_raw+fitness_screens+protein_features,median,rank,15,0.0,60,compartment
Golgi,6,27,5,0.03597122302158273,0.18518518518518517,0.060240963855421686,expression_raw+fitness_screens+protein_features,median,rank,15,0.25,25,compartment
nucleus - chromatin,6,185,28,0.2014388489208633,0.15135135135135136,0.17283950617283952,expression_raw+fitness_screens+protein_features,median,rank,15,0.25,25,compartment
apicoplast,6,45,14,0.10071942446043165,0.3111111111111111,0.15217391304347827,expression_raw+fitness_screens+protein_features,median,rank,15,0.25,25,compartment
dense granules,0,35,7,0.22580645161290322,0.2,0.21212121212121215,expression_raw+fitness_screens+protein_features,median,rank,15,0.25,25,compartment
nucleus - non-chromatin,3,127,86,0.10763454317897372,0.6771653543307087,0.1857451403887689,expression_raw+fitness_screens+protein_features,median,rank,15,0.25,25,compartment
rhoptries 1,0,20,5,0.16129032258064516,0.25,0.19607843137254902,expression_raw+fitness_screens+protein_features,median,rank,15,0.25,25,compartment
ER,4,50,13,0.1566265060240964,0.26,0.19548872180451127,expression_raw+fitness_screens+protein_features,median,rank,15,0.25,25,compartment
PM - integral,4,27,8,0.0963855421686747,0.2962962962962963,0.14545454545454548,expression_raw+fitness_screens+protein_features,median,rank,15,0.25,25,compartment
mitochondrion - soluble,3,75,45,0.056320400500625784,0.6,0.10297482837528604,expression_raw+fitness_screens+protein_features,median,rank,15,0.25,25,compartment
mitochondrion - membranes,4,48,12,0.14457831325301204,0.25,0.18320610687022898,expression_raw+fitness_screens+protein_features,median,rank,15,0.25,25,compartment
cytosol,3,159,128,0.16020025031289112,0.8050314465408805,0.26722338204592905,expression_raw+fitness_screens+protein_features,median,rank,15,0.25,25,compartment
IMC,4,28,4,0.04819277108433735,0.14285714285714285,0.07207207207207209,expression_raw+fitness_screens+protein_features,median,rank,15,0.25,25,compartment
Golgi,0,46,39,0.029411764705882353,0.8478260869565217,0.056851311953352766,expression_raw+fitness_screens+protein_features,median,rank,15,0.25,60,compartment
cytosol,1,168,115,0.15818431911966988,0.6845238095238095,0.2569832402234637,expression_raw+fitness_screens+protein_features,median,rank,15,0.25,60,compartment
nucleus - chromatin,0,244,175,0.13197586726998492,0.7172131147540983,0.22292993630573252,expression_raw+fitness_screens+protein_features,median,rank,15,0.25,60,compartment
apicoplast,0,51,37,0.02790346907993967,0.7254901960784313,0.05374001452432825,expression_raw+fitness_screens+protein_features,median,rank,15,0.25,60,compartment
dense granules,0,40,28,0.021116138763197588,0.7,0.040995607613469986,expression_raw+fitness_screens+protein_features,median,rank,15,0.25,60,compartment
nucleus - non-chromatin,1,144,77,0.10591471801925723,0.5347222222222222,0.17680826636050517,expression_raw+fitness_screens+protein_features,median,rank,15,0.25,60,compartment
rhoptries 1,0,16,13,0.00980392156862745,0.8125,0.019374068554396422,expression_raw+fitness_screens+protein_features,median,rank,15,0.25,60,compartment
ER,0,56,48,0.03619909502262444,0.8571428571428571,0.0694645441389291,expression_raw+fitness_screens+protein_features,median,rank,15,0.25,60,compartment
PM - integral,0,32,24,0.01809954751131222,0.75,0.035346097201767304,expression_raw+fitness_screens+protein_features,median,rank,15,0.25,60,compartment
mitochondrion - soluble,1,87,44,0.06052269601100413,0.5057471264367817,0.1081081081081081,expression_raw+fitness_screens+protein_features,median,rank,15,0.25,60,compartment
mitochondrion - membranes,1,49,25,0.0343878954607978,0.5102040816326531,0.06443298969072166,expression_raw+fitness_screens+protein_features,median,rank,15,0.25,60,compartment
IMC,1,28,19,0.026134800550206328,0.6785714285714286,0.05033112582781457,expression_raw+fitness_screens+protein_features,median,rank,15,0.25,60,compartment
Golgi,5,47,7,0.09210526315789473,0.14893617021276595,0.11382113821138211,expression_raw+fitness_screens+protein_features,median,rank,50,0.0,25,compartment
nucleus - chromatin,14,168,27,0.20300751879699247,0.16071428571428573,0.1794019933554817,expression_raw+fitness_screens+protein_features,median,rank,50,0.0,25,compartment
apicoplast,14,41,14,0.10526315789473684,0.34146341463414637,0.16091954022988506,expression_raw+fitness_screens+protein_features,median,rank,50,0.0,25,compartment
dense granules,0,40,8,0.22857142857142856,0.2,0.21333333333333332,expression_raw+fitness_screens+protein_features,median,rank,50,0.0,25,compartment
nucleus - non-chromatin,8,109,39,0.15853658536585366,0.3577981651376147,0.21971830985915494,expression_raw+fitness_screens+protein_features,median,rank,50,0.0,25,compartment
rhoptries 1,0,16,5,0.14285714285714285,0.3125,0.196078431372549,expression_raw+fitness_screens+protein_features,median,rank,50,0.0,25,compartment
ER,5,74,23,0.3026315789473684,0.3108108108108108,0.30666666666666664,expression_raw+fitness_screens+protein_features,median,rank,50,0.0,25,compartment
PM - integral,6,34,9,0.14516129032258066,0.2647058823529412,0.1875,expression_raw+fitness_screens+protein_features,median,rank,50,0.0,25,compartment
mitochondrion - soluble,8,67,22,0.08943089430894309,0.3283582089552239,0.14057507987220447,expression_raw+fitness_screens+protein_features,median,rank,50,0.0,25,compartment
mitochondrion - membranes,5,46,14,0.18421052631578946,0.30434782608695654,0.22950819672131145,expression_raw+fitness_screens+protein_features,median,rank,50,0.0,25,compartment
cytosol,9,146,41,0.3037037037037037,0.2808219178082192,0.2918149466192171,expression_raw+fitness_screens+protein_features,median,rank,50,0.0,25,compartment
IMC,0,23,2,0.05714285714285714,0.08695652173913043,0.06896551724137931,expression_raw+fitness_screens+protein_features,median,rank,50,0.0,25,compartment
Golgi,3,51,5,0.06578947368421052,0.09803921568627451,0.07874015748031496,expression_raw+fitness_screens+protein_features,median,rank,50,0.0,60,compartment
cytosol,1,211,138,0.15699658703071673,0.6540284360189573,0.25321100917431194,expression_raw+fitness_screens+protein_features,median,rank,50,0.0,60,compartment
micronemes,3,16,4,0.05263157894736842,0.25,0.08695652173913043,expression_raw+fitness_screens+protein_features,median,rank,50,0.0,60,compartment
nucleus - chromatin,2,264,183,0.13718140929535233,0.6931818181818182,0.22903629536921152,expression_raw+fitness_screens+protein_features,median,rank,50,0.0,60,compartment
apicoplast,2,58,41,0.03073463268365817,0.7068965517241379,0.05890804597701149,expression_raw+fitness_screens+protein_features,median,rank,50,0.0,60,compartment
dense granules,2,43,27,0.020239880059970013,0.627906976744186,0.0392156862745098,expression_raw+fitness_screens+protein_features,median,rank,50,0.0,60,compartment
nucleus - non-chromatin,1,162,89,0.1012514220705347,0.5493827160493827,0.17098943323727184,expression_raw+fitness_screens+protein_features,median,rank,50,0.0,60,compartment
rhoptries 1,2,20,16,0.01199400299850075,0.8,0.023633677991137372,expression_raw+fitness_screens+protein_features,median,rank,50,0.0,60,compartment
ER,3,61,10,0.13157894736842105,0.16393442622950818,0.145985401459854,expression_raw+fitness_screens+protein_features,median,rank,50,0.0,60,compartment
apical 1,2,17,15,0.011244377811094454,0.8823529411764706,0.02220577350111029,expression_raw+fitness_screens+protein_features,median,rank,50,0.0,60,compartment
PM - integral,3,38,10,0.13157894736842105,0.2631578947368421,0.17543859649122803,expression_raw+fitness_screens+protein_features,median,rank,50,0.0,60,compartment
PM - peripheral 2,3,15,1,0.013157894736842105,0.06666666666666667,0.021978021978021976,expression_raw+fitness_screens+protein_features,median,rank,50,0.0,60,compartment
mitochondrion - soluble,1,96,48,0.05460750853242321,0.5,0.09846153846153846,expression_raw+fitness_screens+protein_features,median,rank,50,0.0,60,compartment
mitochondrion - membranes,3,52,5,0.06578947368421052,0.09615384615384616,0.078125,expression_raw+fitness_screens+protein_features,median,rank,50,0.0,60,compartment
IMC,1,31,21,0.023890784982935155,0.6774193548387096,0.046153846153846156,expression_raw+fitness_screens+protein_features,median,rank,50,0.0,60,compartment
Golgi,1,44,2,0.07692307692307693,0.045454545454545456,0.05714285714285715,expression_raw+fitness_screens+protein_features,median,rank,50,0.25,25,compartment
cytosol,5,188,126,0.16822429906542055,0.6702127659574468,0.26894343649946634,expression_raw+fitness_screens+protein_features,median,rank,50,0.25,25,compartment
nucleus - chromatin,0,244,172,0.12759643916913946,0.7049180327868853,0.21608040201005027,expression_raw+fitness_screens+protein_features,median,rank,50,0.25,25,compartment
apicoplast,0,56,39,0.028931750741839762,0.6964285714285714,0.05555555555555555,expression_raw+fitness_screens+protein_features,median,rank,50,0.25,25,compartment
dense granules,3,50,7,0.28,0.14,0.18666666666666668,expression_raw+fitness_screens+protein_features,median,rank,50,0.25,25,compartment
nucleus - non-chromatin,5,149,81,0.1081441922563418,0.5436241610738255,0.1804008908685969,expression_raw+fitness_screens+protein_features,median,rank,50,0.25,25,compartment
rhoptries 1,3,21,3,0.12,0.14285714285714285,0.13043478260869565,expression_raw+fitness_screens+protein_features,median,rank,50,0.25,25,compartment
ER,1,58,6,0.23076923076923078,0.10344827586206896,0.14285714285714288,expression_raw+fitness_screens+protein_features,median,rank,50,0.25,25,compartment
apical 1,3,15,1,0.04,0.06666666666666667,0.05,expression_raw+fitness_screens+protein_features,median,rank,50,0.25,25,compartment
PM - integral,0,34,26,0.019287833827893175,0.7647058823529411,0.03762662807525326,expression_raw+fitness_screens+protein_features,median,rank,50,0.25,25,compartment
PM - peripheral 2,0,15,12,0.008902077151335312,0.8,0.01760821716801174,expression_raw+fitness_screens+protein_features,median,rank,50,0.25,25,compartment
mitochondrion - soluble,5,88,42,0.056074766355140186,0.4772727272727273,0.10035842293906809,expression_raw+fitness_screens+protein_features,median,rank,50,0.25,25,compartment
mitochondrion - membranes,1,53,9,0.34615384615384615,0.16981132075471697,0.2278481012658228,expression_raw+fitness_screens+protein_features,median,rank,50,0.25,25,compartment
IMC,3,30,2,0.08,0.06666666666666667,0.07272727272727272,expression_raw+fitness_screens+protein_features,median,rank,50,0.25,25,compartment
Golgi,0,41,35,0.027237354085603113,0.8536585365853658,0.05279034690799397,expression_raw+fitness_screens+protein_features,median,rank,50,0.25,60,compartment
cytosol,1,185,127,0.16955941255006676,0.6864864864864865,0.27194860813704497,expression_raw+fitness_screens+protein_features,median,rank,50,0.25,60,compartment
nucleus - chromatin,0,242,171,0.1330739299610895,0.7066115702479339,0.22396856581532415,expression_raw+fitness_screens+protein_features,median,rank,50,0.25,60,compartment
apicoplast,0,55,38,0.029571984435797664,0.6909090909090909,0.05671641791044776,expression_raw+fitness_screens+protein_features,median,rank,50,0.25,60,compartment
dense granules,0,42,30,0.023346303501945526,0.7142857142857143,0.04521477015825169,expression_raw+fitness_screens+protein_features,median,rank,50,0.25,60,compartment
nucleus - non-chromatin,1,148,81,0.1081441922563418,0.5472972972972973,0.18060200668896323,expression_raw+fitness_screens+protein_features,median,rank,50,0.25,60,compartment
rhoptries 1,0,17,14,0.010894941634241245,0.8235294117647058,0.021505376344086023,expression_raw+fitness_screens+protein_features,median,rank,50,0.25,60,compartment
ER,0,50,41,0.031906614785992216,0.82,0.06142322097378277,expression_raw+fitness_screens+protein_features,median,rank,50,0.25,60,compartment
apical 1,0,15,14,0.010894941634241245,0.9333333333333333,0.021538461538461538,expression_raw+fitness_screens+protein_features,median,rank,50,0.25,60,compartment
PM - integral,0,26,20,0.01556420233463035,0.7692307692307693,0.03051106025934401,expression_raw+fitness_screens+protein_features,median,rank,50,0.25,60,compartment
mitochondrion - soluble,1,88,45,0.06008010680907877,0.5113636363636364,0.10752688172043012,expression_raw+fitness_screens+protein_features,median,rank,50,0.25,60,compartment
mitochondrion - membranes,1,38,24,0.03204272363150868,0.631578947368421,0.060991105463786534,expression_raw+fitness_screens+protein_features,median,rank,50,0.25,60,compartment
IMC,1,25,17,0.022696929238985315,0.68,0.043927648578811374,expression_raw+fitness_screens+protein_features,median,rank,50,0.25,60,compartment
Golgi,7,59,7,0.035,0.11864406779661017,0.054054054054054064,expression_raw+fitness_screens+interactions,median,rank,15,0.0,25,compartment
cytosol,1,206,38,0.33043478260869563,0.18446601941747573,0.2367601246105919,expression_raw+fitness_screens+interactions,median,rank,15,0.0,25,compartment
micronemes,1,17,2,0.017391304347826087,0.11764705882352941,0.030303030303030297,expression_raw+fitness_screens+interactions,median,rank,15,0.0,25,compartment
nucleus - chromatin,3,270,193,0.12961719274680994,0.7148148148148148,0.21944286526435475,expression_raw+fitness_screens+interactions,median,rank,15,0.0,25,compartment
apicoplast,3,60,46,0.03089321692411014,0.7666666666666667,0.05939315687540348,expression_raw+fitness_screens+interactions,median,rank,15,0.0,25,compartment
dense granules,3,62,39,0.026192075218267292,0.6290322580645161,0.050290135396518366,expression_raw+fitness_screens+interactions,median,rank,15,0.0,25,compartment
nucleus - non-chromatin,1,166,24,0.20869565217391303,0.14457831325301204,0.17081850533807827,expression_raw+fitness_screens+interactions,median,rank,15,0.0,25,compartment
rhoptries 1,0,24,3,0.018292682926829267,0.125,0.031914893617021274,expression_raw+fitness_screens+interactions,median,rank,15,0.0,25,compartment
ER,7,90,18,0.09,0.2,0.12413793103448273,expression_raw+fitness_screens+interactions,median,rank,15,0.0,25,compartment
apical 1,3,20,17,0.011417058428475487,0.85,0.02253147779986746,expression_raw+fitness_screens+interactions,median,rank,15,0.0,25,compartment
PM - integral,7,50,13,0.065,0.26,0.10400000000000001,expression_raw+fitness_screens+interactions,median,rank,15,0.0,25,compartment
nucleolus,7,16,2,0.01,0.125,0.018518518518518517,expression_raw+fitness_screens+interactions,median,rank,15,0.0,25,compartment
PM - peripheral 2,3,16,12,0.008059100067159167,0.75,0.015946843853820596,expression_raw+fitness_screens+interactions,median,rank,15,0.0,25,compartment
mitochondrion - soluble,2,98,28,0.05363984674329502,0.2857142857142857,0.09032258064516129,expression_raw+fitness_screens+interactions,median,rank,15,0.0,25,compartment
mitochondrion - membranes,0,66,11,0.06707317073170732,0.16666666666666666,0.09565217391304348,expression_raw+fitness_screens+interactions,median,rank,15,0.0,25,compartment
IMC,0,41,10,0.06097560975609756,0.24390243902439024,0.09756097560975609,expression_raw+fitness_screens+interactions,median,rank,15,0.0,25,compartment
Golgi,1,61,39,0.026192075218267292,0.639344262295082,0.05032258064516129,expression_raw+fitness_screens+interactions,median,rank,15,0.0,60,compartment
cytosol,3,213,38,0.33043478260869563,0.1784037558685446,0.23170731707317072,expression_raw+fitness_screens+interactions,median,rank,15,0.0,60,compartment
micronemes,3,19,2,0.017391304347826087,0.10526315789473684,0.029850746268656716,expression_raw+fitness_screens+interactions,median,rank,15,0.0,60,compartment
nucleus - chromatin,1,269,193,0.12961719274680994,0.7174721189591078,0.21956769055745165,expression_raw+fitness_screens+interactions,median,rank,15,0.0,60,compartment
apicoplast,1,61,46,0.03089321692411014,0.7540983606557377,0.05935483870967742,expression_raw+fitness_screens+interactions,median,rank,15,0.0,60,compartment
dense granules,1,67,39,0.026192075218267292,0.582089552238806,0.050128534704370176,expression_raw+fitness_screens+interactions,median,rank,15,0.0,60,compartment
nucleus - non-chromatin,3,169,24,0.20869565217391303,0.14201183431952663,0.16901408450704225,expression_raw+fitness_screens+interactions,median,rank,15,0.0,60,compartment
rhoptries 1,2,26,3,0.01910828025477707,0.11538461538461539,0.03278688524590164,expression_raw+fitness_screens+interactions,median,rank,15,0.0,60,compartment
ER,5,92,20,0.057803468208092484,0.21739130434782608,0.09132420091324202,expression_raw+fitness_screens+interactions,median,rank,15,0.0,60,compartment
apical 1,1,20,17,0.011417058428475487,0.85,0.02253147779986746,expression_raw+fitness_screens+interactions,median,rank,15,0.0,60,compartment
PM - integral,5,52,16,0.046242774566473986,0.3076923076923077,0.08040201005025126,expression_raw+fitness_screens+interactions,median,rank,15,0.0,60,compartment
nucleolus,1,16,11,0.007387508394895903,0.6875,0.01461794019933555,expression_raw+fitness_screens+interactions,median,rank,15,0.0,60,compartment
PM - peripheral 2,1,16,12,0.008059100067159167,0.75,0.015946843853820596,expression_raw+fitness_screens+interactions,median,rank,15,0.0,60,compartment
mitochondrion - soluble,0,100,28,0.05363984674329502,0.28,0.09003215434083602,expression_raw+fitness_screens+interactions,median,rank,15,0.0,60,compartment
mitochondrion - membranes,2,66,11,0.07006369426751592,0.16666666666666666,0.09865470852017937,expression_raw+fitness_screens+interactions,median,rank,15,0.0,60,compartment
IMC,2,40,10,0.06369426751592357,0.25,0.10152284263959391,expression_raw+fitness_screens+interactions,median,rank,15,0.0,60,compartment
PM - peripheral 1,5,15,10,0.028901734104046242,0.6666666666666666,0.055401662049861494,expression_raw+fitness_screens+interactions,median,rank,15,0.0,60,compartment
Golgi,2,57,38,0.027142857142857142,0.6666666666666666,0.05216197666437886,expression_raw+fitness_screens+interactions,median,rank,15,0.25,25,compartment
cytosol,1,188,38,0.3333333333333333,0.20212765957446807,0.2516556291390728,expression_raw+fitness_screens+interactions,median,rank,15,0.25,25,compartment
nucleus - chromatin,2,253,183,0.13071428571428573,0.7233201581027668,0.22141560798548093,expression_raw+fitness_screens+interactions,median,rank,15,0.25,25,compartment
apicoplast,2,56,42,0.03,0.75,0.05769230769230769,expression_raw+fitness_screens+interactions,median,rank,15,0.25,25,compartment
dense granules,1,51,4,0.03508771929824561,0.0784313725490196,0.048484848484848485,expression_raw+fitness_screens+interactions,median,rank,15,0.25,25,compartment
nucleus - non-chromatin,1,162,24,0.21052631578947367,0.14814814814814814,0.17391304347826086,expression_raw+fitness_screens+interactions,median,rank,15,0.25,25,compartment
rhoptries 1,0,19,2,0.016,0.10526315789473684,0.027777777777777776,expression_raw+fitness_screens+interactions,median,rank,15,0.25,25,compartment
ER,4,81,18,0.06405693950177936,0.2222222222222222,0.09944751381215469,expression_raw+fitness_screens+interactions,median,rank,15,0.25,25,compartment
apical 1,2,19,16,0.011428571428571429,0.8421052631578947,0.02255109231853418,expression_raw+fitness_screens+interactions,median,rank,15,0.25,25,compartment
PM - integral,4,44,12,0.042704626334519574,0.2727272727272727,0.07384615384615385,expression_raw+fitness_screens+interactions,median,rank,15,0.25,25,compartment
nucleolus,0,15,1,0.008,0.06666666666666667,0.014285714285714289,expression_raw+fitness_screens+interactions,median,rank,15,0.25,25,compartment
PM - peripheral 2,2,16,12,0.008571428571428572,0.75,0.016949152542372885,expression_raw+fitness_screens+interactions,median,rank,15,0.25,25,compartment
mitochondrion - soluble,3,92,25,0.05296610169491525,0.2717391304347826,0.08865248226950355,expression_raw+fitness_screens+interactions,median,rank,15,0.25,25,compartment
mitochondrion - membranes,0,60,10,0.08,0.16666666666666666,0.10810810810810811,expression_raw+fitness_screens+interactions,median,rank,15,0.25,25,compartment
IMC,0,38,10,0.08,0.2631578947368421,0.12269938650306748,expression_raw+fitness_screens+interactions,median,rank,15,0.25,25,compartment
Golgi,4,56,37,0.02730627306273063,0.6607142857142857,0.052445074415308296,expression_raw+fitness_screens+interactions,median,rank,15,0.25,60,compartment
cytosol,2,172,35,0.330188679245283,0.20348837209302326,0.2517985611510792,expression_raw+fitness_screens+interactions,median,rank,15,0.25,60,compartment
micronemes,2,15,2,0.018867924528301886,0.13333333333333333,0.03305785123966942,expression_raw+fitness_screens+interactions,median,rank,15,0.25,60,compartment
nucleus - chromatin,4,241,176,0.12988929889298892,0.7302904564315352,0.22055137844611525,expression_raw+fitness_screens+interactions,median,rank,15,0.25,60,compartment
apicoplast,4,53,40,0.02952029520295203,0.7547169811320755,0.05681818181818181,expression_raw+fitness_screens+interactions,median,rank,15,0.25,60,compartment
dense granules,2,51,4,0.03773584905660377,0.0784313725490196,0.050955414012738856,expression_raw+fitness_screens+interactions,median,rank,15,0.25,60,compartment
nucleus - non-chromatin,2,150,24,0.22641509433962265,0.16,0.18750000000000003,expression_raw+fitness_screens+interactions,median,rank,15,0.25,60,compartment
rhoptries 1,1,16,1,0.011904761904761904,0.0625,0.02,expression_raw+fitness_screens+interactions,median,rank,15,0.25,60,compartment
ER,0,77,19,0.06354515050167224,0.24675324675324675,0.10106382978723405,expression_raw+fitness_screens+interactions,median,rank,15,0.25,60,compartment
apical 1,4,16,14,0.010332103321033211,0.875,0.020423048869438368,expression_raw+fitness_screens+interactions,median,rank,15,0.25,60,compartment
PM - integral,0,44,13,0.043478260869565216,0.29545454545454547,0.07580174927113702,expression_raw+fitness_screens+interactions,median,rank,15,0.25,60,compartment
PM - peripheral 2,4,16,12,0.008856088560885609,0.75,0.0175054704595186,expression_raw+fitness_screens+interactions,median,rank,15,0.25,60,compartment
mitochondrion - soluble,5,85,23,0.05054945054945055,0.27058823529411763,0.0851851851851852,expression_raw+fitness_screens+interactions,median,rank,15,0.25,60,compartment
mitochondrion - membranes,1,54,7,0.08333333333333333,0.12962962962962962,0.10144927536231883,expression_raw+fitness_screens+interactions,median,rank,15,0.25,60,compartment
IMC,1,35,7,0.08333333333333333,0.2,0.11764705882352941,expression_raw+fitness_screens+interactions,median,rank,15,0.25,60,compartment
Golgi,0,60,39,0.026621160409556314,0.65,0.05114754098360656,expression_raw+fitness_screens+interactions,median,rank,50,0.0,25,compartment
cytosol,2,209,38,0.3275862068965517,0.18181818181818182,0.23384615384615387,expression_raw+fitness_screens+interactions,median,rank,50,0.0,25,compartment
micronemes,2,17,2,0.017241379310344827,0.11764705882352941,0.03007518796992481,expression_raw+fitness_screens+interactions,median,rank,50,0.0,25,compartment
nucleus - chromatin,0,268,190,0.1296928327645051,0.7089552238805971,0.21927293710328907,expression_raw+fitness_screens+interactions,median,rank,50,0.0,25,compartment
apicoplast,0,61,45,0.030716723549488054,0.7377049180327869,0.05897771952817824,expression_raw+fitness_screens+interactions,median,rank,50,0.0,25,compartment
dense granules,0,63,37,0.025255972696245733,0.5873015873015873,0.04842931937172775,expression_raw+fitness_screens+interactions,median,rank,50,0.0,25,compartment
nucleus - non-chromatin,2,167,24,0.20689655172413793,0.1437125748502994,0.16961130742049468,expression_raw+fitness_screens+interactions,median,rank,50,0.0,25,compartment
rhoptries 1,1,23,2,0.012578616352201259,0.08695652173913043,0.02197802197802198,expression_raw+fitness_screens+interactions,median,rank,50,0.0,25,compartment
ER,5,91,20,0.06451612903225806,0.21978021978021978,0.09975062344139651,expression_raw+fitness_screens+interactions,median,rank,50,0.0,25,compartment
apical 1,0,19,16,0.010921501706484642,0.8421052631578947,0.0215633423180593,expression_raw+fitness_screens+interactions,median,rank,50,0.0,25,compartment
PM - integral,5,50,13,0.041935483870967745,0.26,0.07222222222222223,expression_raw+fitness_screens+interactions,median,rank,50,0.0,25,compartment
nucleolus,0,16,11,0.007508532423208191,0.6875,0.014854827819041188,expression_raw+fitness_screens+interactions,median,rank,50,0.0,25,compartment
PM - peripheral 2,0,16,12,0.008191126279863481,0.75,0.016205266711681297,expression_raw+fitness_screens+interactions,median,rank,50,0.0,25,compartment
mitochondrion - soluble,3,100,29,0.05609284332688588,0.29,0.09400324149108591,expression_raw+fitness_screens+interactions,median,rank,50,0.0,25,compartment
mitochondrion - membranes,1,65,11,0.06918238993710692,0.16923076923076924,0.09821428571428571,expression_raw+fitness_screens+interactions,median,rank,50,0.0,25,compartment
IMC,1,38,10,0.06289308176100629,0.2631578947368421,0.10152284263959391,expression_raw+fitness_screens+interactions,median,rank,50,0.0,25,compartment
Golgi,3,59,39,0.026730637422892393,0.6610169491525424,0.05138339920948617,expression_raw+fitness_screens+interactions,median,rank,50,0.0,60,compartment
cytosol,5,202,37,0.3274336283185841,0.18316831683168316,0.23492063492063492,expression_raw+fitness_screens+interactions,median,rank,50,0.0,60,compartment
micronemes,5,17,2,0.017699115044247787,0.11764705882352941,0.03076923076923077,expression_raw+fitness_screens+interactions,median,rank,50,0.0,60,compartment
nucleus - chromatin,3,264,189,0.1295407813570939,0.7159090909090909,0.21938479396401625,expression_raw+fitness_screens+interactions,median,rank,50,0.0,60,compartment
apicoplast,3,61,45,0.030843043180260453,0.7377049180327869,0.05921052631578948,expression_raw+fitness_screens+interactions,median,rank,50,0.0,60,compartment
dense granules,3,57,37,0.025359835503769704,0.6491228070175439,0.04881266490765171,expression_raw+fitness_screens+interactions,median,rank,50,0.0,60,compartment
nucleus - non-chromatin,5,165,24,0.21238938053097345,0.14545454545454545,0.1726618705035971,expression_raw+fitness_screens+interactions,median,rank,50,0.0,60,compartment
rhoptries 1,4,21,2,0.014084507042253521,0.09523809523809523,0.024539877300613498,expression_raw+fitness_screens+interactions,median,rank,50,0.0,60,compartment
ER,0,90,20,0.0641025641025641,0.2222222222222222,0.09950248756218905,expression_raw+fitness_screens+interactions,median,rank,50,0.0,60,compartment
apical 1,3,19,16,0.010966415352981495,0.8421052631578947,0.02165087956698241,expression_raw+fitness_screens+interactions,median,rank,50,0.0,60,compartment
PM - integral,0,49,13,0.041666666666666664,0.2653061224489796,0.07202216066481994,expression_raw+fitness_screens+interactions,median,rank,50,0.0,60,compartment
nucleolus,3,15,11,0.0075394105551747775,0.7333333333333333,0.014925373134328358,expression_raw+fitness_screens+interactions,median,rank,50,0.0,60,compartment
PM - peripheral 2,3,16,12,0.00822481151473612,0.75,0.016271186440677966,expression_raw+fitness_screens+interactions,median,rank,50,0.0,60,compartment
mitochondrion - soluble,2,96,29,0.055984555984555984,0.3020833333333333,0.09446254071661238,expression_raw+fitness_screens+interactions,median,rank,50,0.0,60,compartment
mitochondrion - membranes,4,66,11,0.07746478873239436,0.16666666666666666,0.10576923076923077,expression_raw+fitness_screens+interactions,median,rank,50,0.0,60,compartment
IMC,4,37,10,0.07042253521126761,0.2702702702702703,0.11173184357541899,expression_raw+fitness_screens+interactions,median,rank,50,0.0,60,compartment
Golgi,0,54,37,0.026599568655643422,0.6851851851851852,0.05121107266435987,expression_raw+fitness_screens+interactions,median,rank,50,0.25,25,compartment
cytosol,3,179,36,0.32727272727272727,0.2011173184357542,0.2491349480968858,expression_raw+fitness_screens+interactions,median,rank,50,0.25,25,compartment
micronemes,3,15,2,0.01818181818181818,0.13333333333333333,0.032,expression_raw+fitness_screens+interactions,median,rank,50,0.25,25,compartment
nucleus - chromatin,0,256,185,0.13299784327821712,0.72265625,0.22465088038858536,expression_raw+fitness_screens+interactions,median,rank,50,0.25,25,compartment
apicoplast,0,55,43,0.030913012221423435,0.7818181818181819,0.05947441217150761,expression_raw+fitness_screens+interactions,median,rank,50,0.25,25,compartment
dense granules,3,48,4,0.03636363636363636,0.08333333333333333,0.050632911392405056,expression_raw+fitness_screens+interactions,median,rank,50,0.25,25,compartment
nucleus - non-chromatin,3,156,24,0.21818181818181817,0.15384615384615385,0.1804511278195489,expression_raw+fitness_screens+interactions,median,rank,50,0.25,25,compartment
rhoptries 1,0,19,15,0.010783608914450037,0.7894736842105263,0.02127659574468085,expression_raw+fitness_screens+interactions,median,rank,50,0.25,25,compartment
ER,2,83,18,0.06593406593406594,0.21686746987951808,0.10112359550561797,expression_raw+fitness_screens+interactions,median,rank,50,0.25,25,compartment
apical 1,0,17,16,0.011502516175413372,0.9411764705882353,0.022727272727272728,expression_raw+fitness_screens+interactions,median,rank,50,0.25,25,compartment
PM - integral,2,45,11,0.040293040293040296,0.24444444444444444,0.06918238993710692,expression_raw+fitness_screens+interactions,median,rank,50,0.25,25,compartment
PM - peripheral 2,0,16,12,0.008626887131560028,0.75,0.017057569296375266,expression_raw+fitness_screens+interactions,median,rank,50,0.25,25,compartment
mitochondrion - soluble,4,86,24,0.05194805194805195,0.27906976744186046,0.08759124087591241,expression_raw+fitness_screens+interactions,median,rank,50,0.25,25,compartment
mitochondrion - membranes,5,60,10,0.09345794392523364,0.16666666666666666,0.11976047904191617,expression_raw+fitness_screens+interactions,median,rank,50,0.25,25,compartment
IMC,5,35,10,0.09345794392523364,0.2857142857142857,0.1408450704225352,expression_raw+fitness_screens+interactions,median,rank,50,0.25,25,compartment
Golgi,2,50,35,0.02635542168674699,0.7,0.050798258345428164,expression_raw+fitness_screens+interactions,median,rank,50,0.25,60,compartment
cytosol,3,164,32,0.3047619047619048,0.1951219512195122,0.23791821561338292,expression_raw+fitness_screens+interactions,median,rank,50,0.25,60,compartment
micronemes,3,15,2,0.01904761904761905,0.13333333333333333,0.03333333333333333,expression_raw+fitness_screens+interactions,median,rank,50,0.25,60,compartment
nucleus - chromatin,2,235,176,0.13253012048192772,0.7489361702127659,0.22520793346129242,expression_raw+fitness_screens+interactions,median,rank,50,0.25,60,compartment
apicoplast,2,53,41,0.030873493975903613,0.7735849056603774,0.05937726285300506,expression_raw+fitness_screens+interactions,median,rank,50,0.25,60,compartment
dense granules,3,46,4,0.0380952380952381,0.08695652173913043,0.05298013245033113,expression_raw+fitness_screens+interactions,median,rank,50,0.25,60,compartment
nucleus - non-chromatin,3,141,24,0.22857142857142856,0.1702127659574468,0.19512195121951217,expression_raw+fitness_screens+interactions,median,rank,50,0.25,60,compartment
rhoptries 1,2,17,14,0.010542168674698794,0.8235294117647058,0.020817843866171002,expression_raw+fitness_screens+interactions,median,rank,50,0.25,60,compartment
ER,1,72,15,0.05928853754940711,0.20833333333333334,0.0923076923076923,expression_raw+fitness_screens+interactions,median,rank,50,0.25,60,compartment
apical 1,2,16,15,0.011295180722891566,0.9375,0.022321428571428572,expression_raw+fitness_screens+interactions,median,rank,50,0.25,60,compartment
PM - integral,1,41,10,0.039525691699604744,0.24390243902439024,0.06802721088435375,expression_raw+fitness_screens+interactions,median,rank,50,0.25,60,compartment
mitochondrion - soluble,5,81,6,0.09836065573770492,0.07407407407407407,0.08450704225352113,expression_raw+fitness_screens+interactions,median,rank,50,0.25,60,compartment
mitochondrion - membranes,4,48,19,0.043478260869565216,0.3958333333333333,0.07835051546391752,expression_raw+fitness_screens+interactions,median,rank,50,0.25,60,compartment
IMC,5,32,6,0.09836065573770492,0.1875,0.12903225806451613,expression_raw+fitness_screens+interactions,median,rank,50,0.25,60,compartment
Golgi,0,62,42,0.02920723226703755,0.6774193548387096,0.056,expression_raw+published_screens+protein_features,median,rank,15,0.0,25,compartment
cytosol,1,215,130,0.08322663252240717,0.6046511627906976,0.14631401238041644,expression_raw+published_screens+protein_features,median,rank,15,0.0,25,compartment
micronemes,1,20,12,0.0076824583866837385,0.6,0.015170670037926675,expression_raw+published_screens+protein_features,median,rank,15,0.0,25,compartment
nucleus - chromatin,0,273,194,0.1349095966620306,0.7106227106227107,0.22676797194623025,expression_raw+published_screens+protein_features,median,rank,15,0.0,25,compartment
apicoplast,0,61,43,0.029902642559109873,0.7049180327868853,0.05737158105403602,expression_raw+published_screens+protein_features,median,rank,15,0.0,25,compartment
dense granules,0,68,36,0.025034770514603615,0.5294117647058824,0.04780876494023904,expression_raw+published_screens+protein_features,median,rank,15,0.0,25,compartment
nucleus - non-chromatin,0,172,85,0.05910987482614743,0.4941860465116279,0.10559006211180125,expression_raw+published_screens+protein_features,median,rank,15,0.0,25,compartment
rhoptries 1,0,27,16,0.011126564673157162,0.5925925925925926,0.02184300341296928,expression_raw+published_screens+protein_features,median,rank,15,0.0,25,compartment
ER,1,92,53,0.03393085787451985,0.5760869565217391,0.06408706166868197,expression_raw+published_screens+protein_features,median,rank,15,0.0,25,compartment
apical 1,0,21,16,0.011126564673157162,0.7619047619047619,0.021932830705962986,expression_raw+published_screens+protein_features,median,rank,15,0.0,25,compartment
PM - integral,1,53,33,0.02112676056338028,0.6226415094339622,0.04086687306501548,expression_raw+published_screens+protein_features,median,rank,15,0.0,25,compartment
nucleolus,0,16,10,0.006954102920723227,0.625,0.01375515818431912,expression_raw+published_screens+protein_features,median,rank,15,0.0,25,compartment
PM - peripheral 2,0,16,12,0.008344923504867872,0.75,0.016506189821182942,expression_raw+published_screens+protein_features,median,rank,15,0.0,25,compartment
mitochondrion - soluble,1,101,53,0.03393085787451985,0.5247524752475248,0.06374022850270594,expression_raw+published_screens+protein_features,median,rank,15,0.0,25,compartment
mitochondrion - membranes,1,67,46,0.029449423815621,0.6865671641791045,0.056476365868631064,expression_raw+published_screens+protein_features,median,rank,15,0.0,25,compartment
IMC,1,42,30,0.019206145966709345,0.7142857142857143,0.037406483790523685,expression_raw+published_screens+protein_features,median,rank,15,0.0,25,compartment
PM - peripheral 1,1,15,15,0.009603072983354673,1.0,0.01902346227013316,expression_raw+published_screens+protein_features,median,rank,15,0.0,25,compartment
Golgi,0,62,42,0.02920723226703755,0.6774193548387096,0.056,expression_raw+published_screens+protein_features,median,rank,15,0.0,60,compartment
cytosol,1,215,130,0.08322663252240717,0.6046511627906976,0.14631401238041644,expression_raw+published_screens+protein_features,median,rank,15,0.0,60,compartment
micronemes,1,20,12,0.0076824583866837385,0.6,0.015170670037926675,expression_raw+published_screens+protein_features,median,rank,15,0.0,60,compartment
nucleus - chromatin,0,273,194,0.1349095966620306,0.7106227106227107,0.22676797194623025,expression_raw+published_screens+protein_features,median,rank,15,0.0,60,compartment
apicoplast,0,61,43,0.029902642559109873,0.7049180327868853,0.05737158105403602,expression_raw+published_screens+protein_features,median,rank,15,0.0,60,compartment
dense granules,0,68,36,0.025034770514603615,0.5294117647058824,0.04780876494023904,expression_raw+published_screens+protein_features,median,rank,15,0.0,60,compartment
nucleus - non-chromatin,0,172,85,0.05910987482614743,0.4941860465116279,0.10559006211180125,expression_raw+published_screens+protein_features,median,rank,15,0.0,60,compartment
rhoptries 1,0,27,16,0.011126564673157162,0.5925925925925926,0.02184300341296928,expression_raw+published_screens+protein_features,median,rank,15,0.0,60,compartment
ER,1,92,53,0.03393085787451985,0.5760869565217391,0.06408706166868197,expression_raw+published_screens+protein_features,median,rank,15,0.0,60,compartment
apical 1,0,21,16,0.011126564673157162,0.7619047619047619,0.021932830705962986,expression_raw+published_screens+protein_features,median,rank,15,0.0,60,compartment
PM - integral,1,53,33,0.02112676056338028,0.6226415094339622,0.04086687306501548,expression_raw+published_screens+protein_features,median,rank,15,0.0,60,compartment
nucleolus,0,16,10,0.006954102920723227,0.625,0.01375515818431912,expression_raw+published_screens+protein_features,median,rank,15,0.0,60,compartment
PM - peripheral 2,0,16,12,0.008344923504867872,0.75,0.016506189821182942,expression_raw+published_screens+protein_features,median,rank,15,0.0,60,compartment
mitochondrion - soluble,1,101,53,0.03393085787451985,0.5247524752475248,0.06374022850270594,expression_raw+published_screens+protein_features,median,rank,15,0.0,60,compartment
mitochondrion - membranes,1,67,46,0.029449423815621,0.6865671641791045,0.056476365868631064,expression_raw+published_screens+protein_features,median,rank,15,0.0,60,compartment
IMC,1,42,30,0.019206145966709345,0.7142857142857143,0.037406483790523685,expression_raw+published_screens+protein_features,median,rank,15,0.0,60,compartment
PM - peripheral 1,1,15,15,0.009603072983354673,1.0,0.01902346227013316,expression_raw+published_screens+protein_features,median,rank,15,0.0,60,compartment
Golgi,2,60,14,0.07407407407407407,0.23333333333333334,0.11244979919678713,expression_raw+published_screens+protein_features,median,rank,15,0.25,25,compartment
cytosol,6,159,22,0.25,0.13836477987421383,0.17813765182186236,expression_raw+published_screens+protein_features,median,rank,15,0.25,25,compartment
nucleus - chromatin,0,235,189,0.1347113328581611,0.8042553191489362,0.23076923076923078,expression_raw+published_screens+protein_features,median,rank,15,0.25,25,compartment
apicoplast,0,52,44,0.03136136849607983,0.8461538461538461,0.06048109965635739,expression_raw+published_screens+protein_features,median,rank,15,0.25,25,compartment
dense granules,5,46,2,0.05,0.043478260869565216,0.046511627906976744,expression_raw+published_screens+protein_features,median,rank,15,0.25,25,compartment
nucleus - non-chromatin,8,140,18,0.20224719101123595,0.12857142857142856,0.1572052401746725,expression_raw+published_screens+protein_features,median,rank,15,0.25,25,compartment
rhoptries 1,7,20,2,0.020833333333333332,0.1,0.034482758620689655,expression_raw+published_screens+protein_features,median,rank,15,0.25,25,compartment
ER,2,86,41,0.21693121693121692,0.47674418604651164,0.29818181818181816,expression_raw+published_screens+protein_features,median,rank,15,0.25,25,compartment
apical 1,0,15,15,0.010691375623663579,1.0,0.021156558533145277,expression_raw+published_screens+protein_features,median,rank,15,0.25,25,compartment
PM - integral,2,45,22,0.1164021164021164,0.4888888888888889,0.18803418803418803,expression_raw+published_screens+protein_features,median,rank,15,0.25,25,compartment
mitochondrion - soluble,4,77,11,0.08333333333333333,0.14285714285714285,0.10526315789473685,expression_raw+published_screens+protein_features,median,rank,15,0.25,25,compartment
mitochondrion - membranes,2,57,17,0.08994708994708994,0.2982456140350877,0.13821138211382114,expression_raw+published_screens+protein_features,median,rank,15,0.25,25,compartment
IMC,6,30,6,0.06818181818181818,0.2,0.10169491525423728,expression_raw+published_screens+protein_features,median,rank,15,0.25,25,compartment
Golgi,0,62,42,0.029227557411273485,0.6774193548387096,0.056037358238825885,expression_raw+published_screens+protein_features,median,rank,15,0.25,60,compartment
cytosol,1,215,130,0.08655126498002663,0.6046511627906976,0.151426907396622,expression_raw+published_screens+protein_features,median,rank,15,0.25,60,compartment
micronemes,0,16,8,0.0055671537926235215,0.5,0.011011699931176877,expression_raw+published_screens+protein_features,median,rank,15,0.25,60,compartment
nucleus - chromatin,0,273,193,0.13430758524704245,0.706959706959707,0.2257309941520468,expression_raw+published_screens+protein_features,median,rank,15,0.25,60,compartment
apicoplast,0,61,45,0.031315240083507306,0.7377049180327869,0.06008010680907878,expression_raw+published_screens+protein_features,median,rank,15,0.25,60,compartment
dense granules,0,65,36,0.025052192066805846,0.5538461538461539,0.04793608521970706,expression_raw+published_screens+protein_features,median,rank,15,0.25,60,compartment
nucleus - non-chromatin,0,172,85,0.05915100904662491,0.4941860465116279,0.10565568676196394,expression_raw+published_screens+protein_features,median,rank,15,0.25,60,compartment
rhoptries 1,0,24,16,0.011134307585247043,0.6666666666666666,0.02190280629705681,expression_raw+published_screens+protein_features,median,rank,15,0.25,60,compartment
ER,1,92,53,0.035286284953395475,0.5760869565217391,0.06649937264742785,expression_raw+published_screens+protein_features,median,rank,15,0.25,60,compartment
apical 1,0,20,16,0.011134307585247043,0.8,0.02196293754289636,expression_raw+published_screens+protein_features,median,rank,15,0.25,60,compartment
PM - integral,1,53,33,0.021970705725699067,0.6226415094339622,0.042443729903536974,expression_raw+published_screens+protein_features,median,rank,15,0.25,60,compartment
nucleolus,0,16,10,0.006958942240779402,0.625,0.013764624913971095,expression_raw+published_screens+protein_features,median,rank,15,0.25,60,compartment
PM - peripheral 2,0,16,12,0.008350730688935281,0.75,0.01651754989676531,expression_raw+published_screens+protein_features,median,rank,15,0.25,60,compartment
mitochondrion - soluble,1,101,53,0.035286284953395475,0.5247524752475248,0.066126013724267,expression_raw+published_screens+protein_features,median,rank,15,0.25,60,compartment
mitochondrion - membranes,1,67,46,0.03062583222370173,0.6865671641791045,0.05863607393244104,expression_raw+published_screens+protein_features,median,rank,15,0.25,60,compartment
IMC,1,42,30,0.019973368841544607,0.7142857142857143,0.038860103626943,expression_raw+published_screens+protein_features,median,rank,15,0.25,60,compartment
Golgi,0,62,42,0.028846153846153848,0.6774193548387096,0.05533596837944665,expression_raw+published_screens+protein_features,median,rank,50,0.0,25,compartment
cytosol,1,215,130,0.08419689119170984,0.6046511627906976,0.14781125639567935,expression_raw+published_screens+protein_features,median,rank,50,0.0,25,compartment
micronemes,1,20,11,0.007124352331606218,0.55,0.014066496163682865,expression_raw+published_screens+protein_features,median,rank,50,0.0,25,compartment
nucleus - chromatin,0,273,193,0.13255494505494506,0.706959706959707,0.22325043377674958,expression_raw+published_screens+protein_features,median,rank,50,0.0,25,compartment
apicoplast,0,61,45,0.030906593406593408,0.7377049180327869,0.059327620303230064,expression_raw+published_screens+protein_features,median,rank,50,0.0,25,compartment
dense granules,0,68,36,0.024725274725274724,0.5294117647058824,0.047244094488188976,expression_raw+published_screens+protein_features,median,rank,50,0.0,25,compartment
nucleus - non-chromatin,0,172,84,0.057692307692307696,0.4883720930232558,0.1031941031941032,expression_raw+published_screens+protein_features,median,rank,50,0.0,25,compartment
rhoptries 1,0,27,16,0.01098901098901099,0.5925925925925926,0.021577882670262984,expression_raw+published_screens+protein_features,median,rank,50,0.0,25,compartment
ER,1,92,53,0.03432642487046632,0.5760869565217391,0.0647921760391198,expression_raw+published_screens+protein_features,median,rank,50,0.0,25,compartment
apical 1,0,21,16,0.01098901098901099,0.7619047619047619,0.02166553825321598,expression_raw+published_screens+protein_features,median,rank,50,0.0,25,compartment
PM - integral,1,53,33,0.021373056994818652,0.6226415094339622,0.041327489041953665,expression_raw+published_screens+protein_features,median,rank,50,0.0,25,compartment
nucleolus,0,16,10,0.006868131868131868,0.625,0.013586956521739132,expression_raw+published_screens+protein_features,median,rank,50,0.0,25,compartment
PM - peripheral 2,0,16,12,0.008241758241758242,0.75,0.01630434782608696,expression_raw+published_screens+protein_features,median,rank,50,0.0,25,compartment
mitochondrion - soluble,1,101,53,0.03432642487046632,0.5247524752475248,0.06443768996960486,expression_raw+published_screens+protein_features,median,rank,50,0.0,25,compartment
mitochondrion - membranes,1,67,46,0.029792746113989636,0.6865671641791045,0.057107386716325266,expression_raw+published_screens+protein_features,median,rank,50,0.0,25,compartment
IMC,1,42,30,0.019430051813471502,0.7142857142857143,0.03783102143757881,expression_raw+published_screens+protein_features,median,rank,50,0.0,25,compartment
PM - peripheral 1,1,15,15,0.009715025906735751,1.0,0.01924310455420141,expression_raw+published_screens+protein_features,median,rank,50,0.0,25,compartment
Golgi,0,62,42,0.028846153846153848,0.6774193548387096,0.05533596837944665,expression_raw+published_screens+protein_features,median,rank,50,0.0,60,compartment
cytosol,1,215,130,0.08419689119170984,0.6046511627906976,0.14781125639567935,expression_raw+published_screens+protein_features,median,rank,50,0.0,60,compartment
micronemes,1,20,11,0.007124352331606218,0.55,0.014066496163682865,expression_raw+published_screens+protein_features,median,rank,50,0.0,60,compartment
nucleus - chromatin,0,273,193,0.13255494505494506,0.706959706959707,0.22325043377674958,expression_raw+published_screens+protein_features,median,rank,50,0.0,60,compartment
apicoplast,0,61,45,0.030906593406593408,0.7377049180327869,0.059327620303230064,expression_raw+published_screens+protein_features,median,rank,50,0.0,60,compartment
dense granules,0,68,36,0.024725274725274724,0.5294117647058824,0.047244094488188976,expression_raw+published_screens+protein_features,median,rank,50,0.0,60,compartment
nucleus - non-chromatin,0,172,84,0.057692307692307696,0.4883720930232558,0.1031941031941032,expression_raw+published_screens+protein_features,median,rank,50,0.0,60,compartment
rhoptries 1,0,27,16,0.01098901098901099,0.5925925925925926,0.021577882670262984,expression_raw+published_screens+protein_features,median,rank,50,0.0,60,compartment
ER,1,92,53,0.03432642487046632,0.5760869565217391,0.0647921760391198,expression_raw+published_screens+protein_features,median,rank,50,0.0,60,compartment
apical 1,0,21,16,0.01098901098901099,0.7619047619047619,0.02166553825321598,expression_raw+published_screens+protein_features,median,rank,50,0.0,60,compartment
PM - integral,1,53,33,0.021373056994818652,0.6226415094339622,0.041327489041953665,expression_raw+published_screens+protein_features,median,rank,50,0.0,60,compartment
nucleolus,0,16,10,0.006868131868131868,0.625,0.013586956521739132,expression_raw+published_screens+protein_features,median,rank,50,0.0,60,compartment
PM - peripheral 2,0,16,12,0.008241758241758242,0.75,0.01630434782608696,expression_raw+published_screens+protein_features,median,rank,50,0.0,60,compartment
mitochondrion - soluble,1,101,53,0.03432642487046632,0.5247524752475248,0.06443768996960486,expression_raw+published_screens+protein_features,median,rank,50,0.0,60,compartment
mitochondrion - membranes,1,67,46,0.029792746113989636,0.6865671641791045,0.057107386716325266,expression_raw+published_screens+protein_features,median,rank,50,0.0,60,compartment
IMC,1,42,30,0.019430051813471502,0.7142857142857143,0.03783102143757881,expression_raw+published_screens+protein_features,median,rank,50,0.0,60,compartment
PM - peripheral 1,1,15,15,0.009715025906735751,1.0,0.01924310455420141,expression_raw+published_screens+protein_features,median,rank,50,0.0,60,compartment
Golgi,0,62,42,0.029166666666666667,0.6774193548387096,0.055925432756324896,expression_raw+published_screens+protein_features,median,rank,50,0.25,25,compartment
cytosol,1,214,130,0.08620689655172414,0.6074766355140186,0.15098722415795587,expression_raw+published_screens+protein_features,median,rank,50,0.25,25,compartment
micronemes,0,16,8,0.005555555555555556,0.5,0.01098901098901099,expression_raw+published_screens+protein_features,median,rank,50,0.25,25,compartment
nucleus - chromatin,0,273,193,0.13402777777777777,0.706959706959707,0.22533566841798014,expression_raw+published_screens+protein_features,median,rank,50,0.25,25,compartment
apicoplast,0,61,45,0.03125,0.7377049180327869,0.05996002664890073,expression_raw+published_screens+protein_features,median,rank,50,0.25,25,compartment
dense granules,0,60,36,0.025,0.6,0.048,expression_raw+published_screens+protein_features,median,rank,50,0.25,25,compartment
nucleus - non-chromatin,1,172,88,0.058355437665782495,0.5116279069767442,0.10476190476190476,expression_raw+published_screens+protein_features,median,rank,50,0.25,25,compartment
rhoptries 1,0,26,17,0.011805555555555555,0.6538461538461539,0.02319236016371078,expression_raw+published_screens+protein_features,median,rank,50,0.25,25,compartment
ER,1,92,53,0.035145888594164454,0.5760869565217391,0.06625,expression_raw+published_screens+protein_features,median,rank,50,0.25,25,compartment
apical 1,0,19,16,0.011111111111111112,0.8421052631578947,0.02193283070596299,expression_raw+published_screens+protein_features,median,rank,50,0.25,25,compartment
PM - integral,1,53,33,0.021883289124668436,0.6226415094339622,0.04228058936579116,expression_raw+published_screens+protein_features,median,rank,50,0.25,25,compartment
nucleolus,0,16,10,0.006944444444444444,0.625,0.013736263736263738,expression_raw+published_screens+protein_features,median,rank,50,0.25,25,compartment
PM - peripheral 2,0,16,12,0.008333333333333333,0.75,0.016483516483516484,expression_raw+published_screens+protein_features,median,rank,50,0.25,25,compartment
mitochondrion - soluble,1,101,53,0.035145888594164454,0.5247524752475248,0.06587942821628341,expression_raw+published_screens+protein_features,median,rank,50,0.25,25,compartment
mitochondrion - membranes,1,66,45,0.029840848806366047,0.6818181818181818,0.05717916137229987,expression_raw+published_screens+protein_features,median,rank,50,0.25,25,compartment
IMC,1,41,29,0.019230769230769232,0.7073170731707317,0.03744351194318916,expression_raw+published_screens+protein_features,median,rank,50,0.25,25,compartment
Golgi,0,62,42,0.029085872576177285,0.6774193548387096,0.05577689243027889,expression_raw+published_screens+protein_features,median,rank,50,0.25,60,compartment
cytosol,1,215,130,0.0858085808580858,0.6046511627906976,0.15028901734104044,expression_raw+published_screens+protein_features,median,rank,50,0.25,60,compartment
micronemes,0,15,8,0.00554016620498615,0.5333333333333333,0.010966415352981495,expression_raw+published_screens+protein_features,median,rank,50,0.25,60,compartment
nucleus - chromatin,0,273,193,0.13365650969529086,0.706959706959707,0.2248107163657542,expression_raw+published_screens+protein_features,median,rank,50,0.25,60,compartment
apicoplast,0,61,45,0.031163434903047092,0.7377049180327869,0.059800664451827246,expression_raw+published_screens+protein_features,median,rank,50,0.25,60,compartment
dense granules,0,59,36,0.024930747922437674,0.6101694915254238,0.04790419161676647,expression_raw+published_screens+protein_features,median,rank,50,0.25,60,compartment
nucleus - non-chromatin,1,172,88,0.058085808580858087,0.5116279069767442,0.1043272080616479,expression_raw+published_screens+protein_features,median,rank,50,0.25,60,compartment
rhoptries 1,0,25,17,0.011772853185595568,0.68,0.02314499659632403,expression_raw+published_screens+protein_features,median,rank,50,0.25,60,compartment
ER,1,92,53,0.03498349834983498,0.5760869565217391,0.06596141879278158,expression_raw+published_screens+protein_features,median,rank,50,0.25,60,compartment
apical 1,0,19,16,0.0110803324099723,0.8421052631578947,0.021872863978127138,expression_raw+published_screens+protein_features,median,rank,50,0.25,60,compartment
PM - integral,1,53,33,0.02178217821782178,0.6226415094339622,0.04209183673469387,expression_raw+published_screens+protein_features,median,rank,50,0.25,60,compartment
nucleolus,0,16,10,0.006925207756232687,0.625,0.0136986301369863,expression_raw+published_screens+protein_features,median,rank,50,0.25,60,compartment
PM - peripheral 2,0,16,12,0.008310249307479225,0.75,0.016438356164383564,expression_raw+published_screens+protein_features,median,rank,50,0.25,60,compartment
mitochondrion - soluble,1,101,53,0.03498349834983498,0.5247524752475248,0.0655940594059406,expression_raw+published_screens+protein_features,median,rank,50,0.25,60,compartment
mitochondrion - membranes,1,67,46,0.030363036303630363,0.6865671641791045,0.05815423514538559,expression_raw+published_screens+protein_features,median,rank,50,0.25,60,compartment
IMC,1,42,30,0.019801980198019802,0.7142857142857143,0.03853564547206166,expression_raw+published_screens+protein_features,median,rank,50,0.25,60,compartment
Golgi,5,46,6,0.037037037037037035,0.13043478260869565,0.05769230769230769,expression_raw+published_screens+interactions,median,rank,15,0.0,25,compartment
cytosol,2,194,36,0.2926829268292683,0.18556701030927836,0.22712933753943218,expression_raw+published_screens+interactions,median,rank,15,0.0,25,compartment
nucleus - chromatin,7,239,55,0.23404255319148937,0.2301255230125523,0.2320675105485232,expression_raw+published_screens+interactions,median,rank,15,0.0,25,compartment
apicoplast,7,56,16,0.06808510638297872,0.2857142857142857,0.10996563573883161,expression_raw+published_screens+interactions,median,rank,15,0.0,25,compartment
dense granules,2,59,8,0.06504065040650407,0.13559322033898305,0.08791208791208792,expression_raw+published_screens+interactions,median,rank,15,0.0,25,compartment
nucleus - non-chromatin,6,156,28,0.175,0.1794871794871795,0.17721518987341775,expression_raw+published_screens+interactions,median,rank,15,0.0,25,compartment
ER,0,82,20,0.057803468208092484,0.24390243902439024,0.09345794392523366,expression_raw+published_screens+interactions,median,rank,15,0.0,25,compartment
apical 1,10,16,5,0.028409090909090908,0.3125,0.05208333333333333,expression_raw+published_screens+interactions,median,rank,15,0.0,25,compartment
PM - integral,0,47,18,0.05202312138728324,0.3829787234042553,0.0916030534351145,expression_raw+published_screens+interactions,median,rank,15,0.0,25,compartment
mitochondrion - soluble,4,92,8,0.056338028169014086,0.08695652173913043,0.06837606837606837,expression_raw+published_screens+interactions,median,rank,15,0.0,25,compartment
mitochondrion - membranes,4,66,10,0.07042253521126761,0.15151515151515152,0.09615384615384616,expression_raw+published_screens+interactions,median,rank,15,0.0,25,compartment
rhoptries 1,2,19,3,0.024390243902439025,0.15789473684210525,0.04225352112676056,expression_raw+published_screens+interactions,median,rank,15,0.0,25,compartment
IMC,4,37,9,0.06338028169014084,0.24324324324324326,0.1005586592178771,expression_raw+published_screens+interactions,median,rank,15,0.0,25,compartment
PM - peripheral 1,2,15,5,0.04065040650406504,0.3333333333333333,0.07246376811594203,expression_raw+published_screens+interactions,median,rank,15,0.0,25,compartment
Golgi,3,62,45,0.030201342281879196,0.7258064516129032,0.05798969072164949,expression_raw+published_screens+interactions,median,rank,15,0.0,60,compartment
cytosol,2,211,36,0.2926829268292683,0.17061611374407584,0.21556886227544908,expression_raw+published_screens+interactions,median,rank,15,0.0,60,compartment
micronemes,2,20,2,0.016260162601626018,0.1,0.027972027972027972,expression_raw+published_screens+interactions,median,rank,15,0.0,60,compartment
nucleus - chromatin,3,271,189,0.1268456375838926,0.6974169741697417,0.21465076660988075,expression_raw+published_screens+interactions,median,rank,15,0.0,60,compartment
apicoplast,3,61,45,0.030201342281879196,0.7377049180327869,0.058027079303675046,expression_raw+published_screens+interactions,median,rank,15,0.0,60,compartment
dense granules,2,68,8,0.06504065040650407,0.11764705882352941,0.08376963350785341,expression_raw+published_screens+interactions,median,rank,15,0.0,60,compartment
nucleus - non-chromatin,2,165,24,0.1951219512195122,0.14545454545454545,0.16666666666666666,expression_raw+published_screens+interactions,median,rank,15,0.0,60,compartment
rhoptries 1,2,27,3,0.024390243902439025,0.1111111111111111,0.04,expression_raw+published_screens+interactions,median,rank,15,0.0,60,compartment
ER,0,92,20,0.057803468208092484,0.21739130434782608,0.09132420091324202,expression_raw+published_screens+interactions,median,rank,15,0.0,60,compartment
apical 1,3,21,17,0.011409395973154362,0.8095238095238095,0.022501654533421574,expression_raw+published_screens+interactions,median,rank,15,0.0,60,compartment
PM - integral,0,52,18,0.05202312138728324,0.34615384615384615,0.09045226130653265,expression_raw+published_screens+interactions,median,rank,15,0.0,60,compartment
nucleolus,3,16,11,0.00738255033557047,0.6875,0.014608233731739707,expression_raw+published_screens+interactions,median,rank,15,0.0,60,compartment
PM - peripheral 2,3,15,12,0.008053691275167786,0.8,0.0159468438538206,expression_raw+published_screens+interactions,median,rank,15,0.0,60,compartment
mitochondrion - soluble,3,100,50,0.03355704697986577,0.5,0.06289308176100629,expression_raw+published_screens+interactions,median,rank,15,0.0,60,compartment
mitochondrion - membranes,4,65,12,0.07692307692307693,0.18461538461538463,0.1085972850678733,expression_raw+published_screens+interactions,median,rank,15,0.0,60,compartment
IMC,4,42,9,0.057692307692307696,0.21428571428571427,0.09090909090909091,expression_raw+published_screens+interactions,median,rank,15,0.0,60,compartment
PM - peripheral 1,2,15,5,0.04065040650406504,0.3333333333333333,0.07246376811594203,expression_raw+published_screens+interactions,median,rank,15,0.0,60,compartment
Golgi,5,50,5,0.03597122302158273,0.1,0.052910052910052914,expression_raw+published_screens+interactions,median,rank,15,0.25,25,compartment
cytosol,0,190,35,0.3181818181818182,0.18421052631578946,0.23333333333333334,expression_raw+published_screens+interactions,median,rank,15,0.25,25,compartment
nucleus - chromatin,4,260,169,0.14249578414839797,0.65,0.23374827109266944,expression_raw+published_screens+interactions,median,rank,15,0.25,25,compartment
apicoplast,5,54,7,0.050359712230215826,0.12962962962962962,0.07253886010362695,expression_raw+published_screens+interactions,median,rank,15,0.25,25,compartment
dense granules,5,52,5,0.03597122302158273,0.09615384615384616,0.052356020942408384,expression_raw+published_screens+interactions,median,rank,15,0.25,25,compartment
nucleus - non-chromatin,0,155,24,0.21818181818181817,0.15483870967741936,0.1811320754716981,expression_raw+published_screens+interactions,median,rank,15,0.25,25,compartment
rhoptries 1,3,20,2,0.013157894736842105,0.1,0.023255813953488372,expression_raw+published_screens+interactions,median,rank,15,0.25,25,compartment
ER,1,86,20,0.06230529595015576,0.23255813953488372,0.09828009828009829,expression_raw+published_screens+interactions,median,rank,15,0.25,25,compartment
apical 1,5,20,2,0.014388489208633094,0.1,0.02515723270440252,expression_raw+published_screens+interactions,median,rank,15,0.25,25,compartment
PM - integral,1,48,16,0.04984423676012461,0.3333333333333333,0.08672086720867209,expression_raw+published_screens+interactions,median,rank,15,0.25,25,compartment
nucleolus,4,15,11,0.00927487352445194,0.7333333333333333,0.018318068276436304,expression_raw+published_screens+interactions,median,rank,15,0.25,25,compartment
mitochondrion - soluble,3,95,8,0.05263157894736842,0.08421052631578947,0.06477732793522267,expression_raw+published_screens+interactions,median,rank,15,0.25,25,compartment
mitochondrion - membranes,3,66,13,0.08552631578947369,0.19696969696969696,0.11926605504587157,expression_raw+published_screens+interactions,median,rank,15,0.25,25,compartment
IMC,3,36,9,0.05921052631578947,0.25,0.09574468085106382,expression_raw+published_screens+interactions,median,rank,15,0.25,25,compartment
Golgi,3,56,41,0.028751753155680224,0.7321428571428571,0.0553306342780027,expression_raw+published_screens+interactions,median,rank,15,0.25,60,compartment
cytosol,2,192,31,0.31958762886597936,0.16145833333333334,0.21453287197231832,expression_raw+published_screens+interactions,median,rank,15,0.25,60,compartment
micronemes,0,17,5,0.016233766233766232,0.29411764705882354,0.030769230769230767,expression_raw+published_screens+interactions,median,rank,15,0.25,60,compartment
nucleus - chromatin,3,254,183,0.12833099579242638,0.7204724409448819,0.2178571428571429,expression_raw+published_screens+interactions,median,rank,15,0.25,60,compartment
apicoplast,3,55,43,0.030154277699859747,0.7818181818181819,0.058068872383524636,expression_raw+published_screens+interactions,median,rank,15,0.25,60,compartment
dense granules,3,54,33,0.02314165497896213,0.6111111111111112,0.04459459459459459,expression_raw+published_screens+interactions,median,rank,15,0.25,60,compartment
nucleus - non-chromatin,2,156,23,0.23711340206185566,0.14743589743589744,0.18181818181818185,expression_raw+published_screens+interactions,median,rank,15,0.25,60,compartment
rhoptries 1,1,21,2,0.014925373134328358,0.09523809523809523,0.025806451612903226,expression_raw+published_screens+interactions,median,rank,15,0.25,60,compartment
ER,0,86,20,0.06493506493506493,0.23255813953488372,0.10152284263959391,expression_raw+published_screens+interactions,median,rank,15,0.25,60,compartment
apical 1,3,20,16,0.011220196353436185,0.8,0.022130013831258646,expression_raw+published_screens+interactions,median,rank,15,0.25,60,compartment
PM - integral,0,48,16,0.05194805194805195,0.3333333333333333,0.0898876404494382,expression_raw+published_screens+interactions,median,rank,15,0.25,60,compartment
nucleolus,2,16,1,0.010309278350515464,0.0625,0.017699115044247787,expression_raw+published_screens+interactions,median,rank,15,0.25,60,compartment
mitochondrion - soluble,4,95,29,0.040446304044630406,0.30526315789473685,0.07142857142857142,expression_raw+published_screens+interactions,median,rank,15,0.25,60,compartment
mitochondrion - membranes,1,64,11,0.08208955223880597,0.171875,0.1111111111111111,expression_raw+published_screens+interactions,median,rank,15,0.25,60,compartment
IMC,1,37,9,0.06716417910447761,0.24324324324324326,0.10526315789473684,expression_raw+published_screens+interactions,median,rank,15,0.25,60,compartment
Golgi,2,60,43,0.02889784946236559,0.7166666666666667,0.05555555555555555,expression_raw+published_screens+interactions,median,rank,50,0.0,25,compartment
cytosol,4,211,34,0.3119266055045872,0.16113744075829384,0.2125,expression_raw+published_screens+interactions,median,rank,50,0.0,25,compartment
micronemes,1,19,5,0.014970059880239521,0.2631578947368421,0.028328611898016998,expression_raw+published_screens+interactions,median,rank,50,0.0,25,compartment
nucleus - chromatin,2,269,191,0.12836021505376344,0.7100371747211895,0.2174160500853728,expression_raw+published_screens+interactions,median,rank,50,0.0,25,compartment
apicoplast,2,60,45,0.03024193548387097,0.75,0.05813953488372093,expression_raw+published_screens+interactions,median,rank,50,0.0,25,compartment
dense granules,4,63,4,0.03669724770642202,0.06349206349206349,0.046511627906976744,expression_raw+published_screens+interactions,median,rank,50,0.0,25,compartment
nucleus - non-chromatin,4,166,24,0.22018348623853212,0.14457831325301204,0.17454545454545456,expression_raw+published_screens+interactions,median,rank,50,0.0,25,compartment
rhoptries 1,3,24,2,0.012345679012345678,0.08333333333333333,0.02150537634408602,expression_raw+published_screens+interactions,median,rank,50,0.0,25,compartment
ER,1,91,20,0.059880239520958084,0.21978021978021978,0.09411764705882353,expression_raw+published_screens+interactions,median,rank,50,0.0,25,compartment
apical 1,2,21,17,0.0114247311827957,0.8095238095238095,0.02253147779986746,expression_raw+published_screens+interactions,median,rank,50,0.0,25,compartment
PM - integral,1,51,18,0.05389221556886228,0.35294117647058826,0.09350649350649351,expression_raw+published_screens+interactions,median,rank,50,0.0,25,compartment
nucleolus,4,16,1,0.009174311926605505,0.0625,0.016,expression_raw+published_screens+interactions,median,rank,50,0.0,25,compartment
PM - peripheral 2,4,15,1,0.009174311926605505,0.06666666666666667,0.01612903225806452,expression_raw+published_screens+interactions,median,rank,50,0.0,25,compartment
mitochondrion - soluble,3,100,9,0.05555555555555555,0.09,0.06870229007633587,expression_raw+published_screens+interactions,median,rank,50,0.0,25,compartment
mitochondrion - membranes,3,67,14,0.08641975308641975,0.208955223880597,0.1222707423580786,expression_raw+published_screens+interactions,median,rank,50,0.0,25,compartment
IMC,3,40,9,0.05555555555555555,0.225,0.0891089108910891,expression_raw+published_screens+interactions,median,rank,50,0.0,25,compartment
Golgi,2,61,43,0.02889784946236559,0.7049180327868853,0.05551969012265978,expression_raw+published_screens+interactions,median,rank,50,0.0,60,compartment
cytosol,3,215,63,0.20723684210526316,0.2930232558139535,0.24277456647398843,expression_raw+published_screens+interactions,median,rank,50,0.0,60,compartment
micronemes,1,20,5,0.014970059880239521,0.25,0.02824858757062147,expression_raw+published_screens+interactions,median,rank,50,0.0,60,compartment
nucleus - chromatin,2,273,191,0.12836021505376344,0.6996336996336996,0.21692220329358317,expression_raw+published_screens+interactions,median,rank,50,0.0,60,compartment
apicoplast,2,61,45,0.03024193548387097,0.7377049180327869,0.058102001291155586,expression_raw+published_screens+interactions,median,rank,50,0.0,60,compartment
dense granules,3,68,12,0.039473684210526314,0.17647058823529413,0.06451612903225806,expression_raw+published_screens+interactions,median,rank,50,0.0,60,compartment
nucleus - non-chromatin,3,171,51,0.16776315789473684,0.2982456140350877,0.21473684210526314,expression_raw+published_screens+interactions,median,rank,50,0.0,60,compartment
rhoptries 1,3,27,5,0.01644736842105263,0.18518518518518517,0.030211480362537766,expression_raw+published_screens+interactions,median,rank,50,0.0,60,compartment
ER,1,92,20,0.059880239520958084,0.21739130434782608,0.09389671361502347,expression_raw+published_screens+interactions,median,rank,50,0.0,60,compartment
apical 1,2,21,17,0.0114247311827957,0.8095238095238095,0.02253147779986746,expression_raw+published_screens+interactions,median,rank,50,0.0,60,compartment
PM - integral,1,53,18,0.05389221556886228,0.33962264150943394,0.0930232558139535,expression_raw+published_screens+interactions,median,rank,50,0.0,60,compartment
nucleolus,2,16,11,0.00739247311827957,0.6875,0.014627659574468085,expression_raw+published_screens+interactions,median,rank,50,0.0,60,compartment
PM - peripheral 2,2,16,12,0.008064516129032258,0.75,0.015957446808510637,expression_raw+published_screens+interactions,median,rank,50,0.0,60,compartment
mitochondrion - soluble,3,100,13,0.04276315789473684,0.13,0.06435643564356436,expression_raw+published_screens+interactions,median,rank,50,0.0,60,compartment
mitochondrion - membranes,3,67,17,0.05592105263157895,0.2537313432835821,0.09164420485175202,expression_raw+published_screens+interactions,median,rank,50,0.0,60,compartment
IMC,3,42,14,0.046052631578947366,0.3333333333333333,0.08092485549132948,expression_raw+published_screens+interactions,median,rank,50,0.0,60,compartment
PM - peripheral 1,1,15,9,0.02694610778443114,0.6,0.05157593123209169,expression_raw+published_screens+interactions,median,rank,50,0.0,60,compartment
Golgi,3,56,40,0.02861230329041488,0.7142857142857143,0.05502063273727648,expression_raw+published_screens+interactions,median,rank,50,0.25,25,compartment
cytosol,2,194,34,0.3148148148148148,0.17525773195876287,0.2251655629139073,expression_raw+published_screens+interactions,median,rank,50,0.25,25,compartment
micronemes,0,16,4,0.012861736334405145,0.25,0.024464831804281346,expression_raw+published_screens+interactions,median,rank,50,0.25,25,compartment
nucleus - chromatin,3,262,185,0.1323319027181688,0.7061068702290076,0.2228915662650602,expression_raw+published_screens+interactions,median,rank,50,0.25,25,compartment
apicoplast,3,53,39,0.027896995708154508,0.7358490566037735,0.053756030323914544,expression_raw+published_screens+interactions,median,rank,50,0.25,25,compartment
dense granules,2,55,4,0.037037037037037035,0.07272727272727272,0.04907975460122699,expression_raw+published_screens+interactions,median,rank,50,0.25,25,compartment
nucleus - non-chromatin,2,157,24,0.2222222222222222,0.15286624203821655,0.18113207547169813,expression_raw+published_screens+interactions,median,rank,50,0.25,25,compartment
rhoptries 1,1,22,2,0.012987012987012988,0.09090909090909091,0.022727272727272728,expression_raw+published_screens+interactions,median,rank,50,0.25,25,compartment
ER,0,86,20,0.06430868167202572,0.23255813953488372,0.10075566750629722,expression_raw+published_screens+interactions,median,rank,50,0.25,25,compartment
apical 1,3,20,16,0.011444921316165951,0.8,0.022566995768688293,expression_raw+published_screens+interactions,median,rank,50,0.25,25,compartment
PM - integral,0,48,16,0.05144694533762058,0.3333333333333333,0.08913649025069638,expression_raw+published_screens+interactions,median,rank,50,0.25,25,compartment
nucleolus,2,15,1,0.009259259259259259,0.06666666666666667,0.016260162601626015,expression_raw+published_screens+interactions,median,rank,50,0.25,25,compartment
mitochondrion - soluble,1,94,8,0.05194805194805195,0.0851063829787234,0.06451612903225806,expression_raw+published_screens+interactions,median,rank,50,0.25,25,compartment
mitochondrion - membranes,1,66,13,0.08441558441558442,0.19696969696969696,0.11818181818181818,expression_raw+published_screens+interactions,median,rank,50,0.25,25,compartment
IMC,1,36,9,0.05844155844155844,0.25,0.09473684210526315,expression_raw+published_screens+interactions,median,rank,50,0.25,25,compartment
Golgi,1,56,40,0.02883922134102379,0.7142857142857143,0.05544005544005544,expression_raw+published_screens+interactions,median,rank,50,0.25,60,compartment
cytosol,2,180,33,0.3235294117647059,0.18333333333333332,0.23404255319148937,expression_raw+published_screens+interactions,median,rank,50,0.25,60,compartment
micronemes,0,15,3,0.010309278350515464,0.2,0.0196078431372549,expression_raw+published_screens+interactions,median,rank,50,0.25,60,compartment
nucleus - chromatin,1,241,175,0.12617159336697908,0.7261410788381742,0.214987714987715,expression_raw+published_screens+interactions,median,rank,50,0.25,60,compartment
apicoplast,1,50,39,0.028118240807498196,0.78,0.05427974947807933,expression_raw+published_screens+interactions,median,rank,50,0.25,60,compartment
dense granules,1,54,34,0.024513338139870222,0.6296296296296297,0.047189451769604436,expression_raw+published_screens+interactions,median,rank,50,0.25,60,compartment
nucleus - non-chromatin,2,150,23,0.22549019607843138,0.15333333333333332,0.18253968253968253,expression_raw+published_screens+interactions,median,rank,50,0.25,60,compartment
rhoptries 1,4,21,2,0.018867924528301886,0.09523809523809523,0.031496062992125984,expression_raw+published_screens+interactions,median,rank,50,0.25,60,compartment
ER,0,81,20,0.06872852233676977,0.24691358024691357,0.10752688172043012,expression_raw+published_screens+interactions,median,rank,50,0.25,60,compartment
apical 1,1,20,16,0.011535688536409516,0.8,0.022743425728500355,expression_raw+published_screens+interactions,median,rank,50,0.25,60,compartment
PM - integral,0,45,14,0.048109965635738834,0.3111111111111111,0.08333333333333334,expression_raw+published_screens+interactions,median,rank,50,0.25,60,compartment
mitochondrion - soluble,4,88,8,0.07547169811320754,0.09090909090909091,0.08247422680412371,expression_raw+published_screens+interactions,median,rank,50,0.25,60,compartment
mitochondrion - membranes,4,54,8,0.07547169811320754,0.14814814814814814,0.1,expression_raw+published_screens+interactions,median,rank,50,0.25,60,compartment
IMC,4,33,6,0.05660377358490566,0.18181818181818182,0.08633093525179857,expression_raw+published_screens+interactions,median,rank,50,0.25,60,compartment
Golgi,6,60,7,0.051470588235294115,0.11666666666666667,0.07142857142857141,expression_raw+protein_features+interactions,median,rank,15,0.0,25,compartment
cytosol,14,207,34,0.17346938775510204,0.1642512077294686,0.16873449131513646,expression_raw+protein_features+interactions,median,rank,15,0.0,25,compartment
micronemes,2,17,2,0.03571428571428571,0.11764705882352941,0.0547945205479452,expression_raw+protein_features+interactions,median,rank,15,0.0,25,compartment
nucleus - chromatin,7,267,136,0.17801047120418848,0.5093632958801498,0.26382153249272555,expression_raw+protein_features+interactions,median,rank,15,0.0,25,compartment
apicoplast,12,61,3,0.1111111111111111,0.04918032786885246,0.06818181818181819,expression_raw+protein_features+interactions,median,rank,15,0.0,25,compartment
dense granules,2,58,5,0.08928571428571429,0.08620689655172414,0.08771929824561403,expression_raw+protein_features+interactions,median,rank,15,0.0,25,compartment
nucleus - non-chromatin,14,161,28,0.14285714285714285,0.17391304347826086,0.1568627450980392,expression_raw+protein_features+interactions,median,rank,15,0.0,25,compartment
rhoptries 1,2,22,2,0.03571428571428571,0.09090909090909091,0.05128205128205127,expression_raw+protein_features+interactions,median,rank,15,0.0,25,compartment
ER,6,90,23,0.16911764705882354,0.25555555555555554,0.20353982300884957,expression_raw+protein_features+interactions,median,rank,15,0.0,25,compartment
apical 1,3,20,4,0.031007751937984496,0.2,0.053691275167785234,expression_raw+protein_features+interactions,median,rank,15,0.0,25,compartment
PM - integral,6,49,11,0.08088235294117647,0.22448979591836735,0.11891891891891893,expression_raw+protein_features+interactions,median,rank,15,0.0,25,compartment
nucleolus,9,15,2,0.030303030303030304,0.13333333333333333,0.04938271604938271,expression_raw+protein_features+interactions,median,rank,15,0.0,25,compartment
PM - peripheral 2,8,16,1,0.02,0.0625,0.030303030303030304,expression_raw+protein_features+interactions,median,rank,15,0.0,25,compartment
mitochondrion - soluble,10,95,13,0.07784431137724551,0.1368421052631579,0.09923664122137404,expression_raw+protein_features+interactions,median,rank,15,0.0,25,compartment
mitochondrion - membranes,6,64,11,0.08088235294117647,0.171875,0.11000000000000001,expression_raw+protein_features+interactions,median,rank,15,0.0,25,compartment
IMC,5,40,10,0.078125,0.25,0.11904761904761904,expression_raw+protein_features+interactions,median,rank,15,0.0,25,compartment
Golgi,5,61,7,0.05555555555555555,0.11475409836065574,0.07486631016042782,expression_raw+protein_features+interactions,median,rank,15,0.0,60,compartment
cytosol,3,214,62,0.22878228782287824,0.2897196261682243,0.25567010309278354,expression_raw+protein_features+interactions,median,rank,15,0.0,60,compartment
nucleus - chromatin,0,267,182,0.13421828908554573,0.6816479400749064,0.22427603203943314,expression_raw+protein_features+interactions,median,rank,15,0.0,60,compartment
apicoplast,1,58,5,0.053763440860215055,0.08620689655172414,0.06622516556291391,expression_raw+protein_features+interactions,median,rank,15,0.0,60,compartment
dense granules,0,53,31,0.022861356932153392,0.5849056603773585,0.0440028388928318,expression_raw+protein_features+interactions,median,rank,15,0.0,60,compartment
nucleus - non-chromatin,3,168,46,0.16974169741697417,0.27380952380952384,0.20956719817767652,expression_raw+protein_features+interactions,median,rank,15,0.0,60,compartment
rhoptries 1,3,23,5,0.01845018450184502,0.21739130434782608,0.03401360544217687,expression_raw+protein_features+interactions,median,rank,15,0.0,60,compartment
ER,5,91,22,0.1746031746031746,0.24175824175824176,0.20276497695852536,expression_raw+protein_features+interactions,median,rank,15,0.0,60,compartment
apical 1,0,19,16,0.011799410029498525,0.8421052631578947,0.023272727272727275,expression_raw+protein_features+interactions,median,rank,15,0.0,60,compartment
PM - integral,5,52,11,0.0873015873015873,0.21153846153846154,0.12359550561797754,expression_raw+protein_features+interactions,median,rank,15,0.0,60,compartment
nucleolus,0,15,10,0.007374631268436578,0.6666666666666666,0.014587892049598832,expression_raw+protein_features+interactions,median,rank,15,0.0,60,compartment
PM - peripheral 2,5,16,2,0.015873015873015872,0.125,0.02816901408450704,expression_raw+protein_features+interactions,median,rank,15,0.0,60,compartment
mitochondrion - soluble,7,97,12,0.08571428571428572,0.12371134020618557,0.10126582278481013,expression_raw+protein_features+interactions,median,rank,15,0.0,60,compartment
mitochondrion - membranes,5,65,11,0.0873015873015873,0.16923076923076924,0.11518324607329844,expression_raw+protein_features+interactions,median,rank,15,0.0,60,compartment
IMC,3,41,15,0.055350553505535055,0.36585365853658536,0.09615384615384615,expression_raw+protein_features+interactions,median,rank,15,0.0,60,compartment
Golgi,1,62,35,0.02702702702702703,0.5645161290322581,0.051584377302873984,expression_raw+protein_features+interactions,median,rank,15,0.25,25,compartment
cytosol,0,213,131,0.08446163765312702,0.6150234741784038,0.14852607709750568,expression_raw+protein_features+interactions,median,rank,15,0.25,25,compartment
micronemes,2,20,2,0.03571428571428571,0.1,0.05263157894736841,expression_raw+protein_features+interactions,median,rank,15,0.25,25,compartment
nucleus - chromatin,1,271,182,0.14054054054054055,0.6715867158671587,0.23243933588761176,expression_raw+protein_features+interactions,median,rank,15,0.25,25,compartment
apicoplast,3,61,5,0.05747126436781609,0.08196721311475409,0.06756756756756757,expression_raw+protein_features+interactions,median,rank,15,0.25,25,compartment
dense granules,2,68,5,0.08928571428571429,0.07352941176470588,0.08064516129032258,expression_raw+protein_features+interactions,median,rank,15,0.25,25,compartment
nucleus - non-chromatin,1,170,79,0.061003861003861,0.4647058823529412,0.10784982935153584,expression_raw+protein_features+interactions,median,rank,15,0.25,25,compartment
rhoptries 1,2,27,2,0.03571428571428571,0.07407407407407407,0.04819277108433735,expression_raw+protein_features+interactions,median,rank,15,0.25,25,compartment
ER,0,92,51,0.03288201160541586,0.5543478260869565,0.06208155812538041,expression_raw+protein_features+interactions,median,rank,15,0.25,25,compartment
apical 1,2,21,2,0.03571428571428571,0.09523809523809523,0.051948051948051945,expression_raw+protein_features+interactions,median,rank,15,0.25,25,compartment
PM - integral,0,52,30,0.019342359767891684,0.5769230769230769,0.037429819089207735,expression_raw+protein_features+interactions,median,rank,15,0.25,25,compartment
nucleolus,1,16,10,0.007722007722007722,0.625,0.015255530129672006,expression_raw+protein_features+interactions,median,rank,15,0.25,25,compartment
PM - peripheral 2,3,16,1,0.011494252873563218,0.0625,0.019417475728155338,expression_raw+protein_features+interactions,median,rank,15,0.25,25,compartment
mitochondrion - soluble,0,101,53,0.03417150225660864,0.5247524752475248,0.06416464891041163,expression_raw+protein_features+interactions,median,rank,15,0.25,25,compartment
mitochondrion - membranes,0,67,45,0.029013539651837523,0.6716417910447762,0.055624227441285534,expression_raw+protein_features+interactions,median,rank,15,0.25,25,compartment
IMC,2,42,3,0.05357142857142857,0.07142857142857142,0.06122448979591836,expression_raw+protein_features+interactions,median,rank,15,0.25,25,compartment
PM - peripheral 1,0,15,15,0.009671179883945842,1.0,0.019157088122605363,expression_raw+protein_features+interactions,median,rank,15,0.25,25,compartment
Golgi,1,60,36,0.027692307692307693,0.6,0.052941176470588235,expression_raw+protein_features+interactions,median,rank,15,0.25,60,compartment
cytosol,0,211,131,0.08534201954397394,0.6208530805687204,0.15005727376861397,expression_raw+protein_features+interactions,median,rank,15,0.25,60,compartment
micronemes,0,17,11,0.0071661237785016286,0.6470588235294118,0.014175257731958761,expression_raw+protein_features+interactions,median,rank,15,0.25,60,compartment
nucleus - chromatin,1,270,182,0.14,0.674074074074074,0.23184713375796182,expression_raw+protein_features+interactions,median,rank,15,0.25,60,compartment
apicoplast,2,58,5,0.056818181818181816,0.08620689655172414,0.0684931506849315,expression_raw+protein_features+interactions,median,rank,15,0.25,60,compartment
dense granules,0,62,35,0.02280130293159609,0.5645161290322581,0.043832185347526614,expression_raw+protein_features+interactions,median,rank,15,0.25,60,compartment
nucleus - non-chromatin,1,167,78,0.06,0.46706586826347307,0.1063394683026585,expression_raw+protein_features+interactions,median,rank,15,0.25,60,compartment
rhoptries 1,1,24,12,0.009230769230769232,0.5,0.01812688821752266,expression_raw+protein_features+interactions,median,rank,15,0.25,60,compartment
ER,0,90,51,0.03322475570032573,0.5666666666666667,0.06276923076923077,expression_raw+protein_features+interactions,median,rank,15,0.25,60,compartment
apical 1,1,19,14,0.010769230769230769,0.7368421052631579,0.021228203184230476,expression_raw+protein_features+interactions,median,rank,15,0.25,60,compartment
PM - integral,0,53,30,0.019543973941368076,0.5660377358490566,0.03778337531486146,expression_raw+protein_features+interactions,median,rank,15,0.25,60,compartment
nucleolus,1,16,10,0.007692307692307693,0.625,0.015197568389057753,expression_raw+protein_features+interactions,median,rank,15,0.25,60,compartment
PM - peripheral 2,2,16,1,0.011363636363636364,0.0625,0.019230769230769232,expression_raw+protein_features+interactions,median,rank,15,0.25,60,compartment
mitochondrion - soluble,0,100,53,0.03452768729641694,0.53,0.06483180428134556,expression_raw+protein_features+interactions,median,rank,15,0.25,60,compartment
mitochondrion - membranes,0,65,45,0.029315960912052116,0.6923076923076923,0.056249999999999994,expression_raw+protein_features+interactions,median,rank,15,0.25,60,compartment
IMC,0,40,31,0.020195439739413682,0.775,0.03936507936507937,expression_raw+protein_features+interactions,median,rank,15,0.25,60,compartment
PM - peripheral 1,0,15,15,0.009771986970684038,1.0,0.019354838709677417,expression_raw+protein_features+interactions,median,rank,15,0.25,60,compartment
Golgi,8,56,4,0.09302325581395349,0.07142857142857142,0.0808080808080808,expression_raw+protein_features+interactions,median,rank,50,0.0,25,compartment
cytosol,2,193,39,0.319672131147541,0.20207253886010362,0.24761904761904757,expression_raw+protein_features+interactions,median,rank,50,0.0,25,compartment
nucleus - chromatin,13,254,132,0.1778975741239892,0.5196850393700787,0.2650602409638554,expression_raw+protein_features+interactions,median,rank,50,0.0,25,compartment
apicoplast,0,58,5,0.058823529411764705,0.08620689655172414,0.06993006993006992,expression_raw+protein_features+interactions,median,rank,50,0.0,25,compartment
dense granules,14,50,4,0.08,0.08,0.08,expression_raw+protein_features+interactions,median,rank,50,0.0,25,compartment
nucleus - non-chromatin,2,149,27,0.22131147540983606,0.18120805369127516,0.19926199261992616,expression_raw+protein_features+interactions,median,rank,50,0.0,25,compartment
rhoptries 1,14,16,2,0.04,0.125,0.06060606060606061,expression_raw+protein_features+interactions,median,rank,50,0.0,25,compartment
ER,15,79,19,0.17117117117117117,0.24050632911392406,0.2,expression_raw+protein_features+interactions,median,rank,50,0.0,25,compartment
apical 1,4,19,5,0.0390625,0.2631578947368421,0.06802721088435373,expression_raw+protein_features+interactions,median,rank,50,0.0,25,compartment
PM - integral,8,47,9,0.20930232558139536,0.19148936170212766,0.2,expression_raw+protein_features+interactions,median,rank,50,0.0,25,compartment
nucleolus,10,15,2,0.017543859649122806,0.13333333333333333,0.031007751937984496,expression_raw+protein_features+interactions,median,rank,50,0.0,25,compartment
PM - peripheral 2,15,15,2,0.018018018018018018,0.13333333333333333,0.031746031746031744,expression_raw+protein_features+interactions,median,rank,50,0.0,25,compartment
mitochondrion - soluble,5,91,14,0.08641975308641975,0.15384615384615385,0.11067193675889328,expression_raw+protein_features+interactions,median,rank,50,0.0,25,compartment
mitochondrion - membranes,15,58,11,0.0990990990990991,0.1896551724137931,0.1301775147928994,expression_raw+protein_features+interactions,median,rank,50,0.0,25,compartment
IMC,3,37,10,0.07352941176470588,0.2702702702702703,0.11560693641618497,expression_raw+protein_features+interactions,median,rank,50,0.0,25,compartment
Golgi,0,62,41,0.027683997299122215,0.6612903225806451,0.05314322747893714,expression_raw+protein_features+interactions,median,rank,50,0.0,60,compartment
cytosol,1,215,130,0.08558262014483213,0.6046511627906976,0.14994232987312572,expression_raw+protein_features+interactions,median,rank,50,0.0,60,compartment
micronemes,1,20,11,0.007241606319947334,0.55,0.014294996751137103,expression_raw+protein_features+interactions,median,rank,50,0.0,60,compartment
nucleus - chromatin,0,273,195,0.13166779203241052,0.7142857142857143,0.22234891676168755,expression_raw+protein_features+interactions,median,rank,50,0.0,60,compartment
apicoplast,0,61,46,0.031060094530722483,0.7540983606557377,0.05966277561608301,expression_raw+protein_features+interactions,median,rank,50,0.0,60,compartment
dense granules,0,68,34,0.022957461174881837,0.5,0.04389928986442866,expression_raw+protein_features+interactions,median,rank,50,0.0,60,compartment
nucleus - non-chromatin,0,172,88,0.05941931127616475,0.5116279069767442,0.10647307924984876,expression_raw+protein_features+interactions,median,rank,50,0.0,60,compartment
rhoptries 1,0,27,15,0.01012829169480081,0.5555555555555556,0.019893899204244034,expression_raw+protein_features+interactions,median,rank,50,0.0,60,compartment
ER,1,92,52,0.03423304805793285,0.5652173913043478,0.06455617628801986,expression_raw+protein_features+interactions,median,rank,50,0.0,60,compartment
apical 1,0,21,16,0.010803511141120865,0.7619047619047619,0.02130492676431425,expression_raw+protein_features+interactions,median,rank,50,0.0,60,compartment
PM - integral,1,53,30,0.019749835418038184,0.5660377358490566,0.03816793893129771,expression_raw+protein_features+interactions,median,rank,50,0.0,60,compartment
nucleolus,0,16,10,0.00675219446320054,0.625,0.01336005344021376,expression_raw+protein_features+interactions,median,rank,50,0.0,60,compartment
PM - peripheral 2,0,16,12,0.008102633355840648,0.75,0.016032064128256515,expression_raw+protein_features+interactions,median,rank,50,0.0,60,compartment
mitochondrion - soluble,1,101,52,0.03423304805793285,0.5148514851485149,0.06419753086419752,expression_raw+protein_features+interactions,median,rank,50,0.0,60,compartment
mitochondrion - membranes,1,67,45,0.029624753127057275,0.6716417910447762,0.05674653215636822,expression_raw+protein_features+interactions,median,rank,50,0.0,60,compartment
IMC,1,42,31,0.02040816326530612,0.7380952380952381,0.03971812940422806,expression_raw+protein_features+interactions,median,rank,50,0.0,60,compartment
PM - peripheral 1,1,15,15,0.009874917709019092,1.0,0.01955671447196871,expression_raw+protein_features+interactions,median,rank,50,0.0,60,compartment
Golgi,0,62,41,0.027683997299122215,0.6612903225806451,0.05314322747893714,expression_raw+protein_features+interactions,median,rank,50,0.25,25,compartment
cytosol,1,215,130,0.08558262014483213,0.6046511627906976,0.14994232987312572,expression_raw+protein_features+interactions,median,rank,50,0.25,25,compartment
micronemes,1,20,11,0.007241606319947334,0.55,0.014294996751137103,expression_raw+protein_features+interactions,median,rank,50,0.25,25,compartment
nucleus - chromatin,0,273,195,0.13166779203241052,0.7142857142857143,0.22234891676168755,expression_raw+protein_features+interactions,median,rank,50,0.25,25,compartment
apicoplast,0,61,46,0.031060094530722483,0.7540983606557377,0.05966277561608301,expression_raw+protein_features+interactions,median,rank,50,0.25,25,compartment
dense granules,0,68,34,0.022957461174881837,0.5,0.04389928986442866,expression_raw+protein_features+interactions,median,rank,50,0.25,25,compartment
nucleus - non-chromatin,0,172,88,0.05941931127616475,0.5116279069767442,0.10647307924984876,expression_raw+protein_features+interactions,median,rank,50,0.25,25,compartment
rhoptries 1,0,27,15,0.01012829169480081,0.5555555555555556,0.019893899204244034,expression_raw+protein_features+interactions,median,rank,50,0.25,25,compartment
ER,1,92,52,0.03423304805793285,0.5652173913043478,0.06455617628801986,expression_raw+protein_features+interactions,median,rank,50,0.25,25,compartment
apical 1,0,21,16,0.010803511141120865,0.7619047619047619,0.02130492676431425,expression_raw+protein_features+interactions,median,rank,50,0.25,25,compartment
PM - integral,1,53,30,0.019749835418038184,0.5660377358490566,0.03816793893129771,expression_raw+protein_features+interactions,median,rank,50,0.25,25,compartment
nucleolus,0,16,10,0.00675219446320054,0.625,0.01336005344021376,expression_raw+protein_features+interactions,median,rank,50,0.25,25,compartment
PM - peripheral 2,0,16,12,0.008102633355840648,0.75,0.016032064128256515,expression_raw+protein_features+interactions,median,rank,50,0.25,25,compartment
mitochondrion - soluble,1,101,52,0.03423304805793285,0.5148514851485149,0.06419753086419752,expression_raw+protein_features+interactions,median,rank,50,0.25,25,compartment
mitochondrion - membranes,1,67,45,0.029624753127057275,0.6716417910447762,0.05674653215636822,expression_raw+protein_features+interactions,median,rank,50,0.25,25,compartment
IMC,1,42,31,0.02040816326530612,0.7380952380952381,0.03971812940422806,expression_raw+protein_features+interactions,median,rank,50,0.25,25,compartment
PM - peripheral 1,1,15,15,0.009874917709019092,1.0,0.01955671447196871,expression_raw+protein_features+interactions,median,rank,50,0.25,25,compartment
Golgi,0,62,41,0.027683997299122215,0.6612903225806451,0.05314322747893714,expression_raw+protein_features+interactions,median,rank,50,0.25,60,compartment
cytosol,1,215,130,0.08558262014483213,0.6046511627906976,0.14994232987312572,expression_raw+protein_features+interactions,median,rank,50,0.25,60,compartment
micronemes,1,20,11,0.007241606319947334,0.55,0.014294996751137103,expression_raw+protein_features+interactions,median,rank,50,0.25,60,compartment
nucleus - chromatin,0,273,195,0.13166779203241052,0.7142857142857143,0.22234891676168755,expression_raw+protein_features+interactions,median,rank,50,0.25,60,compartment
apicoplast,0,61,46,0.031060094530722483,0.7540983606557377,0.05966277561608301,expression_raw+protein_features+interactions,median,rank,50,0.25,60,compartment
dense granules,0,68,34,0.022957461174881837,0.5,0.04389928986442866,expression_raw+protein_features+interactions,median,rank,50,0.25,60,compartment
nucleus - non-chromatin,0,172,88,0.05941931127616475,0.5116279069767442,0.10647307924984876,expression_raw+protein_features+interactions,median,rank,50,0.25,60,compartment
rhoptries 1,0,27,15,0.01012829169480081,0.5555555555555556,0.019893899204244034,expression_raw+protein_features+interactions,median,rank,50,0.25,60,compartment
ER,1,92,52,0.03423304805793285,0.5652173913043478,0.06455617628801986,expression_raw+protein_features+interactions,median,rank,50,0.25,60,compartment
apical 1,0,21,16,0.010803511141120865,0.7619047619047619,0.02130492676431425,expression_raw+protein_features+interactions,median,rank,50,0.25,60,compartment
PM - integral,1,53,30,0.019749835418038184,0.5660377358490566,0.03816793893129771,expression_raw+protein_features+interactions,median,rank,50,0.25,60,compartment
nucleolus,0,16,10,0.00675219446320054,0.625,0.01336005344021376,expression_raw+protein_features+interactions,median,rank,50,0.25,60,compartment
PM - peripheral 2,0,16,12,0.008102633355840648,0.75,0.016032064128256515,expression_raw+protein_features+interactions,median,rank,50,0.25,60,compartment
mitochondrion - soluble,1,101,52,0.03423304805793285,0.5148514851485149,0.06419753086419752,expression_raw+protein_features+interactions,median,rank,50,0.25,60,compartment
mitochondrion - membranes,1,67,45,0.029624753127057275,0.6716417910447762,0.05674653215636822,expression_raw+protein_features+interactions,median,rank,50,0.25,60,compartment
IMC,1,42,31,0.02040816326530612,0.7380952380952381,0.03971812940422806,expression_raw+protein_features+interactions,median,rank,50,0.25,60,compartment
PM - peripheral 1,1,15,15,0.009874917709019092,1.0,0.01955671447196871,expression_raw+protein_features+interactions,median,rank,50,0.25,60,compartment
Golgi,2,62,13,0.053061224489795916,0.20967741935483872,0.08469055374592833,fitness_screens+published_screens+protein_features,median,rank,15,0.0,25,compartment
cytosol,3,215,129,0.1,0.6,0.17142857142857143,fitness_screens+published_screens+protein_features,median,rank,15,0.0,25,compartment
micronemes,2,20,5,0.02040816326530612,0.25,0.037735849056603765,fitness_screens+published_screens+protein_features,median,rank,15,0.0,25,compartment
nucleus - chromatin,0,273,195,0.1364590622813156,0.7142857142857143,0.22914218566392477,fitness_screens+published_screens+protein_features,median,rank,15,0.0,25,compartment
apicoplast,0,61,44,0.03079076277116865,0.7213114754098361,0.05906040268456375,fitness_screens+published_screens+protein_features,median,rank,15,0.0,25,compartment
dense granules,0,68,34,0.023792862141357594,0.5,0.04542418169672679,fitness_screens+published_screens+protein_features,median,rank,15,0.0,25,compartment
nucleus - non-chromatin,3,172,87,0.06744186046511629,0.5058139534883721,0.11901504787961699,fitness_screens+published_screens+protein_features,median,rank,15,0.0,25,compartment
rhoptries 1,0,27,17,0.011896431070678797,0.6296296296296297,0.023351648351648352,fitness_screens+published_screens+protein_features,median,rank,15,0.0,25,compartment
ER,2,92,44,0.17959183673469387,0.4782608695652174,0.2611275964391691,fitness_screens+published_screens+protein_features,median,rank,15,0.0,25,compartment
apical 1,0,21,16,0.01119664100769769,0.7619047619047619,0.022068965517241378,fitness_screens+published_screens+protein_features,median,rank,15,0.0,25,compartment
PM - integral,2,53,25,0.10204081632653061,0.4716981132075472,0.16778523489932887,fitness_screens+published_screens+protein_features,median,rank,15,0.0,25,compartment
nucleolus,0,16,10,0.006997900629811057,0.625,0.01384083044982699,fitness_screens+published_screens+protein_features,median,rank,15,0.0,25,compartment
PM - peripheral 2,2,16,2,0.00816326530612245,0.125,0.015325670498084294,fitness_screens+published_screens+protein_features,median,rank,15,0.0,25,compartment
mitochondrion - soluble,3,101,49,0.03798449612403101,0.48514851485148514,0.0704529115744069,fitness_screens+published_screens+protein_features,median,rank,15,0.0,25,compartment
mitochondrion - membranes,2,67,17,0.06938775510204082,0.2537313432835821,0.10897435897435898,fitness_screens+published_screens+protein_features,median,rank,15,0.0,25,compartment
IMC,2,42,6,0.024489795918367346,0.14285714285714285,0.04181184668989547,fitness_screens+published_screens+protein_features,median,rank,15,0.0,25,compartment
PM - peripheral 1,3,15,15,0.011627906976744186,1.0,0.022988505747126436,fitness_screens+published_screens+protein_features,median,rank,15,0.0,25,compartment
Golgi,0,62,42,0.028668941979522185,0.6774193548387096,0.05500982318271121,fitness_screens+published_screens+protein_features,median,rank,15,0.0,60,compartment
cytosol,1,215,129,0.08403908794788274,0.6,0.14742857142857144,fitness_screens+published_screens+protein_features,median,rank,15,0.0,60,compartment
micronemes,1,20,11,0.0071661237785016286,0.55,0.014147909967845658,fitness_screens+published_screens+protein_features,median,rank,15,0.0,60,compartment
nucleus - chromatin,0,273,195,0.13310580204778158,0.7142857142857143,0.22439585730724973,fitness_screens+published_screens+protein_features,median,rank,15,0.0,60,compartment
apicoplast,0,61,45,0.030716723549488054,0.7377049180327869,0.05897771952817824,fitness_screens+published_screens+protein_features,median,rank,15,0.0,60,compartment
dense granules,0,68,35,0.023890784982935155,0.5147058823529411,0.04566210045662101,fitness_screens+published_screens+protein_features,median,rank,15,0.0,60,compartment
nucleus - non-chromatin,0,172,85,0.05802047781569966,0.4941860465116279,0.10384850335980453,fitness_screens+published_screens+protein_features,median,rank,15,0.0,60,compartment
rhoptries 1,0,27,17,0.011604095563139932,0.6296296296296297,0.02278820375335121,fitness_screens+published_screens+protein_features,median,rank,15,0.0,60,compartment
ER,1,92,53,0.03452768729641694,0.5760869565217391,0.06515058389674247,fitness_screens+published_screens+protein_features,median,rank,15,0.0,60,compartment
apical 1,0,21,16,0.010921501706484642,0.7619047619047619,0.0215343203230148,fitness_screens+published_screens+protein_features,median,rank,15,0.0,60,compartment
PM - integral,1,53,33,0.021498371335504887,0.6226415094339622,0.04156171284634761,fitness_screens+published_screens+protein_features,median,rank,15,0.0,60,compartment
nucleolus,0,16,10,0.006825938566552901,0.625,0.013504388926401082,fitness_screens+published_screens+protein_features,median,rank,15,0.0,60,compartment
PM - peripheral 2,0,16,11,0.007508532423208191,0.6875,0.014854827819041188,fitness_screens+published_screens+protein_features,median,rank,15,0.0,60,compartment
mitochondrion - soluble,1,101,53,0.03452768729641694,0.5247524752475248,0.06479217603911981,fitness_screens+published_screens+protein_features,median,rank,15,0.0,60,compartment
mitochondrion - membranes,1,67,46,0.02996742671009772,0.6865671641791045,0.05742821473158552,fitness_screens+published_screens+protein_features,median,rank,15,0.0,60,compartment
IMC,1,42,29,0.018892508143322474,0.6904761904761905,0.03677869372225745,fitness_screens+published_screens+protein_features,median,rank,15,0.0,60,compartment
PM - peripheral 1,1,15,15,0.009771986970684038,1.0,0.019354838709677417,fitness_screens+published_screens+protein_features,median,rank,15,0.0,60,compartment
Golgi,2,57,10,0.05181347150259067,0.17543859649122806,0.07999999999999999,fitness_screens+published_screens+protein_features,median,rank,15,0.25,25,compartment
cytosol,3,189,101,0.10676532769556026,0.5343915343915344,0.17797356828193833,fitness_screens+published_screens+protein_features,median,rank,15,0.25,25,compartment
micronemes,2,18,5,0.025906735751295335,0.2777777777777778,0.047393364928909956,fitness_screens+published_screens+protein_features,median,rank,15,0.25,25,compartment
nucleus - chromatin,0,261,194,0.13324175824175824,0.7432950191570882,0.22597553873034362,fitness_screens+published_screens+protein_features,median,rank,15,0.25,25,compartment
apicoplast,0,57,45,0.030906593406593408,0.7894736842105263,0.059484467944481166,fitness_screens+published_screens+protein_features,median,rank,15,0.25,25,compartment
dense granules,0,60,34,0.023351648351648352,0.5666666666666667,0.044854881266490766,fitness_screens+published_screens+protein_features,median,rank,15,0.25,25,compartment
nucleus - non-chromatin,3,151,65,0.06871035940803383,0.4304635761589404,0.11850501367365543,fitness_screens+published_screens+protein_features,median,rank,15,0.25,25,compartment
rhoptries 1,0,23,16,0.01098901098901099,0.6956521739130435,0.021636240703177826,fitness_screens+published_screens+protein_features,median,rank,15,0.25,25,compartment
ER,2,82,37,0.19170984455958548,0.45121951219512196,0.26909090909090905,fitness_screens+published_screens+protein_features,median,rank,15,0.25,25,compartment
apical 1,0,21,16,0.01098901098901099,0.7619047619047619,0.02166553825321598,fitness_screens+published_screens+protein_features,median,rank,15,0.25,25,compartment
PM - integral,2,48,22,0.11398963730569948,0.4583333333333333,0.1825726141078838,fitness_screens+published_screens+protein_features,median,rank,15,0.25,25,compartment
nucleolus,0,15,10,0.006868131868131868,0.6666666666666666,0.013596193065941536,fitness_screens+published_screens+protein_features,median,rank,15,0.25,25,compartment
mitochondrion - soluble,3,93,41,0.04334038054968287,0.44086021505376344,0.07892204042348412,fitness_screens+published_screens+protein_features,median,rank,15,0.25,25,compartment
mitochondrion - membranes,2,63,17,0.08808290155440414,0.2698412698412698,0.1328125,fitness_screens+published_screens+protein_features,median,rank,15,0.25,25,compartment
IMC,3,37,20,0.021141649048625793,0.5405405405405406,0.04069175991861648,fitness_screens+published_screens+protein_features,median,rank,15,0.25,25,compartment
Golgi,0,62,42,0.029085872576177285,0.6774193548387096,0.05577689243027889,fitness_screens+published_screens+protein_features,median,rank,15,0.25,60,compartment
cytosol,1,215,129,0.08582834331337326,0.6,0.15017462165308498,fitness_screens+published_screens+protein_features,median,rank,15,0.25,60,compartment
micronemes,1,17,9,0.005988023952095809,0.5294117647058824,0.011842105263157895,fitness_screens+published_screens+protein_features,median,rank,15,0.25,60,compartment
nucleus - chromatin,0,273,195,0.13504155124653738,0.7142857142857143,0.227140361094933,fitness_screens+published_screens+protein_features,median,rank,15,0.25,60,compartment
apicoplast,0,61,45,0.031163434903047092,0.7377049180327869,0.059800664451827246,fitness_screens+published_screens+protein_features,median,rank,15,0.25,60,compartment
dense granules,0,66,34,0.023545706371191136,0.5151515151515151,0.045033112582781455,fitness_screens+published_screens+protein_features,median,rank,15,0.25,60,compartment
nucleus - non-chromatin,0,172,85,0.05886426592797784,0.4941860465116279,0.1051980198019802,fitness_screens+published_screens+protein_features,median,rank,15,0.25,60,compartment
rhoptries 1,0,26,16,0.0110803324099723,0.6153846153846154,0.021768707482993196,fitness_screens+published_screens+protein_features,median,rank,15,0.25,60,compartment
ER,1,92,53,0.03526280771789754,0.5760869565217391,0.06645768025078369,fitness_screens+published_screens+protein_features,median,rank,15,0.25,60,compartment
apical 1,0,21,16,0.0110803324099723,0.7619047619047619,0.021843003412969283,fitness_screens+published_screens+protein_features,median,rank,15,0.25,60,compartment
PM - integral,1,53,33,0.021956087824351298,0.6226415094339622,0.04241645244215938,fitness_screens+published_screens+protein_features,median,rank,15,0.25,60,compartment
nucleolus,0,16,10,0.006925207756232687,0.625,0.0136986301369863,fitness_screens+published_screens+protein_features,median,rank,15,0.25,60,compartment
PM - peripheral 2,0,16,11,0.007617728531855956,0.6875,0.015068493150684932,fitness_screens+published_screens+protein_features,median,rank,15,0.25,60,compartment
mitochondrion - soluble,1,101,53,0.03526280771789754,0.5247524752475248,0.06608478802992518,fitness_screens+published_screens+protein_features,median,rank,15,0.25,60,compartment
mitochondrion - membranes,1,67,46,0.030605455755156354,0.6865671641791045,0.05859872611464968,fitness_screens+published_screens+protein_features,median,rank,15,0.25,60,compartment
IMC,1,42,29,0.01929474384564205,0.6904761904761905,0.03754045307443366,fitness_screens+published_screens+protein_features,median,rank,15,0.25,60,compartment
Golgi,0,62,42,0.028552005438477225,0.6774193548387096,0.0547945205479452,fitness_screens+published_screens+protein_features,median,rank,50,0.0,25,compartment
cytosol,1,215,129,0.08436886854153042,0.6,0.14793577981651376,fitness_screens+published_screens+protein_features,median,rank,50,0.0,25,compartment
micronemes,1,20,11,0.007194244604316547,0.55,0.014202711426726924,fitness_screens+published_screens+protein_features,median,rank,50,0.0,25,compartment
nucleus - chromatin,0,273,195,0.13256288239293,0.7142857142857143,0.22362385321100917,fitness_screens+published_screens+protein_features,median,rank,50,0.0,25,compartment
apicoplast,0,61,45,0.030591434398368457,0.7377049180327869,0.0587467362924282,fitness_screens+published_screens+protein_features,median,rank,50,0.0,25,compartment
dense granules,0,68,35,0.02379333786539769,0.5147058823529411,0.04548408057179987,fitness_screens+published_screens+protein_features,median,rank,50,0.0,25,compartment
nucleus - non-chromatin,0,172,85,0.05778382053025153,0.4941860465116279,0.10346926354230067,fitness_screens+published_screens+protein_features,median,rank,50,0.0,25,compartment
rhoptries 1,0,27,17,0.011556764106050306,0.6296296296296297,0.022696929238985312,fitness_screens+published_screens+protein_features,median,rank,50,0.0,25,compartment
ER,1,92,53,0.03466317854807063,0.5760869565217391,0.06539173349784083,fitness_screens+published_screens+protein_features,median,rank,50,0.0,25,compartment
apical 1,0,21,16,0.010876954452753228,0.7619047619047619,0.021447721179624662,fitness_screens+published_screens+protein_features,median,rank,50,0.0,25,compartment
PM - integral,1,53,33,0.02158273381294964,0.6226415094339622,0.04171934260429836,fitness_screens+published_screens+protein_features,median,rank,50,0.0,25,compartment
nucleolus,0,16,10,0.006798096532970768,0.625,0.013449899125756556,fitness_screens+published_screens+protein_features,median,rank,50,0.0,25,compartment
PM - peripheral 2,0,16,11,0.007477906186267845,0.6875,0.014794889038332211,fitness_screens+published_screens+protein_features,median,rank,50,0.0,25,compartment
mitochondrion - soluble,1,101,53,0.03466317854807063,0.5247524752475248,0.06503067484662577,fitness_screens+published_screens+protein_features,median,rank,50,0.0,25,compartment
mitochondrion - membranes,1,67,46,0.030085022890778287,0.6865671641791045,0.05764411027568923,fitness_screens+published_screens+protein_features,median,rank,50,0.0,25,compartment
IMC,1,42,29,0.01896664486592544,0.6904761904761905,0.03691915977084659,fitness_screens+published_screens+protein_features,median,rank,50,0.0,25,compartment
PM - peripheral 1,1,15,15,0.009810333551340745,1.0,0.019430051813471502,fitness_screens+published_screens+protein_features,median,rank,50,0.0,25,compartment
Golgi,0,62,42,0.028552005438477225,0.6774193548387096,0.0547945205479452,fitness_screens+published_screens+protein_features,median,rank,50,0.0,60,compartment
cytosol,1,215,129,0.08436886854153042,0.6,0.14793577981651376,fitness_screens+published_screens+protein_features,median,rank,50,0.0,60,compartment
micronemes,1,20,11,0.007194244604316547,0.55,0.014202711426726924,fitness_screens+published_screens+protein_features,median,rank,50,0.0,60,compartment
nucleus - chromatin,0,273,195,0.13256288239293,0.7142857142857143,0.22362385321100917,fitness_screens+published_screens+protein_features,median,rank,50,0.0,60,compartment
apicoplast,0,61,45,0.030591434398368457,0.7377049180327869,0.0587467362924282,fitness_screens+published_screens+protein_features,median,rank,50,0.0,60,compartment
dense granules,0,68,35,0.02379333786539769,0.5147058823529411,0.04548408057179987,fitness_screens+published_screens+protein_features,median,rank,50,0.0,60,compartment
nucleus - non-chromatin,0,172,85,0.05778382053025153,0.4941860465116279,0.10346926354230067,fitness_screens+published_screens+protein_features,median,rank,50,0.0,60,compartment
rhoptries 1,0,27,17,0.011556764106050306,0.6296296296296297,0.022696929238985312,fitness_screens+published_screens+protein_features,median,rank,50,0.0,60,compartment
ER,1,92,53,0.03466317854807063,0.5760869565217391,0.06539173349784083,fitness_screens+published_screens+protein_features,median,rank,50,0.0,60,compartment
apical 1,0,21,16,0.010876954452753228,0.7619047619047619,0.021447721179624662,fitness_screens+published_screens+protein_features,median,rank,50,0.0,60,compartment
PM - integral,1,53,33,0.02158273381294964,0.6226415094339622,0.04171934260429836,fitness_screens+published_screens+protein_features,median,rank,50,0.0,60,compartment
nucleolus,0,16,10,0.006798096532970768,0.625,0.013449899125756556,fitness_screens+published_screens+protein_features,median,rank,50,0.0,60,compartment
PM - peripheral 2,0,16,11,0.007477906186267845,0.6875,0.014794889038332211,fitness_screens+published_screens+protein_features,median,rank,50,0.0,60,compartment
mitochondrion - soluble,1,101,53,0.03466317854807063,0.5247524752475248,0.06503067484662577,fitness_screens+published_screens+protein_features,median,rank,50,0.0,60,compartment
mitochondrion - membranes,1,67,46,0.030085022890778287,0.6865671641791045,0.05764411027568923,fitness_screens+published_screens+protein_features,median,rank,50,0.0,60,compartment
IMC,1,42,29,0.01896664486592544,0.6904761904761905,0.03691915977084659,fitness_screens+published_screens+protein_features,median,rank,50,0.0,60,compartment
PM - peripheral 1,1,15,15,0.009810333551340745,1.0,0.019430051813471502,fitness_screens+published_screens+protein_features,median,rank,50,0.0,60,compartment
Golgi,0,62,42,0.028846153846153848,0.6774193548387096,0.05533596837944665,fitness_screens+published_screens+protein_features,median,rank,50,0.25,25,compartment
cytosol,1,215,129,0.08571428571428572,0.6,0.15,fitness_screens+published_screens+protein_features,median,rank,50,0.25,25,compartment
micronemes,1,20,11,0.007308970099667774,0.55,0.014426229508196721,fitness_screens+published_screens+protein_features,median,rank,50,0.25,25,compartment
nucleus - chromatin,0,272,194,0.13324175824175824,0.7132352941176471,0.22453703703703703,fitness_screens+published_screens+protein_features,median,rank,50,0.25,25,compartment
apicoplast,0,61,45,0.030906593406593408,0.7377049180327869,0.059327620303230064,fitness_screens+published_screens+protein_features,median,rank,50,0.25,25,compartment
dense granules,0,66,34,0.023351648351648352,0.5151515151515151,0.04467805519053877,fitness_screens+published_screens+protein_features,median,rank,50,0.25,25,compartment
nucleus - non-chromatin,1,168,86,0.05714285714285714,0.5119047619047619,0.10280932456664674,fitness_screens+published_screens+protein_features,median,rank,50,0.25,25,compartment
rhoptries 1,0,27,17,0.011675824175824176,0.6296296296296297,0.022926500337154418,fitness_screens+published_screens+protein_features,median,rank,50,0.25,25,compartment
ER,1,90,51,0.03388704318936877,0.5666666666666667,0.06394984326018809,fitness_screens+published_screens+protein_features,median,rank,50,0.25,25,compartment
apical 1,0,21,16,0.01098901098901099,0.7619047619047619,0.02166553825321598,fitness_screens+published_screens+protein_features,median,rank,50,0.25,25,compartment
PM - integral,1,53,33,0.021926910299003323,0.6226415094339622,0.0423620025673941,fitness_screens+published_screens+protein_features,median,rank,50,0.25,25,compartment
nucleolus,0,16,10,0.006868131868131868,0.625,0.013586956521739132,fitness_screens+published_screens+protein_features,median,rank,50,0.25,25,compartment
PM - peripheral 2,0,16,11,0.007554945054945055,0.6875,0.014945652173913044,fitness_screens+published_screens+protein_features,median,rank,50,0.25,25,compartment
mitochondrion - soluble,1,100,52,0.0345514950166113,0.52,0.06479750778816201,fitness_screens+published_screens+protein_features,median,rank,50,0.25,25,compartment
mitochondrion - membranes,1,66,45,0.029900332225913623,0.6818181818181818,0.05728835136855506,fitness_screens+published_screens+protein_features,median,rank,50,0.25,25,compartment
IMC,1,42,29,0.019269102990033222,0.6904761904761905,0.03749191984486102,fitness_screens+published_screens+protein_features,median,rank,50,0.25,25,compartment
PM - peripheral 1,1,15,15,0.009966777408637873,1.0,0.019736842105263157,fitness_screens+published_screens+protein_features,median,rank,50,0.25,25,compartment
Golgi,0,62,42,0.029045643153526972,0.6774193548387096,0.05570291777188329,fitness_screens+published_screens+protein_features,median,rank,50,0.25,60,compartment
cytosol,1,215,129,0.08509234828496043,0.6,0.14904679376083188,fitness_screens+published_screens+protein_features,median,rank,50,0.25,60,compartment
micronemes,1,19,11,0.007255936675461741,0.5789473684210527,0.014332247557003257,fitness_screens+published_screens+protein_features,median,rank,50,0.25,60,compartment
nucleus - chromatin,0,273,195,0.13485477178423236,0.7142857142857143,0.22687609075043627,fitness_screens+published_screens+protein_features,median,rank,50,0.25,60,compartment
apicoplast,0,61,45,0.03112033195020747,0.7377049180327869,0.05972130059721301,fitness_screens+published_screens+protein_features,median,rank,50,0.25,60,compartment
dense granules,0,67,34,0.02351313969571231,0.5074626865671642,0.0449438202247191,fitness_screens+published_screens+protein_features,median,rank,50,0.25,60,compartment
nucleus - non-chromatin,0,172,85,0.058782849239280774,0.4941860465116279,0.10506798516687267,fitness_screens+published_screens+protein_features,median,rank,50,0.25,60,compartment
rhoptries 1,0,27,17,0.011756569847856155,0.6296296296296297,0.02308214528173795,fitness_screens+published_screens+protein_features,median,rank,50,0.25,60,compartment
ER,1,91,52,0.03430079155672823,0.5714285714285714,0.06471686372121965,fitness_screens+published_screens+protein_features,median,rank,50,0.25,60,compartment
apical 1,0,21,16,0.011065006915629323,0.7619047619047619,0.021813224267211998,fitness_screens+published_screens+protein_features,median,rank,50,0.25,60,compartment
PM - integral,1,53,33,0.021767810026385226,0.6226415094339622,0.04206500956022945,fitness_screens+published_screens+protein_features,median,rank,50,0.25,60,compartment
nucleolus,0,16,10,0.006915629322268326,0.625,0.013679890560875515,fitness_screens+published_screens+protein_features,median,rank,50,0.25,60,compartment
PM - peripheral 2,0,16,11,0.007607192254495159,0.6875,0.015047879616963064,fitness_screens+published_screens+protein_features,median,rank,50,0.25,60,compartment
mitochondrion - soluble,1,101,53,0.03496042216358839,0.5247524752475248,0.06555349412492269,fitness_screens+published_screens+protein_features,median,rank,50,0.25,60,compartment
mitochondrion - membranes,1,66,45,0.029683377308707123,0.6818181818181818,0.05689001264222503,fitness_screens+published_screens+protein_features,median,rank,50,0.25,60,compartment
IMC,1,42,29,0.01912928759894459,0.6904761904761905,0.037227214377406934,fitness_screens+published_screens+protein_features,median,rank,50,0.25,60,compartment
Golgi,2,61,42,0.02813127930341594,0.6885245901639344,0.05405405405405406,fitness_screens+published_screens+interactions,median,rank,15,0.0,25,compartment
cytosol,1,212,34,0.2905982905982906,0.16037735849056603,0.2066869300911854,fitness_screens+published_screens+interactions,median,rank,15,0.0,25,compartment
micronemes,8,20,1,0.029411764705882353,0.05,0.03703703703703704,fitness_screens+published_screens+interactions,median,rank,15,0.0,25,compartment
nucleus - chromatin,2,272,196,0.13127930341594105,0.7205882352941176,0.22209631728045323,fitness_screens+published_screens+interactions,median,rank,15,0.0,25,compartment
apicoplast,3,60,6,0.04411764705882353,0.1,0.06122448979591837,fitness_screens+published_screens+interactions,median,rank,15,0.0,25,compartment
dense granules,1,67,7,0.05982905982905983,0.1044776119402985,0.07608695652173914,fitness_screens+published_screens+interactions,median,rank,15,0.0,25,compartment
nucleus - non-chromatin,1,172,24,0.20512820512820512,0.13953488372093023,0.1660899653979239,fitness_screens+published_screens+interactions,median,rank,15,0.0,25,compartment
rhoptries 1,1,27,3,0.02564102564102564,0.1111111111111111,0.041666666666666664,fitness_screens+published_screens+interactions,median,rank,15,0.0,25,compartment
ER,0,89,19,0.04846938775510204,0.21348314606741572,0.07900207900207899,fitness_screens+published_screens+interactions,median,rank,15,0.0,25,compartment
apical 1,3,21,2,0.014705882352941176,0.09523809523809523,0.025477707006369425,fitness_screens+published_screens+interactions,median,rank,15,0.0,25,compartment
PM - integral,0,53,18,0.04591836734693878,0.33962264150943394,0.08089887640449439,fitness_screens+published_screens+interactions,median,rank,15,0.0,25,compartment
nucleolus,1,15,1,0.008547008547008548,0.06666666666666667,0.015151515151515154,fitness_screens+published_screens+interactions,median,rank,15,0.0,25,compartment
PM - peripheral 2,2,15,12,0.008037508372404554,0.8,0.015915119363395226,fitness_screens+published_screens+interactions,median,rank,15,0.0,25,compartment
mitochondrion - soluble,7,99,30,0.0473186119873817,0.30303030303030304,0.08185538881309687,fitness_screens+published_screens+interactions,median,rank,15,0.0,25,compartment
mitochondrion - membranes,7,66,21,0.033123028391167195,0.3181818181818182,0.060000000000000005,fitness_screens+published_screens+interactions,median,rank,15,0.0,25,compartment
IMC,1,41,3,0.02564102564102564,0.07317073170731707,0.03797468354430379,fitness_screens+published_screens+interactions,median,rank,15,0.0,25,compartment
PM - peripheral 1,1,15,6,0.05128205128205128,0.4,0.09090909090909091,fitness_screens+published_screens+interactions,median,rank,15,0.0,25,compartment
Golgi,3,61,42,0.028150134048257374,0.6885245901639344,0.0540888602704443,fitness_screens+published_screens+interactions,median,rank,15,0.0,60,compartment
cytosol,1,215,34,0.2905982905982906,0.15813953488372093,0.2048192771084337,fitness_screens+published_screens+interactions,median,rank,15,0.0,60,compartment
micronemes,1,20,2,0.017094017094017096,0.1,0.029197080291970805,fitness_screens+published_screens+interactions,median,rank,15,0.0,60,compartment
nucleus - chromatin,3,273,196,0.13136729222520108,0.717948717948718,0.2220963172804533,fitness_screens+published_screens+interactions,median,rank,15,0.0,60,compartment
apicoplast,4,58,6,0.04411764705882353,0.10344827586206896,0.061855670103092786,fitness_screens+published_screens+interactions,median,rank,15,0.0,60,compartment
dense granules,1,67,7,0.05982905982905983,0.1044776119402985,0.07608695652173914,fitness_screens+published_screens+interactions,median,rank,15,0.0,60,compartment
nucleus - non-chromatin,1,172,24,0.20512820512820512,0.13953488372093023,0.1660899653979239,fitness_screens+published_screens+interactions,median,rank,15,0.0,60,compartment
rhoptries 1,1,27,3,0.02564102564102564,0.1111111111111111,0.041666666666666664,fitness_screens+published_screens+interactions,median,rank,15,0.0,60,compartment
ER,0,91,19,0.04846938775510204,0.2087912087912088,0.07867494824016563,fitness_screens+published_screens+interactions,median,rank,15,0.0,60,compartment
apical 1,4,21,2,0.014705882352941176,0.09523809523809523,0.025477707006369425,fitness_screens+published_screens+interactions,median,rank,15,0.0,60,compartment
PM - integral,0,53,18,0.04591836734693878,0.33962264150943394,0.08089887640449439,fitness_screens+published_screens+interactions,median,rank,15,0.0,60,compartment
nucleolus,1,16,1,0.008547008547008548,0.0625,0.015037593984962409,fitness_screens+published_screens+interactions,median,rank,15,0.0,60,compartment
PM - peripheral 2,3,15,12,0.00804289544235925,0.8,0.015925680159256803,fitness_screens+published_screens+interactions,median,rank,15,0.0,60,compartment
mitochondrion - soluble,2,100,31,0.04046997389033943,0.31,0.07159353348729793,fitness_screens+published_screens+interactions,median,rank,15,0.0,60,compartment
mitochondrion - membranes,2,67,24,0.031331592689295036,0.3582089552238806,0.057623049219687875,fitness_screens+published_screens+interactions,median,rank,15,0.0,60,compartment
IMC,1,42,3,0.02564102564102564,0.07142857142857142,0.03773584905660377,fitness_screens+published_screens+interactions,median,rank,15,0.0,60,compartment
PM - peripheral 1,1,15,6,0.05128205128205128,0.4,0.09090909090909091,fitness_screens+published_screens+interactions,median,rank,15,0.0,60,compartment
Golgi,3,51,42,0.028416779431664412,0.8235294117647058,0.05493786788750818,fitness_screens+published_screens+interactions,median,rank,15,0.25,25,compartment
cytosol,1,185,33,0.2894736842105263,0.1783783783783784,0.22073578595317728,fitness_screens+published_screens+interactions,median,rank,15,0.25,25,compartment
micronemes,1,19,2,0.017543859649122806,0.10526315789473684,0.03007518796992481,fitness_screens+published_screens+interactions,median,rank,15,0.25,25,compartment
nucleus - chromatin,3,246,194,0.13125845737483086,0.7886178861788617,0.22505800464037123,fitness_screens+published_screens+interactions,median,rank,15,0.25,25,compartment
apicoplast,3,47,39,0.02638700947225981,0.8297872340425532,0.051147540983606556,fitness_screens+published_screens+interactions,median,rank,15,0.25,25,compartment
dense granules,1,57,7,0.06140350877192982,0.12280701754385964,0.08187134502923976,fitness_screens+published_screens+interactions,median,rank,15,0.25,25,compartment
nucleus - non-chromatin,1,153,24,0.21052631578947367,0.1568627450980392,0.1797752808988764,fitness_screens+published_screens+interactions,median,rank,15,0.25,25,compartment
rhoptries 1,1,25,3,0.02631578947368421,0.12,0.043165467625899276,fitness_screens+published_screens+interactions,median,rank,15,0.25,25,compartment
ER,6,70,7,0.0660377358490566,0.1,0.07954545454545454,fitness_screens+published_screens+interactions,median,rank,15,0.25,25,compartment
apical 1,3,21,16,0.010825439783491205,0.7619047619047619,0.021347565043362243,fitness_screens+published_screens+interactions,median,rank,15,0.25,25,compartment
PM - integral,4,43,14,0.04093567251461988,0.32558139534883723,0.07272727272727272,fitness_screens+published_screens+interactions,median,rank,15,0.25,25,compartment
mitochondrion - soluble,6,83,14,0.1320754716981132,0.1686746987951807,0.14814814814814817,fitness_screens+published_screens+interactions,median,rank,15,0.25,25,compartment
mitochondrion - membranes,6,56,7,0.0660377358490566,0.125,0.08641975308641976,fitness_screens+published_screens+interactions,median,rank,15,0.25,25,compartment
IMC,4,37,8,0.023391812865497075,0.21621621621621623,0.04221635883905013,fitness_screens+published_screens+interactions,median,rank,15,0.25,25,compartment
Golgi,2,47,39,0.029567854435178165,0.8297872340425532,0.05710102489019033,fitness_screens+published_screens+interactions,median,rank,15,0.25,60,compartment
cytosol,1,142,15,0.22727272727272727,0.1056338028169014,0.14423076923076922,fitness_screens+published_screens+interactions,median,rank,15,0.25,60,compartment
micronemes,1,17,2,0.030303030303030304,0.11764705882352941,0.04819277108433735,fitness_screens+published_screens+interactions,median,rank,15,0.25,60,compartment
nucleus - chromatin,2,224,180,0.13646702047005307,0.8035714285714286,0.23331173039533376,fitness_screens+published_screens+interactions,median,rank,15,0.25,60,compartment
apicoplast,2,42,37,0.028051554207733132,0.8809523809523809,0.05437178545187363,fitness_screens+published_screens+interactions,median,rank,15,0.25,60,compartment
dense granules,1,48,3,0.045454545454545456,0.0625,0.052631578947368425,fitness_screens+published_screens+interactions,median,rank,15,0.25,60,compartment
nucleus - non-chromatin,1,123,17,0.25757575757575757,0.13821138211382114,0.1798941798941799,fitness_screens+published_screens+interactions,median,rank,15,0.25,60,compartment
rhoptries 1,1,21,2,0.030303030303030304,0.09523809523809523,0.04597701149425287,fitness_screens+published_screens+interactions,median,rank,15,0.25,60,compartment
ER,0,60,11,0.04059040590405904,0.18333333333333332,0.06646525679758307,fitness_screens+published_screens+interactions,median,rank,15,0.25,60,compartment
apical 1,2,19,14,0.01061410159211524,0.7368421052631579,0.02092675635276532,fitness_screens+published_screens+interactions,median,rank,15,0.25,60,compartment
PM - integral,0,43,13,0.04797047970479705,0.3023255813953488,0.08280254777070063,fitness_screens+published_screens+interactions,median,rank,15,0.25,60,compartment
mitochondrion - soluble,3,70,20,0.03937007874015748,0.2857142857142857,0.06920415224913495,fitness_screens+published_screens+interactions,median,rank,15,0.25,60,compartment
mitochondrion - membranes,3,43,14,0.027559055118110236,0.32558139534883723,0.05081669691470054,fitness_screens+published_screens+interactions,median,rank,15,0.25,60,compartment
IMC,1,24,2,0.030303030303030304,0.08333333333333333,0.04444444444444444,fitness_screens+published_screens+interactions,median,rank,15,0.25,60,compartment
Golgi,15,40,4,0.06153846153846154,0.1,0.0761904761904762,fitness_screens+published_screens+interactions,median,rank,50,0.0,25,compartment
cytosol,1,157,23,0.34328358208955223,0.1464968152866242,0.20535714285714285,fitness_screens+published_screens+interactions,median,rank,50,0.0,25,compartment
nucleus - chromatin,16,199,42,0.25149700598802394,0.21105527638190955,0.22950819672131145,fitness_screens+published_screens+interactions,median,rank,50,0.0,25,compartment
dense granules,0,46,4,0.14285714285714285,0.08695652173913043,0.1081081081081081,fitness_screens+published_screens+interactions,median,rank,50,0.0,25,compartment
nucleus - non-chromatin,17,123,19,0.2111111111111111,0.15447154471544716,0.17840375586854462,fitness_screens+published_screens+interactions,median,rank,50,0.0,25,compartment
rhoptries 1,0,20,2,0.07142857142857142,0.1,0.08333333333333333,fitness_screens+published_screens+interactions,median,rank,50,0.0,25,compartment
ER,6,66,9,0.10975609756097561,0.13636363636363635,0.12162162162162161,fitness_screens+published_screens+interactions,median,rank,50,0.0,25,compartment
apicoplast,16,40,14,0.08383233532934131,0.35,0.13526570048309178,fitness_screens+published_screens+interactions,median,rank,50,0.0,25,compartment
apical 1,11,15,2,0.02666666666666667,0.13333333333333333,0.044444444444444446,fitness_screens+published_screens+interactions,median,rank,50,0.0,25,compartment
PM - integral,5,43,10,0.046948356807511735,0.23255813953488372,0.078125,fitness_screens+published_screens+interactions,median,rank,50,0.0,25,compartment
mitochondrion - soluble,7,79,18,0.1487603305785124,0.22784810126582278,0.18,fitness_screens+published_screens+interactions,median,rank,50,0.0,25,compartment
IMC,3,35,5,0.11627906976744186,0.14285714285714285,0.1282051282051282,fitness_screens+published_screens+interactions,median,rank,50,0.0,25,compartment
mitochondrion - membranes,9,53,4,0.09090909090909091,0.07547169811320754,0.08247422680412371,fitness_screens+published_screens+interactions,median,rank,50,0.0,25,compartment
Golgi,2,56,46,0.02998696219035202,0.8214285714285714,0.05786163522012579,fitness_screens+published_screens+interactions,median,rank,50,0.0,60,compartment
cytosol,1,191,27,0.30337078651685395,0.14136125654450263,0.19285714285714287,fitness_screens+published_screens+interactions,median,rank,50,0.0,60,compartment
micronemes,1,20,2,0.02247191011235955,0.1,0.03669724770642202,fitness_screens+published_screens+interactions,median,rank,50,0.0,60,compartment
nucleus - chromatin,2,256,201,0.13102998696219034,0.78515625,0.22458100558659214,fitness_screens+published_screens+interactions,median,rank,50,0.0,60,compartment
apicoplast,2,52,44,0.028683181225554105,0.8461538461538461,0.05548549810844892,fitness_screens+published_screens+interactions,median,rank,50,0.0,60,compartment
dense granules,4,60,13,0.026915113871635612,0.21666666666666667,0.04788213627992633,fitness_screens+published_screens+interactions,median,rank,50,0.0,60,compartment
nucleus - non-chromatin,1,151,20,0.2247191011235955,0.13245033112582782,0.16666666666666669,fitness_screens+published_screens+interactions,median,rank,50,0.0,60,compartment
rhoptries 1,1,23,2,0.02247191011235955,0.08695652173913043,0.03571428571428571,fitness_screens+published_screens+interactions,median,rank,50,0.0,60,compartment
ER,0,80,19,0.05277777777777778,0.2375,0.08636363636363636,fitness_screens+published_screens+interactions,median,rank,50,0.0,60,compartment
apical 1,2,21,16,0.010430247718383311,0.7619047619047619,0.020578778135048232,fitness_screens+published_screens+interactions,median,rank,50,0.0,60,compartment
PM - integral,0,48,14,0.03888888888888889,0.2916666666666667,0.06862745098039215,fitness_screens+published_screens+interactions,median,rank,50,0.0,60,compartment
nucleolus,1,16,1,0.011235955056179775,0.0625,0.019047619047619046,fitness_screens+published_screens+interactions,median,rank,50,0.0,60,compartment
mitochondrion - soluble,3,92,16,0.08290155440414508,0.17391304347826086,0.11228070175438597,fitness_screens+published_screens+interactions,median,rank,50,0.0,60,compartment
mitochondrion - membranes,3,55,9,0.046632124352331605,0.16363636363636364,0.07258064516129033,fitness_screens+published_screens+interactions,median,rank,50,0.0,60,compartment
IMC,0,31,8,0.022222222222222223,0.25806451612903225,0.04092071611253197,fitness_screens+published_screens+interactions,median,rank,50,0.0,60,compartment
Golgi,7,30,6,0.05357142857142857,0.2,0.08450704225352113,fitness_screens+published_screens+interactions,median,rank,50,0.25,25,compartment
cytosol,3,115,23,0.3194444444444444,0.2,0.24598930481283424,fitness_screens+published_screens+interactions,median,rank,50,0.25,25,compartment
nucleus - chromatin,9,166,63,0.22340425531914893,0.3795180722891566,0.28125,fitness_screens+published_screens+interactions,median,rank,50,0.25,25,compartment
dense granules,12,33,5,0.030120481927710843,0.15151515151515152,0.05025125628140703,fitness_screens+published_screens+interactions,median,rank,50,0.25,25,compartment
nucleus - non-chromatin,10,92,17,0.2125,0.18478260869565216,0.19767441860465115,fitness_screens+published_screens+interactions,median,rank,50,0.25,25,compartment
ER,5,47,4,0.09302325581395349,0.0851063829787234,0.08888888888888888,fitness_screens+published_screens+interactions,median,rank,50,0.25,25,compartment
apicoplast,9,32,19,0.0673758865248227,0.59375,0.12101910828025476,fitness_screens+published_screens+interactions,median,rank,50,0.25,25,compartment
PM - integral,5,32,3,0.06976744186046512,0.09375,0.07999999999999999,fitness_screens+published_screens+interactions,median,rank,50,0.25,25,compartment
mitochondrion - soluble,2,66,13,0.14444444444444443,0.19696969696969696,0.16666666666666666,fitness_screens+published_screens+interactions,median,rank,50,0.25,25,compartment
IMC,5,25,2,0.046511627906976744,0.08,0.05882352941176471,fitness_screens+published_screens+interactions,median,rank,50,0.25,25,compartment
mitochondrion - membranes,2,39,5,0.05555555555555555,0.1282051282051282,0.07751937984496124,fitness_screens+published_screens+interactions,median,rank,50,0.25,25,compartment
Golgi,1,42,35,0.027624309392265192,0.8333333333333334,0.053475935828877004,fitness_screens+published_screens+interactions,median,rank,50,0.25,60,compartment
cytosol,0,122,32,0.11149825783972125,0.26229508196721313,0.15647921760391195,fitness_screens+published_screens+interactions,median,rank,50,0.25,60,compartment
apicoplast,1,40,37,0.02920284135753749,0.925,0.056618209640397855,fitness_screens+published_screens+interactions,median,rank,50,0.25,60,compartment
nucleus - chromatin,1,206,167,0.13180741910023677,0.8106796116504854,0.22674813306177868,fitness_screens+published_screens+interactions,median,rank,50,0.25,60,compartment
dense granules,1,41,27,0.021310181531176007,0.6585365853658537,0.04128440366972477,fitness_screens+published_screens+interactions,median,rank,50,0.25,60,compartment
nucleus - non-chromatin,1,105,78,0.06156274664561957,0.7428571428571429,0.11370262390670553,fitness_screens+published_screens+interactions,median,rank,50,0.25,60,compartment
rhoptries 1,0,18,4,0.013937282229965157,0.2222222222222222,0.026229508196721315,fitness_screens+published_screens+interactions,median,rank,50,0.25,60,compartment
ER,3,51,5,0.078125,0.09803921568627451,0.08695652173913043,fitness_screens+published_screens+interactions,median,rank,50,0.25,60,compartment
apical 1,1,16,12,0.009471191791633781,0.75,0.018706157443491817,fitness_screens+published_screens+interactions,median,rank,50,0.25,60,compartment
PM - integral,0,34,8,0.027874564459930314,0.23529411764705882,0.049844236760124616,fitness_screens+published_screens+interactions,median,rank,50,0.25,60,compartment
mitochondrion - soluble,3,68,10,0.15625,0.14705882352941177,0.15151515151515152,fitness_screens+published_screens+interactions,median,rank,50,0.25,60,compartment
mitochondrion - membranes,2,38,9,0.0234375,0.23684210526315788,0.04265402843601896,fitness_screens+published_screens+interactions,median,rank,50,0.25,60,compartment
IMC,0,21,5,0.017421602787456445,0.23809523809523808,0.03246753246753246,fitness_screens+published_screens+interactions,median,rank,50,0.25,60,compartment
Golgi,18,52,6,0.1,0.11538461538461539,0.10714285714285714,fitness_screens+protein_features+interactions,median,rank,15,0.0,25,compartment
micronemes,7,19,3,0.05,0.15789473684210525,0.07594936708860761,fitness_screens+protein_features+interactions,median,rank,15,0.0,25,compartment
nucleus - chromatin,15,218,35,0.26717557251908397,0.16055045871559634,0.20057306590257878,fitness_screens+protein_features+interactions,median,rank,15,0.0,25,compartment
apicoplast,15,51,13,0.09923664122137404,0.2549019607843137,0.14285714285714285,fitness_screens+protein_features+interactions,median,rank,15,0.0,25,compartment
dense granules,0,62,5,0.08928571428571429,0.08064516129032258,0.0847457627118644,fitness_screens+protein_features+interactions,median,rank,15,0.0,25,compartment
nucleus - non-chromatin,5,129,26,0.20155038759689922,0.20155038759689922,0.20155038759689922,fitness_screens+protein_features+interactions,median,rank,15,0.0,25,compartment
rhoptries 1,0,25,2,0.03571428571428571,0.08,0.04938271604938271,fitness_screens+protein_features+interactions,median,rank,15,0.0,25,compartment
ER,7,80,14,0.23333333333333334,0.175,0.2,fitness_screens+protein_features+interactions,median,rank,15,0.0,25,compartment
apical 1,0,17,2,0.03571428571428571,0.11764705882352941,0.0547945205479452,fitness_screens+protein_features+interactions,median,rank,15,0.0,25,compartment
PM - integral,7,44,9,0.15,0.20454545454545456,0.17307692307692307,fitness_screens+protein_features+interactions,median,rank,15,0.0,25,compartment
mitochondrion - soluble,3,83,27,0.040059347181008904,0.3253012048192771,0.071334214002642,fitness_screens+protein_features+interactions,median,rank,15,0.0,25,compartment
mitochondrion - membranes,4,56,13,0.07784431137724551,0.23214285714285715,0.11659192825112107,fitness_screens+protein_features+interactions,median,rank,15,0.0,25,compartment
cytosol,5,177,39,0.3023255813953488,0.22033898305084745,0.25490196078431376,fitness_screens+protein_features+interactions,median,rank,15,0.0,25,compartment
IMC,6,37,10,0.06993006993006994,0.2702702702702703,0.1111111111111111,fitness_screens+protein_features+interactions,median,rank,15,0.0,25,compartment
PM - peripheral 1,9,15,7,0.16666666666666666,0.4666666666666667,0.2456140350877193,fitness_screens+protein_features+interactions,median,rank,15,0.0,25,compartment
Golgi,0,62,40,0.02700877785280216,0.6451612903225806,0.05184705119896306,fitness_screens+protein_features+interactions,median,rank,15,0.0,60,compartment
cytosol,1,215,132,0.086899275839368,0.6139534883720931,0.1522491349480969,fitness_screens+protein_features+interactions,median,rank,15,0.0,60,compartment
micronemes,1,20,12,0.007899934167215274,0.6,0.015594541910331387,fitness_screens+protein_features+interactions,median,rank,15,0.0,60,compartment
nucleus - chromatin,0,273,196,0.1323430114787306,0.717948717948718,0.2234891676168757,fitness_screens+protein_features+interactions,median,rank,15,0.0,60,compartment
apicoplast,0,61,46,0.031060094530722483,0.7540983606557377,0.05966277561608301,fitness_screens+protein_features+interactions,median,rank,15,0.0,60,compartment
dense granules,0,68,34,0.022957461174881837,0.5,0.04389928986442866,fitness_screens+protein_features+interactions,median,rank,15,0.0,60,compartment
nucleus - non-chromatin,0,172,89,0.06009453072248481,0.5174418604651163,0.10768300060496068,fitness_screens+protein_features+interactions,median,rank,15,0.0,60,compartment
rhoptries 1,0,27,14,0.009453072248480757,0.5185185185185185,0.01856763925729443,fitness_screens+protein_features+interactions,median,rank,15,0.0,60,compartment
ER,1,92,51,0.03357472021066491,0.5543478260869565,0.06331471135940411,fitness_screens+protein_features+interactions,median,rank,15,0.0,60,compartment
apical 1,0,21,16,0.010803511141120865,0.7619047619047619,0.02130492676431425,fitness_screens+protein_features+interactions,median,rank,15,0.0,60,compartment
PM - integral,1,53,30,0.019749835418038184,0.5660377358490566,0.03816793893129771,fitness_screens+protein_features+interactions,median,rank,15,0.0,60,compartment
nucleolus,0,16,10,0.00675219446320054,0.625,0.01336005344021376,fitness_screens+protein_features+interactions,median,rank,15,0.0,60,compartment
PM - peripheral 2,0,16,12,0.008102633355840648,0.75,0.016032064128256515,fitness_screens+protein_features+interactions,median,rank,15,0.0,60,compartment
mitochondrion - soluble,1,101,52,0.03423304805793285,0.5148514851485149,0.06419753086419752,fitness_screens+protein_features+interactions,median,rank,15,0.0,60,compartment
mitochondrion - membranes,1,67,44,0.028966425279789335,0.6567164179104478,0.05548549810844893,fitness_screens+protein_features+interactions,median,rank,15,0.0,60,compartment
IMC,1,42,31,0.02040816326530612,0.7380952380952381,0.03971812940422806,fitness_screens+protein_features+interactions,median,rank,15,0.0,60,compartment
PM - peripheral 1,1,15,15,0.009874917709019092,1.0,0.01955671447196871,fitness_screens+protein_features+interactions,median,rank,15,0.0,60,compartment
Golgi,0,62,40,0.02700877785280216,0.6451612903225806,0.05184705119896306,fitness_screens+protein_features+interactions,median,rank,15,0.25,25,compartment
cytosol,1,215,132,0.086899275839368,0.6139534883720931,0.1522491349480969,fitness_screens+protein_features+interactions,median,rank,15,0.25,25,compartment
micronemes,1,20,12,0.007899934167215274,0.6,0.015594541910331387,fitness_screens+protein_features+interactions,median,rank,15,0.25,25,compartment
nucleus - chromatin,0,273,196,0.1323430114787306,0.717948717948718,0.2234891676168757,fitness_screens+protein_features+interactions,median,rank,15,0.25,25,compartment
apicoplast,0,61,46,0.031060094530722483,0.7540983606557377,0.05966277561608301,fitness_screens+protein_features+interactions,median,rank,15,0.25,25,compartment
dense granules,0,68,34,0.022957461174881837,0.5,0.04389928986442866,fitness_screens+protein_features+interactions,median,rank,15,0.25,25,compartment
nucleus - non-chromatin,0,172,89,0.06009453072248481,0.5174418604651163,0.10768300060496068,fitness_screens+protein_features+interactions,median,rank,15,0.25,25,compartment
rhoptries 1,0,27,14,0.009453072248480757,0.5185185185185185,0.01856763925729443,fitness_screens+protein_features+interactions,median,rank,15,0.25,25,compartment
ER,1,92,51,0.03357472021066491,0.5543478260869565,0.06331471135940411,fitness_screens+protein_features+interactions,median,rank,15,0.25,25,compartment
apical 1,0,21,16,0.010803511141120865,0.7619047619047619,0.02130492676431425,fitness_screens+protein_features+interactions,median,rank,15,0.25,25,compartment
PM - integral,1,53,30,0.019749835418038184,0.5660377358490566,0.03816793893129771,fitness_screens+protein_features+interactions,median,rank,15,0.25,25,compartment
nucleolus,0,16,10,0.00675219446320054,0.625,0.01336005344021376,fitness_screens+protein_features+interactions,median,rank,15,0.25,25,compartment
PM - peripheral 2,0,16,12,0.008102633355840648,0.75,0.016032064128256515,fitness_screens+protein_features+interactions,median,rank,15,0.25,25,compartment
mitochondrion - soluble,1,101,52,0.03423304805793285,0.5148514851485149,0.06419753086419752,fitness_screens+protein_features+interactions,median,rank,15,0.25,25,compartment
mitochondrion - membranes,1,67,44,0.028966425279789335,0.6567164179104478,0.05548549810844893,fitness_screens+protein_features+interactions,median,rank,15,0.25,25,compartment
IMC,1,42,31,0.02040816326530612,0.7380952380952381,0.03971812940422806,fitness_screens+protein_features+interactions,median,rank,15,0.25,25,compartment
PM - peripheral 1,1,15,15,0.009874917709019092,1.0,0.01955671447196871,fitness_screens+protein_features+interactions,median,rank,15,0.25,25,compartment
Golgi,0,62,40,0.02700877785280216,0.6451612903225806,0.05184705119896306,fitness_screens+protein_features+interactions,median,rank,15,0.25,60,compartment
cytosol,1,215,132,0.086899275839368,0.6139534883720931,0.1522491349480969,fitness_screens+protein_features+interactions,median,rank,15,0.25,60,compartment
micronemes,1,20,12,0.007899934167215274,0.6,0.015594541910331387,fitness_screens+protein_features+interactions,median,rank,15,0.25,60,compartment
nucleus - chromatin,0,273,196,0.1323430114787306,0.717948717948718,0.2234891676168757,fitness_screens+protein_features+interactions,median,rank,15,0.25,60,compartment
apicoplast,0,61,46,0.031060094530722483,0.7540983606557377,0.05966277561608301,fitness_screens+protein_features+interactions,median,rank,15,0.25,60,compartment
dense granules,0,68,34,0.022957461174881837,0.5,0.04389928986442866,fitness_screens+protein_features+interactions,median,rank,15,0.25,60,compartment
nucleus - non-chromatin,0,172,89,0.06009453072248481,0.5174418604651163,0.10768300060496068,fitness_screens+protein_features+interactions,median,rank,15,0.25,60,compartment
rhoptries 1,0,27,14,0.009453072248480757,0.5185185185185185,0.01856763925729443,fitness_screens+protein_features+interactions,median,rank,15,0.25,60,compartment
ER,1,92,51,0.03357472021066491,0.5543478260869565,0.06331471135940411,fitness_screens+protein_features+interactions,median,rank,15,0.25,60,compartment
apical 1,0,21,16,0.010803511141120865,0.7619047619047619,0.02130492676431425,fitness_screens+protein_features+interactions,median,rank,15,0.25,60,compartment
PM - integral,1,53,30,0.019749835418038184,0.5660377358490566,0.03816793893129771,fitness_screens+protein_features+interactions,median,rank,15,0.25,60,compartment
nucleolus,0,16,10,0.00675219446320054,0.625,0.01336005344021376,fitness_screens+protein_features+interactions,median,rank,15,0.25,60,compartment
PM - peripheral 2,0,16,12,0.008102633355840648,0.75,0.016032064128256515,fitness_screens+protein_features+interactions,median,rank,15,0.25,60,compartment
mitochondrion - soluble,1,101,52,0.03423304805793285,0.5148514851485149,0.06419753086419752,fitness_screens+protein_features+interactions,median,rank,15,0.25,60,compartment
mitochondrion - membranes,1,67,44,0.028966425279789335,0.6567164179104478,0.05548549810844893,fitness_screens+protein_features+interactions,median,rank,15,0.25,60,compartment
IMC,1,42,31,0.02040816326530612,0.7380952380952381,0.03971812940422806,fitness_screens+protein_features+interactions,median,rank,15,0.25,60,compartment
PM - peripheral 1,1,15,15,0.009874917709019092,1.0,0.01955671447196871,fitness_screens+protein_features+interactions,median,rank,15,0.25,60,compartment
Golgi,0,62,40,0.027548209366391185,0.6451612903225806,0.052840158520475564,fitness_screens+protein_features+interactions,median,rank,50,0.0,25,compartment
cytosol,1,215,132,0.08527131782945736,0.6139534883720931,0.1497447532614861,fitness_screens+protein_features+interactions,median,rank,50,0.0,25,compartment
micronemes,1,20,12,0.007751937984496124,0.6,0.015306122448979591,fitness_screens+protein_features+interactions,median,rank,50,0.0,25,compartment
nucleus - chromatin,0,273,194,0.13360881542699724,0.7106227106227107,0.22492753623188405,fitness_screens+protein_features+interactions,median,rank,50,0.0,25,compartment
apicoplast,0,61,43,0.029614325068870524,0.7049180327868853,0.056840713813615336,fitness_screens+protein_features+interactions,median,rank,50,0.0,25,compartment
dense granules,1,68,36,0.023255813953488372,0.5294117647058824,0.04455445544554455,fitness_screens+protein_features+interactions,median,rank,50,0.0,25,compartment
nucleus - non-chromatin,0,172,88,0.06060606060606061,0.5116279069767442,0.10837438423645322,fitness_screens+protein_features+interactions,median,rank,50,0.0,25,compartment
rhoptries 1,0,27,14,0.009641873278236915,0.5185185185185185,0.018931710615280595,fitness_screens+protein_features+interactions,median,rank,50,0.0,25,compartment
ER,1,92,52,0.03359173126614987,0.5652173913043478,0.06341463414634146,fitness_screens+protein_features+interactions,median,rank,50,0.0,25,compartment
apical 1,0,21,16,0.011019283746556474,0.7619047619047619,0.021724372029871014,fitness_screens+protein_features+interactions,median,rank,50,0.0,25,compartment
PM - integral,1,53,30,0.01937984496124031,0.5660377358490566,0.03747657713928794,fitness_screens+protein_features+interactions,median,rank,50,0.0,25,compartment
nucleolus,0,16,10,0.006887052341597796,0.625,0.013623978201634877,fitness_screens+protein_features+interactions,median,rank,50,0.0,25,compartment
PM - peripheral 2,0,16,12,0.008264462809917356,0.75,0.016348773841961855,fitness_screens+protein_features+interactions,median,rank,50,0.0,25,compartment
mitochondrion - soluble,1,101,53,0.034237726098191215,0.5247524752475248,0.06428138265615525,fitness_screens+protein_features+interactions,median,rank,50,0.0,25,compartment
mitochondrion - membranes,1,67,43,0.027777777777777776,0.6417910447761194,0.053250773993808044,fitness_screens+protein_features+interactions,median,rank,50,0.0,25,compartment
IMC,1,42,31,0.020025839793281652,0.7380952380952381,0.0389937106918239,fitness_screens+protein_features+interactions,median,rank,50,0.0,25,compartment
PM - peripheral 1,1,15,15,0.009689922480620155,1.0,0.019193857965451054,fitness_screens+protein_features+interactions,median,rank,50,0.0,25,compartment
Golgi,0,62,40,0.027548209366391185,0.6451612903225806,0.052840158520475564,fitness_screens+protein_features+interactions,median,rank,50,0.0,60,compartment
cytosol,1,215,132,0.08527131782945736,0.6139534883720931,0.1497447532614861,fitness_screens+protein_features+interactions,median,rank,50,0.0,60,compartment
micronemes,1,20,12,0.007751937984496124,0.6,0.015306122448979591,fitness_screens+protein_features+interactions,median,rank,50,0.0,60,compartment
nucleus - chromatin,0,273,194,0.13360881542699724,0.7106227106227107,0.22492753623188405,fitness_screens+protein_features+interactions,median,rank,50,0.0,60,compartment
apicoplast,0,61,43,0.029614325068870524,0.7049180327868853,0.056840713813615336,fitness_screens+protein_features+interactions,median,rank,50,0.0,60,compartment
dense granules,1,68,36,0.023255813953488372,0.5294117647058824,0.04455445544554455,fitness_screens+protein_features+interactions,median,rank,50,0.0,60,compartment
nucleus - non-chromatin,0,172,88,0.06060606060606061,0.5116279069767442,0.10837438423645322,fitness_screens+protein_features+interactions,median,rank,50,0.0,60,compartment
rhoptries 1,0,27,14,0.009641873278236915,0.5185185185185185,0.018931710615280595,fitness_screens+protein_features+interactions,median,rank,50,0.0,60,compartment
ER,1,92,52,0.03359173126614987,0.5652173913043478,0.06341463414634146,fitness_screens+protein_features+interactions,median,rank,50,0.0,60,compartment
apical 1,0,21,16,0.011019283746556474,0.7619047619047619,0.021724372029871014,fitness_screens+protein_features+interactions,median,rank,50,0.0,60,compartment
PM - integral,1,53,30,0.01937984496124031,0.5660377358490566,0.03747657713928794,fitness_screens+protein_features+interactions,median,rank,50,0.0,60,compartment
nucleolus,0,16,10,0.006887052341597796,0.625,0.013623978201634877,fitness_screens+protein_features+interactions,median,rank,50,0.0,60,compartment
PM - peripheral 2,0,16,12,0.008264462809917356,0.75,0.016348773841961855,fitness_screens+protein_features+interactions,median,rank,50,0.0,60,compartment
mitochondrion - soluble,1,101,53,0.034237726098191215,0.5247524752475248,0.06428138265615525,fitness_screens+protein_features+interactions,median,rank,50,0.0,60,compartment
mitochondrion - membranes,1,67,43,0.027777777777777776,0.6417910447761194,0.053250773993808044,fitness_screens+protein_features+interactions,median,rank,50,0.0,60,compartment
IMC,1,42,31,0.020025839793281652,0.7380952380952381,0.0389937106918239,fitness_screens+protein_features+interactions,median,rank,50,0.0,60,compartment
PM - peripheral 1,1,15,15,0.009689922480620155,1.0,0.019193857965451054,fitness_screens+protein_features+interactions,median,rank,50,0.0,60,compartment
Golgi,0,62,40,0.02700877785280216,0.6451612903225806,0.05184705119896306,fitness_screens+protein_features+interactions,median,rank,50,0.25,25,compartment
cytosol,1,215,132,0.086899275839368,0.6139534883720931,0.1522491349480969,fitness_screens+protein_features+interactions,median,rank,50,0.25,25,compartment
micronemes,1,20,12,0.007899934167215274,0.6,0.015594541910331387,fitness_screens+protein_features+interactions,median,rank,50,0.25,25,compartment
nucleus - chromatin,0,273,196,0.1323430114787306,0.717948717948718,0.2234891676168757,fitness_screens+protein_features+interactions,median,rank,50,0.25,25,compartment
apicoplast,0,61,46,0.031060094530722483,0.7540983606557377,0.05966277561608301,fitness_screens+protein_features+interactions,median,rank,50,0.25,25,compartment
dense granules,0,68,34,0.022957461174881837,0.5,0.04389928986442866,fitness_screens+protein_features+interactions,median,rank,50,0.25,25,compartment
nucleus - non-chromatin,0,172,90,0.06076975016880486,0.5232558139534884,0.1088929219600726,fitness_screens+protein_features+interactions,median,rank,50,0.25,25,compartment
rhoptries 1,0,27,14,0.009453072248480757,0.5185185185185185,0.01856763925729443,fitness_screens+protein_features+interactions,median,rank,50,0.25,25,compartment
ER,1,92,52,0.03423304805793285,0.5652173913043478,0.06455617628801986,fitness_screens+protein_features+interactions,median,rank,50,0.25,25,compartment
apical 1,0,21,16,0.010803511141120865,0.7619047619047619,0.02130492676431425,fitness_screens+protein_features+interactions,median,rank,50,0.25,25,compartment
PM - integral,1,53,30,0.019749835418038184,0.5660377358490566,0.03816793893129771,fitness_screens+protein_features+interactions,median,rank,50,0.25,25,compartment
nucleolus,0,16,10,0.00675219446320054,0.625,0.01336005344021376,fitness_screens+protein_features+interactions,median,rank,50,0.25,25,compartment
PM - peripheral 2,0,16,12,0.008102633355840648,0.75,0.016032064128256515,fitness_screens+protein_features+interactions,median,rank,50,0.25,25,compartment
mitochondrion - soluble,1,101,52,0.03423304805793285,0.5148514851485149,0.06419753086419752,fitness_screens+protein_features+interactions,median,rank,50,0.25,25,compartment
mitochondrion - membranes,1,67,43,0.028308097432521395,0.6417910447761194,0.05422446406052964,fitness_screens+protein_features+interactions,median,rank,50,0.25,25,compartment
IMC,1,42,31,0.02040816326530612,0.7380952380952381,0.03971812940422806,fitness_screens+protein_features+interactions,median,rank,50,0.25,25,compartment
PM - peripheral 1,1,15,15,0.009874917709019092,1.0,0.01955671447196871,fitness_screens+protein_features+interactions,median,rank,50,0.25,25,compartment
Golgi,0,62,40,0.02700877785280216,0.6451612903225806,0.05184705119896306,fitness_screens+protein_features+interactions,median,rank,50,0.25,60,compartment
cytosol,1,215,132,0.086899275839368,0.6139534883720931,0.1522491349480969,fitness_screens+protein_features+interactions,median,rank,50,0.25,60,compartment
micronemes,1,20,12,0.007899934167215274,0.6,0.015594541910331387,fitness_screens+protein_features+interactions,median,rank,50,0.25,60,compartment
nucleus - chromatin,0,273,196,0.1323430114787306,0.717948717948718,0.2234891676168757,fitness_screens+protein_features+interactions,median,rank,50,0.25,60,compartment
apicoplast,0,61,46,0.031060094530722483,0.7540983606557377,0.05966277561608301,fitness_screens+protein_features+interactions,median,rank,50,0.25,60,compartment
dense granules,0,68,34,0.022957461174881837,0.5,0.04389928986442866,fitness_screens+protein_features+interactions,median,rank,50,0.25,60,compartment
nucleus - non-chromatin,0,172,90,0.06076975016880486,0.5232558139534884,0.1088929219600726,fitness_screens+protein_features+interactions,median,rank,50,0.25,60,compartment
rhoptries 1,0,27,14,0.009453072248480757,0.5185185185185185,0.01856763925729443,fitness_screens+protein_features+interactions,median,rank,50,0.25,60,compartment
ER,1,92,52,0.03423304805793285,0.5652173913043478,0.06455617628801986,fitness_screens+protein_features+interactions,median,rank,50,0.25,60,compartment
apical 1,0,21,16,0.010803511141120865,0.7619047619047619,0.02130492676431425,fitness_screens+protein_features+interactions,median,rank,50,0.25,60,compartment
PM - integral,1,53,30,0.019749835418038184,0.5660377358490566,0.03816793893129771,fitness_screens+protein_features+interactions,median,rank,50,0.25,60,compartment
nucleolus,0,16,10,0.00675219446320054,0.625,0.01336005344021376,fitness_screens+protein_features+interactions,median,rank,50,0.25,60,compartment
PM - peripheral 2,0,16,12,0.008102633355840648,0.75,0.016032064128256515,fitness_screens+protein_features+interactions,median,rank,50,0.25,60,compartment
mitochondrion - soluble,1,101,52,0.03423304805793285,0.5148514851485149,0.06419753086419752,fitness_screens+protein_features+interactions,median,rank,50,0.25,60,compartment
mitochondrion - membranes,1,67,43,0.028308097432521395,0.6417910447761194,0.05422446406052964,fitness_screens+protein_features+interactions,median,rank,50,0.25,60,compartment
IMC,1,42,31,0.02040816326530612,0.7380952380952381,0.03971812940422806,fitness_screens+protein_features+interactions,median,rank,50,0.25,60,compartment
PM - peripheral 1,1,15,15,0.009874917709019092,1.0,0.01955671447196871,fitness_screens+protein_features+interactions,median,rank,50,0.25,60,compartment
Golgi,6,57,7,0.0440251572327044,0.12280701754385964,0.06481481481481481,published_screens+protein_features+interactions,median,rank,15,0.0,25,compartment
cytosol,11,196,22,0.16793893129770993,0.11224489795918367,0.1345565749235474,published_screens+protein_features+interactions,median,rank,15,0.0,25,compartment
micronemes,14,16,3,0.046153846153846156,0.1875,0.07407407407407408,published_screens+protein_features+interactions,median,rank,15,0.0,25,compartment
nucleus - chromatin,1,261,137,0.1793193717277487,0.524904214559387,0.2673170731707317,published_screens+protein_features+interactions,median,rank,15,0.0,25,compartment
apicoplast,4,55,4,0.057971014492753624,0.07272727272727272,0.06451612903225806,published_screens+protein_features+interactions,median,rank,15,0.0,25,compartment
dense granules,3,61,6,0.0821917808219178,0.09836065573770492,0.08955223880597014,published_screens+protein_features+interactions,median,rank,15,0.0,25,compartment
nucleus - non-chromatin,0,156,39,0.10051546391752578,0.25,0.1433823529411765,published_screens+protein_features+interactions,median,rank,15,0.0,25,compartment
rhoptries 1,3,25,3,0.0410958904109589,0.12,0.061224489795918366,published_screens+protein_features+interactions,median,rank,15,0.0,25,compartment
ER,6,86,25,0.15723270440251572,0.29069767441860467,0.20408163265306123,published_screens+protein_features+interactions,median,rank,15,0.0,25,compartment
apical 1,2,21,4,0.031007751937984496,0.19047619047619047,0.05333333333333334,published_screens+protein_features+interactions,median,rank,15,0.0,25,compartment
PM - integral,14,49,10,0.15384615384615385,0.20408163265306123,0.1754385964912281,published_screens+protein_features+interactions,median,rank,15,0.0,25,compartment
nucleolus,15,16,2,0.03125,0.125,0.05,published_screens+protein_features+interactions,median,rank,15,0.0,25,compartment
mitochondrion - soluble,5,97,8,0.2222222222222222,0.08247422680412371,0.12030075187969924,published_screens+protein_features+interactions,median,rank,15,0.0,25,compartment
mitochondrion - membranes,5,57,5,0.1388888888888889,0.08771929824561403,0.1075268817204301,published_screens+protein_features+interactions,median,rank,15,0.0,25,compartment
IMC,11,40,10,0.07633587786259542,0.25,0.11695906432748537,published_screens+protein_features+interactions,median,rank,15,0.0,25,compartment
Golgi,1,62,6,0.0375,0.0967741935483871,0.05405405405405405,published_screens+protein_features+interactions,median,rank,15,0.0,60,compartment
cytosol,0,215,135,0.08659397049390635,0.627906976744186,0.15219842164599773,published_screens+protein_features+interactions,median,rank,15,0.0,60,compartment
micronemes,1,20,2,0.0125,0.1,0.022222222222222227,published_screens+protein_features+interactions,median,rank,15,0.0,60,compartment
nucleus - chromatin,3,273,137,0.1793193717277487,0.5018315018315018,0.26422372227579555,published_screens+protein_features+interactions,median,rank,15,0.0,60,compartment
apicoplast,1,61,7,0.04375,0.11475409836065574,0.06334841628959276,published_screens+protein_features+interactions,median,rank,15,0.0,60,compartment
dense granules,4,68,8,0.06201550387596899,0.11764705882352941,0.08121827411167512,published_screens+protein_features+interactions,median,rank,15,0.0,60,compartment
nucleus - non-chromatin,2,172,39,0.10051546391752578,0.22674418604651161,0.1392857142857143,published_screens+protein_features+interactions,median,rank,15,0.0,60,compartment
rhoptries 1,1,27,3,0.01875,0.1111111111111111,0.03208556149732621,published_screens+protein_features+interactions,median,rank,15,0.0,60,compartment
ER,0,92,53,0.03399615137908916,0.5760869565217391,0.06420351302241065,published_screens+protein_features+interactions,median,rank,15,0.0,60,compartment
apical 1,4,21,4,0.031007751937984496,0.19047619047619047,0.05333333333333334,published_screens+protein_features+interactions,median,rank,15,0.0,60,compartment
PM - integral,2,53,11,0.028350515463917526,0.20754716981132076,0.049886621315192746,published_screens+protein_features+interactions,median,rank,15,0.0,60,compartment
nucleolus,3,16,8,0.010471204188481676,0.5,0.020512820512820513,published_screens+protein_features+interactions,median,rank,15,0.0,60,compartment
PM - peripheral 2,2,16,4,0.010309278350515464,0.25,0.0198019801980198,published_screens+protein_features+interactions,median,rank,15,0.0,60,compartment
mitochondrion - soluble,2,101,17,0.04381443298969072,0.16831683168316833,0.06952965235173825,published_screens+protein_features+interactions,median,rank,15,0.0,60,compartment
mitochondrion - membranes,0,67,46,0.029506093649775498,0.6865671641791045,0.056580565805658053,published_screens+protein_features+interactions,median,rank,15,0.0,60,compartment
IMC,0,42,31,0.019884541372674792,0.7380952380952381,0.038725796377264206,published_screens+protein_features+interactions,median,rank,15,0.0,60,compartment
PM - peripheral 1,0,15,15,0.009621552277100705,1.0,0.01905972045743329,published_screens+protein_features+interactions,median,rank,15,0.0,60,compartment
Golgi,0,62,40,0.027758501040943788,0.6451612903225806,0.05322687957418497,published_screens+protein_features+interactions,median,rank,15,0.25,25,compartment
cytosol,1,215,135,0.08659397049390635,0.627906976744186,0.15219842164599773,published_screens+protein_features+interactions,median,rank,15,0.25,25,compartment
micronemes,1,20,13,0.008338678640153944,0.65,0.016466117796073466,published_screens+protein_features+interactions,median,rank,15,0.25,25,compartment
nucleus - chromatin,0,273,193,0.1339347675225538,0.706959706959707,0.22520420070011668,published_screens+protein_features+interactions,median,rank,15,0.25,25,compartment
apicoplast,0,61,44,0.030534351145038167,0.7213114754098361,0.058588548601864174,published_screens+protein_features+interactions,median,rank,15,0.25,25,compartment
dense granules,1,68,36,0.023091725465041693,0.5294117647058824,0.044253226797787336,published_screens+protein_features+interactions,median,rank,15,0.25,25,compartment
nucleus - non-chromatin,0,172,84,0.05829285218598196,0.4883720930232558,0.1041537507749535,published_screens+protein_features+interactions,median,rank,15,0.25,25,compartment
rhoptries 1,0,27,15,0.010409437890353921,0.5555555555555556,0.02043596730245232,published_screens+protein_features+interactions,median,rank,15,0.25,25,compartment
ER,1,92,53,0.03399615137908916,0.5760869565217391,0.06420351302241065,published_screens+protein_features+interactions,median,rank,15,0.25,25,compartment
apical 1,0,21,16,0.011103400416377515,0.7619047619047619,0.02188782489740082,published_screens+protein_features+interactions,median,rank,15,0.25,25,compartment
PM - integral,1,53,32,0.02052597819114817,0.6037735849056604,0.03970223325062035,published_screens+protein_features+interactions,median,rank,15,0.25,25,compartment
nucleolus,0,16,10,0.006939625260235947,0.625,0.013726835964310227,published_screens+protein_features+interactions,median,rank,15,0.25,25,compartment
PM - peripheral 2,0,16,11,0.007633587786259542,0.6875,0.015099519560741249,published_screens+protein_features+interactions,median,rank,15,0.25,25,compartment
mitochondrion - soluble,1,101,53,0.03399615137908916,0.5247524752475248,0.06385542168674697,published_screens+protein_features+interactions,median,rank,15,0.25,25,compartment
mitochondrion - membranes,1,67,46,0.029506093649775498,0.6865671641791045,0.056580565805658053,published_screens+protein_features+interactions,median,rank,15,0.25,25,compartment
IMC,1,42,31,0.019884541372674792,0.7380952380952381,0.038725796377264206,published_screens+protein_features+interactions,median,rank,15,0.25,25,compartment
PM - peripheral 1,1,15,15,0.009621552277100705,1.0,0.01905972045743329,published_screens+protein_features+interactions,median,rank,15,0.25,25,compartment
Golgi,0,62,40,0.027758501040943788,0.6451612903225806,0.05322687957418497,published_screens+protein_features+interactions,median,rank,15,0.25,60,compartment
cytosol,1,215,135,0.08659397049390635,0.627906976744186,0.15219842164599773,published_screens+protein_features+interactions,median,rank,15,0.25,60,compartment
micronemes,1,20,13,0.008338678640153944,0.65,0.016466117796073466,published_screens+protein_features+interactions,median,rank,15,0.25,60,compartment
nucleus - chromatin,0,273,193,0.1339347675225538,0.706959706959707,0.22520420070011668,published_screens+protein_features+interactions,median,rank,15,0.25,60,compartment
apicoplast,0,61,44,0.030534351145038167,0.7213114754098361,0.058588548601864174,published_screens+protein_features+interactions,median,rank,15,0.25,60,compartment
dense granules,1,68,36,0.023091725465041693,0.5294117647058824,0.044253226797787336,published_screens+protein_features+interactions,median,rank,15,0.25,60,compartment
nucleus - non-chromatin,0,172,84,0.05829285218598196,0.4883720930232558,0.1041537507749535,published_screens+protein_features+interactions,median,rank,15,0.25,60,compartment
rhoptries 1,0,27,15,0.010409437890353921,0.5555555555555556,0.02043596730245232,published_screens+protein_features+interactions,median,rank,15,0.25,60,compartment
ER,1,92,53,0.03399615137908916,0.5760869565217391,0.06420351302241065,published_screens+protein_features+interactions,median,rank,15,0.25,60,compartment
apical 1,0,21,16,0.011103400416377515,0.7619047619047619,0.02188782489740082,published_screens+protein_features+interactions,median,rank,15,0.25,60,compartment
PM - integral,1,53,32,0.02052597819114817,0.6037735849056604,0.03970223325062035,published_screens+protein_features+interactions,median,rank,15,0.25,60,compartment
nucleolus,0,16,10,0.006939625260235947,0.625,0.013726835964310227,published_screens+protein_features+interactions,median,rank,15,0.25,60,compartment
PM - peripheral 2,0,16,11,0.007633587786259542,0.6875,0.015099519560741249,published_screens+protein_features+interactions,median,rank,15,0.25,60,compartment
mitochondrion - soluble,1,101,53,0.03399615137908916,0.5247524752475248,0.06385542168674697,published_screens+protein_features+interactions,median,rank,15,0.25,60,compartment
mitochondrion - membranes,1,67,46,0.029506093649775498,0.6865671641791045,0.056580565805658053,published_screens+protein_features+interactions,median,rank,15,0.25,60,compartment
IMC,1,42,31,0.019884541372674792,0.7380952380952381,0.038725796377264206,published_screens+protein_features+interactions,median,rank,15,0.25,60,compartment
PM - peripheral 1,1,15,15,0.009621552277100705,1.0,0.01905972045743329,published_screens+protein_features+interactions,median,rank,15,0.25,60,compartment
Golgi,7,57,10,0.058823529411764705,0.17543859649122806,0.0881057268722467,published_screens+protein_features+interactions,median,rank,50,0.0,25,compartment
cytosol,0,214,135,0.08637236084452975,0.6308411214953271,0.15194147439504782,published_screens+protein_features+interactions,median,rank,50,0.0,25,compartment
micronemes,4,18,2,0.03508771929824561,0.1111111111111111,0.05333333333333334,published_screens+protein_features+interactions,median,rank,50,0.0,25,compartment
nucleus - chromatin,7,253,46,0.27058823529411763,0.18181818181818182,0.21749408983451535,published_screens+protein_features+interactions,median,rank,50,0.0,25,compartment
apicoplast,7,53,11,0.06470588235294118,0.20754716981132076,0.09865470852017938,published_screens+protein_features+interactions,median,rank,50,0.0,25,compartment
dense granules,4,62,5,0.08771929824561403,0.08064516129032258,0.08403361344537816,published_screens+protein_features+interactions,median,rank,50,0.0,25,compartment
nucleus - non-chromatin,2,166,38,0.10079575596816977,0.2289156626506024,0.13996316758747698,published_screens+protein_features+interactions,median,rank,50,0.0,25,compartment
rhoptries 1,11,23,3,0.045454545454545456,0.13043478260869565,0.06741573033707865,published_screens+protein_features+interactions,median,rank,50,0.0,25,compartment
ER,0,85,53,0.03390914907229686,0.6235294117647059,0.06432038834951456,published_screens+protein_features+interactions,median,rank,50,0.0,25,compartment
apical 1,5,19,2,0.06060606060606061,0.10526315789473684,0.07692307692307693,published_screens+protein_features+interactions,median,rank,50,0.0,25,compartment
PM - integral,2,50,10,0.026525198938992044,0.2,0.0468384074941452,published_screens+protein_features+interactions,median,rank,50,0.0,25,compartment
nucleolus,7,16,7,0.041176470588235294,0.4375,0.07526881720430106,published_screens+protein_features+interactions,median,rank,50,0.0,25,compartment
PM - peripheral 2,10,15,1,0.03571428571428571,0.06666666666666667,0.046511627906976744,published_screens+protein_features+interactions,median,rank,50,0.0,25,compartment
mitochondrion - soluble,2,97,17,0.04509283819628647,0.17525773195876287,0.07172995780590717,published_screens+protein_features+interactions,median,rank,50,0.0,25,compartment
mitochondrion - membranes,0,65,46,0.02943058221369162,0.7076923076923077,0.056511056511056514,published_screens+protein_features+interactions,median,rank,50,0.0,25,compartment
IMC,4,40,2,0.03508771929824561,0.05,0.041237113402061855,published_screens+protein_features+interactions,median,rank,50,0.0,25,compartment
PM - peripheral 1,0,15,15,0.009596928982725527,1.0,0.01901140684410646,published_screens+protein_features+interactions,median,rank,50,0.0,25,compartment
Golgi,0,62,40,0.027835768963117607,0.6451612903225806,0.05336891260840561,published_screens+protein_features+interactions,median,rank,50,0.0,60,compartment
cytosol,1,215,135,0.08637236084452975,0.627906976744186,0.15185601799775028,published_screens+protein_features+interactions,median,rank,50,0.0,60,compartment
micronemes,1,20,13,0.008317338451695458,0.65,0.016424510423247,published_screens+protein_features+interactions,median,rank,50,0.0,60,compartment
nucleus - chromatin,0,273,193,0.13430758524704245,0.706959706959707,0.2257309941520468,published_screens+protein_features+interactions,median,rank,50,0.0,60,compartment
apicoplast,0,61,44,0.030619345859429367,0.7213114754098361,0.05874499332443257,published_screens+protein_features+interactions,median,rank,50,0.0,60,compartment
dense granules,0,68,33,0.022964509394572025,0.4852941176470588,0.043853820598006646,published_screens+protein_features+interactions,median,rank,50,0.0,60,compartment
nucleus - non-chromatin,0,172,84,0.05845511482254697,0.4883720930232558,0.10441267868241143,published_screens+protein_features+interactions,median,rank,50,0.0,60,compartment
rhoptries 1,0,27,15,0.010438413361169102,0.5555555555555556,0.020491803278688523,published_screens+protein_features+interactions,median,rank,50,0.0,60,compartment
ER,1,92,53,0.03390914907229686,0.5760869565217391,0.06404833836858007,published_screens+protein_features+interactions,median,rank,50,0.0,60,compartment
apical 1,0,21,16,0.011134307585247043,0.7619047619047619,0.02194787379972565,published_screens+protein_features+interactions,median,rank,50,0.0,60,compartment
PM - integral,1,53,32,0.020473448496481125,0.6037735849056604,0.0396039603960396,published_screens+protein_features+interactions,median,rank,50,0.0,60,compartment
nucleolus,0,16,10,0.006958942240779402,0.625,0.013764624913971095,published_screens+protein_features+interactions,median,rank,50,0.0,60,compartment
PM - peripheral 2,0,16,11,0.007654836464857342,0.6875,0.015141087405368204,published_screens+protein_features+interactions,median,rank,50,0.0,60,compartment
mitochondrion - soluble,1,101,53,0.03390914907229686,0.5247524752475248,0.06370192307692307,published_screens+protein_features+interactions,median,rank,50,0.0,60,compartment
mitochondrion - membranes,1,67,46,0.02943058221369162,0.6865671641791045,0.05644171779141104,published_screens+protein_features+interactions,median,rank,50,0.0,60,compartment
IMC,1,42,31,0.01983365323096609,0.7380952380952381,0.03862928348909657,published_screens+protein_features+interactions,median,rank,50,0.0,60,compartment
PM - peripheral 1,1,15,15,0.009596928982725527,1.0,0.01901140684410646,published_screens+protein_features+interactions,median,rank,50,0.0,60,compartment
Golgi,0,62,40,0.027816411682892908,0.6451612903225806,0.05333333333333333,published_screens+protein_features+interactions,median,rank,50,0.25,25,compartment
cytosol,1,215,135,0.08642765685019206,0.627906976744186,0.15194147439504785,published_screens+protein_features+interactions,median,rank,50,0.25,25,compartment
micronemes,1,20,13,0.008322663252240717,0.65,0.016434892541087234,published_screens+protein_features+interactions,median,rank,50,0.25,25,compartment
nucleus - chromatin,0,273,194,0.1349095966620306,0.7106227106227107,0.22676797194623025,published_screens+protein_features+interactions,median,rank,50,0.25,25,compartment
apicoplast,0,61,44,0.030598052851182198,0.7213114754098361,0.05870580386924617,published_screens+protein_features+interactions,median,rank,50,0.25,25,compartment
dense granules,0,68,33,0.02294853963838665,0.4852941176470588,0.043824701195219126,published_screens+protein_features+interactions,median,rank,50,0.25,25,compartment
nucleus - non-chromatin,0,172,84,0.0584144645340751,0.4883720930232558,0.10434782608695653,published_screens+protein_features+interactions,median,rank,50,0.25,25,compartment
rhoptries 1,0,27,15,0.01043115438108484,0.5555555555555556,0.020477815699658702,published_screens+protein_features+interactions,median,rank,50,0.25,25,compartment
ER,1,92,53,0.03393085787451985,0.5760869565217391,0.06408706166868197,published_screens+protein_features+interactions,median,rank,50,0.25,25,compartment
apical 1,0,21,16,0.011126564673157162,0.7619047619047619,0.021932830705962986,published_screens+protein_features+interactions,median,rank,50,0.25,25,compartment
PM - integral,1,53,32,0.020486555697823303,0.6037735849056604,0.039628482972136225,published_screens+protein_features+interactions,median,rank,50,0.25,25,compartment
nucleolus,0,16,10,0.006954102920723227,0.625,0.01375515818431912,published_screens+protein_features+interactions,median,rank,50,0.25,25,compartment
PM - peripheral 2,0,16,11,0.0076495132127955496,0.6875,0.015130674002751032,published_screens+protein_features+interactions,median,rank,50,0.25,25,compartment
mitochondrion - soluble,1,101,53,0.03393085787451985,0.5247524752475248,0.06374022850270594,published_screens+protein_features+interactions,median,rank,50,0.25,25,compartment
mitochondrion - membranes,1,67,46,0.029449423815621,0.6865671641791045,0.056476365868631064,published_screens+protein_features+interactions,median,rank,50,0.25,25,compartment
IMC,1,42,31,0.019846350832266324,0.7380952380952381,0.03865336658354114,published_screens+protein_features+interactions,median,rank,50,0.25,25,compartment
PM - peripheral 1,1,15,15,0.009603072983354673,1.0,0.01902346227013316,published_screens+protein_features+interactions,median,rank,50,0.25,25,compartment
Golgi,0,62,40,0.027816411682892908,0.6451612903225806,0.05333333333333333,published_screens+protein_features+interactions,median,rank,50,0.25,60,compartment
cytosol,1,215,135,0.08642765685019206,0.627906976744186,0.15194147439504785,published_screens+protein_features+interactions,median,rank,50,0.25,60,compartment
micronemes,1,20,13,0.008322663252240717,0.65,0.016434892541087234,published_screens+protein_features+interactions,median,rank,50,0.25,60,compartment
nucleus - chromatin,0,273,194,0.1349095966620306,0.7106227106227107,0.22676797194623025,published_screens+protein_features+interactions,median,rank,50,0.25,60,compartment
apicoplast,0,61,44,0.030598052851182198,0.7213114754098361,0.05870580386924617,published_screens+protein_features+interactions,median,rank,50,0.25,60,compartment
dense granules,0,68,33,0.02294853963838665,0.4852941176470588,0.043824701195219126,published_screens+protein_features+interactions,median,rank,50,0.25,60,compartment
nucleus - non-chromatin,0,172,84,0.0584144645340751,0.4883720930232558,0.10434782608695653,published_screens+protein_features+interactions,median,rank,50,0.25,60,compartment
rhoptries 1,0,27,15,0.01043115438108484,0.5555555555555556,0.020477815699658702,published_screens+protein_features+interactions,median,rank,50,0.25,60,compartment
ER,1,92,53,0.03393085787451985,0.5760869565217391,0.06408706166868197,published_screens+protein_features+interactions,median,rank,50,0.25,60,compartment
apical 1,0,21,16,0.011126564673157162,0.7619047619047619,0.021932830705962986,published_screens+protein_features+interactions,median,rank,50,0.25,60,compartment
PM - integral,1,53,32,0.020486555697823303,0.6037735849056604,0.039628482972136225,published_screens+protein_features+interactions,median,rank,50,0.25,60,compartment
nucleolus,0,16,10,0.006954102920723227,0.625,0.01375515818431912,published_screens+protein_features+interactions,median,rank,50,0.25,60,compartment
PM - peripheral 2,0,16,11,0.0076495132127955496,0.6875,0.015130674002751032,published_screens+protein_features+interactions,median,rank,50,0.25,60,compartment
mitochondrion - soluble,1,101,53,0.03393085787451985,0.5247524752475248,0.06374022850270594,published_screens+protein_features+interactions,median,rank,50,0.25,60,compartment
mitochondrion - membranes,1,67,46,0.029449423815621,0.6865671641791045,0.056476365868631064,published_screens+protein_features+interactions,median,rank,50,0.25,60,compartment
IMC,1,42,31,0.019846350832266324,0.7380952380952381,0.03865336658354114,published_screens+protein_features+interactions,median,rank,50,0.25,60,compartment
PM - peripheral 1,1,15,15,0.009603072983354673,1.0,0.01902346227013316,published_screens+protein_features+interactions,median,rank,50,0.25,60,compartment
