label,cluster,n_label,n_in_cluster,precision,recall,f1,blocks,na_policy,scaling,n_neighbors,min_dist,min_cluster_size,target
incidental,3,647,585,0.2213393870601589,0.9041731066460588,0.35562310030395133,expression_summary,median,rank,15,0.0,25,attention_depth
substantive,4,166,18,0.20224719101123595,0.10843373493975904,0.1411764705882353,expression_summary,median,rank,15,0.0,25,attention_depth
focal,4,105,7,0.07865168539325842,0.06666666666666667,0.07216494845360824,expression_summary,median,rank,15,0.0,25,attention_depth
incidental,1,633,577,0.22347017815646786,0.9115323854660348,0.3589424572317263,expression_summary,median,rank,15,0.0,60,attention_depth
substantive,2,164,18,0.20224719101123595,0.10975609756097561,0.1422924901185771,expression_summary,median,rank,15,0.0,60,attention_depth
focal,2,105,7,0.07865168539325842,0.06666666666666667,0.07216494845360824,expression_summary,median,rank,15,0.0,60,attention_depth
incidental,0,647,644,0.21764109496451503,0.9953632148377125,0.3571824736550194,expression_summary,median,rank,15,0.25,25,attention_depth
substantive,0,166,166,0.05610003379520108,1.0,0.10623999999999999,expression_summary,median,rank,15,0.25,25,attention_depth
focal,0,105,105,0.03548496113551876,1.0,0.0685378590078329,expression_summary,median,rank,15,0.25,25,attention_depth
incidental,0,520,502,0.22440768886902102,0.9653846153846154,0.36416394631846205,expression_summary,median,rank,15,0.25,60,attention_depth
substantive,0,136,131,0.05856057219490389,0.9632352941176471,0.1104087652760219,expression_summary,median,rank,15,0.25,60,attention_depth
focal,0,80,79,0.03531515422440769,0.9875,0.06819162710401382,expression_summary,median,rank,15,0.25,60,attention_depth
incidental,0,647,644,0.21764109496451503,0.9953632148377125,0.3571824736550194,expression_summary,median,rank,50,0.0,25,attention_depth
substantive,0,166,166,0.05610003379520108,1.0,0.10623999999999999,expression_summary,median,rank,50,0.0,25,attention_depth
focal,0,105,105,0.03548496113551876,1.0,0.0685378590078329,expression_summary,median,rank,50,0.0,25,attention_depth
incidental,0,625,594,0.2263719512195122,0.9504,0.3656509695290859,expression_summary,median,rank,50,0.0,60,attention_depth
substantive,0,165,160,0.06097560975609756,0.9696969696969697,0.11473646468268195,expression_summary,median,rank,50,0.0,60,attention_depth
focal,0,104,102,0.038871951219512195,0.9807692307692307,0.0747800586510264,expression_summary,median,rank,50,0.0,60,attention_depth
incidental,0,647,644,0.21749408983451538,0.9953632148377125,0.3569844789356984,expression_summary,median,rank,50,0.25,25,attention_depth
substantive,0,166,166,0.05606214116852415,1.0,0.10617204988807162,expression_summary,median,rank,50,0.25,25,attention_depth
focal,0,105,105,0.03546099290780142,1.0,0.06849315068493152,expression_summary,median,rank,50,0.25,25,attention_depth
incidental,1,558,534,0.22752449936088623,0.956989247311828,0.36764199655765917,expression_summary,median,rank,50,0.25,60,attention_depth
substantive,1,145,140,0.05965061780997018,0.9655172413793104,0.11235955056179775,expression_summary,median,rank,50,0.25,60,attention_depth
focal,1,89,87,0.03706859821048147,0.9775280898876404,0.07142857142857142,expression_summary,median,rank,50,0.25,60,attention_depth
incidental,0,647,611,0.22010086455331412,0.9443585780525502,0.3569967864446392,expression_raw,median,rank,15,0.0,25,attention_depth
substantive,0,166,161,0.057997118155619594,0.9698795180722891,0.10944935418082935,expression_raw,median,rank,15,0.0,25,attention_depth
focal,0,105,102,0.03674351585014409,0.9714285714285714,0.07080874696286013,expression_raw,median,rank,15,0.0,25,attention_depth
incidental,0,647,622,0.22009907997169142,0.9613601236476044,0.35819176504462996,expression_raw,median,rank,15,0.0,60,attention_depth
substantive,0,166,161,0.05697098372257608,0.9698795180722891,0.10762032085561496,expression_raw,median,rank,15,0.0,60,attention_depth
focal,0,105,103,0.03644727530077849,0.9809523809523809,0.07028317980211533,expression_raw,median,rank,15,0.0,60,attention_depth
incidental,1,624,596,0.21887623944179213,0.9551282051282052,0.356139826710487,expression_raw,median,rank,15,0.25,25,attention_depth
substantive,1,161,157,0.05765699596033786,0.9751552795031055,0.108876560332871,expression_raw,median,rank,15,0.25,25,attention_depth
focal,1,103,101,0.037091443261109074,0.9805825242718447,0.07147912243453645,expression_raw,median,rank,15,0.25,25,attention_depth
incidental,0,605,585,0.2214231642694928,0.9669421487603306,0.36033261472128114,expression_raw,median,rank,15,0.25,60,attention_depth
substantive,0,159,154,0.0582891748675246,0.9685534591194969,0.1099607283113174,expression_raw,median,rank,15,0.25,60,attention_depth
focal,0,102,100,0.03785011355034065,0.9803921568627451,0.0728862973760933,expression_raw,median,rank,15,0.25,60,attention_depth
incidental,0,641,622,0.22009907997169142,0.9703588143525741,0.3588116527256994,expression_raw,median,rank,50,0.0,25,attention_depth
substantive,0,166,161,0.05697098372257608,0.9698795180722891,0.10762032085561496,expression_raw,median,rank,50,0.0,25,attention_depth
focal,0,105,103,0.03644727530077849,0.9809523809523809,0.07028317980211533,expression_raw,median,rank,50,0.0,25,attention_depth
incidental,0,647,622,0.22009907997169142,0.9613601236476044,0.35819176504462996,expression_raw,median,rank,50,0.0,60,attention_depth
substantive,0,166,161,0.05697098372257608,0.9698795180722891,0.10762032085561496,expression_raw,median,rank,50,0.0,60,attention_depth
focal,0,105,103,0.03644727530077849,0.9809523809523809,0.07028317980211533,expression_raw,median,rank,50,0.0,60,attention_depth
incidental,0,628,612,0.21888412017167383,0.9745222929936306,0.3574766355140187,expression_raw,median,rank,50,0.25,25,attention_depth
substantive,0,164,160,0.05722460658082976,0.975609756097561,0.10810810810810811,expression_raw,median,rank,50,0.25,25,attention_depth
focal,0,104,103,0.03683834048640915,0.9903846153846154,0.07103448275862068,expression_raw,median,rank,50,0.25,25,attention_depth
incidental,0,593,574,0.2195868400918133,0.9679595278246206,0.3579669473027751,expression_raw,median,rank,50,0.25,60,attention_depth
substantive,0,159,154,0.05891354246365723,0.9685534591194969,0.11107104219257122,expression_raw,median,rank,50,0.25,60,attention_depth
focal,0,101,99,0.03787299158377965,0.9801980198019802,0.07292817679558011,expression_raw,median,rank,50,0.25,60,attention_depth
incidental,0,647,621,0.2245119305856833,0.9598145285935085,0.36390272487547615,fitness_screens,median,rank,15,0.0,25,attention_depth
substantive,0,166,164,0.05929139551699204,0.9879518072289156,0.11186903137789903,fitness_screens,median,rank,15,0.0,25,attention_depth
focal,0,105,103,0.03723788864786696,0.9809523809523809,0.07175200278648555,fitness_screens,median,rank,15,0.0,25,attention_depth
incidental,0,647,621,0.2245119305856833,0.9598145285935085,0.36390272487547615,fitness_screens,median,rank,15,0.0,60,attention_depth
substantive,0,166,164,0.05929139551699204,0.9879518072289156,0.11186903137789903,fitness_screens,median,rank,15,0.0,60,attention_depth
focal,0,105,103,0.03723788864786696,0.9809523809523809,0.07175200278648555,fitness_screens,median,rank,15,0.0,60,attention_depth
incidental,0,647,621,0.2245119305856833,0.9598145285935085,0.36390272487547615,fitness_screens,median,rank,15,0.25,25,attention_depth
substantive,0,166,164,0.05929139551699204,0.9879518072289156,0.11186903137789903,fitness_screens,median,rank,15,0.25,25,attention_depth
focal,0,105,103,0.03723788864786696,0.9809523809523809,0.07175200278648555,fitness_screens,median,rank,15,0.25,25,attention_depth
incidental,0,647,621,0.2245119305856833,0.9598145285935085,0.36390272487547615,fitness_screens,median,rank,15,0.25,60,attention_depth
substantive,0,166,164,0.05929139551699204,0.9879518072289156,0.11186903137789903,fitness_screens,median,rank,15,0.25,60,attention_depth
focal,0,105,103,0.03723788864786696,0.9809523809523809,0.07175200278648555,fitness_screens,median,rank,15,0.25,60,attention_depth
incidental,0,647,619,0.2239507959479016,0.9567233384853169,0.3629434183523893,fitness_screens,median,rank,50,0.0,25,attention_depth
substantive,0,166,164,0.059334298118668596,0.9879518072289156,0.11194539249146758,fitness_screens,median,rank,50,0.0,25,attention_depth
focal,0,105,103,0.037264833574529664,0.9809523809523809,0.07180202161031718,fitness_screens,median,rank,50,0.0,25,attention_depth
incidental,0,647,619,0.2239507959479016,0.9567233384853169,0.3629434183523893,fitness_screens,median,rank,50,0.0,60,attention_depth
substantive,0,166,164,0.059334298118668596,0.9879518072289156,0.11194539249146758,fitness_screens,median,rank,50,0.0,60,attention_depth
focal,0,105,103,0.037264833574529664,0.9809523809523809,0.07180202161031718,fitness_screens,median,rank,50,0.0,60,attention_depth
incidental,0,647,619,0.2239507959479016,0.9567233384853169,0.3629434183523893,fitness_screens,median,rank,50,0.25,25,attention_depth
substantive,0,166,164,0.059334298118668596,0.9879518072289156,0.11194539249146758,fitness_screens,median,rank,50,0.25,25,attention_depth
focal,0,105,103,0.037264833574529664,0.9809523809523809,0.07180202161031718,fitness_screens,median,rank,50,0.25,25,attention_depth
incidental,0,647,619,0.2239507959479016,0.9567233384853169,0.3629434183523893,fitness_screens,median,rank,50,0.25,60,attention_depth
substantive,0,166,164,0.059334298118668596,0.9879518072289156,0.11194539249146758,fitness_screens,median,rank,50,0.25,60,attention_depth
focal,0,105,103,0.037264833574529664,0.9809523809523809,0.07180202161031718,fitness_screens,median,rank,50,0.25,60,attention_depth
incidental,0,647,630,0.22524132999642474,0.973724884080371,0.3658536585365854,published_screens,median,rank,15,0.0,25,attention_depth
substantive,0,166,164,0.05863425098319628,0.9879518072289156,0.11069861626729666,published_screens,median,rank,15,0.0,25,attention_depth
focal,0,105,100,0.03575259206292456,0.9523809523809523,0.06891798759476223,published_screens,median,rank,15,0.0,25,attention_depth
incidental,0,647,630,0.22524132999642474,0.973724884080371,0.3658536585365854,published_screens,median,rank,15,0.0,60,attention_depth
substantive,0,166,164,0.05863425098319628,0.9879518072289156,0.11069861626729666,published_screens,median,rank,15,0.0,60,attention_depth
focal,0,105,100,0.03575259206292456,0.9523809523809523,0.06891798759476223,published_screens,median,rank,15,0.0,60,attention_depth
incidental,0,647,630,0.22516082916368835,0.973724884080371,0.3657474600870827,published_screens,median,rank,15,0.25,25,attention_depth
substantive,0,166,165,0.05897069335239457,0.9939759036144579,0.11133603238866399,published_screens,median,rank,15,0.25,25,attention_depth
focal,0,105,100,0.035739814152966405,0.9523809523809523,0.06889424733034791,published_screens,median,rank,15,0.25,25,attention_depth
incidental,0,647,630,0.22516082916368835,0.973724884080371,0.3657474600870827,published_screens,median,rank,15,0.25,60,attention_depth
substantive,0,166,165,0.05897069335239457,0.9939759036144579,0.11133603238866399,published_screens,median,rank,15,0.25,60,attention_depth
focal,0,105,100,0.035739814152966405,0.9523809523809523,0.06889424733034791,published_screens,median,rank,15,0.25,60,attention_depth
incidental,0,647,628,0.22508960573476702,0.9706336939721792,0.3654349723596159,published_screens,median,rank,50,0.0,25,attention_depth
substantive,0,166,163,0.05842293906810036,0.9819277108433735,0.11028416779431664,published_screens,median,rank,50,0.0,25,attention_depth
focal,0,105,99,0.035483870967741936,0.9428571428571428,0.06839378238341969,published_screens,median,rank,50,0.0,25,attention_depth
incidental,0,647,628,0.22508960573476702,0.9706336939721792,0.3654349723596159,published_screens,median,rank,50,0.0,60,attention_depth
substantive,0,166,163,0.05842293906810036,0.9819277108433735,0.11028416779431664,published_screens,median,rank,50,0.0,60,attention_depth
focal,0,105,99,0.035483870967741936,0.9428571428571428,0.06839378238341969,published_screens,median,rank,50,0.0,60,attention_depth
incidental,0,647,628,0.22517031193976336,0.9706336939721792,0.36554132712456344,published_screens,median,rank,50,0.25,25,attention_depth
substantive,0,166,163,0.05844388669774113,0.9819277108433735,0.11032148900169206,published_screens,median,rank,50,0.25,25,attention_depth
focal,0,105,99,0.03549659376120473,0.9428571428571428,0.06841741534208708,published_screens,median,rank,50,0.25,25,attention_depth
incidental,0,647,628,0.22517031193976336,0.9706336939721792,0.36554132712456344,published_screens,median,rank,50,0.25,60,attention_depth
substantive,0,166,163,0.05844388669774113,0.9819277108433735,0.11032148900169206,published_screens,median,rank,50,0.25,60,attention_depth
focal,0,105,99,0.03549659376120473,0.9428571428571428,0.06841741534208708,published_screens,median,rank,50,0.25,60,attention_depth
incidental,32,618,58,0.3333333333333333,0.09385113268608414,0.14646464646464644,protein_features,median,rank,15,0.0,25,attention_depth
substantive,26,154,16,0.1032258064516129,0.1038961038961039,0.1035598705501618,protein_features,median,rank,15,0.0,25,attention_depth
focal,3,100,12,0.15584415584415584,0.12,0.13559322033898305,protein_features,median,rank,15,0.0,25,attention_depth
incidental,14,609,82,0.34024896265560167,0.13464696223316913,0.19294117647058823,protein_features,median,rank,15,0.0,60,attention_depth
substantive,16,154,21,0.0860655737704918,0.13636363636363635,0.10552763819095477,protein_features,median,rank,15,0.0,60,attention_depth
focal,4,98,12,0.15584415584415584,0.12244897959183673,0.13714285714285715,protein_features,median,rank,15,0.0,60,attention_depth
incidental,13,631,241,0.288622754491018,0.38193343898573695,0.32878581173260574,protein_features,median,rank,15,0.25,25,attention_depth
substantive,13,160,54,0.06467065868263473,0.3375,0.1085427135678392,protein_features,median,rank,15,0.25,25,attention_depth
focal,7,103,12,0.15584415584415584,0.11650485436893204,0.13333333333333333,protein_features,median,rank,15,0.25,25,attention_depth
incidental,7,634,241,0.288622754491018,0.3801261829652997,0.3281143635125936,protein_features,median,rank,15,0.25,60,attention_depth
substantive,7,161,54,0.06467065868263473,0.33540372670807456,0.10843373493975905,protein_features,median,rank,15,0.25,60,attention_depth
focal,3,105,19,0.0945273631840796,0.18095238095238095,0.12418300653594772,protein_features,median,rank,15,0.25,60,attention_depth
incidental,2,627,191,0.30806451612903224,0.30462519936204147,0.30633520449077783,protein_features,median,rank,50,0.0,25,attention_depth
substantive,22,158,20,0.09049773755656108,0.12658227848101267,0.10554089709762533,protein_features,median,rank,50,0.0,25,attention_depth
focal,1,102,17,0.0794392523364486,0.16666666666666666,0.10759493670886075,protein_features,median,rank,50,0.0,25,attention_depth
incidental,2,638,191,0.30806451612903224,0.2993730407523511,0.3036565977742448,protein_features,median,rank,50,0.0,60,attention_depth
substantive,14,163,20,0.08968609865470852,0.12269938650306748,0.10362694300518134,protein_features,median,rank,50,0.0,60,attention_depth
focal,5,101,12,0.15584415584415584,0.1188118811881188,0.1348314606741573,protein_features,median,rank,50,0.0,60,attention_depth
incidental,10,640,190,0.3079416531604538,0.296875,0.30230708035003984,protein_features,median,rank,50,0.25,25,attention_depth
substantive,10,165,39,0.06320907617504051,0.23636363636363636,0.09974424552429666,protein_features,median,rank,50,0.25,25,attention_depth
focal,8,105,12,0.15584415584415584,0.11428571428571428,0.13186813186813187,protein_features,median,rank,50,0.25,25,attention_depth
incidental,0,644,275,0.2837977296181631,0.42701863354037267,0.34097954122752633,protein_features,median,rank,50,0.25,60,attention_depth
substantive,0,166,58,0.05985552115583075,0.3493975903614458,0.10220264317180616,protein_features,median,rank,50,0.25,60,attention_depth
focal,5,105,18,0.09045226130653267,0.17142857142857143,0.11842105263157895,protein_features,median,rank,50,0.25,60,attention_depth
incidental,46,614,53,0.2760416666666667,0.08631921824104234,0.1315136476426799,interactions,median,rank,15,0.0,25,attention_depth
substantive,1,158,17,0.12056737588652482,0.10759493670886076,0.11371237458193979,interactions,median,rank,15,0.0,25,attention_depth
focal,1,99,18,0.1276595744680851,0.18181818181818182,0.14999999999999997,interactions,median,rank,15,0.0,25,attention_depth
incidental,11,562,83,0.2739273927392739,0.14768683274021352,0.19190751445086704,interactions,median,rank,15,0.0,60,attention_depth
substantive,1,145,17,0.12056737588652482,0.11724137931034483,0.11888111888111888,interactions,median,rank,15,0.0,60,attention_depth
focal,1,95,18,0.1276595744680851,0.18947368421052632,0.15254237288135591,interactions,median,rank,15,0.0,60,attention_depth
incidental,33,624,109,0.27455919395465994,0.17467948717948717,0.21351616062683643,interactions,median,rank,15,0.25,25,attention_depth
substantive,16,160,17,0.12056737588652482,0.10625,0.11295681063122924,interactions,median,rank,15,0.25,25,attention_depth
focal,16,103,18,0.1276595744680851,0.17475728155339806,0.14754098360655737,interactions,median,rank,15,0.25,25,attention_depth
incidental,12,533,141,0.27011494252873564,0.26454033771106944,0.2672985781990522,interactions,median,rank,15,0.25,60,attention_depth
substantive,13,140,17,0.12056737588652482,0.12142857142857143,0.12099644128113878,interactions,median,rank,15,0.25,60,attention_depth
focal,13,90,18,0.1276595744680851,0.2,0.1558441558441558,interactions,median,rank,15,0.25,60,attention_depth
incidental,26,602,58,0.3841059602649007,0.09634551495016612,0.15405046480743692,interactions,median,rank,50,0.0,25,attention_depth
substantive,9,149,17,0.11971830985915492,0.11409395973154363,0.11683848797250859,interactions,median,rank,50,0.0,25,attention_depth
focal,9,98,18,0.1267605633802817,0.1836734693877551,0.15,interactions,median,rank,50,0.0,25,attention_depth
incidental,5,606,122,0.29683698296836986,0.20132013201320131,0.23992133726647003,interactions,median,rank,50,0.0,60,attention_depth
substantive,4,161,17,0.11971830985915492,0.10559006211180125,0.11221122112211221,interactions,median,rank,50,0.0,60,attention_depth
focal,4,101,18,0.1267605633802817,0.1782178217821782,0.14814814814814814,interactions,median,rank,50,0.0,60,attention_depth
incidental,13,638,135,0.24861878453038674,0.2115987460815047,0.22861981371718884,interactions,median,rank,50,0.25,25,attention_depth
substantive,15,165,38,0.10270270270270271,0.23030303030303031,0.14205607476635515,interactions,median,rank,50,0.25,25,attention_depth
focal,5,105,18,0.1276595744680851,0.17142857142857143,0.14634146341463414,interactions,median,rank,50,0.25,25,attention_depth
incidental,12,608,136,0.3148148148148148,0.2236842105263158,0.26153846153846155,interactions,median,rank,50,0.25,60,attention_depth
substantive,11,159,38,0.10242587601078167,0.2389937106918239,0.14339622641509434,interactions,median,rank,50,0.25,60,attention_depth
focal,3,98,18,0.1276595744680851,0.1836734693877551,0.1506276150627615,interactions,median,rank,50,0.25,60,attention_depth
incidental,3,643,567,0.2306753458096013,0.8818040435458787,0.3656884875846501,expression_summary+expression_raw,median,rank,15,0.0,25,attention_depth
substantive,3,166,154,0.06265256305939788,0.927710843373494,0.1173780487804878,expression_summary+expression_raw,median,rank,15,0.0,25,attention_depth
focal,3,104,99,0.0402766476810415,0.9519230769230769,0.0772833723653396,expression_summary+expression_raw,median,rank,15,0.0,25,attention_depth
incidental,2,603,483,0.22761545711592837,0.8009950248756219,0.3544954128440367,expression_summary+expression_raw,median,rank,15,0.0,60,attention_depth
substantive,3,151,22,0.11764705882352941,0.1456953642384106,0.1301775147928994,expression_summary+expression_raw,median,rank,15,0.0,60,attention_depth
focal,3,95,28,0.1497326203208556,0.29473684210526313,0.19858156028368792,expression_summary+expression_raw,median,rank,15,0.0,60,attention_depth
incidental,4,557,506,0.22875226039783003,0.9084380610412927,0.3654749006861683,expression_summary+expression_raw,median,rank,15,0.25,25,attention_depth
substantive,4,136,130,0.05877034358047016,0.9558823529411765,0.11073253833049404,expression_summary+expression_raw,median,rank,15,0.25,25,attention_depth
focal,4,95,92,0.04159132007233273,0.968421052631579,0.0797572605114868,expression_summary+expression_raw,median,rank,15,0.25,25,attention_depth
incidental,2,455,387,0.2180281690140845,0.8505494505494505,0.347085201793722,expression_summary+expression_raw,median,rank,15,0.25,60,attention_depth
substantive,3,118,20,0.12658227848101267,0.1694915254237288,0.14492753623188406,expression_summary+expression_raw,median,rank,15,0.25,60,attention_depth
focal,3,80,25,0.15822784810126583,0.3125,0.21008403361344538,expression_summary+expression_raw,median,rank,15,0.25,60,attention_depth
incidental,0,647,626,0.22034494896163323,0.9675425038639877,0.35894495412844035,expression_summary+expression_raw,median,rank,50,0.0,25,attention_depth
substantive,0,166,162,0.057022175290390706,0.9759036144578314,0.10774858663119388,expression_summary+expression_raw,median,rank,50,0.0,25,attention_depth
focal,0,105,103,0.03625483984512495,0.9809523809523809,0.06992532247114731,expression_summary+expression_raw,median,rank,50,0.0,25,attention_depth
incidental,0,647,626,0.22034494896163323,0.9675425038639877,0.35894495412844035,expression_summary+expression_raw,median,rank,50,0.0,60,attention_depth
substantive,0,166,162,0.057022175290390706,0.9759036144578314,0.10774858663119388,expression_summary+expression_raw,median,rank,50,0.0,60,attention_depth
focal,0,105,103,0.03625483984512495,0.9809523809523809,0.06992532247114731,expression_summary+expression_raw,median,rank,50,0.0,60,attention_depth
incidental,0,636,633,0.21842650103519667,0.9952830188679245,0.35823429541595925,expression_summary+expression_raw,median,rank,50,0.25,25,attention_depth
substantive,0,162,162,0.055900621118012424,1.0,0.10588235294117647,expression_summary+expression_raw,median,rank,50,0.25,25,attention_depth
focal,0,104,104,0.035886818495514144,1.0,0.0692871419053964,expression_summary+expression_raw,median,rank,50,0.25,25,attention_depth
incidental,2,492,424,0.21968911917098446,0.8617886178861789,0.35012386457473166,expression_summary+expression_raw,median,rank,50,0.25,60,attention_depth
substantive,3,132,19,0.12582781456953643,0.14393939393939395,0.13427561837455831,expression_summary+expression_raw,median,rank,50,0.25,60,attention_depth
focal,3,87,27,0.17880794701986755,0.3103448275862069,0.22689075630252103,expression_summary+expression_raw,median,rank,50,0.25,60,attention_depth
incidental,0,647,644,0.21683501683501682,0.9953632148377125,0.35609621233066074,expression_summary+fitness_screens,median,rank,15,0.0,25,attention_depth
substantive,0,166,166,0.05589225589225589,1.0,0.1058673469387755,expression_summary+fitness_screens,median,rank,15,0.0,25,attention_depth
focal,0,105,105,0.03535353535353535,1.0,0.06829268292682927,expression_summary+fitness_screens,median,rank,15,0.0,25,attention_depth
substantive,2,101,20,0.11627906976744186,0.19801980198019803,0.14652014652014653,expression_summary+fitness_screens,median,rank,15,0.0,60,attention_depth
incidental,3,412,245,0.2423343224530168,0.5946601941747572,0.34434293745607875,expression_summary+fitness_screens,median,rank,15,0.0,60,attention_depth
focal,2,70,12,0.06976744186046512,0.17142857142857143,0.09917355371900825,expression_summary+fitness_screens,median,rank,15,0.0,60,attention_depth
incidental,0,647,644,0.21676203298552676,0.9953632148377125,0.3559977888336098,expression_summary+fitness_screens,median,rank,15,0.25,25,attention_depth
substantive,0,166,166,0.0558734432850892,1.0,0.10583359897991712,expression_summary+fitness_screens,median,rank,15,0.25,25,attention_depth
focal,0,105,105,0.035341635812857625,1.0,0.06827048114434331,expression_summary+fitness_screens,median,rank,15,0.25,25,attention_depth
substantive,0,60,55,0.06997455470737914,0.9166666666666666,0.13002364066193853,expression_summary+fitness_screens,median,rank,15,0.25,60,attention_depth
incidental,0,256,196,0.24936386768447838,0.765625,0.37619961612284075,expression_summary+fitness_screens,median,rank,15,0.25,60,attention_depth
focal,0,48,43,0.054707379134860054,0.8958333333333334,0.10311750599520385,expression_summary+fitness_screens,median,rank,15,0.25,60,attention_depth
incidental,8,381,148,0.23987034035656402,0.3884514435695538,0.2965931863727455,expression_summary+fitness_screens,median,rank,50,0.0,25,attention_depth
substantive,14,96,15,0.14563106796116504,0.15625,0.1507537688442211,expression_summary+fitness_screens,median,rank,50,0.0,25,attention_depth
focal,12,73,12,0.12,0.1643835616438356,0.13872832369942198,expression_summary+fitness_screens,median,rank,50,0.0,25,attention_depth
substantive,0,143,140,0.06013745704467354,0.9790209790209791,0.113314447592068,expression_summary+fitness_screens,median,rank,50,0.0,60,attention_depth
incidental,0,555,530,0.22766323024054982,0.954954954954955,0.36767256330211584,expression_summary+fitness_screens,median,rank,50,0.0,60,attention_depth
focal,0,99,95,0.040807560137457045,0.9595959595959596,0.07828594973217963,expression_summary+fitness_screens,median,rank,50,0.0,60,attention_depth
substantive,2,110,104,0.064797507788162,0.9454545454545454,0.12128279883381925,expression_summary+fitness_screens,median,rank,50,0.25,25,attention_depth
incidental,2,432,375,0.2336448598130841,0.8680555555555556,0.36818851251840945,expression_summary+fitness_screens,median,rank,50,0.25,25,attention_depth
focal,2,76,72,0.044859813084112146,0.9473684210526315,0.08566329565734682,expression_summary+fitness_screens,median,rank,50,0.25,25,attention_depth
substantive,1,87,87,0.05780730897009967,1.0,0.1092964824120603,expression_summary+fitness_screens,median,rank,50,0.25,60,attention_depth
incidental,1,350,344,0.22857142857142856,0.9828571428571429,0.3708894878706199,expression_summary+fitness_screens,median,rank,50,0.25,60,attention_depth
focal,1,65,63,0.04186046511627907,0.9692307692307692,0.08025477707006369,expression_summary+fitness_screens,median,rank,50,0.25,60,attention_depth
incidental,0,647,644,0.21668909825033647,0.9953632148377125,0.35589941972920697,expression_summary+published_screens,median,rank,15,0.0,25,attention_depth
substantive,0,166,166,0.05585464333781965,1.0,0.10579987253027405,expression_summary+published_screens,median,rank,15,0.0,25,attention_depth
focal,0,105,105,0.03532974427994617,1.0,0.06824829379265519,expression_summary+published_screens,median,rank,15,0.0,25,attention_depth
incidental,2,504,104,0.287292817679558,0.20634920634920634,0.24018475750577367,expression_summary+published_screens,median,rank,15,0.0,60,attention_depth
substantive,1,141,46,0.09766454352441614,0.3262411347517731,0.15032679738562094,expression_summary+published_screens,median,rank,15,0.0,60,attention_depth
focal,1,83,26,0.055201698513800426,0.3132530120481928,0.09386281588447654,expression_summary+published_screens,median,rank,15,0.0,60,attention_depth
incidental,0,647,644,0.21668909825033647,0.9953632148377125,0.35589941972920697,expression_summary+published_screens,median,rank,15,0.25,25,attention_depth
substantive,0,166,166,0.05585464333781965,1.0,0.10579987253027405,expression_summary+published_screens,median,rank,15,0.25,25,attention_depth
focal,0,105,105,0.03532974427994617,1.0,0.06824829379265519,expression_summary+published_screens,median,rank,15,0.25,25,attention_depth
incidental,1,379,191,0.26021798365122617,0.503957783641161,0.34321653189577717,expression_summary+published_screens,median,rank,15,0.25,60,attention_depth
substantive,1,112,70,0.09536784741144415,0.625,0.16548463356973997,expression_summary+published_screens,median,rank,15,0.25,60,attention_depth
focal,1,65,42,0.05722070844686648,0.6461538461538462,0.10513141426783479,expression_summary+published_screens,median,rank,15,0.25,60,attention_depth
incidental,3,536,232,0.24892703862660945,0.43283582089552236,0.31607629427792916,expression_summary+published_screens,median,rank,50,0.0,25,attention_depth
substantive,3,146,79,0.08476394849785408,0.541095890410959,0.14656771799628945,expression_summary+published_screens,median,rank,50,0.0,25,attention_depth
focal,3,94,48,0.05150214592274678,0.5106382978723404,0.0935672514619883,expression_summary+published_screens,median,rank,50,0.0,25,attention_depth
incidental,2,549,223,0.2494407158836689,0.40619307832422585,0.3090783090783091,expression_summary+published_screens,median,rank,50,0.0,60,attention_depth
substantive,2,146,77,0.08612975391498881,0.5273972602739726,0.14807692307692308,expression_summary+published_screens,median,rank,50,0.0,60,attention_depth
focal,2,88,43,0.04809843400447427,0.48863636363636365,0.08757637474541752,expression_summary+published_screens,median,rank,50,0.0,60,attention_depth
incidental,3,372,90,0.29411764705882354,0.24193548387096775,0.26548672566371684,expression_summary+published_screens,median,rank,50,0.25,25,attention_depth
focal,11,69,8,0.11764705882352941,0.11594202898550725,0.11678832116788322,expression_summary+published_screens,median,rank,50,0.25,25,attention_depth
substantive,11,99,13,0.19117647058823528,0.13131313131313133,0.15568862275449102,expression_summary+published_screens,median,rank,50,0.25,25,attention_depth
focal,3,63,20,0.06711409395973154,0.31746031746031744,0.11080332409972299,expression_summary+published_screens,median,rank,50,0.25,60,attention_depth
incidental,2,335,79,0.3134920634920635,0.23582089552238805,0.2691652470187394,expression_summary+published_screens,median,rank,50,0.25,60,attention_depth
substantive,3,94,35,0.1174496644295302,0.3723404255319149,0.17857142857142858,expression_summary+published_screens,median,rank,50,0.25,60,attention_depth
incidental,0,607,228,0.30319148936170215,0.3756177924217463,0.3355408388520972,expression_summary+protein_features,median,rank,15,0.0,25,attention_depth
substantive,10,160,13,0.17333333333333334,0.08125,0.11063829787234045,expression_summary+protein_features,median,rank,15,0.0,25,attention_depth
focal,1,97,19,0.084070796460177,0.1958762886597938,0.11764705882352942,expression_summary+protein_features,median,rank,15,0.0,25,attention_depth
incidental,1,647,280,0.28629856850715746,0.4327666151468315,0.3446153846153846,expression_summary+protein_features,median,rank,15,0.0,60,attention_depth
substantive,1,166,59,0.06032719836400818,0.35542168674698793,0.10314685314685315,expression_summary+protein_features,median,rank,15,0.0,60,attention_depth
focal,1,105,40,0.0408997955010225,0.38095238095238093,0.07386888273314866,expression_summary+protein_features,median,rank,15,0.0,60,attention_depth
incidental,0,632,279,0.28556806550665303,0.44145569620253167,0.3467992541951523,expression_summary+protein_features,median,rank,15,0.25,25,attention_depth
substantive,0,161,59,0.06038894575230297,0.36645962732919257,0.10369068541300527,expression_summary+protein_features,median,rank,15,0.25,25,attention_depth
focal,0,96,40,0.04094165813715456,0.4166666666666667,0.07455731593662629,expression_summary+protein_features,median,rank,15,0.25,25,attention_depth
incidental,1,613,270,0.28662420382165604,0.44045676998368677,0.34726688102893893,expression_summary+protein_features,median,rank,15,0.25,60,attention_depth
substantive,1,159,58,0.06157112526539278,0.36477987421383645,0.10535876475930972,expression_summary+protein_features,median,rank,15,0.25,60,attention_depth
focal,1,94,39,0.041401273885350316,0.4148936170212766,0.07528957528957528,expression_summary+protein_features,median,rank,15,0.25,60,attention_depth
incidental,1,645,280,0.2854230377166157,0.43410852713178294,0.34440344403444034,expression_summary+protein_features,median,rank,50,0.0,25,attention_depth
substantive,3,166,19,0.09844559585492228,0.1144578313253012,0.10584958217270195,expression_summary+protein_features,median,rank,50,0.0,25,attention_depth
focal,1,105,40,0.040774719673802244,0.38095238095238093,0.07366482504604052,expression_summary+protein_features,median,rank,50,0.0,25,attention_depth
incidental,1,647,280,0.2854230377166157,0.4327666151468315,0.34398034398034394,expression_summary+protein_features,median,rank,50,0.0,60,attention_depth
substantive,1,166,60,0.06116207951070336,0.3614457831325301,0.10462074978204011,expression_summary+protein_features,median,rank,50,0.0,60,attention_depth
focal,1,105,40,0.040774719673802244,0.38095238095238093,0.07366482504604052,expression_summary+protein_features,median,rank,50,0.0,60,attention_depth
incidental,0,643,280,0.2845528455284553,0.4354587869362364,0.3441917639827904,expression_summary+protein_features,median,rank,50,0.25,25,attention_depth
substantive,0,165,61,0.061991869918699184,0.3696969696969697,0.10617928633594428,expression_summary+protein_features,median,rank,50,0.25,25,attention_depth
focal,0,105,40,0.04065040650406504,0.38095238095238093,0.07346189164370982,expression_summary+protein_features,median,rank,50,0.25,25,attention_depth
incidental,0,629,277,0.2867494824016563,0.44038155802861684,0.34733542319749217,expression_summary+protein_features,median,rank,50,0.25,60,attention_depth
substantive,0,161,60,0.062111801242236024,0.37267080745341613,0.1064773735581189,expression_summary+protein_features,median,rank,50,0.25,60,attention_depth
focal,0,103,39,0.040372670807453416,0.3786407766990291,0.07296538821328344,expression_summary+protein_features,median,rank,50,0.25,60,attention_depth
substantive,3,136,44,0.09649122807017543,0.3235294117647059,0.14864864864864863,expression_summary+interactions,median,rank,15,0.0,25,attention_depth
incidental,14,565,140,0.24955436720142601,0.24778761061946902,0.2486678507992895,expression_summary+interactions,median,rank,15,0.0,25,attention_depth
focal,0,94,18,0.13846153846153847,0.19148936170212766,0.16071428571428573,expression_summary+interactions,median,rank,15,0.0,25,attention_depth
incidental,3,647,412,0.1954459203036053,0.6367851622874807,0.29909255898366605,expression_summary+interactions,median,rank,15,0.0,60,attention_depth
substantive,2,166,44,0.09649122807017543,0.26506024096385544,0.1414790996784566,expression_summary+interactions,median,rank,15,0.0,60,attention_depth
focal,1,105,18,0.13846153846153847,0.17142857142857143,0.15319148936170213,expression_summary+interactions,median,rank,15,0.0,60,attention_depth
incidental,1,647,575,0.21367521367521367,0.8887171561051005,0.3445176752546435,expression_summary+interactions,median,rank,15,0.25,25,attention_depth
substantive,2,166,17,0.13076923076923078,0.10240963855421686,0.11486486486486486,expression_summary+interactions,median,rank,15,0.25,25,attention_depth
focal,2,105,18,0.13846153846153847,0.17142857142857143,0.15319148936170213,expression_summary+interactions,median,rank,15,0.25,25,attention_depth
incidental,1,647,575,0.21367521367521367,0.8887171561051005,0.3445176752546435,expression_summary+interactions,median,rank,15,0.25,60,attention_depth
substantive,2,166,17,0.13076923076923078,0.10240963855421686,0.11486486486486486,expression_summary+interactions,median,rank,15,0.25,60,attention_depth
focal,2,105,18,0.13846153846153847,0.17142857142857143,0.15319148936170213,expression_summary+interactions,median,rank,15,0.25,60,attention_depth
incidental,1,647,469,0.209375,0.7248840803709428,0.3249047454104607,expression_summary+interactions,median,rank,50,0.0,25,attention_depth
substantive,2,166,44,0.0967032967032967,0.26506024096385544,0.14170692431562,expression_summary+interactions,median,rank,50,0.0,25,attention_depth
focal,0,105,18,0.140625,0.17142857142857143,0.15450643776824036,expression_summary+interactions,median,rank,50,0.0,25,attention_depth
incidental,2,647,469,0.209375,0.7248840803709428,0.3249047454104607,expression_summary+interactions,median,rank,50,0.0,60,attention_depth
substantive,3,166,44,0.0967032967032967,0.26506024096385544,0.14170692431562,expression_summary+interactions,median,rank,50,0.0,60,attention_depth
focal,0,105,18,0.140625,0.17142857142857143,0.15450643776824036,expression_summary+interactions,median,rank,50,0.0,60,attention_depth
incidental,1,647,576,0.21380846325167038,0.8902627511591963,0.3448069440287339,expression_summary+interactions,median,rank,50,0.25,25,attention_depth
substantive,0,166,17,0.13178294573643412,0.10240963855421686,0.1152542372881356,expression_summary+interactions,median,rank,50,0.25,25,attention_depth
focal,0,105,18,0.13953488372093023,0.17142857142857143,0.15384615384615385,expression_summary+interactions,median,rank,50,0.25,25,attention_depth
incidental,0,647,611,0.21281783350748867,0.9443585780525502,0.3473564525298465,expression_summary+interactions,median,rank,50,0.25,60,attention_depth
substantive,1,166,17,0.13178294573643412,0.10240963855421686,0.1152542372881356,expression_summary+interactions,median,rank,50,0.25,60,attention_depth
focal,1,105,18,0.13953488372093023,0.17142857142857143,0.15384615384615385,expression_summary+interactions,median,rank,50,0.25,60,attention_depth
substantive,7,102,22,0.12154696132596685,0.21568627450980393,0.15547703180212014,expression_raw+fitness_screens,median,rank,15,0.0,25,attention_depth
incidental,7,371,55,0.30386740331491713,0.14824797843665768,0.19927536231884058,expression_raw+fitness_screens,median,rank,15,0.0,25,attention_depth
focal,1,71,15,0.14423076923076922,0.2112676056338028,0.17142857142857143,expression_raw+fitness_screens,median,rank,15,0.0,25,attention_depth
substantive,0,141,16,0.1391304347826087,0.11347517730496454,0.12499999999999997,expression_raw+fitness_screens,median,rank,15,0.0,60,attention_depth
incidental,1,585,552,0.22231171969391864,0.9435897435897436,0.3598435462842242,expression_raw+fitness_screens,median,rank,15,0.0,60,attention_depth
focal,0,94,15,0.13043478260869565,0.1595744680851064,0.14354066985645933,expression_raw+fitness_screens,median,rank,15,0.0,60,attention_depth
substantive,1,109,10,0.13333333333333333,0.09174311926605505,0.10869565217391304,expression_raw+fitness_screens,median,rank,15,0.25,25,attention_depth
incidental,2,397,353,0.2052325581395349,0.889168765743073,0.33349078885214933,expression_raw+fitness_screens,median,rank,15,0.25,25,attention_depth
focal,1,74,10,0.13333333333333333,0.13513513513513514,0.13422818791946306,expression_raw+fitness_screens,median,rank,15,0.25,25,attention_depth
substantive,0,97,94,0.05731707317073171,0.9690721649484536,0.10823258491652275,expression_raw+fitness_screens,median,rank,15,0.25,60,attention_depth
incidental,0,360,343,0.20914634146341463,0.9527777777777777,0.34299999999999997,expression_raw+fitness_screens,median,rank,15,0.25,60,attention_depth
focal,0,59,57,0.03475609756097561,0.9661016949152542,0.06709829311359623,expression_raw+fitness_screens,median,rank,15,0.25,60,attention_depth
substantive,4,101,30,0.11070110701107011,0.297029702970297,0.16129032258064516,expression_raw+fitness_screens,median,rank,50,0.0,25,attention_depth
incidental,16,382,72,0.3564356435643564,0.18848167539267016,0.24657534246575344,expression_raw+fitness_screens,median,rank,50,0.0,25,attention_depth
focal,3,70,14,0.14,0.2,0.1647058823529412,expression_raw+fitness_screens,median,rank,50,0.0,25,attention_depth
incidental,7,350,133,0.266,0.38,0.3129411764705882,expression_raw+fitness_screens,median,rank,50,0.0,60,attention_depth
substantive,3,86,22,0.10328638497652583,0.2558139534883721,0.14715719063545152,expression_raw+fitness_screens,median,rank,50,0.0,60,attention_depth
focal,0,58,14,0.15555555555555556,0.2413793103448276,0.18918918918918917,expression_raw+fitness_screens,median,rank,50,0.0,60,attention_depth
substantive,3,65,19,0.11377245508982035,0.2923076923076923,0.16379310344827586,expression_raw+fitness_screens,median,rank,50,0.25,25,attention_depth
incidental,4,234,45,0.3435114503816794,0.19230769230769232,0.24657534246575344,expression_raw+fitness_screens,median,rank,50,0.25,25,attention_depth
focal,2,39,8,0.11267605633802817,0.20512820512820512,0.14545454545454545,expression_raw+fitness_screens,median,rank,50,0.25,25,attention_depth
substantive,0,102,99,0.05786090005844535,0.9705882352941176,0.10921125206839491,expression_raw+fitness_screens,median,rank,50,0.25,60,attention_depth
incidental,0,391,370,0.2162478082992402,0.9462915601023018,0.35204567078972404,expression_raw+fitness_screens,median,rank,50,0.25,60,attention_depth
focal,0,58,56,0.03272939801285798,0.9655172413793104,0.06331260599208592,expression_raw+fitness_screens,median,rank,50,0.25,60,attention_depth
incidental,0,637,245,0.24647887323943662,0.38461538461538464,0.30042918454935624,expression_raw+published_screens,median,rank,15,0.0,25,attention_depth
substantive,0,164,68,0.06841046277665996,0.4146341463414634,0.11744386873920554,expression_raw+published_screens,median,rank,15,0.0,25,attention_depth
focal,2,103,26,0.04878048780487805,0.2524271844660194,0.08176100628930819,expression_raw+published_screens,median,rank,15,0.0,25,attention_depth
incidental,0,647,402,0.20039880358923232,0.6213292117465224,0.3030531473803242,expression_raw+published_screens,median,rank,15,0.0,60,attention_depth
substantive,1,166,68,0.06841046277665996,0.40963855421686746,0.11724137931034484,expression_raw+published_screens,median,rank,15,0.0,60,attention_depth
focal,0,105,75,0.03738783649052842,0.7142857142857143,0.07105637138796779,expression_raw+published_screens,median,rank,15,0.0,60,attention_depth
incidental,3,553,300,0.23885350318471338,0.5424954792043399,0.33167495854063017,expression_raw+published_screens,median,rank,15,0.25,25,attention_depth
substantive,4,144,63,0.07283236994219654,0.4375,0.12487611496531219,expression_raw+published_screens,median,rank,15,0.25,25,attention_depth
focal,3,92,59,0.046974522292993634,0.6413043478260869,0.08753709198813057,expression_raw+published_screens,median,rank,15,0.25,25,attention_depth
substantive,0,120,59,0.07375,0.49166666666666664,0.12826086956521737,expression_raw+published_screens,median,rank,15,0.25,60,attention_depth
incidental,0,462,209,0.26125,0.4523809523809524,0.3312202852614897,expression_raw+published_screens,median,rank,15,0.25,60,attention_depth
focal,3,69,19,0.05459770114942529,0.2753623188405797,0.09112709832134291,expression_raw+published_screens,median,rank,15,0.25,60,attention_depth
incidental,0,614,246,0.24380574826560952,0.4006514657980456,0.3031423290203328,expression_raw+published_screens,median,rank,50,0.0,25,attention_depth
substantive,0,162,69,0.06838453914767097,0.42592592592592593,0.1178479931682323,expression_raw+published_screens,median,rank,50,0.0,25,attention_depth
focal,3,96,25,0.052083333333333336,0.2604166666666667,0.08680555555555557,expression_raw+published_screens,median,rank,50,0.0,25,attention_depth
incidental,0,597,246,0.24404761904761904,0.4120603015075377,0.3065420560747663,expression_raw+published_screens,median,rank,50,0.0,60,attention_depth
substantive,0,157,69,0.06845238095238096,0.4394904458598726,0.11845493562231761,expression_raw+published_screens,median,rank,50,0.0,60,attention_depth
focal,2,94,23,0.05066079295154185,0.24468085106382978,0.08394160583941607,expression_raw+published_screens,median,rank,50,0.0,60,attention_depth
incidental,4,512,213,0.24912280701754386,0.416015625,0.31163130943672274,expression_raw+published_screens,median,rank,50,0.25,25,attention_depth
substantive,4,137,62,0.07251461988304093,0.45255474452554745,0.125,expression_raw+published_screens,median,rank,50,0.25,25,attention_depth
focal,3,85,20,0.05037783375314862,0.23529411764705882,0.08298755186721991,expression_raw+published_screens,median,rank,50,0.25,25,attention_depth
incidental,2,440,179,0.26362297496318116,0.4068181818181818,0.3199285075960679,expression_raw+published_screens,median,rank,50,0.25,60,attention_depth
substantive,2,109,54,0.07952871870397643,0.4954128440366973,0.13705583756345177,expression_raw+published_screens,median,rank,50,0.25,60,attention_depth
focal,4,72,20,0.055865921787709494,0.2777777777777778,0.09302325581395349,expression_raw+published_screens,median,rank,50,0.25,60,attention_depth
incidental,1,620,227,0.29712041884816753,0.36612903225806454,0.3280346820809248,expression_raw+protein_features,median,rank,15,0.0,25,attention_depth
substantive,14,157,18,0.08653846153846154,0.11464968152866242,0.09863013698630137,expression_raw+protein_features,median,rank,15,0.0,25,attention_depth
focal,8,100,13,0.28888888888888886,0.13,0.1793103448275862,expression_raw+protein_features,median,rank,15,0.0,25,attention_depth
incidental,0,646,279,0.28469387755102044,0.43188854489164086,0.3431734317343173,expression_raw+protein_features,median,rank,15,0.0,60,attention_depth
substantive,2,166,60,0.0671892497200448,0.3614457831325301,0.11331444759206798,expression_raw+protein_features,median,rank,15,0.0,60,attention_depth
focal,0,105,40,0.04081632653061224,0.38095238095238093,0.07373271889400922,expression_raw+protein_features,median,rank,15,0.0,60,attention_depth
incidental,0,584,413,0.2515225334957369,0.7071917808219178,0.37106918238993714,expression_raw+protein_features,median,rank,15,0.25,25,attention_depth
substantive,0,148,94,0.057247259439707675,0.6351351351351351,0.10502793296089385,expression_raw+protein_features,median,rank,15,0.25,25,attention_depth
focal,3,99,13,0.38235294117647056,0.13131313131313133,0.19548872180451132,expression_raw+protein_features,median,rank,15,0.25,25,attention_depth
incidental,0,645,412,0.25091352009744217,0.6387596899224807,0.360297332750328,expression_raw+protein_features,median,rank,15,0.25,60,attention_depth
substantive,0,163,94,0.057247259439707675,0.5766871165644172,0.10415512465373963,expression_raw+protein_features,median,rank,15,0.25,60,attention_depth
focal,0,95,58,0.03532277710109622,0.6105263157894737,0.06678180771445019,expression_raw+protein_features,median,rank,15,0.25,60,attention_depth
incidental,0,620,280,0.2857142857142857,0.45161290322580644,0.35000000000000003,expression_raw+protein_features,median,rank,50,0.0,25,attention_depth
substantive,9,160,30,0.10309278350515463,0.1875,0.1330376940133038,expression_raw+protein_features,median,rank,50,0.0,25,attention_depth
focal,2,103,14,0.2978723404255319,0.13592233009708737,0.18666666666666668,expression_raw+protein_features,median,rank,50,0.0,25,attention_depth
incidental,1,647,280,0.2857142857142857,0.4327666151468315,0.3441917639827904,expression_raw+protein_features,median,rank,50,0.0,60,attention_depth
substantive,1,166,60,0.061224489795918366,0.3614457831325301,0.10471204188481675,expression_raw+protein_features,median,rank,50,0.0,60,attention_depth
focal,1,105,40,0.04081632653061224,0.38095238095238093,0.07373271889400922,expression_raw+protein_features,median,rank,50,0.0,60,attention_depth
incidental,0,647,412,0.25045592705167175,0.6367851622874807,0.35951134380453753,expression_raw+protein_features,median,rank,50,0.25,25,attention_depth
substantive,0,166,93,0.056534954407294835,0.5602409638554217,0.1027056874654887,expression_raw+protein_features,median,rank,50,0.25,25,attention_depth
focal,0,105,58,0.03525835866261398,0.5523809523809524,0.0662857142857143,expression_raw+protein_features,median,rank,50,0.25,25,attention_depth
incidental,0,647,411,0.25,0.6352395672333848,0.3587952859013531,expression_raw+protein_features,median,rank,50,0.25,60,attention_depth
substantive,0,166,93,0.05656934306569343,0.5602409638554217,0.10276243093922652,expression_raw+protein_features,median,rank,50,0.25,60,attention_depth
focal,0,104,58,0.03527980535279805,0.5576923076923077,0.06636155606407322,expression_raw+protein_features,median,rank,50,0.25,60,attention_depth
incidental,5,644,310,0.24819855884707767,0.4813664596273292,0.32752245113576334,expression_raw+interactions,median,rank,15,0.0,25,attention_depth
substantive,0,166,42,0.09722222222222222,0.25301204819277107,0.14046822742474915,expression_raw+interactions,median,rank,15,0.0,25,attention_depth
focal,3,105,18,0.13953488372093023,0.17142857142857143,0.15384615384615385,expression_raw+interactions,median,rank,15,0.0,25,attention_depth
incidental,3,633,316,0.24420401854714066,0.49921011058451814,0.3279709392838609,expression_raw+interactions,median,rank,15,0.0,60,attention_depth
substantive,1,162,42,0.09722222222222222,0.25925925925925924,0.14141414141414144,expression_raw+interactions,median,rank,15,0.0,60,attention_depth
focal,2,104,18,0.13953488372093023,0.17307692307692307,0.15450643776824036,expression_raw+interactions,median,rank,15,0.0,60,attention_depth
incidental,4,591,295,0.248107653490328,0.49915397631133673,0.33146067415730335,expression_raw+interactions,median,rank,15,0.25,25,attention_depth
substantive,2,149,42,0.09767441860465116,0.28187919463087246,0.1450777202072539,expression_raw+interactions,median,rank,15,0.25,25,attention_depth
focal,0,93,13,0.1111111111111111,0.13978494623655913,0.1238095238095238,expression_raw+interactions,median,rank,15,0.25,25,attention_depth
incidental,0,647,613,0.21262573707943114,0.9474497681607419,0.3473087818696884,expression_raw+interactions,median,rank,15,0.25,60,attention_depth
substantive,0,166,153,0.053069719042663895,0.9216867469879518,0.10036077402427025,expression_raw+interactions,median,rank,15,0.25,60,attention_depth
focal,1,105,13,0.1111111111111111,0.12380952380952381,0.11711711711711711,expression_raw+interactions,median,rank,15,0.25,60,attention_depth
incidental,3,646,321,0.2465437788018433,0.4969040247678019,0.32956878850102667,expression_raw+interactions,median,rank,50,0.0,25,attention_depth
substantive,1,166,43,0.09772727272727273,0.25903614457831325,0.1419141914191419,expression_raw+interactions,median,rank,50,0.0,25,attention_depth
focal,0,105,13,0.11206896551724138,0.12380952380952381,0.11764705882352941,expression_raw+interactions,median,rank,50,0.0,25,attention_depth
incidental,3,647,321,0.2465437788018433,0.49613601236476046,0.32939969214982046,expression_raw+interactions,median,rank,50,0.0,60,attention_depth
substantive,1,166,43,0.09772727272727273,0.25903614457831325,0.1419141914191419,expression_raw+interactions,median,rank,50,0.0,60,attention_depth
focal,0,105,13,0.11206896551724138,0.12380952380952381,0.11764705882352941,expression_raw+interactions,median,rank,50,0.0,60,attention_depth
incidental,0,647,614,0.21289875173370318,0.9489953632148377,0.3477768337581421,expression_raw+interactions,median,rank,50,0.25,25,attention_depth
substantive,0,166,153,0.05305131761442441,0.9216867469879518,0.100327868852459,expression_raw+interactions,median,rank,50,0.25,25,attention_depth
focal,1,105,13,0.11206896551724138,0.12380952380952381,0.11764705882352941,expression_raw+interactions,median,rank,50,0.25,25,attention_depth
incidental,0,647,614,0.21289875173370318,0.9489953632148377,0.3477768337581421,expression_raw+interactions,median,rank,50,0.25,60,attention_depth
substantive,0,166,153,0.05305131761442441,0.9216867469879518,0.100327868852459,expression_raw+interactions,median,rank,50,0.25,60,attention_depth
focal,1,105,13,0.11206896551724138,0.12380952380952381,0.11764705882352941,expression_raw+interactions,median,rank,50,0.25,60,attention_depth
incidental,0,647,634,0.2250621228257011,0.9799072642967542,0.36605080831408776,fitness_screens+published_screens,median,rank,15,0.0,25,attention_depth
substantive,0,166,166,0.058927937522186724,1.0,0.11129735165940328,fitness_screens+published_screens,median,rank,15,0.0,25,attention_depth
focal,0,105,102,0.0362087326943557,0.9714285714285714,0.06981519507186858,fitness_screens+published_screens,median,rank,15,0.0,25,attention_depth
incidental,0,647,634,0.2250621228257011,0.9799072642967542,0.36605080831408776,fitness_screens+published_screens,median,rank,15,0.0,60,attention_depth
substantive,0,166,166,0.058927937522186724,1.0,0.11129735165940328,fitness_screens+published_screens,median,rank,15,0.0,60,attention_depth
focal,0,105,102,0.0362087326943557,0.9714285714285714,0.06981519507186858,fitness_screens+published_screens,median,rank,15,0.0,60,attention_depth
incidental,0,647,634,0.2250621228257011,0.9799072642967542,0.36605080831408776,fitness_screens+published_screens,median,rank,15,0.25,25,attention_depth
substantive,0,166,166,0.058927937522186724,1.0,0.11129735165940328,fitness_screens+published_screens,median,rank,15,0.25,25,attention_depth
focal,0,105,102,0.0362087326943557,0.9714285714285714,0.06981519507186858,fitness_screens+published_screens,median,rank,15,0.25,25,attention_depth
incidental,0,647,634,0.2250621228257011,0.9799072642967542,0.36605080831408776,fitness_screens+published_screens,median,rank,15,0.25,60,attention_depth
substantive,0,166,166,0.058927937522186724,1.0,0.11129735165940328,fitness_screens+published_screens,median,rank,15,0.25,60,attention_depth
focal,0,105,102,0.0362087326943557,0.9714285714285714,0.06981519507186858,fitness_screens+published_screens,median,rank,15,0.25,60,attention_depth
incidental,0,647,634,0.22530206112295664,0.9799072642967542,0.36636810170470957,fitness_screens+published_screens,median,rank,50,0.0,25,attention_depth
substantive,0,166,166,0.058990760483297794,1.0,0.11140939597315436,fitness_screens+published_screens,median,rank,50,0.0,25,attention_depth
focal,0,105,102,0.03624733475479744,0.9714285714285714,0.0698869475847893,fitness_screens+published_screens,median,rank,50,0.0,25,attention_depth
incidental,0,647,634,0.22530206112295664,0.9799072642967542,0.36636810170470957,fitness_screens+published_screens,median,rank,50,0.0,60,attention_depth
substantive,0,166,166,0.058990760483297794,1.0,0.11140939597315436,fitness_screens+published_screens,median,rank,50,0.0,60,attention_depth
focal,0,105,102,0.03624733475479744,0.9714285714285714,0.0698869475847893,fitness_screens+published_screens,median,rank,50,0.0,60,attention_depth
incidental,0,647,634,0.22546230440967283,0.9799072642967542,0.36657993639780284,fitness_screens+published_screens,median,rank,50,0.25,25,attention_depth
substantive,0,166,166,0.05903271692745377,1.0,0.11148421759570182,fitness_screens+published_screens,median,rank,50,0.25,25,attention_depth
focal,0,105,102,0.03627311522048364,0.9714285714285714,0.06993486458690436,fitness_screens+published_screens,median,rank,50,0.25,25,attention_depth
incidental,0,647,634,0.22546230440967283,0.9799072642967542,0.36657993639780284,fitness_screens+published_screens,median,rank,50,0.25,60,attention_depth
substantive,0,166,166,0.05903271692745377,1.0,0.11148421759570182,fitness_screens+published_screens,median,rank,50,0.25,60,attention_depth
focal,0,105,102,0.03627311522048364,0.9714285714285714,0.06993486458690436,fitness_screens+published_screens,median,rank,50,0.25,60,attention_depth
incidental,0,587,412,0.24744744744744746,0.7018739352640545,0.36589698046181174,fitness_screens+protein_features,median,rank,15,0.0,25,attention_depth
substantive,0,150,94,0.05645645645645646,0.6266666666666667,0.10358126721763086,fitness_screens+protein_features,median,rank,15,0.0,25,attention_depth
focal,1,97,10,0.13333333333333333,0.10309278350515463,0.11627906976744186,fitness_screens+protein_features,median,rank,15,0.0,25,attention_depth
incidental,0,643,412,0.24744744744744746,0.640746500777605,0.35701906412478335,fitness_screens+protein_features,median,rank,15,0.0,60,attention_depth
substantive,0,166,94,0.05645645645645646,0.5662650602409639,0.10267613326051338,fitness_screens+protein_features,median,rank,15,0.0,60,attention_depth
focal,1,105,10,0.13333333333333333,0.09523809523809523,0.1111111111111111,fitness_screens+protein_features,median,rank,15,0.0,60,attention_depth
incidental,0,647,412,0.24744744744744746,0.6367851622874807,0.35640138408304495,fitness_screens+protein_features,median,rank,15,0.25,25,attention_depth
substantive,0,166,94,0.05645645645645646,0.5662650602409639,0.10267613326051338,fitness_screens+protein_features,median,rank,15,0.25,25,attention_depth
focal,0,105,59,0.03543543543543543,0.5619047619047619,0.06666666666666665,fitness_screens+protein_features,median,rank,15,0.25,25,attention_depth
incidental,0,647,412,0.24744744744744746,0.6367851622874807,0.35640138408304495,fitness_screens+protein_features,median,rank,15,0.25,60,attention_depth
substantive,0,166,94,0.05645645645645646,0.5662650602409639,0.10267613326051338,fitness_screens+protein_features,median,rank,15,0.25,60,attention_depth
focal,0,105,59,0.03543543543543543,0.5619047619047619,0.06666666666666665,fitness_screens+protein_features,median,rank,15,0.25,60,attention_depth
incidental,0,647,412,0.24729891956782712,0.6367851622874807,0.35624729788153914,fitness_screens+protein_features,median,rank,50,0.0,25,attention_depth
substantive,0,166,94,0.056422569027611044,0.5662650602409639,0.10262008733624454,fitness_screens+protein_features,median,rank,50,0.0,25,attention_depth
focal,0,105,60,0.03601440576230492,0.5714285714285714,0.06775832862789384,fitness_screens+protein_features,median,rank,50,0.0,25,attention_depth
incidental,0,647,412,0.24729891956782712,0.6367851622874807,0.35624729788153914,fitness_screens+protein_features,median,rank,50,0.0,60,attention_depth
substantive,0,166,94,0.056422569027611044,0.5662650602409639,0.10262008733624454,fitness_screens+protein_features,median,rank,50,0.0,60,attention_depth
focal,0,105,60,0.03601440576230492,0.5714285714285714,0.06775832862789384,fitness_screens+protein_features,median,rank,50,0.0,60,attention_depth
incidental,0,647,412,0.24729891956782712,0.6367851622874807,0.35624729788153914,fitness_screens+protein_features,median,rank,50,0.25,25,attention_depth
substantive,0,166,94,0.056422569027611044,0.5662650602409639,0.10262008733624454,fitness_screens+protein_features,median,rank,50,0.25,25,attention_depth
focal,0,105,60,0.03601440576230492,0.5714285714285714,0.06775832862789384,fitness_screens+protein_features,median,rank,50,0.25,25,attention_depth
incidental,0,647,412,0.24729891956782712,0.6367851622874807,0.35624729788153914,fitness_screens+protein_features,median,rank,50,0.25,60,attention_depth
substantive,0,166,94,0.056422569027611044,0.5662650602409639,0.10262008733624454,fitness_screens+protein_features,median,rank,50,0.25,60,attention_depth
focal,0,105,60,0.03601440576230492,0.5714285714285714,0.06775832862789384,fitness_screens+protein_features,median,rank,50,0.25,60,attention_depth
incidental,7,641,388,0.26832641770401106,0.6053042121684867,0.3718255869669381,fitness_screens+interactions,median,rank,15,0.0,25,attention_depth
substantive,3,165,42,0.0979020979020979,0.2545454545454545,0.1414141414141414,fitness_screens+interactions,median,rank,15,0.0,25,attention_depth
focal,0,104,17,0.1349206349206349,0.16346153846153846,0.14782608695652172,fitness_screens+interactions,median,rank,15,0.0,25,attention_depth
incidental,3,647,395,0.2631578947368421,0.6105100463678517,0.3677839851024209,fitness_screens+interactions,median,rank,15,0.0,60,attention_depth
substantive,2,166,42,0.0979020979020979,0.25301204819277107,0.1411764705882353,fitness_screens+interactions,median,rank,15,0.0,60,attention_depth
focal,1,105,17,0.1349206349206349,0.1619047619047619,0.14718614718614717,fitness_screens+interactions,median,rank,15,0.0,60,attention_depth
incidental,5,606,360,0.2656826568265683,0.594059405940594,0.3671596124426313,fitness_screens+interactions,median,rank,15,0.25,25,attention_depth
substantive,6,158,42,0.10023866348448687,0.26582278481012656,0.14558058925476605,fitness_screens+interactions,median,rank,15,0.25,25,attention_depth
focal,0,102,17,0.13385826771653545,0.16666666666666666,0.148471615720524,fitness_screens+interactions,median,rank,15,0.25,25,attention_depth
incidental,3,584,360,0.2656826568265683,0.6164383561643836,0.37132542547705005,fitness_screens+interactions,median,rank,15,0.25,60,attention_depth
substantive,4,156,40,0.10695187165775401,0.2564102564102564,0.1509433962264151,fitness_screens+interactions,median,rank,15,0.25,60,attention_depth
focal,1,99,17,0.1349206349206349,0.1717171717171717,0.1511111111111111,fitness_screens+interactions,median,rank,15,0.25,60,attention_depth
substantive,1,130,43,0.09772727272727273,0.33076923076923076,0.15087719298245614,fitness_screens+interactions,median,rank,50,0.0,25,attention_depth
incidental,1,482,101,0.22954545454545455,0.2095435684647303,0.2190889370932755,fitness_screens+interactions,median,rank,50,0.0,25,attention_depth
focal,0,80,17,0.1349206349206349,0.2125,0.1650485436893204,fitness_screens+interactions,median,rank,50,0.0,25,attention_depth
incidental,3,627,383,0.26783216783216784,0.6108452950558214,0.3723869713174527,fitness_screens+interactions,median,rank,50,0.0,60,attention_depth
substantive,1,162,43,0.09750566893424037,0.2654320987654321,0.142620232172471,fitness_screens+interactions,median,rank,50,0.0,60,attention_depth
focal,0,103,17,0.1349206349206349,0.1650485436893204,0.14847161572052403,fitness_screens+interactions,median,rank,50,0.0,60,attention_depth
incidental,3,622,467,0.2118874773139746,0.7508038585209004,0.33050247699929225,fitness_screens+interactions,median,rank,50,0.25,25,attention_depth
substantive,4,163,42,0.09905660377358491,0.25766871165644173,0.14310051107325386,fitness_screens+interactions,median,rank,50,0.25,25,attention_depth
focal,2,99,15,0.12605042016806722,0.15151515151515152,0.13761467889908258,fitness_screens+interactions,median,rank,50,0.25,25,attention_depth
incidental,1,569,463,0.21356088560885608,0.8137082601054482,0.3383266350018268,fitness_screens+interactions,median,rank,50,0.25,60,attention_depth
substantive,2,145,33,0.10610932475884244,0.22758620689655173,0.14473684210526314,fitness_screens+interactions,median,rank,50,0.25,60,attention_depth
focal,3,91,13,0.14285714285714285,0.14285714285714285,0.14285714285714285,fitness_screens+interactions,median,rank,50,0.25,60,attention_depth
incidental,2,563,64,0.26556016597510373,0.11367673179396093,0.15920398009950248,published_screens+protein_features,median,rank,15,0.0,25,attention_depth
substantive,2,144,21,0.08713692946058091,0.14583333333333334,0.10909090909090909,published_screens+protein_features,median,rank,15,0.0,25,attention_depth
focal,0,97,19,0.0811965811965812,0.1958762886597938,0.11480362537764349,published_screens+protein_features,median,rank,15,0.0,25,attention_depth
incidental,2,639,301,0.24917218543046357,0.47104851330203446,0.3259339469409854,published_screens+protein_features,median,rank,15,0.0,60,attention_depth
substantive,0,161,23,0.08273381294964029,0.14285714285714285,0.10478359908883826,published_screens+protein_features,median,rank,15,0.0,60,attention_depth
focal,3,95,19,0.0811965811965812,0.2,0.11550151975683891,published_screens+protein_features,median,rank,15,0.0,60,attention_depth
incidental,1,647,355,0.2461858529819695,0.5486862442040186,0.3398755385351843,published_screens+protein_features,median,rank,15,0.25,25,attention_depth
substantive,2,166,23,0.08333333333333333,0.13855421686746988,0.10407239819004525,published_screens+protein_features,median,rank,15,0.25,25,attention_depth
focal,1,105,54,0.03744798890429958,0.5142857142857142,0.06981254040077568,published_screens+protein_features,median,rank,15,0.25,25,attention_depth
incidental,1,645,355,0.24601524601524602,0.5503875968992248,0.34003831417624525,published_screens+protein_features,median,rank,15,0.25,60,attention_depth
substantive,2,164,21,0.08235294117647059,0.12804878048780488,0.10023866348448689,published_screens+protein_features,median,rank,15,0.25,60,attention_depth
focal,1,105,54,0.037422037422037424,0.5142857142857142,0.06976744186046513,published_screens+protein_features,median,rank,15,0.25,60,attention_depth
incidental,0,608,355,0.2461858529819695,0.5838815789473685,0.3463414634146342,published_screens+protein_features,median,rank,50,0.0,25,attention_depth
substantive,3,155,21,0.0875,0.13548387096774195,0.10632911392405064,published_screens+protein_features,median,rank,50,0.0,25,attention_depth
focal,1,100,5,0.13157894736842105,0.05,0.07246376811594202,published_screens+protein_features,median,rank,50,0.0,25,attention_depth
incidental,0,647,355,0.2461858529819695,0.5486862442040186,0.3398755385351843,published_screens+protein_features,median,rank,50,0.0,60,attention_depth
substantive,1,166,23,0.08273381294964029,0.13855421686746988,0.10360360360360361,published_screens+protein_features,median,rank,50,0.0,60,attention_depth
focal,0,105,54,0.03744798890429958,0.5142857142857142,0.06981254040077568,published_screens+protein_features,median,rank,50,0.0,60,attention_depth
incidental,0,646,355,0.2461858529819695,0.5495356037151703,0.34003831417624525,published_screens+protein_features,median,rank,50,0.25,25,attention_depth
substantive,0,164,78,0.05409153952843273,0.47560975609756095,0.09713574097135741,published_screens+protein_features,median,rank,50,0.25,25,attention_depth
focal,0,105,54,0.03744798890429958,0.5142857142857142,0.06981254040077568,published_screens+protein_features,median,rank,50,0.25,25,attention_depth
incidental,0,645,355,0.24601524601524602,0.5503875968992248,0.34003831417624525,published_screens+protein_features,median,rank,50,0.25,60,attention_depth
substantive,1,164,86,0.05595315549772284,0.524390243902439,0.1011169900058789,published_screens+protein_features,median,rank,50,0.25,60,attention_depth
focal,0,105,54,0.037422037422037424,0.5142857142857142,0.06976744186046513,published_screens+protein_features,median,rank,50,0.25,60,attention_depth
incidental,1,577,101,0.2290249433106576,0.17504332755632582,0.19842829076620827,published_screens+interactions,median,rank,15,0.0,25,attention_depth
focal,5,98,18,0.13636363636363635,0.1836734693877551,0.1565217391304348,published_screens+interactions,median,rank,15,0.0,25,attention_depth
substantive,1,155,42,0.09523809523809523,0.2709677419354839,0.14093959731543623,published_screens+interactions,median,rank,15,0.0,25,attention_depth
incidental,4,638,382,0.26788218793828894,0.5987460815047022,0.3701550387596899,published_screens+interactions,median,rank,15,0.0,60,attention_depth
substantive,1,161,42,0.09523809523809523,0.2608695652173913,0.13953488372093023,published_screens+interactions,median,rank,15,0.0,60,attention_depth
focal,5,103,18,0.13533834586466165,0.17475728155339806,0.15254237288135591,published_screens+interactions,median,rank,15,0.0,60,attention_depth
incidental,0,647,620,0.21708683473389356,0.9582689335394127,0.35398230088495575,published_screens+interactions,median,rank,15,0.25,25,attention_depth
substantive,0,166,157,0.054971988795518206,0.9457831325301205,0.10390469887491727,published_screens+interactions,median,rank,15,0.25,25,attention_depth
focal,0,105,102,0.03571428571428571,0.9714285714285714,0.06889564336372847,published_screens+interactions,median,rank,15,0.25,25,attention_depth
incidental,0,647,620,0.21708683473389356,0.9582689335394127,0.35398230088495575,published_screens+interactions,median,rank,15,0.25,60,attention_depth
substantive,0,166,157,0.054971988795518206,0.9457831325301205,0.10390469887491727,published_screens+interactions,median,rank,15,0.25,60,attention_depth
focal,0,105,102,0.03571428571428571,0.9714285714285714,0.06889564336372847,published_screens+interactions,median,rank,15,0.25,60,attention_depth
incidental,4,647,392,0.2675767918088737,0.6058732612055642,0.37121212121212127,published_screens+interactions,median,rank,50,0.0,25,attention_depth
substantive,1,166,42,0.0963302752293578,0.25301204819277107,0.13953488372093023,published_screens+interactions,median,rank,50,0.0,25,attention_depth
focal,5,105,17,0.13821138211382114,0.1619047619047619,0.14912280701754388,published_screens+interactions,median,rank,50,0.0,25,attention_depth
incidental,4,647,392,0.2675767918088737,0.6058732612055642,0.37121212121212127,published_screens+interactions,median,rank,50,0.0,60,attention_depth
substantive,1,166,42,0.0963302752293578,0.25301204819277107,0.13953488372093023,published_screens+interactions,median,rank,50,0.0,60,attention_depth
focal,5,105,17,0.13821138211382114,0.1619047619047619,0.14912280701754388,published_screens+interactions,median,rank,50,0.0,60,attention_depth
incidental,3,563,360,0.26451138868479057,0.6394316163410302,0.37422037422037413,published_screens+interactions,median,rank,50,0.25,25,attention_depth
substantive,10,152,21,0.13548387096774195,0.13815789473684212,0.13680781758957655,published_screens+interactions,median,rank,50,0.25,25,attention_depth
focal,0,99,17,0.13821138211382114,0.1717171717171717,0.15315315315315317,published_screens+interactions,median,rank,50,0.25,25,attention_depth
incidental,4,553,345,0.27402700555996823,0.6238698010849909,0.38079470198675497,published_screens+interactions,median,rank,50,0.25,60,attention_depth
substantive,5,132,30,0.0911854103343465,0.22727272727272727,0.13015184381778744,published_screens+interactions,median,rank,50,0.25,60,attention_depth
focal,1,93,17,0.13821138211382114,0.1827956989247312,0.1574074074074074,published_screens+interactions,median,rank,50,0.25,60,attention_depth
incidental,27,598,81,0.3446808510638298,0.1354515050167224,0.19447779111644659,protein_features+interactions,median,rank,15,0.0,25,attention_depth
substantive,15,154,15,0.1875,0.09740259740259741,0.12820512820512822,protein_features+interactions,median,rank,15,0.0,25,attention_depth
focal,23,97,10,0.14925373134328357,0.10309278350515463,0.12195121951219513,protein_features+interactions,median,rank,15,0.0,25,attention_depth
incidental,12,573,116,0.34523809523809523,0.2024432809773124,0.2552255225522553,protein_features+interactions,median,rank,15,0.0,60,attention_depth
substantive,8,145,15,0.189873417721519,0.10344827586206896,0.13392857142857145,protein_features+interactions,median,rank,15,0.0,60,attention_depth
focal,7,99,17,0.14655172413793102,0.1717171717171717,0.1581395348837209,protein_features+interactions,median,rank,15,0.0,60,attention_depth
incidental,0,619,226,0.25251396648044694,0.3651050080775444,0.29854689564068687,protein_features+interactions,median,rank,15,0.25,25,attention_depth
substantive,13,160,20,0.14285714285714285,0.125,0.13333333333333333,protein_features+interactions,median,rank,15,0.25,25,attention_depth
focal,13,99,17,0.12142857142857143,0.1717171717171717,0.1422594142259414,protein_features+interactions,median,rank,15,0.25,25,attention_depth
incidental,0,625,226,0.2530795072788354,0.3616,0.29776021080368903,protein_features+interactions,median,rank,15,0.25,60,attention_depth
substantive,3,159,58,0.0841799709724238,0.36477987421383645,0.13679245283018868,protein_features+interactions,median,rank,15,0.25,60,attention_depth
focal,2,102,14,0.07865168539325842,0.13725490196078433,0.09999999999999999,protein_features+interactions,median,rank,15,0.25,60,attention_depth
substantive,2,155,21,0.14383561643835616,0.13548387096774195,0.1395348837209302,protein_features+interactions,median,rank,50,0.0,25,attention_depth
incidental,34,577,61,0.3370165745856354,0.10571923743500866,0.16094986807387862,protein_features+interactions,median,rank,50,0.0,25,attention_depth
focal,2,102,18,0.1232876712328767,0.17647058823529413,0.14516129032258066,protein_features+interactions,median,rank,50,0.0,25,attention_depth
incidental,9,618,108,0.32727272727272727,0.17475728155339806,0.22784810126582278,protein_features+interactions,median,rank,50,0.0,60,attention_depth
substantive,3,160,40,0.10025062656641603,0.25,0.14311270125223613,protein_features+interactions,median,rank,50,0.0,60,attention_depth
focal,5,104,18,0.1232876712328767,0.17307692307692307,0.144,protein_features+interactions,median,rank,50,0.0,60,attention_depth
incidental,0,620,333,0.25654853620955315,0.5370967741935484,0.34723670490093844,protein_features+interactions,median,rank,50,0.25,25,attention_depth
substantive,6,156,21,0.15328467153284672,0.1346153846153846,0.14334470989761092,protein_features+interactions,median,rank,50,0.25,25,attention_depth
focal,6,101,17,0.12408759124087591,0.16831683168316833,0.14285714285714288,protein_features+interactions,median,rank,50,0.25,25,attention_depth
incidental,0,647,333,0.25654853620955315,0.5146831530139103,0.34241645244215935,protein_features+interactions,median,rank,50,0.25,60,attention_depth
substantive,1,166,99,0.058166862514688604,0.5963855421686747,0.10599571734475374,protein_features+interactions,median,rank,50,0.25,60,attention_depth
focal,0,105,48,0.03697996918335902,0.45714285714285713,0.06842480399144692,protein_features+interactions,median,rank,50,0.25,60,attention_depth
substantive,17,102,29,0.10740740740740741,0.28431372549019607,0.15591397849462366,expression_summary+expression_raw+fitness_screens,median,rank,15,0.0,25,attention_depth
incidental,17,407,81,0.3,0.19901719901719903,0.23929098966026588,expression_summary+expression_raw+fitness_screens,median,rank,15,0.0,25,attention_depth
focal,1,80,18,0.19148936170212766,0.225,0.2068965517241379,expression_summary+expression_raw+fitness_screens,median,rank,15,0.0,25,attention_depth
substantive,6,114,17,0.13076923076923078,0.14912280701754385,0.13934426229508198,expression_summary+expression_raw+fitness_screens,median,rank,15,0.0,60,attention_depth
incidental,5,464,341,0.26808176100628933,0.7349137931034483,0.3928571428571429,expression_summary+expression_raw+fitness_screens,median,rank,15,0.0,60,attention_depth
focal,6,79,19,0.14615384615384616,0.24050632911392406,0.18181818181818185,expression_summary+expression_raw+fitness_screens,median,rank,15,0.0,60,attention_depth
substantive,0,154,154,0.05695266272189349,1.0,0.10776766969909027,expression_summary+expression_raw+fitness_screens,median,rank,15,0.25,25,attention_depth
incidental,0,601,595,0.22004437869822485,0.9900166389351082,0.3600605143721634,expression_summary+expression_raw+fitness_screens,median,rank,15,0.25,25,attention_depth
focal,0,102,102,0.03772189349112426,1.0,0.07270135424091233,expression_summary+expression_raw+fitness_screens,median,rank,15,0.25,25,attention_depth
substantive,0,102,98,0.05903614457831325,0.9607843137254902,0.1112372304199773,expression_summary+expression_raw+fitness_screens,median,rank,15,0.25,60,attention_depth
incidental,0,387,369,0.22228915662650603,0.9534883720930233,0.3605276013678554,expression_summary+expression_raw+fitness_screens,median,rank,15,0.25,60,attention_depth
focal,0,73,71,0.0427710843373494,0.9726027397260274,0.08193883439122909,expression_summary+expression_raw+fitness_screens,median,rank,15,0.25,60,attention_depth
substantive,2,87,12,0.13636363636363635,0.13793103448275862,0.13714285714285712,expression_summary+expression_raw+fitness_screens,median,rank,50,0.0,25,attention_depth
incidental,13,359,87,0.20567375886524822,0.24233983286908078,0.22250639386189258,expression_summary+expression_raw+fitness_screens,median,rank,50,0.0,25,attention_depth
focal,2,71,17,0.19318181818181818,0.23943661971830985,0.2138364779874214,expression_summary+expression_raw+fitness_screens,median,rank,50,0.0,25,attention_depth
substantive,7,88,41,0.08506224066390042,0.4659090909090909,0.14385964912280702,expression_summary+expression_raw+fitness_screens,median,rank,50,0.0,60,attention_depth
incidental,7,375,163,0.3381742738589212,0.43466666666666665,0.38039673278879815,expression_summary+expression_raw+fitness_screens,median,rank,50,0.0,60,attention_depth
focal,4,64,19,0.17117117117117117,0.296875,0.21714285714285714,expression_summary+expression_raw+fitness_screens,median,rank,50,0.0,60,attention_depth
substantive,8,70,35,0.08883248730964467,0.5,0.15086206896551724,expression_summary+expression_raw+fitness_screens,median,rank,50,0.25,25,attention_depth
incidental,8,299,137,0.3477157360406091,0.45819397993311034,0.3953823953823954,expression_summary+expression_raw+fitness_screens,median,rank,50,0.25,25,attention_depth
focal,7,53,19,0.21348314606741572,0.3584905660377358,0.2676056338028169,expression_summary+expression_raw+fitness_screens,median,rank,50,0.25,25,attention_depth
substantive,0,130,125,0.056818181818181816,0.9615384615384616,0.1072961373390558,expression_summary+expression_raw+fitness_screens,median,rank,50,0.25,60,attention_depth
incidental,0,512,491,0.22318181818181818,0.958984375,0.36209439528023596,expression_summary+expression_raw+fitness_screens,median,rank,50,0.25,60,attention_depth
focal,0,85,83,0.03772727272727273,0.9764705882352941,0.07264770240700219,expression_summary+expression_raw+fitness_screens,median,rank,50,0.25,60,attention_depth
incidental,3,546,230,0.27413587604290823,0.42124542124542125,0.33212996389891697,expression_summary+expression_raw+published_screens,median,rank,15,0.0,25,attention_depth
substantive,3,146,65,0.07747318235995232,0.4452054794520548,0.13197969543147206,expression_summary+expression_raw+published_screens,median,rank,15,0.0,25,attention_depth
focal,15,86,21,0.1794871794871795,0.2441860465116279,0.2068965517241379,expression_summary+expression_raw+published_screens,median,rank,15,0.0,25,attention_depth
incidental,3,603,324,0.23410404624277456,0.5373134328358209,0.3261197785606442,expression_summary+expression_raw+published_screens,median,rank,15,0.0,60,attention_depth
substantive,1,157,64,0.07872078720787208,0.40764331210191085,0.13195876288659794,expression_summary+expression_raw+published_screens,median,rank,15,0.0,60,attention_depth
focal,3,102,68,0.049132947976878616,0.6666666666666666,0.09152086137281293,expression_summary+expression_raw+published_screens,median,rank,15,0.0,60,attention_depth
incidental,10,412,171,0.2835820895522388,0.41504854368932037,0.3369458128078818,expression_summary+expression_raw+published_screens,median,rank,15,0.25,25,attention_depth
substantive,13,107,22,0.12359550561797752,0.205607476635514,0.1543859649122807,expression_summary+expression_raw+published_screens,median,rank,15,0.25,25,attention_depth
focal,13,68,26,0.14606741573033707,0.38235294117647056,0.2113821138211382,expression_summary+expression_raw+published_screens,median,rank,15,0.25,25,attention_depth
incidental,2,342,194,0.23067776456599287,0.5672514619883041,0.32797971259509723,expression_summary+expression_raw+published_screens,median,rank,15,0.25,60,attention_depth
substantive,3,87,37,0.07240704500978473,0.42528735632183906,0.1237458193979933,expression_summary+expression_raw+published_screens,median,rank,15,0.25,60,attention_depth
focal,2,68,44,0.052318668252080855,0.6470588235294118,0.0968096809680968,expression_summary+expression_raw+published_screens,median,rank,15,0.25,60,attention_depth
incidental,8,434,120,0.25052192066805845,0.2764976958525346,0.2628696604600219,expression_summary+expression_raw+published_screens,median,rank,50,0.0,25,attention_depth
substantive,16,116,14,0.13592233009708737,0.1206896551724138,0.1278538812785388,expression_summary+expression_raw+published_screens,median,rank,50,0.0,25,attention_depth
focal,16,71,20,0.1941747572815534,0.28169014084507044,0.22988505747126436,expression_summary+expression_raw+published_screens,median,rank,50,0.0,25,attention_depth
incidental,4,478,191,0.27482014388489207,0.399581589958159,0.3256606990622336,expression_summary+expression_raw+published_screens,median,rank,50,0.0,60,attention_depth
substantive,4,119,54,0.0776978417266187,0.453781512605042,0.13267813267813267,expression_summary+expression_raw+published_screens,median,rank,50,0.0,60,attention_depth
focal,5,75,33,0.05602716468590832,0.44,0.09939759036144578,expression_summary+expression_raw+published_screens,median,rank,50,0.0,60,attention_depth
incidental,18,307,37,0.4567901234567901,0.12052117263843648,0.19072164948453607,expression_summary+expression_raw+published_screens,median,rank,50,0.25,25,attention_depth
substantive,14,72,12,0.125,0.16666666666666666,0.14285714285714288,expression_summary+expression_raw+published_screens,median,rank,50,0.25,25,attention_depth
focal,14,60,21,0.21875,0.35,0.2692307692307692,expression_summary+expression_raw+published_screens,median,rank,50,0.25,25,attention_depth
incidental,0,541,527,0.228831958315241,0.9741219963031423,0.37060478199718705,expression_summary+expression_raw+published_screens,median,rank,50,0.25,60,attention_depth
substantive,0,140,137,0.05948762483716891,0.9785714285714285,0.11215718379042162,expression_summary+expression_raw+published_screens,median,rank,50,0.25,60,attention_depth
focal,0,87,86,0.03734259661311333,0.9885057471264368,0.07196652719665272,expression_summary+expression_raw+published_screens,median,rank,50,0.25,60,attention_depth
incidental,8,611,242,0.28809523809523807,0.3960720130932897,0.3335630599586492,expression_summary+expression_raw+protein_features,median,rank,15,0.0,25,attention_depth
substantive,1,159,67,0.07378854625550661,0.42138364779874216,0.12558575445173384,expression_summary+expression_raw+protein_features,median,rank,15,0.0,25,attention_depth
focal,1,101,44,0.048458149779735685,0.43564356435643564,0.08721506442021805,expression_summary+expression_raw+protein_features,median,rank,15,0.0,25,attention_depth
incidental,3,614,252,0.2850678733031674,0.41042345276872966,0.3364485981308411,expression_summary+expression_raw+protein_features,median,rank,15,0.0,60,attention_depth
substantive,2,162,67,0.07378854625550661,0.41358024691358025,0.1252336448598131,expression_summary+expression_raw+protein_features,median,rank,15,0.0,60,attention_depth
focal,2,98,44,0.048458149779735685,0.4489795918367347,0.0874751491053678,expression_summary+expression_raw+protein_features,median,rank,15,0.0,60,attention_depth
incidental,6,564,237,0.2834928229665072,0.42021276595744683,0.3385714285714286,expression_summary+expression_raw+protein_features,median,rank,15,0.25,25,attention_depth
substantive,0,147,56,0.07161125319693094,0.38095238095238093,0.12055974165769644,expression_summary+expression_raw+protein_features,median,rank,15,0.25,25,attention_depth
focal,1,91,14,0.32558139534883723,0.15384615384615385,0.20895522388059704,expression_summary+expression_raw+protein_features,median,rank,15,0.25,25,attention_depth
incidental,0,568,377,0.25166889185580776,0.6637323943661971,0.36495643756050344,expression_summary+expression_raw+protein_features,median,rank,15,0.25,60,attention_depth
substantive,2,143,55,0.07313829787234043,0.38461538461538464,0.12290502793296089,expression_summary+expression_raw+protein_features,median,rank,15,0.25,60,attention_depth
focal,2,81,28,0.03723404255319149,0.345679012345679,0.06722689075630252,expression_summary+expression_raw+protein_features,median,rank,15,0.25,60,attention_depth
incidental,2,622,258,0.283205268935236,0.41479099678456594,0.33659491193737767,expression_summary+expression_raw+protein_features,median,rank,50,0.0,25,attention_depth
substantive,1,155,57,0.06850961538461539,0.36774193548387096,0.11550151975683892,expression_summary+expression_raw+protein_features,median,rank,50,0.0,25,attention_depth
focal,3,100,15,0.2727272727272727,0.15,0.19354838709677416,expression_summary+expression_raw+protein_features,median,rank,50,0.0,25,attention_depth
incidental,4,601,255,0.2836484983314794,0.4242928452579035,0.34,expression_summary+expression_raw+protein_features,median,rank,50,0.0,60,attention_depth
substantive,1,142,57,0.06842737094837935,0.4014084507042254,0.11692307692307691,expression_summary+expression_raw+protein_features,median,rank,50,0.0,60,attention_depth
focal,6,79,6,0.09523809523809523,0.0759493670886076,0.08450704225352113,expression_summary+expression_raw+protein_features,median,rank,50,0.0,60,attention_depth
incidental,7,525,216,0.2860927152317881,0.4114285714285714,0.3375,expression_summary+expression_raw+protein_features,median,rank,50,0.25,25,attention_depth
substantive,6,135,26,0.09285714285714286,0.1925925925925926,0.12530120481927712,expression_summary+expression_raw+protein_features,median,rank,50,0.25,25,attention_depth
focal,6,91,28,0.1,0.3076923076923077,0.15094339622641512,expression_summary+expression_raw+protein_features,median,rank,50,0.25,25,attention_depth
incidental,0,564,373,0.24883255503669113,0.6613475177304965,0.3616093068347067,expression_summary+expression_raw+protein_features,median,rank,50,0.25,60,attention_depth
substantive,1,143,55,0.07033248081841433,0.38461538461538464,0.11891891891891893,expression_summary+expression_raw+protein_features,median,rank,50,0.25,60,attention_depth
focal,0,92,64,0.04269513008672448,0.6956521739130435,0.08045254556882464,expression_summary+expression_raw+protein_features,median,rank,50,0.25,60,attention_depth
incidental,4,647,420,0.21439509954058192,0.6491499227202473,0.32233307751343054,expression_summary+expression_raw+interactions,median,rank,15,0.0,25,attention_depth
substantive,1,166,42,0.11290322580645161,0.25301204819277107,0.1561338289962825,expression_summary+expression_raw+interactions,median,rank,15,0.0,25,attention_depth
focal,0,105,13,0.11016949152542373,0.12380952380952381,0.11659192825112108,expression_summary+expression_raw+interactions,median,rank,15,0.0,25,attention_depth
incidental,7,596,262,0.2478713339640492,0.4395973154362416,0.31699939503932245,expression_summary+expression_raw+interactions,median,rank,15,0.0,60,attention_depth
substantive,1,148,42,0.11290322580645161,0.28378378378378377,0.16153846153846152,expression_summary+expression_raw+interactions,median,rank,15,0.0,60,attention_depth
focal,8,92,17,0.18681318681318682,0.18478260869565216,0.18579234972677594,expression_summary+expression_raw+interactions,median,rank,15,0.0,60,attention_depth
incidental,5,580,300,0.24793388429752067,0.5172413793103449,0.335195530726257,expression_summary+expression_raw+interactions,median,rank,15,0.25,25,attention_depth
substantive,1,144,42,0.11475409836065574,0.2916666666666667,0.16470588235294117,expression_summary+expression_raw+interactions,median,rank,15,0.25,25,attention_depth
focal,0,98,13,0.11206896551724138,0.1326530612244898,0.12149532710280375,expression_summary+expression_raw+interactions,median,rank,15,0.25,25,attention_depth
incidental,5,552,310,0.249396621078037,0.5615942028985508,0.3454038997214485,expression_summary+expression_raw+interactions,median,rank,15,0.25,60,attention_depth
substantive,1,145,38,0.12025316455696203,0.2620689655172414,0.16485900216919738,expression_summary+expression_raw+interactions,median,rank,15,0.25,60,attention_depth
focal,0,93,13,0.11504424778761062,0.13978494623655913,0.1262135922330097,expression_summary+expression_raw+interactions,median,rank,15,0.25,60,attention_depth
incidental,7,586,275,0.24336283185840707,0.46928327645051193,0.3205128205128205,expression_summary+expression_raw+interactions,median,rank,50,0.0,25,attention_depth
substantive,0,153,40,0.12012012012012012,0.26143790849673204,0.1646090534979424,expression_summary+expression_raw+interactions,median,rank,50,0.0,25,attention_depth
focal,6,104,28,0.19718309859154928,0.2692307692307692,0.2276422764227642,expression_summary+expression_raw+interactions,median,rank,50,0.0,25,attention_depth
incidental,5,595,289,0.24083333333333334,0.4857142857142857,0.3220055710306407,expression_summary+expression_raw+interactions,median,rank,50,0.0,60,attention_depth
substantive,1,153,40,0.12012012012012012,0.26143790849673204,0.1646090534979424,expression_summary+expression_raw+interactions,median,rank,50,0.0,60,attention_depth
focal,6,98,25,0.20161290322580644,0.25510204081632654,0.22522522522522523,expression_summary+expression_raw+interactions,median,rank,50,0.0,60,attention_depth
incidental,2,594,410,0.21376433785192908,0.6902356902356902,0.32643312101910826,expression_summary+expression_raw+interactions,median,rank,50,0.25,25,attention_depth
substantive,1,148,36,0.1157556270096463,0.24324324324324326,0.1568627450980392,expression_summary+expression_raw+interactions,median,rank,50,0.25,25,attention_depth
focal,0,97,13,0.11711711711711711,0.13402061855670103,0.125,expression_summary+expression_raw+interactions,median,rank,50,0.25,25,attention_depth
incidental,4,527,310,0.2440944881889764,0.5882352941176471,0.34501947690595436,expression_summary+expression_raw+interactions,median,rank,50,0.25,60,attention_depth
substantive,3,138,36,0.12903225806451613,0.2608695652173913,0.17266187050359713,expression_summary+expression_raw+interactions,median,rank,50,0.25,60,attention_depth
focal,1,88,13,0.12037037037037036,0.14772727272727273,0.13265306122448978,expression_summary+expression_raw+interactions,median,rank,50,0.25,60,attention_depth
incidental,1,645,636,0.21953745253710735,0.986046511627907,0.3591191417278374,expression_summary+fitness_screens+published_screens,median,rank,15,0.0,25,attention_depth
substantive,1,166,165,0.05695547117707974,0.9939759036144579,0.10773751224289911,expression_summary+fitness_screens+published_screens,median,rank,15,0.0,25,attention_depth
focal,1,105,105,0.03624439074905074,1.0,0.06995336442371751,expression_summary+fitness_screens+published_screens,median,rank,15,0.0,25,attention_depth
incidental,1,544,126,0.25557809330628806,0.23161764705882354,0.24300867888138866,expression_summary+fitness_screens+published_screens,median,rank,15,0.0,60,attention_depth
substantive,1,141,52,0.10547667342799188,0.36879432624113473,0.16403785488958988,expression_summary+fitness_screens+published_screens,median,rank,15,0.0,60,attention_depth
focal,1,82,29,0.058823529411764705,0.35365853658536583,0.1008695652173913,expression_summary+fitness_screens+published_screens,median,rank,15,0.0,60,attention_depth
incidental,2,574,563,0.2263771612384399,0.980836236933798,0.3678536426004574,expression_summary+fitness_screens+published_screens,median,rank,15,0.25,25,attention_depth
substantive,2,152,151,0.0607157217531162,0.993421052631579,0.11443728685107996,expression_summary+fitness_screens+published_screens,median,rank,15,0.25,25,attention_depth
focal,2,89,89,0.03578608765581021,1.0,0.06909937888198757,expression_summary+fitness_screens+published_screens,median,rank,15,0.25,25,attention_depth
incidental,0,363,183,0.273542600896861,0.5041322314049587,0.3546511627906977,expression_summary+fitness_screens+published_screens,median,rank,15,0.25,60,attention_depth
substantive,2,92,27,0.10150375939849623,0.29347826086956524,0.15083798882681565,expression_summary+fitness_screens+published_screens,median,rank,15,0.25,60,attention_depth
focal,2,50,15,0.05639097744360902,0.3,0.09493670886075949,expression_summary+fitness_screens+published_screens,median,rank,15,0.25,60,attention_depth
substantive,4,109,50,0.10351966873706005,0.45871559633027525,0.16891891891891891,expression_summary+fitness_screens+published_screens,median,rank,50,0.0,25,attention_depth
incidental,4,399,125,0.2587991718426501,0.3132832080200501,0.28344671201814065,expression_summary+fitness_screens+published_screens,median,rank,50,0.0,25,attention_depth
focal,4,72,30,0.062111801242236024,0.4166666666666667,0.10810810810810811,expression_summary+fitness_screens+published_screens,median,rank,50,0.0,25,attention_depth
substantive,4,131,46,0.11616161616161616,0.3511450381679389,0.174573055028463,expression_summary+fitness_screens+published_screens,median,rank,50,0.0,60,attention_depth
incidental,1,478,146,0.2813102119460501,0.3054393305439331,0.2928786359077232,expression_summary+fitness_screens+published_screens,median,rank,50,0.0,60,attention_depth
focal,4,75,25,0.06313131313131314,0.3333333333333333,0.10615711252653928,expression_summary+fitness_screens+published_screens,median,rank,50,0.0,60,attention_depth
substantive,3,134,60,0.07263922518159806,0.44776119402985076,0.12499999999999997,expression_summary+fitness_screens+published_screens,median,rank,50,0.25,25,attention_depth
incidental,3,511,220,0.26634382566585957,0.43052837573385516,0.32909498878085264,expression_summary+fitness_screens+published_screens,median,rank,50,0.25,25,attention_depth
focal,3,81,36,0.043583535108958835,0.4444444444444444,0.07938257993384784,expression_summary+fitness_screens+published_screens,median,rank,50,0.25,25,attention_depth
substantive,3,107,34,0.11971830985915492,0.3177570093457944,0.17391304347826086,expression_summary+fitness_screens+published_screens,median,rank,50,0.25,60,attention_depth
incidental,1,402,208,0.26700898587933247,0.5174129353233831,0.3522438611346317,expression_summary+fitness_screens+published_screens,median,rank,50,0.25,60,attention_depth
focal,3,62,19,0.06690140845070422,0.3064516129032258,0.10982658959537572,expression_summary+fitness_screens+published_screens,median,rank,50,0.25,60,attention_depth
incidental,0,635,410,0.24743512371756185,0.6456692913385826,0.3577661431064572,expression_summary+fitness_screens+protein_features,median,rank,15,0.0,25,attention_depth
substantive,1,164,66,0.0732519422863485,0.4024390243902439,0.12394366197183099,expression_summary+fitness_screens+protein_features,median,rank,15,0.0,25,attention_depth
focal,1,105,45,0.049944506104328525,0.42857142857142855,0.08946322067594434,expression_summary+fitness_screens+protein_features,median,rank,15,0.0,25,attention_depth
incidental,2,626,326,0.23436376707404744,0.5207667731629393,0.3232523549826475,expression_summary+fitness_screens+protein_features,median,rank,15,0.0,60,attention_depth
substantive,1,157,66,0.07317073170731707,0.42038216560509556,0.12464589235127478,expression_summary+fitness_screens+protein_features,median,rank,15,0.0,60,attention_depth
focal,1,99,45,0.04988913525498891,0.45454545454545453,0.08991008991008992,expression_summary+fitness_screens+protein_features,median,rank,15,0.0,60,attention_depth
incidental,0,434,169,0.21611253196930946,0.38940092165898615,0.2779605263157895,expression_summary+fitness_screens+protein_features,median,rank,15,0.25,25,attention_depth
substantive,0,118,61,0.07800511508951406,0.5169491525423728,0.13555555555555557,expression_summary+fitness_screens+protein_features,median,rank,15,0.25,25,attention_depth
focal,0,73,39,0.049872122762148335,0.5342465753424658,0.09122807017543859,expression_summary+fitness_screens+protein_features,median,rank,15,0.25,25,attention_depth
incidental,0,466,289,0.2396351575456053,0.6201716738197425,0.3456937799043062,expression_summary+fitness_screens+protein_features,median,rank,15,0.25,60,attention_depth
substantive,2,120,52,0.08783783783783784,0.43333333333333335,0.1460674157303371,expression_summary+fitness_screens+protein_features,median,rank,15,0.25,60,attention_depth
focal,2,66,25,0.04222972972972973,0.3787878787878788,0.07598784194528875,expression_summary+fitness_screens+protein_features,median,rank,15,0.25,60,attention_depth
incidental,1,612,334,0.23857142857142857,0.545751633986928,0.3320079522862823,expression_summary+fitness_screens+protein_features,median,rank,50,0.0,25,attention_depth
substantive,0,163,66,0.0744920993227991,0.4049079754601227,0.12583412774070543,expression_summary+fitness_screens+protein_features,median,rank,50,0.0,25,attention_depth
focal,0,100,44,0.04966139954853273,0.44,0.08924949290060852,expression_summary+fitness_screens+protein_features,median,rank,50,0.0,25,attention_depth
incidental,0,594,322,0.23834196891191708,0.5420875420875421,0.3311053984575836,expression_summary+fitness_screens+protein_features,median,rank,50,0.0,60,attention_depth
substantive,3,152,66,0.07866507747318235,0.4342105263157895,0.13319878910191724,expression_summary+fitness_screens+protein_features,median,rank,50,0.0,60,attention_depth
focal,3,97,42,0.050059594755661505,0.4329896907216495,0.08974358974358974,expression_summary+fitness_screens+protein_features,median,rank,50,0.0,60,attention_depth
incidental,4,461,247,0.25050709939148075,0.5357917570498916,0.34139599170698,expression_summary+fitness_screens+protein_features,median,rank,50,0.25,25,attention_depth
substantive,0,126,65,0.08586525759577279,0.5158730158730159,0.14722536806342015,expression_summary+fitness_screens+protein_features,median,rank,50,0.25,25,attention_depth
focal,0,79,39,0.05151915455746367,0.4936708860759494,0.09330143540669857,expression_summary+fitness_screens+protein_features,median,rank,50,0.25,25,attention_depth
incidental,0,426,249,0.2551229508196721,0.5845070422535211,0.35520684736091296,expression_summary+fitness_screens+protein_features,median,rank,50,0.25,60,attention_depth
substantive,1,110,59,0.09076923076923077,0.5363636363636364,0.15526315789473685,expression_summary+fitness_screens+protein_features,median,rank,50,0.25,60,attention_depth
focal,1,69,36,0.055384615384615386,0.5217391304347826,0.10013908205841447,expression_summary+fitness_screens+protein_features,median,rank,50,0.25,60,attention_depth
incidental,1,640,534,0.21274900398406374,0.834375,0.33904761904761904,expression_summary+fitness_screens+interactions,median,rank,15,0.0,25,attention_depth
substantive,3,166,34,0.13877551020408163,0.20481927710843373,0.1654501216545012,expression_summary+fitness_screens+interactions,median,rank,15,0.0,25,attention_depth
focal,0,105,18,0.14754098360655737,0.17142857142857143,0.15859030837004404,expression_summary+fitness_screens+interactions,median,rank,15,0.0,25,attention_depth
incidental,1,647,534,0.2128337983260263,0.8253477588871716,0.3384030418250951,expression_summary+fitness_screens+interactions,median,rank,15,0.0,60,attention_depth
substantive,2,166,40,0.10869565217391304,0.24096385542168675,0.149812734082397,expression_summary+fitness_screens+interactions,median,rank,15,0.0,60,attention_depth
focal,0,105,18,0.14754098360655737,0.17142857142857143,0.15859030837004404,expression_summary+fitness_screens+interactions,median,rank,15,0.0,60,attention_depth
incidental,4,497,296,0.20771929824561403,0.5955734406438632,0.3080124869927159,expression_summary+fitness_screens+interactions,median,rank,15,0.25,25,attention_depth
substantive,2,133,31,0.1409090909090909,0.23308270676691728,0.17563739376770535,expression_summary+fitness_screens+interactions,median,rank,15,0.25,25,attention_depth
focal,0,88,18,0.15,0.20454545454545456,0.17307692307692307,expression_summary+fitness_screens+interactions,median,rank,15,0.25,25,attention_depth
incidental,0,573,482,0.21701936064835659,0.8411867364746946,0.345025053686471,expression_summary+fitness_screens+interactions,median,rank,15,0.25,60,attention_depth
substantive,3,145,28,0.14507772020725387,0.19310344827586207,0.16568047337278105,expression_summary+fitness_screens+interactions,median,rank,15,0.25,60,attention_depth
focal,1,90,16,0.13559322033898305,0.17777777777777778,0.15384615384615385,expression_summary+fitness_screens+interactions,median,rank,15,0.25,60,attention_depth
incidental,5,565,311,0.24373040752351097,0.5504424778761062,0.3378598587724064,expression_summary+fitness_screens+interactions,median,rank,50,0.0,25,attention_depth
substantive,0,149,35,0.1440329218106996,0.2348993288590604,0.17857142857142858,expression_summary+fitness_screens+interactions,median,rank,50,0.0,25,attention_depth
focal,3,97,18,0.14516129032258066,0.18556701030927836,0.16289592760181,expression_summary+fitness_screens+interactions,median,rank,50,0.0,25,attention_depth
incidental,4,535,282,0.24736842105263157,0.5271028037383177,0.3367164179104477,expression_summary+fitness_screens+interactions,median,rank,50,0.0,60,attention_depth
substantive,0,140,40,0.11461318051575932,0.2857142857142857,0.16359918200408996,expression_summary+fitness_screens+interactions,median,rank,50,0.0,60,attention_depth
focal,2,85,18,0.14634146341463414,0.21176470588235294,0.17307692307692307,expression_summary+fitness_screens+interactions,median,rank,50,0.0,60,attention_depth
incidental,5,452,251,0.246078431372549,0.5553097345132744,0.3410326086956521,expression_summary+fitness_screens+interactions,median,rank,50,0.25,25,attention_depth
substantive,0,120,33,0.1527777777777778,0.275,0.19642857142857142,expression_summary+fitness_screens+interactions,median,rank,50,0.25,25,attention_depth
focal,3,73,16,0.1391304347826087,0.2191780821917808,0.17021276595744683,expression_summary+fitness_screens+interactions,median,rank,50,0.25,25,attention_depth
incidental,5,359,194,0.23122765196662692,0.5403899721448467,0.32387312186978295,expression_summary+fitness_screens+interactions,median,rank,50,0.25,60,attention_depth
substantive,1,101,29,0.16201117318435754,0.2871287128712871,0.20714285714285713,expression_summary+fitness_screens+interactions,median,rank,50,0.25,60,attention_depth
focal,2,55,14,0.12962962962962962,0.2545454545454545,0.17177914110429443,expression_summary+fitness_screens+interactions,median,rank,50,0.25,60,attention_depth
incidental,0,647,355,0.24365133836650651,0.5486862442040186,0.3374524714828897,expression_summary+published_screens+protein_features,median,rank,15,0.0,25,attention_depth
substantive,1,166,91,0.05897602073882048,0.5481927710843374,0.10649502633118783,expression_summary+published_screens+protein_features,median,rank,15,0.0,25,attention_depth
focal,0,105,55,0.03774879890185312,0.5238095238095238,0.0704225352112676,expression_summary+published_screens+protein_features,median,rank,15,0.0,25,attention_depth
incidental,0,647,355,0.24365133836650651,0.5486862442040186,0.3374524714828897,expression_summary+published_screens+protein_features,median,rank,15,0.0,60,attention_depth
substantive,1,166,91,0.05897602073882048,0.5481927710843374,0.10649502633118783,expression_summary+published_screens+protein_features,median,rank,15,0.0,60,attention_depth
focal,0,105,55,0.03774879890185312,0.5238095238095238,0.0704225352112676,expression_summary+published_screens+protein_features,median,rank,15,0.0,60,attention_depth
incidental,0,647,357,0.24351978171896316,0.5517774343122102,0.3379081874112636,expression_summary+published_screens+protein_features,median,rank,15,0.25,25,attention_depth
substantive,1,166,90,0.05867014341590613,0.5421686746987951,0.10588235294117647,expression_summary+published_screens+protein_features,median,rank,15,0.25,25,attention_depth
focal,0,105,55,0.03751705320600273,0.5238095238095238,0.07001909611712286,expression_summary+published_screens+protein_features,median,rank,15,0.25,25,attention_depth
incidental,0,647,357,0.24351978171896316,0.5517774343122102,0.3379081874112636,expression_summary+published_screens+protein_features,median,rank,15,0.25,60,attention_depth
substantive,1,166,90,0.05867014341590613,0.5421686746987951,0.10588235294117647,expression_summary+published_screens+protein_features,median,rank,15,0.25,60,attention_depth
focal,0,105,55,0.03751705320600273,0.5238095238095238,0.07001909611712286,expression_summary+published_screens+protein_features,median,rank,15,0.25,60,attention_depth
incidental,0,647,354,0.24246575342465754,0.5471406491499228,0.33602278120550544,expression_summary+published_screens+protein_features,median,rank,50,0.0,25,attention_depth
substantive,1,166,89,0.05779220779220779,0.536144578313253,0.10433763188745603,expression_summary+published_screens+protein_features,median,rank,50,0.0,25,attention_depth
focal,0,105,54,0.036986301369863014,0.5142857142857142,0.06900958466453673,expression_summary+published_screens+protein_features,median,rank,50,0.0,25,attention_depth
incidental,0,647,354,0.24246575342465754,0.5471406491499228,0.33602278120550544,expression_summary+published_screens+protein_features,median,rank,50,0.0,60,attention_depth
substantive,1,166,89,0.05779220779220779,0.536144578313253,0.10433763188745603,expression_summary+published_screens+protein_features,median,rank,50,0.0,60,attention_depth
focal,0,105,54,0.036986301369863014,0.5142857142857142,0.06900958466453673,expression_summary+published_screens+protein_features,median,rank,50,0.0,60,attention_depth
incidental,0,646,355,0.24265208475734792,0.5495356037151703,0.3366524419155998,expression_summary+published_screens+protein_features,median,rank,50,0.25,25,attention_depth
substantive,1,166,89,0.057942708333333336,0.536144578313253,0.1045828437132785,expression_summary+published_screens+protein_features,median,rank,50,0.25,25,attention_depth
focal,0,105,54,0.03691045796308954,0.5142857142857142,0.06887755102040816,expression_summary+published_screens+protein_features,median,rank,50,0.25,25,attention_depth
incidental,0,646,355,0.24281805745554036,0.5495356037151703,0.3368121442125237,expression_summary+published_screens+protein_features,median,rank,50,0.25,60,attention_depth
substantive,1,166,89,0.057942708333333336,0.536144578313253,0.1045828437132785,expression_summary+published_screens+protein_features,median,rank,50,0.25,60,attention_depth
focal,0,105,54,0.036935704514363885,0.5142857142857142,0.06892150606253988,expression_summary+published_screens+protein_features,median,rank,50,0.25,60,attention_depth
incidental,0,454,81,0.23478260869565218,0.17841409691629956,0.2027534418022528,expression_summary+published_screens+interactions,median,rank,15,0.0,25,attention_depth
focal,1,81,17,0.13934426229508196,0.20987654320987653,0.16748768472906403,expression_summary+published_screens+interactions,median,rank,15,0.0,25,attention_depth
substantive,0,126,40,0.11594202898550725,0.31746031746031744,0.16985138004246284,expression_summary+published_screens+interactions,median,rank,15,0.0,25,attention_depth
incidental,2,628,416,0.26032540675844806,0.6624203821656051,0.3737646001796945,expression_summary+published_screens+interactions,median,rank,15,0.0,60,attention_depth
substantive,0,163,40,0.11594202898550725,0.24539877300613497,0.15748031496062992,expression_summary+published_screens+interactions,median,rank,15,0.0,60,attention_depth
focal,1,102,17,0.13934426229508196,0.16666666666666666,0.15178571428571427,expression_summary+published_screens+interactions,median,rank,15,0.0,60,attention_depth
incidental,5,548,268,0.2476894639556377,0.48905109489051096,0.3288343558282209,expression_summary+published_screens+interactions,median,rank,15,0.25,25,attention_depth
substantive,1,133,37,0.11455108359133127,0.2781954887218045,0.16228070175438597,expression_summary+published_screens+interactions,median,rank,15,0.25,25,attention_depth
focal,0,92,17,0.14285714285714285,0.18478260869565216,0.16113744075829384,expression_summary+published_screens+interactions,median,rank,15,0.25,25,attention_depth
incidental,3,545,299,0.24093473005640612,0.5486238532110091,0.3348264277715566,expression_summary+published_screens+interactions,median,rank,15,0.25,60,attention_depth
substantive,4,136,34,0.11971830985915492,0.25,0.16190476190476188,expression_summary+published_screens+interactions,median,rank,15,0.25,60,attention_depth
focal,0,88,17,0.1440677966101695,0.19318181818181818,0.1650485436893204,expression_summary+published_screens+interactions,median,rank,15,0.25,60,attention_depth
incidental,2,638,349,0.2420249653259362,0.5470219435736677,0.33557692307692305,expression_summary+published_screens+interactions,median,rank,50,0.0,25,attention_depth
substantive,0,163,40,0.11428571428571428,0.24539877300613497,0.15594541910331383,expression_summary+published_screens+interactions,median,rank,50,0.0,25,attention_depth
focal,4,102,17,0.14049586776859505,0.16666666666666666,0.15246636771300448,expression_summary+published_screens+interactions,median,rank,50,0.0,25,attention_depth
incidental,2,629,347,0.2431674842326559,0.5516693163751988,0.33754863813229574,expression_summary+published_screens+interactions,median,rank,50,0.0,60,attention_depth
substantive,0,158,40,0.11428571428571428,0.25316455696202533,0.15748031496062995,expression_summary+published_screens+interactions,median,rank,50,0.0,60,attention_depth
focal,4,100,17,0.14285714285714285,0.17,0.15525114155251143,expression_summary+published_screens+interactions,median,rank,50,0.0,60,attention_depth
incidental,1,595,329,0.24244657332350775,0.5529411764705883,0.33709016393442626,expression_summary+published_screens+interactions,median,rank,50,0.25,25,attention_depth
substantive,2,137,34,0.10759493670886076,0.24817518248175183,0.1501103752759382,expression_summary+published_screens+interactions,median,rank,50,0.25,25,attention_depth
focal,4,94,16,0.14035087719298245,0.1702127659574468,0.15384615384615383,expression_summary+published_screens+interactions,median,rank,50,0.25,25,attention_depth
incidental,1,537,320,0.24006001500375093,0.595903165735568,0.3422459893048128,expression_summary+published_screens+interactions,median,rank,50,0.25,60,attention_depth
substantive,0,127,30,0.11070110701107011,0.23622047244094488,0.15075376884422112,expression_summary+published_screens+interactions,median,rank,50,0.25,60,attention_depth
focal,4,82,13,0.13978494623655913,0.15853658536585366,0.14857142857142855,expression_summary+published_screens+interactions,median,rank,50,0.25,60,attention_depth
incidental,11,586,120,0.32432432432432434,0.20477815699658702,0.2510460251046025,expression_summary+protein_features+interactions,median,rank,15,0.0,25,attention_depth
substantive,1,149,41,0.10621761658031088,0.2751677852348993,0.15327102803738318,expression_summary+protein_features+interactions,median,rank,15,0.0,25,attention_depth
focal,6,92,10,0.15384615384615385,0.10869565217391304,0.12738853503184713,expression_summary+protein_features+interactions,median,rank,15,0.0,25,attention_depth
incidental,0,647,342,0.25277161862527714,0.5285935085007728,0.3419999999999999,expression_summary+protein_features+interactions,median,rank,15,0.0,60,attention_depth
substantive,3,166,41,0.10621761658031088,0.2469879518072289,0.14855072463768115,expression_summary+protein_features+interactions,median,rank,15,0.0,60,attention_depth
focal,2,105,30,0.10204081632653061,0.2857142857142857,0.15037593984962405,expression_summary+protein_features+interactions,median,rank,15,0.0,60,attention_depth
incidental,1,647,342,0.25277161862527714,0.5285935085007728,0.3419999999999999,expression_summary+protein_features+interactions,median,rank,15,0.25,25,attention_depth
substantive,0,166,92,0.05886116442738324,0.5542168674698795,0.1064198958935801,expression_summary+protein_features+interactions,median,rank,15,0.25,25,attention_depth
focal,1,105,49,0.03621581670362158,0.4666666666666667,0.06721536351165981,expression_summary+protein_features+interactions,median,rank,15,0.25,25,attention_depth
incidental,1,639,334,0.25075075075075076,0.5226917057902973,0.33891425672247594,expression_summary+protein_features+interactions,median,rank,15,0.25,60,attention_depth
substantive,0,164,91,0.05825864276568502,0.5548780487804879,0.10544611819235226,expression_summary+protein_features+interactions,median,rank,15,0.25,60,attention_depth
focal,1,105,49,0.03678678678678678,0.4666666666666667,0.06819763395963813,expression_summary+protein_features+interactions,median,rank,15,0.25,60,attention_depth
incidental,0,640,340,0.25092250922509224,0.53125,0.3408521303258146,expression_summary+protein_features+interactions,median,rank,50,0.0,25,attention_depth
substantive,3,164,41,0.10817941952506596,0.25,0.15101289134438306,expression_summary+protein_features+interactions,median,rank,50,0.0,25,attention_depth
focal,4,105,17,0.12686567164179105,0.1619047619047619,0.14225941422594143,expression_summary+protein_features+interactions,median,rank,50,0.0,25,attention_depth
incidental,0,647,357,0.24722991689750692,0.5517774343122102,0.3414634146341463,expression_summary+protein_features+interactions,median,rank,50,0.0,60,attention_depth
substantive,1,166,90,0.05784061696658098,0.5421686746987951,0.10452961672473869,expression_summary+protein_features+interactions,median,rank,50,0.0,60,attention_depth
focal,0,105,52,0.036011080332409975,0.49523809523809526,0.0671400903808909,expression_summary+protein_features+interactions,median,rank,50,0.0,60,attention_depth
incidental,0,647,358,0.24792243767313019,0.5533230293663061,0.34241989478718315,expression_summary+protein_features+interactions,median,rank,50,0.25,25,attention_depth
substantive,1,166,90,0.05784061696658098,0.5421686746987951,0.10452961672473869,expression_summary+protein_features+interactions,median,rank,50,0.25,25,attention_depth
focal,0,105,52,0.036011080332409975,0.49523809523809526,0.0671400903808909,expression_summary+protein_features+interactions,median,rank,50,0.25,25,attention_depth
incidental,0,647,358,0.24792243767313019,0.5533230293663061,0.34241989478718315,expression_summary+protein_features+interactions,median,rank,50,0.25,60,attention_depth
substantive,1,166,90,0.05784061696658098,0.5421686746987951,0.10452961672473869,expression_summary+protein_features+interactions,median,rank,50,0.25,60,attention_depth
focal,0,105,52,0.036011080332409975,0.49523809523809526,0.0671400903808909,expression_summary+protein_features+interactions,median,rank,50,0.25,60,attention_depth
incidental,9,494,108,0.2109375,0.21862348178137653,0.2147117296222664,expression_raw+fitness_screens+published_screens,median,rank,15,0.0,25,attention_depth
substantive,2,120,11,0.1896551724137931,0.09166666666666666,0.12359550561797752,expression_raw+fitness_screens+published_screens,median,rank,15,0.0,25,attention_depth
focal,2,80,11,0.1896551724137931,0.1375,0.15942028985507245,expression_raw+fitness_screens+published_screens,median,rank,15,0.0,25,attention_depth
incidental,3,513,113,0.27427184466019416,0.2202729044834308,0.24432432432432433,expression_raw+fitness_screens+published_screens,median,rank,15,0.0,60,attention_depth
substantive,8,131,26,0.07975460122699386,0.1984732824427481,0.1137855579868709,expression_raw+fitness_screens+published_screens,median,rank,15,0.0,60,attention_depth
focal,8,86,19,0.05828220858895705,0.22093023255813954,0.09223300970873786,expression_raw+fitness_screens+published_screens,median,rank,15,0.0,60,attention_depth
incidental,0,590,581,0.21957671957671956,0.9847457627118644,0.3590852904820766,expression_raw+fitness_screens+published_screens,median,rank,15,0.25,25,attention_depth
substantive,0,149,148,0.055933484504913075,0.9932885906040269,0.10590339892665475,expression_raw+fitness_screens+published_screens,median,rank,15,0.25,25,attention_depth
focal,0,90,90,0.034013605442176874,1.0,0.06578947368421054,expression_raw+fitness_screens+published_screens,median,rank,15,0.25,25,attention_depth
incidental,0,316,120,0.2830188679245283,0.379746835443038,0.3243243243243244,expression_raw+fitness_screens+published_screens,median,rank,15,0.25,60,attention_depth
focal,0,42,20,0.04716981132075472,0.47619047619047616,0.08583690987124463,expression_raw+fitness_screens+published_screens,median,rank,15,0.25,60,attention_depth
substantive,0,70,29,0.06839622641509434,0.4142857142857143,0.11740890688259109,expression_raw+fitness_screens+published_screens,median,rank,15,0.25,60,attention_depth
substantive,1,106,13,0.12871287128712872,0.12264150943396226,0.12560386473429952,expression_raw+fitness_screens+published_screens,median,rank,50,0.0,25,attention_depth
incidental,12,456,88,0.22564102564102564,0.19298245614035087,0.20803782505910165,expression_raw+fitness_screens+published_screens,median,rank,50,0.0,25,attention_depth
focal,9,72,9,0.18,0.125,0.14754098360655737,expression_raw+fitness_screens+published_screens,median,rank,50,0.0,25,attention_depth
substantive,3,119,32,0.07111111111111111,0.2689075630252101,0.11247803163444639,expression_raw+fitness_screens+published_screens,median,rank,50,0.0,60,attention_depth
incidental,0,478,154,0.27402135231316727,0.32217573221757323,0.29615384615384616,expression_raw+fitness_screens+published_screens,median,rank,50,0.0,60,attention_depth
focal,5,71,15,0.050505050505050504,0.2112676056338028,0.08152173913043478,expression_raw+fitness_screens+published_screens,median,rank,50,0.0,60,attention_depth
substantive,9,88,7,0.25925925925925924,0.07954545454545454,0.12173913043478261,expression_raw+fitness_screens+published_screens,median,rank,50,0.25,25,attention_depth
incidental,2,395,127,0.29195402298850576,0.32151898734177214,0.3060240963855422,expression_raw+fitness_screens+published_screens,median,rank,50,0.25,25,attention_depth
focal,9,58,5,0.18518518518518517,0.08620689655172414,0.11764705882352942,expression_raw+fitness_screens+published_screens,median,rank,50,0.25,25,attention_depth
incidental,2,352,113,0.29658792650918636,0.3210227272727273,0.30832196452933147,expression_raw+fitness_screens+published_screens,median,rank,50,0.25,60,attention_depth
focal,2,50,18,0.047244094488188976,0.36,0.08352668213457076,expression_raw+fitness_screens+published_screens,median,rank,50,0.25,60,attention_depth
substantive,2,82,28,0.07349081364829396,0.34146341463414637,0.12095032397408208,expression_raw+fitness_screens+published_screens,median,rank,50,0.25,60,attention_depth
incidental,0,639,410,0.24893746205221615,0.6416275430359938,0.3587051618547682,expression_raw+fitness_screens+protein_features,median,rank,15,0.0,25,attention_depth
substantive,3,165,59,0.06789413118527042,0.3575757575757576,0.11411992263056091,expression_raw+fitness_screens+protein_features,median,rank,15,0.0,25,attention_depth
focal,0,104,66,0.04007285974499089,0.6346153846153846,0.07538549400342662,expression_raw+fitness_screens+protein_features,median,rank,15,0.0,25,attention_depth
incidental,0,630,410,0.24893746205221615,0.6507936507936508,0.36012296881862105,expression_raw+fitness_screens+protein_features,median,rank,15,0.0,60,attention_depth
substantive,1,155,59,0.06541019955654102,0.38064516129032255,0.11163670766319773,expression_raw+fitness_screens+protein_features,median,rank,15,0.0,60,attention_depth
focal,0,101,66,0.04007285974499089,0.6534653465346535,0.07551487414187642,expression_raw+fitness_screens+protein_features,median,rank,15,0.0,60,attention_depth
incidental,7,443,126,0.2781456953642384,0.28442437923250563,0.28125,expression_raw+fitness_screens+protein_features,median,rank,15,0.25,25,attention_depth
substantive,0,115,10,0.3225806451612903,0.08695652173913043,0.136986301369863,expression_raw+fitness_screens+protein_features,median,rank,15,0.25,25,attention_depth
focal,7,61,17,0.037527593818984545,0.2786885245901639,0.06614785992217899,expression_raw+fitness_screens+protein_features,median,rank,15,0.25,25,attention_depth
incidental,0,502,331,0.24962292609351433,0.6593625498007968,0.362144420131291,expression_raw+fitness_screens+protein_features,median,rank,15,0.25,60,attention_depth
substantive,1,122,52,0.07152682255845942,0.4262295081967213,0.12249705535924615,expression_raw+fitness_screens+protein_features,median,rank,15,0.25,60,attention_depth
focal,0,70,45,0.033936651583710405,0.6428571428571429,0.06446991404011461,expression_raw+fitness_screens+protein_features,median,rank,15,0.25,60,attention_depth
incidental,7,442,166,0.2842465753424658,0.3755656108597285,0.32358674463937626,expression_raw+fitness_screens+protein_features,median,rank,50,0.0,25,attention_depth
substantive,9,117,18,0.13333333333333333,0.15384615384615385,0.14285714285714288,expression_raw+fitness_screens+protein_features,median,rank,50,0.0,25,attention_depth
focal,9,66,10,0.07407407407407407,0.15151515151515152,0.09950248756218905,expression_raw+fitness_screens+protein_features,median,rank,50,0.0,25,attention_depth
incidental,2,573,336,0.2518740629685157,0.5863874345549738,0.3523859465128474,expression_raw+fitness_screens+protein_features,median,rank,50,0.0,60,attention_depth
substantive,1,140,60,0.06825938566552901,0.42857142857142855,0.11776251226692835,expression_raw+fitness_screens+protein_features,median,rank,50,0.0,60,attention_depth
focal,2,86,55,0.04122938530734633,0.6395348837209303,0.07746478873239437,expression_raw+fitness_screens+protein_features,median,rank,50,0.0,60,attention_depth
incidental,0,549,333,0.2470326409495549,0.6065573770491803,0.35108065366367947,expression_raw+fitness_screens+protein_features,median,rank,50,0.25,25,attention_depth
substantive,5,135,54,0.07209612817089453,0.4,0.12217194570135748,expression_raw+fitness_screens+protein_features,median,rank,50,0.25,25,attention_depth
focal,0,80,50,0.037091988130563795,0.625,0.0700280112044818,expression_raw+fitness_screens+protein_features,median,rank,50,0.25,25,attention_depth
incidental,0,499,316,0.24591439688715952,0.6332665330661322,0.3542600896860986,expression_raw+fitness_screens+protein_features,median,rank,50,0.25,60,attention_depth
substantive,1,120,53,0.07076101468624833,0.44166666666666665,0.12197928653624857,expression_raw+fitness_screens+protein_features,median,rank,50,0.25,60,attention_depth
focal,0,75,47,0.036575875486381325,0.6266666666666667,0.06911764705882353,expression_raw+fitness_screens+protein_features,median,rank,50,0.25,60,attention_depth
incidental,3,622,358,0.24042981867024849,0.5755627009646302,0.3391757460918996,expression_raw+fitness_screens+interactions,median,rank,15,0.0,25,attention_depth
substantive,7,154,26,0.13,0.16883116883116883,0.14689265536723164,expression_raw+fitness_screens+interactions,median,rank,15,0.0,25,attention_depth
focal,1,101,14,0.12173913043478261,0.13861386138613863,0.12962962962962965,expression_raw+fitness_screens+interactions,median,rank,15,0.0,25,attention_depth
incidental,1,636,358,0.24042981867024849,0.5628930817610063,0.3369411764705882,expression_raw+fitness_screens+interactions,median,rank,15,0.0,60,attention_depth
substantive,5,163,39,0.11271676300578035,0.2392638036809816,0.1532416502946955,expression_raw+fitness_screens+interactions,median,rank,15,0.0,60,attention_depth
focal,3,105,14,0.12173913043478261,0.13333333333333333,0.1272727272727273,expression_raw+fitness_screens+interactions,median,rank,15,0.0,60,attention_depth
incidental,2,571,330,0.2357142857142857,0.5779334500875657,0.334855403348554,expression_raw+fitness_screens+interactions,median,rank,15,0.25,25,attention_depth
substantive,4,139,33,0.11743772241992882,0.23741007194244604,0.15714285714285714,expression_raw+fitness_screens+interactions,median,rank,15,0.25,25,attention_depth
focal,1,90,14,0.12280701754385964,0.15555555555555556,0.13725490196078433,expression_raw+fitness_screens+interactions,median,rank,15,0.25,25,attention_depth
incidental,4,525,313,0.23099630996309964,0.5961904761904762,0.33297872340425533,expression_raw+fitness_screens+interactions,median,rank,15,0.25,60,attention_depth
substantive,0,133,35,0.11705685618729098,0.2631578947368421,0.16203703703703706,expression_raw+fitness_screens+interactions,median,rank,15,0.25,60,attention_depth
focal,2,88,12,0.11320754716981132,0.13636363636363635,0.12371134020618556,expression_raw+fitness_screens+interactions,median,rank,15,0.25,60,attention_depth
incidental,0,629,351,0.23959044368600682,0.5580286168521462,0.33524355300859604,expression_raw+fitness_screens+interactions,median,rank,50,0.0,25,attention_depth
substantive,5,158,35,0.11290322580645161,0.22151898734177214,0.14957264957264957,expression_raw+fitness_screens+interactions,median,rank,50,0.0,25,attention_depth
focal,2,100,14,0.1206896551724138,0.14,0.12962962962962962,expression_raw+fitness_screens+interactions,median,rank,50,0.0,25,attention_depth
incidental,3,614,350,0.23989033584647018,0.5700325732899023,0.3376748673420164,expression_raw+fitness_screens+interactions,median,rank,50,0.0,60,attention_depth
substantive,0,151,35,0.11217948717948718,0.23178807947019867,0.1511879049676026,expression_raw+fitness_screens+interactions,median,rank,50,0.0,60,attention_depth
focal,5,99,14,0.12389380530973451,0.1414141414141414,0.1320754716981132,expression_raw+fitness_screens+interactions,median,rank,50,0.0,60,attention_depth
incidental,0,560,327,0.2350826743350108,0.5839285714285715,0.3352127114300359,expression_raw+fitness_screens+interactions,median,rank,50,0.25,25,attention_depth
substantive,2,140,32,0.11721611721611722,0.22857142857142856,0.1549636803874092,expression_raw+fitness_screens+interactions,median,rank,50,0.25,25,attention_depth
focal,3,88,14,0.12727272727272726,0.1590909090909091,0.1414141414141414,expression_raw+fitness_screens+interactions,median,rank,50,0.25,25,attention_depth
incidental,2,503,310,0.23343373493975902,0.6163021868787276,0.33861277990169303,expression_raw+fitness_screens+interactions,median,rank,50,0.25,60,attention_depth
substantive,1,127,31,0.1225296442687747,0.2440944881889764,0.16315789473684209,expression_raw+fitness_screens+interactions,median,rank,50,0.25,60,attention_depth
focal,3,84,13,0.12380952380952381,0.15476190476190477,0.1375661375661376,expression_raw+fitness_screens+interactions,median,rank,50,0.25,60,attention_depth
incidental,0,647,355,0.24687065368567454,0.5486862442040186,0.3405275779376499,expression_raw+published_screens+protein_features,median,rank,15,0.0,25,attention_depth
substantive,1,166,88,0.056338028169014086,0.5301204819277109,0.10185185185185185,expression_raw+published_screens+protein_features,median,rank,15,0.0,25,attention_depth
focal,0,105,55,0.03824756606397774,0.5238095238095238,0.0712896953985742,expression_raw+published_screens+protein_features,median,rank,15,0.0,25,attention_depth
incidental,0,647,355,0.24687065368567454,0.5486862442040186,0.3405275779376499,expression_raw+published_screens+protein_features,median,rank,15,0.0,60,attention_depth
substantive,1,166,88,0.056338028169014086,0.5301204819277109,0.10185185185185185,expression_raw+published_screens+protein_features,median,rank,15,0.0,60,attention_depth
focal,0,105,55,0.03824756606397774,0.5238095238095238,0.0712896953985742,expression_raw+published_screens+protein_features,median,rank,15,0.0,60,attention_depth
incidental,0,544,343,0.2444761225944405,0.6305147058823529,0.35233692860811505,expression_raw+published_screens+protein_features,median,rank,15,0.25,25,attention_depth
substantive,4,129,14,0.10606060606060606,0.10852713178294573,0.10727969348659004,expression_raw+published_screens+protein_features,median,rank,15,0.25,25,attention_depth
focal,0,77,54,0.03848895224518888,0.7012987012987013,0.07297297297297298,expression_raw+published_screens+protein_features,median,rank,15,0.25,25,attention_depth
incidental,0,639,353,0.24565066109951286,0.5524256651017214,0.3400770712909441,expression_raw+published_screens+protein_features,median,rank,15,0.25,60,attention_depth
substantive,1,160,83,0.05525965379494008,0.51875,0.09987966305655835,expression_raw+published_screens+protein_features,median,rank,15,0.25,60,attention_depth
focal,0,96,55,0.038274182324286705,0.5729166666666666,0.07175472928897586,expression_raw+published_screens+protein_features,median,rank,15,0.25,60,attention_depth
incidental,0,647,355,0.2438186813186813,0.5486862442040186,0.33761293390394675,expression_raw+published_screens+protein_features,median,rank,50,0.0,25,attention_depth
substantive,1,166,88,0.05699481865284974,0.5301204819277109,0.10292397660818714,expression_raw+published_screens+protein_features,median,rank,50,0.0,25,attention_depth
focal,0,105,54,0.03708791208791209,0.5142857142857142,0.06918641896220372,expression_raw+published_screens+protein_features,median,rank,50,0.0,25,attention_depth
incidental,0,647,355,0.2438186813186813,0.5486862442040186,0.33761293390394675,expression_raw+published_screens+protein_features,median,rank,50,0.0,60,attention_depth
substantive,1,166,88,0.05699481865284974,0.5301204819277109,0.10292397660818714,expression_raw+published_screens+protein_features,median,rank,50,0.0,60,attention_depth
focal,0,105,54,0.03708791208791209,0.5142857142857142,0.06918641896220372,expression_raw+published_screens+protein_features,median,rank,50,0.0,60,attention_depth
incidental,0,640,355,0.2465277777777778,0.5546875,0.3413461538461538,expression_raw+published_screens+protein_features,median,rank,50,0.25,25,attention_depth
substantive,1,158,81,0.05371352785145889,0.5126582278481012,0.09723889555822328,expression_raw+published_screens+protein_features,median,rank,50,0.25,25,attention_depth
focal,0,96,56,0.03888888888888889,0.5833333333333334,0.07291666666666667,expression_raw+published_screens+protein_features,median,rank,50,0.25,25,attention_depth
incidental,0,643,355,0.2458448753462604,0.552099533437014,0.34020124580737904,expression_raw+published_screens+protein_features,median,rank,50,0.25,60,attention_depth
substantive,0,157,77,0.05332409972299169,0.49044585987261147,0.09618988132417239,expression_raw+published_screens+protein_features,median,rank,50,0.25,60,attention_depth
focal,0,95,56,0.038781163434903045,0.5894736842105263,0.07277452891487979,expression_raw+published_screens+protein_features,median,rank,50,0.25,60,attention_depth
incidental,8,557,74,0.26714801444043323,0.13285457809694792,0.17745803357314147,expression_raw+published_screens+interactions,median,rank,15,0.0,25,attention_depth
substantive,0,146,39,0.11271676300578035,0.2671232876712329,0.1585365853658537,expression_raw+published_screens+interactions,median,rank,15,0.0,25,attention_depth
focal,2,86,17,0.13821138211382114,0.19767441860465115,0.16267942583732056,expression_raw+published_screens+interactions,median,rank,15,0.0,25,attention_depth
incidental,3,636,357,0.2395973154362416,0.5613207547169812,0.33584195672624645,expression_raw+published_screens+interactions,median,rank,15,0.0,60,attention_depth
substantive,0,166,39,0.11271676300578035,0.23493975903614459,0.15234375,expression_raw+published_screens+interactions,median,rank,15,0.0,60,attention_depth
focal,2,105,17,0.13821138211382114,0.1619047619047619,0.14912280701754388,expression_raw+published_screens+interactions,median,rank,15,0.0,60,attention_depth
incidental,4,581,287,0.24198988195615515,0.4939759036144578,0.32484436898698354,expression_raw+published_screens+interactions,median,rank,15,0.25,25,attention_depth
substantive,1,144,38,0.11838006230529595,0.2638888888888889,0.16344086021505377,expression_raw+published_screens+interactions,median,rank,15,0.25,25,attention_depth
focal,0,85,13,0.11818181818181818,0.15294117647058825,0.13333333333333336,expression_raw+published_screens+interactions,median,rank,15,0.25,25,attention_depth
incidental,3,586,342,0.23983169705469845,0.5836177474402731,0.3399602385685885,expression_raw+published_screens+interactions,median,rank,15,0.25,60,attention_depth
substantive,0,143,35,0.11363636363636363,0.24475524475524477,0.15521064301552107,expression_raw+published_screens+interactions,median,rank,15,0.25,60,attention_depth
focal,2,92,9,0.09278350515463918,0.09782608695652174,0.09523809523809525,expression_raw+published_screens+interactions,median,rank,15,0.25,60,attention_depth
incidental,2,635,356,0.239247311827957,0.5606299212598426,0.335374470089496,expression_raw+published_screens+interactions,median,rank,50,0.0,25,attention_depth
substantive,1,158,38,0.11377245508982035,0.24050632911392406,0.15447154471544713,expression_raw+published_screens+interactions,median,rank,50,0.0,25,attention_depth
focal,4,100,13,0.11926605504587157,0.13,0.1244019138755981,expression_raw+published_screens+interactions,median,rank,50,0.0,25,attention_depth
incidental,2,645,356,0.239247311827957,0.5519379844961241,0.33380215658696677,expression_raw+published_screens+interactions,median,rank,50,0.0,60,attention_depth
substantive,1,165,38,0.11377245508982035,0.23030303030303031,0.1523046092184369,expression_raw+published_screens+interactions,median,rank,50,0.0,60,attention_depth
focal,3,105,24,0.07894736842105263,0.22857142857142856,0.11735941320293397,expression_raw+published_screens+interactions,median,rank,50,0.0,60,attention_depth
incidental,3,596,332,0.2374821173104435,0.5570469798657718,0.33299899699097285,expression_raw+published_screens+interactions,median,rank,50,0.25,25,attention_depth
substantive,0,149,37,0.1189710610932476,0.2483221476510067,0.16086956521739132,expression_raw+published_screens+interactions,median,rank,50,0.25,25,attention_depth
focal,2,94,13,0.12037037037037036,0.13829787234042554,0.12871287128712872,expression_raw+published_screens+interactions,median,rank,50,0.25,25,attention_depth
incidental,1,546,327,0.2357606344628695,0.5989010989010989,0.3383341955509571,expression_raw+published_screens+interactions,median,rank,50,0.25,60,attention_depth
substantive,0,140,34,0.11683848797250859,0.24285714285714285,0.15777262180974477,expression_raw+published_screens+interactions,median,rank,50,0.25,60,attention_depth
focal,2,88,11,0.10784313725490197,0.125,0.11578947368421053,expression_raw+published_screens+interactions,median,rank,50,0.25,60,attention_depth
incidental,7,615,209,0.27356020942408377,0.33983739837398375,0.30311820159535896,expression_raw+protein_features+interactions,median,rank,15,0.0,25,attention_depth
substantive,1,152,41,0.1105121293800539,0.26973684210526316,0.15678776290630975,expression_raw+protein_features+interactions,median,rank,15,0.0,25,attention_depth
focal,9,89,10,0.15151515151515152,0.11235955056179775,0.12903225806451613,expression_raw+protein_features+interactions,median,rank,15,0.0,25,attention_depth
incidental,0,621,342,0.252212389380531,0.5507246376811594,0.34597875569044,expression_raw+protein_features+interactions,median,rank,15,0.0,60,attention_depth
substantive,2,158,41,0.1105121293800539,0.25949367088607594,0.15500945179584122,expression_raw+protein_features+interactions,median,rank,15,0.0,60,attention_depth
focal,3,93,19,0.07011070110701106,0.20430107526881722,0.1043956043956044,expression_raw+protein_features+interactions,median,rank,15,0.0,60,attention_depth
incidental,1,644,331,0.2555984555984556,0.5139751552795031,0.3414130995358432,expression_raw+protein_features+interactions,median,rank,15,0.25,25,attention_depth
substantive,0,165,90,0.058027079303675046,0.5454545454545454,0.10489510489510488,expression_raw+protein_features+interactions,median,rank,15,0.25,25,attention_depth
focal,1,105,49,0.03783783783783784,0.4666666666666667,0.07,expression_raw+protein_features+interactions,median,rank,15,0.25,25,attention_depth
incidental,1,631,332,0.2553846153846154,0.526148969889065,0.3438632832729156,expression_raw+protein_features+interactions,median,rank,15,0.25,60,attention_depth
substantive,0,162,88,0.05732899022801303,0.5432098765432098,0.10371243370654094,expression_raw+protein_features+interactions,median,rank,15,0.25,60,attention_depth
focal,1,103,50,0.038461538461538464,0.4854368932038835,0.07127583749109054,expression_raw+protein_features+interactions,median,rank,15,0.25,60,attention_depth
incidental,13,557,203,0.27358490566037735,0.3644524236983842,0.3125481139337952,expression_raw+protein_features+interactions,median,rank,50,0.0,25,attention_depth
substantive,8,143,14,0.32558139534883723,0.0979020979020979,0.15053763440860216,expression_raw+protein_features+interactions,median,rank,50,0.0,25,attention_depth
focal,2,81,12,0.09836065573770492,0.14814814814814814,0.11822660098522167,expression_raw+protein_features+interactions,median,rank,50,0.0,25,attention_depth
incidental,0,647,368,0.24848075624577987,0.5687789799072643,0.3458646616541353,expression_raw+protein_features+interactions,median,rank,50,0.0,60,attention_depth
substantive,1,166,87,0.05727452271231073,0.5240963855421686,0.10326409495548962,expression_raw+protein_features+interactions,median,rank,50,0.0,60,attention_depth
focal,0,105,54,0.03646185010128292,0.5142857142857142,0.06809583858764187,expression_raw+protein_features+interactions,median,rank,50,0.0,60,attention_depth
incidental,0,647,368,0.24848075624577987,0.5687789799072643,0.3458646616541353,expression_raw+protein_features+interactions,median,rank,50,0.25,25,attention_depth
substantive,1,166,87,0.05727452271231073,0.5240963855421686,0.10326409495548962,expression_raw+protein_features+interactions,median,rank,50,0.25,25,attention_depth
focal,0,105,54,0.03646185010128292,0.5142857142857142,0.06809583858764187,expression_raw+protein_features+interactions,median,rank,50,0.25,25,attention_depth
incidental,0,647,368,0.24848075624577987,0.5687789799072643,0.3458646616541353,expression_raw+protein_features+interactions,median,rank,50,0.25,60,attention_depth
substantive,1,166,87,0.05727452271231073,0.5240963855421686,0.10326409495548962,expression_raw+protein_features+interactions,median,rank,50,0.25,60,attention_depth
focal,0,105,54,0.03646185010128292,0.5142857142857142,0.06809583858764187,expression_raw+protein_features+interactions,median,rank,50,0.25,60,attention_depth
incidental,0,647,352,0.2463261021693492,0.5440494590417311,0.33911368015414256,fitness_screens+published_screens+protein_features,median,rank,15,0.0,25,attention_depth
substantive,0,166,79,0.055283414975507345,0.4759036144578313,0.09905956112852665,fitness_screens+published_screens+protein_features,median,rank,15,0.0,25,attention_depth
focal,0,105,55,0.03848845346396081,0.5238095238095238,0.07170795306388528,fitness_screens+published_screens+protein_features,median,rank,15,0.0,25,attention_depth
incidental,0,647,356,0.24300341296928327,0.5502318392581144,0.3371212121212121,fitness_screens+published_screens+protein_features,median,rank,15,0.0,60,attention_depth
substantive,1,166,86,0.056026058631921824,0.5180722891566265,0.1011169900058789,fitness_screens+published_screens+protein_features,median,rank,15,0.0,60,attention_depth
focal,0,105,55,0.03754266211604096,0.5238095238095238,0.07006369426751592,fitness_screens+published_screens+protein_features,median,rank,15,0.0,60,attention_depth
substantive,3,152,57,0.06025369978858351,0.375,0.10382513661202185,fitness_screens+published_screens+protein_features,median,rank,15,0.25,25,attention_depth
incidental,0,605,354,0.24313186813186813,0.5851239669421487,0.3435225618631732,fitness_screens+published_screens+protein_features,median,rank,15,0.25,25,attention_depth
focal,0,91,53,0.036401098901098904,0.5824175824175825,0.06851971557853911,fitness_screens+published_screens+protein_features,median,rank,15,0.25,25,attention_depth
incidental,0,639,353,0.24445983379501385,0.5524256651017214,0.33893422947671625,fitness_screens+published_screens+protein_features,median,rank,15,0.25,60,attention_depth
substantive,1,164,85,0.056553559547571526,0.5182926829268293,0.10197960407918416,fitness_screens+published_screens+protein_features,median,rank,15,0.25,60,attention_depth
focal,0,100,54,0.037396121883656507,0.54,0.06994818652849741,fitness_screens+published_screens+protein_features,median,rank,15,0.25,60,attention_depth
incidental,0,647,356,0.24201223657375934,0.5502318392581144,0.336166194523135,fitness_screens+published_screens+protein_features,median,rank,50,0.0,25,attention_depth
substantive,1,166,86,0.05624591236102027,0.5180722891566265,0.1014749262536873,fitness_screens+published_screens+protein_features,median,rank,50,0.0,25,attention_depth
focal,0,105,55,0.037389530931339225,0.5238095238095238,0.06979695431472081,fitness_screens+published_screens+protein_features,median,rank,50,0.0,25,attention_depth
incidental,0,647,356,0.24201223657375934,0.5502318392581144,0.336166194523135,fitness_screens+published_screens+protein_features,median,rank,50,0.0,60,attention_depth
substantive,1,166,86,0.05624591236102027,0.5180722891566265,0.1014749262536873,fitness_screens+published_screens+protein_features,median,rank,50,0.0,60,attention_depth
focal,0,105,55,0.037389530931339225,0.5238095238095238,0.06979695431472081,fitness_screens+published_screens+protein_features,median,rank,50,0.0,60,attention_depth
incidental,0,644,355,0.2438186813186813,0.5512422360248447,0.33809523809523806,fitness_screens+published_screens+protein_features,median,rank,50,0.25,25,attention_depth
substantive,1,166,86,0.05714285714285714,0.5180722891566265,0.10293237582286056,fitness_screens+published_screens+protein_features,median,rank,50,0.25,25,attention_depth
focal,0,103,54,0.03708791208791209,0.5242718446601942,0.06927517639512508,fitness_screens+published_screens+protein_features,median,rank,50,0.25,25,attention_depth
incidental,0,640,354,0.24481327800829875,0.553125,0.3394055608820709,fitness_screens+published_screens+protein_features,median,rank,50,0.25,60,attention_depth
substantive,1,163,84,0.055408970976253295,0.5153374233128835,0.10005955926146515,fitness_screens+published_screens+protein_features,median,rank,50,0.25,60,attention_depth
focal,0,104,55,0.03803596127247579,0.5288461538461539,0.07096774193548387,fitness_screens+published_screens+protein_features,median,rank,50,0.25,60,attention_depth
incidental,2,643,401,0.26858673811118555,0.6236391912908242,0.37546816479400746,fitness_screens+published_screens+interactions,median,rank,15,0.0,25,attention_depth
substantive,0,165,37,0.09438775510204081,0.22424242424242424,0.13285457809694795,fitness_screens+published_screens+interactions,median,rank,15,0.0,25,attention_depth
focal,1,104,16,0.13675213675213677,0.15384615384615385,0.14479638009049775,fitness_screens+published_screens+interactions,median,rank,15,0.0,25,attention_depth
incidental,3,638,401,0.2687667560321716,0.6285266457680251,0.37652582159624415,fitness_screens+published_screens+interactions,median,rank,15,0.0,60,attention_depth
substantive,0,166,37,0.09438775510204081,0.22289156626506024,0.13261648745519714,fitness_screens+published_screens+interactions,median,rank,15,0.0,60,attention_depth
focal,1,103,16,0.13675213675213677,0.1553398058252427,0.14545454545454548,fitness_screens+published_screens+interactions,median,rank,15,0.0,60,attention_depth
incidental,3,564,394,0.2665764546684709,0.6985815602836879,0.385896180215475,fitness_screens+published_screens+interactions,median,rank,15,0.25,25,attention_depth
substantive,4,138,35,0.1023391812865497,0.2536231884057971,0.14583333333333331,fitness_screens+published_screens+interactions,median,rank,15,0.25,25,attention_depth
focal,1,86,15,0.13157894736842105,0.1744186046511628,0.15,fitness_screens+published_screens+interactions,median,rank,15,0.25,25,attention_depth
incidental,2,485,346,0.2623199393479909,0.7134020618556701,0.3835920177383592,fitness_screens+published_screens+interactions,median,rank,15,0.25,60,attention_depth
substantive,0,115,26,0.0959409594095941,0.22608695652173913,0.13471502590673576,fitness_screens+published_screens+interactions,median,rank,15,0.25,60,attention_depth
focal,1,69,7,0.10606060606060606,0.10144927536231885,0.1037037037037037,fitness_screens+published_screens+interactions,median,rank,15,0.25,60,attention_depth
substantive,5,118,20,0.09389671361502347,0.1694915254237288,0.12084592145015104,fitness_screens+published_screens+interactions,median,rank,50,0.0,25,attention_depth
focal,0,70,7,0.25,0.1,0.14285714285714288,fitness_screens+published_screens+interactions,median,rank,50,0.0,25,attention_depth
incidental,12,481,95,0.22144522144522144,0.19750519750519752,0.2087912087912088,fitness_screens+published_screens+interactions,median,rank,50,0.0,25,attention_depth
incidental,2,576,392,0.25554106910039115,0.6805555555555556,0.37156398104265403,fitness_screens+published_screens+interactions,median,rank,50,0.0,60,attention_depth
substantive,0,152,34,0.09444444444444444,0.2236842105263158,0.1328125,fitness_screens+published_screens+interactions,median,rank,50,0.0,60,attention_depth
focal,1,83,9,0.10112359550561797,0.10843373493975904,0.10465116279069768,fitness_screens+published_screens+interactions,median,rank,50,0.0,60,attention_depth
substantive,6,92,18,0.1005586592178771,0.1956521739130435,0.13284132841328417,fitness_screens+published_screens+interactions,median,rank,50,0.25,25,attention_depth
focal,5,52,6,0.13953488372093023,0.11538461538461539,0.12631578947368421,fitness_screens+published_screens+interactions,median,rank,50,0.25,25,attention_depth
incidental,9,358,83,0.29432624113475175,0.23184357541899442,0.259375,fitness_screens+published_screens+interactions,median,rank,50,0.25,25,attention_depth
substantive,0,106,31,0.10801393728222997,0.29245283018867924,0.15776081424936386,fitness_screens+published_screens+interactions,median,rank,50,0.25,60,attention_depth
incidental,1,442,321,0.2533543804262036,0.7262443438914027,0.37565827969572846,fitness_screens+published_screens+interactions,median,rank,50,0.25,60,attention_depth
focal,1,54,43,0.03393843725335438,0.7962962962962963,0.06510219530658591,fitness_screens+published_screens+interactions,median,rank,50,0.25,60,attention_depth
incidental,6,526,55,0.38461538461538464,0.10456273764258556,0.16442451420029894,fitness_screens+protein_features+interactions,median,rank,15,0.0,25,attention_depth
substantive,7,144,14,0.23333333333333334,0.09722222222222222,0.13725490196078433,fitness_screens+protein_features+interactions,median,rank,15,0.0,25,attention_depth
focal,5,88,15,0.11627906976744186,0.17045454545454544,0.13824884792626727,fitness_screens+protein_features+interactions,median,rank,15,0.0,25,attention_depth
incidental,0,647,369,0.24915597569209993,0.5703245749613601,0.3468045112781955,fitness_screens+protein_features+interactions,median,rank,15,0.0,60,attention_depth
substantive,1,166,89,0.05859117840684661,0.536144578313253,0.1056379821958457,fitness_screens+protein_features+interactions,median,rank,15,0.0,60,attention_depth
focal,0,105,52,0.035111411208642807,0.49523809523809526,0.06557377049180327,fitness_screens+protein_features+interactions,median,rank,15,0.0,60,attention_depth
incidental,0,647,369,0.24915597569209993,0.5703245749613601,0.3468045112781955,fitness_screens+protein_features+interactions,median,rank,15,0.25,25,attention_depth
substantive,1,166,89,0.05859117840684661,0.536144578313253,0.1056379821958457,fitness_screens+protein_features+interactions,median,rank,15,0.25,25,attention_depth
focal,0,105,52,0.035111411208642807,0.49523809523809526,0.06557377049180327,fitness_screens+protein_features+interactions,median,rank,15,0.25,25,attention_depth
incidental,0,647,369,0.24915597569209993,0.5703245749613601,0.3468045112781955,fitness_screens+protein_features+interactions,median,rank,15,0.25,60,attention_depth
substantive,1,166,89,0.05859117840684661,0.536144578313253,0.1056379821958457,fitness_screens+protein_features+interactions,median,rank,15,0.25,60,attention_depth
focal,0,105,52,0.035111411208642807,0.49523809523809526,0.06557377049180327,fitness_screens+protein_features+interactions,median,rank,15,0.25,60,attention_depth
incidental,0,647,360,0.24793388429752067,0.5564142194744977,0.3430204859456884,fitness_screens+protein_features+interactions,median,rank,50,0.0,25,attention_depth
substantive,1,166,89,0.05749354005167959,0.536144578313253,0.10385064177362893,fitness_screens+protein_features+interactions,median,rank,50,0.0,25,attention_depth
focal,0,105,52,0.03581267217630854,0.49523809523809526,0.06679511881824021,fitness_screens+protein_features+interactions,median,rank,50,0.0,25,attention_depth
incidental,0,647,360,0.24793388429752067,0.5564142194744977,0.3430204859456884,fitness_screens+protein_features+interactions,median,rank,50,0.0,60,attention_depth
substantive,1,166,89,0.05749354005167959,0.536144578313253,0.10385064177362893,fitness_screens+protein_features+interactions,median,rank,50,0.0,60,attention_depth
focal,0,105,52,0.03581267217630854,0.49523809523809526,0.06679511881824021,fitness_screens+protein_features+interactions,median,rank,50,0.0,60,attention_depth
incidental,0,647,368,0.24848075624577987,0.5687789799072643,0.3458646616541353,fitness_screens+protein_features+interactions,median,rank,50,0.25,25,attention_depth
substantive,1,166,89,0.05859117840684661,0.536144578313253,0.1056379821958457,fitness_screens+protein_features+interactions,median,rank,50,0.25,25,attention_depth
focal,0,105,52,0.035111411208642807,0.49523809523809526,0.06557377049180327,fitness_screens+protein_features+interactions,median,rank,50,0.25,25,attention_depth
incidental,0,647,368,0.24848075624577987,0.5687789799072643,0.3458646616541353,fitness_screens+protein_features+interactions,median,rank,50,0.25,60,attention_depth
substantive,1,166,89,0.05859117840684661,0.536144578313253,0.1056379821958457,fitness_screens+protein_features+interactions,median,rank,50,0.25,60,attention_depth
focal,0,105,52,0.035111411208642807,0.49523809523809526,0.06557377049180327,fitness_screens+protein_features+interactions,median,rank,50,0.25,60,attention_depth
incidental,1,594,206,0.2696335078534031,0.3468013468013468,0.30338733431516934,published_screens+protein_features+interactions,median,rank,15,0.0,25,attention_depth
substantive,14,148,12,0.18461538461538463,0.08108108108108109,0.11267605633802817,published_screens+protein_features+interactions,median,rank,15,0.0,25,attention_depth
focal,0,92,26,0.06701030927835051,0.2826086956521739,0.10833333333333334,published_screens+protein_features+interactions,median,rank,15,0.0,25,attention_depth
incidental,3,647,206,0.2696335078534031,0.31839258114374036,0.2919914953933381,published_screens+protein_features+interactions,median,rank,15,0.0,60,attention_depth
substantive,0,166,90,0.05772931366260423,0.5421686746987951,0.10434782608695652,published_screens+protein_features+interactions,median,rank,15,0.0,60,attention_depth
focal,2,105,26,0.06701030927835051,0.24761904761904763,0.10547667342799188,published_screens+protein_features+interactions,median,rank,15,0.0,60,attention_depth
incidental,0,647,353,0.24496877168632894,0.5455950540958269,0.3381226053639847,published_screens+protein_features+interactions,median,rank,15,0.25,25,attention_depth
substantive,1,166,90,0.05772931366260423,0.5421686746987951,0.10434782608695652,published_screens+protein_features+interactions,median,rank,15,0.25,25,attention_depth
focal,1,105,55,0.03527902501603592,0.5238095238095238,0.06610576923076922,published_screens+protein_features+interactions,median,rank,15,0.25,25,attention_depth
incidental,0,647,353,0.24496877168632894,0.5455950540958269,0.3381226053639847,published_screens+protein_features+interactions,median,rank,15,0.25,60,attention_depth
substantive,1,166,90,0.05772931366260423,0.5421686746987951,0.10434782608695652,published_screens+protein_features+interactions,median,rank,15,0.25,60,attention_depth
focal,1,105,55,0.03527902501603592,0.5238095238095238,0.06610576923076922,published_screens+protein_features+interactions,median,rank,15,0.25,60,attention_depth
incidental,0,603,294,0.18809980806142035,0.48756218905472637,0.27146814404432135,published_screens+protein_features+interactions,median,rank,50,0.0,25,attention_depth
substantive,0,155,90,0.05758157389635317,0.5806451612903226,0.10477299185098951,published_screens+protein_features+interactions,median,rank,50,0.0,25,attention_depth
focal,2,101,25,0.06631299734748011,0.24752475247524752,0.10460251046025107,published_screens+protein_features+interactions,median,rank,50,0.0,25,attention_depth
incidental,0,647,353,0.24565066109951286,0.5455950540958269,0.33877159309021115,published_screens+protein_features+interactions,median,rank,50,0.0,60,attention_depth
substantive,1,166,90,0.05758157389635317,0.5421686746987951,0.10410641989589357,published_screens+protein_features+interactions,median,rank,50,0.0,60,attention_depth
focal,0,105,51,0.03549060542797495,0.4857142857142857,0.06614785992217899,published_screens+protein_features+interactions,median,rank,50,0.0,60,attention_depth
incidental,0,647,353,0.2454798331015299,0.5455950540958269,0.3386091127098321,published_screens+protein_features+interactions,median,rank,50,0.25,25,attention_depth
substantive,1,166,89,0.056978233034571064,0.536144578313253,0.10300925925925926,published_screens+protein_features+interactions,median,rank,50,0.25,25,attention_depth
focal,0,105,51,0.03546592489568846,0.4857142857142857,0.06610499027867789,published_screens+protein_features+interactions,median,rank,50,0.25,25,attention_depth
incidental,0,647,353,0.2454798331015299,0.5455950540958269,0.3386091127098321,published_screens+protein_features+interactions,median,rank,50,0.25,60,attention_depth
substantive,1,166,89,0.056978233034571064,0.536144578313253,0.10300925925925926,published_screens+protein_features+interactions,median,rank,50,0.25,60,attention_depth
focal,0,105,51,0.03546592489568846,0.4857142857142857,0.06610499027867789,published_screens+protein_features+interactions,median,rank,50,0.25,60,attention_depth
