slot,query,order,query_url,status,hit_count,retained,truncated,error
Tg_transcription_tachyzoite,"TITLE_ABS:""Toxoplasma gondii"" AND TITLE_ABS:(""RNA-seq"" OR ""transcriptome"" OR ""transcriptomic"" OR ""microarray"" OR ""scRNA-seq"")",CITED desc,https://www.ebi.ac.uk/europepmc/webservices/rest/search?query=TITLE_ABS%3A%22Toxoplasma+gondii%22+AND+TITLE_ABS%3A%28%22RNA-seq%22+OR+%22transcriptome%22+OR+%22transcriptomic%22+OR+%22microarray%22+OR+%22scRNA-seq%22%29+sort_cited%3Ay&format=json&resultType=core&pageSize=10,ok,363,10,True,
Tg_transcription_tachyzoite,"TITLE_ABS:""Toxoplasma gondii"" AND TITLE_ABS:(""RNA-seq"" OR ""transcriptome"" OR ""transcriptomic"" OR ""microarray"" OR ""scRNA-seq"")",FIRST_PDATE desc,https://www.ebi.ac.uk/europepmc/webservices/rest/search?query=TITLE_ABS%3A%22Toxoplasma+gondii%22+AND+TITLE_ABS%3A%28%22RNA-seq%22+OR+%22transcriptome%22+OR+%22transcriptomic%22+OR+%22microarray%22+OR+%22scRNA-seq%22%29+sort_date%3Ay&format=json&resultType=core&pageSize=10,ok,363,10,True,
Tg_transcription_bradyzoite_tissue_cyst,"TITLE_ABS:""Toxoplasma gondii"" AND TITLE_ABS:(""RNA-seq"" OR ""transcriptome"" OR ""transcriptomic"" OR ""microarray"" OR ""scRNA-seq"") AND TITLE_ABS:""bradyzoite""",CITED desc,https://www.ebi.ac.uk/europepmc/webservices/rest/search?query=TITLE_ABS%3A%22Toxoplasma+gondii%22+AND+TITLE_ABS%3A%28%22RNA-seq%22+OR+%22transcriptome%22+OR+%22transcriptomic%22+OR+%22microarray%22+OR+%22scRNA-seq%22%29+AND+TITLE_ABS%3A%22bradyzoite%22+sort_cited%3Ay&format=json&resultType=core&pageSize=10,ok,49,10,True,
Tg_transcription_bradyzoite_tissue_cyst,"TITLE_ABS:""Toxoplasma gondii"" AND TITLE_ABS:(""RNA-seq"" OR ""transcriptome"" OR ""transcriptomic"" OR ""microarray"" OR ""scRNA-seq"") AND TITLE_ABS:""bradyzoite""",FIRST_PDATE desc,https://www.ebi.ac.uk/europepmc/webservices/rest/search?query=TITLE_ABS%3A%22Toxoplasma+gondii%22+AND+TITLE_ABS%3A%28%22RNA-seq%22+OR+%22transcriptome%22+OR+%22transcriptomic%22+OR+%22microarray%22+OR+%22scRNA-seq%22%29+AND+TITLE_ABS%3A%22bradyzoite%22+sort_date%3Ay&format=json&resultType=core&pageSize=10,ok,49,10,True,
Tg_transcription_oocyst_sporozoite,"TITLE_ABS:""Toxoplasma gondii"" AND TITLE_ABS:(""RNA-seq"" OR ""transcriptome"" OR ""transcriptomic"" OR ""microarray"" OR ""scRNA-seq"")",CITED desc,https://www.ebi.ac.uk/europepmc/webservices/rest/search?query=TITLE_ABS%3A%22Toxoplasma+gondii%22+AND+TITLE_ABS%3A%28%22RNA-seq%22+OR+%22transcriptome%22+OR+%22transcriptomic%22+OR+%22microarray%22+OR+%22scRNA-seq%22%29+sort_cited%3Ay&format=json&resultType=core&pageSize=10,ok,363,10,True,
Tg_transcription_oocyst_sporozoite,"TITLE_ABS:""Toxoplasma gondii"" AND TITLE_ABS:(""RNA-seq"" OR ""transcriptome"" OR ""transcriptomic"" OR ""microarray"" OR ""scRNA-seq"")",FIRST_PDATE desc,https://www.ebi.ac.uk/europepmc/webservices/rest/search?query=TITLE_ABS%3A%22Toxoplasma+gondii%22+AND+TITLE_ABS%3A%28%22RNA-seq%22+OR+%22transcriptome%22+OR+%22transcriptomic%22+OR+%22microarray%22+OR+%22scRNA-seq%22%29+sort_date%3Ay&format=json&resultType=core&pageSize=10,ok,363,10,True,
Tg_transcription_merozoite,"TITLE_ABS:""Toxoplasma gondii"" AND TITLE_ABS:(""RNA-seq"" OR ""transcriptome"" OR ""transcriptomic"" OR ""microarray"" OR ""scRNA-seq"") AND TITLE_ABS:""merozoite""",CITED desc,https://www.ebi.ac.uk/europepmc/webservices/rest/search?query=TITLE_ABS%3A%22Toxoplasma+gondii%22+AND+TITLE_ABS%3A%28%22RNA-seq%22+OR+%22transcriptome%22+OR+%22transcriptomic%22+OR+%22microarray%22+OR+%22scRNA-seq%22%29+AND+TITLE_ABS%3A%22merozoite%22+sort_cited%3Ay&format=json&resultType=core&pageSize=10,ok,9,9,False,
Tg_transcription_merozoite,"TITLE_ABS:""Toxoplasma gondii"" AND TITLE_ABS:(""RNA-seq"" OR ""transcriptome"" OR ""transcriptomic"" OR ""microarray"" OR ""scRNA-seq"") AND TITLE_ABS:""merozoite""",FIRST_PDATE desc,https://www.ebi.ac.uk/europepmc/webservices/rest/search?query=TITLE_ABS%3A%22Toxoplasma+gondii%22+AND+TITLE_ABS%3A%28%22RNA-seq%22+OR+%22transcriptome%22+OR+%22transcriptomic%22+OR+%22microarray%22+OR+%22scRNA-seq%22%29+AND+TITLE_ABS%3A%22merozoite%22+sort_date%3Ay&format=json&resultType=core&pageSize=10,ok,9,9,False,
Tg_transcription_sexual_stages,"TITLE_ABS:""Toxoplasma gondii"" AND TITLE_ABS:(""RNA-seq"" OR ""transcriptome"" OR ""transcriptomic"" OR ""microarray"" OR ""scRNA-seq"")",CITED desc,https://www.ebi.ac.uk/europepmc/webservices/rest/search?query=TITLE_ABS%3A%22Toxoplasma+gondii%22+AND+TITLE_ABS%3A%28%22RNA-seq%22+OR+%22transcriptome%22+OR+%22transcriptomic%22+OR+%22microarray%22+OR+%22scRNA-seq%22%29+sort_cited%3Ay&format=json&resultType=core&pageSize=10,ok,363,10,True,
Tg_transcription_sexual_stages,"TITLE_ABS:""Toxoplasma gondii"" AND TITLE_ABS:(""RNA-seq"" OR ""transcriptome"" OR ""transcriptomic"" OR ""microarray"" OR ""scRNA-seq"")",FIRST_PDATE desc,https://www.ebi.ac.uk/europepmc/webservices/rest/search?query=TITLE_ABS%3A%22Toxoplasma+gondii%22+AND+TITLE_ABS%3A%28%22RNA-seq%22+OR+%22transcriptome%22+OR+%22transcriptomic%22+OR+%22microarray%22+OR+%22scRNA-seq%22%29+sort_date%3Ay&format=json&resultType=core&pageSize=10,ok,363,10,True,
Tg_transcription_per_cell_cycle_phase,"TITLE_ABS:""Toxoplasma gondii"" AND TITLE_ABS:(""RNA-seq"" OR ""transcriptome"" OR ""transcriptomic"" OR ""microarray"" OR ""scRNA-seq"")",CITED desc,https://www.ebi.ac.uk/europepmc/webservices/rest/search?query=TITLE_ABS%3A%22Toxoplasma+gondii%22+AND+TITLE_ABS%3A%28%22RNA-seq%22+OR+%22transcriptome%22+OR+%22transcriptomic%22+OR+%22microarray%22+OR+%22scRNA-seq%22%29+sort_cited%3Ay&format=json&resultType=core&pageSize=10,ok,363,10,True,
Tg_transcription_per_cell_cycle_phase,"TITLE_ABS:""Toxoplasma gondii"" AND TITLE_ABS:(""RNA-seq"" OR ""transcriptome"" OR ""transcriptomic"" OR ""microarray"" OR ""scRNA-seq"")",FIRST_PDATE desc,https://www.ebi.ac.uk/europepmc/webservices/rest/search?query=TITLE_ABS%3A%22Toxoplasma+gondii%22+AND+TITLE_ABS%3A%28%22RNA-seq%22+OR+%22transcriptome%22+OR+%22transcriptomic%22+OR+%22microarray%22+OR+%22scRNA-seq%22%29+sort_date%3Ay&format=json&resultType=core&pageSize=10,ok,363,10,True,
Tg_transcription_in_naive_macrophage,"TITLE_ABS:""Toxoplasma gondii"" AND TITLE_ABS:(""RNA-seq"" OR ""transcriptome"" OR ""transcriptomic"" OR ""microarray"" OR ""scRNA-seq"")",CITED desc,https://www.ebi.ac.uk/europepmc/webservices/rest/search?query=TITLE_ABS%3A%22Toxoplasma+gondii%22+AND+TITLE_ABS%3A%28%22RNA-seq%22+OR+%22transcriptome%22+OR+%22transcriptomic%22+OR+%22microarray%22+OR+%22scRNA-seq%22%29+sort_cited%3Ay&format=json&resultType=core&pageSize=10,ok,363,10,True,
Tg_transcription_in_naive_macrophage,"TITLE_ABS:""Toxoplasma gondii"" AND TITLE_ABS:(""RNA-seq"" OR ""transcriptome"" OR ""transcriptomic"" OR ""microarray"" OR ""scRNA-seq"")",FIRST_PDATE desc,https://www.ebi.ac.uk/europepmc/webservices/rest/search?query=TITLE_ABS%3A%22Toxoplasma+gondii%22+AND+TITLE_ABS%3A%28%22RNA-seq%22+OR+%22transcriptome%22+OR+%22transcriptomic%22+OR+%22microarray%22+OR+%22scRNA-seq%22%29+sort_date%3Ay&format=json&resultType=core&pageSize=10,ok,363,10,True,
Tg_transcription_in_ifn_gamma_macrophage,"TITLE_ABS:""Toxoplasma gondii"" AND TITLE_ABS:(""RNA-seq"" OR ""transcriptome"" OR ""transcriptomic"" OR ""microarray"" OR ""scRNA-seq"")",CITED desc,https://www.ebi.ac.uk/europepmc/webservices/rest/search?query=TITLE_ABS%3A%22Toxoplasma+gondii%22+AND+TITLE_ABS%3A%28%22RNA-seq%22+OR+%22transcriptome%22+OR+%22transcriptomic%22+OR+%22microarray%22+OR+%22scRNA-seq%22%29+sort_cited%3Ay&format=json&resultType=core&pageSize=10,ok,363,10,True,
Tg_transcription_in_ifn_gamma_macrophage,"TITLE_ABS:""Toxoplasma gondii"" AND TITLE_ABS:(""RNA-seq"" OR ""transcriptome"" OR ""transcriptomic"" OR ""microarray"" OR ""scRNA-seq"")",FIRST_PDATE desc,https://www.ebi.ac.uk/europepmc/webservices/rest/search?query=TITLE_ABS%3A%22Toxoplasma+gondii%22+AND+TITLE_ABS%3A%28%22RNA-seq%22+OR+%22transcriptome%22+OR+%22transcriptomic%22+OR+%22microarray%22+OR+%22scRNA-seq%22%29+sort_date%3Ay&format=json&resultType=core&pageSize=10,ok,363,10,True,
Tg_transcription_in_vivo_brain_acute,"TITLE_ABS:""Toxoplasma gondii"" AND TITLE_ABS:(""RNA-seq"" OR ""transcriptome"" OR ""transcriptomic"" OR ""microarray"" OR ""scRNA-seq"")",CITED desc,https://www.ebi.ac.uk/europepmc/webservices/rest/search?query=TITLE_ABS%3A%22Toxoplasma+gondii%22+AND+TITLE_ABS%3A%28%22RNA-seq%22+OR+%22transcriptome%22+OR+%22transcriptomic%22+OR+%22microarray%22+OR+%22scRNA-seq%22%29+sort_cited%3Ay&format=json&resultType=core&pageSize=10,ok,363,10,True,
Tg_transcription_in_vivo_brain_acute,"TITLE_ABS:""Toxoplasma gondii"" AND TITLE_ABS:(""RNA-seq"" OR ""transcriptome"" OR ""transcriptomic"" OR ""microarray"" OR ""scRNA-seq"")",FIRST_PDATE desc,https://www.ebi.ac.uk/europepmc/webservices/rest/search?query=TITLE_ABS%3A%22Toxoplasma+gondii%22+AND+TITLE_ABS%3A%28%22RNA-seq%22+OR+%22transcriptome%22+OR+%22transcriptomic%22+OR+%22microarray%22+OR+%22scRNA-seq%22%29+sort_date%3Ay&format=json&resultType=core&pageSize=10,ok,363,10,True,
Tg_transcription_in_vivo_brain_chronic,"TITLE_ABS:""Toxoplasma gondii"" AND TITLE_ABS:(""RNA-seq"" OR ""transcriptome"" OR ""transcriptomic"" OR ""microarray"" OR ""scRNA-seq"")",CITED desc,https://www.ebi.ac.uk/europepmc/webservices/rest/search?query=TITLE_ABS%3A%22Toxoplasma+gondii%22+AND+TITLE_ABS%3A%28%22RNA-seq%22+OR+%22transcriptome%22+OR+%22transcriptomic%22+OR+%22microarray%22+OR+%22scRNA-seq%22%29+sort_cited%3Ay&format=json&resultType=core&pageSize=10,ok,363,10,True,
Tg_transcription_in_vivo_brain_chronic,"TITLE_ABS:""Toxoplasma gondii"" AND TITLE_ABS:(""RNA-seq"" OR ""transcriptome"" OR ""transcriptomic"" OR ""microarray"" OR ""scRNA-seq"")",FIRST_PDATE desc,https://www.ebi.ac.uk/europepmc/webservices/rest/search?query=TITLE_ABS%3A%22Toxoplasma+gondii%22+AND+TITLE_ABS%3A%28%22RNA-seq%22+OR+%22transcriptome%22+OR+%22transcriptomic%22+OR+%22microarray%22+OR+%22scRNA-seq%22%29+sort_date%3Ay&format=json&resultType=core&pageSize=10,ok,363,10,True,
Tg_transcription_purified_bradyzoite_in_vivo,"TITLE_ABS:""Toxoplasma gondii"" AND TITLE_ABS:(""RNA-seq"" OR ""transcriptome"" OR ""transcriptomic"" OR ""microarray"" OR ""scRNA-seq"")",CITED desc,https://www.ebi.ac.uk/europepmc/webservices/rest/search?query=TITLE_ABS%3A%22Toxoplasma+gondii%22+AND+TITLE_ABS%3A%28%22RNA-seq%22+OR+%22transcriptome%22+OR+%22transcriptomic%22+OR+%22microarray%22+OR+%22scRNA-seq%22%29+sort_cited%3Ay&format=json&resultType=core&pageSize=10,ok,363,10,True,
Tg_transcription_purified_bradyzoite_in_vivo,"TITLE_ABS:""Toxoplasma gondii"" AND TITLE_ABS:(""RNA-seq"" OR ""transcriptome"" OR ""transcriptomic"" OR ""microarray"" OR ""scRNA-seq"")",FIRST_PDATE desc,https://www.ebi.ac.uk/europepmc/webservices/rest/search?query=TITLE_ABS%3A%22Toxoplasma+gondii%22+AND+TITLE_ABS%3A%28%22RNA-seq%22+OR+%22transcriptome%22+OR+%22transcriptomic%22+OR+%22microarray%22+OR+%22scRNA-seq%22%29+sort_date%3Ay&format=json&resultType=core&pageSize=10,ok,363,10,True,
Tg_transcription_primary_brain_cell_differentiation_time_course,"TITLE_ABS:""Toxoplasma gondii"" AND TITLE_ABS:(""RNA-seq"" OR ""transcriptome"" OR ""transcriptomic"" OR ""microarray"" OR ""scRNA-seq"")",CITED desc,https://www.ebi.ac.uk/europepmc/webservices/rest/search?query=TITLE_ABS%3A%22Toxoplasma+gondii%22+AND+TITLE_ABS%3A%28%22RNA-seq%22+OR+%22transcriptome%22+OR+%22transcriptomic%22+OR+%22microarray%22+OR+%22scRNA-seq%22%29+sort_cited%3Ay&format=json&resultType=core&pageSize=10,ok,363,10,True,
Tg_transcription_primary_brain_cell_differentiation_time_course,"TITLE_ABS:""Toxoplasma gondii"" AND TITLE_ABS:(""RNA-seq"" OR ""transcriptome"" OR ""transcriptomic"" OR ""microarray"" OR ""scRNA-seq"")",FIRST_PDATE desc,https://www.ebi.ac.uk/europepmc/webservices/rest/search?query=TITLE_ABS%3A%22Toxoplasma+gondii%22+AND+TITLE_ABS%3A%28%22RNA-seq%22+OR+%22transcriptome%22+OR+%22transcriptomic%22+OR+%22microarray%22+OR+%22scRNA-seq%22%29+sort_date%3Ay&format=json&resultType=core&pageSize=10,ok,363,10,True,
Tg_transcription_under_stress_conversion,"TITLE_ABS:""Toxoplasma gondii"" AND TITLE_ABS:(""RNA-seq"" OR ""transcriptome"" OR ""transcriptomic"" OR ""microarray"" OR ""scRNA-seq"")",CITED desc,https://www.ebi.ac.uk/europepmc/webservices/rest/search?query=TITLE_ABS%3A%22Toxoplasma+gondii%22+AND+TITLE_ABS%3A%28%22RNA-seq%22+OR+%22transcriptome%22+OR+%22transcriptomic%22+OR+%22microarray%22+OR+%22scRNA-seq%22%29+sort_cited%3Ay&format=json&resultType=core&pageSize=10,ok,363,10,True,
Tg_transcription_under_stress_conversion,"TITLE_ABS:""Toxoplasma gondii"" AND TITLE_ABS:(""RNA-seq"" OR ""transcriptome"" OR ""transcriptomic"" OR ""microarray"" OR ""scRNA-seq"")",FIRST_PDATE desc,https://www.ebi.ac.uk/europepmc/webservices/rest/search?query=TITLE_ABS%3A%22Toxoplasma+gondii%22+AND+TITLE_ABS%3A%28%22RNA-seq%22+OR+%22transcriptome%22+OR+%22transcriptomic%22+OR+%22microarray%22+OR+%22scRNA-seq%22%29+sort_date%3Ay&format=json&resultType=core&pageSize=10,ok,363,10,True,
Tg_transcription_extracellular_lytic_stress,"TITLE_ABS:""Toxoplasma gondii"" AND TITLE_ABS:(""RNA-seq"" OR ""transcriptome"" OR ""transcriptomic"" OR ""microarray"" OR ""scRNA-seq"")",CITED desc,https://www.ebi.ac.uk/europepmc/webservices/rest/search?query=TITLE_ABS%3A%22Toxoplasma+gondii%22+AND+TITLE_ABS%3A%28%22RNA-seq%22+OR+%22transcriptome%22+OR+%22transcriptomic%22+OR+%22microarray%22+OR+%22scRNA-seq%22%29+sort_cited%3Ay&format=json&resultType=core&pageSize=10,ok,363,10,True,
Tg_transcription_extracellular_lytic_stress,"TITLE_ABS:""Toxoplasma gondii"" AND TITLE_ABS:(""RNA-seq"" OR ""transcriptome"" OR ""transcriptomic"" OR ""microarray"" OR ""scRNA-seq"")",FIRST_PDATE desc,https://www.ebi.ac.uk/europepmc/webservices/rest/search?query=TITLE_ABS%3A%22Toxoplasma+gondii%22+AND+TITLE_ABS%3A%28%22RNA-seq%22+OR+%22transcriptome%22+OR+%22transcriptomic%22+OR+%22microarray%22+OR+%22scRNA-seq%22%29+sort_date%3Ay&format=json&resultType=core&pageSize=10,ok,363,10,True,
Tg_transcription_under_tf_or_chromatin_perturbation,"TITLE_ABS:""Toxoplasma gondii"" AND TITLE_ABS:(""RNA-seq"" OR ""transcriptome"" OR ""transcriptomic"" OR ""microarray"" OR ""scRNA-seq"")",CITED desc,https://www.ebi.ac.uk/europepmc/webservices/rest/search?query=TITLE_ABS%3A%22Toxoplasma+gondii%22+AND+TITLE_ABS%3A%28%22RNA-seq%22+OR+%22transcriptome%22+OR+%22transcriptomic%22+OR+%22microarray%22+OR+%22scRNA-seq%22%29+sort_cited%3Ay&format=json&resultType=core&pageSize=10,ok,363,10,True,
Tg_transcription_under_tf_or_chromatin_perturbation,"TITLE_ABS:""Toxoplasma gondii"" AND TITLE_ABS:(""RNA-seq"" OR ""transcriptome"" OR ""transcriptomic"" OR ""microarray"" OR ""scRNA-seq"")",FIRST_PDATE desc,https://www.ebi.ac.uk/europepmc/webservices/rest/search?query=TITLE_ABS%3A%22Toxoplasma+gondii%22+AND+TITLE_ABS%3A%28%22RNA-seq%22+OR+%22transcriptome%22+OR+%22transcriptomic%22+OR+%22microarray%22+OR+%22scRNA-seq%22%29+sort_date%3Ay&format=json&resultType=core&pageSize=10,ok,363,10,True,
Tg_transcription_under_rna_processing_perturbation,"TITLE_ABS:""Toxoplasma gondii"" AND TITLE_ABS:(""RNA-seq"" OR ""transcriptome"" OR ""transcriptomic"" OR ""microarray"" OR ""scRNA-seq"")",CITED desc,https://www.ebi.ac.uk/europepmc/webservices/rest/search?query=TITLE_ABS%3A%22Toxoplasma+gondii%22+AND+TITLE_ABS%3A%28%22RNA-seq%22+OR+%22transcriptome%22+OR+%22transcriptomic%22+OR+%22microarray%22+OR+%22scRNA-seq%22%29+sort_cited%3Ay&format=json&resultType=core&pageSize=10,ok,363,10,True,
Tg_transcription_under_rna_processing_perturbation,"TITLE_ABS:""Toxoplasma gondii"" AND TITLE_ABS:(""RNA-seq"" OR ""transcriptome"" OR ""transcriptomic"" OR ""microarray"" OR ""scRNA-seq"")",FIRST_PDATE desc,https://www.ebi.ac.uk/europepmc/webservices/rest/search?query=TITLE_ABS%3A%22Toxoplasma+gondii%22+AND+TITLE_ABS%3A%28%22RNA-seq%22+OR+%22transcriptome%22+OR+%22transcriptomic%22+OR+%22microarray%22+OR+%22scRNA-seq%22%29+sort_date%3Ay&format=json&resultType=core&pageSize=10,ok,363,10,True,
Tg_transcription_bradyzoite_checkpoint_perturbation,"TITLE_ABS:""Toxoplasma gondii"" AND TITLE_ABS:(""RNA-seq"" OR ""transcriptome"" OR ""transcriptomic"" OR ""microarray"" OR ""scRNA-seq"")",CITED desc,https://www.ebi.ac.uk/europepmc/webservices/rest/search?query=TITLE_ABS%3A%22Toxoplasma+gondii%22+AND+TITLE_ABS%3A%28%22RNA-seq%22+OR+%22transcriptome%22+OR+%22transcriptomic%22+OR+%22microarray%22+OR+%22scRNA-seq%22%29+sort_cited%3Ay&format=json&resultType=core&pageSize=10,ok,363,10,True,
Tg_transcription_bradyzoite_checkpoint_perturbation,"TITLE_ABS:""Toxoplasma gondii"" AND TITLE_ABS:(""RNA-seq"" OR ""transcriptome"" OR ""transcriptomic"" OR ""microarray"" OR ""scRNA-seq"")",FIRST_PDATE desc,https://www.ebi.ac.uk/europepmc/webservices/rest/search?query=TITLE_ABS%3A%22Toxoplasma+gondii%22+AND+TITLE_ABS%3A%28%22RNA-seq%22+OR+%22transcriptome%22+OR+%22transcriptomic%22+OR+%22microarray%22+OR+%22scRNA-seq%22%29+sort_date%3Ay&format=json&resultType=core&pageSize=10,ok,363,10,True,
Tg_transcription_maximum_observed_across_stages,"TITLE_ABS:""Toxoplasma gondii"" AND TITLE_ABS:(""RNA-seq"" OR ""transcriptome"" OR ""transcriptomic"" OR ""microarray"" OR ""scRNA-seq"")",CITED desc,https://www.ebi.ac.uk/europepmc/webservices/rest/search?query=TITLE_ABS%3A%22Toxoplasma+gondii%22+AND+TITLE_ABS%3A%28%22RNA-seq%22+OR+%22transcriptome%22+OR+%22transcriptomic%22+OR+%22microarray%22+OR+%22scRNA-seq%22%29+sort_cited%3Ay&format=json&resultType=core&pageSize=10,ok,363,10,True,
Tg_transcription_maximum_observed_across_stages,"TITLE_ABS:""Toxoplasma gondii"" AND TITLE_ABS:(""RNA-seq"" OR ""transcriptome"" OR ""transcriptomic"" OR ""microarray"" OR ""scRNA-seq"")",FIRST_PDATE desc,https://www.ebi.ac.uk/europepmc/webservices/rest/search?query=TITLE_ABS%3A%22Toxoplasma+gondii%22+AND+TITLE_ABS%3A%28%22RNA-seq%22+OR+%22transcriptome%22+OR+%22transcriptomic%22+OR+%22microarray%22+OR+%22scRNA-seq%22%29+sort_date%3Ay&format=json&resultType=core&pageSize=10,ok,363,10,True,
Tg_cell_cycle_timing_label,"TITLE_ABS:""Toxoplasma gondii"" AND TITLE_ABS:(""RNA-seq"" OR ""transcriptome"" OR ""transcriptomic"" OR ""microarray"" OR ""scRNA-seq"") AND TITLE_ABS:(""cell-cycle"" OR ""timing"" OR ""label"")",CITED desc,https://www.ebi.ac.uk/europepmc/webservices/rest/search?query=TITLE_ABS%3A%22Toxoplasma+gondii%22+AND+TITLE_ABS%3A%28%22RNA-seq%22+OR+%22transcriptome%22+OR+%22transcriptomic%22+OR+%22microarray%22+OR+%22scRNA-seq%22%29+AND+TITLE_ABS%3A%28%22cell-cycle%22+OR+%22timing%22+OR+%22label%22%29+sort_cited%3Ay&format=json&resultType=core&pageSize=10,ok,36,10,True,
Tg_cell_cycle_timing_label,"TITLE_ABS:""Toxoplasma gondii"" AND TITLE_ABS:(""RNA-seq"" OR ""transcriptome"" OR ""transcriptomic"" OR ""microarray"" OR ""scRNA-seq"") AND TITLE_ABS:(""cell-cycle"" OR ""timing"" OR ""label"")",FIRST_PDATE desc,https://www.ebi.ac.uk/europepmc/webservices/rest/search?query=TITLE_ABS%3A%22Toxoplasma+gondii%22+AND+TITLE_ABS%3A%28%22RNA-seq%22+OR+%22transcriptome%22+OR+%22transcriptomic%22+OR+%22microarray%22+OR+%22scRNA-seq%22%29+AND+TITLE_ABS%3A%28%22cell-cycle%22+OR+%22timing%22+OR+%22label%22%29+sort_date%3Ay&format=json&resultType=core&pageSize=10,ok,36,10,True,
Tg_life_cycle_stage_label_derived,"TITLE_ABS:""Toxoplasma gondii"" AND TITLE_ABS:(""RNA-seq"" OR ""transcriptome"" OR ""transcriptomic"" OR ""microarray"" OR ""scRNA-seq"") AND TITLE_ABS:(""life-cycle"" OR ""stage"" OR ""label"")",CITED desc,https://www.ebi.ac.uk/europepmc/webservices/rest/search?query=TITLE_ABS%3A%22Toxoplasma+gondii%22+AND+TITLE_ABS%3A%28%22RNA-seq%22+OR+%22transcriptome%22+OR+%22transcriptomic%22+OR+%22microarray%22+OR+%22scRNA-seq%22%29+AND+TITLE_ABS%3A%28%22life-cycle%22+OR+%22stage%22+OR+%22label%22%29+sort_cited%3Ay&format=json&resultType=core&pageSize=10,ok,89,10,True,
Tg_life_cycle_stage_label_derived,"TITLE_ABS:""Toxoplasma gondii"" AND TITLE_ABS:(""RNA-seq"" OR ""transcriptome"" OR ""transcriptomic"" OR ""microarray"" OR ""scRNA-seq"") AND TITLE_ABS:(""life-cycle"" OR ""stage"" OR ""label"")",FIRST_PDATE desc,https://www.ebi.ac.uk/europepmc/webservices/rest/search?query=TITLE_ABS%3A%22Toxoplasma+gondii%22+AND+TITLE_ABS%3A%28%22RNA-seq%22+OR+%22transcriptome%22+OR+%22transcriptomic%22+OR+%22microarray%22+OR+%22scRNA-seq%22%29+AND+TITLE_ABS%3A%28%22life-cycle%22+OR+%22stage%22+OR+%22label%22%29+sort_date%3Ay&format=json&resultType=core&pageSize=10,ok,89,10,True,
Tg_translation_tachyzoite,"TITLE_ABS:""Toxoplasma gondii"" AND TITLE_ABS:(""ribosome profiling"" OR ""Ribo-seq"" OR ""translatome"" OR ""polysome"")",CITED desc,https://www.ebi.ac.uk/europepmc/webservices/rest/search?query=TITLE_ABS%3A%22Toxoplasma+gondii%22+AND+TITLE_ABS%3A%28%22ribosome+profiling%22+OR+%22Ribo-seq%22+OR+%22translatome%22+OR+%22polysome%22%29+sort_cited%3Ay&format=json&resultType=core&pageSize=10,ok,9,9,False,
Tg_translation_tachyzoite,"TITLE_ABS:""Toxoplasma gondii"" AND TITLE_ABS:(""ribosome profiling"" OR ""Ribo-seq"" OR ""translatome"" OR ""polysome"")",FIRST_PDATE desc,https://www.ebi.ac.uk/europepmc/webservices/rest/search?query=TITLE_ABS%3A%22Toxoplasma+gondii%22+AND+TITLE_ABS%3A%28%22ribosome+profiling%22+OR+%22Ribo-seq%22+OR+%22translatome%22+OR+%22polysome%22%29+sort_date%3Ay&format=json&resultType=core&pageSize=10,ok,9,9,False,
Tg_translation_bradyzoite,"TITLE_ABS:""Toxoplasma gondii"" AND TITLE_ABS:(""ribosome profiling"" OR ""Ribo-seq"" OR ""translatome"" OR ""polysome"")",CITED desc,https://www.ebi.ac.uk/europepmc/webservices/rest/search?query=TITLE_ABS%3A%22Toxoplasma+gondii%22+AND+TITLE_ABS%3A%28%22ribosome+profiling%22+OR+%22Ribo-seq%22+OR+%22translatome%22+OR+%22polysome%22%29+sort_cited%3Ay&format=json&resultType=core&pageSize=10,ok,9,9,False,
Tg_translation_bradyzoite,"TITLE_ABS:""Toxoplasma gondii"" AND TITLE_ABS:(""ribosome profiling"" OR ""Ribo-seq"" OR ""translatome"" OR ""polysome"")",FIRST_PDATE desc,https://www.ebi.ac.uk/europepmc/webservices/rest/search?query=TITLE_ABS%3A%22Toxoplasma+gondii%22+AND+TITLE_ABS%3A%28%22ribosome+profiling%22+OR+%22Ribo-seq%22+OR+%22translatome%22+OR+%22polysome%22%29+sort_date%3Ay&format=json&resultType=core&pageSize=10,ok,9,9,False,
Tg_translation_per_cell_cycle_phase,"TITLE_ABS:""Toxoplasma gondii"" AND TITLE_ABS:(""ribosome profiling"" OR ""Ribo-seq"" OR ""translatome"" OR ""polysome"")",CITED desc,https://www.ebi.ac.uk/europepmc/webservices/rest/search?query=TITLE_ABS%3A%22Toxoplasma+gondii%22+AND+TITLE_ABS%3A%28%22ribosome+profiling%22+OR+%22Ribo-seq%22+OR+%22translatome%22+OR+%22polysome%22%29+sort_cited%3Ay&format=json&resultType=core&pageSize=10,ok,9,9,False,
Tg_translation_per_cell_cycle_phase,"TITLE_ABS:""Toxoplasma gondii"" AND TITLE_ABS:(""ribosome profiling"" OR ""Ribo-seq"" OR ""translatome"" OR ""polysome"")",FIRST_PDATE desc,https://www.ebi.ac.uk/europepmc/webservices/rest/search?query=TITLE_ABS%3A%22Toxoplasma+gondii%22+AND+TITLE_ABS%3A%28%22ribosome+profiling%22+OR+%22Ribo-seq%22+OR+%22translatome%22+OR+%22polysome%22%29+sort_date%3Ay&format=json&resultType=core&pageSize=10,ok,9,9,False,
Tg_translation_under_stress,"TITLE_ABS:""Toxoplasma gondii"" AND TITLE_ABS:(""ribosome profiling"" OR ""Ribo-seq"" OR ""translatome"" OR ""polysome"")",CITED desc,https://www.ebi.ac.uk/europepmc/webservices/rest/search?query=TITLE_ABS%3A%22Toxoplasma+gondii%22+AND+TITLE_ABS%3A%28%22ribosome+profiling%22+OR+%22Ribo-seq%22+OR+%22translatome%22+OR+%22polysome%22%29+sort_cited%3Ay&format=json&resultType=core&pageSize=10,ok,9,9,False,
Tg_translation_under_stress,"TITLE_ABS:""Toxoplasma gondii"" AND TITLE_ABS:(""ribosome profiling"" OR ""Ribo-seq"" OR ""translatome"" OR ""polysome"")",FIRST_PDATE desc,https://www.ebi.ac.uk/europepmc/webservices/rest/search?query=TITLE_ABS%3A%22Toxoplasma+gondii%22+AND+TITLE_ABS%3A%28%22ribosome+profiling%22+OR+%22Ribo-seq%22+OR+%22translatome%22+OR+%22polysome%22%29+sort_date%3Ay&format=json&resultType=core&pageSize=10,ok,9,9,False,
Tg_translation_efficiency_tachyzoite,"TITLE_ABS:""Toxoplasma gondii"" AND TITLE_ABS:(""ribosome profiling"" OR ""Ribo-seq"" OR ""translatome"" OR ""polysome"") AND TITLE_ABS:(""translation"" OR ""efficiency"")",CITED desc,https://www.ebi.ac.uk/europepmc/webservices/rest/search?query=TITLE_ABS%3A%22Toxoplasma+gondii%22+AND+TITLE_ABS%3A%28%22ribosome+profiling%22+OR+%22Ribo-seq%22+OR+%22translatome%22+OR+%22polysome%22%29+AND+TITLE_ABS%3A%28%22translation%22+OR+%22efficiency%22%29+sort_cited%3Ay&format=json&resultType=core&pageSize=10,ok,9,9,False,
Tg_translation_efficiency_tachyzoite,"TITLE_ABS:""Toxoplasma gondii"" AND TITLE_ABS:(""ribosome profiling"" OR ""Ribo-seq"" OR ""translatome"" OR ""polysome"") AND TITLE_ABS:(""translation"" OR ""efficiency"")",FIRST_PDATE desc,https://www.ebi.ac.uk/europepmc/webservices/rest/search?query=TITLE_ABS%3A%22Toxoplasma+gondii%22+AND+TITLE_ABS%3A%28%22ribosome+profiling%22+OR+%22Ribo-seq%22+OR+%22translatome%22+OR+%22polysome%22%29+AND+TITLE_ABS%3A%28%22translation%22+OR+%22efficiency%22%29+sort_date%3Ay&format=json&resultType=core&pageSize=10,ok,9,9,False,
Tg_translation_efficiency_extracellular_stress,"TITLE_ABS:""Toxoplasma gondii"" AND TITLE_ABS:(""ribosome profiling"" OR ""Ribo-seq"" OR ""translatome"" OR ""polysome"") AND TITLE_ABS:(""translation"" OR ""efficiency"")",CITED desc,https://www.ebi.ac.uk/europepmc/webservices/rest/search?query=TITLE_ABS%3A%22Toxoplasma+gondii%22+AND+TITLE_ABS%3A%28%22ribosome+profiling%22+OR+%22Ribo-seq%22+OR+%22translatome%22+OR+%22polysome%22%29+AND+TITLE_ABS%3A%28%22translation%22+OR+%22efficiency%22%29+sort_cited%3Ay&format=json&resultType=core&pageSize=10,ok,9,9,False,
Tg_translation_efficiency_extracellular_stress,"TITLE_ABS:""Toxoplasma gondii"" AND TITLE_ABS:(""ribosome profiling"" OR ""Ribo-seq"" OR ""translatome"" OR ""polysome"") AND TITLE_ABS:(""translation"" OR ""efficiency"")",FIRST_PDATE desc,https://www.ebi.ac.uk/europepmc/webservices/rest/search?query=TITLE_ABS%3A%22Toxoplasma+gondii%22+AND+TITLE_ABS%3A%28%22ribosome+profiling%22+OR+%22Ribo-seq%22+OR+%22translatome%22+OR+%22polysome%22%29+AND+TITLE_ABS%3A%28%22translation%22+OR+%22efficiency%22%29+sort_date%3Ay&format=json&resultType=core&pageSize=10,ok,9,9,False,
Tg_translation_efficiency_bradyzoite,"TITLE_ABS:""Toxoplasma gondii"" AND TITLE_ABS:(""ribosome profiling"" OR ""Ribo-seq"" OR ""translatome"" OR ""polysome"") AND TITLE_ABS:(""translation"" OR ""efficiency"")",CITED desc,https://www.ebi.ac.uk/europepmc/webservices/rest/search?query=TITLE_ABS%3A%22Toxoplasma+gondii%22+AND+TITLE_ABS%3A%28%22ribosome+profiling%22+OR+%22Ribo-seq%22+OR+%22translatome%22+OR+%22polysome%22%29+AND+TITLE_ABS%3A%28%22translation%22+OR+%22efficiency%22%29+sort_cited%3Ay&format=json&resultType=core&pageSize=10,ok,9,9,False,
Tg_translation_efficiency_bradyzoite,"TITLE_ABS:""Toxoplasma gondii"" AND TITLE_ABS:(""ribosome profiling"" OR ""Ribo-seq"" OR ""translatome"" OR ""polysome"") AND TITLE_ABS:(""translation"" OR ""efficiency"")",FIRST_PDATE desc,https://www.ebi.ac.uk/europepmc/webservices/rest/search?query=TITLE_ABS%3A%22Toxoplasma+gondii%22+AND+TITLE_ABS%3A%28%22ribosome+profiling%22+OR+%22Ribo-seq%22+OR+%22translatome%22+OR+%22polysome%22%29+AND+TITLE_ABS%3A%28%22translation%22+OR+%22efficiency%22%29+sort_date%3Ay&format=json&resultType=core&pageSize=10,ok,9,9,False,
Tg_translation_under_initiation_factor_depletion,"TITLE_ABS:""Toxoplasma gondii"" AND TITLE_ABS:(""ribosome profiling"" OR ""Ribo-seq"" OR ""translatome"" OR ""polysome"")",CITED desc,https://www.ebi.ac.uk/europepmc/webservices/rest/search?query=TITLE_ABS%3A%22Toxoplasma+gondii%22+AND+TITLE_ABS%3A%28%22ribosome+profiling%22+OR+%22Ribo-seq%22+OR+%22translatome%22+OR+%22polysome%22%29+sort_cited%3Ay&format=json&resultType=core&pageSize=10,ok,9,9,False,
Tg_translation_under_initiation_factor_depletion,"TITLE_ABS:""Toxoplasma gondii"" AND TITLE_ABS:(""ribosome profiling"" OR ""Ribo-seq"" OR ""translatome"" OR ""polysome"")",FIRST_PDATE desc,https://www.ebi.ac.uk/europepmc/webservices/rest/search?query=TITLE_ABS%3A%22Toxoplasma+gondii%22+AND+TITLE_ABS%3A%28%22ribosome+profiling%22+OR+%22Ribo-seq%22+OR+%22translatome%22+OR+%22polysome%22%29+sort_date%3Ay&format=json&resultType=core&pageSize=10,ok,9,9,False,
Tg_transcription_under_initiation_factor_depletion,"TITLE_ABS:""Toxoplasma gondii"" AND TITLE_ABS:(""RNA-seq"" OR ""transcriptome"" OR ""transcriptomic"" OR ""microarray"" OR ""scRNA-seq"")",CITED desc,https://www.ebi.ac.uk/europepmc/webservices/rest/search?query=TITLE_ABS%3A%22Toxoplasma+gondii%22+AND+TITLE_ABS%3A%28%22RNA-seq%22+OR+%22transcriptome%22+OR+%22transcriptomic%22+OR+%22microarray%22+OR+%22scRNA-seq%22%29+sort_cited%3Ay&format=json&resultType=core&pageSize=10,ok,363,10,True,
Tg_transcription_under_initiation_factor_depletion,"TITLE_ABS:""Toxoplasma gondii"" AND TITLE_ABS:(""RNA-seq"" OR ""transcriptome"" OR ""transcriptomic"" OR ""microarray"" OR ""scRNA-seq"")",FIRST_PDATE desc,https://www.ebi.ac.uk/europepmc/webservices/rest/search?query=TITLE_ABS%3A%22Toxoplasma+gondii%22+AND+TITLE_ABS%3A%28%22RNA-seq%22+OR+%22transcriptome%22+OR+%22transcriptomic%22+OR+%22microarray%22+OR+%22scRNA-seq%22%29+sort_date%3Ay&format=json&resultType=core&pageSize=10,ok,363,10,True,
Tg_protein_abundance_tachyzoite,"TITLE_ABS:""Toxoplasma gondii"" AND TITLE_ABS:(""proteome"" OR ""proteomic"" OR ""mass spectrometry"" OR ""quantitative proteomics"") AND TITLE_ABS:""tachyzoite""",CITED desc,https://www.ebi.ac.uk/europepmc/webservices/rest/search?query=TITLE_ABS%3A%22Toxoplasma+gondii%22+AND+TITLE_ABS%3A%28%22proteome%22+OR+%22proteomic%22+OR+%22mass+spectrometry%22+OR+%22quantitative+proteomics%22%29+AND+TITLE_ABS%3A%22tachyzoite%22+sort_cited%3Ay&format=json&resultType=core&pageSize=10,ok,68,10,True,
Tg_protein_abundance_tachyzoite,"TITLE_ABS:""Toxoplasma gondii"" AND TITLE_ABS:(""proteome"" OR ""proteomic"" OR ""mass spectrometry"" OR ""quantitative proteomics"") AND TITLE_ABS:""tachyzoite""",FIRST_PDATE desc,https://www.ebi.ac.uk/europepmc/webservices/rest/search?query=TITLE_ABS%3A%22Toxoplasma+gondii%22+AND+TITLE_ABS%3A%28%22proteome%22+OR+%22proteomic%22+OR+%22mass+spectrometry%22+OR+%22quantitative+proteomics%22%29+AND+TITLE_ABS%3A%22tachyzoite%22+sort_date%3Ay&format=json&resultType=core&pageSize=10,ok,68,10,True,
Tg_protein_abundance_other_life_stages,"TITLE_ABS:""Toxoplasma gondii"" AND TITLE_ABS:(""proteome"" OR ""proteomic"" OR ""mass spectrometry"" OR ""quantitative proteomics"")",CITED desc,https://www.ebi.ac.uk/europepmc/webservices/rest/search?query=TITLE_ABS%3A%22Toxoplasma+gondii%22+AND+TITLE_ABS%3A%28%22proteome%22+OR+%22proteomic%22+OR+%22mass+spectrometry%22+OR+%22quantitative+proteomics%22%29+sort_cited%3Ay&format=json&resultType=core&pageSize=10,ok,441,10,True,
Tg_protein_abundance_other_life_stages,"TITLE_ABS:""Toxoplasma gondii"" AND TITLE_ABS:(""proteome"" OR ""proteomic"" OR ""mass spectrometry"" OR ""quantitative proteomics"")",FIRST_PDATE desc,https://www.ebi.ac.uk/europepmc/webservices/rest/search?query=TITLE_ABS%3A%22Toxoplasma+gondii%22+AND+TITLE_ABS%3A%28%22proteome%22+OR+%22proteomic%22+OR+%22mass+spectrometry%22+OR+%22quantitative+proteomics%22%29+sort_date%3Ay&format=json&resultType=core&pageSize=10,ok,441,10,True,
Tg_thermal_stability_melting_temperature,"TITLE_ABS:""Toxoplasma gondii"" AND TITLE_ABS:(""proteome"" OR ""proteomic"" OR ""mass spectrometry"" OR ""quantitative proteomics"") AND TITLE_ABS:(""thermal"" OR ""stability"" OR ""melting"" OR ""temperature"") AND TITLE_ABS:""tachyzoite""",CITED desc,https://www.ebi.ac.uk/europepmc/webservices/rest/search?query=TITLE_ABS%3A%22Toxoplasma+gondii%22+AND+TITLE_ABS%3A%28%22proteome%22+OR+%22proteomic%22+OR+%22mass+spectrometry%22+OR+%22quantitative+proteomics%22%29+AND+TITLE_ABS%3A%28%22thermal%22+OR+%22stability%22+OR+%22melting%22+OR+%22temperature%22%29+AND+TITLE_ABS%3A%22tachyzoite%22+sort_cited%3Ay&format=json&resultType=core&pageSize=10,ok,0,0,False,
Tg_thermal_stability_melting_temperature,"TITLE_ABS:""Toxoplasma gondii"" AND TITLE_ABS:(""proteome"" OR ""proteomic"" OR ""mass spectrometry"" OR ""quantitative proteomics"") AND TITLE_ABS:(""thermal"" OR ""stability"" OR ""melting"" OR ""temperature"") AND TITLE_ABS:""tachyzoite""",FIRST_PDATE desc,https://www.ebi.ac.uk/europepmc/webservices/rest/search?query=TITLE_ABS%3A%22Toxoplasma+gondii%22+AND+TITLE_ABS%3A%28%22proteome%22+OR+%22proteomic%22+OR+%22mass+spectrometry%22+OR+%22quantitative+proteomics%22%29+AND+TITLE_ABS%3A%28%22thermal%22+OR+%22stability%22+OR+%22melting%22+OR+%22temperature%22%29+AND+TITLE_ABS%3A%22tachyzoite%22+sort_date%3Ay&format=json&resultType=core&pageSize=10,ok,0,0,False,
Tg_protein_turnover,"TITLE_ABS:""Toxoplasma gondii"" AND TITLE_ABS:(""proteome"" OR ""proteomic"" OR ""mass spectrometry"" OR ""quantitative proteomics"") AND TITLE_ABS:(""turnover"") AND TITLE_ABS:""tachyzoite""",CITED desc,https://www.ebi.ac.uk/europepmc/webservices/rest/search?query=TITLE_ABS%3A%22Toxoplasma+gondii%22+AND+TITLE_ABS%3A%28%22proteome%22+OR+%22proteomic%22+OR+%22mass+spectrometry%22+OR+%22quantitative+proteomics%22%29+AND+TITLE_ABS%3A%28%22turnover%22%29+AND+TITLE_ABS%3A%22tachyzoite%22+sort_cited%3Ay&format=json&resultType=core&pageSize=10,ok,0,0,False,
Tg_protein_turnover,"TITLE_ABS:""Toxoplasma gondii"" AND TITLE_ABS:(""proteome"" OR ""proteomic"" OR ""mass spectrometry"" OR ""quantitative proteomics"") AND TITLE_ABS:(""turnover"") AND TITLE_ABS:""tachyzoite""",FIRST_PDATE desc,https://www.ebi.ac.uk/europepmc/webservices/rest/search?query=TITLE_ABS%3A%22Toxoplasma+gondii%22+AND+TITLE_ABS%3A%28%22proteome%22+OR+%22proteomic%22+OR+%22mass+spectrometry%22+OR+%22quantitative+proteomics%22%29+AND+TITLE_ABS%3A%28%22turnover%22%29+AND+TITLE_ABS%3A%22tachyzoite%22+sort_date%3Ay&format=json&resultType=core&pageSize=10,ok,0,0,False,
Tg_phosphorylation_site_count,"TITLE_ABS:""Toxoplasma gondii"" AND TITLE_ABS:(""phosphoproteome"" OR ""acetylome"" OR ""ubiquitinome"" OR ""glycoproteome"" OR ""palmitoylome"" OR ""post-translational"") AND TITLE_ABS:(""phosphorylation"") AND TITLE_ABS:""tachyzoite""",CITED desc,https://www.ebi.ac.uk/europepmc/webservices/rest/search?query=TITLE_ABS%3A%22Toxoplasma+gondii%22+AND+TITLE_ABS%3A%28%22phosphoproteome%22+OR+%22acetylome%22+OR+%22ubiquitinome%22+OR+%22glycoproteome%22+OR+%22palmitoylome%22+OR+%22post-translational%22%29+AND+TITLE_ABS%3A%28%22phosphorylation%22%29+AND+TITLE_ABS%3A%22tachyzoite%22+sort_cited%3Ay&format=json&resultType=core&pageSize=10,ok,5,5,False,
Tg_phosphorylation_site_count,"TITLE_ABS:""Toxoplasma gondii"" AND TITLE_ABS:(""phosphoproteome"" OR ""acetylome"" OR ""ubiquitinome"" OR ""glycoproteome"" OR ""palmitoylome"" OR ""post-translational"") AND TITLE_ABS:(""phosphorylation"") AND TITLE_ABS:""tachyzoite""",FIRST_PDATE desc,https://www.ebi.ac.uk/europepmc/webservices/rest/search?query=TITLE_ABS%3A%22Toxoplasma+gondii%22+AND+TITLE_ABS%3A%28%22phosphoproteome%22+OR+%22acetylome%22+OR+%22ubiquitinome%22+OR+%22glycoproteome%22+OR+%22palmitoylome%22+OR+%22post-translational%22%29+AND+TITLE_ABS%3A%28%22phosphorylation%22%29+AND+TITLE_ABS%3A%22tachyzoite%22+sort_date%3Ay&format=json&resultType=core&pageSize=10,ok,5,5,False,
Tg_phosphorylation_quantitative,"TITLE_ABS:""Toxoplasma gondii"" AND TITLE_ABS:(""phosphoproteome"" OR ""acetylome"" OR ""ubiquitinome"" OR ""glycoproteome"" OR ""palmitoylome"" OR ""post-translational"") AND TITLE_ABS:(""phosphorylation"") AND TITLE_ABS:""tachyzoite""",CITED desc,https://www.ebi.ac.uk/europepmc/webservices/rest/search?query=TITLE_ABS%3A%22Toxoplasma+gondii%22+AND+TITLE_ABS%3A%28%22phosphoproteome%22+OR+%22acetylome%22+OR+%22ubiquitinome%22+OR+%22glycoproteome%22+OR+%22palmitoylome%22+OR+%22post-translational%22%29+AND+TITLE_ABS%3A%28%22phosphorylation%22%29+AND+TITLE_ABS%3A%22tachyzoite%22+sort_cited%3Ay&format=json&resultType=core&pageSize=10,ok,5,5,False,
Tg_phosphorylation_quantitative,"TITLE_ABS:""Toxoplasma gondii"" AND TITLE_ABS:(""phosphoproteome"" OR ""acetylome"" OR ""ubiquitinome"" OR ""glycoproteome"" OR ""palmitoylome"" OR ""post-translational"") AND TITLE_ABS:(""phosphorylation"") AND TITLE_ABS:""tachyzoite""",FIRST_PDATE desc,https://www.ebi.ac.uk/europepmc/webservices/rest/search?query=TITLE_ABS%3A%22Toxoplasma+gondii%22+AND+TITLE_ABS%3A%28%22phosphoproteome%22+OR+%22acetylome%22+OR+%22ubiquitinome%22+OR+%22glycoproteome%22+OR+%22palmitoylome%22+OR+%22post-translational%22%29+AND+TITLE_ABS%3A%28%22phosphorylation%22%29+AND+TITLE_ABS%3A%22tachyzoite%22+sort_date%3Ay&format=json&resultType=core&pageSize=10,ok,5,5,False,
Tg_phosphorylation_kinase_substrate,"TITLE_ABS:""Toxoplasma gondii"" AND TITLE_ABS:(""phosphoproteome"" OR ""acetylome"" OR ""ubiquitinome"" OR ""glycoproteome"" OR ""palmitoylome"" OR ""post-translational"") AND TITLE_ABS:(""phosphorylation"")",CITED desc,https://www.ebi.ac.uk/europepmc/webservices/rest/search?query=TITLE_ABS%3A%22Toxoplasma+gondii%22+AND+TITLE_ABS%3A%28%22phosphoproteome%22+OR+%22acetylome%22+OR+%22ubiquitinome%22+OR+%22glycoproteome%22+OR+%22palmitoylome%22+OR+%22post-translational%22%29+AND+TITLE_ABS%3A%28%22phosphorylation%22%29+sort_cited%3Ay&format=json&resultType=core&pageSize=10,ok,37,10,True,
Tg_phosphorylation_kinase_substrate,"TITLE_ABS:""Toxoplasma gondii"" AND TITLE_ABS:(""phosphoproteome"" OR ""acetylome"" OR ""ubiquitinome"" OR ""glycoproteome"" OR ""palmitoylome"" OR ""post-translational"") AND TITLE_ABS:(""phosphorylation"")",FIRST_PDATE desc,https://www.ebi.ac.uk/europepmc/webservices/rest/search?query=TITLE_ABS%3A%22Toxoplasma+gondii%22+AND+TITLE_ABS%3A%28%22phosphoproteome%22+OR+%22acetylome%22+OR+%22ubiquitinome%22+OR+%22glycoproteome%22+OR+%22palmitoylome%22+OR+%22post-translational%22%29+AND+TITLE_ABS%3A%28%22phosphorylation%22%29+sort_date%3Ay&format=json&resultType=core&pageSize=10,ok,37,10,True,
Tg_acetylation,"TITLE_ABS:""Toxoplasma gondii"" AND TITLE_ABS:(""phosphoproteome"" OR ""acetylome"" OR ""ubiquitinome"" OR ""glycoproteome"" OR ""palmitoylome"" OR ""post-translational"") AND TITLE_ABS:(""acetylation"")",CITED desc,https://www.ebi.ac.uk/europepmc/webservices/rest/search?query=TITLE_ABS%3A%22Toxoplasma+gondii%22+AND+TITLE_ABS%3A%28%22phosphoproteome%22+OR+%22acetylome%22+OR+%22ubiquitinome%22+OR+%22glycoproteome%22+OR+%22palmitoylome%22+OR+%22post-translational%22%29+AND+TITLE_ABS%3A%28%22acetylation%22%29+sort_cited%3Ay&format=json&resultType=core&pageSize=10,ok,23,10,True,
Tg_acetylation,"TITLE_ABS:""Toxoplasma gondii"" AND TITLE_ABS:(""phosphoproteome"" OR ""acetylome"" OR ""ubiquitinome"" OR ""glycoproteome"" OR ""palmitoylome"" OR ""post-translational"") AND TITLE_ABS:(""acetylation"")",FIRST_PDATE desc,https://www.ebi.ac.uk/europepmc/webservices/rest/search?query=TITLE_ABS%3A%22Toxoplasma+gondii%22+AND+TITLE_ABS%3A%28%22phosphoproteome%22+OR+%22acetylome%22+OR+%22ubiquitinome%22+OR+%22glycoproteome%22+OR+%22palmitoylome%22+OR+%22post-translational%22%29+AND+TITLE_ABS%3A%28%22acetylation%22%29+sort_date%3Ay&format=json&resultType=core&pageSize=10,ok,23,10,True,
Tg_n_myristoylation,"TITLE_ABS:""Toxoplasma gondii"" AND TITLE_ABS:(""phosphoproteome"" OR ""acetylome"" OR ""ubiquitinome"" OR ""glycoproteome"" OR ""palmitoylome"" OR ""post-translational"") AND TITLE_ABS:(""N-myristoylation"") AND TITLE_ABS:""tachyzoite""",CITED desc,https://www.ebi.ac.uk/europepmc/webservices/rest/search?query=TITLE_ABS%3A%22Toxoplasma+gondii%22+AND+TITLE_ABS%3A%28%22phosphoproteome%22+OR+%22acetylome%22+OR+%22ubiquitinome%22+OR+%22glycoproteome%22+OR+%22palmitoylome%22+OR+%22post-translational%22%29+AND+TITLE_ABS%3A%28%22N-myristoylation%22%29+AND+TITLE_ABS%3A%22tachyzoite%22+sort_cited%3Ay&format=json&resultType=core&pageSize=10,ok,0,0,False,
Tg_n_myristoylation,"TITLE_ABS:""Toxoplasma gondii"" AND TITLE_ABS:(""phosphoproteome"" OR ""acetylome"" OR ""ubiquitinome"" OR ""glycoproteome"" OR ""palmitoylome"" OR ""post-translational"") AND TITLE_ABS:(""N-myristoylation"") AND TITLE_ABS:""tachyzoite""",FIRST_PDATE desc,https://www.ebi.ac.uk/europepmc/webservices/rest/search?query=TITLE_ABS%3A%22Toxoplasma+gondii%22+AND+TITLE_ABS%3A%28%22phosphoproteome%22+OR+%22acetylome%22+OR+%22ubiquitinome%22+OR+%22glycoproteome%22+OR+%22palmitoylome%22+OR+%22post-translational%22%29+AND+TITLE_ABS%3A%28%22N-myristoylation%22%29+AND+TITLE_ABS%3A%22tachyzoite%22+sort_date%3Ay&format=json&resultType=core&pageSize=10,ok,0,0,False,
Tg_arginine_methylation,"TITLE_ABS:""Toxoplasma gondii"" AND TITLE_ABS:(""phosphoproteome"" OR ""acetylome"" OR ""ubiquitinome"" OR ""glycoproteome"" OR ""palmitoylome"" OR ""post-translational"") AND TITLE_ABS:(""arginine"" OR ""methylation"") AND TITLE_ABS:""tachyzoite""",CITED desc,https://www.ebi.ac.uk/europepmc/webservices/rest/search?query=TITLE_ABS%3A%22Toxoplasma+gondii%22+AND+TITLE_ABS%3A%28%22phosphoproteome%22+OR+%22acetylome%22+OR+%22ubiquitinome%22+OR+%22glycoproteome%22+OR+%22palmitoylome%22+OR+%22post-translational%22%29+AND+TITLE_ABS%3A%28%22arginine%22+OR+%22methylation%22%29+AND+TITLE_ABS%3A%22tachyzoite%22+sort_cited%3Ay&format=json&resultType=core&pageSize=10,ok,1,1,False,
Tg_arginine_methylation,"TITLE_ABS:""Toxoplasma gondii"" AND TITLE_ABS:(""phosphoproteome"" OR ""acetylome"" OR ""ubiquitinome"" OR ""glycoproteome"" OR ""palmitoylome"" OR ""post-translational"") AND TITLE_ABS:(""arginine"" OR ""methylation"") AND TITLE_ABS:""tachyzoite""",FIRST_PDATE desc,https://www.ebi.ac.uk/europepmc/webservices/rest/search?query=TITLE_ABS%3A%22Toxoplasma+gondii%22+AND+TITLE_ABS%3A%28%22phosphoproteome%22+OR+%22acetylome%22+OR+%22ubiquitinome%22+OR+%22glycoproteome%22+OR+%22palmitoylome%22+OR+%22post-translational%22%29+AND+TITLE_ABS%3A%28%22arginine%22+OR+%22methylation%22%29+AND+TITLE_ABS%3A%22tachyzoite%22+sort_date%3Ay&format=json&resultType=core&pageSize=10,ok,1,1,False,
Tg_lactylation,"TITLE_ABS:""Toxoplasma gondii"" AND TITLE_ABS:(""phosphoproteome"" OR ""acetylome"" OR ""ubiquitinome"" OR ""glycoproteome"" OR ""palmitoylome"" OR ""post-translational"") AND TITLE_ABS:(""lactylation"") AND TITLE_ABS:""tachyzoite""",CITED desc,https://www.ebi.ac.uk/europepmc/webservices/rest/search?query=TITLE_ABS%3A%22Toxoplasma+gondii%22+AND+TITLE_ABS%3A%28%22phosphoproteome%22+OR+%22acetylome%22+OR+%22ubiquitinome%22+OR+%22glycoproteome%22+OR+%22palmitoylome%22+OR+%22post-translational%22%29+AND+TITLE_ABS%3A%28%22lactylation%22%29+AND+TITLE_ABS%3A%22tachyzoite%22+sort_cited%3Ay&format=json&resultType=core&pageSize=10,ok,1,1,False,
Tg_lactylation,"TITLE_ABS:""Toxoplasma gondii"" AND TITLE_ABS:(""phosphoproteome"" OR ""acetylome"" OR ""ubiquitinome"" OR ""glycoproteome"" OR ""palmitoylome"" OR ""post-translational"") AND TITLE_ABS:(""lactylation"") AND TITLE_ABS:""tachyzoite""",FIRST_PDATE desc,https://www.ebi.ac.uk/europepmc/webservices/rest/search?query=TITLE_ABS%3A%22Toxoplasma+gondii%22+AND+TITLE_ABS%3A%28%22phosphoproteome%22+OR+%22acetylome%22+OR+%22ubiquitinome%22+OR+%22glycoproteome%22+OR+%22palmitoylome%22+OR+%22post-translational%22%29+AND+TITLE_ABS%3A%28%22lactylation%22%29+AND+TITLE_ABS%3A%22tachyzoite%22+sort_date%3Ay&format=json&resultType=core&pageSize=10,ok,1,1,False,
Tg_s_nitrosylation,"TITLE_ABS:""Toxoplasma gondii"" AND TITLE_ABS:(""phosphoproteome"" OR ""acetylome"" OR ""ubiquitinome"" OR ""glycoproteome"" OR ""palmitoylome"" OR ""post-translational"") AND TITLE_ABS:(""S-nitrosylation"") AND TITLE_ABS:""tachyzoite""",CITED desc,https://www.ebi.ac.uk/europepmc/webservices/rest/search?query=TITLE_ABS%3A%22Toxoplasma+gondii%22+AND+TITLE_ABS%3A%28%22phosphoproteome%22+OR+%22acetylome%22+OR+%22ubiquitinome%22+OR+%22glycoproteome%22+OR+%22palmitoylome%22+OR+%22post-translational%22%29+AND+TITLE_ABS%3A%28%22S-nitrosylation%22%29+AND+TITLE_ABS%3A%22tachyzoite%22+sort_cited%3Ay&format=json&resultType=core&pageSize=10,ok,0,0,False,
Tg_s_nitrosylation,"TITLE_ABS:""Toxoplasma gondii"" AND TITLE_ABS:(""phosphoproteome"" OR ""acetylome"" OR ""ubiquitinome"" OR ""glycoproteome"" OR ""palmitoylome"" OR ""post-translational"") AND TITLE_ABS:(""S-nitrosylation"") AND TITLE_ABS:""tachyzoite""",FIRST_PDATE desc,https://www.ebi.ac.uk/europepmc/webservices/rest/search?query=TITLE_ABS%3A%22Toxoplasma+gondii%22+AND+TITLE_ABS%3A%28%22phosphoproteome%22+OR+%22acetylome%22+OR+%22ubiquitinome%22+OR+%22glycoproteome%22+OR+%22palmitoylome%22+OR+%22post-translational%22%29+AND+TITLE_ABS%3A%28%22S-nitrosylation%22%29+AND+TITLE_ABS%3A%22tachyzoite%22+sort_date%3Ay&format=json&resultType=core&pageSize=10,ok,0,0,False,
Tg_ubiquitination_sumoylation,"TITLE_ABS:""Toxoplasma gondii"" AND TITLE_ABS:(""phosphoproteome"" OR ""acetylome"" OR ""ubiquitinome"" OR ""glycoproteome"" OR ""palmitoylome"" OR ""post-translational"") AND TITLE_ABS:(""ubiquitination"" OR ""SUMOylation"") AND TITLE_ABS:""tachyzoite""",CITED desc,https://www.ebi.ac.uk/europepmc/webservices/rest/search?query=TITLE_ABS%3A%22Toxoplasma+gondii%22+AND+TITLE_ABS%3A%28%22phosphoproteome%22+OR+%22acetylome%22+OR+%22ubiquitinome%22+OR+%22glycoproteome%22+OR+%22palmitoylome%22+OR+%22post-translational%22%29+AND+TITLE_ABS%3A%28%22ubiquitination%22+OR+%22SUMOylation%22%29+AND+TITLE_ABS%3A%22tachyzoite%22+sort_cited%3Ay&format=json&resultType=core&pageSize=10,ok,0,0,False,
Tg_ubiquitination_sumoylation,"TITLE_ABS:""Toxoplasma gondii"" AND TITLE_ABS:(""phosphoproteome"" OR ""acetylome"" OR ""ubiquitinome"" OR ""glycoproteome"" OR ""palmitoylome"" OR ""post-translational"") AND TITLE_ABS:(""ubiquitination"" OR ""SUMOylation"") AND TITLE_ABS:""tachyzoite""",FIRST_PDATE desc,https://www.ebi.ac.uk/europepmc/webservices/rest/search?query=TITLE_ABS%3A%22Toxoplasma+gondii%22+AND+TITLE_ABS%3A%28%22phosphoproteome%22+OR+%22acetylome%22+OR+%22ubiquitinome%22+OR+%22glycoproteome%22+OR+%22palmitoylome%22+OR+%22post-translational%22%29+AND+TITLE_ABS%3A%28%22ubiquitination%22+OR+%22SUMOylation%22%29+AND+TITLE_ABS%3A%22tachyzoite%22+sort_date%3Ay&format=json&resultType=core&pageSize=10,ok,0,0,False,
Tg_glycosylation,"TITLE_ABS:""Toxoplasma gondii"" AND TITLE_ABS:(""phosphoproteome"" OR ""acetylome"" OR ""ubiquitinome"" OR ""glycoproteome"" OR ""palmitoylome"" OR ""post-translational"") AND TITLE_ABS:(""glycosylation"") AND TITLE_ABS:""tachyzoite""",CITED desc,https://www.ebi.ac.uk/europepmc/webservices/rest/search?query=TITLE_ABS%3A%22Toxoplasma+gondii%22+AND+TITLE_ABS%3A%28%22phosphoproteome%22+OR+%22acetylome%22+OR+%22ubiquitinome%22+OR+%22glycoproteome%22+OR+%22palmitoylome%22+OR+%22post-translational%22%29+AND+TITLE_ABS%3A%28%22glycosylation%22%29+AND+TITLE_ABS%3A%22tachyzoite%22+sort_cited%3Ay&format=json&resultType=core&pageSize=10,ok,0,0,False,
Tg_glycosylation,"TITLE_ABS:""Toxoplasma gondii"" AND TITLE_ABS:(""phosphoproteome"" OR ""acetylome"" OR ""ubiquitinome"" OR ""glycoproteome"" OR ""palmitoylome"" OR ""post-translational"") AND TITLE_ABS:(""glycosylation"") AND TITLE_ABS:""tachyzoite""",FIRST_PDATE desc,https://www.ebi.ac.uk/europepmc/webservices/rest/search?query=TITLE_ABS%3A%22Toxoplasma+gondii%22+AND+TITLE_ABS%3A%28%22phosphoproteome%22+OR+%22acetylome%22+OR+%22ubiquitinome%22+OR+%22glycoproteome%22+OR+%22palmitoylome%22+OR+%22post-translational%22%29+AND+TITLE_ABS%3A%28%22glycosylation%22%29+AND+TITLE_ABS%3A%22tachyzoite%22+sort_date%3Ay&format=json&resultType=core&pageSize=10,ok,0,0,False,
Tg_transcription_bradyzoite_subtype_in_vivo,"TITLE_ABS:""Toxoplasma gondii"" AND TITLE_ABS:(""RNA-seq"" OR ""transcriptome"" OR ""transcriptomic"" OR ""microarray"" OR ""scRNA-seq"")",CITED desc,https://www.ebi.ac.uk/europepmc/webservices/rest/search?query=TITLE_ABS%3A%22Toxoplasma+gondii%22+AND+TITLE_ABS%3A%28%22RNA-seq%22+OR+%22transcriptome%22+OR+%22transcriptomic%22+OR+%22microarray%22+OR+%22scRNA-seq%22%29+sort_cited%3Ay&format=json&resultType=core&pageSize=10,ok,363,10,True,
Tg_transcription_bradyzoite_subtype_in_vivo,"TITLE_ABS:""Toxoplasma gondii"" AND TITLE_ABS:(""RNA-seq"" OR ""transcriptome"" OR ""transcriptomic"" OR ""microarray"" OR ""scRNA-seq"")",FIRST_PDATE desc,https://www.ebi.ac.uk/europepmc/webservices/rest/search?query=TITLE_ABS%3A%22Toxoplasma+gondii%22+AND+TITLE_ABS%3A%28%22RNA-seq%22+OR+%22transcriptome%22+OR+%22transcriptomic%22+OR+%22microarray%22+OR+%22scRNA-seq%22%29+sort_date%3Ay&format=json&resultType=core&pageSize=10,ok,363,10,True,
Tg_protein_abundance_under_stress,"TITLE_ABS:""Toxoplasma gondii"" AND TITLE_ABS:(""proteome"" OR ""proteomic"" OR ""mass spectrometry"" OR ""quantitative proteomics"")",CITED desc,https://www.ebi.ac.uk/europepmc/webservices/rest/search?query=TITLE_ABS%3A%22Toxoplasma+gondii%22+AND+TITLE_ABS%3A%28%22proteome%22+OR+%22proteomic%22+OR+%22mass+spectrometry%22+OR+%22quantitative+proteomics%22%29+sort_cited%3Ay&format=json&resultType=core&pageSize=10,ok,441,10,True,
Tg_protein_abundance_under_stress,"TITLE_ABS:""Toxoplasma gondii"" AND TITLE_ABS:(""proteome"" OR ""proteomic"" OR ""mass spectrometry"" OR ""quantitative proteomics"")",FIRST_PDATE desc,https://www.ebi.ac.uk/europepmc/webservices/rest/search?query=TITLE_ABS%3A%22Toxoplasma+gondii%22+AND+TITLE_ABS%3A%28%22proteome%22+OR+%22proteomic%22+OR+%22mass+spectrometry%22+OR+%22quantitative+proteomics%22%29+sort_date%3Ay&format=json&resultType=core&pageSize=10,ok,441,10,True,
Tg_transcription_under_iron_depletion,"TITLE_ABS:""Toxoplasma gondii"" AND TITLE_ABS:(""RNA-seq"" OR ""transcriptome"" OR ""transcriptomic"" OR ""microarray"" OR ""scRNA-seq"")",CITED desc,https://www.ebi.ac.uk/europepmc/webservices/rest/search?query=TITLE_ABS%3A%22Toxoplasma+gondii%22+AND+TITLE_ABS%3A%28%22RNA-seq%22+OR+%22transcriptome%22+OR+%22transcriptomic%22+OR+%22microarray%22+OR+%22scRNA-seq%22%29+sort_cited%3Ay&format=json&resultType=core&pageSize=10,ok,363,10,True,
Tg_transcription_under_iron_depletion,"TITLE_ABS:""Toxoplasma gondii"" AND TITLE_ABS:(""RNA-seq"" OR ""transcriptome"" OR ""transcriptomic"" OR ""microarray"" OR ""scRNA-seq"")",FIRST_PDATE desc,https://www.ebi.ac.uk/europepmc/webservices/rest/search?query=TITLE_ABS%3A%22Toxoplasma+gondii%22+AND+TITLE_ABS%3A%28%22RNA-seq%22+OR+%22transcriptome%22+OR+%22transcriptomic%22+OR+%22microarray%22+OR+%22scRNA-seq%22%29+sort_date%3Ay&format=json&resultType=core&pageSize=10,ok,363,10,True,
Tg_organelle_surface_membrane_contact_site,"TITLE_ABS:""Toxoplasma gondii"" AND TITLE_ABS:(""hyperLOPIT"" OR ""spatial proteome"" OR ""subcellular localization"" OR ""GFP tagging"" OR ""exportome"" OR ""secretome"") AND TITLE_ABS:(""organelle"" OR ""surface"" OR ""membrane"" OR ""contact"" OR ""site"")",CITED desc,https://www.ebi.ac.uk/europepmc/webservices/rest/search?query=TITLE_ABS%3A%22Toxoplasma+gondii%22+AND+TITLE_ABS%3A%28%22hyperLOPIT%22+OR+%22spatial+proteome%22+OR+%22subcellular+localization%22+OR+%22GFP+tagging%22+OR+%22exportome%22+OR+%22secretome%22%29+AND+TITLE_ABS%3A%28%22organelle%22+OR+%22surface%22+OR+%22membrane%22+OR+%22contact%22+OR+%22site%22%29+sort_cited%3Ay&format=json&resultType=core&pageSize=10,ok,38,10,True,
Tg_organelle_surface_membrane_contact_site,"TITLE_ABS:""Toxoplasma gondii"" AND TITLE_ABS:(""hyperLOPIT"" OR ""spatial proteome"" OR ""subcellular localization"" OR ""GFP tagging"" OR ""exportome"" OR ""secretome"") AND TITLE_ABS:(""organelle"" OR ""surface"" OR ""membrane"" OR ""contact"" OR ""site"")",FIRST_PDATE desc,https://www.ebi.ac.uk/europepmc/webservices/rest/search?query=TITLE_ABS%3A%22Toxoplasma+gondii%22+AND+TITLE_ABS%3A%28%22hyperLOPIT%22+OR+%22spatial+proteome%22+OR+%22subcellular+localization%22+OR+%22GFP+tagging%22+OR+%22exportome%22+OR+%22secretome%22%29+AND+TITLE_ABS%3A%28%22organelle%22+OR+%22surface%22+OR+%22membrane%22+OR+%22contact%22+OR+%22site%22%29+sort_date%3Ay&format=json&resultType=core&pageSize=10,ok,38,10,True,
Tg_palmitoylation,"TITLE_ABS:""Toxoplasma gondii"" AND TITLE_ABS:(""phosphoproteome"" OR ""acetylome"" OR ""ubiquitinome"" OR ""glycoproteome"" OR ""palmitoylome"" OR ""post-translational"") AND TITLE_ABS:(""palmitoylation"") AND TITLE_ABS:""tachyzoite""",CITED desc,https://www.ebi.ac.uk/europepmc/webservices/rest/search?query=TITLE_ABS%3A%22Toxoplasma+gondii%22+AND+TITLE_ABS%3A%28%22phosphoproteome%22+OR+%22acetylome%22+OR+%22ubiquitinome%22+OR+%22glycoproteome%22+OR+%22palmitoylome%22+OR+%22post-translational%22%29+AND+TITLE_ABS%3A%28%22palmitoylation%22%29+AND+TITLE_ABS%3A%22tachyzoite%22+sort_cited%3Ay&format=json&resultType=core&pageSize=10,ok,2,2,False,
Tg_palmitoylation,"TITLE_ABS:""Toxoplasma gondii"" AND TITLE_ABS:(""phosphoproteome"" OR ""acetylome"" OR ""ubiquitinome"" OR ""glycoproteome"" OR ""palmitoylome"" OR ""post-translational"") AND TITLE_ABS:(""palmitoylation"") AND TITLE_ABS:""tachyzoite""",FIRST_PDATE desc,https://www.ebi.ac.uk/europepmc/webservices/rest/search?query=TITLE_ABS%3A%22Toxoplasma+gondii%22+AND+TITLE_ABS%3A%28%22phosphoproteome%22+OR+%22acetylome%22+OR+%22ubiquitinome%22+OR+%22glycoproteome%22+OR+%22palmitoylome%22+OR+%22post-translational%22%29+AND+TITLE_ABS%3A%28%22palmitoylation%22%29+AND+TITLE_ABS%3A%22tachyzoite%22+sort_date%3Ay&format=json&resultType=core&pageSize=10,ok,2,2,False,
Tg_fitness_hff_in_vitro,"TITLE_ABS:""Toxoplasma gondii"" AND TITLE_ABS:(""CRISPR screen"" OR ""knockout screen"" OR ""essentiality"" OR ""fitness score"" OR ""piggyBac"" OR ""PlasmoGEM"" OR ""barcoded"")",CITED desc,https://www.ebi.ac.uk/europepmc/webservices/rest/search?query=TITLE_ABS%3A%22Toxoplasma+gondii%22+AND+TITLE_ABS%3A%28%22CRISPR+screen%22+OR+%22knockout+screen%22+OR+%22essentiality%22+OR+%22fitness+score%22+OR+%22piggyBac%22+OR+%22PlasmoGEM%22+OR+%22barcoded%22%29+sort_cited%3Ay&format=json&resultType=core&pageSize=10,ok,64,10,True,
Tg_fitness_hff_in_vitro,"TITLE_ABS:""Toxoplasma gondii"" AND TITLE_ABS:(""CRISPR screen"" OR ""knockout screen"" OR ""essentiality"" OR ""fitness score"" OR ""piggyBac"" OR ""PlasmoGEM"" OR ""barcoded"")",FIRST_PDATE desc,https://www.ebi.ac.uk/europepmc/webservices/rest/search?query=TITLE_ABS%3A%22Toxoplasma+gondii%22+AND+TITLE_ABS%3A%28%22CRISPR+screen%22+OR+%22knockout+screen%22+OR+%22essentiality%22+OR+%22fitness+score%22+OR+%22piggyBac%22+OR+%22PlasmoGEM%22+OR+%22barcoded%22%29+sort_date%3Ay&format=json&resultType=core&pageSize=10,ok,64,10,True,
Tg_fitness_naive_macrophage,"TITLE_ABS:""Toxoplasma gondii"" AND TITLE_ABS:(""CRISPR screen"" OR ""knockout screen"" OR ""essentiality"" OR ""fitness score"" OR ""piggyBac"" OR ""PlasmoGEM"" OR ""barcoded"")",CITED desc,https://www.ebi.ac.uk/europepmc/webservices/rest/search?query=TITLE_ABS%3A%22Toxoplasma+gondii%22+AND+TITLE_ABS%3A%28%22CRISPR+screen%22+OR+%22knockout+screen%22+OR+%22essentiality%22+OR+%22fitness+score%22+OR+%22piggyBac%22+OR+%22PlasmoGEM%22+OR+%22barcoded%22%29+sort_cited%3Ay&format=json&resultType=core&pageSize=10,ok,64,10,True,
Tg_fitness_naive_macrophage,"TITLE_ABS:""Toxoplasma gondii"" AND TITLE_ABS:(""CRISPR screen"" OR ""knockout screen"" OR ""essentiality"" OR ""fitness score"" OR ""piggyBac"" OR ""PlasmoGEM"" OR ""barcoded"")",FIRST_PDATE desc,https://www.ebi.ac.uk/europepmc/webservices/rest/search?query=TITLE_ABS%3A%22Toxoplasma+gondii%22+AND+TITLE_ABS%3A%28%22CRISPR+screen%22+OR+%22knockout+screen%22+OR+%22essentiality%22+OR+%22fitness+score%22+OR+%22piggyBac%22+OR+%22PlasmoGEM%22+OR+%22barcoded%22%29+sort_date%3Ay&format=json&resultType=core&pageSize=10,ok,64,10,True,
Tg_fitness_ifn_gamma_macrophage,"TITLE_ABS:""Toxoplasma gondii"" AND TITLE_ABS:(""CRISPR screen"" OR ""knockout screen"" OR ""essentiality"" OR ""fitness score"" OR ""piggyBac"" OR ""PlasmoGEM"" OR ""barcoded"")",CITED desc,https://www.ebi.ac.uk/europepmc/webservices/rest/search?query=TITLE_ABS%3A%22Toxoplasma+gondii%22+AND+TITLE_ABS%3A%28%22CRISPR+screen%22+OR+%22knockout+screen%22+OR+%22essentiality%22+OR+%22fitness+score%22+OR+%22piggyBac%22+OR+%22PlasmoGEM%22+OR+%22barcoded%22%29+sort_cited%3Ay&format=json&resultType=core&pageSize=10,ok,64,10,True,
Tg_fitness_ifn_gamma_macrophage,"TITLE_ABS:""Toxoplasma gondii"" AND TITLE_ABS:(""CRISPR screen"" OR ""knockout screen"" OR ""essentiality"" OR ""fitness score"" OR ""piggyBac"" OR ""PlasmoGEM"" OR ""barcoded"")",FIRST_PDATE desc,https://www.ebi.ac.uk/europepmc/webservices/rest/search?query=TITLE_ABS%3A%22Toxoplasma+gondii%22+AND+TITLE_ABS%3A%28%22CRISPR+screen%22+OR+%22knockout+screen%22+OR+%22essentiality%22+OR+%22fitness+score%22+OR+%22piggyBac%22+OR+%22PlasmoGEM%22+OR+%22barcoded%22%29+sort_date%3Ay&format=json&resultType=core&pageSize=10,ok,64,10,True,
Tg_fitness_in_vivo_peritoneum,"TITLE_ABS:""Toxoplasma gondii"" AND TITLE_ABS:(""CRISPR screen"" OR ""knockout screen"" OR ""essentiality"" OR ""fitness score"" OR ""piggyBac"" OR ""PlasmoGEM"" OR ""barcoded"")",CITED desc,https://www.ebi.ac.uk/europepmc/webservices/rest/search?query=TITLE_ABS%3A%22Toxoplasma+gondii%22+AND+TITLE_ABS%3A%28%22CRISPR+screen%22+OR+%22knockout+screen%22+OR+%22essentiality%22+OR+%22fitness+score%22+OR+%22piggyBac%22+OR+%22PlasmoGEM%22+OR+%22barcoded%22%29+sort_cited%3Ay&format=json&resultType=core&pageSize=10,ok,64,10,True,
Tg_fitness_in_vivo_peritoneum,"TITLE_ABS:""Toxoplasma gondii"" AND TITLE_ABS:(""CRISPR screen"" OR ""knockout screen"" OR ""essentiality"" OR ""fitness score"" OR ""piggyBac"" OR ""PlasmoGEM"" OR ""barcoded"")",FIRST_PDATE desc,https://www.ebi.ac.uk/europepmc/webservices/rest/search?query=TITLE_ABS%3A%22Toxoplasma+gondii%22+AND+TITLE_ABS%3A%28%22CRISPR+screen%22+OR+%22knockout+screen%22+OR+%22essentiality%22+OR+%22fitness+score%22+OR+%22piggyBac%22+OR+%22PlasmoGEM%22+OR+%22barcoded%22%29+sort_date%3Ay&format=json&resultType=core&pageSize=10,ok,64,10,True,
Tg_fitness_in_vivo_lung,"TITLE_ABS:""Toxoplasma gondii"" AND TITLE_ABS:(""CRISPR screen"" OR ""knockout screen"" OR ""essentiality"" OR ""fitness score"" OR ""piggyBac"" OR ""PlasmoGEM"" OR ""barcoded"")",CITED desc,https://www.ebi.ac.uk/europepmc/webservices/rest/search?query=TITLE_ABS%3A%22Toxoplasma+gondii%22+AND+TITLE_ABS%3A%28%22CRISPR+screen%22+OR+%22knockout+screen%22+OR+%22essentiality%22+OR+%22fitness+score%22+OR+%22piggyBac%22+OR+%22PlasmoGEM%22+OR+%22barcoded%22%29+sort_cited%3Ay&format=json&resultType=core&pageSize=10,ok,64,10,True,
Tg_fitness_in_vivo_lung,"TITLE_ABS:""Toxoplasma gondii"" AND TITLE_ABS:(""CRISPR screen"" OR ""knockout screen"" OR ""essentiality"" OR ""fitness score"" OR ""piggyBac"" OR ""PlasmoGEM"" OR ""barcoded"")",FIRST_PDATE desc,https://www.ebi.ac.uk/europepmc/webservices/rest/search?query=TITLE_ABS%3A%22Toxoplasma+gondii%22+AND+TITLE_ABS%3A%28%22CRISPR+screen%22+OR+%22knockout+screen%22+OR+%22essentiality%22+OR+%22fitness+score%22+OR+%22piggyBac%22+OR+%22PlasmoGEM%22+OR+%22barcoded%22%29+sort_date%3Ay&format=json&resultType=core&pageSize=10,ok,64,10,True,
Tg_fitness_in_vivo_liver,"TITLE_ABS:""Toxoplasma gondii"" AND TITLE_ABS:(""CRISPR screen"" OR ""knockout screen"" OR ""essentiality"" OR ""fitness score"" OR ""piggyBac"" OR ""PlasmoGEM"" OR ""barcoded"")",CITED desc,https://www.ebi.ac.uk/europepmc/webservices/rest/search?query=TITLE_ABS%3A%22Toxoplasma+gondii%22+AND+TITLE_ABS%3A%28%22CRISPR+screen%22+OR+%22knockout+screen%22+OR+%22essentiality%22+OR+%22fitness+score%22+OR+%22piggyBac%22+OR+%22PlasmoGEM%22+OR+%22barcoded%22%29+sort_cited%3Ay&format=json&resultType=core&pageSize=10,ok,64,10,True,
Tg_fitness_in_vivo_liver,"TITLE_ABS:""Toxoplasma gondii"" AND TITLE_ABS:(""CRISPR screen"" OR ""knockout screen"" OR ""essentiality"" OR ""fitness score"" OR ""piggyBac"" OR ""PlasmoGEM"" OR ""barcoded"")",FIRST_PDATE desc,https://www.ebi.ac.uk/europepmc/webservices/rest/search?query=TITLE_ABS%3A%22Toxoplasma+gondii%22+AND+TITLE_ABS%3A%28%22CRISPR+screen%22+OR+%22knockout+screen%22+OR+%22essentiality%22+OR+%22fitness+score%22+OR+%22piggyBac%22+OR+%22PlasmoGEM%22+OR+%22barcoded%22%29+sort_date%3Ay&format=json&resultType=core&pageSize=10,ok,64,10,True,
Tg_fitness_in_vivo_spleen,"TITLE_ABS:""Toxoplasma gondii"" AND TITLE_ABS:(""CRISPR screen"" OR ""knockout screen"" OR ""essentiality"" OR ""fitness score"" OR ""piggyBac"" OR ""PlasmoGEM"" OR ""barcoded"")",CITED desc,https://www.ebi.ac.uk/europepmc/webservices/rest/search?query=TITLE_ABS%3A%22Toxoplasma+gondii%22+AND+TITLE_ABS%3A%28%22CRISPR+screen%22+OR+%22knockout+screen%22+OR+%22essentiality%22+OR+%22fitness+score%22+OR+%22piggyBac%22+OR+%22PlasmoGEM%22+OR+%22barcoded%22%29+sort_cited%3Ay&format=json&resultType=core&pageSize=10,ok,64,10,True,
Tg_fitness_in_vivo_spleen,"TITLE_ABS:""Toxoplasma gondii"" AND TITLE_ABS:(""CRISPR screen"" OR ""knockout screen"" OR ""essentiality"" OR ""fitness score"" OR ""piggyBac"" OR ""PlasmoGEM"" OR ""barcoded"")",FIRST_PDATE desc,https://www.ebi.ac.uk/europepmc/webservices/rest/search?query=TITLE_ABS%3A%22Toxoplasma+gondii%22+AND+TITLE_ABS%3A%28%22CRISPR+screen%22+OR+%22knockout+screen%22+OR+%22essentiality%22+OR+%22fitness+score%22+OR+%22piggyBac%22+OR+%22PlasmoGEM%22+OR+%22barcoded%22%29+sort_date%3Ay&format=json&resultType=core&pageSize=10,ok,64,10,True,
Tg_fitness_in_vivo_heart,"TITLE_ABS:""Toxoplasma gondii"" AND TITLE_ABS:(""CRISPR screen"" OR ""knockout screen"" OR ""essentiality"" OR ""fitness score"" OR ""piggyBac"" OR ""PlasmoGEM"" OR ""barcoded"")",CITED desc,https://www.ebi.ac.uk/europepmc/webservices/rest/search?query=TITLE_ABS%3A%22Toxoplasma+gondii%22+AND+TITLE_ABS%3A%28%22CRISPR+screen%22+OR+%22knockout+screen%22+OR+%22essentiality%22+OR+%22fitness+score%22+OR+%22piggyBac%22+OR+%22PlasmoGEM%22+OR+%22barcoded%22%29+sort_cited%3Ay&format=json&resultType=core&pageSize=10,ok,64,10,True,
Tg_fitness_in_vivo_heart,"TITLE_ABS:""Toxoplasma gondii"" AND TITLE_ABS:(""CRISPR screen"" OR ""knockout screen"" OR ""essentiality"" OR ""fitness score"" OR ""piggyBac"" OR ""PlasmoGEM"" OR ""barcoded"")",FIRST_PDATE desc,https://www.ebi.ac.uk/europepmc/webservices/rest/search?query=TITLE_ABS%3A%22Toxoplasma+gondii%22+AND+TITLE_ABS%3A%28%22CRISPR+screen%22+OR+%22knockout+screen%22+OR+%22essentiality%22+OR+%22fitness+score%22+OR+%22piggyBac%22+OR+%22PlasmoGEM%22+OR+%22barcoded%22%29+sort_date%3Ay&format=json&resultType=core&pageSize=10,ok,64,10,True,
Tg_fitness_in_vivo_brain,"TITLE_ABS:""Toxoplasma gondii"" AND TITLE_ABS:(""CRISPR screen"" OR ""knockout screen"" OR ""essentiality"" OR ""fitness score"" OR ""piggyBac"" OR ""PlasmoGEM"" OR ""barcoded"")",CITED desc,https://www.ebi.ac.uk/europepmc/webservices/rest/search?query=TITLE_ABS%3A%22Toxoplasma+gondii%22+AND+TITLE_ABS%3A%28%22CRISPR+screen%22+OR+%22knockout+screen%22+OR+%22essentiality%22+OR+%22fitness+score%22+OR+%22piggyBac%22+OR+%22PlasmoGEM%22+OR+%22barcoded%22%29+sort_cited%3Ay&format=json&resultType=core&pageSize=10,ok,64,10,True,
Tg_fitness_in_vivo_brain,"TITLE_ABS:""Toxoplasma gondii"" AND TITLE_ABS:(""CRISPR screen"" OR ""knockout screen"" OR ""essentiality"" OR ""fitness score"" OR ""piggyBac"" OR ""PlasmoGEM"" OR ""barcoded"")",FIRST_PDATE desc,https://www.ebi.ac.uk/europepmc/webservices/rest/search?query=TITLE_ABS%3A%22Toxoplasma+gondii%22+AND+TITLE_ABS%3A%28%22CRISPR+screen%22+OR+%22knockout+screen%22+OR+%22essentiality%22+OR+%22fitness+score%22+OR+%22piggyBac%22+OR+%22PlasmoGEM%22+OR+%22barcoded%22%29+sort_date%3Ay&format=json&resultType=core&pageSize=10,ok,64,10,True,
Tg_fitness_serum_restriction,"TITLE_ABS:""Toxoplasma gondii"" AND TITLE_ABS:(""CRISPR screen"" OR ""knockout screen"" OR ""essentiality"" OR ""fitness score"" OR ""piggyBac"" OR ""PlasmoGEM"" OR ""barcoded"")",CITED desc,https://www.ebi.ac.uk/europepmc/webservices/rest/search?query=TITLE_ABS%3A%22Toxoplasma+gondii%22+AND+TITLE_ABS%3A%28%22CRISPR+screen%22+OR+%22knockout+screen%22+OR+%22essentiality%22+OR+%22fitness+score%22+OR+%22piggyBac%22+OR+%22PlasmoGEM%22+OR+%22barcoded%22%29+sort_cited%3Ay&format=json&resultType=core&pageSize=10,ok,64,10,True,
Tg_fitness_serum_restriction,"TITLE_ABS:""Toxoplasma gondii"" AND TITLE_ABS:(""CRISPR screen"" OR ""knockout screen"" OR ""essentiality"" OR ""fitness score"" OR ""piggyBac"" OR ""PlasmoGEM"" OR ""barcoded"")",FIRST_PDATE desc,https://www.ebi.ac.uk/europepmc/webservices/rest/search?query=TITLE_ABS%3A%22Toxoplasma+gondii%22+AND+TITLE_ABS%3A%28%22CRISPR+screen%22+OR+%22knockout+screen%22+OR+%22essentiality%22+OR+%22fitness+score%22+OR+%22piggyBac%22+OR+%22PlasmoGEM%22+OR+%22barcoded%22%29+sort_date%3Ay&format=json&resultType=core&pageSize=10,ok,64,10,True,
Tg_fitness_carbon_source_withdrawal,"TITLE_ABS:""Toxoplasma gondii"" AND TITLE_ABS:(""CRISPR screen"" OR ""knockout screen"" OR ""essentiality"" OR ""fitness score"" OR ""piggyBac"" OR ""PlasmoGEM"" OR ""barcoded"")",CITED desc,https://www.ebi.ac.uk/europepmc/webservices/rest/search?query=TITLE_ABS%3A%22Toxoplasma+gondii%22+AND+TITLE_ABS%3A%28%22CRISPR+screen%22+OR+%22knockout+screen%22+OR+%22essentiality%22+OR+%22fitness+score%22+OR+%22piggyBac%22+OR+%22PlasmoGEM%22+OR+%22barcoded%22%29+sort_cited%3Ay&format=json&resultType=core&pageSize=10,ok,64,10,True,
Tg_fitness_carbon_source_withdrawal,"TITLE_ABS:""Toxoplasma gondii"" AND TITLE_ABS:(""CRISPR screen"" OR ""knockout screen"" OR ""essentiality"" OR ""fitness score"" OR ""piggyBac"" OR ""PlasmoGEM"" OR ""barcoded"")",FIRST_PDATE desc,https://www.ebi.ac.uk/europepmc/webservices/rest/search?query=TITLE_ABS%3A%22Toxoplasma+gondii%22+AND+TITLE_ABS%3A%28%22CRISPR+screen%22+OR+%22knockout+screen%22+OR+%22essentiality%22+OR+%22fitness+score%22+OR+%22piggyBac%22+OR+%22PlasmoGEM%22+OR+%22barcoded%22%29+sort_date%3Ay&format=json&resultType=core&pageSize=10,ok,64,10,True,
Tg_fitness_parasite_density,"TITLE_ABS:""Toxoplasma gondii"" AND TITLE_ABS:(""CRISPR screen"" OR ""knockout screen"" OR ""essentiality"" OR ""fitness score"" OR ""piggyBac"" OR ""PlasmoGEM"" OR ""barcoded"")",CITED desc,https://www.ebi.ac.uk/europepmc/webservices/rest/search?query=TITLE_ABS%3A%22Toxoplasma+gondii%22+AND+TITLE_ABS%3A%28%22CRISPR+screen%22+OR+%22knockout+screen%22+OR+%22essentiality%22+OR+%22fitness+score%22+OR+%22piggyBac%22+OR+%22PlasmoGEM%22+OR+%22barcoded%22%29+sort_cited%3Ay&format=json&resultType=core&pageSize=10,ok,64,10,True,
Tg_fitness_parasite_density,"TITLE_ABS:""Toxoplasma gondii"" AND TITLE_ABS:(""CRISPR screen"" OR ""knockout screen"" OR ""essentiality"" OR ""fitness score"" OR ""piggyBac"" OR ""PlasmoGEM"" OR ""barcoded"")",FIRST_PDATE desc,https://www.ebi.ac.uk/europepmc/webservices/rest/search?query=TITLE_ABS%3A%22Toxoplasma+gondii%22+AND+TITLE_ABS%3A%28%22CRISPR+screen%22+OR+%22knockout+screen%22+OR+%22essentiality%22+OR+%22fitness+score%22+OR+%22piggyBac%22+OR+%22PlasmoGEM%22+OR+%22barcoded%22%29+sort_date%3Ay&format=json&resultType=core&pageSize=10,ok,64,10,True,
Tg_fitness_oxidative_stress,"TITLE_ABS:""Toxoplasma gondii"" AND TITLE_ABS:(""CRISPR screen"" OR ""knockout screen"" OR ""essentiality"" OR ""fitness score"" OR ""piggyBac"" OR ""PlasmoGEM"" OR ""barcoded"")",CITED desc,https://www.ebi.ac.uk/europepmc/webservices/rest/search?query=TITLE_ABS%3A%22Toxoplasma+gondii%22+AND+TITLE_ABS%3A%28%22CRISPR+screen%22+OR+%22knockout+screen%22+OR+%22essentiality%22+OR+%22fitness+score%22+OR+%22piggyBac%22+OR+%22PlasmoGEM%22+OR+%22barcoded%22%29+sort_cited%3Ay&format=json&resultType=core&pageSize=10,ok,64,10,True,
Tg_fitness_oxidative_stress,"TITLE_ABS:""Toxoplasma gondii"" AND TITLE_ABS:(""CRISPR screen"" OR ""knockout screen"" OR ""essentiality"" OR ""fitness score"" OR ""piggyBac"" OR ""PlasmoGEM"" OR ""barcoded"")",FIRST_PDATE desc,https://www.ebi.ac.uk/europepmc/webservices/rest/search?query=TITLE_ABS%3A%22Toxoplasma+gondii%22+AND+TITLE_ABS%3A%28%22CRISPR+screen%22+OR+%22knockout+screen%22+OR+%22essentiality%22+OR+%22fitness+score%22+OR+%22piggyBac%22+OR+%22PlasmoGEM%22+OR+%22barcoded%22%29+sort_date%3Ay&format=json&resultType=core&pageSize=10,ok,64,10,True,
Tg_fitness_hyperlopit_unassigned_proteins,"TITLE_ABS:""Toxoplasma gondii"" AND TITLE_ABS:(""CRISPR screen"" OR ""knockout screen"" OR ""essentiality"" OR ""fitness score"" OR ""piggyBac"" OR ""PlasmoGEM"" OR ""barcoded"")",CITED desc,https://www.ebi.ac.uk/europepmc/webservices/rest/search?query=TITLE_ABS%3A%22Toxoplasma+gondii%22+AND+TITLE_ABS%3A%28%22CRISPR+screen%22+OR+%22knockout+screen%22+OR+%22essentiality%22+OR+%22fitness+score%22+OR+%22piggyBac%22+OR+%22PlasmoGEM%22+OR+%22barcoded%22%29+sort_cited%3Ay&format=json&resultType=core&pageSize=10,ok,64,10,True,
Tg_fitness_hyperlopit_unassigned_proteins,"TITLE_ABS:""Toxoplasma gondii"" AND TITLE_ABS:(""CRISPR screen"" OR ""knockout screen"" OR ""essentiality"" OR ""fitness score"" OR ""piggyBac"" OR ""PlasmoGEM"" OR ""barcoded"")",FIRST_PDATE desc,https://www.ebi.ac.uk/europepmc/webservices/rest/search?query=TITLE_ABS%3A%22Toxoplasma+gondii%22+AND+TITLE_ABS%3A%28%22CRISPR+screen%22+OR+%22knockout+screen%22+OR+%22essentiality%22+OR+%22fitness+score%22+OR+%22piggyBac%22+OR+%22PlasmoGEM%22+OR+%22barcoded%22%29+sort_date%3Ay&format=json&resultType=core&pageSize=10,ok,64,10,True,
Tg_fitness_targeted_in_vivo_young_2019,"TITLE_ABS:""Toxoplasma gondii"" AND TITLE_ABS:(""CRISPR screen"" OR ""knockout screen"" OR ""essentiality"" OR ""fitness score"" OR ""piggyBac"" OR ""PlasmoGEM"" OR ""barcoded"")",CITED desc,https://www.ebi.ac.uk/europepmc/webservices/rest/search?query=TITLE_ABS%3A%22Toxoplasma+gondii%22+AND+TITLE_ABS%3A%28%22CRISPR+screen%22+OR+%22knockout+screen%22+OR+%22essentiality%22+OR+%22fitness+score%22+OR+%22piggyBac%22+OR+%22PlasmoGEM%22+OR+%22barcoded%22%29+sort_cited%3Ay&format=json&resultType=core&pageSize=10,ok,64,10,True,
Tg_fitness_targeted_in_vivo_young_2019,"TITLE_ABS:""Toxoplasma gondii"" AND TITLE_ABS:(""CRISPR screen"" OR ""knockout screen"" OR ""essentiality"" OR ""fitness score"" OR ""piggyBac"" OR ""PlasmoGEM"" OR ""barcoded"")",FIRST_PDATE desc,https://www.ebi.ac.uk/europepmc/webservices/rest/search?query=TITLE_ABS%3A%22Toxoplasma+gondii%22+AND+TITLE_ABS%3A%28%22CRISPR+screen%22+OR+%22knockout+screen%22+OR+%22essentiality%22+OR+%22fitness+score%22+OR+%22piggyBac%22+OR+%22PlasmoGEM%22+OR+%22barcoded%22%29+sort_date%3Ay&format=json&resultType=core&pageSize=10,ok,64,10,True,
Tg_genetic_interaction_delta_gra17,"TITLE_ABS:""Toxoplasma gondii"" AND TITLE_ABS:(""CRISPR screen"" OR ""knockout screen"" OR ""essentiality"" OR ""fitness score"" OR ""piggyBac"" OR ""PlasmoGEM"" OR ""barcoded"") AND TITLE_ABS:(""genetic"" OR ""interaction"")",CITED desc,https://www.ebi.ac.uk/europepmc/webservices/rest/search?query=TITLE_ABS%3A%22Toxoplasma+gondii%22+AND+TITLE_ABS%3A%28%22CRISPR+screen%22+OR+%22knockout+screen%22+OR+%22essentiality%22+OR+%22fitness+score%22+OR+%22piggyBac%22+OR+%22PlasmoGEM%22+OR+%22barcoded%22%29+AND+TITLE_ABS%3A%28%22genetic%22+OR+%22interaction%22%29+sort_cited%3Ay&format=json&resultType=core&pageSize=10,ok,13,10,True,
Tg_genetic_interaction_delta_gra17,"TITLE_ABS:""Toxoplasma gondii"" AND TITLE_ABS:(""CRISPR screen"" OR ""knockout screen"" OR ""essentiality"" OR ""fitness score"" OR ""piggyBac"" OR ""PlasmoGEM"" OR ""barcoded"") AND TITLE_ABS:(""genetic"" OR ""interaction"")",FIRST_PDATE desc,https://www.ebi.ac.uk/europepmc/webservices/rest/search?query=TITLE_ABS%3A%22Toxoplasma+gondii%22+AND+TITLE_ABS%3A%28%22CRISPR+screen%22+OR+%22knockout+screen%22+OR+%22essentiality%22+OR+%22fitness+score%22+OR+%22piggyBac%22+OR+%22PlasmoGEM%22+OR+%22barcoded%22%29+AND+TITLE_ABS%3A%28%22genetic%22+OR+%22interaction%22%29+sort_date%3Ay&format=json&resultType=core&pageSize=10,ok,13,10,True,
Tg_fitness_gra12_screen_1_in_vitro,"TITLE_ABS:""Toxoplasma gondii"" AND TITLE_ABS:(""CRISPR screen"" OR ""knockout screen"" OR ""essentiality"" OR ""fitness score"" OR ""piggyBac"" OR ""PlasmoGEM"" OR ""barcoded"")",CITED desc,https://www.ebi.ac.uk/europepmc/webservices/rest/search?query=TITLE_ABS%3A%22Toxoplasma+gondii%22+AND+TITLE_ABS%3A%28%22CRISPR+screen%22+OR+%22knockout+screen%22+OR+%22essentiality%22+OR+%22fitness+score%22+OR+%22piggyBac%22+OR+%22PlasmoGEM%22+OR+%22barcoded%22%29+sort_cited%3Ay&format=json&resultType=core&pageSize=10,ok,64,10,True,
Tg_fitness_gra12_screen_1_in_vitro,"TITLE_ABS:""Toxoplasma gondii"" AND TITLE_ABS:(""CRISPR screen"" OR ""knockout screen"" OR ""essentiality"" OR ""fitness score"" OR ""piggyBac"" OR ""PlasmoGEM"" OR ""barcoded"")",FIRST_PDATE desc,https://www.ebi.ac.uk/europepmc/webservices/rest/search?query=TITLE_ABS%3A%22Toxoplasma+gondii%22+AND+TITLE_ABS%3A%28%22CRISPR+screen%22+OR+%22knockout+screen%22+OR+%22essentiality%22+OR+%22fitness+score%22+OR+%22piggyBac%22+OR+%22PlasmoGEM%22+OR+%22barcoded%22%29+sort_date%3Ay&format=json&resultType=core&pageSize=10,ok,64,10,True,
Tg_fitness_gra12_screen_1_in_vivo,"TITLE_ABS:""Toxoplasma gondii"" AND TITLE_ABS:(""CRISPR screen"" OR ""knockout screen"" OR ""essentiality"" OR ""fitness score"" OR ""piggyBac"" OR ""PlasmoGEM"" OR ""barcoded"")",CITED desc,https://www.ebi.ac.uk/europepmc/webservices/rest/search?query=TITLE_ABS%3A%22Toxoplasma+gondii%22+AND+TITLE_ABS%3A%28%22CRISPR+screen%22+OR+%22knockout+screen%22+OR+%22essentiality%22+OR+%22fitness+score%22+OR+%22piggyBac%22+OR+%22PlasmoGEM%22+OR+%22barcoded%22%29+sort_cited%3Ay&format=json&resultType=core&pageSize=10,ok,64,10,True,
Tg_fitness_gra12_screen_1_in_vivo,"TITLE_ABS:""Toxoplasma gondii"" AND TITLE_ABS:(""CRISPR screen"" OR ""knockout screen"" OR ""essentiality"" OR ""fitness score"" OR ""piggyBac"" OR ""PlasmoGEM"" OR ""barcoded"")",FIRST_PDATE desc,https://www.ebi.ac.uk/europepmc/webservices/rest/search?query=TITLE_ABS%3A%22Toxoplasma+gondii%22+AND+TITLE_ABS%3A%28%22CRISPR+screen%22+OR+%22knockout+screen%22+OR+%22essentiality%22+OR+%22fitness+score%22+OR+%22piggyBac%22+OR+%22PlasmoGEM%22+OR+%22barcoded%22%29+sort_date%3Ay&format=json&resultType=core&pageSize=10,ok,64,10,True,
Tg_fitness_gra12_screen_1_differential,"TITLE_ABS:""Toxoplasma gondii"" AND TITLE_ABS:(""CRISPR screen"" OR ""knockout screen"" OR ""essentiality"" OR ""fitness score"" OR ""piggyBac"" OR ""PlasmoGEM"" OR ""barcoded"")",CITED desc,https://www.ebi.ac.uk/europepmc/webservices/rest/search?query=TITLE_ABS%3A%22Toxoplasma+gondii%22+AND+TITLE_ABS%3A%28%22CRISPR+screen%22+OR+%22knockout+screen%22+OR+%22essentiality%22+OR+%22fitness+score%22+OR+%22piggyBac%22+OR+%22PlasmoGEM%22+OR+%22barcoded%22%29+sort_cited%3Ay&format=json&resultType=core&pageSize=10,ok,64,10,True,
Tg_fitness_gra12_screen_1_differential,"TITLE_ABS:""Toxoplasma gondii"" AND TITLE_ABS:(""CRISPR screen"" OR ""knockout screen"" OR ""essentiality"" OR ""fitness score"" OR ""piggyBac"" OR ""PlasmoGEM"" OR ""barcoded"")",FIRST_PDATE desc,https://www.ebi.ac.uk/europepmc/webservices/rest/search?query=TITLE_ABS%3A%22Toxoplasma+gondii%22+AND+TITLE_ABS%3A%28%22CRISPR+screen%22+OR+%22knockout+screen%22+OR+%22essentiality%22+OR+%22fitness+score%22+OR+%22piggyBac%22+OR+%22PlasmoGEM%22+OR+%22barcoded%22%29+sort_date%3Ay&format=json&resultType=core&pageSize=10,ok,64,10,True,
Tg_fitness_gra12_screen_2_in_vitro,"TITLE_ABS:""Toxoplasma gondii"" AND TITLE_ABS:(""CRISPR screen"" OR ""knockout screen"" OR ""essentiality"" OR ""fitness score"" OR ""piggyBac"" OR ""PlasmoGEM"" OR ""barcoded"")",CITED desc,https://www.ebi.ac.uk/europepmc/webservices/rest/search?query=TITLE_ABS%3A%22Toxoplasma+gondii%22+AND+TITLE_ABS%3A%28%22CRISPR+screen%22+OR+%22knockout+screen%22+OR+%22essentiality%22+OR+%22fitness+score%22+OR+%22piggyBac%22+OR+%22PlasmoGEM%22+OR+%22barcoded%22%29+sort_cited%3Ay&format=json&resultType=core&pageSize=10,ok,64,10,True,
Tg_fitness_gra12_screen_2_in_vitro,"TITLE_ABS:""Toxoplasma gondii"" AND TITLE_ABS:(""CRISPR screen"" OR ""knockout screen"" OR ""essentiality"" OR ""fitness score"" OR ""piggyBac"" OR ""PlasmoGEM"" OR ""barcoded"")",FIRST_PDATE desc,https://www.ebi.ac.uk/europepmc/webservices/rest/search?query=TITLE_ABS%3A%22Toxoplasma+gondii%22+AND+TITLE_ABS%3A%28%22CRISPR+screen%22+OR+%22knockout+screen%22+OR+%22essentiality%22+OR+%22fitness+score%22+OR+%22piggyBac%22+OR+%22PlasmoGEM%22+OR+%22barcoded%22%29+sort_date%3Ay&format=json&resultType=core&pageSize=10,ok,64,10,True,
Tg_fitness_gra12_screen_2_in_vivo,"TITLE_ABS:""Toxoplasma gondii"" AND TITLE_ABS:(""CRISPR screen"" OR ""knockout screen"" OR ""essentiality"" OR ""fitness score"" OR ""piggyBac"" OR ""PlasmoGEM"" OR ""barcoded"")",CITED desc,https://www.ebi.ac.uk/europepmc/webservices/rest/search?query=TITLE_ABS%3A%22Toxoplasma+gondii%22+AND+TITLE_ABS%3A%28%22CRISPR+screen%22+OR+%22knockout+screen%22+OR+%22essentiality%22+OR+%22fitness+score%22+OR+%22piggyBac%22+OR+%22PlasmoGEM%22+OR+%22barcoded%22%29+sort_cited%3Ay&format=json&resultType=core&pageSize=10,ok,64,10,True,
Tg_fitness_gra12_screen_2_in_vivo,"TITLE_ABS:""Toxoplasma gondii"" AND TITLE_ABS:(""CRISPR screen"" OR ""knockout screen"" OR ""essentiality"" OR ""fitness score"" OR ""piggyBac"" OR ""PlasmoGEM"" OR ""barcoded"")",FIRST_PDATE desc,https://www.ebi.ac.uk/europepmc/webservices/rest/search?query=TITLE_ABS%3A%22Toxoplasma+gondii%22+AND+TITLE_ABS%3A%28%22CRISPR+screen%22+OR+%22knockout+screen%22+OR+%22essentiality%22+OR+%22fitness+score%22+OR+%22piggyBac%22+OR+%22PlasmoGEM%22+OR+%22barcoded%22%29+sort_date%3Ay&format=json&resultType=core&pageSize=10,ok,64,10,True,
Tg_fitness_gra12_screen_2_differential,"TITLE_ABS:""Toxoplasma gondii"" AND TITLE_ABS:(""CRISPR screen"" OR ""knockout screen"" OR ""essentiality"" OR ""fitness score"" OR ""piggyBac"" OR ""PlasmoGEM"" OR ""barcoded"")",CITED desc,https://www.ebi.ac.uk/europepmc/webservices/rest/search?query=TITLE_ABS%3A%22Toxoplasma+gondii%22+AND+TITLE_ABS%3A%28%22CRISPR+screen%22+OR+%22knockout+screen%22+OR+%22essentiality%22+OR+%22fitness+score%22+OR+%22piggyBac%22+OR+%22PlasmoGEM%22+OR+%22barcoded%22%29+sort_cited%3Ay&format=json&resultType=core&pageSize=10,ok,64,10,True,
Tg_fitness_gra12_screen_2_differential,"TITLE_ABS:""Toxoplasma gondii"" AND TITLE_ABS:(""CRISPR screen"" OR ""knockout screen"" OR ""essentiality"" OR ""fitness score"" OR ""piggyBac"" OR ""PlasmoGEM"" OR ""barcoded"")",FIRST_PDATE desc,https://www.ebi.ac.uk/europepmc/webservices/rest/search?query=TITLE_ABS%3A%22Toxoplasma+gondii%22+AND+TITLE_ABS%3A%28%22CRISPR+screen%22+OR+%22knockout+screen%22+OR+%22essentiality%22+OR+%22fitness+score%22+OR+%22piggyBac%22+OR+%22PlasmoGEM%22+OR+%22barcoded%22%29+sort_date%3Ay&format=json&resultType=core&pageSize=10,ok,64,10,True,
Tg_stage_conversion_phenotype,"TITLE_ABS:""Toxoplasma gondii"" AND TITLE_ABS:(""CRISPR screen"" OR ""knockout screen"" OR ""essentiality"" OR ""fitness score"" OR ""piggyBac"" OR ""PlasmoGEM"" OR ""barcoded"") AND TITLE_ABS:(""stage-conversion"" OR ""phenotype"")",CITED desc,https://www.ebi.ac.uk/europepmc/webservices/rest/search?query=TITLE_ABS%3A%22Toxoplasma+gondii%22+AND+TITLE_ABS%3A%28%22CRISPR+screen%22+OR+%22knockout+screen%22+OR+%22essentiality%22+OR+%22fitness+score%22+OR+%22piggyBac%22+OR+%22PlasmoGEM%22+OR+%22barcoded%22%29+AND+TITLE_ABS%3A%28%22stage-conversion%22+OR+%22phenotype%22%29+sort_cited%3Ay&format=json&resultType=core&pageSize=10,ok,3,3,False,
Tg_stage_conversion_phenotype,"TITLE_ABS:""Toxoplasma gondii"" AND TITLE_ABS:(""CRISPR screen"" OR ""knockout screen"" OR ""essentiality"" OR ""fitness score"" OR ""piggyBac"" OR ""PlasmoGEM"" OR ""barcoded"") AND TITLE_ABS:(""stage-conversion"" OR ""phenotype"")",FIRST_PDATE desc,https://www.ebi.ac.uk/europepmc/webservices/rest/search?query=TITLE_ABS%3A%22Toxoplasma+gondii%22+AND+TITLE_ABS%3A%28%22CRISPR+screen%22+OR+%22knockout+screen%22+OR+%22essentiality%22+OR+%22fitness+score%22+OR+%22piggyBac%22+OR+%22PlasmoGEM%22+OR+%22barcoded%22%29+AND+TITLE_ABS%3A%28%22stage-conversion%22+OR+%22phenotype%22%29+sort_date%3Ay&format=json&resultType=core&pageSize=10,ok,3,3,False,
Tg_drug_sensitivity,"TITLE_ABS:""Toxoplasma gondii"" AND TITLE_ABS:(""CRISPR screen"" OR ""knockout screen"" OR ""essentiality"" OR ""fitness score"" OR ""piggyBac"" OR ""PlasmoGEM"" OR ""barcoded"") AND TITLE_ABS:(""drug"" OR ""sensitivity"")",CITED desc,https://www.ebi.ac.uk/europepmc/webservices/rest/search?query=TITLE_ABS%3A%22Toxoplasma+gondii%22+AND+TITLE_ABS%3A%28%22CRISPR+screen%22+OR+%22knockout+screen%22+OR+%22essentiality%22+OR+%22fitness+score%22+OR+%22piggyBac%22+OR+%22PlasmoGEM%22+OR+%22barcoded%22%29+AND+TITLE_ABS%3A%28%22drug%22+OR+%22sensitivity%22%29+sort_cited%3Ay&format=json&resultType=core&pageSize=10,ok,14,10,True,
Tg_drug_sensitivity,"TITLE_ABS:""Toxoplasma gondii"" AND TITLE_ABS:(""CRISPR screen"" OR ""knockout screen"" OR ""essentiality"" OR ""fitness score"" OR ""piggyBac"" OR ""PlasmoGEM"" OR ""barcoded"") AND TITLE_ABS:(""drug"" OR ""sensitivity"")",FIRST_PDATE desc,https://www.ebi.ac.uk/europepmc/webservices/rest/search?query=TITLE_ABS%3A%22Toxoplasma+gondii%22+AND+TITLE_ABS%3A%28%22CRISPR+screen%22+OR+%22knockout+screen%22+OR+%22essentiality%22+OR+%22fitness+score%22+OR+%22piggyBac%22+OR+%22PlasmoGEM%22+OR+%22barcoded%22%29+AND+TITLE_ABS%3A%28%22drug%22+OR+%22sensitivity%22%29+sort_date%3Ay&format=json&resultType=core&pageSize=10,ok,14,10,True,
Tg_tf_binding_per_factor,"TITLE_ABS:""Toxoplasma gondii"" AND TITLE_ABS:(""ChIP-seq"" OR ""ATAC-seq"" OR ""chromatin"" OR ""histone"" OR ""Hi-C"" OR ""m6A"" OR ""splicing"") AND TITLE_ABS:(""binding"")",CITED desc,https://www.ebi.ac.uk/europepmc/webservices/rest/search?query=TITLE_ABS%3A%22Toxoplasma+gondii%22+AND+TITLE_ABS%3A%28%22ChIP-seq%22+OR+%22ATAC-seq%22+OR+%22chromatin%22+OR+%22histone%22+OR+%22Hi-C%22+OR+%22m6A%22+OR+%22splicing%22%29+AND+TITLE_ABS%3A%28%22binding%22%29+sort_cited%3Ay&format=json&resultType=core&pageSize=10,ok,48,10,True,
Tg_tf_binding_per_factor,"TITLE_ABS:""Toxoplasma gondii"" AND TITLE_ABS:(""ChIP-seq"" OR ""ATAC-seq"" OR ""chromatin"" OR ""histone"" OR ""Hi-C"" OR ""m6A"" OR ""splicing"") AND TITLE_ABS:(""binding"")",FIRST_PDATE desc,https://www.ebi.ac.uk/europepmc/webservices/rest/search?query=TITLE_ABS%3A%22Toxoplasma+gondii%22+AND+TITLE_ABS%3A%28%22ChIP-seq%22+OR+%22ATAC-seq%22+OR+%22chromatin%22+OR+%22histone%22+OR+%22Hi-C%22+OR+%22m6A%22+OR+%22splicing%22%29+AND+TITLE_ABS%3A%28%22binding%22%29+sort_date%3Ay&format=json&resultType=core&pageSize=10,ok,48,10,True,
Tg_chromatin_state_histone_marks,"TITLE_ABS:""Toxoplasma gondii"" AND TITLE_ABS:(""ChIP-seq"" OR ""ATAC-seq"" OR ""chromatin"" OR ""histone"" OR ""Hi-C"" OR ""m6A"" OR ""splicing"") AND TITLE_ABS:(""chromatin"" OR ""state"")",CITED desc,https://www.ebi.ac.uk/europepmc/webservices/rest/search?query=TITLE_ABS%3A%22Toxoplasma+gondii%22+AND+TITLE_ABS%3A%28%22ChIP-seq%22+OR+%22ATAC-seq%22+OR+%22chromatin%22+OR+%22histone%22+OR+%22Hi-C%22+OR+%22m6A%22+OR+%22splicing%22%29+AND+TITLE_ABS%3A%28%22chromatin%22+OR+%22state%22%29+sort_cited%3Ay&format=json&resultType=core&pageSize=10,ok,126,10,True,
Tg_chromatin_state_histone_marks,"TITLE_ABS:""Toxoplasma gondii"" AND TITLE_ABS:(""ChIP-seq"" OR ""ATAC-seq"" OR ""chromatin"" OR ""histone"" OR ""Hi-C"" OR ""m6A"" OR ""splicing"") AND TITLE_ABS:(""chromatin"" OR ""state"")",FIRST_PDATE desc,https://www.ebi.ac.uk/europepmc/webservices/rest/search?query=TITLE_ABS%3A%22Toxoplasma+gondii%22+AND+TITLE_ABS%3A%28%22ChIP-seq%22+OR+%22ATAC-seq%22+OR+%22chromatin%22+OR+%22histone%22+OR+%22Hi-C%22+OR+%22m6A%22+OR+%22splicing%22%29+AND+TITLE_ABS%3A%28%22chromatin%22+OR+%22state%22%29+sort_date%3Ay&format=json&resultType=core&pageSize=10,ok,126,10,True,
Tg_chromatin_accessibility,"TITLE_ABS:""Toxoplasma gondii"" AND TITLE_ABS:(""ChIP-seq"" OR ""ATAC-seq"" OR ""chromatin"" OR ""histone"" OR ""Hi-C"" OR ""m6A"" OR ""splicing"") AND TITLE_ABS:(""chromatin"" OR ""accessibility"")",CITED desc,https://www.ebi.ac.uk/europepmc/webservices/rest/search?query=TITLE_ABS%3A%22Toxoplasma+gondii%22+AND+TITLE_ABS%3A%28%22ChIP-seq%22+OR+%22ATAC-seq%22+OR+%22chromatin%22+OR+%22histone%22+OR+%22Hi-C%22+OR+%22m6A%22+OR+%22splicing%22%29+AND+TITLE_ABS%3A%28%22chromatin%22+OR+%22accessibility%22%29+sort_cited%3Ay&format=json&resultType=core&pageSize=10,ok,124,10,True,
Tg_chromatin_accessibility,"TITLE_ABS:""Toxoplasma gondii"" AND TITLE_ABS:(""ChIP-seq"" OR ""ATAC-seq"" OR ""chromatin"" OR ""histone"" OR ""Hi-C"" OR ""m6A"" OR ""splicing"") AND TITLE_ABS:(""chromatin"" OR ""accessibility"")",FIRST_PDATE desc,https://www.ebi.ac.uk/europepmc/webservices/rest/search?query=TITLE_ABS%3A%22Toxoplasma+gondii%22+AND+TITLE_ABS%3A%28%22ChIP-seq%22+OR+%22ATAC-seq%22+OR+%22chromatin%22+OR+%22histone%22+OR+%22Hi-C%22+OR+%22m6A%22+OR+%22splicing%22%29+AND+TITLE_ABS%3A%28%22chromatin%22+OR+%22accessibility%22%29+sort_date%3Ay&format=json&resultType=core&pageSize=10,ok,124,10,True,
Tg_rna_modification_m6a_5mc,"TITLE_ABS:""Toxoplasma gondii"" AND TITLE_ABS:(""ChIP-seq"" OR ""ATAC-seq"" OR ""chromatin"" OR ""histone"" OR ""Hi-C"" OR ""m6A"" OR ""splicing"") AND TITLE_ABS:(""modification"") AND TITLE_ABS:""tachyzoite""",CITED desc,https://www.ebi.ac.uk/europepmc/webservices/rest/search?query=TITLE_ABS%3A%22Toxoplasma+gondii%22+AND+TITLE_ABS%3A%28%22ChIP-seq%22+OR+%22ATAC-seq%22+OR+%22chromatin%22+OR+%22histone%22+OR+%22Hi-C%22+OR+%22m6A%22+OR+%22splicing%22%29+AND+TITLE_ABS%3A%28%22modification%22%29+AND+TITLE_ABS%3A%22tachyzoite%22+sort_cited%3Ay&format=json&resultType=core&pageSize=10,ok,8,8,False,
Tg_rna_modification_m6a_5mc,"TITLE_ABS:""Toxoplasma gondii"" AND TITLE_ABS:(""ChIP-seq"" OR ""ATAC-seq"" OR ""chromatin"" OR ""histone"" OR ""Hi-C"" OR ""m6A"" OR ""splicing"") AND TITLE_ABS:(""modification"") AND TITLE_ABS:""tachyzoite""",FIRST_PDATE desc,https://www.ebi.ac.uk/europepmc/webservices/rest/search?query=TITLE_ABS%3A%22Toxoplasma+gondii%22+AND+TITLE_ABS%3A%28%22ChIP-seq%22+OR+%22ATAC-seq%22+OR+%22chromatin%22+OR+%22histone%22+OR+%22Hi-C%22+OR+%22m6A%22+OR+%22splicing%22%29+AND+TITLE_ABS%3A%28%22modification%22%29+AND+TITLE_ABS%3A%22tachyzoite%22+sort_date%3Ay&format=json&resultType=core&pageSize=10,ok,8,8,False,
Tg_5_utr_architecture,"TITLE_ABS:""Toxoplasma gondii"" AND TITLE_ABS:(""genome"" OR ""domain"" OR ""ortholog"" OR ""paralog"" OR ""AlphaFold"" OR ""structure prediction"") AND TITLE_ABS:(""architecture"")",CITED desc,https://www.ebi.ac.uk/europepmc/webservices/rest/search?query=TITLE_ABS%3A%22Toxoplasma+gondii%22+AND+TITLE_ABS%3A%28%22genome%22+OR+%22domain%22+OR+%22ortholog%22+OR+%22paralog%22+OR+%22AlphaFold%22+OR+%22structure+prediction%22%29+AND+TITLE_ABS%3A%28%22architecture%22%29+sort_cited%3Ay&format=json&resultType=core&pageSize=10,ok,35,10,True,
Tg_5_utr_architecture,"TITLE_ABS:""Toxoplasma gondii"" AND TITLE_ABS:(""genome"" OR ""domain"" OR ""ortholog"" OR ""paralog"" OR ""AlphaFold"" OR ""structure prediction"") AND TITLE_ABS:(""architecture"")",FIRST_PDATE desc,https://www.ebi.ac.uk/europepmc/webservices/rest/search?query=TITLE_ABS%3A%22Toxoplasma+gondii%22+AND+TITLE_ABS%3A%28%22genome%22+OR+%22domain%22+OR+%22ortholog%22+OR+%22paralog%22+OR+%22AlphaFold%22+OR+%22structure+prediction%22%29+AND+TITLE_ABS%3A%28%22architecture%22%29+sort_date%3Ay&format=json&resultType=core&pageSize=10,ok,35,10,True,
Tg_splicing_isoform_use,"TITLE_ABS:""Toxoplasma gondii"" AND TITLE_ABS:(""ChIP-seq"" OR ""ATAC-seq"" OR ""chromatin"" OR ""histone"" OR ""Hi-C"" OR ""m6A"" OR ""splicing"") AND TITLE_ABS:(""splicing"" OR ""isoform"")",CITED desc,https://www.ebi.ac.uk/europepmc/webservices/rest/search?query=TITLE_ABS%3A%22Toxoplasma+gondii%22+AND+TITLE_ABS%3A%28%22ChIP-seq%22+OR+%22ATAC-seq%22+OR+%22chromatin%22+OR+%22histone%22+OR+%22Hi-C%22+OR+%22m6A%22+OR+%22splicing%22%29+AND+TITLE_ABS%3A%28%22splicing%22+OR+%22isoform%22%29+sort_cited%3Ay&format=json&resultType=core&pageSize=10,ok,44,10,True,
Tg_splicing_isoform_use,"TITLE_ABS:""Toxoplasma gondii"" AND TITLE_ABS:(""ChIP-seq"" OR ""ATAC-seq"" OR ""chromatin"" OR ""histone"" OR ""Hi-C"" OR ""m6A"" OR ""splicing"") AND TITLE_ABS:(""splicing"" OR ""isoform"")",FIRST_PDATE desc,https://www.ebi.ac.uk/europepmc/webservices/rest/search?query=TITLE_ABS%3A%22Toxoplasma+gondii%22+AND+TITLE_ABS%3A%28%22ChIP-seq%22+OR+%22ATAC-seq%22+OR+%22chromatin%22+OR+%22histone%22+OR+%22Hi-C%22+OR+%22m6A%22+OR+%22splicing%22%29+AND+TITLE_ABS%3A%28%22splicing%22+OR+%22isoform%22%29+sort_date%3Ay&format=json&resultType=core&pageSize=10,ok,44,10,True,
Tg_rna_stability_half_life,"TITLE_ABS:""Toxoplasma gondii"" AND TITLE_ABS:(""ChIP-seq"" OR ""ATAC-seq"" OR ""chromatin"" OR ""histone"" OR ""Hi-C"" OR ""m6A"" OR ""splicing"") AND TITLE_ABS:(""stability"" OR ""half-life"") AND TITLE_ABS:""tachyzoite""",CITED desc,https://www.ebi.ac.uk/europepmc/webservices/rest/search?query=TITLE_ABS%3A%22Toxoplasma+gondii%22+AND+TITLE_ABS%3A%28%22ChIP-seq%22+OR+%22ATAC-seq%22+OR+%22chromatin%22+OR+%22histone%22+OR+%22Hi-C%22+OR+%22m6A%22+OR+%22splicing%22%29+AND+TITLE_ABS%3A%28%22stability%22+OR+%22half-life%22%29+AND+TITLE_ABS%3A%22tachyzoite%22+sort_cited%3Ay&format=json&resultType=core&pageSize=10,ok,0,0,False,
Tg_rna_stability_half_life,"TITLE_ABS:""Toxoplasma gondii"" AND TITLE_ABS:(""ChIP-seq"" OR ""ATAC-seq"" OR ""chromatin"" OR ""histone"" OR ""Hi-C"" OR ""m6A"" OR ""splicing"") AND TITLE_ABS:(""stability"" OR ""half-life"") AND TITLE_ABS:""tachyzoite""",FIRST_PDATE desc,https://www.ebi.ac.uk/europepmc/webservices/rest/search?query=TITLE_ABS%3A%22Toxoplasma+gondii%22+AND+TITLE_ABS%3A%28%22ChIP-seq%22+OR+%22ATAC-seq%22+OR+%22chromatin%22+OR+%22histone%22+OR+%22Hi-C%22+OR+%22m6A%22+OR+%22splicing%22%29+AND+TITLE_ABS%3A%28%22stability%22+OR+%22half-life%22%29+AND+TITLE_ABS%3A%22tachyzoite%22+sort_date%3Ay&format=json&resultType=core&pageSize=10,ok,0,0,False,
Tg_localization_measured,"TITLE_ABS:""Toxoplasma gondii"" AND TITLE_ABS:(""hyperLOPIT"" OR ""spatial proteome"" OR ""subcellular localization"" OR ""GFP tagging"" OR ""exportome"" OR ""secretome"")",CITED desc,https://www.ebi.ac.uk/europepmc/webservices/rest/search?query=TITLE_ABS%3A%22Toxoplasma+gondii%22+AND+TITLE_ABS%3A%28%22hyperLOPIT%22+OR+%22spatial+proteome%22+OR+%22subcellular+localization%22+OR+%22GFP+tagging%22+OR+%22exportome%22+OR+%22secretome%22%29+sort_cited%3Ay&format=json&resultType=core&pageSize=10,ok,92,10,True,
Tg_localization_measured,"TITLE_ABS:""Toxoplasma gondii"" AND TITLE_ABS:(""hyperLOPIT"" OR ""spatial proteome"" OR ""subcellular localization"" OR ""GFP tagging"" OR ""exportome"" OR ""secretome"")",FIRST_PDATE desc,https://www.ebi.ac.uk/europepmc/webservices/rest/search?query=TITLE_ABS%3A%22Toxoplasma+gondii%22+AND+TITLE_ABS%3A%28%22hyperLOPIT%22+OR+%22spatial+proteome%22+OR+%22subcellular+localization%22+OR+%22GFP+tagging%22+OR+%22exportome%22+OR+%22secretome%22%29+sort_date%3Ay&format=json&resultType=core&pageSize=10,ok,92,10,True,
Tg_localization_transferred,"TITLE_ABS:""Toxoplasma gondii"" AND TITLE_ABS:(""hyperLOPIT"" OR ""spatial proteome"" OR ""subcellular localization"" OR ""GFP tagging"" OR ""exportome"" OR ""secretome"")",CITED desc,https://www.ebi.ac.uk/europepmc/webservices/rest/search?query=TITLE_ABS%3A%22Toxoplasma+gondii%22+AND+TITLE_ABS%3A%28%22hyperLOPIT%22+OR+%22spatial+proteome%22+OR+%22subcellular+localization%22+OR+%22GFP+tagging%22+OR+%22exportome%22+OR+%22secretome%22%29+sort_cited%3Ay&format=json&resultType=core&pageSize=10,ok,92,10,True,
Tg_localization_transferred,"TITLE_ABS:""Toxoplasma gondii"" AND TITLE_ABS:(""hyperLOPIT"" OR ""spatial proteome"" OR ""subcellular localization"" OR ""GFP tagging"" OR ""exportome"" OR ""secretome"")",FIRST_PDATE desc,https://www.ebi.ac.uk/europepmc/webservices/rest/search?query=TITLE_ABS%3A%22Toxoplasma+gondii%22+AND+TITLE_ABS%3A%28%22hyperLOPIT%22+OR+%22spatial+proteome%22+OR+%22subcellular+localization%22+OR+%22GFP+tagging%22+OR+%22exportome%22+OR+%22secretome%22%29+sort_date%3Ay&format=json&resultType=core&pageSize=10,ok,92,10,True,
Tg_membrane_topology,"TITLE_ABS:""Toxoplasma gondii"" AND TITLE_ABS:(""hyperLOPIT"" OR ""spatial proteome"" OR ""subcellular localization"" OR ""GFP tagging"" OR ""exportome"" OR ""secretome"") AND TITLE_ABS:(""membrane"" OR ""topology"")",CITED desc,https://www.ebi.ac.uk/europepmc/webservices/rest/search?query=TITLE_ABS%3A%22Toxoplasma+gondii%22+AND+TITLE_ABS%3A%28%22hyperLOPIT%22+OR+%22spatial+proteome%22+OR+%22subcellular+localization%22+OR+%22GFP+tagging%22+OR+%22exportome%22+OR+%22secretome%22%29+AND+TITLE_ABS%3A%28%22membrane%22+OR+%22topology%22%29+sort_cited%3Ay&format=json&resultType=core&pageSize=10,ok,28,10,True,
Tg_membrane_topology,"TITLE_ABS:""Toxoplasma gondii"" AND TITLE_ABS:(""hyperLOPIT"" OR ""spatial proteome"" OR ""subcellular localization"" OR ""GFP tagging"" OR ""exportome"" OR ""secretome"") AND TITLE_ABS:(""membrane"" OR ""topology"")",FIRST_PDATE desc,https://www.ebi.ac.uk/europepmc/webservices/rest/search?query=TITLE_ABS%3A%22Toxoplasma+gondii%22+AND+TITLE_ABS%3A%28%22hyperLOPIT%22+OR+%22spatial+proteome%22+OR+%22subcellular+localization%22+OR+%22GFP+tagging%22+OR+%22exportome%22+OR+%22secretome%22%29+AND+TITLE_ABS%3A%28%22membrane%22+OR+%22topology%22%29+sort_date%3Ay&format=json&resultType=core&pageSize=10,ok,28,10,True,
Tg_exposure_to_host_cytosol,"TITLE_ABS:""Toxoplasma gondii"" AND TITLE_ABS:(""hyperLOPIT"" OR ""spatial proteome"" OR ""subcellular localization"" OR ""GFP tagging"" OR ""exportome"" OR ""secretome"") AND TITLE_ABS:(""exposure"" OR ""host"" OR ""cytosol"")",CITED desc,https://www.ebi.ac.uk/europepmc/webservices/rest/search?query=TITLE_ABS%3A%22Toxoplasma+gondii%22+AND+TITLE_ABS%3A%28%22hyperLOPIT%22+OR+%22spatial+proteome%22+OR+%22subcellular+localization%22+OR+%22GFP+tagging%22+OR+%22exportome%22+OR+%22secretome%22%29+AND+TITLE_ABS%3A%28%22exposure%22+OR+%22host%22+OR+%22cytosol%22%29+sort_cited%3Ay&format=json&resultType=core&pageSize=10,ok,56,10,True,
Tg_exposure_to_host_cytosol,"TITLE_ABS:""Toxoplasma gondii"" AND TITLE_ABS:(""hyperLOPIT"" OR ""spatial proteome"" OR ""subcellular localization"" OR ""GFP tagging"" OR ""exportome"" OR ""secretome"") AND TITLE_ABS:(""exposure"" OR ""host"" OR ""cytosol"")",FIRST_PDATE desc,https://www.ebi.ac.uk/europepmc/webservices/rest/search?query=TITLE_ABS%3A%22Toxoplasma+gondii%22+AND+TITLE_ABS%3A%28%22hyperLOPIT%22+OR+%22spatial+proteome%22+OR+%22subcellular+localization%22+OR+%22GFP+tagging%22+OR+%22exportome%22+OR+%22secretome%22%29+AND+TITLE_ABS%3A%28%22exposure%22+OR+%22host%22+OR+%22cytosol%22%29+sort_date%3Ay&format=json&resultType=core&pageSize=10,ok,56,10,True,
Tg_secretome_excreted,"TITLE_ABS:""Toxoplasma gondii"" AND TITLE_ABS:(""hyperLOPIT"" OR ""spatial proteome"" OR ""subcellular localization"" OR ""GFP tagging"" OR ""exportome"" OR ""secretome"") AND TITLE_ABS:(""secretome"" OR ""excreted"")",CITED desc,https://www.ebi.ac.uk/europepmc/webservices/rest/search?query=TITLE_ABS%3A%22Toxoplasma+gondii%22+AND+TITLE_ABS%3A%28%22hyperLOPIT%22+OR+%22spatial+proteome%22+OR+%22subcellular+localization%22+OR+%22GFP+tagging%22+OR+%22exportome%22+OR+%22secretome%22%29+AND+TITLE_ABS%3A%28%22secretome%22+OR+%22excreted%22%29+sort_cited%3Ay&format=json&resultType=core&pageSize=10,ok,9,9,False,
Tg_secretome_excreted,"TITLE_ABS:""Toxoplasma gondii"" AND TITLE_ABS:(""hyperLOPIT"" OR ""spatial proteome"" OR ""subcellular localization"" OR ""GFP tagging"" OR ""exportome"" OR ""secretome"") AND TITLE_ABS:(""secretome"" OR ""excreted"")",FIRST_PDATE desc,https://www.ebi.ac.uk/europepmc/webservices/rest/search?query=TITLE_ABS%3A%22Toxoplasma+gondii%22+AND+TITLE_ABS%3A%28%22hyperLOPIT%22+OR+%22spatial+proteome%22+OR+%22subcellular+localization%22+OR+%22GFP+tagging%22+OR+%22exportome%22+OR+%22secretome%22%29+AND+TITLE_ABS%3A%28%22secretome%22+OR+%22excreted%22%29+sort_date%3Ay&format=json&resultType=core&pageSize=10,ok,9,9,False,
Tg_co_transcription,"TITLE_ABS:""Toxoplasma gondii"" AND TITLE_ABS:(""interactome"" OR ""interaction"" OR ""co-immunoprecipitation"" OR ""BioID"" OR ""TurboID"" OR ""crosslinking mass spectrometry"" OR ""yeast two-hybrid"") AND TITLE_ABS:(""co-transcription"")",CITED desc,https://www.ebi.ac.uk/europepmc/webservices/rest/search?query=TITLE_ABS%3A%22Toxoplasma+gondii%22+AND+TITLE_ABS%3A%28%22interactome%22+OR+%22interaction%22+OR+%22co-immunoprecipitation%22+OR+%22BioID%22+OR+%22TurboID%22+OR+%22crosslinking+mass+spectrometry%22+OR+%22yeast+two-hybrid%22%29+AND+TITLE_ABS%3A%28%22co-transcription%22%29+sort_cited%3Ay&format=json&resultType=core&pageSize=10,ok,0,0,False,
Tg_co_transcription,"TITLE_ABS:""Toxoplasma gondii"" AND TITLE_ABS:(""interactome"" OR ""interaction"" OR ""co-immunoprecipitation"" OR ""BioID"" OR ""TurboID"" OR ""crosslinking mass spectrometry"" OR ""yeast two-hybrid"") AND TITLE_ABS:(""co-transcription"")",FIRST_PDATE desc,https://www.ebi.ac.uk/europepmc/webservices/rest/search?query=TITLE_ABS%3A%22Toxoplasma+gondii%22+AND+TITLE_ABS%3A%28%22interactome%22+OR+%22interaction%22+OR+%22co-immunoprecipitation%22+OR+%22BioID%22+OR+%22TurboID%22+OR+%22crosslinking+mass+spectrometry%22+OR+%22yeast+two-hybrid%22%29+AND+TITLE_ABS%3A%28%22co-transcription%22%29+sort_date%3Ay&format=json&resultType=core&pageSize=10,ok,0,0,False,
Tg_co_translation,"TITLE_ABS:""Toxoplasma gondii"" AND TITLE_ABS:(""interactome"" OR ""interaction"" OR ""co-immunoprecipitation"" OR ""BioID"" OR ""TurboID"" OR ""crosslinking mass spectrometry"" OR ""yeast two-hybrid"") AND TITLE_ABS:(""co-translation"")",CITED desc,https://www.ebi.ac.uk/europepmc/webservices/rest/search?query=TITLE_ABS%3A%22Toxoplasma+gondii%22+AND+TITLE_ABS%3A%28%22interactome%22+OR+%22interaction%22+OR+%22co-immunoprecipitation%22+OR+%22BioID%22+OR+%22TurboID%22+OR+%22crosslinking+mass+spectrometry%22+OR+%22yeast+two-hybrid%22%29+AND+TITLE_ABS%3A%28%22co-translation%22%29+sort_cited%3Ay&format=json&resultType=core&pageSize=10,ok,0,0,False,
Tg_co_translation,"TITLE_ABS:""Toxoplasma gondii"" AND TITLE_ABS:(""interactome"" OR ""interaction"" OR ""co-immunoprecipitation"" OR ""BioID"" OR ""TurboID"" OR ""crosslinking mass spectrometry"" OR ""yeast two-hybrid"") AND TITLE_ABS:(""co-translation"")",FIRST_PDATE desc,https://www.ebi.ac.uk/europepmc/webservices/rest/search?query=TITLE_ABS%3A%22Toxoplasma+gondii%22+AND+TITLE_ABS%3A%28%22interactome%22+OR+%22interaction%22+OR+%22co-immunoprecipitation%22+OR+%22BioID%22+OR+%22TurboID%22+OR+%22crosslinking+mass+spectrometry%22+OR+%22yeast+two-hybrid%22%29+AND+TITLE_ABS%3A%28%22co-translation%22%29+sort_date%3Ay&format=json&resultType=core&pageSize=10,ok,0,0,False,
Tg_co_fitness,"TITLE_ABS:""Toxoplasma gondii"" AND TITLE_ABS:(""interactome"" OR ""interaction"" OR ""co-immunoprecipitation"" OR ""BioID"" OR ""TurboID"" OR ""crosslinking mass spectrometry"" OR ""yeast two-hybrid"") AND TITLE_ABS:(""co-fitness"")",CITED desc,https://www.ebi.ac.uk/europepmc/webservices/rest/search?query=TITLE_ABS%3A%22Toxoplasma+gondii%22+AND+TITLE_ABS%3A%28%22interactome%22+OR+%22interaction%22+OR+%22co-immunoprecipitation%22+OR+%22BioID%22+OR+%22TurboID%22+OR+%22crosslinking+mass+spectrometry%22+OR+%22yeast+two-hybrid%22%29+AND+TITLE_ABS%3A%28%22co-fitness%22%29+sort_cited%3Ay&format=json&resultType=core&pageSize=10,ok,0,0,False,
Tg_co_fitness,"TITLE_ABS:""Toxoplasma gondii"" AND TITLE_ABS:(""interactome"" OR ""interaction"" OR ""co-immunoprecipitation"" OR ""BioID"" OR ""TurboID"" OR ""crosslinking mass spectrometry"" OR ""yeast two-hybrid"") AND TITLE_ABS:(""co-fitness"")",FIRST_PDATE desc,https://www.ebi.ac.uk/europepmc/webservices/rest/search?query=TITLE_ABS%3A%22Toxoplasma+gondii%22+AND+TITLE_ABS%3A%28%22interactome%22+OR+%22interaction%22+OR+%22co-immunoprecipitation%22+OR+%22BioID%22+OR+%22TurboID%22+OR+%22crosslinking+mass+spectrometry%22+OR+%22yeast+two-hybrid%22%29+AND+TITLE_ABS%3A%28%22co-fitness%22%29+sort_date%3Ay&format=json&resultType=core&pageSize=10,ok,0,0,False,
Tg_interaction_crosslink_ms,"TITLE_ABS:""Toxoplasma gondii"" AND TITLE_ABS:(""interactome"" OR ""interaction"" OR ""co-immunoprecipitation"" OR ""BioID"" OR ""TurboID"" OR ""crosslinking mass spectrometry"" OR ""yeast two-hybrid"") AND TITLE_ABS:(""interaction"")",CITED desc,https://www.ebi.ac.uk/europepmc/webservices/rest/search?query=TITLE_ABS%3A%22Toxoplasma+gondii%22+AND+TITLE_ABS%3A%28%22interactome%22+OR+%22interaction%22+OR+%22co-immunoprecipitation%22+OR+%22BioID%22+OR+%22TurboID%22+OR+%22crosslinking+mass+spectrometry%22+OR+%22yeast+two-hybrid%22%29+AND+TITLE_ABS%3A%28%22interaction%22%29+sort_cited%3Ay&format=json&resultType=core&pageSize=10,ok,857,10,True,
Tg_interaction_crosslink_ms,"TITLE_ABS:""Toxoplasma gondii"" AND TITLE_ABS:(""interactome"" OR ""interaction"" OR ""co-immunoprecipitation"" OR ""BioID"" OR ""TurboID"" OR ""crosslinking mass spectrometry"" OR ""yeast two-hybrid"") AND TITLE_ABS:(""interaction"")",FIRST_PDATE desc,https://www.ebi.ac.uk/europepmc/webservices/rest/search?query=TITLE_ABS%3A%22Toxoplasma+gondii%22+AND+TITLE_ABS%3A%28%22interactome%22+OR+%22interaction%22+OR+%22co-immunoprecipitation%22+OR+%22BioID%22+OR+%22TurboID%22+OR+%22crosslinking+mass+spectrometry%22+OR+%22yeast+two-hybrid%22%29+AND+TITLE_ABS%3A%28%22interaction%22%29+sort_date%3Ay&format=json&resultType=core&pageSize=10,ok,857,10,True,
Tg_interaction_ip_ms_parasite_parasite,"TITLE_ABS:""Toxoplasma gondii"" AND TITLE_ABS:(""interactome"" OR ""interaction"" OR ""co-immunoprecipitation"" OR ""BioID"" OR ""TurboID"" OR ""crosslinking mass spectrometry"" OR ""yeast two-hybrid"") AND TITLE_ABS:(""interaction"")",CITED desc,https://www.ebi.ac.uk/europepmc/webservices/rest/search?query=TITLE_ABS%3A%22Toxoplasma+gondii%22+AND+TITLE_ABS%3A%28%22interactome%22+OR+%22interaction%22+OR+%22co-immunoprecipitation%22+OR+%22BioID%22+OR+%22TurboID%22+OR+%22crosslinking+mass+spectrometry%22+OR+%22yeast+two-hybrid%22%29+AND+TITLE_ABS%3A%28%22interaction%22%29+sort_cited%3Ay&format=json&resultType=core&pageSize=10,ok,857,10,True,
Tg_interaction_ip_ms_parasite_parasite,"TITLE_ABS:""Toxoplasma gondii"" AND TITLE_ABS:(""interactome"" OR ""interaction"" OR ""co-immunoprecipitation"" OR ""BioID"" OR ""TurboID"" OR ""crosslinking mass spectrometry"" OR ""yeast two-hybrid"") AND TITLE_ABS:(""interaction"")",FIRST_PDATE desc,https://www.ebi.ac.uk/europepmc/webservices/rest/search?query=TITLE_ABS%3A%22Toxoplasma+gondii%22+AND+TITLE_ABS%3A%28%22interactome%22+OR+%22interaction%22+OR+%22co-immunoprecipitation%22+OR+%22BioID%22+OR+%22TurboID%22+OR+%22crosslinking+mass+spectrometry%22+OR+%22yeast+two-hybrid%22%29+AND+TITLE_ABS%3A%28%22interaction%22%29+sort_date%3Ay&format=json&resultType=core&pageSize=10,ok,857,10,True,
Tg_interaction_proximity_labelling,"TITLE_ABS:""Toxoplasma gondii"" AND TITLE_ABS:(""interactome"" OR ""interaction"" OR ""co-immunoprecipitation"" OR ""BioID"" OR ""TurboID"" OR ""crosslinking mass spectrometry"" OR ""yeast two-hybrid"") AND TITLE_ABS:(""interaction"")",CITED desc,https://www.ebi.ac.uk/europepmc/webservices/rest/search?query=TITLE_ABS%3A%22Toxoplasma+gondii%22+AND+TITLE_ABS%3A%28%22interactome%22+OR+%22interaction%22+OR+%22co-immunoprecipitation%22+OR+%22BioID%22+OR+%22TurboID%22+OR+%22crosslinking+mass+spectrometry%22+OR+%22yeast+two-hybrid%22%29+AND+TITLE_ABS%3A%28%22interaction%22%29+sort_cited%3Ay&format=json&resultType=core&pageSize=10,ok,857,10,True,
Tg_interaction_proximity_labelling,"TITLE_ABS:""Toxoplasma gondii"" AND TITLE_ABS:(""interactome"" OR ""interaction"" OR ""co-immunoprecipitation"" OR ""BioID"" OR ""TurboID"" OR ""crosslinking mass spectrometry"" OR ""yeast two-hybrid"") AND TITLE_ABS:(""interaction"")",FIRST_PDATE desc,https://www.ebi.ac.uk/europepmc/webservices/rest/search?query=TITLE_ABS%3A%22Toxoplasma+gondii%22+AND+TITLE_ABS%3A%28%22interactome%22+OR+%22interaction%22+OR+%22co-immunoprecipitation%22+OR+%22BioID%22+OR+%22TurboID%22+OR+%22crosslinking+mass+spectrometry%22+OR+%22yeast+two-hybrid%22%29+AND+TITLE_ABS%3A%28%22interaction%22%29+sort_date%3Ay&format=json&resultType=core&pageSize=10,ok,857,10,True,
Tg_interaction_structural_similarity,"TITLE_ABS:""Toxoplasma gondii"" AND TITLE_ABS:(""interactome"" OR ""interaction"" OR ""co-immunoprecipitation"" OR ""BioID"" OR ""TurboID"" OR ""crosslinking mass spectrometry"" OR ""yeast two-hybrid"") AND TITLE_ABS:(""interaction"")",CITED desc,https://www.ebi.ac.uk/europepmc/webservices/rest/search?query=TITLE_ABS%3A%22Toxoplasma+gondii%22+AND+TITLE_ABS%3A%28%22interactome%22+OR+%22interaction%22+OR+%22co-immunoprecipitation%22+OR+%22BioID%22+OR+%22TurboID%22+OR+%22crosslinking+mass+spectrometry%22+OR+%22yeast+two-hybrid%22%29+AND+TITLE_ABS%3A%28%22interaction%22%29+sort_cited%3Ay&format=json&resultType=core&pageSize=10,ok,857,10,True,
Tg_interaction_structural_similarity,"TITLE_ABS:""Toxoplasma gondii"" AND TITLE_ABS:(""interactome"" OR ""interaction"" OR ""co-immunoprecipitation"" OR ""BioID"" OR ""TurboID"" OR ""crosslinking mass spectrometry"" OR ""yeast two-hybrid"") AND TITLE_ABS:(""interaction"")",FIRST_PDATE desc,https://www.ebi.ac.uk/europepmc/webservices/rest/search?query=TITLE_ABS%3A%22Toxoplasma+gondii%22+AND+TITLE_ABS%3A%28%22interactome%22+OR+%22interaction%22+OR+%22co-immunoprecipitation%22+OR+%22BioID%22+OR+%22TurboID%22+OR+%22crosslinking+mass+spectrometry%22+OR+%22yeast+two-hybrid%22%29+AND+TITLE_ABS%3A%28%22interaction%22%29+sort_date%3Ay&format=json&resultType=core&pageSize=10,ok,857,10,True,
Tg_interaction_with_host_proteins,"TITLE_ABS:""Toxoplasma gondii"" AND TITLE_ABS:(""interactome"" OR ""interaction"" OR ""co-immunoprecipitation"" OR ""BioID"" OR ""TurboID"" OR ""crosslinking mass spectrometry"" OR ""yeast two-hybrid"") AND TITLE_ABS:(""interaction"")",CITED desc,https://www.ebi.ac.uk/europepmc/webservices/rest/search?query=TITLE_ABS%3A%22Toxoplasma+gondii%22+AND+TITLE_ABS%3A%28%22interactome%22+OR+%22interaction%22+OR+%22co-immunoprecipitation%22+OR+%22BioID%22+OR+%22TurboID%22+OR+%22crosslinking+mass+spectrometry%22+OR+%22yeast+two-hybrid%22%29+AND+TITLE_ABS%3A%28%22interaction%22%29+sort_cited%3Ay&format=json&resultType=core&pageSize=10,ok,857,10,True,
Tg_interaction_with_host_proteins,"TITLE_ABS:""Toxoplasma gondii"" AND TITLE_ABS:(""interactome"" OR ""interaction"" OR ""co-immunoprecipitation"" OR ""BioID"" OR ""TurboID"" OR ""crosslinking mass spectrometry"" OR ""yeast two-hybrid"") AND TITLE_ABS:(""interaction"")",FIRST_PDATE desc,https://www.ebi.ac.uk/europepmc/webservices/rest/search?query=TITLE_ABS%3A%22Toxoplasma+gondii%22+AND+TITLE_ABS%3A%28%22interactome%22+OR+%22interaction%22+OR+%22co-immunoprecipitation%22+OR+%22BioID%22+OR+%22TurboID%22+OR+%22crosslinking+mass+spectrometry%22+OR+%22yeast+two-hybrid%22%29+AND+TITLE_ABS%3A%28%22interaction%22%29+sort_date%3Ay&format=json&resultType=core&pageSize=10,ok,857,10,True,
Tg_shared_compartment,"TITLE_ABS:""Toxoplasma gondii"" AND TITLE_ABS:(""interactome"" OR ""interaction"" OR ""co-immunoprecipitation"" OR ""BioID"" OR ""TurboID"" OR ""crosslinking mass spectrometry"" OR ""yeast two-hybrid"") AND TITLE_ABS:(""shared"" OR ""compartment"")",CITED desc,https://www.ebi.ac.uk/europepmc/webservices/rest/search?query=TITLE_ABS%3A%22Toxoplasma+gondii%22+AND+TITLE_ABS%3A%28%22interactome%22+OR+%22interaction%22+OR+%22co-immunoprecipitation%22+OR+%22BioID%22+OR+%22TurboID%22+OR+%22crosslinking+mass+spectrometry%22+OR+%22yeast+two-hybrid%22%29+AND+TITLE_ABS%3A%28%22shared%22+OR+%22compartment%22%29+sort_cited%3Ay&format=json&resultType=core&pageSize=10,ok,29,10,True,
Tg_shared_compartment,"TITLE_ABS:""Toxoplasma gondii"" AND TITLE_ABS:(""interactome"" OR ""interaction"" OR ""co-immunoprecipitation"" OR ""BioID"" OR ""TurboID"" OR ""crosslinking mass spectrometry"" OR ""yeast two-hybrid"") AND TITLE_ABS:(""shared"" OR ""compartment"")",FIRST_PDATE desc,https://www.ebi.ac.uk/europepmc/webservices/rest/search?query=TITLE_ABS%3A%22Toxoplasma+gondii%22+AND+TITLE_ABS%3A%28%22interactome%22+OR+%22interaction%22+OR+%22co-immunoprecipitation%22+OR+%22BioID%22+OR+%22TurboID%22+OR+%22crosslinking+mass+spectrometry%22+OR+%22yeast+two-hybrid%22%29+AND+TITLE_ABS%3A%28%22shared%22+OR+%22compartment%22%29+sort_date%3Ay&format=json&resultType=core&pageSize=10,ok,29,10,True,
Tg_shared_orthogroup,"TITLE_ABS:""Toxoplasma gondii"" AND TITLE_ABS:(""interactome"" OR ""interaction"" OR ""co-immunoprecipitation"" OR ""BioID"" OR ""TurboID"" OR ""crosslinking mass spectrometry"" OR ""yeast two-hybrid"") AND TITLE_ABS:(""shared"" OR ""orthogroup"")",CITED desc,https://www.ebi.ac.uk/europepmc/webservices/rest/search?query=TITLE_ABS%3A%22Toxoplasma+gondii%22+AND+TITLE_ABS%3A%28%22interactome%22+OR+%22interaction%22+OR+%22co-immunoprecipitation%22+OR+%22BioID%22+OR+%22TurboID%22+OR+%22crosslinking+mass+spectrometry%22+OR+%22yeast+two-hybrid%22%29+AND+TITLE_ABS%3A%28%22shared%22+OR+%22orthogroup%22%29+sort_cited%3Ay&format=json&resultType=core&pageSize=10,ok,6,6,False,
Tg_shared_orthogroup,"TITLE_ABS:""Toxoplasma gondii"" AND TITLE_ABS:(""interactome"" OR ""interaction"" OR ""co-immunoprecipitation"" OR ""BioID"" OR ""TurboID"" OR ""crosslinking mass spectrometry"" OR ""yeast two-hybrid"") AND TITLE_ABS:(""shared"" OR ""orthogroup"")",FIRST_PDATE desc,https://www.ebi.ac.uk/europepmc/webservices/rest/search?query=TITLE_ABS%3A%22Toxoplasma+gondii%22+AND+TITLE_ABS%3A%28%22interactome%22+OR+%22interaction%22+OR+%22co-immunoprecipitation%22+OR+%22BioID%22+OR+%22TurboID%22+OR+%22crosslinking+mass+spectrometry%22+OR+%22yeast+two-hybrid%22%29+AND+TITLE_ABS%3A%28%22shared%22+OR+%22orthogroup%22%29+sort_date%3Ay&format=json&resultType=core&pageSize=10,ok,6,6,False,
Tg_shared_domain,"TITLE_ABS:""Toxoplasma gondii"" AND TITLE_ABS:(""interactome"" OR ""interaction"" OR ""co-immunoprecipitation"" OR ""BioID"" OR ""TurboID"" OR ""crosslinking mass spectrometry"" OR ""yeast two-hybrid"") AND TITLE_ABS:(""shared"" OR ""domain"")",CITED desc,https://www.ebi.ac.uk/europepmc/webservices/rest/search?query=TITLE_ABS%3A%22Toxoplasma+gondii%22+AND+TITLE_ABS%3A%28%22interactome%22+OR+%22interaction%22+OR+%22co-immunoprecipitation%22+OR+%22BioID%22+OR+%22TurboID%22+OR+%22crosslinking+mass+spectrometry%22+OR+%22yeast+two-hybrid%22%29+AND+TITLE_ABS%3A%28%22shared%22+OR+%22domain%22%29+sort_cited%3Ay&format=json&resultType=core&pageSize=10,ok,92,10,True,
Tg_shared_domain,"TITLE_ABS:""Toxoplasma gondii"" AND TITLE_ABS:(""interactome"" OR ""interaction"" OR ""co-immunoprecipitation"" OR ""BioID"" OR ""TurboID"" OR ""crosslinking mass spectrometry"" OR ""yeast two-hybrid"") AND TITLE_ABS:(""shared"" OR ""domain"")",FIRST_PDATE desc,https://www.ebi.ac.uk/europepmc/webservices/rest/search?query=TITLE_ABS%3A%22Toxoplasma+gondii%22+AND+TITLE_ABS%3A%28%22interactome%22+OR+%22interaction%22+OR+%22co-immunoprecipitation%22+OR+%22BioID%22+OR+%22TurboID%22+OR+%22crosslinking+mass+spectrometry%22+OR+%22yeast+two-hybrid%22%29+AND+TITLE_ABS%3A%28%22shared%22+OR+%22domain%22%29+sort_date%3Ay&format=json&resultType=core&pageSize=10,ok,92,10,True,
Tg_interaction_degree_crosslink_ms,"TITLE_ABS:""Toxoplasma gondii"" AND TITLE_ABS:(""interactome"" OR ""interaction"" OR ""co-immunoprecipitation"" OR ""BioID"" OR ""TurboID"" OR ""crosslinking mass spectrometry"" OR ""yeast two-hybrid"") AND TITLE_ABS:(""interaction"" OR ""degree"")",CITED desc,https://www.ebi.ac.uk/europepmc/webservices/rest/search?query=TITLE_ABS%3A%22Toxoplasma+gondii%22+AND+TITLE_ABS%3A%28%22interactome%22+OR+%22interaction%22+OR+%22co-immunoprecipitation%22+OR+%22BioID%22+OR+%22TurboID%22+OR+%22crosslinking+mass+spectrometry%22+OR+%22yeast+two-hybrid%22%29+AND+TITLE_ABS%3A%28%22interaction%22+OR+%22degree%22%29+sort_cited%3Ay&format=json&resultType=core&pageSize=10,ok,857,10,True,
Tg_interaction_degree_crosslink_ms,"TITLE_ABS:""Toxoplasma gondii"" AND TITLE_ABS:(""interactome"" OR ""interaction"" OR ""co-immunoprecipitation"" OR ""BioID"" OR ""TurboID"" OR ""crosslinking mass spectrometry"" OR ""yeast two-hybrid"") AND TITLE_ABS:(""interaction"" OR ""degree"")",FIRST_PDATE desc,https://www.ebi.ac.uk/europepmc/webservices/rest/search?query=TITLE_ABS%3A%22Toxoplasma+gondii%22+AND+TITLE_ABS%3A%28%22interactome%22+OR+%22interaction%22+OR+%22co-immunoprecipitation%22+OR+%22BioID%22+OR+%22TurboID%22+OR+%22crosslinking+mass+spectrometry%22+OR+%22yeast+two-hybrid%22%29+AND+TITLE_ABS%3A%28%22interaction%22+OR+%22degree%22%29+sort_date%3Ay&format=json&resultType=core&pageSize=10,ok,857,10,True,
Tg_interaction_degree_ip_ms,"TITLE_ABS:""Toxoplasma gondii"" AND TITLE_ABS:(""interactome"" OR ""interaction"" OR ""co-immunoprecipitation"" OR ""BioID"" OR ""TurboID"" OR ""crosslinking mass spectrometry"" OR ""yeast two-hybrid"") AND TITLE_ABS:(""interaction"" OR ""degree"")",CITED desc,https://www.ebi.ac.uk/europepmc/webservices/rest/search?query=TITLE_ABS%3A%22Toxoplasma+gondii%22+AND+TITLE_ABS%3A%28%22interactome%22+OR+%22interaction%22+OR+%22co-immunoprecipitation%22+OR+%22BioID%22+OR+%22TurboID%22+OR+%22crosslinking+mass+spectrometry%22+OR+%22yeast+two-hybrid%22%29+AND+TITLE_ABS%3A%28%22interaction%22+OR+%22degree%22%29+sort_cited%3Ay&format=json&resultType=core&pageSize=10,ok,857,10,True,
Tg_interaction_degree_ip_ms,"TITLE_ABS:""Toxoplasma gondii"" AND TITLE_ABS:(""interactome"" OR ""interaction"" OR ""co-immunoprecipitation"" OR ""BioID"" OR ""TurboID"" OR ""crosslinking mass spectrometry"" OR ""yeast two-hybrid"") AND TITLE_ABS:(""interaction"" OR ""degree"")",FIRST_PDATE desc,https://www.ebi.ac.uk/europepmc/webservices/rest/search?query=TITLE_ABS%3A%22Toxoplasma+gondii%22+AND+TITLE_ABS%3A%28%22interactome%22+OR+%22interaction%22+OR+%22co-immunoprecipitation%22+OR+%22BioID%22+OR+%22TurboID%22+OR+%22crosslinking+mass+spectrometry%22+OR+%22yeast+two-hybrid%22%29+AND+TITLE_ABS%3A%28%22interaction%22+OR+%22degree%22%29+sort_date%3Ay&format=json&resultType=core&pageSize=10,ok,857,10,True,
Tg_interaction_degree_structural_similarity,"TITLE_ABS:""Toxoplasma gondii"" AND TITLE_ABS:(""interactome"" OR ""interaction"" OR ""co-immunoprecipitation"" OR ""BioID"" OR ""TurboID"" OR ""crosslinking mass spectrometry"" OR ""yeast two-hybrid"") AND TITLE_ABS:(""interaction"" OR ""degree"")",CITED desc,https://www.ebi.ac.uk/europepmc/webservices/rest/search?query=TITLE_ABS%3A%22Toxoplasma+gondii%22+AND+TITLE_ABS%3A%28%22interactome%22+OR+%22interaction%22+OR+%22co-immunoprecipitation%22+OR+%22BioID%22+OR+%22TurboID%22+OR+%22crosslinking+mass+spectrometry%22+OR+%22yeast+two-hybrid%22%29+AND+TITLE_ABS%3A%28%22interaction%22+OR+%22degree%22%29+sort_cited%3Ay&format=json&resultType=core&pageSize=10,ok,857,10,True,
Tg_interaction_degree_structural_similarity,"TITLE_ABS:""Toxoplasma gondii"" AND TITLE_ABS:(""interactome"" OR ""interaction"" OR ""co-immunoprecipitation"" OR ""BioID"" OR ""TurboID"" OR ""crosslinking mass spectrometry"" OR ""yeast two-hybrid"") AND TITLE_ABS:(""interaction"" OR ""degree"")",FIRST_PDATE desc,https://www.ebi.ac.uk/europepmc/webservices/rest/search?query=TITLE_ABS%3A%22Toxoplasma+gondii%22+AND+TITLE_ABS%3A%28%22interactome%22+OR+%22interaction%22+OR+%22co-immunoprecipitation%22+OR+%22BioID%22+OR+%22TurboID%22+OR+%22crosslinking+mass+spectrometry%22+OR+%22yeast+two-hybrid%22%29+AND+TITLE_ABS%3A%28%22interaction%22+OR+%22degree%22%29+sort_date%3Ay&format=json&resultType=core&pageSize=10,ok,857,10,True,
Tg_host_interaction_degree,"TITLE_ABS:""Toxoplasma gondii"" AND TITLE_ABS:(""host response"" OR ""host transcriptome"" OR ""effector"" OR ""host-pathogen"") AND TITLE_ABS:(""host"" OR ""interaction"" OR ""degree"")",CITED desc,https://www.ebi.ac.uk/europepmc/webservices/rest/search?query=TITLE_ABS%3A%22Toxoplasma+gondii%22+AND+TITLE_ABS%3A%28%22host+response%22+OR+%22host+transcriptome%22+OR+%22effector%22+OR+%22host-pathogen%22%29+AND+TITLE_ABS%3A%28%22host%22+OR+%22interaction%22+OR+%22degree%22%29+sort_cited%3Ay&format=json&resultType=core&pageSize=10,ok,511,10,True,
Tg_host_interaction_degree,"TITLE_ABS:""Toxoplasma gondii"" AND TITLE_ABS:(""host response"" OR ""host transcriptome"" OR ""effector"" OR ""host-pathogen"") AND TITLE_ABS:(""host"" OR ""interaction"" OR ""degree"")",FIRST_PDATE desc,https://www.ebi.ac.uk/europepmc/webservices/rest/search?query=TITLE_ABS%3A%22Toxoplasma+gondii%22+AND+TITLE_ABS%3A%28%22host+response%22+OR+%22host+transcriptome%22+OR+%22effector%22+OR+%22host-pathogen%22%29+AND+TITLE_ABS%3A%28%22host%22+OR+%22interaction%22+OR+%22degree%22%29+sort_date%3Ay&format=json&resultType=core&pageSize=10,ok,511,10,True,
Tg_downloaded_study_membership,"TITLE_ABS:""Toxoplasma gondii"" AND TITLE_ABS:(""downloaded-study"" OR ""membership"")",CITED desc,https://www.ebi.ac.uk/europepmc/webservices/rest/search?query=TITLE_ABS%3A%22Toxoplasma+gondii%22+AND+TITLE_ABS%3A%28%22downloaded-study%22+OR+%22membership%22%29+sort_cited%3Ay&format=json&resultType=core&pageSize=10,ok,4,4,False,
Tg_downloaded_study_membership,"TITLE_ABS:""Toxoplasma gondii"" AND TITLE_ABS:(""downloaded-study"" OR ""membership"")",FIRST_PDATE desc,https://www.ebi.ac.uk/europepmc/webservices/rest/search?query=TITLE_ABS%3A%22Toxoplasma+gondii%22+AND+TITLE_ABS%3A%28%22downloaded-study%22+OR+%22membership%22%29+sort_date%3Ay&format=json&resultType=core&pageSize=10,ok,4,4,False,
Tg_analysis_derived_structural_holes,"TITLE_ABS:""Toxoplasma gondii"" AND TITLE_ABS:(""analysis-derived"" OR ""structural"" OR ""holes"")",CITED desc,https://www.ebi.ac.uk/europepmc/webservices/rest/search?query=TITLE_ABS%3A%22Toxoplasma+gondii%22+AND+TITLE_ABS%3A%28%22analysis-derived%22+OR+%22structural%22+OR+%22holes%22%29+sort_cited%3Ay&format=json&resultType=core&pageSize=10,ok,596,10,True,
Tg_analysis_derived_structural_holes,"TITLE_ABS:""Toxoplasma gondii"" AND TITLE_ABS:(""analysis-derived"" OR ""structural"" OR ""holes"")",FIRST_PDATE desc,https://www.ebi.ac.uk/europepmc/webservices/rest/search?query=TITLE_ABS%3A%22Toxoplasma+gondii%22+AND+TITLE_ABS%3A%28%22analysis-derived%22+OR+%22structural%22+OR+%22holes%22%29+sort_date%3Ay&format=json&resultType=core&pageSize=10,ok,596,10,True,
Tg_assay_confidence_and_significance,"TITLE_ABS:""Toxoplasma gondii"" AND TITLE_ABS:(""assay"" OR ""confidence"" OR ""significance"")",CITED desc,https://www.ebi.ac.uk/europepmc/webservices/rest/search?query=TITLE_ABS%3A%22Toxoplasma+gondii%22+AND+TITLE_ABS%3A%28%22assay%22+OR+%22confidence%22+OR+%22significance%22%29+sort_cited%3Ay&format=json&resultType=core&pageSize=10,ok,3247,10,True,
Tg_assay_confidence_and_significance,"TITLE_ABS:""Toxoplasma gondii"" AND TITLE_ABS:(""assay"" OR ""confidence"" OR ""significance"")",FIRST_PDATE desc,https://www.ebi.ac.uk/europepmc/webservices/rest/search?query=TITLE_ABS%3A%22Toxoplasma+gondii%22+AND+TITLE_ABS%3A%28%22assay%22+OR+%22confidence%22+OR+%22significance%22%29+sort_date%3Ay&format=json&resultType=core&pageSize=10,ok,3247,10,True,
Tg_host_transcriptional_effect_per_effector,"TITLE_ABS:""Toxoplasma gondii"" AND TITLE_ABS:(""host response"" OR ""host transcriptome"" OR ""effector"" OR ""host-pathogen"") AND TITLE_ABS:(""host"" OR ""transcriptional"" OR ""effect"" OR ""effector"")",CITED desc,https://www.ebi.ac.uk/europepmc/webservices/rest/search?query=TITLE_ABS%3A%22Toxoplasma+gondii%22+AND+TITLE_ABS%3A%28%22host+response%22+OR+%22host+transcriptome%22+OR+%22effector%22+OR+%22host-pathogen%22%29+AND+TITLE_ABS%3A%28%22host%22+OR+%22transcriptional%22+OR+%22effect%22+OR+%22effector%22%29+sort_cited%3Ay&format=json&resultType=core&pageSize=10,ok,719,10,True,
Tg_host_transcriptional_effect_per_effector,"TITLE_ABS:""Toxoplasma gondii"" AND TITLE_ABS:(""host response"" OR ""host transcriptome"" OR ""effector"" OR ""host-pathogen"") AND TITLE_ABS:(""host"" OR ""transcriptional"" OR ""effect"" OR ""effector"")",FIRST_PDATE desc,https://www.ebi.ac.uk/europepmc/webservices/rest/search?query=TITLE_ABS%3A%22Toxoplasma+gondii%22+AND+TITLE_ABS%3A%28%22host+response%22+OR+%22host+transcriptome%22+OR+%22effector%22+OR+%22host-pathogen%22%29+AND+TITLE_ABS%3A%28%22host%22+OR+%22transcriptional%22+OR+%22effect%22+OR+%22effector%22%29+sort_date%3Ay&format=json&resultType=core&pageSize=10,ok,719,10,True,
Tg_domain_content,"TITLE_ABS:""Toxoplasma gondii"" AND TITLE_ABS:(""genome"" OR ""domain"" OR ""ortholog"" OR ""paralog"" OR ""AlphaFold"" OR ""structure prediction"") AND TITLE_ABS:(""domain"" OR ""content"")",CITED desc,https://www.ebi.ac.uk/europepmc/webservices/rest/search?query=TITLE_ABS%3A%22Toxoplasma+gondii%22+AND+TITLE_ABS%3A%28%22genome%22+OR+%22domain%22+OR+%22ortholog%22+OR+%22paralog%22+OR+%22AlphaFold%22+OR+%22structure+prediction%22%29+AND+TITLE_ABS%3A%28%22domain%22+OR+%22content%22%29+sort_cited%3Ay&format=json&resultType=core&pageSize=10,ok,645,10,True,
Tg_domain_content,"TITLE_ABS:""Toxoplasma gondii"" AND TITLE_ABS:(""genome"" OR ""domain"" OR ""ortholog"" OR ""paralog"" OR ""AlphaFold"" OR ""structure prediction"") AND TITLE_ABS:(""domain"" OR ""content"")",FIRST_PDATE desc,https://www.ebi.ac.uk/europepmc/webservices/rest/search?query=TITLE_ABS%3A%22Toxoplasma+gondii%22+AND+TITLE_ABS%3A%28%22genome%22+OR+%22domain%22+OR+%22ortholog%22+OR+%22paralog%22+OR+%22AlphaFold%22+OR+%22structure+prediction%22%29+AND+TITLE_ABS%3A%28%22domain%22+OR+%22content%22%29+sort_date%3Ay&format=json&resultType=core&pageSize=10,ok,645,10,True,
Tg_fold_confidence_disorder,"TITLE_ABS:""Toxoplasma gondii"" AND TITLE_ABS:(""genome"" OR ""domain"" OR ""ortholog"" OR ""paralog"" OR ""AlphaFold"" OR ""structure prediction"") AND TITLE_ABS:(""fold"" OR ""confidence"" OR ""disorder"")",CITED desc,https://www.ebi.ac.uk/europepmc/webservices/rest/search?query=TITLE_ABS%3A%22Toxoplasma+gondii%22+AND+TITLE_ABS%3A%28%22genome%22+OR+%22domain%22+OR+%22ortholog%22+OR+%22paralog%22+OR+%22AlphaFold%22+OR+%22structure+prediction%22%29+AND+TITLE_ABS%3A%28%22fold%22+OR+%22confidence%22+OR+%22disorder%22%29+sort_cited%3Ay&format=json&resultType=core&pageSize=10,ok,69,10,True,
Tg_fold_confidence_disorder,"TITLE_ABS:""Toxoplasma gondii"" AND TITLE_ABS:(""genome"" OR ""domain"" OR ""ortholog"" OR ""paralog"" OR ""AlphaFold"" OR ""structure prediction"") AND TITLE_ABS:(""fold"" OR ""confidence"" OR ""disorder"")",FIRST_PDATE desc,https://www.ebi.ac.uk/europepmc/webservices/rest/search?query=TITLE_ABS%3A%22Toxoplasma+gondii%22+AND+TITLE_ABS%3A%28%22genome%22+OR+%22domain%22+OR+%22ortholog%22+OR+%22paralog%22+OR+%22AlphaFold%22+OR+%22structure+prediction%22%29+AND+TITLE_ABS%3A%28%22fold%22+OR+%22confidence%22+OR+%22disorder%22%29+sort_date%3Ay&format=json&resultType=core&pageSize=10,ok,69,10,True,
Tg_conservation_breadth,"TITLE_ABS:""Toxoplasma gondii"" AND TITLE_ABS:(""genome"" OR ""domain"" OR ""ortholog"" OR ""paralog"" OR ""AlphaFold"" OR ""structure prediction"") AND TITLE_ABS:(""conservation"" OR ""breadth"")",CITED desc,https://www.ebi.ac.uk/europepmc/webservices/rest/search?query=TITLE_ABS%3A%22Toxoplasma+gondii%22+AND+TITLE_ABS%3A%28%22genome%22+OR+%22domain%22+OR+%22ortholog%22+OR+%22paralog%22+OR+%22AlphaFold%22+OR+%22structure+prediction%22%29+AND+TITLE_ABS%3A%28%22conservation%22+OR+%22breadth%22%29+sort_cited%3Ay&format=json&resultType=core&pageSize=10,ok,26,10,True,
Tg_conservation_breadth,"TITLE_ABS:""Toxoplasma gondii"" AND TITLE_ABS:(""genome"" OR ""domain"" OR ""ortholog"" OR ""paralog"" OR ""AlphaFold"" OR ""structure prediction"") AND TITLE_ABS:(""conservation"" OR ""breadth"")",FIRST_PDATE desc,https://www.ebi.ac.uk/europepmc/webservices/rest/search?query=TITLE_ABS%3A%22Toxoplasma+gondii%22+AND+TITLE_ABS%3A%28%22genome%22+OR+%22domain%22+OR+%22ortholog%22+OR+%22paralog%22+OR+%22AlphaFold%22+OR+%22structure+prediction%22%29+AND+TITLE_ABS%3A%28%22conservation%22+OR+%22breadth%22%29+sort_date%3Ay&format=json&resultType=core&pageSize=10,ok,26,10,True,
Tg_paralogy,"TITLE_ABS:""Toxoplasma gondii"" AND TITLE_ABS:(""genome"" OR ""domain"" OR ""ortholog"" OR ""paralog"" OR ""AlphaFold"" OR ""structure prediction"") AND TITLE_ABS:(""paralogy"")",CITED desc,https://www.ebi.ac.uk/europepmc/webservices/rest/search?query=TITLE_ABS%3A%22Toxoplasma+gondii%22+AND+TITLE_ABS%3A%28%22genome%22+OR+%22domain%22+OR+%22ortholog%22+OR+%22paralog%22+OR+%22AlphaFold%22+OR+%22structure+prediction%22%29+AND+TITLE_ABS%3A%28%22paralogy%22%29+sort_cited%3Ay&format=json&resultType=core&pageSize=10,ok,0,0,False,
Tg_paralogy,"TITLE_ABS:""Toxoplasma gondii"" AND TITLE_ABS:(""genome"" OR ""domain"" OR ""ortholog"" OR ""paralog"" OR ""AlphaFold"" OR ""structure prediction"") AND TITLE_ABS:(""paralogy"")",FIRST_PDATE desc,https://www.ebi.ac.uk/europepmc/webservices/rest/search?query=TITLE_ABS%3A%22Toxoplasma+gondii%22+AND+TITLE_ABS%3A%28%22genome%22+OR+%22domain%22+OR+%22ortholog%22+OR+%22paralog%22+OR+%22AlphaFold%22+OR+%22structure+prediction%22%29+AND+TITLE_ABS%3A%28%22paralogy%22%29+sort_date%3Ay&format=json&resultType=core&pageSize=10,ok,0,0,False,
Tg_sequence_basics,"TITLE_ABS:""Toxoplasma gondii"" AND TITLE_ABS:(""genome"" OR ""domain"" OR ""ortholog"" OR ""paralog"" OR ""AlphaFold"" OR ""structure prediction"") AND TITLE_ABS:(""basics"")",CITED desc,https://www.ebi.ac.uk/europepmc/webservices/rest/search?query=TITLE_ABS%3A%22Toxoplasma+gondii%22+AND+TITLE_ABS%3A%28%22genome%22+OR+%22domain%22+OR+%22ortholog%22+OR+%22paralog%22+OR+%22AlphaFold%22+OR+%22structure+prediction%22%29+AND+TITLE_ABS%3A%28%22basics%22%29+sort_cited%3Ay&format=json&resultType=core&pageSize=10,ok,0,0,False,
Tg_sequence_basics,"TITLE_ABS:""Toxoplasma gondii"" AND TITLE_ABS:(""genome"" OR ""domain"" OR ""ortholog"" OR ""paralog"" OR ""AlphaFold"" OR ""structure prediction"") AND TITLE_ABS:(""basics"")",FIRST_PDATE desc,https://www.ebi.ac.uk/europepmc/webservices/rest/search?query=TITLE_ABS%3A%22Toxoplasma+gondii%22+AND+TITLE_ABS%3A%28%22genome%22+OR+%22domain%22+OR+%22ortholog%22+OR+%22paralog%22+OR+%22AlphaFold%22+OR+%22structure+prediction%22%29+AND+TITLE_ABS%3A%28%22basics%22%29+sort_date%3Ay&format=json&resultType=core&pageSize=10,ok,0,0,False,
Tg_strain_variation,"TITLE_ABS:""Toxoplasma gondii"" AND TITLE_ABS:(""genome"" OR ""domain"" OR ""ortholog"" OR ""paralog"" OR ""AlphaFold"" OR ""structure prediction"") AND TITLE_ABS:(""strain"" OR ""variation"")",CITED desc,https://www.ebi.ac.uk/europepmc/webservices/rest/search?query=TITLE_ABS%3A%22Toxoplasma+gondii%22+AND+TITLE_ABS%3A%28%22genome%22+OR+%22domain%22+OR+%22ortholog%22+OR+%22paralog%22+OR+%22AlphaFold%22+OR+%22structure+prediction%22%29+AND+TITLE_ABS%3A%28%22strain%22+OR+%22variation%22%29+sort_cited%3Ay&format=json&resultType=core&pageSize=10,ok,209,10,True,
Tg_strain_variation,"TITLE_ABS:""Toxoplasma gondii"" AND TITLE_ABS:(""genome"" OR ""domain"" OR ""ortholog"" OR ""paralog"" OR ""AlphaFold"" OR ""structure prediction"") AND TITLE_ABS:(""strain"" OR ""variation"")",FIRST_PDATE desc,https://www.ebi.ac.uk/europepmc/webservices/rest/search?query=TITLE_ABS%3A%22Toxoplasma+gondii%22+AND+TITLE_ABS%3A%28%22genome%22+OR+%22domain%22+OR+%22ortholog%22+OR+%22paralog%22+OR+%22AlphaFold%22+OR+%22structure+prediction%22%29+AND+TITLE_ABS%3A%28%22strain%22+OR+%22variation%22%29+sort_date%3Ay&format=json&resultType=core&pageSize=10,ok,209,10,True,
Tg_literature_attention,"TITLE_ABS:""Toxoplasma gondii"" AND TITLE_ABS:(""literature"" OR ""attention"")",CITED desc,https://www.ebi.ac.uk/europepmc/webservices/rest/search?query=TITLE_ABS%3A%22Toxoplasma+gondii%22+AND+TITLE_ABS%3A%28%22literature%22+OR+%22attention%22%29+sort_cited%3Ay&format=json&resultType=core&pageSize=10,ok,656,10,True,
Tg_literature_attention,"TITLE_ABS:""Toxoplasma gondii"" AND TITLE_ABS:(""literature"" OR ""attention"")",FIRST_PDATE desc,https://www.ebi.ac.uk/europepmc/webservices/rest/search?query=TITLE_ABS%3A%22Toxoplasma+gondii%22+AND+TITLE_ABS%3A%28%22literature%22+OR+%22attention%22%29+sort_date%3Ay&format=json&resultType=core&pageSize=10,ok,656,10,True,
Tg_gene_identity_and_annotation,"TITLE_ABS:""Toxoplasma gondii"" AND TITLE_ABS:(""gene"" OR ""identity"" OR ""annotation"")",CITED desc,https://www.ebi.ac.uk/europepmc/webservices/rest/search?query=TITLE_ABS%3A%22Toxoplasma+gondii%22+AND+TITLE_ABS%3A%28%22gene%22+OR+%22identity%22+OR+%22annotation%22%29+sort_cited%3Ay&format=json&resultType=core&pageSize=10,ok,2791,10,True,
Tg_gene_identity_and_annotation,"TITLE_ABS:""Toxoplasma gondii"" AND TITLE_ABS:(""gene"" OR ""identity"" OR ""annotation"")",FIRST_PDATE desc,https://www.ebi.ac.uk/europepmc/webservices/rest/search?query=TITLE_ABS%3A%22Toxoplasma+gondii%22+AND+TITLE_ABS%3A%28%22gene%22+OR+%22identity%22+OR+%22annotation%22%29+sort_date%3Ay&format=json&resultType=core&pageSize=10,ok,2791,10,True,
Tg_metabolite_levels,"TITLE_ABS:""Toxoplasma gondii"" AND TITLE_ABS:(""metabolome"" OR ""metabolomic"" OR ""lipidome"" OR ""lipidomic"" OR ""flux"") AND TITLE_ABS:(""metabolite"")",CITED desc,https://www.ebi.ac.uk/europepmc/webservices/rest/search?query=TITLE_ABS%3A%22Toxoplasma+gondii%22+AND+TITLE_ABS%3A%28%22metabolome%22+OR+%22metabolomic%22+OR+%22lipidome%22+OR+%22lipidomic%22+OR+%22flux%22%29+AND+TITLE_ABS%3A%28%22metabolite%22%29+sort_cited%3Ay&format=json&resultType=core&pageSize=10,ok,14,10,True,
Tg_metabolite_levels,"TITLE_ABS:""Toxoplasma gondii"" AND TITLE_ABS:(""metabolome"" OR ""metabolomic"" OR ""lipidome"" OR ""lipidomic"" OR ""flux"") AND TITLE_ABS:(""metabolite"")",FIRST_PDATE desc,https://www.ebi.ac.uk/europepmc/webservices/rest/search?query=TITLE_ABS%3A%22Toxoplasma+gondii%22+AND+TITLE_ABS%3A%28%22metabolome%22+OR+%22metabolomic%22+OR+%22lipidome%22+OR+%22lipidomic%22+OR+%22flux%22%29+AND+TITLE_ABS%3A%28%22metabolite%22%29+sort_date%3Ay&format=json&resultType=core&pageSize=10,ok,14,10,True,
Tg_metabolic_flux,"TITLE_ABS:""Toxoplasma gondii"" AND TITLE_ABS:(""metabolome"" OR ""metabolomic"" OR ""lipidome"" OR ""lipidomic"" OR ""flux"") AND TITLE_ABS:(""metabolic"" OR ""flux"")",CITED desc,https://www.ebi.ac.uk/europepmc/webservices/rest/search?query=TITLE_ABS%3A%22Toxoplasma+gondii%22+AND+TITLE_ABS%3A%28%22metabolome%22+OR+%22metabolomic%22+OR+%22lipidome%22+OR+%22lipidomic%22+OR+%22flux%22%29+AND+TITLE_ABS%3A%28%22metabolic%22+OR+%22flux%22%29+sort_cited%3Ay&format=json&resultType=core&pageSize=10,ok,106,10,True,
Tg_metabolic_flux,"TITLE_ABS:""Toxoplasma gondii"" AND TITLE_ABS:(""metabolome"" OR ""metabolomic"" OR ""lipidome"" OR ""lipidomic"" OR ""flux"") AND TITLE_ABS:(""metabolic"" OR ""flux"")",FIRST_PDATE desc,https://www.ebi.ac.uk/europepmc/webservices/rest/search?query=TITLE_ABS%3A%22Toxoplasma+gondii%22+AND+TITLE_ABS%3A%28%22metabolome%22+OR+%22metabolomic%22+OR+%22lipidome%22+OR+%22lipidomic%22+OR+%22flux%22%29+AND+TITLE_ABS%3A%28%22metabolic%22+OR+%22flux%22%29+sort_date%3Ay&format=json&resultType=core&pageSize=10,ok,106,10,True,
Tg_lipid_composition,"TITLE_ABS:""Toxoplasma gondii"" AND TITLE_ABS:(""metabolome"" OR ""metabolomic"" OR ""lipidome"" OR ""lipidomic"" OR ""flux"") AND TITLE_ABS:(""lipid"" OR ""composition"")",CITED desc,https://www.ebi.ac.uk/europepmc/webservices/rest/search?query=TITLE_ABS%3A%22Toxoplasma+gondii%22+AND+TITLE_ABS%3A%28%22metabolome%22+OR+%22metabolomic%22+OR+%22lipidome%22+OR+%22lipidomic%22+OR+%22flux%22%29+AND+TITLE_ABS%3A%28%22lipid%22+OR+%22composition%22%29+sort_cited%3Ay&format=json&resultType=core&pageSize=10,ok,30,10,True,
Tg_lipid_composition,"TITLE_ABS:""Toxoplasma gondii"" AND TITLE_ABS:(""metabolome"" OR ""metabolomic"" OR ""lipidome"" OR ""lipidomic"" OR ""flux"") AND TITLE_ABS:(""lipid"" OR ""composition"")",FIRST_PDATE desc,https://www.ebi.ac.uk/europepmc/webservices/rest/search?query=TITLE_ABS%3A%22Toxoplasma+gondii%22+AND+TITLE_ABS%3A%28%22metabolome%22+OR+%22metabolomic%22+OR+%22lipidome%22+OR+%22lipidomic%22+OR+%22flux%22%29+AND+TITLE_ABS%3A%28%22lipid%22+OR+%22composition%22%29+sort_date%3Ay&format=json&resultType=core&pageSize=10,ok,30,10,True,
Tg_enzyme_classification,"TITLE_ABS:""Toxoplasma gondii"" AND TITLE_ABS:(""metabolome"" OR ""metabolomic"" OR ""lipidome"" OR ""lipidomic"" OR ""flux"") AND TITLE_ABS:(""enzyme"" OR ""classification"")",CITED desc,https://www.ebi.ac.uk/europepmc/webservices/rest/search?query=TITLE_ABS%3A%22Toxoplasma+gondii%22+AND+TITLE_ABS%3A%28%22metabolome%22+OR+%22metabolomic%22+OR+%22lipidome%22+OR+%22lipidomic%22+OR+%22flux%22%29+AND+TITLE_ABS%3A%28%22enzyme%22+OR+%22classification%22%29+sort_cited%3Ay&format=json&resultType=core&pageSize=10,ok,19,10,True,
Tg_enzyme_classification,"TITLE_ABS:""Toxoplasma gondii"" AND TITLE_ABS:(""metabolome"" OR ""metabolomic"" OR ""lipidome"" OR ""lipidomic"" OR ""flux"") AND TITLE_ABS:(""enzyme"" OR ""classification"")",FIRST_PDATE desc,https://www.ebi.ac.uk/europepmc/webservices/rest/search?query=TITLE_ABS%3A%22Toxoplasma+gondii%22+AND+TITLE_ABS%3A%28%22metabolome%22+OR+%22metabolomic%22+OR+%22lipidome%22+OR+%22lipidomic%22+OR+%22flux%22%29+AND+TITLE_ABS%3A%28%22enzyme%22+OR+%22classification%22%29+sort_date%3Ay&format=json&resultType=core&pageSize=10,ok,19,10,True,
Tg_resistance_conferring_mutation,"TITLE_ABS:""Toxoplasma gondii"" AND TITLE_ABS:(""chemogenomic"" OR ""drug sensitivity"" OR ""resistome"" OR ""IC50"" OR ""compound screen"") AND TITLE_ABS:(""resistance-conferring"" OR ""mutation"")",CITED desc,https://www.ebi.ac.uk/europepmc/webservices/rest/search?query=TITLE_ABS%3A%22Toxoplasma+gondii%22+AND+TITLE_ABS%3A%28%22chemogenomic%22+OR+%22drug+sensitivity%22+OR+%22resistome%22+OR+%22IC50%22+OR+%22compound+screen%22%29+AND+TITLE_ABS%3A%28%22resistance-conferring%22+OR+%22mutation%22%29+sort_cited%3Ay&format=json&resultType=core&pageSize=10,ok,1,1,False,
Tg_resistance_conferring_mutation,"TITLE_ABS:""Toxoplasma gondii"" AND TITLE_ABS:(""chemogenomic"" OR ""drug sensitivity"" OR ""resistome"" OR ""IC50"" OR ""compound screen"") AND TITLE_ABS:(""resistance-conferring"" OR ""mutation"")",FIRST_PDATE desc,https://www.ebi.ac.uk/europepmc/webservices/rest/search?query=TITLE_ABS%3A%22Toxoplasma+gondii%22+AND+TITLE_ABS%3A%28%22chemogenomic%22+OR+%22drug+sensitivity%22+OR+%22resistome%22+OR+%22IC50%22+OR+%22compound+screen%22%29+AND+TITLE_ABS%3A%28%22resistance-conferring%22+OR+%22mutation%22%29+sort_date%3Ay&format=json&resultType=core&pageSize=10,ok,1,1,False,
Tg_target_engagement_thermal_shift,"TITLE_ABS:""Toxoplasma gondii"" AND TITLE_ABS:(""chemogenomic"" OR ""drug sensitivity"" OR ""resistome"" OR ""IC50"" OR ""compound screen"") AND TITLE_ABS:(""target"" OR ""engagement"" OR ""thermal"" OR ""shift"")",CITED desc,https://www.ebi.ac.uk/europepmc/webservices/rest/search?query=TITLE_ABS%3A%22Toxoplasma+gondii%22+AND+TITLE_ABS%3A%28%22chemogenomic%22+OR+%22drug+sensitivity%22+OR+%22resistome%22+OR+%22IC50%22+OR+%22compound+screen%22%29+AND+TITLE_ABS%3A%28%22target%22+OR+%22engagement%22+OR+%22thermal%22+OR+%22shift%22%29+sort_cited%3Ay&format=json&resultType=core&pageSize=10,ok,23,10,True,
Tg_target_engagement_thermal_shift,"TITLE_ABS:""Toxoplasma gondii"" AND TITLE_ABS:(""chemogenomic"" OR ""drug sensitivity"" OR ""resistome"" OR ""IC50"" OR ""compound screen"") AND TITLE_ABS:(""target"" OR ""engagement"" OR ""thermal"" OR ""shift"")",FIRST_PDATE desc,https://www.ebi.ac.uk/europepmc/webservices/rest/search?query=TITLE_ABS%3A%22Toxoplasma+gondii%22+AND+TITLE_ABS%3A%28%22chemogenomic%22+OR+%22drug+sensitivity%22+OR+%22resistome%22+OR+%22IC50%22+OR+%22compound+screen%22%29+AND+TITLE_ABS%3A%28%22target%22+OR+%22engagement%22+OR+%22thermal%22+OR+%22shift%22%29+sort_date%3Ay&format=json&resultType=core&pageSize=10,ok,23,10,True,
Tg_rna_binding_protein_targets,"TITLE_ABS:""Toxoplasma gondii"" AND TITLE_ABS:(""interactome"" OR ""interaction"" OR ""co-immunoprecipitation"" OR ""BioID"" OR ""TurboID"" OR ""crosslinking mass spectrometry"" OR ""yeast two-hybrid"") AND TITLE_ABS:(""RNA-binding"" OR ""targets"")",CITED desc,https://www.ebi.ac.uk/europepmc/webservices/rest/search?query=TITLE_ABS%3A%22Toxoplasma+gondii%22+AND+TITLE_ABS%3A%28%22interactome%22+OR+%22interaction%22+OR+%22co-immunoprecipitation%22+OR+%22BioID%22+OR+%22TurboID%22+OR+%22crosslinking+mass+spectrometry%22+OR+%22yeast+two-hybrid%22%29+AND+TITLE_ABS%3A%28%22RNA-binding%22+OR+%22targets%22%29+sort_cited%3Ay&format=json&resultType=core&pageSize=10,ok,88,10,True,
Tg_rna_binding_protein_targets,"TITLE_ABS:""Toxoplasma gondii"" AND TITLE_ABS:(""interactome"" OR ""interaction"" OR ""co-immunoprecipitation"" OR ""BioID"" OR ""TurboID"" OR ""crosslinking mass spectrometry"" OR ""yeast two-hybrid"") AND TITLE_ABS:(""RNA-binding"" OR ""targets"")",FIRST_PDATE desc,https://www.ebi.ac.uk/europepmc/webservices/rest/search?query=TITLE_ABS%3A%22Toxoplasma+gondii%22+AND+TITLE_ABS%3A%28%22interactome%22+OR+%22interaction%22+OR+%22co-immunoprecipitation%22+OR+%22BioID%22+OR+%22TurboID%22+OR+%22crosslinking+mass+spectrometry%22+OR+%22yeast+two-hybrid%22%29+AND+TITLE_ABS%3A%28%22RNA-binding%22+OR+%22targets%22%29+sort_date%3Ay&format=json&resultType=core&pageSize=10,ok,88,10,True,
Tg_noncoding_and_antisense_transcription,"TITLE_ABS:""Toxoplasma gondii"" AND TITLE_ABS:(""RNA-seq"" OR ""transcriptome"" OR ""transcriptomic"" OR ""microarray"" OR ""scRNA-seq"") AND TITLE_ABS:(""noncoding"" OR ""antisense"" OR ""transcription"")",CITED desc,https://www.ebi.ac.uk/europepmc/webservices/rest/search?query=TITLE_ABS%3A%22Toxoplasma+gondii%22+AND+TITLE_ABS%3A%28%22RNA-seq%22+OR+%22transcriptome%22+OR+%22transcriptomic%22+OR+%22microarray%22+OR+%22scRNA-seq%22%29+AND+TITLE_ABS%3A%28%22noncoding%22+OR+%22antisense%22+OR+%22transcription%22%29+sort_cited%3Ay&format=json&resultType=core&pageSize=10,ok,85,10,True,
Tg_noncoding_and_antisense_transcription,"TITLE_ABS:""Toxoplasma gondii"" AND TITLE_ABS:(""RNA-seq"" OR ""transcriptome"" OR ""transcriptomic"" OR ""microarray"" OR ""scRNA-seq"") AND TITLE_ABS:(""noncoding"" OR ""antisense"" OR ""transcription"")",FIRST_PDATE desc,https://www.ebi.ac.uk/europepmc/webservices/rest/search?query=TITLE_ABS%3A%22Toxoplasma+gondii%22+AND+TITLE_ABS%3A%28%22RNA-seq%22+OR+%22transcriptome%22+OR+%22transcriptomic%22+OR+%22microarray%22+OR+%22scRNA-seq%22%29+AND+TITLE_ABS%3A%28%22noncoding%22+OR+%22antisense%22+OR+%22transcription%22%29+sort_date%3Ay&format=json&resultType=core&pageSize=10,ok,85,10,True,
Tg_codon_usage_translation_efficiency,"TITLE_ABS:""Toxoplasma gondii"" AND TITLE_ABS:(""ribosome profiling"" OR ""Ribo-seq"" OR ""translatome"" OR ""polysome"") AND TITLE_ABS:(""codon"" OR ""usage"" OR ""translation"" OR ""efficiency"")",CITED desc,https://www.ebi.ac.uk/europepmc/webservices/rest/search?query=TITLE_ABS%3A%22Toxoplasma+gondii%22+AND+TITLE_ABS%3A%28%22ribosome+profiling%22+OR+%22Ribo-seq%22+OR+%22translatome%22+OR+%22polysome%22%29+AND+TITLE_ABS%3A%28%22codon%22+OR+%22usage%22+OR+%22translation%22+OR+%22efficiency%22%29+sort_cited%3Ay&format=json&resultType=core&pageSize=10,ok,9,9,False,
Tg_codon_usage_translation_efficiency,"TITLE_ABS:""Toxoplasma gondii"" AND TITLE_ABS:(""ribosome profiling"" OR ""Ribo-seq"" OR ""translatome"" OR ""polysome"") AND TITLE_ABS:(""codon"" OR ""usage"" OR ""translation"" OR ""efficiency"")",FIRST_PDATE desc,https://www.ebi.ac.uk/europepmc/webservices/rest/search?query=TITLE_ABS%3A%22Toxoplasma+gondii%22+AND+TITLE_ABS%3A%28%22ribosome+profiling%22+OR+%22Ribo-seq%22+OR+%22translatome%22+OR+%22polysome%22%29+AND+TITLE_ABS%3A%28%22codon%22+OR+%22usage%22+OR+%22translation%22+OR+%22efficiency%22%29+sort_date%3Ay&format=json&resultType=core&pageSize=10,ok,9,9,False,
Tg_complex_membership,"TITLE_ABS:""Toxoplasma gondii"" AND TITLE_ABS:(""interactome"" OR ""interaction"" OR ""co-immunoprecipitation"" OR ""BioID"" OR ""TurboID"" OR ""crosslinking mass spectrometry"" OR ""yeast two-hybrid"") AND TITLE_ABS:(""complex"" OR ""membership"")",CITED desc,https://www.ebi.ac.uk/europepmc/webservices/rest/search?query=TITLE_ABS%3A%22Toxoplasma+gondii%22+AND+TITLE_ABS%3A%28%22interactome%22+OR+%22interaction%22+OR+%22co-immunoprecipitation%22+OR+%22BioID%22+OR+%22TurboID%22+OR+%22crosslinking+mass+spectrometry%22+OR+%22yeast+two-hybrid%22%29+AND+TITLE_ABS%3A%28%22complex%22+OR+%22membership%22%29+sort_cited%3Ay&format=json&resultType=core&pageSize=10,ok,180,10,True,
Tg_complex_membership,"TITLE_ABS:""Toxoplasma gondii"" AND TITLE_ABS:(""interactome"" OR ""interaction"" OR ""co-immunoprecipitation"" OR ""BioID"" OR ""TurboID"" OR ""crosslinking mass spectrometry"" OR ""yeast two-hybrid"") AND TITLE_ABS:(""complex"" OR ""membership"")",FIRST_PDATE desc,https://www.ebi.ac.uk/europepmc/webservices/rest/search?query=TITLE_ABS%3A%22Toxoplasma+gondii%22+AND+TITLE_ABS%3A%28%22interactome%22+OR+%22interaction%22+OR+%22co-immunoprecipitation%22+OR+%22BioID%22+OR+%22TurboID%22+OR+%22crosslinking+mass+spectrometry%22+OR+%22yeast+two-hybrid%22%29+AND+TITLE_ABS%3A%28%22complex%22+OR+%22membership%22%29+sort_date%3Ay&format=json&resultType=core&pageSize=10,ok,180,10,True,
Tg_seroreactivity_antigenicity,"TITLE_ABS:""Toxoplasma gondii"" AND TITLE_ABS:(""antigen"" OR ""seroreactivity"" OR ""epitope"" OR ""immunogenic"" OR ""vaccine candidate"") AND TITLE_ABS:(""seroreactivity"" OR ""antigenicity"")",CITED desc,https://www.ebi.ac.uk/europepmc/webservices/rest/search?query=TITLE_ABS%3A%22Toxoplasma+gondii%22+AND+TITLE_ABS%3A%28%22antigen%22+OR+%22seroreactivity%22+OR+%22epitope%22+OR+%22immunogenic%22+OR+%22vaccine+candidate%22%29+AND+TITLE_ABS%3A%28%22seroreactivity%22+OR+%22antigenicity%22%29+sort_cited%3Ay&format=json&resultType=core&pageSize=10,ok,120,10,True,
Tg_seroreactivity_antigenicity,"TITLE_ABS:""Toxoplasma gondii"" AND TITLE_ABS:(""antigen"" OR ""seroreactivity"" OR ""epitope"" OR ""immunogenic"" OR ""vaccine candidate"") AND TITLE_ABS:(""seroreactivity"" OR ""antigenicity"")",FIRST_PDATE desc,https://www.ebi.ac.uk/europepmc/webservices/rest/search?query=TITLE_ABS%3A%22Toxoplasma+gondii%22+AND+TITLE_ABS%3A%28%22antigen%22+OR+%22seroreactivity%22+OR+%22epitope%22+OR+%22immunogenic%22+OR+%22vaccine+candidate%22%29+AND+TITLE_ABS%3A%28%22seroreactivity%22+OR+%22antigenicity%22%29+sort_date%3Ay&format=json&resultType=core&pageSize=10,ok,120,10,True,
Tg_t_cell_epitope_content,"TITLE_ABS:""Toxoplasma gondii"" AND TITLE_ABS:(""antigen"" OR ""seroreactivity"" OR ""epitope"" OR ""immunogenic"" OR ""vaccine candidate"") AND TITLE_ABS:(""T-cell"" OR ""epitope"" OR ""content"")",CITED desc,https://www.ebi.ac.uk/europepmc/webservices/rest/search?query=TITLE_ABS%3A%22Toxoplasma+gondii%22+AND+TITLE_ABS%3A%28%22antigen%22+OR+%22seroreactivity%22+OR+%22epitope%22+OR+%22immunogenic%22+OR+%22vaccine+candidate%22%29+AND+TITLE_ABS%3A%28%22T-cell%22+OR+%22epitope%22+OR+%22content%22%29+sort_cited%3Ay&format=json&resultType=core&pageSize=10,ok,475,10,True,
Tg_t_cell_epitope_content,"TITLE_ABS:""Toxoplasma gondii"" AND TITLE_ABS:(""antigen"" OR ""seroreactivity"" OR ""epitope"" OR ""immunogenic"" OR ""vaccine candidate"") AND TITLE_ABS:(""T-cell"" OR ""epitope"" OR ""content"")",FIRST_PDATE desc,https://www.ebi.ac.uk/europepmc/webservices/rest/search?query=TITLE_ABS%3A%22Toxoplasma+gondii%22+AND+TITLE_ABS%3A%28%22antigen%22+OR+%22seroreactivity%22+OR+%22epitope%22+OR+%22immunogenic%22+OR+%22vaccine+candidate%22%29+AND+TITLE_ABS%3A%28%22T-cell%22+OR+%22epitope%22+OR+%22content%22%29+sort_date%3Ay&format=json&resultType=core&pageSize=10,ok,475,10,True,
Tg_host_escrt_recruitment,"TITLE_ABS:""Toxoplasma gondii"" AND TITLE_ABS:(""invasion"" OR ""egress"" OR ""motility"" OR ""plaque"" OR ""growth rate"" OR ""high-content"") AND TITLE_ABS:(""host"" OR ""ESCRT"" OR ""recruitment"")",CITED desc,https://www.ebi.ac.uk/europepmc/webservices/rest/search?query=TITLE_ABS%3A%22Toxoplasma+gondii%22+AND+TITLE_ABS%3A%28%22invasion%22+OR+%22egress%22+OR+%22motility%22+OR+%22plaque%22+OR+%22growth+rate%22+OR+%22high-content%22%29+AND+TITLE_ABS%3A%28%22host%22+OR+%22ESCRT%22+OR+%22recruitment%22%29+sort_cited%3Ay&format=json&resultType=core&pageSize=10,ok,1318,10,True,
Tg_host_escrt_recruitment,"TITLE_ABS:""Toxoplasma gondii"" AND TITLE_ABS:(""invasion"" OR ""egress"" OR ""motility"" OR ""plaque"" OR ""growth rate"" OR ""high-content"") AND TITLE_ABS:(""host"" OR ""ESCRT"" OR ""recruitment"")",FIRST_PDATE desc,https://www.ebi.ac.uk/europepmc/webservices/rest/search?query=TITLE_ABS%3A%22Toxoplasma+gondii%22+AND+TITLE_ABS%3A%28%22invasion%22+OR+%22egress%22+OR+%22motility%22+OR+%22plaque%22+OR+%22growth+rate%22+OR+%22high-content%22%29+AND+TITLE_ABS%3A%28%22host%22+OR+%22ESCRT%22+OR+%22recruitment%22%29+sort_date%3Ay&format=json&resultType=core&pageSize=10,ok,1318,10,True,
Tg_invasion_and_egress_phenotype,"TITLE_ABS:""Toxoplasma gondii"" AND TITLE_ABS:(""invasion"" OR ""egress"" OR ""motility"" OR ""plaque"" OR ""growth rate"" OR ""high-content"") AND TITLE_ABS:(""invasion"" OR ""egress"" OR ""phenotype"")",CITED desc,https://www.ebi.ac.uk/europepmc/webservices/rest/search?query=TITLE_ABS%3A%22Toxoplasma+gondii%22+AND+TITLE_ABS%3A%28%22invasion%22+OR+%22egress%22+OR+%22motility%22+OR+%22plaque%22+OR+%22growth+rate%22+OR+%22high-content%22%29+AND+TITLE_ABS%3A%28%22invasion%22+OR+%22egress%22+OR+%22phenotype%22%29+sort_cited%3Ay&format=json&resultType=core&pageSize=10,ok,1733,10,True,
Tg_invasion_and_egress_phenotype,"TITLE_ABS:""Toxoplasma gondii"" AND TITLE_ABS:(""invasion"" OR ""egress"" OR ""motility"" OR ""plaque"" OR ""growth rate"" OR ""high-content"") AND TITLE_ABS:(""invasion"" OR ""egress"" OR ""phenotype"")",FIRST_PDATE desc,https://www.ebi.ac.uk/europepmc/webservices/rest/search?query=TITLE_ABS%3A%22Toxoplasma+gondii%22+AND+TITLE_ABS%3A%28%22invasion%22+OR+%22egress%22+OR+%22motility%22+OR+%22plaque%22+OR+%22growth+rate%22+OR+%22high-content%22%29+AND+TITLE_ABS%3A%28%22invasion%22+OR+%22egress%22+OR+%22phenotype%22%29+sort_date%3Ay&format=json&resultType=core&pageSize=10,ok,1733,10,True,
Tg_essentiality_in_a_second_background,"TITLE_ABS:""Toxoplasma gondii"" AND TITLE_ABS:(""CRISPR screen"" OR ""knockout screen"" OR ""essentiality"" OR ""fitness score"" OR ""piggyBac"" OR ""PlasmoGEM"" OR ""barcoded"") AND TITLE_ABS:(""essentiality"" OR ""second"" OR ""background"")",CITED desc,https://www.ebi.ac.uk/europepmc/webservices/rest/search?query=TITLE_ABS%3A%22Toxoplasma+gondii%22+AND+TITLE_ABS%3A%28%22CRISPR+screen%22+OR+%22knockout+screen%22+OR+%22essentiality%22+OR+%22fitness+score%22+OR+%22piggyBac%22+OR+%22PlasmoGEM%22+OR+%22barcoded%22%29+AND+TITLE_ABS%3A%28%22essentiality%22+OR+%22second%22+OR+%22background%22%29+sort_cited%3Ay&format=json&resultType=core&pageSize=10,ok,36,10,True,
Tg_essentiality_in_a_second_background,"TITLE_ABS:""Toxoplasma gondii"" AND TITLE_ABS:(""CRISPR screen"" OR ""knockout screen"" OR ""essentiality"" OR ""fitness score"" OR ""piggyBac"" OR ""PlasmoGEM"" OR ""barcoded"") AND TITLE_ABS:(""essentiality"" OR ""second"" OR ""background"")",FIRST_PDATE desc,https://www.ebi.ac.uk/europepmc/webservices/rest/search?query=TITLE_ABS%3A%22Toxoplasma+gondii%22+AND+TITLE_ABS%3A%28%22CRISPR+screen%22+OR+%22knockout+screen%22+OR+%22essentiality%22+OR+%22fitness+score%22+OR+%22piggyBac%22+OR+%22PlasmoGEM%22+OR+%22barcoded%22%29+AND+TITLE_ABS%3A%28%22essentiality%22+OR+%22second%22+OR+%22background%22%29+sort_date%3Ay&format=json&resultType=core&pageSize=10,ok,36,10,True,
Tg_host_proteome_human_fibroblast,"(TITLE_ABS:""human"" OR TITLE_ABS:""Homo sapiens"") AND TITLE_ABS:(""proteome"" OR ""proteomics"" OR ""mass spectrometry"") AND TITLE_ABS:(""fibroblast"" OR fibroblasts OR HFF OR ""tissue atlas"" OR FANTOM5 OR GTEx)",CITED desc,https://www.ebi.ac.uk/europepmc/webservices/rest/search?query=%28TITLE_ABS%3A%22human%22+OR+TITLE_ABS%3A%22Homo+sapiens%22%29+AND+TITLE_ABS%3A%28%22proteome%22+OR+%22proteomics%22+OR+%22mass+spectrometry%22%29+AND+TITLE_ABS%3A%28%22fibroblast%22+OR+fibroblasts+OR+HFF+OR+%22tissue+atlas%22+OR+FANTOM5+OR+GTEx%29+sort_cited%3Ay&format=json&resultType=core&pageSize=10,ok,2128,10,True,
Tg_host_proteome_human_fibroblast,"(TITLE_ABS:""human"" OR TITLE_ABS:""Homo sapiens"") AND TITLE_ABS:(""proteome"" OR ""proteomics"" OR ""mass spectrometry"") AND TITLE_ABS:(""fibroblast"" OR fibroblasts OR HFF OR ""tissue atlas"" OR FANTOM5 OR GTEx)",FIRST_PDATE desc,https://www.ebi.ac.uk/europepmc/webservices/rest/search?query=%28TITLE_ABS%3A%22human%22+OR+TITLE_ABS%3A%22Homo+sapiens%22%29+AND+TITLE_ABS%3A%28%22proteome%22+OR+%22proteomics%22+OR+%22mass+spectrometry%22%29+AND+TITLE_ABS%3A%28%22fibroblast%22+OR+fibroblasts+OR+HFF+OR+%22tissue+atlas%22+OR+FANTOM5+OR+GTEx%29+sort_date%3Ay&format=json&resultType=core&pageSize=10,ok,2128,10,True,
Tg_host_transcriptome_human_fibroblast,"(TITLE_ABS:""human"" OR TITLE_ABS:""Homo sapiens"") AND TITLE_ABS:(""transcriptome"" OR ""RNA-seq"" OR ""expression atlas"" OR ""CAGE"" OR ""FANTOM5"" OR ""GTEx"") AND TITLE_ABS:(""fibroblast"" OR fibroblasts OR HFF OR ""tissue atlas"" OR FANTOM5 OR GTEx)",CITED desc,https://www.ebi.ac.uk/europepmc/webservices/rest/search?query=%28TITLE_ABS%3A%22human%22+OR+TITLE_ABS%3A%22Homo+sapiens%22%29+AND+TITLE_ABS%3A%28%22transcriptome%22+OR+%22RNA-seq%22+OR+%22expression+atlas%22+OR+%22CAGE%22+OR+%22FANTOM5%22+OR+%22GTEx%22%29+AND+TITLE_ABS%3A%28%22fibroblast%22+OR+fibroblasts+OR+HFF+OR+%22tissue+atlas%22+OR+FANTOM5+OR+GTEx%29+sort_cited%3Ay&format=json&resultType=core&pageSize=10,ok,3494,10,True,
Tg_host_transcriptome_human_fibroblast,"(TITLE_ABS:""human"" OR TITLE_ABS:""Homo sapiens"") AND TITLE_ABS:(""transcriptome"" OR ""RNA-seq"" OR ""expression atlas"" OR ""CAGE"" OR ""FANTOM5"" OR ""GTEx"") AND TITLE_ABS:(""fibroblast"" OR fibroblasts OR HFF OR ""tissue atlas"" OR FANTOM5 OR GTEx)",FIRST_PDATE desc,https://www.ebi.ac.uk/europepmc/webservices/rest/search?query=%28TITLE_ABS%3A%22human%22+OR+TITLE_ABS%3A%22Homo+sapiens%22%29+AND+TITLE_ABS%3A%28%22transcriptome%22+OR+%22RNA-seq%22+OR+%22expression+atlas%22+OR+%22CAGE%22+OR+%22FANTOM5%22+OR+%22GTEx%22%29+AND+TITLE_ABS%3A%28%22fibroblast%22+OR+fibroblasts+OR+HFF+OR+%22tissue+atlas%22+OR+FANTOM5+OR+GTEx%29+sort_date%3Ay&format=json&resultType=core&pageSize=10,ok,3494,10,True,
Tg_host_surface_receptor_repertoire_human_fibroblast,"(TITLE_ABS:""human"" OR TITLE_ABS:""Homo sapiens"") AND TITLE_ABS:(""surfaceome"" OR ""cell-surface"" OR ""surface proteome"") AND TITLE_ABS:(""fibroblast"" OR fibroblasts OR HFF OR ""tissue atlas"" OR FANTOM5 OR GTEx)",CITED desc,https://www.ebi.ac.uk/europepmc/webservices/rest/search?query=%28TITLE_ABS%3A%22human%22+OR+TITLE_ABS%3A%22Homo+sapiens%22%29+AND+TITLE_ABS%3A%28%22surfaceome%22+OR+%22cell-surface%22+OR+%22surface+proteome%22%29+AND+TITLE_ABS%3A%28%22fibroblast%22+OR+fibroblasts+OR+HFF+OR+%22tissue+atlas%22+OR+FANTOM5+OR+GTEx%29+sort_cited%3Ay&format=json&resultType=core&pageSize=10,ok,3210,10,True,
Tg_host_surface_receptor_repertoire_human_fibroblast,"(TITLE_ABS:""human"" OR TITLE_ABS:""Homo sapiens"") AND TITLE_ABS:(""surfaceome"" OR ""cell-surface"" OR ""surface proteome"") AND TITLE_ABS:(""fibroblast"" OR fibroblasts OR HFF OR ""tissue atlas"" OR FANTOM5 OR GTEx)",FIRST_PDATE desc,https://www.ebi.ac.uk/europepmc/webservices/rest/search?query=%28TITLE_ABS%3A%22human%22+OR+TITLE_ABS%3A%22Homo+sapiens%22%29+AND+TITLE_ABS%3A%28%22surfaceome%22+OR+%22cell-surface%22+OR+%22surface+proteome%22%29+AND+TITLE_ABS%3A%28%22fibroblast%22+OR+fibroblasts+OR+HFF+OR+%22tissue+atlas%22+OR+FANTOM5+OR+GTEx%29+sort_date%3Ay&format=json&resultType=core&pageSize=10,ok,3210,10,True,
Tg_host_response_to_infection_human_fibroblast,"(TITLE_ABS:""human"" OR TITLE_ABS:""Homo sapiens"") AND TITLE_ABS:""Toxoplasma gondii"" AND TITLE_ABS:(""infection"" OR ""host response"" OR ""transcriptome"") AND TITLE_ABS:(""fibroblast"" OR fibroblasts OR HFF OR ""tissue atlas"" OR FANTOM5 OR GTEx)",CITED desc,https://www.ebi.ac.uk/europepmc/webservices/rest/search?query=%28TITLE_ABS%3A%22human%22+OR+TITLE_ABS%3A%22Homo+sapiens%22%29+AND+TITLE_ABS%3A%22Toxoplasma+gondii%22+AND+TITLE_ABS%3A%28%22infection%22+OR+%22host+response%22+OR+%22transcriptome%22%29+AND+TITLE_ABS%3A%28%22fibroblast%22+OR+fibroblasts+OR+HFF+OR+%22tissue+atlas%22+OR+FANTOM5+OR+GTEx%29+sort_cited%3Ay&format=json&resultType=core&pageSize=10,ok,147,10,True,
Tg_host_response_to_infection_human_fibroblast,"(TITLE_ABS:""human"" OR TITLE_ABS:""Homo sapiens"") AND TITLE_ABS:""Toxoplasma gondii"" AND TITLE_ABS:(""infection"" OR ""host response"" OR ""transcriptome"") AND TITLE_ABS:(""fibroblast"" OR fibroblasts OR HFF OR ""tissue atlas"" OR FANTOM5 OR GTEx)",FIRST_PDATE desc,https://www.ebi.ac.uk/europepmc/webservices/rest/search?query=%28TITLE_ABS%3A%22human%22+OR+TITLE_ABS%3A%22Homo+sapiens%22%29+AND+TITLE_ABS%3A%22Toxoplasma+gondii%22+AND+TITLE_ABS%3A%28%22infection%22+OR+%22host+response%22+OR+%22transcriptome%22%29+AND+TITLE_ABS%3A%28%22fibroblast%22+OR+fibroblasts+OR+HFF+OR+%22tissue+atlas%22+OR+FANTOM5+OR+GTEx%29+sort_date%3Ay&format=json&resultType=core&pageSize=10,ok,147,10,True,
Tg_host_proteome_human_monocyte,"(TITLE_ABS:""human"" OR TITLE_ABS:""Homo sapiens"") AND TITLE_ABS:(""proteome"" OR ""proteomics"" OR ""mass spectrometry"") AND TITLE_ABS:(""monocyte"" OR ""tissue atlas"" OR FANTOM5 OR GTEx)",CITED desc,https://www.ebi.ac.uk/europepmc/webservices/rest/search?query=%28TITLE_ABS%3A%22human%22+OR+TITLE_ABS%3A%22Homo+sapiens%22%29+AND+TITLE_ABS%3A%28%22proteome%22+OR+%22proteomics%22+OR+%22mass+spectrometry%22%29+AND+TITLE_ABS%3A%28%22monocyte%22+OR+%22tissue+atlas%22+OR+FANTOM5+OR+GTEx%29+sort_cited%3Ay&format=json&resultType=core&pageSize=10,ok,580,10,True,
Tg_host_proteome_human_monocyte,"(TITLE_ABS:""human"" OR TITLE_ABS:""Homo sapiens"") AND TITLE_ABS:(""proteome"" OR ""proteomics"" OR ""mass spectrometry"") AND TITLE_ABS:(""monocyte"" OR ""tissue atlas"" OR FANTOM5 OR GTEx)",FIRST_PDATE desc,https://www.ebi.ac.uk/europepmc/webservices/rest/search?query=%28TITLE_ABS%3A%22human%22+OR+TITLE_ABS%3A%22Homo+sapiens%22%29+AND+TITLE_ABS%3A%28%22proteome%22+OR+%22proteomics%22+OR+%22mass+spectrometry%22%29+AND+TITLE_ABS%3A%28%22monocyte%22+OR+%22tissue+atlas%22+OR+FANTOM5+OR+GTEx%29+sort_date%3Ay&format=json&resultType=core&pageSize=10,ok,580,10,True,
Tg_host_transcriptome_human_monocyte,"(TITLE_ABS:""human"" OR TITLE_ABS:""Homo sapiens"") AND TITLE_ABS:(""transcriptome"" OR ""RNA-seq"" OR ""expression atlas"" OR ""CAGE"" OR ""FANTOM5"" OR ""GTEx"") AND TITLE_ABS:(""monocyte"" OR ""tissue atlas"" OR FANTOM5 OR GTEx)",CITED desc,https://www.ebi.ac.uk/europepmc/webservices/rest/search?query=%28TITLE_ABS%3A%22human%22+OR+TITLE_ABS%3A%22Homo+sapiens%22%29+AND+TITLE_ABS%3A%28%22transcriptome%22+OR+%22RNA-seq%22+OR+%22expression+atlas%22+OR+%22CAGE%22+OR+%22FANTOM5%22+OR+%22GTEx%22%29+AND+TITLE_ABS%3A%28%22monocyte%22+OR+%22tissue+atlas%22+OR+FANTOM5+OR+GTEx%29+sort_cited%3Ay&format=json&resultType=core&pageSize=10,ok,2280,10,True,
Tg_host_transcriptome_human_monocyte,"(TITLE_ABS:""human"" OR TITLE_ABS:""Homo sapiens"") AND TITLE_ABS:(""transcriptome"" OR ""RNA-seq"" OR ""expression atlas"" OR ""CAGE"" OR ""FANTOM5"" OR ""GTEx"") AND TITLE_ABS:(""monocyte"" OR ""tissue atlas"" OR FANTOM5 OR GTEx)",FIRST_PDATE desc,https://www.ebi.ac.uk/europepmc/webservices/rest/search?query=%28TITLE_ABS%3A%22human%22+OR+TITLE_ABS%3A%22Homo+sapiens%22%29+AND+TITLE_ABS%3A%28%22transcriptome%22+OR+%22RNA-seq%22+OR+%22expression+atlas%22+OR+%22CAGE%22+OR+%22FANTOM5%22+OR+%22GTEx%22%29+AND+TITLE_ABS%3A%28%22monocyte%22+OR+%22tissue+atlas%22+OR+FANTOM5+OR+GTEx%29+sort_date%3Ay&format=json&resultType=core&pageSize=10,ok,2280,10,True,
Tg_host_surface_receptor_repertoire_human_monocyte,"(TITLE_ABS:""human"" OR TITLE_ABS:""Homo sapiens"") AND TITLE_ABS:(""surfaceome"" OR ""cell-surface"" OR ""surface proteome"") AND TITLE_ABS:(""monocyte"" OR ""tissue atlas"" OR FANTOM5 OR GTEx)",CITED desc,https://www.ebi.ac.uk/europepmc/webservices/rest/search?query=%28TITLE_ABS%3A%22human%22+OR+TITLE_ABS%3A%22Homo+sapiens%22%29+AND+TITLE_ABS%3A%28%22surfaceome%22+OR+%22cell-surface%22+OR+%22surface+proteome%22%29+AND+TITLE_ABS%3A%28%22monocyte%22+OR+%22tissue+atlas%22+OR+FANTOM5+OR+GTEx%29+sort_cited%3Ay&format=json&resultType=core&pageSize=10,ok,1606,10,True,
Tg_host_surface_receptor_repertoire_human_monocyte,"(TITLE_ABS:""human"" OR TITLE_ABS:""Homo sapiens"") AND TITLE_ABS:(""surfaceome"" OR ""cell-surface"" OR ""surface proteome"") AND TITLE_ABS:(""monocyte"" OR ""tissue atlas"" OR FANTOM5 OR GTEx)",FIRST_PDATE desc,https://www.ebi.ac.uk/europepmc/webservices/rest/search?query=%28TITLE_ABS%3A%22human%22+OR+TITLE_ABS%3A%22Homo+sapiens%22%29+AND+TITLE_ABS%3A%28%22surfaceome%22+OR+%22cell-surface%22+OR+%22surface+proteome%22%29+AND+TITLE_ABS%3A%28%22monocyte%22+OR+%22tissue+atlas%22+OR+FANTOM5+OR+GTEx%29+sort_date%3Ay&format=json&resultType=core&pageSize=10,ok,1606,10,True,
Tg_host_response_to_infection_human_monocyte,"(TITLE_ABS:""human"" OR TITLE_ABS:""Homo sapiens"") AND TITLE_ABS:""Toxoplasma gondii"" AND TITLE_ABS:(""infection"" OR ""host response"" OR ""transcriptome"") AND TITLE_ABS:(""monocyte"" OR ""tissue atlas"" OR FANTOM5 OR GTEx)",CITED desc,https://www.ebi.ac.uk/europepmc/webservices/rest/search?query=%28TITLE_ABS%3A%22human%22+OR+TITLE_ABS%3A%22Homo+sapiens%22%29+AND+TITLE_ABS%3A%22Toxoplasma+gondii%22+AND+TITLE_ABS%3A%28%22infection%22+OR+%22host+response%22+OR+%22transcriptome%22%29+AND+TITLE_ABS%3A%28%22monocyte%22+OR+%22tissue+atlas%22+OR+FANTOM5+OR+GTEx%29+sort_cited%3Ay&format=json&resultType=core&pageSize=10,ok,46,10,True,
Tg_host_response_to_infection_human_monocyte,"(TITLE_ABS:""human"" OR TITLE_ABS:""Homo sapiens"") AND TITLE_ABS:""Toxoplasma gondii"" AND TITLE_ABS:(""infection"" OR ""host response"" OR ""transcriptome"") AND TITLE_ABS:(""monocyte"" OR ""tissue atlas"" OR FANTOM5 OR GTEx)",FIRST_PDATE desc,https://www.ebi.ac.uk/europepmc/webservices/rest/search?query=%28TITLE_ABS%3A%22human%22+OR+TITLE_ABS%3A%22Homo+sapiens%22%29+AND+TITLE_ABS%3A%22Toxoplasma+gondii%22+AND+TITLE_ABS%3A%28%22infection%22+OR+%22host+response%22+OR+%22transcriptome%22%29+AND+TITLE_ABS%3A%28%22monocyte%22+OR+%22tissue+atlas%22+OR+FANTOM5+OR+GTEx%29+sort_date%3Ay&format=json&resultType=core&pageSize=10,ok,46,10,True,
Tg_host_proteome_mouse_bone_marrow_macrophage,"(TITLE_ABS:""mouse"" OR TITLE_ABS:""Mus musculus"") AND TITLE_ABS:(""proteome"" OR ""proteomics"" OR ""mass spectrometry"") AND TITLE_ABS:(""bone-marrow macrophage"" OR ""bone marrow-derived macrophage"" OR BMDM OR ""tissue atlas"" OR FANTOM5 OR GTEx)",CITED desc,https://www.ebi.ac.uk/europepmc/webservices/rest/search?query=%28TITLE_ABS%3A%22mouse%22+OR+TITLE_ABS%3A%22Mus+musculus%22%29+AND+TITLE_ABS%3A%28%22proteome%22+OR+%22proteomics%22+OR+%22mass+spectrometry%22%29+AND+TITLE_ABS%3A%28%22bone-marrow+macrophage%22+OR+%22bone+marrow-derived+macrophage%22+OR+BMDM+OR+%22tissue+atlas%22+OR+FANTOM5+OR+GTEx%29+sort_cited%3Ay&format=json&resultType=core&pageSize=10,ok,17,10,True,
Tg_host_proteome_mouse_bone_marrow_macrophage,"(TITLE_ABS:""mouse"" OR TITLE_ABS:""Mus musculus"") AND TITLE_ABS:(""proteome"" OR ""proteomics"" OR ""mass spectrometry"") AND TITLE_ABS:(""bone-marrow macrophage"" OR ""bone marrow-derived macrophage"" OR BMDM OR ""tissue atlas"" OR FANTOM5 OR GTEx)",FIRST_PDATE desc,https://www.ebi.ac.uk/europepmc/webservices/rest/search?query=%28TITLE_ABS%3A%22mouse%22+OR+TITLE_ABS%3A%22Mus+musculus%22%29+AND+TITLE_ABS%3A%28%22proteome%22+OR+%22proteomics%22+OR+%22mass+spectrometry%22%29+AND+TITLE_ABS%3A%28%22bone-marrow+macrophage%22+OR+%22bone+marrow-derived+macrophage%22+OR+BMDM+OR+%22tissue+atlas%22+OR+FANTOM5+OR+GTEx%29+sort_date%3Ay&format=json&resultType=core&pageSize=10,ok,17,10,True,
Tg_host_transcriptome_mouse_bone_marrow_macrophage,"(TITLE_ABS:""mouse"" OR TITLE_ABS:""Mus musculus"") AND TITLE_ABS:(""transcriptome"" OR ""RNA-seq"" OR ""expression atlas"" OR ""CAGE"" OR ""FANTOM5"" OR ""GTEx"") AND TITLE_ABS:(""bone-marrow macrophage"" OR ""bone marrow-derived macrophage"" OR BMDM OR ""tissue atlas"" OR FANTOM5 OR GTEx)",CITED desc,https://www.ebi.ac.uk/europepmc/webservices/rest/search?query=%28TITLE_ABS%3A%22mouse%22+OR+TITLE_ABS%3A%22Mus+musculus%22%29+AND+TITLE_ABS%3A%28%22transcriptome%22+OR+%22RNA-seq%22+OR+%22expression+atlas%22+OR+%22CAGE%22+OR+%22FANTOM5%22+OR+%22GTEx%22%29+AND+TITLE_ABS%3A%28%22bone-marrow+macrophage%22+OR+%22bone+marrow-derived+macrophage%22+OR+BMDM+OR+%22tissue+atlas%22+OR+FANTOM5+OR+GTEx%29+sort_cited%3Ay&format=json&resultType=core&pageSize=10,ok,227,10,True,
Tg_host_transcriptome_mouse_bone_marrow_macrophage,"(TITLE_ABS:""mouse"" OR TITLE_ABS:""Mus musculus"") AND TITLE_ABS:(""transcriptome"" OR ""RNA-seq"" OR ""expression atlas"" OR ""CAGE"" OR ""FANTOM5"" OR ""GTEx"") AND TITLE_ABS:(""bone-marrow macrophage"" OR ""bone marrow-derived macrophage"" OR BMDM OR ""tissue atlas"" OR FANTOM5 OR GTEx)",FIRST_PDATE desc,https://www.ebi.ac.uk/europepmc/webservices/rest/search?query=%28TITLE_ABS%3A%22mouse%22+OR+TITLE_ABS%3A%22Mus+musculus%22%29+AND+TITLE_ABS%3A%28%22transcriptome%22+OR+%22RNA-seq%22+OR+%22expression+atlas%22+OR+%22CAGE%22+OR+%22FANTOM5%22+OR+%22GTEx%22%29+AND+TITLE_ABS%3A%28%22bone-marrow+macrophage%22+OR+%22bone+marrow-derived+macrophage%22+OR+BMDM+OR+%22tissue+atlas%22+OR+FANTOM5+OR+GTEx%29+sort_date%3Ay&format=json&resultType=core&pageSize=10,ok,227,10,True,
Tg_host_surface_receptor_repertoire_mouse_bone_marrow_macrophage,"(TITLE_ABS:""mouse"" OR TITLE_ABS:""Mus musculus"") AND TITLE_ABS:(""surfaceome"" OR ""cell-surface"" OR ""surface proteome"") AND TITLE_ABS:(""bone-marrow macrophage"" OR ""bone marrow-derived macrophage"" OR BMDM OR ""tissue atlas"" OR FANTOM5 OR GTEx)",CITED desc,https://www.ebi.ac.uk/europepmc/webservices/rest/search?query=%28TITLE_ABS%3A%22mouse%22+OR+TITLE_ABS%3A%22Mus+musculus%22%29+AND+TITLE_ABS%3A%28%22surfaceome%22+OR+%22cell-surface%22+OR+%22surface+proteome%22%29+AND+TITLE_ABS%3A%28%22bone-marrow+macrophage%22+OR+%22bone+marrow-derived+macrophage%22+OR+BMDM+OR+%22tissue+atlas%22+OR+FANTOM5+OR+GTEx%29+sort_cited%3Ay&format=json&resultType=core&pageSize=10,ok,15,10,True,
Tg_host_surface_receptor_repertoire_mouse_bone_marrow_macrophage,"(TITLE_ABS:""mouse"" OR TITLE_ABS:""Mus musculus"") AND TITLE_ABS:(""surfaceome"" OR ""cell-surface"" OR ""surface proteome"") AND TITLE_ABS:(""bone-marrow macrophage"" OR ""bone marrow-derived macrophage"" OR BMDM OR ""tissue atlas"" OR FANTOM5 OR GTEx)",FIRST_PDATE desc,https://www.ebi.ac.uk/europepmc/webservices/rest/search?query=%28TITLE_ABS%3A%22mouse%22+OR+TITLE_ABS%3A%22Mus+musculus%22%29+AND+TITLE_ABS%3A%28%22surfaceome%22+OR+%22cell-surface%22+OR+%22surface+proteome%22%29+AND+TITLE_ABS%3A%28%22bone-marrow+macrophage%22+OR+%22bone+marrow-derived+macrophage%22+OR+BMDM+OR+%22tissue+atlas%22+OR+FANTOM5+OR+GTEx%29+sort_date%3Ay&format=json&resultType=core&pageSize=10,ok,15,10,True,
Tg_host_response_to_infection_mouse_bone_marrow_macrophage,"(TITLE_ABS:""mouse"" OR TITLE_ABS:""Mus musculus"") AND TITLE_ABS:""Toxoplasma gondii"" AND TITLE_ABS:(""infection"" OR ""host response"" OR ""transcriptome"") AND TITLE_ABS:(""bone-marrow macrophage"" OR ""bone marrow-derived macrophage"" OR BMDM OR ""tissue atlas"" OR FANTOM5 OR GTEx)",CITED desc,https://www.ebi.ac.uk/europepmc/webservices/rest/search?query=%28TITLE_ABS%3A%22mouse%22+OR+TITLE_ABS%3A%22Mus+musculus%22%29+AND+TITLE_ABS%3A%22Toxoplasma+gondii%22+AND+TITLE_ABS%3A%28%22infection%22+OR+%22host+response%22+OR+%22transcriptome%22%29+AND+TITLE_ABS%3A%28%22bone-marrow+macrophage%22+OR+%22bone+marrow-derived+macrophage%22+OR+BMDM+OR+%22tissue+atlas%22+OR+FANTOM5+OR+GTEx%29+sort_cited%3Ay&format=json&resultType=core&pageSize=10,ok,1,1,False,
Tg_host_response_to_infection_mouse_bone_marrow_macrophage,"(TITLE_ABS:""mouse"" OR TITLE_ABS:""Mus musculus"") AND TITLE_ABS:""Toxoplasma gondii"" AND TITLE_ABS:(""infection"" OR ""host response"" OR ""transcriptome"") AND TITLE_ABS:(""bone-marrow macrophage"" OR ""bone marrow-derived macrophage"" OR BMDM OR ""tissue atlas"" OR FANTOM5 OR GTEx)",FIRST_PDATE desc,https://www.ebi.ac.uk/europepmc/webservices/rest/search?query=%28TITLE_ABS%3A%22mouse%22+OR+TITLE_ABS%3A%22Mus+musculus%22%29+AND+TITLE_ABS%3A%22Toxoplasma+gondii%22+AND+TITLE_ABS%3A%28%22infection%22+OR+%22host+response%22+OR+%22transcriptome%22%29+AND+TITLE_ABS%3A%28%22bone-marrow+macrophage%22+OR+%22bone+marrow-derived+macrophage%22+OR+BMDM+OR+%22tissue+atlas%22+OR+FANTOM5+OR+GTEx%29+sort_date%3Ay&format=json&resultType=core&pageSize=10,ok,1,1,False,
Tg_host_proteome_mouse_brain,"(TITLE_ABS:""mouse"" OR TITLE_ABS:""Mus musculus"") AND TITLE_ABS:(""proteome"" OR ""proteomics"" OR ""mass spectrometry"") AND TITLE_ABS:(""brain"" OR ""tissue atlas"" OR FANTOM5 OR GTEx)",CITED desc,https://www.ebi.ac.uk/europepmc/webservices/rest/search?query=%28TITLE_ABS%3A%22mouse%22+OR+TITLE_ABS%3A%22Mus+musculus%22%29+AND+TITLE_ABS%3A%28%22proteome%22+OR+%22proteomics%22+OR+%22mass+spectrometry%22%29+AND+TITLE_ABS%3A%28%22brain%22+OR+%22tissue+atlas%22+OR+FANTOM5+OR+GTEx%29+sort_cited%3Ay&format=json&resultType=core&pageSize=10,ok,3592,10,True,
Tg_host_proteome_mouse_brain,"(TITLE_ABS:""mouse"" OR TITLE_ABS:""Mus musculus"") AND TITLE_ABS:(""proteome"" OR ""proteomics"" OR ""mass spectrometry"") AND TITLE_ABS:(""brain"" OR ""tissue atlas"" OR FANTOM5 OR GTEx)",FIRST_PDATE desc,https://www.ebi.ac.uk/europepmc/webservices/rest/search?query=%28TITLE_ABS%3A%22mouse%22+OR+TITLE_ABS%3A%22Mus+musculus%22%29+AND+TITLE_ABS%3A%28%22proteome%22+OR+%22proteomics%22+OR+%22mass+spectrometry%22%29+AND+TITLE_ABS%3A%28%22brain%22+OR+%22tissue+atlas%22+OR+FANTOM5+OR+GTEx%29+sort_date%3Ay&format=json&resultType=core&pageSize=10,ok,3592,10,True,
Tg_host_transcriptome_mouse_brain,"(TITLE_ABS:""mouse"" OR TITLE_ABS:""Mus musculus"") AND TITLE_ABS:(""transcriptome"" OR ""RNA-seq"" OR ""expression atlas"" OR ""CAGE"" OR ""FANTOM5"" OR ""GTEx"") AND TITLE_ABS:(""brain"" OR ""tissue atlas"" OR FANTOM5 OR GTEx)",CITED desc,https://www.ebi.ac.uk/europepmc/webservices/rest/search?query=%28TITLE_ABS%3A%22mouse%22+OR+TITLE_ABS%3A%22Mus+musculus%22%29+AND+TITLE_ABS%3A%28%22transcriptome%22+OR+%22RNA-seq%22+OR+%22expression+atlas%22+OR+%22CAGE%22+OR+%22FANTOM5%22+OR+%22GTEx%22%29+AND+TITLE_ABS%3A%28%22brain%22+OR+%22tissue+atlas%22+OR+FANTOM5+OR+GTEx%29+sort_cited%3Ay&format=json&resultType=core&pageSize=10,ok,3094,10,True,
Tg_host_transcriptome_mouse_brain,"(TITLE_ABS:""mouse"" OR TITLE_ABS:""Mus musculus"") AND TITLE_ABS:(""transcriptome"" OR ""RNA-seq"" OR ""expression atlas"" OR ""CAGE"" OR ""FANTOM5"" OR ""GTEx"") AND TITLE_ABS:(""brain"" OR ""tissue atlas"" OR FANTOM5 OR GTEx)",FIRST_PDATE desc,https://www.ebi.ac.uk/europepmc/webservices/rest/search?query=%28TITLE_ABS%3A%22mouse%22+OR+TITLE_ABS%3A%22Mus+musculus%22%29+AND+TITLE_ABS%3A%28%22transcriptome%22+OR+%22RNA-seq%22+OR+%22expression+atlas%22+OR+%22CAGE%22+OR+%22FANTOM5%22+OR+%22GTEx%22%29+AND+TITLE_ABS%3A%28%22brain%22+OR+%22tissue+atlas%22+OR+FANTOM5+OR+GTEx%29+sort_date%3Ay&format=json&resultType=core&pageSize=10,ok,3094,10,True,
Tg_host_surface_receptor_repertoire_mouse_brain,"(TITLE_ABS:""mouse"" OR TITLE_ABS:""Mus musculus"") AND TITLE_ABS:(""surfaceome"" OR ""cell-surface"" OR ""surface proteome"") AND TITLE_ABS:(""brain"" OR ""tissue atlas"" OR FANTOM5 OR GTEx)",CITED desc,https://www.ebi.ac.uk/europepmc/webservices/rest/search?query=%28TITLE_ABS%3A%22mouse%22+OR+TITLE_ABS%3A%22Mus+musculus%22%29+AND+TITLE_ABS%3A%28%22surfaceome%22+OR+%22cell-surface%22+OR+%22surface+proteome%22%29+AND+TITLE_ABS%3A%28%22brain%22+OR+%22tissue+atlas%22+OR+FANTOM5+OR+GTEx%29+sort_cited%3Ay&format=json&resultType=core&pageSize=10,ok,1032,10,True,
Tg_host_surface_receptor_repertoire_mouse_brain,"(TITLE_ABS:""mouse"" OR TITLE_ABS:""Mus musculus"") AND TITLE_ABS:(""surfaceome"" OR ""cell-surface"" OR ""surface proteome"") AND TITLE_ABS:(""brain"" OR ""tissue atlas"" OR FANTOM5 OR GTEx)",FIRST_PDATE desc,https://www.ebi.ac.uk/europepmc/webservices/rest/search?query=%28TITLE_ABS%3A%22mouse%22+OR+TITLE_ABS%3A%22Mus+musculus%22%29+AND+TITLE_ABS%3A%28%22surfaceome%22+OR+%22cell-surface%22+OR+%22surface+proteome%22%29+AND+TITLE_ABS%3A%28%22brain%22+OR+%22tissue+atlas%22+OR+FANTOM5+OR+GTEx%29+sort_date%3Ay&format=json&resultType=core&pageSize=10,ok,1032,10,True,
Tg_host_response_to_infection_mouse_brain,"(TITLE_ABS:""mouse"" OR TITLE_ABS:""Mus musculus"") AND TITLE_ABS:""Toxoplasma gondii"" AND TITLE_ABS:(""infection"" OR ""host response"" OR ""transcriptome"") AND TITLE_ABS:(""brain"" OR ""tissue atlas"" OR FANTOM5 OR GTEx)",CITED desc,https://www.ebi.ac.uk/europepmc/webservices/rest/search?query=%28TITLE_ABS%3A%22mouse%22+OR+TITLE_ABS%3A%22Mus+musculus%22%29+AND+TITLE_ABS%3A%22Toxoplasma+gondii%22+AND+TITLE_ABS%3A%28%22infection%22+OR+%22host+response%22+OR+%22transcriptome%22%29+AND+TITLE_ABS%3A%28%22brain%22+OR+%22tissue+atlas%22+OR+FANTOM5+OR+GTEx%29+sort_cited%3Ay&format=json&resultType=core&pageSize=10,ok,324,10,True,
Tg_host_response_to_infection_mouse_brain,"(TITLE_ABS:""mouse"" OR TITLE_ABS:""Mus musculus"") AND TITLE_ABS:""Toxoplasma gondii"" AND TITLE_ABS:(""infection"" OR ""host response"" OR ""transcriptome"") AND TITLE_ABS:(""brain"" OR ""tissue atlas"" OR FANTOM5 OR GTEx)",FIRST_PDATE desc,https://www.ebi.ac.uk/europepmc/webservices/rest/search?query=%28TITLE_ABS%3A%22mouse%22+OR+TITLE_ABS%3A%22Mus+musculus%22%29+AND+TITLE_ABS%3A%22Toxoplasma+gondii%22+AND+TITLE_ABS%3A%28%22infection%22+OR+%22host+response%22+OR+%22transcriptome%22%29+AND+TITLE_ABS%3A%28%22brain%22+OR+%22tissue+atlas%22+OR+FANTOM5+OR+GTEx%29+sort_date%3Ay&format=json&resultType=core&pageSize=10,ok,324,10,True,
Tg_host_proteome_mouse_skeletal_muscle,"(TITLE_ABS:""mouse"" OR TITLE_ABS:""Mus musculus"") AND TITLE_ABS:(""proteome"" OR ""proteomics"" OR ""mass spectrometry"") AND TITLE_ABS:(""skeletal muscle"" OR ""tissue atlas"" OR FANTOM5 OR GTEx)",CITED desc,https://www.ebi.ac.uk/europepmc/webservices/rest/search?query=%28TITLE_ABS%3A%22mouse%22+OR+TITLE_ABS%3A%22Mus+musculus%22%29+AND+TITLE_ABS%3A%28%22proteome%22+OR+%22proteomics%22+OR+%22mass+spectrometry%22%29+AND+TITLE_ABS%3A%28%22skeletal+muscle%22+OR+%22tissue+atlas%22+OR+FANTOM5+OR+GTEx%29+sort_cited%3Ay&format=json&resultType=core&pageSize=10,ok,395,10,True,
Tg_host_proteome_mouse_skeletal_muscle,"(TITLE_ABS:""mouse"" OR TITLE_ABS:""Mus musculus"") AND TITLE_ABS:(""proteome"" OR ""proteomics"" OR ""mass spectrometry"") AND TITLE_ABS:(""skeletal muscle"" OR ""tissue atlas"" OR FANTOM5 OR GTEx)",FIRST_PDATE desc,https://www.ebi.ac.uk/europepmc/webservices/rest/search?query=%28TITLE_ABS%3A%22mouse%22+OR+TITLE_ABS%3A%22Mus+musculus%22%29+AND+TITLE_ABS%3A%28%22proteome%22+OR+%22proteomics%22+OR+%22mass+spectrometry%22%29+AND+TITLE_ABS%3A%28%22skeletal+muscle%22+OR+%22tissue+atlas%22+OR+FANTOM5+OR+GTEx%29+sort_date%3Ay&format=json&resultType=core&pageSize=10,ok,395,10,True,
Tg_host_transcriptome_mouse_skeletal_muscle,"(TITLE_ABS:""mouse"" OR TITLE_ABS:""Mus musculus"") AND TITLE_ABS:(""transcriptome"" OR ""RNA-seq"" OR ""expression atlas"" OR ""CAGE"" OR ""FANTOM5"" OR ""GTEx"") AND TITLE_ABS:(""skeletal muscle"" OR ""tissue atlas"" OR FANTOM5 OR GTEx)",CITED desc,https://www.ebi.ac.uk/europepmc/webservices/rest/search?query=%28TITLE_ABS%3A%22mouse%22+OR+TITLE_ABS%3A%22Mus+musculus%22%29+AND+TITLE_ABS%3A%28%22transcriptome%22+OR+%22RNA-seq%22+OR+%22expression+atlas%22+OR+%22CAGE%22+OR+%22FANTOM5%22+OR+%22GTEx%22%29+AND+TITLE_ABS%3A%28%22skeletal+muscle%22+OR+%22tissue+atlas%22+OR+FANTOM5+OR+GTEx%29+sort_cited%3Ay&format=json&resultType=core&pageSize=10,ok,554,10,True,
Tg_host_transcriptome_mouse_skeletal_muscle,"(TITLE_ABS:""mouse"" OR TITLE_ABS:""Mus musculus"") AND TITLE_ABS:(""transcriptome"" OR ""RNA-seq"" OR ""expression atlas"" OR ""CAGE"" OR ""FANTOM5"" OR ""GTEx"") AND TITLE_ABS:(""skeletal muscle"" OR ""tissue atlas"" OR FANTOM5 OR GTEx)",FIRST_PDATE desc,https://www.ebi.ac.uk/europepmc/webservices/rest/search?query=%28TITLE_ABS%3A%22mouse%22+OR+TITLE_ABS%3A%22Mus+musculus%22%29+AND+TITLE_ABS%3A%28%22transcriptome%22+OR+%22RNA-seq%22+OR+%22expression+atlas%22+OR+%22CAGE%22+OR+%22FANTOM5%22+OR+%22GTEx%22%29+AND+TITLE_ABS%3A%28%22skeletal+muscle%22+OR+%22tissue+atlas%22+OR+FANTOM5+OR+GTEx%29+sort_date%3Ay&format=json&resultType=core&pageSize=10,ok,554,10,True,
Tg_host_surface_receptor_repertoire_mouse_skeletal_muscle,"(TITLE_ABS:""mouse"" OR TITLE_ABS:""Mus musculus"") AND TITLE_ABS:(""surfaceome"" OR ""cell-surface"" OR ""surface proteome"") AND TITLE_ABS:(""skeletal muscle"" OR ""tissue atlas"" OR FANTOM5 OR GTEx)",CITED desc,https://www.ebi.ac.uk/europepmc/webservices/rest/search?query=%28TITLE_ABS%3A%22mouse%22+OR+TITLE_ABS%3A%22Mus+musculus%22%29+AND+TITLE_ABS%3A%28%22surfaceome%22+OR+%22cell-surface%22+OR+%22surface+proteome%22%29+AND+TITLE_ABS%3A%28%22skeletal+muscle%22+OR+%22tissue+atlas%22+OR+FANTOM5+OR+GTEx%29+sort_cited%3Ay&format=json&resultType=core&pageSize=10,ok,177,10,True,
Tg_host_surface_receptor_repertoire_mouse_skeletal_muscle,"(TITLE_ABS:""mouse"" OR TITLE_ABS:""Mus musculus"") AND TITLE_ABS:(""surfaceome"" OR ""cell-surface"" OR ""surface proteome"") AND TITLE_ABS:(""skeletal muscle"" OR ""tissue atlas"" OR FANTOM5 OR GTEx)",FIRST_PDATE desc,https://www.ebi.ac.uk/europepmc/webservices/rest/search?query=%28TITLE_ABS%3A%22mouse%22+OR+TITLE_ABS%3A%22Mus+musculus%22%29+AND+TITLE_ABS%3A%28%22surfaceome%22+OR+%22cell-surface%22+OR+%22surface+proteome%22%29+AND+TITLE_ABS%3A%28%22skeletal+muscle%22+OR+%22tissue+atlas%22+OR+FANTOM5+OR+GTEx%29+sort_date%3Ay&format=json&resultType=core&pageSize=10,ok,177,10,True,
Tg_host_response_to_infection_mouse_skeletal_muscle,"(TITLE_ABS:""mouse"" OR TITLE_ABS:""Mus musculus"") AND TITLE_ABS:""Toxoplasma gondii"" AND TITLE_ABS:(""infection"" OR ""host response"" OR ""transcriptome"") AND TITLE_ABS:(""skeletal muscle"" OR ""tissue atlas"" OR FANTOM5 OR GTEx)",CITED desc,https://www.ebi.ac.uk/europepmc/webservices/rest/search?query=%28TITLE_ABS%3A%22mouse%22+OR+TITLE_ABS%3A%22Mus+musculus%22%29+AND+TITLE_ABS%3A%22Toxoplasma+gondii%22+AND+TITLE_ABS%3A%28%22infection%22+OR+%22host+response%22+OR+%22transcriptome%22%29+AND+TITLE_ABS%3A%28%22skeletal+muscle%22+OR+%22tissue+atlas%22+OR+FANTOM5+OR+GTEx%29+sort_cited%3Ay&format=json&resultType=core&pageSize=10,ok,10,10,False,
Tg_host_response_to_infection_mouse_skeletal_muscle,"(TITLE_ABS:""mouse"" OR TITLE_ABS:""Mus musculus"") AND TITLE_ABS:""Toxoplasma gondii"" AND TITLE_ABS:(""infection"" OR ""host response"" OR ""transcriptome"") AND TITLE_ABS:(""skeletal muscle"" OR ""tissue atlas"" OR FANTOM5 OR GTEx)",FIRST_PDATE desc,https://www.ebi.ac.uk/europepmc/webservices/rest/search?query=%28TITLE_ABS%3A%22mouse%22+OR+TITLE_ABS%3A%22Mus+musculus%22%29+AND+TITLE_ABS%3A%22Toxoplasma+gondii%22+AND+TITLE_ABS%3A%28%22infection%22+OR+%22host+response%22+OR+%22transcriptome%22%29+AND+TITLE_ABS%3A%28%22skeletal+muscle%22+OR+%22tissue+atlas%22+OR+FANTOM5+OR+GTEx%29+sort_date%3Ay&format=json&resultType=core&pageSize=10,ok,10,10,False,
Tg_host_proteome_human_neuron,"(TITLE_ABS:""human"" OR TITLE_ABS:""Homo sapiens"") AND TITLE_ABS:(""proteome"" OR ""proteomics"" OR ""mass spectrometry"") AND TITLE_ABS:(""neuron"" OR ""tissue atlas"" OR FANTOM5 OR GTEx)",CITED desc,https://www.ebi.ac.uk/europepmc/webservices/rest/search?query=%28TITLE_ABS%3A%22human%22+OR+TITLE_ABS%3A%22Homo+sapiens%22%29+AND+TITLE_ABS%3A%28%22proteome%22+OR+%22proteomics%22+OR+%22mass+spectrometry%22%29+AND+TITLE_ABS%3A%28%22neuron%22+OR+%22tissue+atlas%22+OR+FANTOM5+OR+GTEx%29+sort_cited%3Ay&format=json&resultType=core&pageSize=10,ok,410,10,True,
Tg_host_proteome_human_neuron,"(TITLE_ABS:""human"" OR TITLE_ABS:""Homo sapiens"") AND TITLE_ABS:(""proteome"" OR ""proteomics"" OR ""mass spectrometry"") AND TITLE_ABS:(""neuron"" OR ""tissue atlas"" OR FANTOM5 OR GTEx)",FIRST_PDATE desc,https://www.ebi.ac.uk/europepmc/webservices/rest/search?query=%28TITLE_ABS%3A%22human%22+OR+TITLE_ABS%3A%22Homo+sapiens%22%29+AND+TITLE_ABS%3A%28%22proteome%22+OR+%22proteomics%22+OR+%22mass+spectrometry%22%29+AND+TITLE_ABS%3A%28%22neuron%22+OR+%22tissue+atlas%22+OR+FANTOM5+OR+GTEx%29+sort_date%3Ay&format=json&resultType=core&pageSize=10,ok,410,10,True,
Tg_host_transcriptome_human_neuron,"(TITLE_ABS:""human"" OR TITLE_ABS:""Homo sapiens"") AND TITLE_ABS:(""transcriptome"" OR ""RNA-seq"" OR ""expression atlas"" OR ""CAGE"" OR ""FANTOM5"" OR ""GTEx"") AND TITLE_ABS:(""neuron"" OR ""tissue atlas"" OR FANTOM5 OR GTEx)",CITED desc,https://www.ebi.ac.uk/europepmc/webservices/rest/search?query=%28TITLE_ABS%3A%22human%22+OR+TITLE_ABS%3A%22Homo+sapiens%22%29+AND+TITLE_ABS%3A%28%22transcriptome%22+OR+%22RNA-seq%22+OR+%22expression+atlas%22+OR+%22CAGE%22+OR+%22FANTOM5%22+OR+%22GTEx%22%29+AND+TITLE_ABS%3A%28%22neuron%22+OR+%22tissue+atlas%22+OR+FANTOM5+OR+GTEx%29+sort_cited%3Ay&format=json&resultType=core&pageSize=10,ok,2245,10,True,
Tg_host_transcriptome_human_neuron,"(TITLE_ABS:""human"" OR TITLE_ABS:""Homo sapiens"") AND TITLE_ABS:(""transcriptome"" OR ""RNA-seq"" OR ""expression atlas"" OR ""CAGE"" OR ""FANTOM5"" OR ""GTEx"") AND TITLE_ABS:(""neuron"" OR ""tissue atlas"" OR FANTOM5 OR GTEx)",FIRST_PDATE desc,https://www.ebi.ac.uk/europepmc/webservices/rest/search?query=%28TITLE_ABS%3A%22human%22+OR+TITLE_ABS%3A%22Homo+sapiens%22%29+AND+TITLE_ABS%3A%28%22transcriptome%22+OR+%22RNA-seq%22+OR+%22expression+atlas%22+OR+%22CAGE%22+OR+%22FANTOM5%22+OR+%22GTEx%22%29+AND+TITLE_ABS%3A%28%22neuron%22+OR+%22tissue+atlas%22+OR+FANTOM5+OR+GTEx%29+sort_date%3Ay&format=json&resultType=core&pageSize=10,ok,2245,10,True,
Tg_host_surface_receptor_repertoire_human_neuron,"(TITLE_ABS:""human"" OR TITLE_ABS:""Homo sapiens"") AND TITLE_ABS:(""surfaceome"" OR ""cell-surface"" OR ""surface proteome"") AND TITLE_ABS:(""neuron"" OR ""tissue atlas"" OR FANTOM5 OR GTEx)",CITED desc,https://www.ebi.ac.uk/europepmc/webservices/rest/search?query=%28TITLE_ABS%3A%22human%22+OR+TITLE_ABS%3A%22Homo+sapiens%22%29+AND+TITLE_ABS%3A%28%22surfaceome%22+OR+%22cell-surface%22+OR+%22surface+proteome%22%29+AND+TITLE_ABS%3A%28%22neuron%22+OR+%22tissue+atlas%22+OR+FANTOM5+OR+GTEx%29+sort_cited%3Ay&format=json&resultType=core&pageSize=10,ok,170,10,True,
Tg_host_surface_receptor_repertoire_human_neuron,"(TITLE_ABS:""human"" OR TITLE_ABS:""Homo sapiens"") AND TITLE_ABS:(""surfaceome"" OR ""cell-surface"" OR ""surface proteome"") AND TITLE_ABS:(""neuron"" OR ""tissue atlas"" OR FANTOM5 OR GTEx)",FIRST_PDATE desc,https://www.ebi.ac.uk/europepmc/webservices/rest/search?query=%28TITLE_ABS%3A%22human%22+OR+TITLE_ABS%3A%22Homo+sapiens%22%29+AND+TITLE_ABS%3A%28%22surfaceome%22+OR+%22cell-surface%22+OR+%22surface+proteome%22%29+AND+TITLE_ABS%3A%28%22neuron%22+OR+%22tissue+atlas%22+OR+FANTOM5+OR+GTEx%29+sort_date%3Ay&format=json&resultType=core&pageSize=10,ok,170,10,True,
Tg_host_response_to_infection_human_neuron,"(TITLE_ABS:""human"" OR TITLE_ABS:""Homo sapiens"") AND TITLE_ABS:""Toxoplasma gondii"" AND TITLE_ABS:(""infection"" OR ""host response"" OR ""transcriptome"") AND TITLE_ABS:(""neuron"" OR ""tissue atlas"" OR FANTOM5 OR GTEx)",CITED desc,https://www.ebi.ac.uk/europepmc/webservices/rest/search?query=%28TITLE_ABS%3A%22human%22+OR+TITLE_ABS%3A%22Homo+sapiens%22%29+AND+TITLE_ABS%3A%22Toxoplasma+gondii%22+AND+TITLE_ABS%3A%28%22infection%22+OR+%22host+response%22+OR+%22transcriptome%22%29+AND+TITLE_ABS%3A%28%22neuron%22+OR+%22tissue+atlas%22+OR+FANTOM5+OR+GTEx%29+sort_cited%3Ay&format=json&resultType=core&pageSize=10,ok,5,5,False,
Tg_host_response_to_infection_human_neuron,"(TITLE_ABS:""human"" OR TITLE_ABS:""Homo sapiens"") AND TITLE_ABS:""Toxoplasma gondii"" AND TITLE_ABS:(""infection"" OR ""host response"" OR ""transcriptome"") AND TITLE_ABS:(""neuron"" OR ""tissue atlas"" OR FANTOM5 OR GTEx)",FIRST_PDATE desc,https://www.ebi.ac.uk/europepmc/webservices/rest/search?query=%28TITLE_ABS%3A%22human%22+OR+TITLE_ABS%3A%22Homo+sapiens%22%29+AND+TITLE_ABS%3A%22Toxoplasma+gondii%22+AND+TITLE_ABS%3A%28%22infection%22+OR+%22host+response%22+OR+%22transcriptome%22%29+AND+TITLE_ABS%3A%28%22neuron%22+OR+%22tissue+atlas%22+OR+FANTOM5+OR+GTEx%29+sort_date%3Ay&format=json&resultType=core&pageSize=10,ok,5,5,False,
Tg_local_af3_fold_confidence_and_geometry,"TITLE_ABS:""Toxoplasma gondii"" AND TITLE_ABS:(""genome"" OR ""domain"" OR ""ortholog"" OR ""paralog"" OR ""AlphaFold"" OR ""structure prediction"") AND TITLE_ABS:(""local"" OR ""fold"" OR ""confidence"" OR ""geometry"")",CITED desc,https://www.ebi.ac.uk/europepmc/webservices/rest/search?query=TITLE_ABS%3A%22Toxoplasma+gondii%22+AND+TITLE_ABS%3A%28%22genome%22+OR+%22domain%22+OR+%22ortholog%22+OR+%22paralog%22+OR+%22AlphaFold%22+OR+%22structure+prediction%22%29+AND+TITLE_ABS%3A%28%22local%22+OR+%22fold%22+OR+%22confidence%22+OR+%22geometry%22%29+sort_cited%3Ay&format=json&resultType=core&pageSize=10,ok,75,10,True,
Tg_local_af3_fold_confidence_and_geometry,"TITLE_ABS:""Toxoplasma gondii"" AND TITLE_ABS:(""genome"" OR ""domain"" OR ""ortholog"" OR ""paralog"" OR ""AlphaFold"" OR ""structure prediction"") AND TITLE_ABS:(""local"" OR ""fold"" OR ""confidence"" OR ""geometry"")",FIRST_PDATE desc,https://www.ebi.ac.uk/europepmc/webservices/rest/search?query=TITLE_ABS%3A%22Toxoplasma+gondii%22+AND+TITLE_ABS%3A%28%22genome%22+OR+%22domain%22+OR+%22ortholog%22+OR+%22paralog%22+OR+%22AlphaFold%22+OR+%22structure+prediction%22%29+AND+TITLE_ABS%3A%28%22local%22+OR+%22fold%22+OR+%22confidence%22+OR+%22geometry%22%29+sort_date%3Ay&format=json&resultType=core&pageSize=10,ok,75,10,True,
Tg_transcription_in_vivo_enteric,"TITLE_ABS:""Toxoplasma gondii"" AND TITLE_ABS:(""RNA-seq"" OR ""transcriptome"" OR ""transcriptomic"" OR ""microarray"" OR ""scRNA-seq"")",CITED desc,https://www.ebi.ac.uk/europepmc/webservices/rest/search?query=TITLE_ABS%3A%22Toxoplasma+gondii%22+AND+TITLE_ABS%3A%28%22RNA-seq%22+OR+%22transcriptome%22+OR+%22transcriptomic%22+OR+%22microarray%22+OR+%22scRNA-seq%22%29+sort_cited%3Ay&format=json&resultType=core&pageSize=10,ok,363,10,True,
Tg_transcription_in_vivo_enteric,"TITLE_ABS:""Toxoplasma gondii"" AND TITLE_ABS:(""RNA-seq"" OR ""transcriptome"" OR ""transcriptomic"" OR ""microarray"" OR ""scRNA-seq"")",FIRST_PDATE desc,https://www.ebi.ac.uk/europepmc/webservices/rest/search?query=TITLE_ABS%3A%22Toxoplasma+gondii%22+AND+TITLE_ABS%3A%28%22RNA-seq%22+OR+%22transcriptome%22+OR+%22transcriptomic%22+OR+%22microarray%22+OR+%22scRNA-seq%22%29+sort_date%3Ay&format=json&resultType=core&pageSize=10,ok,363,10,True,
Tg_fitness_in_vivo_gut,"TITLE_ABS:""Toxoplasma gondii"" AND TITLE_ABS:(""CRISPR screen"" OR ""knockout screen"" OR ""essentiality"" OR ""fitness score"" OR ""piggyBac"" OR ""PlasmoGEM"" OR ""barcoded"")",CITED desc,https://www.ebi.ac.uk/europepmc/webservices/rest/search?query=TITLE_ABS%3A%22Toxoplasma+gondii%22+AND+TITLE_ABS%3A%28%22CRISPR+screen%22+OR+%22knockout+screen%22+OR+%22essentiality%22+OR+%22fitness+score%22+OR+%22piggyBac%22+OR+%22PlasmoGEM%22+OR+%22barcoded%22%29+sort_cited%3Ay&format=json&resultType=core&pageSize=10,ok,64,10,True,
Tg_fitness_in_vivo_gut,"TITLE_ABS:""Toxoplasma gondii"" AND TITLE_ABS:(""CRISPR screen"" OR ""knockout screen"" OR ""essentiality"" OR ""fitness score"" OR ""piggyBac"" OR ""PlasmoGEM"" OR ""barcoded"")",FIRST_PDATE desc,https://www.ebi.ac.uk/europepmc/webservices/rest/search?query=TITLE_ABS%3A%22Toxoplasma+gondii%22+AND+TITLE_ABS%3A%28%22CRISPR+screen%22+OR+%22knockout+screen%22+OR+%22essentiality%22+OR+%22fitness+score%22+OR+%22piggyBac%22+OR+%22PlasmoGEM%22+OR+%22barcoded%22%29+sort_date%3Ay&format=json&resultType=core&pageSize=10,ok,64,10,True,
Tg_cyst_wall_composition,"TITLE_ABS:""Toxoplasma gondii"" AND TITLE_ABS:(""hyperLOPIT"" OR ""spatial proteome"" OR ""subcellular localization"" OR ""GFP tagging"" OR ""exportome"" OR ""secretome"") AND TITLE_ABS:(""cyst"" OR ""wall"" OR ""composition"")",CITED desc,https://www.ebi.ac.uk/europepmc/webservices/rest/search?query=TITLE_ABS%3A%22Toxoplasma+gondii%22+AND+TITLE_ABS%3A%28%22hyperLOPIT%22+OR+%22spatial+proteome%22+OR+%22subcellular+localization%22+OR+%22GFP+tagging%22+OR+%22exportome%22+OR+%22secretome%22%29+AND+TITLE_ABS%3A%28%22cyst%22+OR+%22wall%22+OR+%22composition%22%29+sort_cited%3Ay&format=json&resultType=core&pageSize=10,ok,11,10,True,
Tg_cyst_wall_composition,"TITLE_ABS:""Toxoplasma gondii"" AND TITLE_ABS:(""hyperLOPIT"" OR ""spatial proteome"" OR ""subcellular localization"" OR ""GFP tagging"" OR ""exportome"" OR ""secretome"") AND TITLE_ABS:(""cyst"" OR ""wall"" OR ""composition"")",FIRST_PDATE desc,https://www.ebi.ac.uk/europepmc/webservices/rest/search?query=TITLE_ABS%3A%22Toxoplasma+gondii%22+AND+TITLE_ABS%3A%28%22hyperLOPIT%22+OR+%22spatial+proteome%22+OR+%22subcellular+localization%22+OR+%22GFP+tagging%22+OR+%22exportome%22+OR+%22secretome%22%29+AND+TITLE_ABS%3A%28%22cyst%22+OR+%22wall%22+OR+%22composition%22%29+sort_date%3Ay&format=json&resultType=core&pageSize=10,ok,11,10,True,
Tg_host_protein_recruitment_to_the_vacuole,"TITLE_ABS:""Toxoplasma gondii"" AND TITLE_ABS:""Toxoplasma gondii"" AND TITLE_ABS:(""host"" OR ""proteome"" OR ""CRISPR"")",CITED desc,https://www.ebi.ac.uk/europepmc/webservices/rest/search?query=TITLE_ABS%3A%22Toxoplasma+gondii%22+AND+TITLE_ABS%3A%22Toxoplasma+gondii%22+AND+TITLE_ABS%3A%28%22host%22+OR+%22proteome%22+OR+%22CRISPR%22%29+sort_cited%3Ay&format=json&resultType=core&pageSize=10,ok,4952,10,True,
Tg_host_protein_recruitment_to_the_vacuole,"TITLE_ABS:""Toxoplasma gondii"" AND TITLE_ABS:""Toxoplasma gondii"" AND TITLE_ABS:(""host"" OR ""proteome"" OR ""CRISPR"")",FIRST_PDATE desc,https://www.ebi.ac.uk/europepmc/webservices/rest/search?query=TITLE_ABS%3A%22Toxoplasma+gondii%22+AND+TITLE_ABS%3A%22Toxoplasma+gondii%22+AND+TITLE_ABS%3A%28%22host%22+OR+%22proteome%22+OR+%22CRISPR%22%29+sort_date%3Ay&format=json&resultType=core&pageSize=10,ok,4952,10,True,
Tg_host_gene_requirement_rhoptry_discharge,"TITLE_ABS:""Toxoplasma gondii"" AND TITLE_ABS:""Toxoplasma gondii"" AND TITLE_ABS:(""CRISPR"" OR ""knockout"" OR ""genetic screen"") AND TITLE_ABS:(""rhoptry discharge"" OR ""tissue atlas"" OR FANTOM5 OR GTEx)",CITED desc,https://www.ebi.ac.uk/europepmc/webservices/rest/search?query=TITLE_ABS%3A%22Toxoplasma+gondii%22+AND+TITLE_ABS%3A%22Toxoplasma+gondii%22+AND+TITLE_ABS%3A%28%22CRISPR%22+OR+%22knockout%22+OR+%22genetic+screen%22%29+AND+TITLE_ABS%3A%28%22rhoptry+discharge%22+OR+%22tissue+atlas%22+OR+FANTOM5+OR+GTEx%29+sort_cited%3Ay&format=json&resultType=core&pageSize=10,ok,1,1,False,
Tg_host_gene_requirement_rhoptry_discharge,"TITLE_ABS:""Toxoplasma gondii"" AND TITLE_ABS:""Toxoplasma gondii"" AND TITLE_ABS:(""CRISPR"" OR ""knockout"" OR ""genetic screen"") AND TITLE_ABS:(""rhoptry discharge"" OR ""tissue atlas"" OR FANTOM5 OR GTEx)",FIRST_PDATE desc,https://www.ebi.ac.uk/europepmc/webservices/rest/search?query=TITLE_ABS%3A%22Toxoplasma+gondii%22+AND+TITLE_ABS%3A%22Toxoplasma+gondii%22+AND+TITLE_ABS%3A%28%22CRISPR%22+OR+%22knockout%22+OR+%22genetic+screen%22%29+AND+TITLE_ABS%3A%28%22rhoptry+discharge%22+OR+%22tissue+atlas%22+OR+FANTOM5+OR+GTEx%29+sort_date%3Ay&format=json&resultType=core&pageSize=10,ok,1,1,False,
Pf_transcription_asexual_blood_stage,"TITLE_ABS:""Plasmodium falciparum"" AND TITLE_ABS:(""RNA-seq"" OR ""transcriptome"" OR ""transcriptomic"" OR ""microarray"" OR ""scRNA-seq"") AND TITLE_ABS:""asexual blood stage""",CITED desc,https://www.ebi.ac.uk/europepmc/webservices/rest/search?query=TITLE_ABS%3A%22Plasmodium+falciparum%22+AND+TITLE_ABS%3A%28%22RNA-seq%22+OR+%22transcriptome%22+OR+%22transcriptomic%22+OR+%22microarray%22+OR+%22scRNA-seq%22%29+AND+TITLE_ABS%3A%22asexual+blood+stage%22+sort_cited%3Ay&format=json&resultType=core&pageSize=10,ok,20,10,True,
Pf_transcription_asexual_blood_stage,"TITLE_ABS:""Plasmodium falciparum"" AND TITLE_ABS:(""RNA-seq"" OR ""transcriptome"" OR ""transcriptomic"" OR ""microarray"" OR ""scRNA-seq"") AND TITLE_ABS:""asexual blood stage""",FIRST_PDATE desc,https://www.ebi.ac.uk/europepmc/webservices/rest/search?query=TITLE_ABS%3A%22Plasmodium+falciparum%22+AND+TITLE_ABS%3A%28%22RNA-seq%22+OR+%22transcriptome%22+OR+%22transcriptomic%22+OR+%22microarray%22+OR+%22scRNA-seq%22%29+AND+TITLE_ABS%3A%22asexual+blood+stage%22+sort_date%3Ay&format=json&resultType=core&pageSize=10,ok,20,10,True,
Pf_transcription_ring,"TITLE_ABS:""Plasmodium falciparum"" AND TITLE_ABS:(""RNA-seq"" OR ""transcriptome"" OR ""transcriptomic"" OR ""microarray"" OR ""scRNA-seq"") AND TITLE_ABS:""ring""",CITED desc,https://www.ebi.ac.uk/europepmc/webservices/rest/search?query=TITLE_ABS%3A%22Plasmodium+falciparum%22+AND+TITLE_ABS%3A%28%22RNA-seq%22+OR+%22transcriptome%22+OR+%22transcriptomic%22+OR+%22microarray%22+OR+%22scRNA-seq%22%29+AND+TITLE_ABS%3A%22ring%22+sort_cited%3Ay&format=json&resultType=core&pageSize=10,ok,54,10,True,
Pf_transcription_ring,"TITLE_ABS:""Plasmodium falciparum"" AND TITLE_ABS:(""RNA-seq"" OR ""transcriptome"" OR ""transcriptomic"" OR ""microarray"" OR ""scRNA-seq"") AND TITLE_ABS:""ring""",FIRST_PDATE desc,https://www.ebi.ac.uk/europepmc/webservices/rest/search?query=TITLE_ABS%3A%22Plasmodium+falciparum%22+AND+TITLE_ABS%3A%28%22RNA-seq%22+OR+%22transcriptome%22+OR+%22transcriptomic%22+OR+%22microarray%22+OR+%22scRNA-seq%22%29+AND+TITLE_ABS%3A%22ring%22+sort_date%3Ay&format=json&resultType=core&pageSize=10,ok,54,10,True,
Pf_transcription_trophozoite,"TITLE_ABS:""Plasmodium falciparum"" AND TITLE_ABS:(""RNA-seq"" OR ""transcriptome"" OR ""transcriptomic"" OR ""microarray"" OR ""scRNA-seq"") AND TITLE_ABS:""trophozoite""",CITED desc,https://www.ebi.ac.uk/europepmc/webservices/rest/search?query=TITLE_ABS%3A%22Plasmodium+falciparum%22+AND+TITLE_ABS%3A%28%22RNA-seq%22+OR+%22transcriptome%22+OR+%22transcriptomic%22+OR+%22microarray%22+OR+%22scRNA-seq%22%29+AND+TITLE_ABS%3A%22trophozoite%22+sort_cited%3Ay&format=json&resultType=core&pageSize=10,ok,38,10,True,
Pf_transcription_trophozoite,"TITLE_ABS:""Plasmodium falciparum"" AND TITLE_ABS:(""RNA-seq"" OR ""transcriptome"" OR ""transcriptomic"" OR ""microarray"" OR ""scRNA-seq"") AND TITLE_ABS:""trophozoite""",FIRST_PDATE desc,https://www.ebi.ac.uk/europepmc/webservices/rest/search?query=TITLE_ABS%3A%22Plasmodium+falciparum%22+AND+TITLE_ABS%3A%28%22RNA-seq%22+OR+%22transcriptome%22+OR+%22transcriptomic%22+OR+%22microarray%22+OR+%22scRNA-seq%22%29+AND+TITLE_ABS%3A%22trophozoite%22+sort_date%3Ay&format=json&resultType=core&pageSize=10,ok,38,10,True,
Pf_transcription_schizont,"TITLE_ABS:""Plasmodium falciparum"" AND TITLE_ABS:(""RNA-seq"" OR ""transcriptome"" OR ""transcriptomic"" OR ""microarray"" OR ""scRNA-seq"") AND TITLE_ABS:""schizont""",CITED desc,https://www.ebi.ac.uk/europepmc/webservices/rest/search?query=TITLE_ABS%3A%22Plasmodium+falciparum%22+AND+TITLE_ABS%3A%28%22RNA-seq%22+OR+%22transcriptome%22+OR+%22transcriptomic%22+OR+%22microarray%22+OR+%22scRNA-seq%22%29+AND+TITLE_ABS%3A%22schizont%22+sort_cited%3Ay&format=json&resultType=core&pageSize=10,ok,45,10,True,
Pf_transcription_schizont,"TITLE_ABS:""Plasmodium falciparum"" AND TITLE_ABS:(""RNA-seq"" OR ""transcriptome"" OR ""transcriptomic"" OR ""microarray"" OR ""scRNA-seq"") AND TITLE_ABS:""schizont""",FIRST_PDATE desc,https://www.ebi.ac.uk/europepmc/webservices/rest/search?query=TITLE_ABS%3A%22Plasmodium+falciparum%22+AND+TITLE_ABS%3A%28%22RNA-seq%22+OR+%22transcriptome%22+OR+%22transcriptomic%22+OR+%22microarray%22+OR+%22scRNA-seq%22%29+AND+TITLE_ABS%3A%22schizont%22+sort_date%3Ay&format=json&resultType=core&pageSize=10,ok,45,10,True,
Pf_transcription_ookinete,"TITLE_ABS:""Plasmodium falciparum"" AND TITLE_ABS:(""RNA-seq"" OR ""transcriptome"" OR ""transcriptomic"" OR ""microarray"" OR ""scRNA-seq"") AND TITLE_ABS:""ookinete""",CITED desc,https://www.ebi.ac.uk/europepmc/webservices/rest/search?query=TITLE_ABS%3A%22Plasmodium+falciparum%22+AND+TITLE_ABS%3A%28%22RNA-seq%22+OR+%22transcriptome%22+OR+%22transcriptomic%22+OR+%22microarray%22+OR+%22scRNA-seq%22%29+AND+TITLE_ABS%3A%22ookinete%22+sort_cited%3Ay&format=json&resultType=core&pageSize=10,ok,10,10,False,
Pf_transcription_ookinete,"TITLE_ABS:""Plasmodium falciparum"" AND TITLE_ABS:(""RNA-seq"" OR ""transcriptome"" OR ""transcriptomic"" OR ""microarray"" OR ""scRNA-seq"") AND TITLE_ABS:""ookinete""",FIRST_PDATE desc,https://www.ebi.ac.uk/europepmc/webservices/rest/search?query=TITLE_ABS%3A%22Plasmodium+falciparum%22+AND+TITLE_ABS%3A%28%22RNA-seq%22+OR+%22transcriptome%22+OR+%22transcriptomic%22+OR+%22microarray%22+OR+%22scRNA-seq%22%29+AND+TITLE_ABS%3A%22ookinete%22+sort_date%3Ay&format=json&resultType=core&pageSize=10,ok,10,10,False,
Pf_transcription_oocyst,"TITLE_ABS:""Plasmodium falciparum"" AND TITLE_ABS:(""RNA-seq"" OR ""transcriptome"" OR ""transcriptomic"" OR ""microarray"" OR ""scRNA-seq"") AND TITLE_ABS:""oocyst""",CITED desc,https://www.ebi.ac.uk/europepmc/webservices/rest/search?query=TITLE_ABS%3A%22Plasmodium+falciparum%22+AND+TITLE_ABS%3A%28%22RNA-seq%22+OR+%22transcriptome%22+OR+%22transcriptomic%22+OR+%22microarray%22+OR+%22scRNA-seq%22%29+AND+TITLE_ABS%3A%22oocyst%22+sort_cited%3Ay&format=json&resultType=core&pageSize=10,ok,5,5,False,
Pf_transcription_oocyst,"TITLE_ABS:""Plasmodium falciparum"" AND TITLE_ABS:(""RNA-seq"" OR ""transcriptome"" OR ""transcriptomic"" OR ""microarray"" OR ""scRNA-seq"") AND TITLE_ABS:""oocyst""",FIRST_PDATE desc,https://www.ebi.ac.uk/europepmc/webservices/rest/search?query=TITLE_ABS%3A%22Plasmodium+falciparum%22+AND+TITLE_ABS%3A%28%22RNA-seq%22+OR+%22transcriptome%22+OR+%22transcriptomic%22+OR+%22microarray%22+OR+%22scRNA-seq%22%29+AND+TITLE_ABS%3A%22oocyst%22+sort_date%3Ay&format=json&resultType=core&pageSize=10,ok,5,5,False,
Pf_transcription_sporozoite,"TITLE_ABS:""Plasmodium falciparum"" AND TITLE_ABS:(""RNA-seq"" OR ""transcriptome"" OR ""transcriptomic"" OR ""microarray"" OR ""scRNA-seq"") AND TITLE_ABS:""sporozoite""",CITED desc,https://www.ebi.ac.uk/europepmc/webservices/rest/search?query=TITLE_ABS%3A%22Plasmodium+falciparum%22+AND+TITLE_ABS%3A%28%22RNA-seq%22+OR+%22transcriptome%22+OR+%22transcriptomic%22+OR+%22microarray%22+OR+%22scRNA-seq%22%29+AND+TITLE_ABS%3A%22sporozoite%22+sort_cited%3Ay&format=json&resultType=core&pageSize=10,ok,26,10,True,
Pf_transcription_sporozoite,"TITLE_ABS:""Plasmodium falciparum"" AND TITLE_ABS:(""RNA-seq"" OR ""transcriptome"" OR ""transcriptomic"" OR ""microarray"" OR ""scRNA-seq"") AND TITLE_ABS:""sporozoite""",FIRST_PDATE desc,https://www.ebi.ac.uk/europepmc/webservices/rest/search?query=TITLE_ABS%3A%22Plasmodium+falciparum%22+AND+TITLE_ABS%3A%28%22RNA-seq%22+OR+%22transcriptome%22+OR+%22transcriptomic%22+OR+%22microarray%22+OR+%22scRNA-seq%22%29+AND+TITLE_ABS%3A%22sporozoite%22+sort_date%3Ay&format=json&resultType=core&pageSize=10,ok,26,10,True,
Pf_transcription_per_cell_cycle_phase,"TITLE_ABS:""Plasmodium falciparum"" AND TITLE_ABS:(""RNA-seq"" OR ""transcriptome"" OR ""transcriptomic"" OR ""microarray"" OR ""scRNA-seq"")",CITED desc,https://www.ebi.ac.uk/europepmc/webservices/rest/search?query=TITLE_ABS%3A%22Plasmodium+falciparum%22+AND+TITLE_ABS%3A%28%22RNA-seq%22+OR+%22transcriptome%22+OR+%22transcriptomic%22+OR+%22microarray%22+OR+%22scRNA-seq%22%29+sort_cited%3Ay&format=json&resultType=core&pageSize=10,ok,667,10,True,
Pf_transcription_per_cell_cycle_phase,"TITLE_ABS:""Plasmodium falciparum"" AND TITLE_ABS:(""RNA-seq"" OR ""transcriptome"" OR ""transcriptomic"" OR ""microarray"" OR ""scRNA-seq"")",FIRST_PDATE desc,https://www.ebi.ac.uk/europepmc/webservices/rest/search?query=TITLE_ABS%3A%22Plasmodium+falciparum%22+AND+TITLE_ABS%3A%28%22RNA-seq%22+OR+%22transcriptome%22+OR+%22transcriptomic%22+OR+%22microarray%22+OR+%22scRNA-seq%22%29+sort_date%3Ay&format=json&resultType=core&pageSize=10,ok,667,10,True,
Pf_transcription_under_stress_conversion,"TITLE_ABS:""Plasmodium falciparum"" AND TITLE_ABS:(""RNA-seq"" OR ""transcriptome"" OR ""transcriptomic"" OR ""microarray"" OR ""scRNA-seq"")",CITED desc,https://www.ebi.ac.uk/europepmc/webservices/rest/search?query=TITLE_ABS%3A%22Plasmodium+falciparum%22+AND+TITLE_ABS%3A%28%22RNA-seq%22+OR+%22transcriptome%22+OR+%22transcriptomic%22+OR+%22microarray%22+OR+%22scRNA-seq%22%29+sort_cited%3Ay&format=json&resultType=core&pageSize=10,ok,667,10,True,
Pf_transcription_under_stress_conversion,"TITLE_ABS:""Plasmodium falciparum"" AND TITLE_ABS:(""RNA-seq"" OR ""transcriptome"" OR ""transcriptomic"" OR ""microarray"" OR ""scRNA-seq"")",FIRST_PDATE desc,https://www.ebi.ac.uk/europepmc/webservices/rest/search?query=TITLE_ABS%3A%22Plasmodium+falciparum%22+AND+TITLE_ABS%3A%28%22RNA-seq%22+OR+%22transcriptome%22+OR+%22transcriptomic%22+OR+%22microarray%22+OR+%22scRNA-seq%22%29+sort_date%3Ay&format=json&resultType=core&pageSize=10,ok,667,10,True,
Pf_transcription_under_tf_or_chromatin_perturbation,"TITLE_ABS:""Plasmodium falciparum"" AND TITLE_ABS:(""RNA-seq"" OR ""transcriptome"" OR ""transcriptomic"" OR ""microarray"" OR ""scRNA-seq"")",CITED desc,https://www.ebi.ac.uk/europepmc/webservices/rest/search?query=TITLE_ABS%3A%22Plasmodium+falciparum%22+AND+TITLE_ABS%3A%28%22RNA-seq%22+OR+%22transcriptome%22+OR+%22transcriptomic%22+OR+%22microarray%22+OR+%22scRNA-seq%22%29+sort_cited%3Ay&format=json&resultType=core&pageSize=10,ok,667,10,True,
Pf_transcription_under_tf_or_chromatin_perturbation,"TITLE_ABS:""Plasmodium falciparum"" AND TITLE_ABS:(""RNA-seq"" OR ""transcriptome"" OR ""transcriptomic"" OR ""microarray"" OR ""scRNA-seq"")",FIRST_PDATE desc,https://www.ebi.ac.uk/europepmc/webservices/rest/search?query=TITLE_ABS%3A%22Plasmodium+falciparum%22+AND+TITLE_ABS%3A%28%22RNA-seq%22+OR+%22transcriptome%22+OR+%22transcriptomic%22+OR+%22microarray%22+OR+%22scRNA-seq%22%29+sort_date%3Ay&format=json&resultType=core&pageSize=10,ok,667,10,True,
Pf_transcription_maximum_observed_across_stages,"TITLE_ABS:""Plasmodium falciparum"" AND TITLE_ABS:(""RNA-seq"" OR ""transcriptome"" OR ""transcriptomic"" OR ""microarray"" OR ""scRNA-seq"")",CITED desc,https://www.ebi.ac.uk/europepmc/webservices/rest/search?query=TITLE_ABS%3A%22Plasmodium+falciparum%22+AND+TITLE_ABS%3A%28%22RNA-seq%22+OR+%22transcriptome%22+OR+%22transcriptomic%22+OR+%22microarray%22+OR+%22scRNA-seq%22%29+sort_cited%3Ay&format=json&resultType=core&pageSize=10,ok,667,10,True,
Pf_transcription_maximum_observed_across_stages,"TITLE_ABS:""Plasmodium falciparum"" AND TITLE_ABS:(""RNA-seq"" OR ""transcriptome"" OR ""transcriptomic"" OR ""microarray"" OR ""scRNA-seq"")",FIRST_PDATE desc,https://www.ebi.ac.uk/europepmc/webservices/rest/search?query=TITLE_ABS%3A%22Plasmodium+falciparum%22+AND+TITLE_ABS%3A%28%22RNA-seq%22+OR+%22transcriptome%22+OR+%22transcriptomic%22+OR+%22microarray%22+OR+%22scRNA-seq%22%29+sort_date%3Ay&format=json&resultType=core&pageSize=10,ok,667,10,True,
Pf_cell_cycle_timing_label,"TITLE_ABS:""Plasmodium falciparum"" AND TITLE_ABS:(""RNA-seq"" OR ""transcriptome"" OR ""transcriptomic"" OR ""microarray"" OR ""scRNA-seq"") AND TITLE_ABS:(""cell-cycle"" OR ""timing"" OR ""label"")",CITED desc,https://www.ebi.ac.uk/europepmc/webservices/rest/search?query=TITLE_ABS%3A%22Plasmodium+falciparum%22+AND+TITLE_ABS%3A%28%22RNA-seq%22+OR+%22transcriptome%22+OR+%22transcriptomic%22+OR+%22microarray%22+OR+%22scRNA-seq%22%29+AND+TITLE_ABS%3A%28%22cell-cycle%22+OR+%22timing%22+OR+%22label%22%29+sort_cited%3Ay&format=json&resultType=core&pageSize=10,ok,42,10,True,
Pf_cell_cycle_timing_label,"TITLE_ABS:""Plasmodium falciparum"" AND TITLE_ABS:(""RNA-seq"" OR ""transcriptome"" OR ""transcriptomic"" OR ""microarray"" OR ""scRNA-seq"") AND TITLE_ABS:(""cell-cycle"" OR ""timing"" OR ""label"")",FIRST_PDATE desc,https://www.ebi.ac.uk/europepmc/webservices/rest/search?query=TITLE_ABS%3A%22Plasmodium+falciparum%22+AND+TITLE_ABS%3A%28%22RNA-seq%22+OR+%22transcriptome%22+OR+%22transcriptomic%22+OR+%22microarray%22+OR+%22scRNA-seq%22%29+AND+TITLE_ABS%3A%28%22cell-cycle%22+OR+%22timing%22+OR+%22label%22%29+sort_date%3Ay&format=json&resultType=core&pageSize=10,ok,42,10,True,
Pf_life_cycle_stage_label_derived,"TITLE_ABS:""Plasmodium falciparum"" AND TITLE_ABS:(""RNA-seq"" OR ""transcriptome"" OR ""transcriptomic"" OR ""microarray"" OR ""scRNA-seq"") AND TITLE_ABS:(""life-cycle"" OR ""stage"" OR ""label"")",CITED desc,https://www.ebi.ac.uk/europepmc/webservices/rest/search?query=TITLE_ABS%3A%22Plasmodium+falciparum%22+AND+TITLE_ABS%3A%28%22RNA-seq%22+OR+%22transcriptome%22+OR+%22transcriptomic%22+OR+%22microarray%22+OR+%22scRNA-seq%22%29+AND+TITLE_ABS%3A%28%22life-cycle%22+OR+%22stage%22+OR+%22label%22%29+sort_cited%3Ay&format=json&resultType=core&pageSize=10,ok,270,10,True,
Pf_life_cycle_stage_label_derived,"TITLE_ABS:""Plasmodium falciparum"" AND TITLE_ABS:(""RNA-seq"" OR ""transcriptome"" OR ""transcriptomic"" OR ""microarray"" OR ""scRNA-seq"") AND TITLE_ABS:(""life-cycle"" OR ""stage"" OR ""label"")",FIRST_PDATE desc,https://www.ebi.ac.uk/europepmc/webservices/rest/search?query=TITLE_ABS%3A%22Plasmodium+falciparum%22+AND+TITLE_ABS%3A%28%22RNA-seq%22+OR+%22transcriptome%22+OR+%22transcriptomic%22+OR+%22microarray%22+OR+%22scRNA-seq%22%29+AND+TITLE_ABS%3A%28%22life-cycle%22+OR+%22stage%22+OR+%22label%22%29+sort_date%3Ay&format=json&resultType=core&pageSize=10,ok,270,10,True,
Pf_translation_asexual_blood_stage,"TITLE_ABS:""Plasmodium falciparum"" AND TITLE_ABS:(""ribosome profiling"" OR ""Ribo-seq"" OR ""translatome"" OR ""polysome"") AND TITLE_ABS:""asexual blood stage""",CITED desc,https://www.ebi.ac.uk/europepmc/webservices/rest/search?query=TITLE_ABS%3A%22Plasmodium+falciparum%22+AND+TITLE_ABS%3A%28%22ribosome+profiling%22+OR+%22Ribo-seq%22+OR+%22translatome%22+OR+%22polysome%22%29+AND+TITLE_ABS%3A%22asexual+blood+stage%22+sort_cited%3Ay&format=json&resultType=core&pageSize=10,ok,0,0,False,
Pf_translation_asexual_blood_stage,"TITLE_ABS:""Plasmodium falciparum"" AND TITLE_ABS:(""ribosome profiling"" OR ""Ribo-seq"" OR ""translatome"" OR ""polysome"") AND TITLE_ABS:""asexual blood stage""",FIRST_PDATE desc,https://www.ebi.ac.uk/europepmc/webservices/rest/search?query=TITLE_ABS%3A%22Plasmodium+falciparum%22+AND+TITLE_ABS%3A%28%22ribosome+profiling%22+OR+%22Ribo-seq%22+OR+%22translatome%22+OR+%22polysome%22%29+AND+TITLE_ABS%3A%22asexual+blood+stage%22+sort_date%3Ay&format=json&resultType=core&pageSize=10,ok,0,0,False,
Pf_translation_per_cell_cycle_phase,"TITLE_ABS:""Plasmodium falciparum"" AND TITLE_ABS:(""ribosome profiling"" OR ""Ribo-seq"" OR ""translatome"" OR ""polysome"")",CITED desc,https://www.ebi.ac.uk/europepmc/webservices/rest/search?query=TITLE_ABS%3A%22Plasmodium+falciparum%22+AND+TITLE_ABS%3A%28%22ribosome+profiling%22+OR+%22Ribo-seq%22+OR+%22translatome%22+OR+%22polysome%22%29+sort_cited%3Ay&format=json&resultType=core&pageSize=10,ok,15,10,True,
Pf_translation_per_cell_cycle_phase,"TITLE_ABS:""Plasmodium falciparum"" AND TITLE_ABS:(""ribosome profiling"" OR ""Ribo-seq"" OR ""translatome"" OR ""polysome"")",FIRST_PDATE desc,https://www.ebi.ac.uk/europepmc/webservices/rest/search?query=TITLE_ABS%3A%22Plasmodium+falciparum%22+AND+TITLE_ABS%3A%28%22ribosome+profiling%22+OR+%22Ribo-seq%22+OR+%22translatome%22+OR+%22polysome%22%29+sort_date%3Ay&format=json&resultType=core&pageSize=10,ok,15,10,True,
Pf_translation_under_stress,"TITLE_ABS:""Plasmodium falciparum"" AND TITLE_ABS:(""ribosome profiling"" OR ""Ribo-seq"" OR ""translatome"" OR ""polysome"")",CITED desc,https://www.ebi.ac.uk/europepmc/webservices/rest/search?query=TITLE_ABS%3A%22Plasmodium+falciparum%22+AND+TITLE_ABS%3A%28%22ribosome+profiling%22+OR+%22Ribo-seq%22+OR+%22translatome%22+OR+%22polysome%22%29+sort_cited%3Ay&format=json&resultType=core&pageSize=10,ok,15,10,True,
Pf_translation_under_stress,"TITLE_ABS:""Plasmodium falciparum"" AND TITLE_ABS:(""ribosome profiling"" OR ""Ribo-seq"" OR ""translatome"" OR ""polysome"")",FIRST_PDATE desc,https://www.ebi.ac.uk/europepmc/webservices/rest/search?query=TITLE_ABS%3A%22Plasmodium+falciparum%22+AND+TITLE_ABS%3A%28%22ribosome+profiling%22+OR+%22Ribo-seq%22+OR+%22translatome%22+OR+%22polysome%22%29+sort_date%3Ay&format=json&resultType=core&pageSize=10,ok,15,10,True,
Pf_translation_efficiency_asexual_blood_stage,"TITLE_ABS:""Plasmodium falciparum"" AND TITLE_ABS:(""ribosome profiling"" OR ""Ribo-seq"" OR ""translatome"" OR ""polysome"") AND TITLE_ABS:(""translation"" OR ""efficiency"") AND TITLE_ABS:""asexual blood stage""",CITED desc,https://www.ebi.ac.uk/europepmc/webservices/rest/search?query=TITLE_ABS%3A%22Plasmodium+falciparum%22+AND+TITLE_ABS%3A%28%22ribosome+profiling%22+OR+%22Ribo-seq%22+OR+%22translatome%22+OR+%22polysome%22%29+AND+TITLE_ABS%3A%28%22translation%22+OR+%22efficiency%22%29+AND+TITLE_ABS%3A%22asexual+blood+stage%22+sort_cited%3Ay&format=json&resultType=core&pageSize=10,ok,0,0,False,
Pf_translation_efficiency_asexual_blood_stage,"TITLE_ABS:""Plasmodium falciparum"" AND TITLE_ABS:(""ribosome profiling"" OR ""Ribo-seq"" OR ""translatome"" OR ""polysome"") AND TITLE_ABS:(""translation"" OR ""efficiency"") AND TITLE_ABS:""asexual blood stage""",FIRST_PDATE desc,https://www.ebi.ac.uk/europepmc/webservices/rest/search?query=TITLE_ABS%3A%22Plasmodium+falciparum%22+AND+TITLE_ABS%3A%28%22ribosome+profiling%22+OR+%22Ribo-seq%22+OR+%22translatome%22+OR+%22polysome%22%29+AND+TITLE_ABS%3A%28%22translation%22+OR+%22efficiency%22%29+AND+TITLE_ABS%3A%22asexual+blood+stage%22+sort_date%3Ay&format=json&resultType=core&pageSize=10,ok,0,0,False,
Pf_translation_efficiency_extracellular_stress,"TITLE_ABS:""Plasmodium falciparum"" AND TITLE_ABS:(""ribosome profiling"" OR ""Ribo-seq"" OR ""translatome"" OR ""polysome"") AND TITLE_ABS:(""translation"" OR ""efficiency"")",CITED desc,https://www.ebi.ac.uk/europepmc/webservices/rest/search?query=TITLE_ABS%3A%22Plasmodium+falciparum%22+AND+TITLE_ABS%3A%28%22ribosome+profiling%22+OR+%22Ribo-seq%22+OR+%22translatome%22+OR+%22polysome%22%29+AND+TITLE_ABS%3A%28%22translation%22+OR+%22efficiency%22%29+sort_cited%3Ay&format=json&resultType=core&pageSize=10,ok,9,9,False,
Pf_translation_efficiency_extracellular_stress,"TITLE_ABS:""Plasmodium falciparum"" AND TITLE_ABS:(""ribosome profiling"" OR ""Ribo-seq"" OR ""translatome"" OR ""polysome"") AND TITLE_ABS:(""translation"" OR ""efficiency"")",FIRST_PDATE desc,https://www.ebi.ac.uk/europepmc/webservices/rest/search?query=TITLE_ABS%3A%22Plasmodium+falciparum%22+AND+TITLE_ABS%3A%28%22ribosome+profiling%22+OR+%22Ribo-seq%22+OR+%22translatome%22+OR+%22polysome%22%29+AND+TITLE_ABS%3A%28%22translation%22+OR+%22efficiency%22%29+sort_date%3Ay&format=json&resultType=core&pageSize=10,ok,9,9,False,
Pf_protein_abundance_asexual_blood_stage,"TITLE_ABS:""Plasmodium falciparum"" AND TITLE_ABS:(""proteome"" OR ""proteomic"" OR ""mass spectrometry"" OR ""quantitative proteomics"") AND TITLE_ABS:""asexual blood stage""",CITED desc,https://www.ebi.ac.uk/europepmc/webservices/rest/search?query=TITLE_ABS%3A%22Plasmodium+falciparum%22+AND+TITLE_ABS%3A%28%22proteome%22+OR+%22proteomic%22+OR+%22mass+spectrometry%22+OR+%22quantitative+proteomics%22%29+AND+TITLE_ABS%3A%22asexual+blood+stage%22+sort_cited%3Ay&format=json&resultType=core&pageSize=10,ok,23,10,True,
Pf_protein_abundance_asexual_blood_stage,"TITLE_ABS:""Plasmodium falciparum"" AND TITLE_ABS:(""proteome"" OR ""proteomic"" OR ""mass spectrometry"" OR ""quantitative proteomics"") AND TITLE_ABS:""asexual blood stage""",FIRST_PDATE desc,https://www.ebi.ac.uk/europepmc/webservices/rest/search?query=TITLE_ABS%3A%22Plasmodium+falciparum%22+AND+TITLE_ABS%3A%28%22proteome%22+OR+%22proteomic%22+OR+%22mass+spectrometry%22+OR+%22quantitative+proteomics%22%29+AND+TITLE_ABS%3A%22asexual+blood+stage%22+sort_date%3Ay&format=json&resultType=core&pageSize=10,ok,23,10,True,
Pf_protein_abundance_other_life_stages,"TITLE_ABS:""Plasmodium falciparum"" AND TITLE_ABS:(""proteome"" OR ""proteomic"" OR ""mass spectrometry"" OR ""quantitative proteomics"")",CITED desc,https://www.ebi.ac.uk/europepmc/webservices/rest/search?query=TITLE_ABS%3A%22Plasmodium+falciparum%22+AND+TITLE_ABS%3A%28%22proteome%22+OR+%22proteomic%22+OR+%22mass+spectrometry%22+OR+%22quantitative+proteomics%22%29+sort_cited%3Ay&format=json&resultType=core&pageSize=10,ok,1027,10,True,
Pf_protein_abundance_other_life_stages,"TITLE_ABS:""Plasmodium falciparum"" AND TITLE_ABS:(""proteome"" OR ""proteomic"" OR ""mass spectrometry"" OR ""quantitative proteomics"")",FIRST_PDATE desc,https://www.ebi.ac.uk/europepmc/webservices/rest/search?query=TITLE_ABS%3A%22Plasmodium+falciparum%22+AND+TITLE_ABS%3A%28%22proteome%22+OR+%22proteomic%22+OR+%22mass+spectrometry%22+OR+%22quantitative+proteomics%22%29+sort_date%3Ay&format=json&resultType=core&pageSize=10,ok,1027,10,True,
Pf_protein_turnover_asexual_blood_stage,"TITLE_ABS:""Plasmodium falciparum"" AND TITLE_ABS:(""proteome"" OR ""proteomic"" OR ""mass spectrometry"" OR ""quantitative proteomics"") AND TITLE_ABS:(""turnover"") AND TITLE_ABS:""asexual blood stage""",CITED desc,https://www.ebi.ac.uk/europepmc/webservices/rest/search?query=TITLE_ABS%3A%22Plasmodium+falciparum%22+AND+TITLE_ABS%3A%28%22proteome%22+OR+%22proteomic%22+OR+%22mass+spectrometry%22+OR+%22quantitative+proteomics%22%29+AND+TITLE_ABS%3A%28%22turnover%22%29+AND+TITLE_ABS%3A%22asexual+blood+stage%22+sort_cited%3Ay&format=json&resultType=core&pageSize=10,ok,0,0,False,
Pf_protein_turnover_asexual_blood_stage,"TITLE_ABS:""Plasmodium falciparum"" AND TITLE_ABS:(""proteome"" OR ""proteomic"" OR ""mass spectrometry"" OR ""quantitative proteomics"") AND TITLE_ABS:(""turnover"") AND TITLE_ABS:""asexual blood stage""",FIRST_PDATE desc,https://www.ebi.ac.uk/europepmc/webservices/rest/search?query=TITLE_ABS%3A%22Plasmodium+falciparum%22+AND+TITLE_ABS%3A%28%22proteome%22+OR+%22proteomic%22+OR+%22mass+spectrometry%22+OR+%22quantitative+proteomics%22%29+AND+TITLE_ABS%3A%28%22turnover%22%29+AND+TITLE_ABS%3A%22asexual+blood+stage%22+sort_date%3Ay&format=json&resultType=core&pageSize=10,ok,0,0,False,
Pf_phosphorylation_asexual_blood_stage,"TITLE_ABS:""Plasmodium falciparum"" AND TITLE_ABS:(""phosphoproteome"" OR ""acetylome"" OR ""ubiquitinome"" OR ""glycoproteome"" OR ""palmitoylome"" OR ""post-translational"") AND TITLE_ABS:(""phosphorylation"") AND TITLE_ABS:""asexual blood stage""",CITED desc,https://www.ebi.ac.uk/europepmc/webservices/rest/search?query=TITLE_ABS%3A%22Plasmodium+falciparum%22+AND+TITLE_ABS%3A%28%22phosphoproteome%22+OR+%22acetylome%22+OR+%22ubiquitinome%22+OR+%22glycoproteome%22+OR+%22palmitoylome%22+OR+%22post-translational%22%29+AND+TITLE_ABS%3A%28%22phosphorylation%22%29+AND+TITLE_ABS%3A%22asexual+blood+stage%22+sort_cited%3Ay&format=json&resultType=core&pageSize=10,ok,0,0,False,
Pf_phosphorylation_asexual_blood_stage,"TITLE_ABS:""Plasmodium falciparum"" AND TITLE_ABS:(""phosphoproteome"" OR ""acetylome"" OR ""ubiquitinome"" OR ""glycoproteome"" OR ""palmitoylome"" OR ""post-translational"") AND TITLE_ABS:(""phosphorylation"") AND TITLE_ABS:""asexual blood stage""",FIRST_PDATE desc,https://www.ebi.ac.uk/europepmc/webservices/rest/search?query=TITLE_ABS%3A%22Plasmodium+falciparum%22+AND+TITLE_ABS%3A%28%22phosphoproteome%22+OR+%22acetylome%22+OR+%22ubiquitinome%22+OR+%22glycoproteome%22+OR+%22palmitoylome%22+OR+%22post-translational%22%29+AND+TITLE_ABS%3A%28%22phosphorylation%22%29+AND+TITLE_ABS%3A%22asexual+blood+stage%22+sort_date%3Ay&format=json&resultType=core&pageSize=10,ok,0,0,False,
Pf_phosphorylation_kinase_substrate,"TITLE_ABS:""Plasmodium falciparum"" AND TITLE_ABS:(""phosphoproteome"" OR ""acetylome"" OR ""ubiquitinome"" OR ""glycoproteome"" OR ""palmitoylome"" OR ""post-translational"") AND TITLE_ABS:(""phosphorylation"")",CITED desc,https://www.ebi.ac.uk/europepmc/webservices/rest/search?query=TITLE_ABS%3A%22Plasmodium+falciparum%22+AND+TITLE_ABS%3A%28%22phosphoproteome%22+OR+%22acetylome%22+OR+%22ubiquitinome%22+OR+%22glycoproteome%22+OR+%22palmitoylome%22+OR+%22post-translational%22%29+AND+TITLE_ABS%3A%28%22phosphorylation%22%29+sort_cited%3Ay&format=json&resultType=core&pageSize=10,ok,36,10,True,
Pf_phosphorylation_kinase_substrate,"TITLE_ABS:""Plasmodium falciparum"" AND TITLE_ABS:(""phosphoproteome"" OR ""acetylome"" OR ""ubiquitinome"" OR ""glycoproteome"" OR ""palmitoylome"" OR ""post-translational"") AND TITLE_ABS:(""phosphorylation"")",FIRST_PDATE desc,https://www.ebi.ac.uk/europepmc/webservices/rest/search?query=TITLE_ABS%3A%22Plasmodium+falciparum%22+AND+TITLE_ABS%3A%28%22phosphoproteome%22+OR+%22acetylome%22+OR+%22ubiquitinome%22+OR+%22glycoproteome%22+OR+%22palmitoylome%22+OR+%22post-translational%22%29+AND+TITLE_ABS%3A%28%22phosphorylation%22%29+sort_date%3Ay&format=json&resultType=core&pageSize=10,ok,36,10,True,
Pf_acetylation,"TITLE_ABS:""Plasmodium falciparum"" AND TITLE_ABS:(""phosphoproteome"" OR ""acetylome"" OR ""ubiquitinome"" OR ""glycoproteome"" OR ""palmitoylome"" OR ""post-translational"") AND TITLE_ABS:(""acetylation"")",CITED desc,https://www.ebi.ac.uk/europepmc/webservices/rest/search?query=TITLE_ABS%3A%22Plasmodium+falciparum%22+AND+TITLE_ABS%3A%28%22phosphoproteome%22+OR+%22acetylome%22+OR+%22ubiquitinome%22+OR+%22glycoproteome%22+OR+%22palmitoylome%22+OR+%22post-translational%22%29+AND+TITLE_ABS%3A%28%22acetylation%22%29+sort_cited%3Ay&format=json&resultType=core&pageSize=10,ok,14,10,True,
Pf_acetylation,"TITLE_ABS:""Plasmodium falciparum"" AND TITLE_ABS:(""phosphoproteome"" OR ""acetylome"" OR ""ubiquitinome"" OR ""glycoproteome"" OR ""palmitoylome"" OR ""post-translational"") AND TITLE_ABS:(""acetylation"")",FIRST_PDATE desc,https://www.ebi.ac.uk/europepmc/webservices/rest/search?query=TITLE_ABS%3A%22Plasmodium+falciparum%22+AND+TITLE_ABS%3A%28%22phosphoproteome%22+OR+%22acetylome%22+OR+%22ubiquitinome%22+OR+%22glycoproteome%22+OR+%22palmitoylome%22+OR+%22post-translational%22%29+AND+TITLE_ABS%3A%28%22acetylation%22%29+sort_date%3Ay&format=json&resultType=core&pageSize=10,ok,14,10,True,
Pf_n_myristoylation_asexual_blood_stage,"TITLE_ABS:""Plasmodium falciparum"" AND TITLE_ABS:(""phosphoproteome"" OR ""acetylome"" OR ""ubiquitinome"" OR ""glycoproteome"" OR ""palmitoylome"" OR ""post-translational"") AND TITLE_ABS:(""N-myristoylation"") AND TITLE_ABS:""asexual blood stage""",CITED desc,https://www.ebi.ac.uk/europepmc/webservices/rest/search?query=TITLE_ABS%3A%22Plasmodium+falciparum%22+AND+TITLE_ABS%3A%28%22phosphoproteome%22+OR+%22acetylome%22+OR+%22ubiquitinome%22+OR+%22glycoproteome%22+OR+%22palmitoylome%22+OR+%22post-translational%22%29+AND+TITLE_ABS%3A%28%22N-myristoylation%22%29+AND+TITLE_ABS%3A%22asexual+blood+stage%22+sort_cited%3Ay&format=json&resultType=core&pageSize=10,ok,0,0,False,
Pf_n_myristoylation_asexual_blood_stage,"TITLE_ABS:""Plasmodium falciparum"" AND TITLE_ABS:(""phosphoproteome"" OR ""acetylome"" OR ""ubiquitinome"" OR ""glycoproteome"" OR ""palmitoylome"" OR ""post-translational"") AND TITLE_ABS:(""N-myristoylation"") AND TITLE_ABS:""asexual blood stage""",FIRST_PDATE desc,https://www.ebi.ac.uk/europepmc/webservices/rest/search?query=TITLE_ABS%3A%22Plasmodium+falciparum%22+AND+TITLE_ABS%3A%28%22phosphoproteome%22+OR+%22acetylome%22+OR+%22ubiquitinome%22+OR+%22glycoproteome%22+OR+%22palmitoylome%22+OR+%22post-translational%22%29+AND+TITLE_ABS%3A%28%22N-myristoylation%22%29+AND+TITLE_ABS%3A%22asexual+blood+stage%22+sort_date%3Ay&format=json&resultType=core&pageSize=10,ok,0,0,False,
Pf_arginine_methylation_asexual_blood_stage,"TITLE_ABS:""Plasmodium falciparum"" AND TITLE_ABS:(""phosphoproteome"" OR ""acetylome"" OR ""ubiquitinome"" OR ""glycoproteome"" OR ""palmitoylome"" OR ""post-translational"") AND TITLE_ABS:(""arginine"" OR ""methylation"") AND TITLE_ABS:""asexual blood stage""",CITED desc,https://www.ebi.ac.uk/europepmc/webservices/rest/search?query=TITLE_ABS%3A%22Plasmodium+falciparum%22+AND+TITLE_ABS%3A%28%22phosphoproteome%22+OR+%22acetylome%22+OR+%22ubiquitinome%22+OR+%22glycoproteome%22+OR+%22palmitoylome%22+OR+%22post-translational%22%29+AND+TITLE_ABS%3A%28%22arginine%22+OR+%22methylation%22%29+AND+TITLE_ABS%3A%22asexual+blood+stage%22+sort_cited%3Ay&format=json&resultType=core&pageSize=10,ok,1,1,False,
Pf_arginine_methylation_asexual_blood_stage,"TITLE_ABS:""Plasmodium falciparum"" AND TITLE_ABS:(""phosphoproteome"" OR ""acetylome"" OR ""ubiquitinome"" OR ""glycoproteome"" OR ""palmitoylome"" OR ""post-translational"") AND TITLE_ABS:(""arginine"" OR ""methylation"") AND TITLE_ABS:""asexual blood stage""",FIRST_PDATE desc,https://www.ebi.ac.uk/europepmc/webservices/rest/search?query=TITLE_ABS%3A%22Plasmodium+falciparum%22+AND+TITLE_ABS%3A%28%22phosphoproteome%22+OR+%22acetylome%22+OR+%22ubiquitinome%22+OR+%22glycoproteome%22+OR+%22palmitoylome%22+OR+%22post-translational%22%29+AND+TITLE_ABS%3A%28%22arginine%22+OR+%22methylation%22%29+AND+TITLE_ABS%3A%22asexual+blood+stage%22+sort_date%3Ay&format=json&resultType=core&pageSize=10,ok,1,1,False,
Pf_lactylation_asexual_blood_stage,"TITLE_ABS:""Plasmodium falciparum"" AND TITLE_ABS:(""phosphoproteome"" OR ""acetylome"" OR ""ubiquitinome"" OR ""glycoproteome"" OR ""palmitoylome"" OR ""post-translational"") AND TITLE_ABS:(""lactylation"") AND TITLE_ABS:""asexual blood stage""",CITED desc,https://www.ebi.ac.uk/europepmc/webservices/rest/search?query=TITLE_ABS%3A%22Plasmodium+falciparum%22+AND+TITLE_ABS%3A%28%22phosphoproteome%22+OR+%22acetylome%22+OR+%22ubiquitinome%22+OR+%22glycoproteome%22+OR+%22palmitoylome%22+OR+%22post-translational%22%29+AND+TITLE_ABS%3A%28%22lactylation%22%29+AND+TITLE_ABS%3A%22asexual+blood+stage%22+sort_cited%3Ay&format=json&resultType=core&pageSize=10,ok,0,0,False,
Pf_lactylation_asexual_blood_stage,"TITLE_ABS:""Plasmodium falciparum"" AND TITLE_ABS:(""phosphoproteome"" OR ""acetylome"" OR ""ubiquitinome"" OR ""glycoproteome"" OR ""palmitoylome"" OR ""post-translational"") AND TITLE_ABS:(""lactylation"") AND TITLE_ABS:""asexual blood stage""",FIRST_PDATE desc,https://www.ebi.ac.uk/europepmc/webservices/rest/search?query=TITLE_ABS%3A%22Plasmodium+falciparum%22+AND+TITLE_ABS%3A%28%22phosphoproteome%22+OR+%22acetylome%22+OR+%22ubiquitinome%22+OR+%22glycoproteome%22+OR+%22palmitoylome%22+OR+%22post-translational%22%29+AND+TITLE_ABS%3A%28%22lactylation%22%29+AND+TITLE_ABS%3A%22asexual+blood+stage%22+sort_date%3Ay&format=json&resultType=core&pageSize=10,ok,0,0,False,
Pf_s_nitrosylation_asexual_blood_stage,"TITLE_ABS:""Plasmodium falciparum"" AND TITLE_ABS:(""phosphoproteome"" OR ""acetylome"" OR ""ubiquitinome"" OR ""glycoproteome"" OR ""palmitoylome"" OR ""post-translational"") AND TITLE_ABS:(""S-nitrosylation"") AND TITLE_ABS:""asexual blood stage""",CITED desc,https://www.ebi.ac.uk/europepmc/webservices/rest/search?query=TITLE_ABS%3A%22Plasmodium+falciparum%22+AND+TITLE_ABS%3A%28%22phosphoproteome%22+OR+%22acetylome%22+OR+%22ubiquitinome%22+OR+%22glycoproteome%22+OR+%22palmitoylome%22+OR+%22post-translational%22%29+AND+TITLE_ABS%3A%28%22S-nitrosylation%22%29+AND+TITLE_ABS%3A%22asexual+blood+stage%22+sort_cited%3Ay&format=json&resultType=core&pageSize=10,ok,0,0,False,
Pf_s_nitrosylation_asexual_blood_stage,"TITLE_ABS:""Plasmodium falciparum"" AND TITLE_ABS:(""phosphoproteome"" OR ""acetylome"" OR ""ubiquitinome"" OR ""glycoproteome"" OR ""palmitoylome"" OR ""post-translational"") AND TITLE_ABS:(""S-nitrosylation"") AND TITLE_ABS:""asexual blood stage""",FIRST_PDATE desc,https://www.ebi.ac.uk/europepmc/webservices/rest/search?query=TITLE_ABS%3A%22Plasmodium+falciparum%22+AND+TITLE_ABS%3A%28%22phosphoproteome%22+OR+%22acetylome%22+OR+%22ubiquitinome%22+OR+%22glycoproteome%22+OR+%22palmitoylome%22+OR+%22post-translational%22%29+AND+TITLE_ABS%3A%28%22S-nitrosylation%22%29+AND+TITLE_ABS%3A%22asexual+blood+stage%22+sort_date%3Ay&format=json&resultType=core&pageSize=10,ok,0,0,False,
Pf_ubiquitination_sumoylation_asexual_blood_stage,"TITLE_ABS:""Plasmodium falciparum"" AND TITLE_ABS:(""phosphoproteome"" OR ""acetylome"" OR ""ubiquitinome"" OR ""glycoproteome"" OR ""palmitoylome"" OR ""post-translational"") AND TITLE_ABS:(""ubiquitination"" OR ""SUMOylation"") AND TITLE_ABS:""asexual blood stage""",CITED desc,https://www.ebi.ac.uk/europepmc/webservices/rest/search?query=TITLE_ABS%3A%22Plasmodium+falciparum%22+AND+TITLE_ABS%3A%28%22phosphoproteome%22+OR+%22acetylome%22+OR+%22ubiquitinome%22+OR+%22glycoproteome%22+OR+%22palmitoylome%22+OR+%22post-translational%22%29+AND+TITLE_ABS%3A%28%22ubiquitination%22+OR+%22SUMOylation%22%29+AND+TITLE_ABS%3A%22asexual+blood+stage%22+sort_cited%3Ay&format=json&resultType=core&pageSize=10,ok,0,0,False,
Pf_ubiquitination_sumoylation_asexual_blood_stage,"TITLE_ABS:""Plasmodium falciparum"" AND TITLE_ABS:(""phosphoproteome"" OR ""acetylome"" OR ""ubiquitinome"" OR ""glycoproteome"" OR ""palmitoylome"" OR ""post-translational"") AND TITLE_ABS:(""ubiquitination"" OR ""SUMOylation"") AND TITLE_ABS:""asexual blood stage""",FIRST_PDATE desc,https://www.ebi.ac.uk/europepmc/webservices/rest/search?query=TITLE_ABS%3A%22Plasmodium+falciparum%22+AND+TITLE_ABS%3A%28%22phosphoproteome%22+OR+%22acetylome%22+OR+%22ubiquitinome%22+OR+%22glycoproteome%22+OR+%22palmitoylome%22+OR+%22post-translational%22%29+AND+TITLE_ABS%3A%28%22ubiquitination%22+OR+%22SUMOylation%22%29+AND+TITLE_ABS%3A%22asexual+blood+stage%22+sort_date%3Ay&format=json&resultType=core&pageSize=10,ok,0,0,False,
Pf_glycosylation_asexual_blood_stage,"TITLE_ABS:""Plasmodium falciparum"" AND TITLE_ABS:(""phosphoproteome"" OR ""acetylome"" OR ""ubiquitinome"" OR ""glycoproteome"" OR ""palmitoylome"" OR ""post-translational"") AND TITLE_ABS:(""glycosylation"") AND TITLE_ABS:""asexual blood stage""",CITED desc,https://www.ebi.ac.uk/europepmc/webservices/rest/search?query=TITLE_ABS%3A%22Plasmodium+falciparum%22+AND+TITLE_ABS%3A%28%22phosphoproteome%22+OR+%22acetylome%22+OR+%22ubiquitinome%22+OR+%22glycoproteome%22+OR+%22palmitoylome%22+OR+%22post-translational%22%29+AND+TITLE_ABS%3A%28%22glycosylation%22%29+AND+TITLE_ABS%3A%22asexual+blood+stage%22+sort_cited%3Ay&format=json&resultType=core&pageSize=10,ok,0,0,False,
Pf_glycosylation_asexual_blood_stage,"TITLE_ABS:""Plasmodium falciparum"" AND TITLE_ABS:(""phosphoproteome"" OR ""acetylome"" OR ""ubiquitinome"" OR ""glycoproteome"" OR ""palmitoylome"" OR ""post-translational"") AND TITLE_ABS:(""glycosylation"") AND TITLE_ABS:""asexual blood stage""",FIRST_PDATE desc,https://www.ebi.ac.uk/europepmc/webservices/rest/search?query=TITLE_ABS%3A%22Plasmodium+falciparum%22+AND+TITLE_ABS%3A%28%22phosphoproteome%22+OR+%22acetylome%22+OR+%22ubiquitinome%22+OR+%22glycoproteome%22+OR+%22palmitoylome%22+OR+%22post-translational%22%29+AND+TITLE_ABS%3A%28%22glycosylation%22%29+AND+TITLE_ABS%3A%22asexual+blood+stage%22+sort_date%3Ay&format=json&resultType=core&pageSize=10,ok,0,0,False,
Pf_protein_abundance_under_stress,"TITLE_ABS:""Plasmodium falciparum"" AND TITLE_ABS:(""proteome"" OR ""proteomic"" OR ""mass spectrometry"" OR ""quantitative proteomics"")",CITED desc,https://www.ebi.ac.uk/europepmc/webservices/rest/search?query=TITLE_ABS%3A%22Plasmodium+falciparum%22+AND+TITLE_ABS%3A%28%22proteome%22+OR+%22proteomic%22+OR+%22mass+spectrometry%22+OR+%22quantitative+proteomics%22%29+sort_cited%3Ay&format=json&resultType=core&pageSize=10,ok,1027,10,True,
Pf_protein_abundance_under_stress,"TITLE_ABS:""Plasmodium falciparum"" AND TITLE_ABS:(""proteome"" OR ""proteomic"" OR ""mass spectrometry"" OR ""quantitative proteomics"")",FIRST_PDATE desc,https://www.ebi.ac.uk/europepmc/webservices/rest/search?query=TITLE_ABS%3A%22Plasmodium+falciparum%22+AND+TITLE_ABS%3A%28%22proteome%22+OR+%22proteomic%22+OR+%22mass+spectrometry%22+OR+%22quantitative+proteomics%22%29+sort_date%3Ay&format=json&resultType=core&pageSize=10,ok,1027,10,True,
Pf_transcription_under_iron_depletion,"TITLE_ABS:""Plasmodium falciparum"" AND TITLE_ABS:(""RNA-seq"" OR ""transcriptome"" OR ""transcriptomic"" OR ""microarray"" OR ""scRNA-seq"")",CITED desc,https://www.ebi.ac.uk/europepmc/webservices/rest/search?query=TITLE_ABS%3A%22Plasmodium+falciparum%22+AND+TITLE_ABS%3A%28%22RNA-seq%22+OR+%22transcriptome%22+OR+%22transcriptomic%22+OR+%22microarray%22+OR+%22scRNA-seq%22%29+sort_cited%3Ay&format=json&resultType=core&pageSize=10,ok,667,10,True,
Pf_transcription_under_iron_depletion,"TITLE_ABS:""Plasmodium falciparum"" AND TITLE_ABS:(""RNA-seq"" OR ""transcriptome"" OR ""transcriptomic"" OR ""microarray"" OR ""scRNA-seq"")",FIRST_PDATE desc,https://www.ebi.ac.uk/europepmc/webservices/rest/search?query=TITLE_ABS%3A%22Plasmodium+falciparum%22+AND+TITLE_ABS%3A%28%22RNA-seq%22+OR+%22transcriptome%22+OR+%22transcriptomic%22+OR+%22microarray%22+OR+%22scRNA-seq%22%29+sort_date%3Ay&format=json&resultType=core&pageSize=10,ok,667,10,True,
Pf_organelle_surface_membrane_contact_site,"TITLE_ABS:""Plasmodium falciparum"" AND TITLE_ABS:(""hyperLOPIT"" OR ""spatial proteome"" OR ""subcellular localization"" OR ""GFP tagging"" OR ""exportome"" OR ""secretome"") AND TITLE_ABS:(""organelle"" OR ""surface"" OR ""membrane"" OR ""contact"" OR ""site"")",CITED desc,https://www.ebi.ac.uk/europepmc/webservices/rest/search?query=TITLE_ABS%3A%22Plasmodium+falciparum%22+AND+TITLE_ABS%3A%28%22hyperLOPIT%22+OR+%22spatial+proteome%22+OR+%22subcellular+localization%22+OR+%22GFP+tagging%22+OR+%22exportome%22+OR+%22secretome%22%29+AND+TITLE_ABS%3A%28%22organelle%22+OR+%22surface%22+OR+%22membrane%22+OR+%22contact%22+OR+%22site%22%29+sort_cited%3Ay&format=json&resultType=core&pageSize=10,ok,78,10,True,
Pf_organelle_surface_membrane_contact_site,"TITLE_ABS:""Plasmodium falciparum"" AND TITLE_ABS:(""hyperLOPIT"" OR ""spatial proteome"" OR ""subcellular localization"" OR ""GFP tagging"" OR ""exportome"" OR ""secretome"") AND TITLE_ABS:(""organelle"" OR ""surface"" OR ""membrane"" OR ""contact"" OR ""site"")",FIRST_PDATE desc,https://www.ebi.ac.uk/europepmc/webservices/rest/search?query=TITLE_ABS%3A%22Plasmodium+falciparum%22+AND+TITLE_ABS%3A%28%22hyperLOPIT%22+OR+%22spatial+proteome%22+OR+%22subcellular+localization%22+OR+%22GFP+tagging%22+OR+%22exportome%22+OR+%22secretome%22%29+AND+TITLE_ABS%3A%28%22organelle%22+OR+%22surface%22+OR+%22membrane%22+OR+%22contact%22+OR+%22site%22%29+sort_date%3Ay&format=json&resultType=core&pageSize=10,ok,78,10,True,
Pf_palmitoylation_asexual_blood_stage,"TITLE_ABS:""Plasmodium falciparum"" AND TITLE_ABS:(""phosphoproteome"" OR ""acetylome"" OR ""ubiquitinome"" OR ""glycoproteome"" OR ""palmitoylome"" OR ""post-translational"") AND TITLE_ABS:(""palmitoylation"") AND TITLE_ABS:""asexual blood stage""",CITED desc,https://www.ebi.ac.uk/europepmc/webservices/rest/search?query=TITLE_ABS%3A%22Plasmodium+falciparum%22+AND+TITLE_ABS%3A%28%22phosphoproteome%22+OR+%22acetylome%22+OR+%22ubiquitinome%22+OR+%22glycoproteome%22+OR+%22palmitoylome%22+OR+%22post-translational%22%29+AND+TITLE_ABS%3A%28%22palmitoylation%22%29+AND+TITLE_ABS%3A%22asexual+blood+stage%22+sort_cited%3Ay&format=json&resultType=core&pageSize=10,ok,1,1,False,
Pf_palmitoylation_asexual_blood_stage,"TITLE_ABS:""Plasmodium falciparum"" AND TITLE_ABS:(""phosphoproteome"" OR ""acetylome"" OR ""ubiquitinome"" OR ""glycoproteome"" OR ""palmitoylome"" OR ""post-translational"") AND TITLE_ABS:(""palmitoylation"") AND TITLE_ABS:""asexual blood stage""",FIRST_PDATE desc,https://www.ebi.ac.uk/europepmc/webservices/rest/search?query=TITLE_ABS%3A%22Plasmodium+falciparum%22+AND+TITLE_ABS%3A%28%22phosphoproteome%22+OR+%22acetylome%22+OR+%22ubiquitinome%22+OR+%22glycoproteome%22+OR+%22palmitoylome%22+OR+%22post-translational%22%29+AND+TITLE_ABS%3A%28%22palmitoylation%22%29+AND+TITLE_ABS%3A%22asexual+blood+stage%22+sort_date%3Ay&format=json&resultType=core&pageSize=10,ok,1,1,False,
Pf_fitness_asexual_blood_stage,"TITLE_ABS:""Plasmodium falciparum"" AND TITLE_ABS:(""CRISPR screen"" OR ""knockout screen"" OR ""essentiality"" OR ""fitness score"" OR ""piggyBac"" OR ""PlasmoGEM"" OR ""barcoded"") AND TITLE_ABS:""asexual blood stage""",CITED desc,https://www.ebi.ac.uk/europepmc/webservices/rest/search?query=TITLE_ABS%3A%22Plasmodium+falciparum%22+AND+TITLE_ABS%3A%28%22CRISPR+screen%22+OR+%22knockout+screen%22+OR+%22essentiality%22+OR+%22fitness+score%22+OR+%22piggyBac%22+OR+%22PlasmoGEM%22+OR+%22barcoded%22%29+AND+TITLE_ABS%3A%22asexual+blood+stage%22+sort_cited%3Ay&format=json&resultType=core&pageSize=10,ok,9,9,False,
Pf_fitness_asexual_blood_stage,"TITLE_ABS:""Plasmodium falciparum"" AND TITLE_ABS:(""CRISPR screen"" OR ""knockout screen"" OR ""essentiality"" OR ""fitness score"" OR ""piggyBac"" OR ""PlasmoGEM"" OR ""barcoded"") AND TITLE_ABS:""asexual blood stage""",FIRST_PDATE desc,https://www.ebi.ac.uk/europepmc/webservices/rest/search?query=TITLE_ABS%3A%22Plasmodium+falciparum%22+AND+TITLE_ABS%3A%28%22CRISPR+screen%22+OR+%22knockout+screen%22+OR+%22essentiality%22+OR+%22fitness+score%22+OR+%22piggyBac%22+OR+%22PlasmoGEM%22+OR+%22barcoded%22%29+AND+TITLE_ABS%3A%22asexual+blood+stage%22+sort_date%3Ay&format=json&resultType=core&pageSize=10,ok,9,9,False,
Pf_fitness_gametocyte,"TITLE_ABS:""Plasmodium falciparum"" AND TITLE_ABS:(""CRISPR screen"" OR ""knockout screen"" OR ""essentiality"" OR ""fitness score"" OR ""piggyBac"" OR ""PlasmoGEM"" OR ""barcoded"") AND TITLE_ABS:""gametocyte""",CITED desc,https://www.ebi.ac.uk/europepmc/webservices/rest/search?query=TITLE_ABS%3A%22Plasmodium+falciparum%22+AND+TITLE_ABS%3A%28%22CRISPR+screen%22+OR+%22knockout+screen%22+OR+%22essentiality%22+OR+%22fitness+score%22+OR+%22piggyBac%22+OR+%22PlasmoGEM%22+OR+%22barcoded%22%29+AND+TITLE_ABS%3A%22gametocyte%22+sort_cited%3Ay&format=json&resultType=core&pageSize=10,ok,15,10,True,
Pf_fitness_gametocyte,"TITLE_ABS:""Plasmodium falciparum"" AND TITLE_ABS:(""CRISPR screen"" OR ""knockout screen"" OR ""essentiality"" OR ""fitness score"" OR ""piggyBac"" OR ""PlasmoGEM"" OR ""barcoded"") AND TITLE_ABS:""gametocyte""",FIRST_PDATE desc,https://www.ebi.ac.uk/europepmc/webservices/rest/search?query=TITLE_ABS%3A%22Plasmodium+falciparum%22+AND+TITLE_ABS%3A%28%22CRISPR+screen%22+OR+%22knockout+screen%22+OR+%22essentiality%22+OR+%22fitness+score%22+OR+%22piggyBac%22+OR+%22PlasmoGEM%22+OR+%22barcoded%22%29+AND+TITLE_ABS%3A%22gametocyte%22+sort_date%3Ay&format=json&resultType=core&pageSize=10,ok,15,10,True,
Pf_fitness_oxidative_stress,"TITLE_ABS:""Plasmodium falciparum"" AND TITLE_ABS:(""CRISPR screen"" OR ""knockout screen"" OR ""essentiality"" OR ""fitness score"" OR ""piggyBac"" OR ""PlasmoGEM"" OR ""barcoded"")",CITED desc,https://www.ebi.ac.uk/europepmc/webservices/rest/search?query=TITLE_ABS%3A%22Plasmodium+falciparum%22+AND+TITLE_ABS%3A%28%22CRISPR+screen%22+OR+%22knockout+screen%22+OR+%22essentiality%22+OR+%22fitness+score%22+OR+%22piggyBac%22+OR+%22PlasmoGEM%22+OR+%22barcoded%22%29+sort_cited%3Ay&format=json&resultType=core&pageSize=10,ok,166,10,True,
Pf_fitness_oxidative_stress,"TITLE_ABS:""Plasmodium falciparum"" AND TITLE_ABS:(""CRISPR screen"" OR ""knockout screen"" OR ""essentiality"" OR ""fitness score"" OR ""piggyBac"" OR ""PlasmoGEM"" OR ""barcoded"")",FIRST_PDATE desc,https://www.ebi.ac.uk/europepmc/webservices/rest/search?query=TITLE_ABS%3A%22Plasmodium+falciparum%22+AND+TITLE_ABS%3A%28%22CRISPR+screen%22+OR+%22knockout+screen%22+OR+%22essentiality%22+OR+%22fitness+score%22+OR+%22piggyBac%22+OR+%22PlasmoGEM%22+OR+%22barcoded%22%29+sort_date%3Ay&format=json&resultType=core&pageSize=10,ok,166,10,True,
Pf_stage_conversion_phenotype_asexual_blood_stage,"TITLE_ABS:""Plasmodium falciparum"" AND TITLE_ABS:(""CRISPR screen"" OR ""knockout screen"" OR ""essentiality"" OR ""fitness score"" OR ""piggyBac"" OR ""PlasmoGEM"" OR ""barcoded"") AND TITLE_ABS:(""stage-conversion"" OR ""phenotype"") AND TITLE_ABS:""asexual blood stage""",CITED desc,https://www.ebi.ac.uk/europepmc/webservices/rest/search?query=TITLE_ABS%3A%22Plasmodium+falciparum%22+AND+TITLE_ABS%3A%28%22CRISPR+screen%22+OR+%22knockout+screen%22+OR+%22essentiality%22+OR+%22fitness+score%22+OR+%22piggyBac%22+OR+%22PlasmoGEM%22+OR+%22barcoded%22%29+AND+TITLE_ABS%3A%28%22stage-conversion%22+OR+%22phenotype%22%29+AND+TITLE_ABS%3A%22asexual+blood+stage%22+sort_cited%3Ay&format=json&resultType=core&pageSize=10,ok,0,0,False,
Pf_stage_conversion_phenotype_asexual_blood_stage,"TITLE_ABS:""Plasmodium falciparum"" AND TITLE_ABS:(""CRISPR screen"" OR ""knockout screen"" OR ""essentiality"" OR ""fitness score"" OR ""piggyBac"" OR ""PlasmoGEM"" OR ""barcoded"") AND TITLE_ABS:(""stage-conversion"" OR ""phenotype"") AND TITLE_ABS:""asexual blood stage""",FIRST_PDATE desc,https://www.ebi.ac.uk/europepmc/webservices/rest/search?query=TITLE_ABS%3A%22Plasmodium+falciparum%22+AND+TITLE_ABS%3A%28%22CRISPR+screen%22+OR+%22knockout+screen%22+OR+%22essentiality%22+OR+%22fitness+score%22+OR+%22piggyBac%22+OR+%22PlasmoGEM%22+OR+%22barcoded%22%29+AND+TITLE_ABS%3A%28%22stage-conversion%22+OR+%22phenotype%22%29+AND+TITLE_ABS%3A%22asexual+blood+stage%22+sort_date%3Ay&format=json&resultType=core&pageSize=10,ok,0,0,False,
Pf_stage_conversion_phenotype_liver_stage,"TITLE_ABS:""Plasmodium falciparum"" AND TITLE_ABS:(""CRISPR screen"" OR ""knockout screen"" OR ""essentiality"" OR ""fitness score"" OR ""piggyBac"" OR ""PlasmoGEM"" OR ""barcoded"") AND TITLE_ABS:(""stage-conversion"" OR ""phenotype"") AND TITLE_ABS:""liver stage""",CITED desc,https://www.ebi.ac.uk/europepmc/webservices/rest/search?query=TITLE_ABS%3A%22Plasmodium+falciparum%22+AND+TITLE_ABS%3A%28%22CRISPR+screen%22+OR+%22knockout+screen%22+OR+%22essentiality%22+OR+%22fitness+score%22+OR+%22piggyBac%22+OR+%22PlasmoGEM%22+OR+%22barcoded%22%29+AND+TITLE_ABS%3A%28%22stage-conversion%22+OR+%22phenotype%22%29+AND+TITLE_ABS%3A%22liver+stage%22+sort_cited%3Ay&format=json&resultType=core&pageSize=10,ok,0,0,False,
Pf_stage_conversion_phenotype_liver_stage,"TITLE_ABS:""Plasmodium falciparum"" AND TITLE_ABS:(""CRISPR screen"" OR ""knockout screen"" OR ""essentiality"" OR ""fitness score"" OR ""piggyBac"" OR ""PlasmoGEM"" OR ""barcoded"") AND TITLE_ABS:(""stage-conversion"" OR ""phenotype"") AND TITLE_ABS:""liver stage""",FIRST_PDATE desc,https://www.ebi.ac.uk/europepmc/webservices/rest/search?query=TITLE_ABS%3A%22Plasmodium+falciparum%22+AND+TITLE_ABS%3A%28%22CRISPR+screen%22+OR+%22knockout+screen%22+OR+%22essentiality%22+OR+%22fitness+score%22+OR+%22piggyBac%22+OR+%22PlasmoGEM%22+OR+%22barcoded%22%29+AND+TITLE_ABS%3A%28%22stage-conversion%22+OR+%22phenotype%22%29+AND+TITLE_ABS%3A%22liver+stage%22+sort_date%3Ay&format=json&resultType=core&pageSize=10,ok,0,0,False,
Pf_stage_conversion_phenotype_gametocyte,"TITLE_ABS:""Plasmodium falciparum"" AND TITLE_ABS:(""CRISPR screen"" OR ""knockout screen"" OR ""essentiality"" OR ""fitness score"" OR ""piggyBac"" OR ""PlasmoGEM"" OR ""barcoded"") AND TITLE_ABS:(""stage-conversion"" OR ""phenotype"") AND TITLE_ABS:""gametocyte""",CITED desc,https://www.ebi.ac.uk/europepmc/webservices/rest/search?query=TITLE_ABS%3A%22Plasmodium+falciparum%22+AND+TITLE_ABS%3A%28%22CRISPR+screen%22+OR+%22knockout+screen%22+OR+%22essentiality%22+OR+%22fitness+score%22+OR+%22piggyBac%22+OR+%22PlasmoGEM%22+OR+%22barcoded%22%29+AND+TITLE_ABS%3A%28%22stage-conversion%22+OR+%22phenotype%22%29+AND+TITLE_ABS%3A%22gametocyte%22+sort_cited%3Ay&format=json&resultType=core&pageSize=10,ok,2,2,False,
Pf_stage_conversion_phenotype_gametocyte,"TITLE_ABS:""Plasmodium falciparum"" AND TITLE_ABS:(""CRISPR screen"" OR ""knockout screen"" OR ""essentiality"" OR ""fitness score"" OR ""piggyBac"" OR ""PlasmoGEM"" OR ""barcoded"") AND TITLE_ABS:(""stage-conversion"" OR ""phenotype"") AND TITLE_ABS:""gametocyte""",FIRST_PDATE desc,https://www.ebi.ac.uk/europepmc/webservices/rest/search?query=TITLE_ABS%3A%22Plasmodium+falciparum%22+AND+TITLE_ABS%3A%28%22CRISPR+screen%22+OR+%22knockout+screen%22+OR+%22essentiality%22+OR+%22fitness+score%22+OR+%22piggyBac%22+OR+%22PlasmoGEM%22+OR+%22barcoded%22%29+AND+TITLE_ABS%3A%28%22stage-conversion%22+OR+%22phenotype%22%29+AND+TITLE_ABS%3A%22gametocyte%22+sort_date%3Ay&format=json&resultType=core&pageSize=10,ok,2,2,False,
Pf_drug_sensitivity,"TITLE_ABS:""Plasmodium falciparum"" AND TITLE_ABS:(""CRISPR screen"" OR ""knockout screen"" OR ""essentiality"" OR ""fitness score"" OR ""piggyBac"" OR ""PlasmoGEM"" OR ""barcoded"") AND TITLE_ABS:(""drug"" OR ""sensitivity"")",CITED desc,https://www.ebi.ac.uk/europepmc/webservices/rest/search?query=TITLE_ABS%3A%22Plasmodium+falciparum%22+AND+TITLE_ABS%3A%28%22CRISPR+screen%22+OR+%22knockout+screen%22+OR+%22essentiality%22+OR+%22fitness+score%22+OR+%22piggyBac%22+OR+%22PlasmoGEM%22+OR+%22barcoded%22%29+AND+TITLE_ABS%3A%28%22drug%22+OR+%22sensitivity%22%29+sort_cited%3Ay&format=json&resultType=core&pageSize=10,ok,103,10,True,
Pf_drug_sensitivity,"TITLE_ABS:""Plasmodium falciparum"" AND TITLE_ABS:(""CRISPR screen"" OR ""knockout screen"" OR ""essentiality"" OR ""fitness score"" OR ""piggyBac"" OR ""PlasmoGEM"" OR ""barcoded"") AND TITLE_ABS:(""drug"" OR ""sensitivity"")",FIRST_PDATE desc,https://www.ebi.ac.uk/europepmc/webservices/rest/search?query=TITLE_ABS%3A%22Plasmodium+falciparum%22+AND+TITLE_ABS%3A%28%22CRISPR+screen%22+OR+%22knockout+screen%22+OR+%22essentiality%22+OR+%22fitness+score%22+OR+%22piggyBac%22+OR+%22PlasmoGEM%22+OR+%22barcoded%22%29+AND+TITLE_ABS%3A%28%22drug%22+OR+%22sensitivity%22%29+sort_date%3Ay&format=json&resultType=core&pageSize=10,ok,103,10,True,
Pf_tf_binding_per_factor,"TITLE_ABS:""Plasmodium falciparum"" AND TITLE_ABS:(""ChIP-seq"" OR ""ATAC-seq"" OR ""chromatin"" OR ""histone"" OR ""Hi-C"" OR ""m6A"" OR ""splicing"") AND TITLE_ABS:(""binding"")",CITED desc,https://www.ebi.ac.uk/europepmc/webservices/rest/search?query=TITLE_ABS%3A%22Plasmodium+falciparum%22+AND+TITLE_ABS%3A%28%22ChIP-seq%22+OR+%22ATAC-seq%22+OR+%22chromatin%22+OR+%22histone%22+OR+%22Hi-C%22+OR+%22m6A%22+OR+%22splicing%22%29+AND+TITLE_ABS%3A%28%22binding%22%29+sort_cited%3Ay&format=json&resultType=core&pageSize=10,ok,155,10,True,
Pf_tf_binding_per_factor,"TITLE_ABS:""Plasmodium falciparum"" AND TITLE_ABS:(""ChIP-seq"" OR ""ATAC-seq"" OR ""chromatin"" OR ""histone"" OR ""Hi-C"" OR ""m6A"" OR ""splicing"") AND TITLE_ABS:(""binding"")",FIRST_PDATE desc,https://www.ebi.ac.uk/europepmc/webservices/rest/search?query=TITLE_ABS%3A%22Plasmodium+falciparum%22+AND+TITLE_ABS%3A%28%22ChIP-seq%22+OR+%22ATAC-seq%22+OR+%22chromatin%22+OR+%22histone%22+OR+%22Hi-C%22+OR+%22m6A%22+OR+%22splicing%22%29+AND+TITLE_ABS%3A%28%22binding%22%29+sort_date%3Ay&format=json&resultType=core&pageSize=10,ok,155,10,True,
Pf_chromatin_accessibility,"TITLE_ABS:""Plasmodium falciparum"" AND TITLE_ABS:(""ChIP-seq"" OR ""ATAC-seq"" OR ""chromatin"" OR ""histone"" OR ""Hi-C"" OR ""m6A"" OR ""splicing"") AND TITLE_ABS:(""chromatin"" OR ""accessibility"")",CITED desc,https://www.ebi.ac.uk/europepmc/webservices/rest/search?query=TITLE_ABS%3A%22Plasmodium+falciparum%22+AND+TITLE_ABS%3A%28%22ChIP-seq%22+OR+%22ATAC-seq%22+OR+%22chromatin%22+OR+%22histone%22+OR+%22Hi-C%22+OR+%22m6A%22+OR+%22splicing%22%29+AND+TITLE_ABS%3A%28%22chromatin%22+OR+%22accessibility%22%29+sort_cited%3Ay&format=json&resultType=core&pageSize=10,ok,325,10,True,
Pf_chromatin_accessibility,"TITLE_ABS:""Plasmodium falciparum"" AND TITLE_ABS:(""ChIP-seq"" OR ""ATAC-seq"" OR ""chromatin"" OR ""histone"" OR ""Hi-C"" OR ""m6A"" OR ""splicing"") AND TITLE_ABS:(""chromatin"" OR ""accessibility"")",FIRST_PDATE desc,https://www.ebi.ac.uk/europepmc/webservices/rest/search?query=TITLE_ABS%3A%22Plasmodium+falciparum%22+AND+TITLE_ABS%3A%28%22ChIP-seq%22+OR+%22ATAC-seq%22+OR+%22chromatin%22+OR+%22histone%22+OR+%22Hi-C%22+OR+%22m6A%22+OR+%22splicing%22%29+AND+TITLE_ABS%3A%28%22chromatin%22+OR+%22accessibility%22%29+sort_date%3Ay&format=json&resultType=core&pageSize=10,ok,325,10,True,
Pf_5_utr_architecture,"TITLE_ABS:""Plasmodium falciparum"" AND TITLE_ABS:(""genome"" OR ""domain"" OR ""ortholog"" OR ""paralog"" OR ""AlphaFold"" OR ""structure prediction"") AND TITLE_ABS:(""architecture"")",CITED desc,https://www.ebi.ac.uk/europepmc/webservices/rest/search?query=TITLE_ABS%3A%22Plasmodium+falciparum%22+AND+TITLE_ABS%3A%28%22genome%22+OR+%22domain%22+OR+%22ortholog%22+OR+%22paralog%22+OR+%22AlphaFold%22+OR+%22structure+prediction%22%29+AND+TITLE_ABS%3A%28%22architecture%22%29+sort_cited%3Ay&format=json&resultType=core&pageSize=10,ok,102,10,True,
Pf_5_utr_architecture,"TITLE_ABS:""Plasmodium falciparum"" AND TITLE_ABS:(""genome"" OR ""domain"" OR ""ortholog"" OR ""paralog"" OR ""AlphaFold"" OR ""structure prediction"") AND TITLE_ABS:(""architecture"")",FIRST_PDATE desc,https://www.ebi.ac.uk/europepmc/webservices/rest/search?query=TITLE_ABS%3A%22Plasmodium+falciparum%22+AND+TITLE_ABS%3A%28%22genome%22+OR+%22domain%22+OR+%22ortholog%22+OR+%22paralog%22+OR+%22AlphaFold%22+OR+%22structure+prediction%22%29+AND+TITLE_ABS%3A%28%22architecture%22%29+sort_date%3Ay&format=json&resultType=core&pageSize=10,ok,102,10,True,
Pf_splicing_isoform_use,"TITLE_ABS:""Plasmodium falciparum"" AND TITLE_ABS:(""ChIP-seq"" OR ""ATAC-seq"" OR ""chromatin"" OR ""histone"" OR ""Hi-C"" OR ""m6A"" OR ""splicing"") AND TITLE_ABS:(""splicing"" OR ""isoform"")",CITED desc,https://www.ebi.ac.uk/europepmc/webservices/rest/search?query=TITLE_ABS%3A%22Plasmodium+falciparum%22+AND+TITLE_ABS%3A%28%22ChIP-seq%22+OR+%22ATAC-seq%22+OR+%22chromatin%22+OR+%22histone%22+OR+%22Hi-C%22+OR+%22m6A%22+OR+%22splicing%22%29+AND+TITLE_ABS%3A%28%22splicing%22+OR+%22isoform%22%29+sort_cited%3Ay&format=json&resultType=core&pageSize=10,ok,93,10,True,
Pf_splicing_isoform_use,"TITLE_ABS:""Plasmodium falciparum"" AND TITLE_ABS:(""ChIP-seq"" OR ""ATAC-seq"" OR ""chromatin"" OR ""histone"" OR ""Hi-C"" OR ""m6A"" OR ""splicing"") AND TITLE_ABS:(""splicing"" OR ""isoform"")",FIRST_PDATE desc,https://www.ebi.ac.uk/europepmc/webservices/rest/search?query=TITLE_ABS%3A%22Plasmodium+falciparum%22+AND+TITLE_ABS%3A%28%22ChIP-seq%22+OR+%22ATAC-seq%22+OR+%22chromatin%22+OR+%22histone%22+OR+%22Hi-C%22+OR+%22m6A%22+OR+%22splicing%22%29+AND+TITLE_ABS%3A%28%22splicing%22+OR+%22isoform%22%29+sort_date%3Ay&format=json&resultType=core&pageSize=10,ok,93,10,True,
Pf_rna_stability_half_life_asexual_blood_stage,"TITLE_ABS:""Plasmodium falciparum"" AND TITLE_ABS:(""ChIP-seq"" OR ""ATAC-seq"" OR ""chromatin"" OR ""histone"" OR ""Hi-C"" OR ""m6A"" OR ""splicing"") AND TITLE_ABS:(""stability"" OR ""half-life"") AND TITLE_ABS:""asexual blood stage""",CITED desc,https://www.ebi.ac.uk/europepmc/webservices/rest/search?query=TITLE_ABS%3A%22Plasmodium+falciparum%22+AND+TITLE_ABS%3A%28%22ChIP-seq%22+OR+%22ATAC-seq%22+OR+%22chromatin%22+OR+%22histone%22+OR+%22Hi-C%22+OR+%22m6A%22+OR+%22splicing%22%29+AND+TITLE_ABS%3A%28%22stability%22+OR+%22half-life%22%29+AND+TITLE_ABS%3A%22asexual+blood+stage%22+sort_cited%3Ay&format=json&resultType=core&pageSize=10,ok,2,2,False,
Pf_rna_stability_half_life_asexual_blood_stage,"TITLE_ABS:""Plasmodium falciparum"" AND TITLE_ABS:(""ChIP-seq"" OR ""ATAC-seq"" OR ""chromatin"" OR ""histone"" OR ""Hi-C"" OR ""m6A"" OR ""splicing"") AND TITLE_ABS:(""stability"" OR ""half-life"") AND TITLE_ABS:""asexual blood stage""",FIRST_PDATE desc,https://www.ebi.ac.uk/europepmc/webservices/rest/search?query=TITLE_ABS%3A%22Plasmodium+falciparum%22+AND+TITLE_ABS%3A%28%22ChIP-seq%22+OR+%22ATAC-seq%22+OR+%22chromatin%22+OR+%22histone%22+OR+%22Hi-C%22+OR+%22m6A%22+OR+%22splicing%22%29+AND+TITLE_ABS%3A%28%22stability%22+OR+%22half-life%22%29+AND+TITLE_ABS%3A%22asexual+blood+stage%22+sort_date%3Ay&format=json&resultType=core&pageSize=10,ok,2,2,False,
Pf_membrane_topology,"TITLE_ABS:""Plasmodium falciparum"" AND TITLE_ABS:(""hyperLOPIT"" OR ""spatial proteome"" OR ""subcellular localization"" OR ""GFP tagging"" OR ""exportome"" OR ""secretome"") AND TITLE_ABS:(""membrane"" OR ""topology"")",CITED desc,https://www.ebi.ac.uk/europepmc/webservices/rest/search?query=TITLE_ABS%3A%22Plasmodium+falciparum%22+AND+TITLE_ABS%3A%28%22hyperLOPIT%22+OR+%22spatial+proteome%22+OR+%22subcellular+localization%22+OR+%22GFP+tagging%22+OR+%22exportome%22+OR+%22secretome%22%29+AND+TITLE_ABS%3A%28%22membrane%22+OR+%22topology%22%29+sort_cited%3Ay&format=json&resultType=core&pageSize=10,ok,57,10,True,
Pf_membrane_topology,"TITLE_ABS:""Plasmodium falciparum"" AND TITLE_ABS:(""hyperLOPIT"" OR ""spatial proteome"" OR ""subcellular localization"" OR ""GFP tagging"" OR ""exportome"" OR ""secretome"") AND TITLE_ABS:(""membrane"" OR ""topology"")",FIRST_PDATE desc,https://www.ebi.ac.uk/europepmc/webservices/rest/search?query=TITLE_ABS%3A%22Plasmodium+falciparum%22+AND+TITLE_ABS%3A%28%22hyperLOPIT%22+OR+%22spatial+proteome%22+OR+%22subcellular+localization%22+OR+%22GFP+tagging%22+OR+%22exportome%22+OR+%22secretome%22%29+AND+TITLE_ABS%3A%28%22membrane%22+OR+%22topology%22%29+sort_date%3Ay&format=json&resultType=core&pageSize=10,ok,57,10,True,
Pf_exposure_to_host_cytosol,"TITLE_ABS:""Plasmodium falciparum"" AND TITLE_ABS:(""hyperLOPIT"" OR ""spatial proteome"" OR ""subcellular localization"" OR ""GFP tagging"" OR ""exportome"" OR ""secretome"") AND TITLE_ABS:(""exposure"" OR ""host"" OR ""cytosol"")",CITED desc,https://www.ebi.ac.uk/europepmc/webservices/rest/search?query=TITLE_ABS%3A%22Plasmodium+falciparum%22+AND+TITLE_ABS%3A%28%22hyperLOPIT%22+OR+%22spatial+proteome%22+OR+%22subcellular+localization%22+OR+%22GFP+tagging%22+OR+%22exportome%22+OR+%22secretome%22%29+AND+TITLE_ABS%3A%28%22exposure%22+OR+%22host%22+OR+%22cytosol%22%29+sort_cited%3Ay&format=json&resultType=core&pageSize=10,ok,77,10,True,
Pf_exposure_to_host_cytosol,"TITLE_ABS:""Plasmodium falciparum"" AND TITLE_ABS:(""hyperLOPIT"" OR ""spatial proteome"" OR ""subcellular localization"" OR ""GFP tagging"" OR ""exportome"" OR ""secretome"") AND TITLE_ABS:(""exposure"" OR ""host"" OR ""cytosol"")",FIRST_PDATE desc,https://www.ebi.ac.uk/europepmc/webservices/rest/search?query=TITLE_ABS%3A%22Plasmodium+falciparum%22+AND+TITLE_ABS%3A%28%22hyperLOPIT%22+OR+%22spatial+proteome%22+OR+%22subcellular+localization%22+OR+%22GFP+tagging%22+OR+%22exportome%22+OR+%22secretome%22%29+AND+TITLE_ABS%3A%28%22exposure%22+OR+%22host%22+OR+%22cytosol%22%29+sort_date%3Ay&format=json&resultType=core&pageSize=10,ok,77,10,True,
Pf_secretome_excreted,"TITLE_ABS:""Plasmodium falciparum"" AND TITLE_ABS:(""hyperLOPIT"" OR ""spatial proteome"" OR ""subcellular localization"" OR ""GFP tagging"" OR ""exportome"" OR ""secretome"") AND TITLE_ABS:(""secretome"" OR ""excreted"")",CITED desc,https://www.ebi.ac.uk/europepmc/webservices/rest/search?query=TITLE_ABS%3A%22Plasmodium+falciparum%22+AND+TITLE_ABS%3A%28%22hyperLOPIT%22+OR+%22spatial+proteome%22+OR+%22subcellular+localization%22+OR+%22GFP+tagging%22+OR+%22exportome%22+OR+%22secretome%22%29+AND+TITLE_ABS%3A%28%22secretome%22+OR+%22excreted%22%29+sort_cited%3Ay&format=json&resultType=core&pageSize=10,ok,19,10,True,
Pf_secretome_excreted,"TITLE_ABS:""Plasmodium falciparum"" AND TITLE_ABS:(""hyperLOPIT"" OR ""spatial proteome"" OR ""subcellular localization"" OR ""GFP tagging"" OR ""exportome"" OR ""secretome"") AND TITLE_ABS:(""secretome"" OR ""excreted"")",FIRST_PDATE desc,https://www.ebi.ac.uk/europepmc/webservices/rest/search?query=TITLE_ABS%3A%22Plasmodium+falciparum%22+AND+TITLE_ABS%3A%28%22hyperLOPIT%22+OR+%22spatial+proteome%22+OR+%22subcellular+localization%22+OR+%22GFP+tagging%22+OR+%22exportome%22+OR+%22secretome%22%29+AND+TITLE_ABS%3A%28%22secretome%22+OR+%22excreted%22%29+sort_date%3Ay&format=json&resultType=core&pageSize=10,ok,19,10,True,
Pf_co_transcription,"TITLE_ABS:""Plasmodium falciparum"" AND TITLE_ABS:(""interactome"" OR ""interaction"" OR ""co-immunoprecipitation"" OR ""BioID"" OR ""TurboID"" OR ""crosslinking mass spectrometry"" OR ""yeast two-hybrid"") AND TITLE_ABS:(""co-transcription"")",CITED desc,https://www.ebi.ac.uk/europepmc/webservices/rest/search?query=TITLE_ABS%3A%22Plasmodium+falciparum%22+AND+TITLE_ABS%3A%28%22interactome%22+OR+%22interaction%22+OR+%22co-immunoprecipitation%22+OR+%22BioID%22+OR+%22TurboID%22+OR+%22crosslinking+mass+spectrometry%22+OR+%22yeast+two-hybrid%22%29+AND+TITLE_ABS%3A%28%22co-transcription%22%29+sort_cited%3Ay&format=json&resultType=core&pageSize=10,ok,0,0,False,
Pf_co_transcription,"TITLE_ABS:""Plasmodium falciparum"" AND TITLE_ABS:(""interactome"" OR ""interaction"" OR ""co-immunoprecipitation"" OR ""BioID"" OR ""TurboID"" OR ""crosslinking mass spectrometry"" OR ""yeast two-hybrid"") AND TITLE_ABS:(""co-transcription"")",FIRST_PDATE desc,https://www.ebi.ac.uk/europepmc/webservices/rest/search?query=TITLE_ABS%3A%22Plasmodium+falciparum%22+AND+TITLE_ABS%3A%28%22interactome%22+OR+%22interaction%22+OR+%22co-immunoprecipitation%22+OR+%22BioID%22+OR+%22TurboID%22+OR+%22crosslinking+mass+spectrometry%22+OR+%22yeast+two-hybrid%22%29+AND+TITLE_ABS%3A%28%22co-transcription%22%29+sort_date%3Ay&format=json&resultType=core&pageSize=10,ok,0,0,False,
Pf_co_translation,"TITLE_ABS:""Plasmodium falciparum"" AND TITLE_ABS:(""interactome"" OR ""interaction"" OR ""co-immunoprecipitation"" OR ""BioID"" OR ""TurboID"" OR ""crosslinking mass spectrometry"" OR ""yeast two-hybrid"") AND TITLE_ABS:(""co-translation"")",CITED desc,https://www.ebi.ac.uk/europepmc/webservices/rest/search?query=TITLE_ABS%3A%22Plasmodium+falciparum%22+AND+TITLE_ABS%3A%28%22interactome%22+OR+%22interaction%22+OR+%22co-immunoprecipitation%22+OR+%22BioID%22+OR+%22TurboID%22+OR+%22crosslinking+mass+spectrometry%22+OR+%22yeast+two-hybrid%22%29+AND+TITLE_ABS%3A%28%22co-translation%22%29+sort_cited%3Ay&format=json&resultType=core&pageSize=10,ok,0,0,False,
Pf_co_translation,"TITLE_ABS:""Plasmodium falciparum"" AND TITLE_ABS:(""interactome"" OR ""interaction"" OR ""co-immunoprecipitation"" OR ""BioID"" OR ""TurboID"" OR ""crosslinking mass spectrometry"" OR ""yeast two-hybrid"") AND TITLE_ABS:(""co-translation"")",FIRST_PDATE desc,https://www.ebi.ac.uk/europepmc/webservices/rest/search?query=TITLE_ABS%3A%22Plasmodium+falciparum%22+AND+TITLE_ABS%3A%28%22interactome%22+OR+%22interaction%22+OR+%22co-immunoprecipitation%22+OR+%22BioID%22+OR+%22TurboID%22+OR+%22crosslinking+mass+spectrometry%22+OR+%22yeast+two-hybrid%22%29+AND+TITLE_ABS%3A%28%22co-translation%22%29+sort_date%3Ay&format=json&resultType=core&pageSize=10,ok,0,0,False,
Pf_co_fitness,"TITLE_ABS:""Plasmodium falciparum"" AND TITLE_ABS:(""interactome"" OR ""interaction"" OR ""co-immunoprecipitation"" OR ""BioID"" OR ""TurboID"" OR ""crosslinking mass spectrometry"" OR ""yeast two-hybrid"") AND TITLE_ABS:(""co-fitness"")",CITED desc,https://www.ebi.ac.uk/europepmc/webservices/rest/search?query=TITLE_ABS%3A%22Plasmodium+falciparum%22+AND+TITLE_ABS%3A%28%22interactome%22+OR+%22interaction%22+OR+%22co-immunoprecipitation%22+OR+%22BioID%22+OR+%22TurboID%22+OR+%22crosslinking+mass+spectrometry%22+OR+%22yeast+two-hybrid%22%29+AND+TITLE_ABS%3A%28%22co-fitness%22%29+sort_cited%3Ay&format=json&resultType=core&pageSize=10,ok,0,0,False,
Pf_co_fitness,"TITLE_ABS:""Plasmodium falciparum"" AND TITLE_ABS:(""interactome"" OR ""interaction"" OR ""co-immunoprecipitation"" OR ""BioID"" OR ""TurboID"" OR ""crosslinking mass spectrometry"" OR ""yeast two-hybrid"") AND TITLE_ABS:(""co-fitness"")",FIRST_PDATE desc,https://www.ebi.ac.uk/europepmc/webservices/rest/search?query=TITLE_ABS%3A%22Plasmodium+falciparum%22+AND+TITLE_ABS%3A%28%22interactome%22+OR+%22interaction%22+OR+%22co-immunoprecipitation%22+OR+%22BioID%22+OR+%22TurboID%22+OR+%22crosslinking+mass+spectrometry%22+OR+%22yeast+two-hybrid%22%29+AND+TITLE_ABS%3A%28%22co-fitness%22%29+sort_date%3Ay&format=json&resultType=core&pageSize=10,ok,0,0,False,
Pf_interaction_crosslink_ms,"TITLE_ABS:""Plasmodium falciparum"" AND TITLE_ABS:(""interactome"" OR ""interaction"" OR ""co-immunoprecipitation"" OR ""BioID"" OR ""TurboID"" OR ""crosslinking mass spectrometry"" OR ""yeast two-hybrid"") AND TITLE_ABS:(""interaction"")",CITED desc,https://www.ebi.ac.uk/europepmc/webservices/rest/search?query=TITLE_ABS%3A%22Plasmodium+falciparum%22+AND+TITLE_ABS%3A%28%22interactome%22+OR+%22interaction%22+OR+%22co-immunoprecipitation%22+OR+%22BioID%22+OR+%22TurboID%22+OR+%22crosslinking+mass+spectrometry%22+OR+%22yeast+two-hybrid%22%29+AND+TITLE_ABS%3A%28%22interaction%22%29+sort_cited%3Ay&format=json&resultType=core&pageSize=10,ok,1957,10,True,
Pf_interaction_crosslink_ms,"TITLE_ABS:""Plasmodium falciparum"" AND TITLE_ABS:(""interactome"" OR ""interaction"" OR ""co-immunoprecipitation"" OR ""BioID"" OR ""TurboID"" OR ""crosslinking mass spectrometry"" OR ""yeast two-hybrid"") AND TITLE_ABS:(""interaction"")",FIRST_PDATE desc,https://www.ebi.ac.uk/europepmc/webservices/rest/search?query=TITLE_ABS%3A%22Plasmodium+falciparum%22+AND+TITLE_ABS%3A%28%22interactome%22+OR+%22interaction%22+OR+%22co-immunoprecipitation%22+OR+%22BioID%22+OR+%22TurboID%22+OR+%22crosslinking+mass+spectrometry%22+OR+%22yeast+two-hybrid%22%29+AND+TITLE_ABS%3A%28%22interaction%22%29+sort_date%3Ay&format=json&resultType=core&pageSize=10,ok,1957,10,True,
Pf_interaction_ip_ms_parasite_parasite,"TITLE_ABS:""Plasmodium falciparum"" AND TITLE_ABS:(""interactome"" OR ""interaction"" OR ""co-immunoprecipitation"" OR ""BioID"" OR ""TurboID"" OR ""crosslinking mass spectrometry"" OR ""yeast two-hybrid"") AND TITLE_ABS:(""interaction"")",CITED desc,https://www.ebi.ac.uk/europepmc/webservices/rest/search?query=TITLE_ABS%3A%22Plasmodium+falciparum%22+AND+TITLE_ABS%3A%28%22interactome%22+OR+%22interaction%22+OR+%22co-immunoprecipitation%22+OR+%22BioID%22+OR+%22TurboID%22+OR+%22crosslinking+mass+spectrometry%22+OR+%22yeast+two-hybrid%22%29+AND+TITLE_ABS%3A%28%22interaction%22%29+sort_cited%3Ay&format=json&resultType=core&pageSize=10,ok,1957,10,True,
Pf_interaction_ip_ms_parasite_parasite,"TITLE_ABS:""Plasmodium falciparum"" AND TITLE_ABS:(""interactome"" OR ""interaction"" OR ""co-immunoprecipitation"" OR ""BioID"" OR ""TurboID"" OR ""crosslinking mass spectrometry"" OR ""yeast two-hybrid"") AND TITLE_ABS:(""interaction"")",FIRST_PDATE desc,https://www.ebi.ac.uk/europepmc/webservices/rest/search?query=TITLE_ABS%3A%22Plasmodium+falciparum%22+AND+TITLE_ABS%3A%28%22interactome%22+OR+%22interaction%22+OR+%22co-immunoprecipitation%22+OR+%22BioID%22+OR+%22TurboID%22+OR+%22crosslinking+mass+spectrometry%22+OR+%22yeast+two-hybrid%22%29+AND+TITLE_ABS%3A%28%22interaction%22%29+sort_date%3Ay&format=json&resultType=core&pageSize=10,ok,1957,10,True,
Pf_interaction_proximity_labelling,"TITLE_ABS:""Plasmodium falciparum"" AND TITLE_ABS:(""interactome"" OR ""interaction"" OR ""co-immunoprecipitation"" OR ""BioID"" OR ""TurboID"" OR ""crosslinking mass spectrometry"" OR ""yeast two-hybrid"") AND TITLE_ABS:(""interaction"")",CITED desc,https://www.ebi.ac.uk/europepmc/webservices/rest/search?query=TITLE_ABS%3A%22Plasmodium+falciparum%22+AND+TITLE_ABS%3A%28%22interactome%22+OR+%22interaction%22+OR+%22co-immunoprecipitation%22+OR+%22BioID%22+OR+%22TurboID%22+OR+%22crosslinking+mass+spectrometry%22+OR+%22yeast+two-hybrid%22%29+AND+TITLE_ABS%3A%28%22interaction%22%29+sort_cited%3Ay&format=json&resultType=core&pageSize=10,ok,1957,10,True,
Pf_interaction_proximity_labelling,"TITLE_ABS:""Plasmodium falciparum"" AND TITLE_ABS:(""interactome"" OR ""interaction"" OR ""co-immunoprecipitation"" OR ""BioID"" OR ""TurboID"" OR ""crosslinking mass spectrometry"" OR ""yeast two-hybrid"") AND TITLE_ABS:(""interaction"")",FIRST_PDATE desc,https://www.ebi.ac.uk/europepmc/webservices/rest/search?query=TITLE_ABS%3A%22Plasmodium+falciparum%22+AND+TITLE_ABS%3A%28%22interactome%22+OR+%22interaction%22+OR+%22co-immunoprecipitation%22+OR+%22BioID%22+OR+%22TurboID%22+OR+%22crosslinking+mass+spectrometry%22+OR+%22yeast+two-hybrid%22%29+AND+TITLE_ABS%3A%28%22interaction%22%29+sort_date%3Ay&format=json&resultType=core&pageSize=10,ok,1957,10,True,
Pf_interaction_structural_similarity,"TITLE_ABS:""Plasmodium falciparum"" AND TITLE_ABS:(""interactome"" OR ""interaction"" OR ""co-immunoprecipitation"" OR ""BioID"" OR ""TurboID"" OR ""crosslinking mass spectrometry"" OR ""yeast two-hybrid"") AND TITLE_ABS:(""interaction"")",CITED desc,https://www.ebi.ac.uk/europepmc/webservices/rest/search?query=TITLE_ABS%3A%22Plasmodium+falciparum%22+AND+TITLE_ABS%3A%28%22interactome%22+OR+%22interaction%22+OR+%22co-immunoprecipitation%22+OR+%22BioID%22+OR+%22TurboID%22+OR+%22crosslinking+mass+spectrometry%22+OR+%22yeast+two-hybrid%22%29+AND+TITLE_ABS%3A%28%22interaction%22%29+sort_cited%3Ay&format=json&resultType=core&pageSize=10,ok,1957,10,True,
Pf_interaction_structural_similarity,"TITLE_ABS:""Plasmodium falciparum"" AND TITLE_ABS:(""interactome"" OR ""interaction"" OR ""co-immunoprecipitation"" OR ""BioID"" OR ""TurboID"" OR ""crosslinking mass spectrometry"" OR ""yeast two-hybrid"") AND TITLE_ABS:(""interaction"")",FIRST_PDATE desc,https://www.ebi.ac.uk/europepmc/webservices/rest/search?query=TITLE_ABS%3A%22Plasmodium+falciparum%22+AND+TITLE_ABS%3A%28%22interactome%22+OR+%22interaction%22+OR+%22co-immunoprecipitation%22+OR+%22BioID%22+OR+%22TurboID%22+OR+%22crosslinking+mass+spectrometry%22+OR+%22yeast+two-hybrid%22%29+AND+TITLE_ABS%3A%28%22interaction%22%29+sort_date%3Ay&format=json&resultType=core&pageSize=10,ok,1957,10,True,
Pf_interaction_with_host_proteins,"TITLE_ABS:""Plasmodium falciparum"" AND TITLE_ABS:(""interactome"" OR ""interaction"" OR ""co-immunoprecipitation"" OR ""BioID"" OR ""TurboID"" OR ""crosslinking mass spectrometry"" OR ""yeast two-hybrid"") AND TITLE_ABS:(""interaction"")",CITED desc,https://www.ebi.ac.uk/europepmc/webservices/rest/search?query=TITLE_ABS%3A%22Plasmodium+falciparum%22+AND+TITLE_ABS%3A%28%22interactome%22+OR+%22interaction%22+OR+%22co-immunoprecipitation%22+OR+%22BioID%22+OR+%22TurboID%22+OR+%22crosslinking+mass+spectrometry%22+OR+%22yeast+two-hybrid%22%29+AND+TITLE_ABS%3A%28%22interaction%22%29+sort_cited%3Ay&format=json&resultType=core&pageSize=10,ok,1957,10,True,
Pf_interaction_with_host_proteins,"TITLE_ABS:""Plasmodium falciparum"" AND TITLE_ABS:(""interactome"" OR ""interaction"" OR ""co-immunoprecipitation"" OR ""BioID"" OR ""TurboID"" OR ""crosslinking mass spectrometry"" OR ""yeast two-hybrid"") AND TITLE_ABS:(""interaction"")",FIRST_PDATE desc,https://www.ebi.ac.uk/europepmc/webservices/rest/search?query=TITLE_ABS%3A%22Plasmodium+falciparum%22+AND+TITLE_ABS%3A%28%22interactome%22+OR+%22interaction%22+OR+%22co-immunoprecipitation%22+OR+%22BioID%22+OR+%22TurboID%22+OR+%22crosslinking+mass+spectrometry%22+OR+%22yeast+two-hybrid%22%29+AND+TITLE_ABS%3A%28%22interaction%22%29+sort_date%3Ay&format=json&resultType=core&pageSize=10,ok,1957,10,True,
Pf_shared_orthogroup,"TITLE_ABS:""Plasmodium falciparum"" AND TITLE_ABS:(""interactome"" OR ""interaction"" OR ""co-immunoprecipitation"" OR ""BioID"" OR ""TurboID"" OR ""crosslinking mass spectrometry"" OR ""yeast two-hybrid"") AND TITLE_ABS:(""shared"" OR ""orthogroup"")",CITED desc,https://www.ebi.ac.uk/europepmc/webservices/rest/search?query=TITLE_ABS%3A%22Plasmodium+falciparum%22+AND+TITLE_ABS%3A%28%22interactome%22+OR+%22interaction%22+OR+%22co-immunoprecipitation%22+OR+%22BioID%22+OR+%22TurboID%22+OR+%22crosslinking+mass+spectrometry%22+OR+%22yeast+two-hybrid%22%29+AND+TITLE_ABS%3A%28%22shared%22+OR+%22orthogroup%22%29+sort_cited%3Ay&format=json&resultType=core&pageSize=10,ok,27,10,True,
Pf_shared_orthogroup,"TITLE_ABS:""Plasmodium falciparum"" AND TITLE_ABS:(""interactome"" OR ""interaction"" OR ""co-immunoprecipitation"" OR ""BioID"" OR ""TurboID"" OR ""crosslinking mass spectrometry"" OR ""yeast two-hybrid"") AND TITLE_ABS:(""shared"" OR ""orthogroup"")",FIRST_PDATE desc,https://www.ebi.ac.uk/europepmc/webservices/rest/search?query=TITLE_ABS%3A%22Plasmodium+falciparum%22+AND+TITLE_ABS%3A%28%22interactome%22+OR+%22interaction%22+OR+%22co-immunoprecipitation%22+OR+%22BioID%22+OR+%22TurboID%22+OR+%22crosslinking+mass+spectrometry%22+OR+%22yeast+two-hybrid%22%29+AND+TITLE_ABS%3A%28%22shared%22+OR+%22orthogroup%22%29+sort_date%3Ay&format=json&resultType=core&pageSize=10,ok,27,10,True,
Pf_shared_domain,"TITLE_ABS:""Plasmodium falciparum"" AND TITLE_ABS:(""interactome"" OR ""interaction"" OR ""co-immunoprecipitation"" OR ""BioID"" OR ""TurboID"" OR ""crosslinking mass spectrometry"" OR ""yeast two-hybrid"") AND TITLE_ABS:(""shared"" OR ""domain"")",CITED desc,https://www.ebi.ac.uk/europepmc/webservices/rest/search?query=TITLE_ABS%3A%22Plasmodium+falciparum%22+AND+TITLE_ABS%3A%28%22interactome%22+OR+%22interaction%22+OR+%22co-immunoprecipitation%22+OR+%22BioID%22+OR+%22TurboID%22+OR+%22crosslinking+mass+spectrometry%22+OR+%22yeast+two-hybrid%22%29+AND+TITLE_ABS%3A%28%22shared%22+OR+%22domain%22%29+sort_cited%3Ay&format=json&resultType=core&pageSize=10,ok,331,10,True,
Pf_shared_domain,"TITLE_ABS:""Plasmodium falciparum"" AND TITLE_ABS:(""interactome"" OR ""interaction"" OR ""co-immunoprecipitation"" OR ""BioID"" OR ""TurboID"" OR ""crosslinking mass spectrometry"" OR ""yeast two-hybrid"") AND TITLE_ABS:(""shared"" OR ""domain"")",FIRST_PDATE desc,https://www.ebi.ac.uk/europepmc/webservices/rest/search?query=TITLE_ABS%3A%22Plasmodium+falciparum%22+AND+TITLE_ABS%3A%28%22interactome%22+OR+%22interaction%22+OR+%22co-immunoprecipitation%22+OR+%22BioID%22+OR+%22TurboID%22+OR+%22crosslinking+mass+spectrometry%22+OR+%22yeast+two-hybrid%22%29+AND+TITLE_ABS%3A%28%22shared%22+OR+%22domain%22%29+sort_date%3Ay&format=json&resultType=core&pageSize=10,ok,331,10,True,
Pf_interaction_degree_crosslink_ms,"TITLE_ABS:""Plasmodium falciparum"" AND TITLE_ABS:(""interactome"" OR ""interaction"" OR ""co-immunoprecipitation"" OR ""BioID"" OR ""TurboID"" OR ""crosslinking mass spectrometry"" OR ""yeast two-hybrid"") AND TITLE_ABS:(""interaction"" OR ""degree"")",CITED desc,https://www.ebi.ac.uk/europepmc/webservices/rest/search?query=TITLE_ABS%3A%22Plasmodium+falciparum%22+AND+TITLE_ABS%3A%28%22interactome%22+OR+%22interaction%22+OR+%22co-immunoprecipitation%22+OR+%22BioID%22+OR+%22TurboID%22+OR+%22crosslinking+mass+spectrometry%22+OR+%22yeast+two-hybrid%22%29+AND+TITLE_ABS%3A%28%22interaction%22+OR+%22degree%22%29+sort_cited%3Ay&format=json&resultType=core&pageSize=10,ok,1958,10,True,
Pf_interaction_degree_crosslink_ms,"TITLE_ABS:""Plasmodium falciparum"" AND TITLE_ABS:(""interactome"" OR ""interaction"" OR ""co-immunoprecipitation"" OR ""BioID"" OR ""TurboID"" OR ""crosslinking mass spectrometry"" OR ""yeast two-hybrid"") AND TITLE_ABS:(""interaction"" OR ""degree"")",FIRST_PDATE desc,https://www.ebi.ac.uk/europepmc/webservices/rest/search?query=TITLE_ABS%3A%22Plasmodium+falciparum%22+AND+TITLE_ABS%3A%28%22interactome%22+OR+%22interaction%22+OR+%22co-immunoprecipitation%22+OR+%22BioID%22+OR+%22TurboID%22+OR+%22crosslinking+mass+spectrometry%22+OR+%22yeast+two-hybrid%22%29+AND+TITLE_ABS%3A%28%22interaction%22+OR+%22degree%22%29+sort_date%3Ay&format=json&resultType=core&pageSize=10,ok,1958,10,True,
Pf_interaction_degree_ip_ms,"TITLE_ABS:""Plasmodium falciparum"" AND TITLE_ABS:(""interactome"" OR ""interaction"" OR ""co-immunoprecipitation"" OR ""BioID"" OR ""TurboID"" OR ""crosslinking mass spectrometry"" OR ""yeast two-hybrid"") AND TITLE_ABS:(""interaction"" OR ""degree"")",CITED desc,https://www.ebi.ac.uk/europepmc/webservices/rest/search?query=TITLE_ABS%3A%22Plasmodium+falciparum%22+AND+TITLE_ABS%3A%28%22interactome%22+OR+%22interaction%22+OR+%22co-immunoprecipitation%22+OR+%22BioID%22+OR+%22TurboID%22+OR+%22crosslinking+mass+spectrometry%22+OR+%22yeast+two-hybrid%22%29+AND+TITLE_ABS%3A%28%22interaction%22+OR+%22degree%22%29+sort_cited%3Ay&format=json&resultType=core&pageSize=10,ok,1958,10,True,
Pf_interaction_degree_ip_ms,"TITLE_ABS:""Plasmodium falciparum"" AND TITLE_ABS:(""interactome"" OR ""interaction"" OR ""co-immunoprecipitation"" OR ""BioID"" OR ""TurboID"" OR ""crosslinking mass spectrometry"" OR ""yeast two-hybrid"") AND TITLE_ABS:(""interaction"" OR ""degree"")",FIRST_PDATE desc,https://www.ebi.ac.uk/europepmc/webservices/rest/search?query=TITLE_ABS%3A%22Plasmodium+falciparum%22+AND+TITLE_ABS%3A%28%22interactome%22+OR+%22interaction%22+OR+%22co-immunoprecipitation%22+OR+%22BioID%22+OR+%22TurboID%22+OR+%22crosslinking+mass+spectrometry%22+OR+%22yeast+two-hybrid%22%29+AND+TITLE_ABS%3A%28%22interaction%22+OR+%22degree%22%29+sort_date%3Ay&format=json&resultType=core&pageSize=10,ok,1958,10,True,
Pf_interaction_degree_structural_similarity,"TITLE_ABS:""Plasmodium falciparum"" AND TITLE_ABS:(""interactome"" OR ""interaction"" OR ""co-immunoprecipitation"" OR ""BioID"" OR ""TurboID"" OR ""crosslinking mass spectrometry"" OR ""yeast two-hybrid"") AND TITLE_ABS:(""interaction"" OR ""degree"")",CITED desc,https://www.ebi.ac.uk/europepmc/webservices/rest/search?query=TITLE_ABS%3A%22Plasmodium+falciparum%22+AND+TITLE_ABS%3A%28%22interactome%22+OR+%22interaction%22+OR+%22co-immunoprecipitation%22+OR+%22BioID%22+OR+%22TurboID%22+OR+%22crosslinking+mass+spectrometry%22+OR+%22yeast+two-hybrid%22%29+AND+TITLE_ABS%3A%28%22interaction%22+OR+%22degree%22%29+sort_cited%3Ay&format=json&resultType=core&pageSize=10,ok,1958,10,True,
Pf_interaction_degree_structural_similarity,"TITLE_ABS:""Plasmodium falciparum"" AND TITLE_ABS:(""interactome"" OR ""interaction"" OR ""co-immunoprecipitation"" OR ""BioID"" OR ""TurboID"" OR ""crosslinking mass spectrometry"" OR ""yeast two-hybrid"") AND TITLE_ABS:(""interaction"" OR ""degree"")",FIRST_PDATE desc,https://www.ebi.ac.uk/europepmc/webservices/rest/search?query=TITLE_ABS%3A%22Plasmodium+falciparum%22+AND+TITLE_ABS%3A%28%22interactome%22+OR+%22interaction%22+OR+%22co-immunoprecipitation%22+OR+%22BioID%22+OR+%22TurboID%22+OR+%22crosslinking+mass+spectrometry%22+OR+%22yeast+two-hybrid%22%29+AND+TITLE_ABS%3A%28%22interaction%22+OR+%22degree%22%29+sort_date%3Ay&format=json&resultType=core&pageSize=10,ok,1958,10,True,
Pf_host_interaction_degree,"TITLE_ABS:""Plasmodium falciparum"" AND TITLE_ABS:(""host response"" OR ""host transcriptome"" OR ""effector"" OR ""host-pathogen"") AND TITLE_ABS:(""host"" OR ""interaction"" OR ""degree"")",CITED desc,https://www.ebi.ac.uk/europepmc/webservices/rest/search?query=TITLE_ABS%3A%22Plasmodium+falciparum%22+AND+TITLE_ABS%3A%28%22host+response%22+OR+%22host+transcriptome%22+OR+%22effector%22+OR+%22host-pathogen%22%29+AND+TITLE_ABS%3A%28%22host%22+OR+%22interaction%22+OR+%22degree%22%29+sort_cited%3Ay&format=json&resultType=core&pageSize=10,ok,267,10,True,
Pf_host_interaction_degree,"TITLE_ABS:""Plasmodium falciparum"" AND TITLE_ABS:(""host response"" OR ""host transcriptome"" OR ""effector"" OR ""host-pathogen"") AND TITLE_ABS:(""host"" OR ""interaction"" OR ""degree"")",FIRST_PDATE desc,https://www.ebi.ac.uk/europepmc/webservices/rest/search?query=TITLE_ABS%3A%22Plasmodium+falciparum%22+AND+TITLE_ABS%3A%28%22host+response%22+OR+%22host+transcriptome%22+OR+%22effector%22+OR+%22host-pathogen%22%29+AND+TITLE_ABS%3A%28%22host%22+OR+%22interaction%22+OR+%22degree%22%29+sort_date%3Ay&format=json&resultType=core&pageSize=10,ok,267,10,True,
Pf_downloaded_study_membership,"TITLE_ABS:""Plasmodium falciparum"" AND TITLE_ABS:(""downloaded-study"" OR ""membership"")",CITED desc,https://www.ebi.ac.uk/europepmc/webservices/rest/search?query=TITLE_ABS%3A%22Plasmodium+falciparum%22+AND+TITLE_ABS%3A%28%22downloaded-study%22+OR+%22membership%22%29+sort_cited%3Ay&format=json&resultType=core&pageSize=10,ok,10,10,False,
Pf_downloaded_study_membership,"TITLE_ABS:""Plasmodium falciparum"" AND TITLE_ABS:(""downloaded-study"" OR ""membership"")",FIRST_PDATE desc,https://www.ebi.ac.uk/europepmc/webservices/rest/search?query=TITLE_ABS%3A%22Plasmodium+falciparum%22+AND+TITLE_ABS%3A%28%22downloaded-study%22+OR+%22membership%22%29+sort_date%3Ay&format=json&resultType=core&pageSize=10,ok,10,10,False,
Pf_analysis_derived_structural_holes,"TITLE_ABS:""Plasmodium falciparum"" AND TITLE_ABS:(""analysis-derived"" OR ""structural"" OR ""holes"")",CITED desc,https://www.ebi.ac.uk/europepmc/webservices/rest/search?query=TITLE_ABS%3A%22Plasmodium+falciparum%22+AND+TITLE_ABS%3A%28%22analysis-derived%22+OR+%22structural%22+OR+%22holes%22%29+sort_cited%3Ay&format=json&resultType=core&pageSize=10,ok,2067,10,True,
Pf_analysis_derived_structural_holes,"TITLE_ABS:""Plasmodium falciparum"" AND TITLE_ABS:(""analysis-derived"" OR ""structural"" OR ""holes"")",FIRST_PDATE desc,https://www.ebi.ac.uk/europepmc/webservices/rest/search?query=TITLE_ABS%3A%22Plasmodium+falciparum%22+AND+TITLE_ABS%3A%28%22analysis-derived%22+OR+%22structural%22+OR+%22holes%22%29+sort_date%3Ay&format=json&resultType=core&pageSize=10,ok,2067,10,True,
Pf_assay_confidence_and_significance,"TITLE_ABS:""Plasmodium falciparum"" AND TITLE_ABS:(""assay"" OR ""confidence"" OR ""significance"")",CITED desc,https://www.ebi.ac.uk/europepmc/webservices/rest/search?query=TITLE_ABS%3A%22Plasmodium+falciparum%22+AND+TITLE_ABS%3A%28%22assay%22+OR+%22confidence%22+OR+%22significance%22%29+sort_cited%3Ay&format=json&resultType=core&pageSize=10,ok,5378,10,True,
Pf_assay_confidence_and_significance,"TITLE_ABS:""Plasmodium falciparum"" AND TITLE_ABS:(""assay"" OR ""confidence"" OR ""significance"")",FIRST_PDATE desc,https://www.ebi.ac.uk/europepmc/webservices/rest/search?query=TITLE_ABS%3A%22Plasmodium+falciparum%22+AND+TITLE_ABS%3A%28%22assay%22+OR+%22confidence%22+OR+%22significance%22%29+sort_date%3Ay&format=json&resultType=core&pageSize=10,ok,5378,10,True,
Pf_host_transcriptional_effect_per_effector,"TITLE_ABS:""Plasmodium falciparum"" AND TITLE_ABS:(""host response"" OR ""host transcriptome"" OR ""effector"" OR ""host-pathogen"") AND TITLE_ABS:(""host"" OR ""transcriptional"" OR ""effect"" OR ""effector"")",CITED desc,https://www.ebi.ac.uk/europepmc/webservices/rest/search?query=TITLE_ABS%3A%22Plasmodium+falciparum%22+AND+TITLE_ABS%3A%28%22host+response%22+OR+%22host+transcriptome%22+OR+%22effector%22+OR+%22host-pathogen%22%29+AND+TITLE_ABS%3A%28%22host%22+OR+%22transcriptional%22+OR+%22effect%22+OR+%22effector%22%29+sort_cited%3Ay&format=json&resultType=core&pageSize=10,ok,520,10,True,
Pf_host_transcriptional_effect_per_effector,"TITLE_ABS:""Plasmodium falciparum"" AND TITLE_ABS:(""host response"" OR ""host transcriptome"" OR ""effector"" OR ""host-pathogen"") AND TITLE_ABS:(""host"" OR ""transcriptional"" OR ""effect"" OR ""effector"")",FIRST_PDATE desc,https://www.ebi.ac.uk/europepmc/webservices/rest/search?query=TITLE_ABS%3A%22Plasmodium+falciparum%22+AND+TITLE_ABS%3A%28%22host+response%22+OR+%22host+transcriptome%22+OR+%22effector%22+OR+%22host-pathogen%22%29+AND+TITLE_ABS%3A%28%22host%22+OR+%22transcriptional%22+OR+%22effect%22+OR+%22effector%22%29+sort_date%3Ay&format=json&resultType=core&pageSize=10,ok,520,10,True,
Pf_domain_content,"TITLE_ABS:""Plasmodium falciparum"" AND TITLE_ABS:(""genome"" OR ""domain"" OR ""ortholog"" OR ""paralog"" OR ""AlphaFold"" OR ""structure prediction"") AND TITLE_ABS:(""domain"" OR ""content"")",CITED desc,https://www.ebi.ac.uk/europepmc/webservices/rest/search?query=TITLE_ABS%3A%22Plasmodium+falciparum%22+AND+TITLE_ABS%3A%28%22genome%22+OR+%22domain%22+OR+%22ortholog%22+OR+%22paralog%22+OR+%22AlphaFold%22+OR+%22structure+prediction%22%29+AND+TITLE_ABS%3A%28%22domain%22+OR+%22content%22%29+sort_cited%3Ay&format=json&resultType=core&pageSize=10,ok,2184,10,True,
Pf_domain_content,"TITLE_ABS:""Plasmodium falciparum"" AND TITLE_ABS:(""genome"" OR ""domain"" OR ""ortholog"" OR ""paralog"" OR ""AlphaFold"" OR ""structure prediction"") AND TITLE_ABS:(""domain"" OR ""content"")",FIRST_PDATE desc,https://www.ebi.ac.uk/europepmc/webservices/rest/search?query=TITLE_ABS%3A%22Plasmodium+falciparum%22+AND+TITLE_ABS%3A%28%22genome%22+OR+%22domain%22+OR+%22ortholog%22+OR+%22paralog%22+OR+%22AlphaFold%22+OR+%22structure+prediction%22%29+AND+TITLE_ABS%3A%28%22domain%22+OR+%22content%22%29+sort_date%3Ay&format=json&resultType=core&pageSize=10,ok,2184,10,True,
Pf_fold_confidence_disorder,"TITLE_ABS:""Plasmodium falciparum"" AND TITLE_ABS:(""genome"" OR ""domain"" OR ""ortholog"" OR ""paralog"" OR ""AlphaFold"" OR ""structure prediction"") AND TITLE_ABS:(""fold"" OR ""confidence"" OR ""disorder"")",CITED desc,https://www.ebi.ac.uk/europepmc/webservices/rest/search?query=TITLE_ABS%3A%22Plasmodium+falciparum%22+AND+TITLE_ABS%3A%28%22genome%22+OR+%22domain%22+OR+%22ortholog%22+OR+%22paralog%22+OR+%22AlphaFold%22+OR+%22structure+prediction%22%29+AND+TITLE_ABS%3A%28%22fold%22+OR+%22confidence%22+OR+%22disorder%22%29+sort_cited%3Ay&format=json&resultType=core&pageSize=10,ok,245,10,True,
Pf_fold_confidence_disorder,"TITLE_ABS:""Plasmodium falciparum"" AND TITLE_ABS:(""genome"" OR ""domain"" OR ""ortholog"" OR ""paralog"" OR ""AlphaFold"" OR ""structure prediction"") AND TITLE_ABS:(""fold"" OR ""confidence"" OR ""disorder"")",FIRST_PDATE desc,https://www.ebi.ac.uk/europepmc/webservices/rest/search?query=TITLE_ABS%3A%22Plasmodium+falciparum%22+AND+TITLE_ABS%3A%28%22genome%22+OR+%22domain%22+OR+%22ortholog%22+OR+%22paralog%22+OR+%22AlphaFold%22+OR+%22structure+prediction%22%29+AND+TITLE_ABS%3A%28%22fold%22+OR+%22confidence%22+OR+%22disorder%22%29+sort_date%3Ay&format=json&resultType=core&pageSize=10,ok,245,10,True,
Pf_conservation_breadth,"TITLE_ABS:""Plasmodium falciparum"" AND TITLE_ABS:(""genome"" OR ""domain"" OR ""ortholog"" OR ""paralog"" OR ""AlphaFold"" OR ""structure prediction"") AND TITLE_ABS:(""conservation"" OR ""breadth"")",CITED desc,https://www.ebi.ac.uk/europepmc/webservices/rest/search?query=TITLE_ABS%3A%22Plasmodium+falciparum%22+AND+TITLE_ABS%3A%28%22genome%22+OR+%22domain%22+OR+%22ortholog%22+OR+%22paralog%22+OR+%22AlphaFold%22+OR+%22structure+prediction%22%29+AND+TITLE_ABS%3A%28%22conservation%22+OR+%22breadth%22%29+sort_cited%3Ay&format=json&resultType=core&pageSize=10,ok,126,10,True,
Pf_conservation_breadth,"TITLE_ABS:""Plasmodium falciparum"" AND TITLE_ABS:(""genome"" OR ""domain"" OR ""ortholog"" OR ""paralog"" OR ""AlphaFold"" OR ""structure prediction"") AND TITLE_ABS:(""conservation"" OR ""breadth"")",FIRST_PDATE desc,https://www.ebi.ac.uk/europepmc/webservices/rest/search?query=TITLE_ABS%3A%22Plasmodium+falciparum%22+AND+TITLE_ABS%3A%28%22genome%22+OR+%22domain%22+OR+%22ortholog%22+OR+%22paralog%22+OR+%22AlphaFold%22+OR+%22structure+prediction%22%29+AND+TITLE_ABS%3A%28%22conservation%22+OR+%22breadth%22%29+sort_date%3Ay&format=json&resultType=core&pageSize=10,ok,126,10,True,
Pf_paralogy,"TITLE_ABS:""Plasmodium falciparum"" AND TITLE_ABS:(""genome"" OR ""domain"" OR ""ortholog"" OR ""paralog"" OR ""AlphaFold"" OR ""structure prediction"") AND TITLE_ABS:(""paralogy"")",CITED desc,https://www.ebi.ac.uk/europepmc/webservices/rest/search?query=TITLE_ABS%3A%22Plasmodium+falciparum%22+AND+TITLE_ABS%3A%28%22genome%22+OR+%22domain%22+OR+%22ortholog%22+OR+%22paralog%22+OR+%22AlphaFold%22+OR+%22structure+prediction%22%29+AND+TITLE_ABS%3A%28%22paralogy%22%29+sort_cited%3Ay&format=json&resultType=core&pageSize=10,ok,0,0,False,
Pf_paralogy,"TITLE_ABS:""Plasmodium falciparum"" AND TITLE_ABS:(""genome"" OR ""domain"" OR ""ortholog"" OR ""paralog"" OR ""AlphaFold"" OR ""structure prediction"") AND TITLE_ABS:(""paralogy"")",FIRST_PDATE desc,https://www.ebi.ac.uk/europepmc/webservices/rest/search?query=TITLE_ABS%3A%22Plasmodium+falciparum%22+AND+TITLE_ABS%3A%28%22genome%22+OR+%22domain%22+OR+%22ortholog%22+OR+%22paralog%22+OR+%22AlphaFold%22+OR+%22structure+prediction%22%29+AND+TITLE_ABS%3A%28%22paralogy%22%29+sort_date%3Ay&format=json&resultType=core&pageSize=10,ok,0,0,False,
Pf_sequence_basics,"TITLE_ABS:""Plasmodium falciparum"" AND TITLE_ABS:(""genome"" OR ""domain"" OR ""ortholog"" OR ""paralog"" OR ""AlphaFold"" OR ""structure prediction"") AND TITLE_ABS:(""basics"")",CITED desc,https://www.ebi.ac.uk/europepmc/webservices/rest/search?query=TITLE_ABS%3A%22Plasmodium+falciparum%22+AND+TITLE_ABS%3A%28%22genome%22+OR+%22domain%22+OR+%22ortholog%22+OR+%22paralog%22+OR+%22AlphaFold%22+OR+%22structure+prediction%22%29+AND+TITLE_ABS%3A%28%22basics%22%29+sort_cited%3Ay&format=json&resultType=core&pageSize=10,ok,0,0,False,
Pf_sequence_basics,"TITLE_ABS:""Plasmodium falciparum"" AND TITLE_ABS:(""genome"" OR ""domain"" OR ""ortholog"" OR ""paralog"" OR ""AlphaFold"" OR ""structure prediction"") AND TITLE_ABS:(""basics"")",FIRST_PDATE desc,https://www.ebi.ac.uk/europepmc/webservices/rest/search?query=TITLE_ABS%3A%22Plasmodium+falciparum%22+AND+TITLE_ABS%3A%28%22genome%22+OR+%22domain%22+OR+%22ortholog%22+OR+%22paralog%22+OR+%22AlphaFold%22+OR+%22structure+prediction%22%29+AND+TITLE_ABS%3A%28%22basics%22%29+sort_date%3Ay&format=json&resultType=core&pageSize=10,ok,0,0,False,
Pf_strain_variation,"TITLE_ABS:""Plasmodium falciparum"" AND TITLE_ABS:(""genome"" OR ""domain"" OR ""ortholog"" OR ""paralog"" OR ""AlphaFold"" OR ""structure prediction"") AND TITLE_ABS:(""strain"" OR ""variation"")",CITED desc,https://www.ebi.ac.uk/europepmc/webservices/rest/search?query=TITLE_ABS%3A%22Plasmodium+falciparum%22+AND+TITLE_ABS%3A%28%22genome%22+OR+%22domain%22+OR+%22ortholog%22+OR+%22paralog%22+OR+%22AlphaFold%22+OR+%22structure+prediction%22%29+AND+TITLE_ABS%3A%28%22strain%22+OR+%22variation%22%29+sort_cited%3Ay&format=json&resultType=core&pageSize=10,ok,664,10,True,
Pf_strain_variation,"TITLE_ABS:""Plasmodium falciparum"" AND TITLE_ABS:(""genome"" OR ""domain"" OR ""ortholog"" OR ""paralog"" OR ""AlphaFold"" OR ""structure prediction"") AND TITLE_ABS:(""strain"" OR ""variation"")",FIRST_PDATE desc,https://www.ebi.ac.uk/europepmc/webservices/rest/search?query=TITLE_ABS%3A%22Plasmodium+falciparum%22+AND+TITLE_ABS%3A%28%22genome%22+OR+%22domain%22+OR+%22ortholog%22+OR+%22paralog%22+OR+%22AlphaFold%22+OR+%22structure+prediction%22%29+AND+TITLE_ABS%3A%28%22strain%22+OR+%22variation%22%29+sort_date%3Ay&format=json&resultType=core&pageSize=10,ok,664,10,True,
Pf_literature_attention,"TITLE_ABS:""Plasmodium falciparum"" AND TITLE_ABS:(""literature"" OR ""attention"")",CITED desc,https://www.ebi.ac.uk/europepmc/webservices/rest/search?query=TITLE_ABS%3A%22Plasmodium+falciparum%22+AND+TITLE_ABS%3A%28%22literature%22+OR+%22attention%22%29+sort_cited%3Ay&format=json&resultType=core&pageSize=10,ok,1073,10,True,
Pf_literature_attention,"TITLE_ABS:""Plasmodium falciparum"" AND TITLE_ABS:(""literature"" OR ""attention"")",FIRST_PDATE desc,https://www.ebi.ac.uk/europepmc/webservices/rest/search?query=TITLE_ABS%3A%22Plasmodium+falciparum%22+AND+TITLE_ABS%3A%28%22literature%22+OR+%22attention%22%29+sort_date%3Ay&format=json&resultType=core&pageSize=10,ok,1073,10,True,
Pf_gene_identity_and_annotation,"TITLE_ABS:""Plasmodium falciparum"" AND TITLE_ABS:(""gene"" OR ""identity"" OR ""annotation"")",CITED desc,https://www.ebi.ac.uk/europepmc/webservices/rest/search?query=TITLE_ABS%3A%22Plasmodium+falciparum%22+AND+TITLE_ABS%3A%28%22gene%22+OR+%22identity%22+OR+%22annotation%22%29+sort_cited%3Ay&format=json&resultType=core&pageSize=10,ok,6750,10,True,
Pf_gene_identity_and_annotation,"TITLE_ABS:""Plasmodium falciparum"" AND TITLE_ABS:(""gene"" OR ""identity"" OR ""annotation"")",FIRST_PDATE desc,https://www.ebi.ac.uk/europepmc/webservices/rest/search?query=TITLE_ABS%3A%22Plasmodium+falciparum%22+AND+TITLE_ABS%3A%28%22gene%22+OR+%22identity%22+OR+%22annotation%22%29+sort_date%3Ay&format=json&resultType=core&pageSize=10,ok,6750,10,True,
Pf_metabolite_levels,"TITLE_ABS:""Plasmodium falciparum"" AND TITLE_ABS:(""metabolome"" OR ""metabolomic"" OR ""lipidome"" OR ""lipidomic"" OR ""flux"") AND TITLE_ABS:(""metabolite"")",CITED desc,https://www.ebi.ac.uk/europepmc/webservices/rest/search?query=TITLE_ABS%3A%22Plasmodium+falciparum%22+AND+TITLE_ABS%3A%28%22metabolome%22+OR+%22metabolomic%22+OR+%22lipidome%22+OR+%22lipidomic%22+OR+%22flux%22%29+AND+TITLE_ABS%3A%28%22metabolite%22%29+sort_cited%3Ay&format=json&resultType=core&pageSize=10,ok,30,10,True,
Pf_metabolite_levels,"TITLE_ABS:""Plasmodium falciparum"" AND TITLE_ABS:(""metabolome"" OR ""metabolomic"" OR ""lipidome"" OR ""lipidomic"" OR ""flux"") AND TITLE_ABS:(""metabolite"")",FIRST_PDATE desc,https://www.ebi.ac.uk/europepmc/webservices/rest/search?query=TITLE_ABS%3A%22Plasmodium+falciparum%22+AND+TITLE_ABS%3A%28%22metabolome%22+OR+%22metabolomic%22+OR+%22lipidome%22+OR+%22lipidomic%22+OR+%22flux%22%29+AND+TITLE_ABS%3A%28%22metabolite%22%29+sort_date%3Ay&format=json&resultType=core&pageSize=10,ok,30,10,True,
Pf_metabolic_flux,"TITLE_ABS:""Plasmodium falciparum"" AND TITLE_ABS:(""metabolome"" OR ""metabolomic"" OR ""lipidome"" OR ""lipidomic"" OR ""flux"") AND TITLE_ABS:(""metabolic"" OR ""flux"")",CITED desc,https://www.ebi.ac.uk/europepmc/webservices/rest/search?query=TITLE_ABS%3A%22Plasmodium+falciparum%22+AND+TITLE_ABS%3A%28%22metabolome%22+OR+%22metabolomic%22+OR+%22lipidome%22+OR+%22lipidomic%22+OR+%22flux%22%29+AND+TITLE_ABS%3A%28%22metabolic%22+OR+%22flux%22%29+sort_cited%3Ay&format=json&resultType=core&pageSize=10,ok,152,10,True,
Pf_metabolic_flux,"TITLE_ABS:""Plasmodium falciparum"" AND TITLE_ABS:(""metabolome"" OR ""metabolomic"" OR ""lipidome"" OR ""lipidomic"" OR ""flux"") AND TITLE_ABS:(""metabolic"" OR ""flux"")",FIRST_PDATE desc,https://www.ebi.ac.uk/europepmc/webservices/rest/search?query=TITLE_ABS%3A%22Plasmodium+falciparum%22+AND+TITLE_ABS%3A%28%22metabolome%22+OR+%22metabolomic%22+OR+%22lipidome%22+OR+%22lipidomic%22+OR+%22flux%22%29+AND+TITLE_ABS%3A%28%22metabolic%22+OR+%22flux%22%29+sort_date%3Ay&format=json&resultType=core&pageSize=10,ok,152,10,True,
Pf_lipid_composition,"TITLE_ABS:""Plasmodium falciparum"" AND TITLE_ABS:(""metabolome"" OR ""metabolomic"" OR ""lipidome"" OR ""lipidomic"" OR ""flux"") AND TITLE_ABS:(""lipid"" OR ""composition"")",CITED desc,https://www.ebi.ac.uk/europepmc/webservices/rest/search?query=TITLE_ABS%3A%22Plasmodium+falciparum%22+AND+TITLE_ABS%3A%28%22metabolome%22+OR+%22metabolomic%22+OR+%22lipidome%22+OR+%22lipidomic%22+OR+%22flux%22%29+AND+TITLE_ABS%3A%28%22lipid%22+OR+%22composition%22%29+sort_cited%3Ay&format=json&resultType=core&pageSize=10,ok,31,10,True,
Pf_lipid_composition,"TITLE_ABS:""Plasmodium falciparum"" AND TITLE_ABS:(""metabolome"" OR ""metabolomic"" OR ""lipidome"" OR ""lipidomic"" OR ""flux"") AND TITLE_ABS:(""lipid"" OR ""composition"")",FIRST_PDATE desc,https://www.ebi.ac.uk/europepmc/webservices/rest/search?query=TITLE_ABS%3A%22Plasmodium+falciparum%22+AND+TITLE_ABS%3A%28%22metabolome%22+OR+%22metabolomic%22+OR+%22lipidome%22+OR+%22lipidomic%22+OR+%22flux%22%29+AND+TITLE_ABS%3A%28%22lipid%22+OR+%22composition%22%29+sort_date%3Ay&format=json&resultType=core&pageSize=10,ok,31,10,True,
Pf_enzyme_classification,"TITLE_ABS:""Plasmodium falciparum"" AND TITLE_ABS:(""metabolome"" OR ""metabolomic"" OR ""lipidome"" OR ""lipidomic"" OR ""flux"") AND TITLE_ABS:(""enzyme"" OR ""classification"")",CITED desc,https://www.ebi.ac.uk/europepmc/webservices/rest/search?query=TITLE_ABS%3A%22Plasmodium+falciparum%22+AND+TITLE_ABS%3A%28%22metabolome%22+OR+%22metabolomic%22+OR+%22lipidome%22+OR+%22lipidomic%22+OR+%22flux%22%29+AND+TITLE_ABS%3A%28%22enzyme%22+OR+%22classification%22%29+sort_cited%3Ay&format=json&resultType=core&pageSize=10,ok,33,10,True,
Pf_enzyme_classification,"TITLE_ABS:""Plasmodium falciparum"" AND TITLE_ABS:(""metabolome"" OR ""metabolomic"" OR ""lipidome"" OR ""lipidomic"" OR ""flux"") AND TITLE_ABS:(""enzyme"" OR ""classification"")",FIRST_PDATE desc,https://www.ebi.ac.uk/europepmc/webservices/rest/search?query=TITLE_ABS%3A%22Plasmodium+falciparum%22+AND+TITLE_ABS%3A%28%22metabolome%22+OR+%22metabolomic%22+OR+%22lipidome%22+OR+%22lipidomic%22+OR+%22flux%22%29+AND+TITLE_ABS%3A%28%22enzyme%22+OR+%22classification%22%29+sort_date%3Ay&format=json&resultType=core&pageSize=10,ok,33,10,True,
Pf_resistance_conferring_mutation,"TITLE_ABS:""Plasmodium falciparum"" AND TITLE_ABS:(""chemogenomic"" OR ""drug sensitivity"" OR ""resistome"" OR ""IC50"" OR ""compound screen"") AND TITLE_ABS:(""resistance-conferring"" OR ""mutation"")",CITED desc,https://www.ebi.ac.uk/europepmc/webservices/rest/search?query=TITLE_ABS%3A%22Plasmodium+falciparum%22+AND+TITLE_ABS%3A%28%22chemogenomic%22+OR+%22drug+sensitivity%22+OR+%22resistome%22+OR+%22IC50%22+OR+%22compound+screen%22%29+AND+TITLE_ABS%3A%28%22resistance-conferring%22+OR+%22mutation%22%29+sort_cited%3Ay&format=json&resultType=core&pageSize=10,ok,72,10,True,
Pf_resistance_conferring_mutation,"TITLE_ABS:""Plasmodium falciparum"" AND TITLE_ABS:(""chemogenomic"" OR ""drug sensitivity"" OR ""resistome"" OR ""IC50"" OR ""compound screen"") AND TITLE_ABS:(""resistance-conferring"" OR ""mutation"")",FIRST_PDATE desc,https://www.ebi.ac.uk/europepmc/webservices/rest/search?query=TITLE_ABS%3A%22Plasmodium+falciparum%22+AND+TITLE_ABS%3A%28%22chemogenomic%22+OR+%22drug+sensitivity%22+OR+%22resistome%22+OR+%22IC50%22+OR+%22compound+screen%22%29+AND+TITLE_ABS%3A%28%22resistance-conferring%22+OR+%22mutation%22%29+sort_date%3Ay&format=json&resultType=core&pageSize=10,ok,72,10,True,
Pf_target_engagement_thermal_shift,"TITLE_ABS:""Plasmodium falciparum"" AND TITLE_ABS:(""chemogenomic"" OR ""drug sensitivity"" OR ""resistome"" OR ""IC50"" OR ""compound screen"") AND TITLE_ABS:(""target"" OR ""engagement"" OR ""thermal"" OR ""shift"")",CITED desc,https://www.ebi.ac.uk/europepmc/webservices/rest/search?query=TITLE_ABS%3A%22Plasmodium+falciparum%22+AND+TITLE_ABS%3A%28%22chemogenomic%22+OR+%22drug+sensitivity%22+OR+%22resistome%22+OR+%22IC50%22+OR+%22compound+screen%22%29+AND+TITLE_ABS%3A%28%22target%22+OR+%22engagement%22+OR+%22thermal%22+OR+%22shift%22%29+sort_cited%3Ay&format=json&resultType=core&pageSize=10,ok,151,10,True,
Pf_target_engagement_thermal_shift,"TITLE_ABS:""Plasmodium falciparum"" AND TITLE_ABS:(""chemogenomic"" OR ""drug sensitivity"" OR ""resistome"" OR ""IC50"" OR ""compound screen"") AND TITLE_ABS:(""target"" OR ""engagement"" OR ""thermal"" OR ""shift"")",FIRST_PDATE desc,https://www.ebi.ac.uk/europepmc/webservices/rest/search?query=TITLE_ABS%3A%22Plasmodium+falciparum%22+AND+TITLE_ABS%3A%28%22chemogenomic%22+OR+%22drug+sensitivity%22+OR+%22resistome%22+OR+%22IC50%22+OR+%22compound+screen%22%29+AND+TITLE_ABS%3A%28%22target%22+OR+%22engagement%22+OR+%22thermal%22+OR+%22shift%22%29+sort_date%3Ay&format=json&resultType=core&pageSize=10,ok,151,10,True,
Pf_rna_binding_protein_targets,"TITLE_ABS:""Plasmodium falciparum"" AND TITLE_ABS:(""interactome"" OR ""interaction"" OR ""co-immunoprecipitation"" OR ""BioID"" OR ""TurboID"" OR ""crosslinking mass spectrometry"" OR ""yeast two-hybrid"") AND TITLE_ABS:(""RNA-binding"" OR ""targets"")",CITED desc,https://www.ebi.ac.uk/europepmc/webservices/rest/search?query=TITLE_ABS%3A%22Plasmodium+falciparum%22+AND+TITLE_ABS%3A%28%22interactome%22+OR+%22interaction%22+OR+%22co-immunoprecipitation%22+OR+%22BioID%22+OR+%22TurboID%22+OR+%22crosslinking+mass+spectrometry%22+OR+%22yeast+two-hybrid%22%29+AND+TITLE_ABS%3A%28%22RNA-binding%22+OR+%22targets%22%29+sort_cited%3Ay&format=json&resultType=core&pageSize=10,ok,248,10,True,
Pf_rna_binding_protein_targets,"TITLE_ABS:""Plasmodium falciparum"" AND TITLE_ABS:(""interactome"" OR ""interaction"" OR ""co-immunoprecipitation"" OR ""BioID"" OR ""TurboID"" OR ""crosslinking mass spectrometry"" OR ""yeast two-hybrid"") AND TITLE_ABS:(""RNA-binding"" OR ""targets"")",FIRST_PDATE desc,https://www.ebi.ac.uk/europepmc/webservices/rest/search?query=TITLE_ABS%3A%22Plasmodium+falciparum%22+AND+TITLE_ABS%3A%28%22interactome%22+OR+%22interaction%22+OR+%22co-immunoprecipitation%22+OR+%22BioID%22+OR+%22TurboID%22+OR+%22crosslinking+mass+spectrometry%22+OR+%22yeast+two-hybrid%22%29+AND+TITLE_ABS%3A%28%22RNA-binding%22+OR+%22targets%22%29+sort_date%3Ay&format=json&resultType=core&pageSize=10,ok,248,10,True,
Pf_noncoding_and_antisense_transcription,"TITLE_ABS:""Plasmodium falciparum"" AND TITLE_ABS:(""RNA-seq"" OR ""transcriptome"" OR ""transcriptomic"" OR ""microarray"" OR ""scRNA-seq"") AND TITLE_ABS:(""noncoding"" OR ""antisense"" OR ""transcription"")",CITED desc,https://www.ebi.ac.uk/europepmc/webservices/rest/search?query=TITLE_ABS%3A%22Plasmodium+falciparum%22+AND+TITLE_ABS%3A%28%22RNA-seq%22+OR+%22transcriptome%22+OR+%22transcriptomic%22+OR+%22microarray%22+OR+%22scRNA-seq%22%29+AND+TITLE_ABS%3A%28%22noncoding%22+OR+%22antisense%22+OR+%22transcription%22%29+sort_cited%3Ay&format=json&resultType=core&pageSize=10,ok,150,10,True,
Pf_noncoding_and_antisense_transcription,"TITLE_ABS:""Plasmodium falciparum"" AND TITLE_ABS:(""RNA-seq"" OR ""transcriptome"" OR ""transcriptomic"" OR ""microarray"" OR ""scRNA-seq"") AND TITLE_ABS:(""noncoding"" OR ""antisense"" OR ""transcription"")",FIRST_PDATE desc,https://www.ebi.ac.uk/europepmc/webservices/rest/search?query=TITLE_ABS%3A%22Plasmodium+falciparum%22+AND+TITLE_ABS%3A%28%22RNA-seq%22+OR+%22transcriptome%22+OR+%22transcriptomic%22+OR+%22microarray%22+OR+%22scRNA-seq%22%29+AND+TITLE_ABS%3A%28%22noncoding%22+OR+%22antisense%22+OR+%22transcription%22%29+sort_date%3Ay&format=json&resultType=core&pageSize=10,ok,150,10,True,
Pf_codon_usage_translation_efficiency,"TITLE_ABS:""Plasmodium falciparum"" AND TITLE_ABS:(""ribosome profiling"" OR ""Ribo-seq"" OR ""translatome"" OR ""polysome"") AND TITLE_ABS:(""codon"" OR ""usage"" OR ""translation"" OR ""efficiency"")",CITED desc,https://www.ebi.ac.uk/europepmc/webservices/rest/search?query=TITLE_ABS%3A%22Plasmodium+falciparum%22+AND+TITLE_ABS%3A%28%22ribosome+profiling%22+OR+%22Ribo-seq%22+OR+%22translatome%22+OR+%22polysome%22%29+AND+TITLE_ABS%3A%28%22codon%22+OR+%22usage%22+OR+%22translation%22+OR+%22efficiency%22%29+sort_cited%3Ay&format=json&resultType=core&pageSize=10,ok,9,9,False,
Pf_codon_usage_translation_efficiency,"TITLE_ABS:""Plasmodium falciparum"" AND TITLE_ABS:(""ribosome profiling"" OR ""Ribo-seq"" OR ""translatome"" OR ""polysome"") AND TITLE_ABS:(""codon"" OR ""usage"" OR ""translation"" OR ""efficiency"")",FIRST_PDATE desc,https://www.ebi.ac.uk/europepmc/webservices/rest/search?query=TITLE_ABS%3A%22Plasmodium+falciparum%22+AND+TITLE_ABS%3A%28%22ribosome+profiling%22+OR+%22Ribo-seq%22+OR+%22translatome%22+OR+%22polysome%22%29+AND+TITLE_ABS%3A%28%22codon%22+OR+%22usage%22+OR+%22translation%22+OR+%22efficiency%22%29+sort_date%3Ay&format=json&resultType=core&pageSize=10,ok,9,9,False,
Pf_complex_membership,"TITLE_ABS:""Plasmodium falciparum"" AND TITLE_ABS:(""interactome"" OR ""interaction"" OR ""co-immunoprecipitation"" OR ""BioID"" OR ""TurboID"" OR ""crosslinking mass spectrometry"" OR ""yeast two-hybrid"") AND TITLE_ABS:(""complex"" OR ""membership"")",CITED desc,https://www.ebi.ac.uk/europepmc/webservices/rest/search?query=TITLE_ABS%3A%22Plasmodium+falciparum%22+AND+TITLE_ABS%3A%28%22interactome%22+OR+%22interaction%22+OR+%22co-immunoprecipitation%22+OR+%22BioID%22+OR+%22TurboID%22+OR+%22crosslinking+mass+spectrometry%22+OR+%22yeast+two-hybrid%22%29+AND+TITLE_ABS%3A%28%22complex%22+OR+%22membership%22%29+sort_cited%3Ay&format=json&resultType=core&pageSize=10,ok,460,10,True,
Pf_complex_membership,"TITLE_ABS:""Plasmodium falciparum"" AND TITLE_ABS:(""interactome"" OR ""interaction"" OR ""co-immunoprecipitation"" OR ""BioID"" OR ""TurboID"" OR ""crosslinking mass spectrometry"" OR ""yeast two-hybrid"") AND TITLE_ABS:(""complex"" OR ""membership"")",FIRST_PDATE desc,https://www.ebi.ac.uk/europepmc/webservices/rest/search?query=TITLE_ABS%3A%22Plasmodium+falciparum%22+AND+TITLE_ABS%3A%28%22interactome%22+OR+%22interaction%22+OR+%22co-immunoprecipitation%22+OR+%22BioID%22+OR+%22TurboID%22+OR+%22crosslinking+mass+spectrometry%22+OR+%22yeast+two-hybrid%22%29+AND+TITLE_ABS%3A%28%22complex%22+OR+%22membership%22%29+sort_date%3Ay&format=json&resultType=core&pageSize=10,ok,460,10,True,
Pf_seroreactivity_antigenicity,"TITLE_ABS:""Plasmodium falciparum"" AND TITLE_ABS:(""antigen"" OR ""seroreactivity"" OR ""epitope"" OR ""immunogenic"" OR ""vaccine candidate"") AND TITLE_ABS:(""seroreactivity"" OR ""antigenicity"")",CITED desc,https://www.ebi.ac.uk/europepmc/webservices/rest/search?query=TITLE_ABS%3A%22Plasmodium+falciparum%22+AND+TITLE_ABS%3A%28%22antigen%22+OR+%22seroreactivity%22+OR+%22epitope%22+OR+%22immunogenic%22+OR+%22vaccine+candidate%22%29+AND+TITLE_ABS%3A%28%22seroreactivity%22+OR+%22antigenicity%22%29+sort_cited%3Ay&format=json&resultType=core&pageSize=10,ok,162,10,True,
Pf_seroreactivity_antigenicity,"TITLE_ABS:""Plasmodium falciparum"" AND TITLE_ABS:(""antigen"" OR ""seroreactivity"" OR ""epitope"" OR ""immunogenic"" OR ""vaccine candidate"") AND TITLE_ABS:(""seroreactivity"" OR ""antigenicity"")",FIRST_PDATE desc,https://www.ebi.ac.uk/europepmc/webservices/rest/search?query=TITLE_ABS%3A%22Plasmodium+falciparum%22+AND+TITLE_ABS%3A%28%22antigen%22+OR+%22seroreactivity%22+OR+%22epitope%22+OR+%22immunogenic%22+OR+%22vaccine+candidate%22%29+AND+TITLE_ABS%3A%28%22seroreactivity%22+OR+%22antigenicity%22%29+sort_date%3Ay&format=json&resultType=core&pageSize=10,ok,162,10,True,
Pf_t_cell_epitope_content,"TITLE_ABS:""Plasmodium falciparum"" AND TITLE_ABS:(""antigen"" OR ""seroreactivity"" OR ""epitope"" OR ""immunogenic"" OR ""vaccine candidate"") AND TITLE_ABS:(""T-cell"" OR ""epitope"" OR ""content"")",CITED desc,https://www.ebi.ac.uk/europepmc/webservices/rest/search?query=TITLE_ABS%3A%22Plasmodium+falciparum%22+AND+TITLE_ABS%3A%28%22antigen%22+OR+%22seroreactivity%22+OR+%22epitope%22+OR+%22immunogenic%22+OR+%22vaccine+candidate%22%29+AND+TITLE_ABS%3A%28%22T-cell%22+OR+%22epitope%22+OR+%22content%22%29+sort_cited%3Ay&format=json&resultType=core&pageSize=10,ok,1293,10,True,
Pf_t_cell_epitope_content,"TITLE_ABS:""Plasmodium falciparum"" AND TITLE_ABS:(""antigen"" OR ""seroreactivity"" OR ""epitope"" OR ""immunogenic"" OR ""vaccine candidate"") AND TITLE_ABS:(""T-cell"" OR ""epitope"" OR ""content"")",FIRST_PDATE desc,https://www.ebi.ac.uk/europepmc/webservices/rest/search?query=TITLE_ABS%3A%22Plasmodium+falciparum%22+AND+TITLE_ABS%3A%28%22antigen%22+OR+%22seroreactivity%22+OR+%22epitope%22+OR+%22immunogenic%22+OR+%22vaccine+candidate%22%29+AND+TITLE_ABS%3A%28%22T-cell%22+OR+%22epitope%22+OR+%22content%22%29+sort_date%3Ay&format=json&resultType=core&pageSize=10,ok,1293,10,True,
Pf_host_escrt_recruitment,"TITLE_ABS:""Plasmodium falciparum"" AND TITLE_ABS:(""invasion"" OR ""egress"" OR ""motility"" OR ""plaque"" OR ""growth rate"" OR ""high-content"") AND TITLE_ABS:(""host"" OR ""ESCRT"" OR ""recruitment"")",CITED desc,https://www.ebi.ac.uk/europepmc/webservices/rest/search?query=TITLE_ABS%3A%22Plasmodium+falciparum%22+AND+TITLE_ABS%3A%28%22invasion%22+OR+%22egress%22+OR+%22motility%22+OR+%22plaque%22+OR+%22growth+rate%22+OR+%22high-content%22%29+AND+TITLE_ABS%3A%28%22host%22+OR+%22ESCRT%22+OR+%22recruitment%22%29+sort_cited%3Ay&format=json&resultType=core&pageSize=10,ok,1060,10,True,
Pf_host_escrt_recruitment,"TITLE_ABS:""Plasmodium falciparum"" AND TITLE_ABS:(""invasion"" OR ""egress"" OR ""motility"" OR ""plaque"" OR ""growth rate"" OR ""high-content"") AND TITLE_ABS:(""host"" OR ""ESCRT"" OR ""recruitment"")",FIRST_PDATE desc,https://www.ebi.ac.uk/europepmc/webservices/rest/search?query=TITLE_ABS%3A%22Plasmodium+falciparum%22+AND+TITLE_ABS%3A%28%22invasion%22+OR+%22egress%22+OR+%22motility%22+OR+%22plaque%22+OR+%22growth+rate%22+OR+%22high-content%22%29+AND+TITLE_ABS%3A%28%22host%22+OR+%22ESCRT%22+OR+%22recruitment%22%29+sort_date%3Ay&format=json&resultType=core&pageSize=10,ok,1060,10,True,
Pf_invasion_and_egress_phenotype,"TITLE_ABS:""Plasmodium falciparum"" AND TITLE_ABS:(""invasion"" OR ""egress"" OR ""motility"" OR ""plaque"" OR ""growth rate"" OR ""high-content"") AND TITLE_ABS:(""invasion"" OR ""egress"" OR ""phenotype"")",CITED desc,https://www.ebi.ac.uk/europepmc/webservices/rest/search?query=TITLE_ABS%3A%22Plasmodium+falciparum%22+AND+TITLE_ABS%3A%28%22invasion%22+OR+%22egress%22+OR+%22motility%22+OR+%22plaque%22+OR+%22growth+rate%22+OR+%22high-content%22%29+AND+TITLE_ABS%3A%28%22invasion%22+OR+%22egress%22+OR+%22phenotype%22%29+sort_cited%3Ay&format=json&resultType=core&pageSize=10,ok,2607,10,True,
Pf_invasion_and_egress_phenotype,"TITLE_ABS:""Plasmodium falciparum"" AND TITLE_ABS:(""invasion"" OR ""egress"" OR ""motility"" OR ""plaque"" OR ""growth rate"" OR ""high-content"") AND TITLE_ABS:(""invasion"" OR ""egress"" OR ""phenotype"")",FIRST_PDATE desc,https://www.ebi.ac.uk/europepmc/webservices/rest/search?query=TITLE_ABS%3A%22Plasmodium+falciparum%22+AND+TITLE_ABS%3A%28%22invasion%22+OR+%22egress%22+OR+%22motility%22+OR+%22plaque%22+OR+%22growth+rate%22+OR+%22high-content%22%29+AND+TITLE_ABS%3A%28%22invasion%22+OR+%22egress%22+OR+%22phenotype%22%29+sort_date%3Ay&format=json&resultType=core&pageSize=10,ok,2607,10,True,
Pf_essentiality_in_a_second_background,"TITLE_ABS:""Plasmodium falciparum"" AND TITLE_ABS:(""CRISPR screen"" OR ""knockout screen"" OR ""essentiality"" OR ""fitness score"" OR ""piggyBac"" OR ""PlasmoGEM"" OR ""barcoded"") AND TITLE_ABS:(""essentiality"" OR ""second"" OR ""background"")",CITED desc,https://www.ebi.ac.uk/europepmc/webservices/rest/search?query=TITLE_ABS%3A%22Plasmodium+falciparum%22+AND+TITLE_ABS%3A%28%22CRISPR+screen%22+OR+%22knockout+screen%22+OR+%22essentiality%22+OR+%22fitness+score%22+OR+%22piggyBac%22+OR+%22PlasmoGEM%22+OR+%22barcoded%22%29+AND+TITLE_ABS%3A%28%22essentiality%22+OR+%22second%22+OR+%22background%22%29+sort_cited%3Ay&format=json&resultType=core&pageSize=10,ok,129,10,True,
Pf_essentiality_in_a_second_background,"TITLE_ABS:""Plasmodium falciparum"" AND TITLE_ABS:(""CRISPR screen"" OR ""knockout screen"" OR ""essentiality"" OR ""fitness score"" OR ""piggyBac"" OR ""PlasmoGEM"" OR ""barcoded"") AND TITLE_ABS:(""essentiality"" OR ""second"" OR ""background"")",FIRST_PDATE desc,https://www.ebi.ac.uk/europepmc/webservices/rest/search?query=TITLE_ABS%3A%22Plasmodium+falciparum%22+AND+TITLE_ABS%3A%28%22CRISPR+screen%22+OR+%22knockout+screen%22+OR+%22essentiality%22+OR+%22fitness+score%22+OR+%22piggyBac%22+OR+%22PlasmoGEM%22+OR+%22barcoded%22%29+AND+TITLE_ABS%3A%28%22essentiality%22+OR+%22second%22+OR+%22background%22%29+sort_date%3Ay&format=json&resultType=core&pageSize=10,ok,129,10,True,
Pf_protein_stage_share,"TITLE_ABS:""Plasmodium falciparum"" AND TITLE_ABS:(""proteome"" OR ""proteomic"" OR ""mass spectrometry"" OR ""quantitative proteomics"") AND TITLE_ABS:(""stage"" OR ""share"")",CITED desc,https://www.ebi.ac.uk/europepmc/webservices/rest/search?query=TITLE_ABS%3A%22Plasmodium+falciparum%22+AND+TITLE_ABS%3A%28%22proteome%22+OR+%22proteomic%22+OR+%22mass+spectrometry%22+OR+%22quantitative+proteomics%22%29+AND+TITLE_ABS%3A%28%22stage%22+OR+%22share%22%29+sort_cited%3Ay&format=json&resultType=core&pageSize=10,ok,246,10,True,
Pf_protein_stage_share,"TITLE_ABS:""Plasmodium falciparum"" AND TITLE_ABS:(""proteome"" OR ""proteomic"" OR ""mass spectrometry"" OR ""quantitative proteomics"") AND TITLE_ABS:(""stage"" OR ""share"")",FIRST_PDATE desc,https://www.ebi.ac.uk/europepmc/webservices/rest/search?query=TITLE_ABS%3A%22Plasmodium+falciparum%22+AND+TITLE_ABS%3A%28%22proteome%22+OR+%22proteomic%22+OR+%22mass+spectrometry%22+OR+%22quantitative+proteomics%22%29+AND+TITLE_ABS%3A%28%22stage%22+OR+%22share%22%29+sort_date%3Ay&format=json&resultType=core&pageSize=10,ok,246,10,True,
Pf_rna_modification_asexual_blood_stage,"TITLE_ABS:""Plasmodium falciparum"" AND TITLE_ABS:(""ChIP-seq"" OR ""ATAC-seq"" OR ""chromatin"" OR ""histone"" OR ""Hi-C"" OR ""m6A"" OR ""splicing"") AND TITLE_ABS:(""modification"")",CITED desc,https://www.ebi.ac.uk/europepmc/webservices/rest/search?query=TITLE_ABS%3A%22Plasmodium+falciparum%22+AND+TITLE_ABS%3A%28%22ChIP-seq%22+OR+%22ATAC-seq%22+OR+%22chromatin%22+OR+%22histone%22+OR+%22Hi-C%22+OR+%22m6A%22+OR+%22splicing%22%29+AND+TITLE_ABS%3A%28%22modification%22%29+sort_cited%3Ay&format=json&resultType=core&pageSize=10,ok,62,10,True,
Pf_rna_modification_asexual_blood_stage,"TITLE_ABS:""Plasmodium falciparum"" AND TITLE_ABS:(""ChIP-seq"" OR ""ATAC-seq"" OR ""chromatin"" OR ""histone"" OR ""Hi-C"" OR ""m6A"" OR ""splicing"") AND TITLE_ABS:(""modification"")",FIRST_PDATE desc,https://www.ebi.ac.uk/europepmc/webservices/rest/search?query=TITLE_ABS%3A%22Plasmodium+falciparum%22+AND+TITLE_ABS%3A%28%22ChIP-seq%22+OR+%22ATAC-seq%22+OR+%22chromatin%22+OR+%22histone%22+OR+%22Hi-C%22+OR+%22m6A%22+OR+%22splicing%22%29+AND+TITLE_ABS%3A%28%22modification%22%29+sort_date%3Ay&format=json&resultType=core&pageSize=10,ok,62,10,True,
Pf_chromatin_state_asexual_blood_stage,"TITLE_ABS:""Plasmodium falciparum"" AND TITLE_ABS:(""ChIP-seq"" OR ""ATAC-seq"" OR ""chromatin"" OR ""histone"" OR ""Hi-C"" OR ""m6A"" OR ""splicing"") AND TITLE_ABS:(""chromatin"" OR ""state"")",CITED desc,https://www.ebi.ac.uk/europepmc/webservices/rest/search?query=TITLE_ABS%3A%22Plasmodium+falciparum%22+AND+TITLE_ABS%3A%28%22ChIP-seq%22+OR+%22ATAC-seq%22+OR+%22chromatin%22+OR+%22histone%22+OR+%22Hi-C%22+OR+%22m6A%22+OR+%22splicing%22%29+AND+TITLE_ABS%3A%28%22chromatin%22+OR+%22state%22%29+sort_cited%3Ay&format=json&resultType=core&pageSize=10,ok,340,10,True,
Pf_chromatin_state_asexual_blood_stage,"TITLE_ABS:""Plasmodium falciparum"" AND TITLE_ABS:(""ChIP-seq"" OR ""ATAC-seq"" OR ""chromatin"" OR ""histone"" OR ""Hi-C"" OR ""m6A"" OR ""splicing"") AND TITLE_ABS:(""chromatin"" OR ""state"")",FIRST_PDATE desc,https://www.ebi.ac.uk/europepmc/webservices/rest/search?query=TITLE_ABS%3A%22Plasmodium+falciparum%22+AND+TITLE_ABS%3A%28%22ChIP-seq%22+OR+%22ATAC-seq%22+OR+%22chromatin%22+OR+%22histone%22+OR+%22Hi-C%22+OR+%22m6A%22+OR+%22splicing%22%29+AND+TITLE_ABS%3A%28%22chromatin%22+OR+%22state%22%29+sort_date%3Ay&format=json&resultType=core&pageSize=10,ok,340,10,True,
Pf_protein_abundance_gametocyte,"TITLE_ABS:""Plasmodium falciparum"" AND TITLE_ABS:(""proteome"" OR ""proteomic"" OR ""mass spectrometry"" OR ""quantitative proteomics"")",CITED desc,https://www.ebi.ac.uk/europepmc/webservices/rest/search?query=TITLE_ABS%3A%22Plasmodium+falciparum%22+AND+TITLE_ABS%3A%28%22proteome%22+OR+%22proteomic%22+OR+%22mass+spectrometry%22+OR+%22quantitative+proteomics%22%29+sort_cited%3Ay&format=json&resultType=core&pageSize=10,ok,1027,10,True,
Pf_protein_abundance_gametocyte,"TITLE_ABS:""Plasmodium falciparum"" AND TITLE_ABS:(""proteome"" OR ""proteomic"" OR ""mass spectrometry"" OR ""quantitative proteomics"")",FIRST_PDATE desc,https://www.ebi.ac.uk/europepmc/webservices/rest/search?query=TITLE_ABS%3A%22Plasmodium+falciparum%22+AND+TITLE_ABS%3A%28%22proteome%22+OR+%22proteomic%22+OR+%22mass+spectrometry%22+OR+%22quantitative+proteomics%22%29+sort_date%3Ay&format=json&resultType=core&pageSize=10,ok,1027,10,True,
Pf_translation_gametocyte,"TITLE_ABS:""Plasmodium falciparum"" AND TITLE_ABS:(""ribosome profiling"" OR ""Ribo-seq"" OR ""translatome"" OR ""polysome"")",CITED desc,https://www.ebi.ac.uk/europepmc/webservices/rest/search?query=TITLE_ABS%3A%22Plasmodium+falciparum%22+AND+TITLE_ABS%3A%28%22ribosome+profiling%22+OR+%22Ribo-seq%22+OR+%22translatome%22+OR+%22polysome%22%29+sort_cited%3Ay&format=json&resultType=core&pageSize=10,ok,15,10,True,
Pf_translation_gametocyte,"TITLE_ABS:""Plasmodium falciparum"" AND TITLE_ABS:(""ribosome profiling"" OR ""Ribo-seq"" OR ""translatome"" OR ""polysome"")",FIRST_PDATE desc,https://www.ebi.ac.uk/europepmc/webservices/rest/search?query=TITLE_ABS%3A%22Plasmodium+falciparum%22+AND+TITLE_ABS%3A%28%22ribosome+profiling%22+OR+%22Ribo-seq%22+OR+%22translatome%22+OR+%22polysome%22%29+sort_date%3Ay&format=json&resultType=core&pageSize=10,ok,15,10,True,
Pf_phosphorylation_febrile_heat_stress,"TITLE_ABS:""Plasmodium falciparum"" AND TITLE_ABS:(""phosphoproteome"" OR ""acetylome"" OR ""ubiquitinome"" OR ""glycoproteome"" OR ""palmitoylome"" OR ""post-translational"") AND TITLE_ABS:(""phosphorylation"")",CITED desc,https://www.ebi.ac.uk/europepmc/webservices/rest/search?query=TITLE_ABS%3A%22Plasmodium+falciparum%22+AND+TITLE_ABS%3A%28%22phosphoproteome%22+OR+%22acetylome%22+OR+%22ubiquitinome%22+OR+%22glycoproteome%22+OR+%22palmitoylome%22+OR+%22post-translational%22%29+AND+TITLE_ABS%3A%28%22phosphorylation%22%29+sort_cited%3Ay&format=json&resultType=core&pageSize=10,ok,36,10,True,
Pf_phosphorylation_febrile_heat_stress,"TITLE_ABS:""Plasmodium falciparum"" AND TITLE_ABS:(""phosphoproteome"" OR ""acetylome"" OR ""ubiquitinome"" OR ""glycoproteome"" OR ""palmitoylome"" OR ""post-translational"") AND TITLE_ABS:(""phosphorylation"")",FIRST_PDATE desc,https://www.ebi.ac.uk/europepmc/webservices/rest/search?query=TITLE_ABS%3A%22Plasmodium+falciparum%22+AND+TITLE_ABS%3A%28%22phosphoproteome%22+OR+%22acetylome%22+OR+%22ubiquitinome%22+OR+%22glycoproteome%22+OR+%22palmitoylome%22+OR+%22post-translational%22%29+AND+TITLE_ABS%3A%28%22phosphorylation%22%29+sort_date%3Ay&format=json&resultType=core&pageSize=10,ok,36,10,True,
Pf_thermal_stability_melting_temperature_asexual_blood_stage,"TITLE_ABS:""Plasmodium falciparum"" AND TITLE_ABS:(""proteome"" OR ""proteomic"" OR ""mass spectrometry"" OR ""quantitative proteomics"") AND TITLE_ABS:(""thermal"" OR ""stability"" OR ""melting"" OR ""temperature"")",CITED desc,https://www.ebi.ac.uk/europepmc/webservices/rest/search?query=TITLE_ABS%3A%22Plasmodium+falciparum%22+AND+TITLE_ABS%3A%28%22proteome%22+OR+%22proteomic%22+OR+%22mass+spectrometry%22+OR+%22quantitative+proteomics%22%29+AND+TITLE_ABS%3A%28%22thermal%22+OR+%22stability%22+OR+%22melting%22+OR+%22temperature%22%29+sort_cited%3Ay&format=json&resultType=core&pageSize=10,ok,87,10,True,
Pf_thermal_stability_melting_temperature_asexual_blood_stage,"TITLE_ABS:""Plasmodium falciparum"" AND TITLE_ABS:(""proteome"" OR ""proteomic"" OR ""mass spectrometry"" OR ""quantitative proteomics"") AND TITLE_ABS:(""thermal"" OR ""stability"" OR ""melting"" OR ""temperature"")",FIRST_PDATE desc,https://www.ebi.ac.uk/europepmc/webservices/rest/search?query=TITLE_ABS%3A%22Plasmodium+falciparum%22+AND+TITLE_ABS%3A%28%22proteome%22+OR+%22proteomic%22+OR+%22mass+spectrometry%22+OR+%22quantitative+proteomics%22%29+AND+TITLE_ABS%3A%28%22thermal%22+OR+%22stability%22+OR+%22melting%22+OR+%22temperature%22%29+sort_date%3Ay&format=json&resultType=core&pageSize=10,ok,87,10,True,
Pf_transcription_liver_stage,"TITLE_ABS:""Plasmodium falciparum"" AND TITLE_ABS:(""RNA-seq"" OR ""transcriptome"" OR ""transcriptomic"" OR ""microarray"" OR ""scRNA-seq"")",CITED desc,https://www.ebi.ac.uk/europepmc/webservices/rest/search?query=TITLE_ABS%3A%22Plasmodium+falciparum%22+AND+TITLE_ABS%3A%28%22RNA-seq%22+OR+%22transcriptome%22+OR+%22transcriptomic%22+OR+%22microarray%22+OR+%22scRNA-seq%22%29+sort_cited%3Ay&format=json&resultType=core&pageSize=10,ok,667,10,True,
Pf_transcription_liver_stage,"TITLE_ABS:""Plasmodium falciparum"" AND TITLE_ABS:(""RNA-seq"" OR ""transcriptome"" OR ""transcriptomic"" OR ""microarray"" OR ""scRNA-seq"")",FIRST_PDATE desc,https://www.ebi.ac.uk/europepmc/webservices/rest/search?query=TITLE_ABS%3A%22Plasmodium+falciparum%22+AND+TITLE_ABS%3A%28%22RNA-seq%22+OR+%22transcriptome%22+OR+%22transcriptomic%22+OR+%22microarray%22+OR+%22scRNA-seq%22%29+sort_date%3Ay&format=json&resultType=core&pageSize=10,ok,667,10,True,
Pf_transcription_mosquito_stages,"TITLE_ABS:""Plasmodium falciparum"" AND TITLE_ABS:(""RNA-seq"" OR ""transcriptome"" OR ""transcriptomic"" OR ""microarray"" OR ""scRNA-seq"")",CITED desc,https://www.ebi.ac.uk/europepmc/webservices/rest/search?query=TITLE_ABS%3A%22Plasmodium+falciparum%22+AND+TITLE_ABS%3A%28%22RNA-seq%22+OR+%22transcriptome%22+OR+%22transcriptomic%22+OR+%22microarray%22+OR+%22scRNA-seq%22%29+sort_cited%3Ay&format=json&resultType=core&pageSize=10,ok,667,10,True,
Pf_transcription_mosquito_stages,"TITLE_ABS:""Plasmodium falciparum"" AND TITLE_ABS:(""RNA-seq"" OR ""transcriptome"" OR ""transcriptomic"" OR ""microarray"" OR ""scRNA-seq"")",FIRST_PDATE desc,https://www.ebi.ac.uk/europepmc/webservices/rest/search?query=TITLE_ABS%3A%22Plasmodium+falciparum%22+AND+TITLE_ABS%3A%28%22RNA-seq%22+OR+%22transcriptome%22+OR+%22transcriptomic%22+OR+%22microarray%22+OR+%22scRNA-seq%22%29+sort_date%3Ay&format=json&resultType=core&pageSize=10,ok,667,10,True,
Pf_transcription_gametocyte,"TITLE_ABS:""Plasmodium falciparum"" AND TITLE_ABS:(""RNA-seq"" OR ""transcriptome"" OR ""transcriptomic"" OR ""microarray"" OR ""scRNA-seq"")",CITED desc,https://www.ebi.ac.uk/europepmc/webservices/rest/search?query=TITLE_ABS%3A%22Plasmodium+falciparum%22+AND+TITLE_ABS%3A%28%22RNA-seq%22+OR+%22transcriptome%22+OR+%22transcriptomic%22+OR+%22microarray%22+OR+%22scRNA-seq%22%29+sort_cited%3Ay&format=json&resultType=core&pageSize=10,ok,667,10,True,
Pf_transcription_gametocyte,"TITLE_ABS:""Plasmodium falciparum"" AND TITLE_ABS:(""RNA-seq"" OR ""transcriptome"" OR ""transcriptomic"" OR ""microarray"" OR ""scRNA-seq"")",FIRST_PDATE desc,https://www.ebi.ac.uk/europepmc/webservices/rest/search?query=TITLE_ABS%3A%22Plasmodium+falciparum%22+AND+TITLE_ABS%3A%28%22RNA-seq%22+OR+%22transcriptome%22+OR+%22transcriptomic%22+OR+%22microarray%22+OR+%22scRNA-seq%22%29+sort_date%3Ay&format=json&resultType=core&pageSize=10,ok,667,10,True,
Pf_transcription_dormancy_recrudescence,"TITLE_ABS:""Plasmodium falciparum"" AND TITLE_ABS:(""RNA-seq"" OR ""transcriptome"" OR ""transcriptomic"" OR ""microarray"" OR ""scRNA-seq"")",CITED desc,https://www.ebi.ac.uk/europepmc/webservices/rest/search?query=TITLE_ABS%3A%22Plasmodium+falciparum%22+AND+TITLE_ABS%3A%28%22RNA-seq%22+OR+%22transcriptome%22+OR+%22transcriptomic%22+OR+%22microarray%22+OR+%22scRNA-seq%22%29+sort_cited%3Ay&format=json&resultType=core&pageSize=10,ok,667,10,True,
Pf_transcription_dormancy_recrudescence,"TITLE_ABS:""Plasmodium falciparum"" AND TITLE_ABS:(""RNA-seq"" OR ""transcriptome"" OR ""transcriptomic"" OR ""microarray"" OR ""scRNA-seq"")",FIRST_PDATE desc,https://www.ebi.ac.uk/europepmc/webservices/rest/search?query=TITLE_ABS%3A%22Plasmodium+falciparum%22+AND+TITLE_ABS%3A%28%22RNA-seq%22+OR+%22transcriptome%22+OR+%22transcriptomic%22+OR+%22microarray%22+OR+%22scRNA-seq%22%29+sort_date%3Ay&format=json&resultType=core&pageSize=10,ok,667,10,True,
Pf_fitness_liver_stage,"TITLE_ABS:""Plasmodium falciparum"" AND TITLE_ABS:(""CRISPR screen"" OR ""knockout screen"" OR ""essentiality"" OR ""fitness score"" OR ""piggyBac"" OR ""PlasmoGEM"" OR ""barcoded"")",CITED desc,https://www.ebi.ac.uk/europepmc/webservices/rest/search?query=TITLE_ABS%3A%22Plasmodium+falciparum%22+AND+TITLE_ABS%3A%28%22CRISPR+screen%22+OR+%22knockout+screen%22+OR+%22essentiality%22+OR+%22fitness+score%22+OR+%22piggyBac%22+OR+%22PlasmoGEM%22+OR+%22barcoded%22%29+sort_cited%3Ay&format=json&resultType=core&pageSize=10,ok,166,10,True,
Pf_fitness_liver_stage,"TITLE_ABS:""Plasmodium falciparum"" AND TITLE_ABS:(""CRISPR screen"" OR ""knockout screen"" OR ""essentiality"" OR ""fitness score"" OR ""piggyBac"" OR ""PlasmoGEM"" OR ""barcoded"")",FIRST_PDATE desc,https://www.ebi.ac.uk/europepmc/webservices/rest/search?query=TITLE_ABS%3A%22Plasmodium+falciparum%22+AND+TITLE_ABS%3A%28%22CRISPR+screen%22+OR+%22knockout+screen%22+OR+%22essentiality%22+OR+%22fitness+score%22+OR+%22piggyBac%22+OR+%22PlasmoGEM%22+OR+%22barcoded%22%29+sort_date%3Ay&format=json&resultType=core&pageSize=10,ok,166,10,True,
Pf_fitness_transmission,"TITLE_ABS:""Plasmodium falciparum"" AND TITLE_ABS:(""CRISPR screen"" OR ""knockout screen"" OR ""essentiality"" OR ""fitness score"" OR ""piggyBac"" OR ""PlasmoGEM"" OR ""barcoded"")",CITED desc,https://www.ebi.ac.uk/europepmc/webservices/rest/search?query=TITLE_ABS%3A%22Plasmodium+falciparum%22+AND+TITLE_ABS%3A%28%22CRISPR+screen%22+OR+%22knockout+screen%22+OR+%22essentiality%22+OR+%22fitness+score%22+OR+%22piggyBac%22+OR+%22PlasmoGEM%22+OR+%22barcoded%22%29+sort_cited%3Ay&format=json&resultType=core&pageSize=10,ok,166,10,True,
Pf_fitness_transmission,"TITLE_ABS:""Plasmodium falciparum"" AND TITLE_ABS:(""CRISPR screen"" OR ""knockout screen"" OR ""essentiality"" OR ""fitness score"" OR ""piggyBac"" OR ""PlasmoGEM"" OR ""barcoded"")",FIRST_PDATE desc,https://www.ebi.ac.uk/europepmc/webservices/rest/search?query=TITLE_ABS%3A%22Plasmodium+falciparum%22+AND+TITLE_ABS%3A%28%22CRISPR+screen%22+OR+%22knockout+screen%22+OR+%22essentiality%22+OR+%22fitness+score%22+OR+%22piggyBac%22+OR+%22PlasmoGEM%22+OR+%22barcoded%22%29+sort_date%3Ay&format=json&resultType=core&pageSize=10,ok,166,10,True,
Pf_fitness_in_vivo,"TITLE_ABS:""Plasmodium falciparum"" AND TITLE_ABS:(""CRISPR screen"" OR ""knockout screen"" OR ""essentiality"" OR ""fitness score"" OR ""piggyBac"" OR ""PlasmoGEM"" OR ""barcoded"")",CITED desc,https://www.ebi.ac.uk/europepmc/webservices/rest/search?query=TITLE_ABS%3A%22Plasmodium+falciparum%22+AND+TITLE_ABS%3A%28%22CRISPR+screen%22+OR+%22knockout+screen%22+OR+%22essentiality%22+OR+%22fitness+score%22+OR+%22piggyBac%22+OR+%22PlasmoGEM%22+OR+%22barcoded%22%29+sort_cited%3Ay&format=json&resultType=core&pageSize=10,ok,166,10,True,
Pf_fitness_in_vivo,"TITLE_ABS:""Plasmodium falciparum"" AND TITLE_ABS:(""CRISPR screen"" OR ""knockout screen"" OR ""essentiality"" OR ""fitness score"" OR ""piggyBac"" OR ""PlasmoGEM"" OR ""barcoded"")",FIRST_PDATE desc,https://www.ebi.ac.uk/europepmc/webservices/rest/search?query=TITLE_ABS%3A%22Plasmodium+falciparum%22+AND+TITLE_ABS%3A%28%22CRISPR+screen%22+OR+%22knockout+screen%22+OR+%22essentiality%22+OR+%22fitness+score%22+OR+%22piggyBac%22+OR+%22PlasmoGEM%22+OR+%22barcoded%22%29+sort_date%3Ay&format=json&resultType=core&pageSize=10,ok,166,10,True,
Pf_fitness_transferred_from_pb,"TITLE_ABS:""Plasmodium falciparum"" AND TITLE_ABS:(""CRISPR screen"" OR ""knockout screen"" OR ""essentiality"" OR ""fitness score"" OR ""piggyBac"" OR ""PlasmoGEM"" OR ""barcoded"")",CITED desc,https://www.ebi.ac.uk/europepmc/webservices/rest/search?query=TITLE_ABS%3A%22Plasmodium+falciparum%22+AND+TITLE_ABS%3A%28%22CRISPR+screen%22+OR+%22knockout+screen%22+OR+%22essentiality%22+OR+%22fitness+score%22+OR+%22piggyBac%22+OR+%22PlasmoGEM%22+OR+%22barcoded%22%29+sort_cited%3Ay&format=json&resultType=core&pageSize=10,ok,166,10,True,
Pf_fitness_transferred_from_pb,"TITLE_ABS:""Plasmodium falciparum"" AND TITLE_ABS:(""CRISPR screen"" OR ""knockout screen"" OR ""essentiality"" OR ""fitness score"" OR ""piggyBac"" OR ""PlasmoGEM"" OR ""barcoded"")",FIRST_PDATE desc,https://www.ebi.ac.uk/europepmc/webservices/rest/search?query=TITLE_ABS%3A%22Plasmodium+falciparum%22+AND+TITLE_ABS%3A%28%22CRISPR+screen%22+OR+%22knockout+screen%22+OR+%22essentiality%22+OR+%22fitness+score%22+OR+%22piggyBac%22+OR+%22PlasmoGEM%22+OR+%22barcoded%22%29+sort_date%3Ay&format=json&resultType=core&pageSize=10,ok,166,10,True,
Pf_fitness_liver_stage_transferred_from_pb,"TITLE_ABS:""Plasmodium falciparum"" AND TITLE_ABS:(""CRISPR screen"" OR ""knockout screen"" OR ""essentiality"" OR ""fitness score"" OR ""piggyBac"" OR ""PlasmoGEM"" OR ""barcoded"")",CITED desc,https://www.ebi.ac.uk/europepmc/webservices/rest/search?query=TITLE_ABS%3A%22Plasmodium+falciparum%22+AND+TITLE_ABS%3A%28%22CRISPR+screen%22+OR+%22knockout+screen%22+OR+%22essentiality%22+OR+%22fitness+score%22+OR+%22piggyBac%22+OR+%22PlasmoGEM%22+OR+%22barcoded%22%29+sort_cited%3Ay&format=json&resultType=core&pageSize=10,ok,166,10,True,
Pf_fitness_liver_stage_transferred_from_pb,"TITLE_ABS:""Plasmodium falciparum"" AND TITLE_ABS:(""CRISPR screen"" OR ""knockout screen"" OR ""essentiality"" OR ""fitness score"" OR ""piggyBac"" OR ""PlasmoGEM"" OR ""barcoded"")",FIRST_PDATE desc,https://www.ebi.ac.uk/europepmc/webservices/rest/search?query=TITLE_ABS%3A%22Plasmodium+falciparum%22+AND+TITLE_ABS%3A%28%22CRISPR+screen%22+OR+%22knockout+screen%22+OR+%22essentiality%22+OR+%22fitness+score%22+OR+%22piggyBac%22+OR+%22PlasmoGEM%22+OR+%22barcoded%22%29+sort_date%3Ay&format=json&resultType=core&pageSize=10,ok,166,10,True,
Pf_fitness_transmission_transferred_from_pb,"TITLE_ABS:""Plasmodium falciparum"" AND TITLE_ABS:(""CRISPR screen"" OR ""knockout screen"" OR ""essentiality"" OR ""fitness score"" OR ""piggyBac"" OR ""PlasmoGEM"" OR ""barcoded"")",CITED desc,https://www.ebi.ac.uk/europepmc/webservices/rest/search?query=TITLE_ABS%3A%22Plasmodium+falciparum%22+AND+TITLE_ABS%3A%28%22CRISPR+screen%22+OR+%22knockout+screen%22+OR+%22essentiality%22+OR+%22fitness+score%22+OR+%22piggyBac%22+OR+%22PlasmoGEM%22+OR+%22barcoded%22%29+sort_cited%3Ay&format=json&resultType=core&pageSize=10,ok,166,10,True,
Pf_fitness_transmission_transferred_from_pb,"TITLE_ABS:""Plasmodium falciparum"" AND TITLE_ABS:(""CRISPR screen"" OR ""knockout screen"" OR ""essentiality"" OR ""fitness score"" OR ""piggyBac"" OR ""PlasmoGEM"" OR ""barcoded"")",FIRST_PDATE desc,https://www.ebi.ac.uk/europepmc/webservices/rest/search?query=TITLE_ABS%3A%22Plasmodium+falciparum%22+AND+TITLE_ABS%3A%28%22CRISPR+screen%22+OR+%22knockout+screen%22+OR+%22essentiality%22+OR+%22fitness+score%22+OR+%22piggyBac%22+OR+%22PlasmoGEM%22+OR+%22barcoded%22%29+sort_date%3Ay&format=json&resultType=core&pageSize=10,ok,166,10,True,
Pf_antigenic_variation_family_expression,"TITLE_ABS:""Plasmodium falciparum"" AND TITLE_ABS:(""ChIP-seq"" OR ""ATAC-seq"" OR ""chromatin"" OR ""histone"" OR ""Hi-C"" OR ""m6A"" OR ""splicing"") AND TITLE_ABS:(""antigenic"" OR ""variation"" OR ""family"" OR ""expression"")",CITED desc,https://www.ebi.ac.uk/europepmc/webservices/rest/search?query=TITLE_ABS%3A%22Plasmodium+falciparum%22+AND+TITLE_ABS%3A%28%22ChIP-seq%22+OR+%22ATAC-seq%22+OR+%22chromatin%22+OR+%22histone%22+OR+%22Hi-C%22+OR+%22m6A%22+OR+%22splicing%22%29+AND+TITLE_ABS%3A%28%22antigenic%22+OR+%22variation%22+OR+%22family%22+OR+%22expression%22%29+sort_cited%3Ay&format=json&resultType=core&pageSize=10,ok,359,10,True,
Pf_antigenic_variation_family_expression,"TITLE_ABS:""Plasmodium falciparum"" AND TITLE_ABS:(""ChIP-seq"" OR ""ATAC-seq"" OR ""chromatin"" OR ""histone"" OR ""Hi-C"" OR ""m6A"" OR ""splicing"") AND TITLE_ABS:(""antigenic"" OR ""variation"" OR ""family"" OR ""expression"")",FIRST_PDATE desc,https://www.ebi.ac.uk/europepmc/webservices/rest/search?query=TITLE_ABS%3A%22Plasmodium+falciparum%22+AND+TITLE_ABS%3A%28%22ChIP-seq%22+OR+%22ATAC-seq%22+OR+%22chromatin%22+OR+%22histone%22+OR+%22Hi-C%22+OR+%22m6A%22+OR+%22splicing%22%29+AND+TITLE_ABS%3A%28%22antigenic%22+OR+%22variation%22+OR+%22family%22+OR+%22expression%22%29+sort_date%3Ay&format=json&resultType=core&pageSize=10,ok,359,10,True,
Pf_export_pexel_trafficking,"TITLE_ABS:""Plasmodium falciparum"" AND TITLE_ABS:(""hyperLOPIT"" OR ""spatial proteome"" OR ""subcellular localization"" OR ""GFP tagging"" OR ""exportome"" OR ""secretome"") AND TITLE_ABS:(""export"" OR ""PEXEL"" OR ""trafficking"")",CITED desc,https://www.ebi.ac.uk/europepmc/webservices/rest/search?query=TITLE_ABS%3A%22Plasmodium+falciparum%22+AND+TITLE_ABS%3A%28%22hyperLOPIT%22+OR+%22spatial+proteome%22+OR+%22subcellular+localization%22+OR+%22GFP+tagging%22+OR+%22exportome%22+OR+%22secretome%22%29+AND+TITLE_ABS%3A%28%22export%22+OR+%22PEXEL%22+OR+%22trafficking%22%29+sort_cited%3Ay&format=json&resultType=core&pageSize=10,ok,31,10,True,
Pf_export_pexel_trafficking,"TITLE_ABS:""Plasmodium falciparum"" AND TITLE_ABS:(""hyperLOPIT"" OR ""spatial proteome"" OR ""subcellular localization"" OR ""GFP tagging"" OR ""exportome"" OR ""secretome"") AND TITLE_ABS:(""export"" OR ""PEXEL"" OR ""trafficking"")",FIRST_PDATE desc,https://www.ebi.ac.uk/europepmc/webservices/rest/search?query=TITLE_ABS%3A%22Plasmodium+falciparum%22+AND+TITLE_ABS%3A%28%22hyperLOPIT%22+OR+%22spatial+proteome%22+OR+%22subcellular+localization%22+OR+%22GFP+tagging%22+OR+%22exportome%22+OR+%22secretome%22%29+AND+TITLE_ABS%3A%28%22export%22+OR+%22PEXEL%22+OR+%22trafficking%22%29+sort_date%3Ay&format=json&resultType=core&pageSize=10,ok,31,10,True,
Pf_host_receptor_binding,"TITLE_ABS:""Plasmodium falciparum"" AND TITLE_ABS:(""host response"" OR ""host transcriptome"" OR ""effector"" OR ""host-pathogen"") AND TITLE_ABS:(""host"" OR ""receptor"" OR ""binding"")",CITED desc,https://www.ebi.ac.uk/europepmc/webservices/rest/search?query=TITLE_ABS%3A%22Plasmodium+falciparum%22+AND+TITLE_ABS%3A%28%22host+response%22+OR+%22host+transcriptome%22+OR+%22effector%22+OR+%22host-pathogen%22%29+AND+TITLE_ABS%3A%28%22host%22+OR+%22receptor%22+OR+%22binding%22%29+sort_cited%3Ay&format=json&resultType=core&pageSize=10,ok,321,10,True,
Pf_host_receptor_binding,"TITLE_ABS:""Plasmodium falciparum"" AND TITLE_ABS:(""host response"" OR ""host transcriptome"" OR ""effector"" OR ""host-pathogen"") AND TITLE_ABS:(""host"" OR ""receptor"" OR ""binding"")",FIRST_PDATE desc,https://www.ebi.ac.uk/europepmc/webservices/rest/search?query=TITLE_ABS%3A%22Plasmodium+falciparum%22+AND+TITLE_ABS%3A%28%22host+response%22+OR+%22host+transcriptome%22+OR+%22effector%22+OR+%22host-pathogen%22%29+AND+TITLE_ABS%3A%28%22host%22+OR+%22receptor%22+OR+%22binding%22%29+sort_date%3Ay&format=json&resultType=core&pageSize=10,ok,321,10,True,
Pf_field_variation_and_resistance_markers,"TITLE_ABS:""Plasmodium falciparum"" AND TITLE_ABS:(""genome"" OR ""domain"" OR ""ortholog"" OR ""paralog"" OR ""AlphaFold"" OR ""structure prediction"") AND TITLE_ABS:(""field"" OR ""variation"" OR ""resistance"" OR ""markers"")",CITED desc,https://www.ebi.ac.uk/europepmc/webservices/rest/search?query=TITLE_ABS%3A%22Plasmodium+falciparum%22+AND+TITLE_ABS%3A%28%22genome%22+OR+%22domain%22+OR+%22ortholog%22+OR+%22paralog%22+OR+%22AlphaFold%22+OR+%22structure+prediction%22%29+AND+TITLE_ABS%3A%28%22field%22+OR+%22variation%22+OR+%22resistance%22+OR+%22markers%22%29+sort_cited%3Ay&format=json&resultType=core&pageSize=10,ok,1385,10,True,
Pf_field_variation_and_resistance_markers,"TITLE_ABS:""Plasmodium falciparum"" AND TITLE_ABS:(""genome"" OR ""domain"" OR ""ortholog"" OR ""paralog"" OR ""AlphaFold"" OR ""structure prediction"") AND TITLE_ABS:(""field"" OR ""variation"" OR ""resistance"" OR ""markers"")",FIRST_PDATE desc,https://www.ebi.ac.uk/europepmc/webservices/rest/search?query=TITLE_ABS%3A%22Plasmodium+falciparum%22+AND+TITLE_ABS%3A%28%22genome%22+OR+%22domain%22+OR+%22ortholog%22+OR+%22paralog%22+OR+%22AlphaFold%22+OR+%22structure+prediction%22%29+AND+TITLE_ABS%3A%28%22field%22+OR+%22variation%22+OR+%22resistance%22+OR+%22markers%22%29+sort_date%3Ay&format=json&resultType=core&pageSize=10,ok,1385,10,True,
Pf_localization_schizont,"TITLE_ABS:""Plasmodium falciparum"" AND TITLE_ABS:(""hyperLOPIT"" OR ""spatial proteome"" OR ""subcellular localization"" OR ""GFP tagging"" OR ""exportome"" OR ""secretome"")",CITED desc,https://www.ebi.ac.uk/europepmc/webservices/rest/search?query=TITLE_ABS%3A%22Plasmodium+falciparum%22+AND+TITLE_ABS%3A%28%22hyperLOPIT%22+OR+%22spatial+proteome%22+OR+%22subcellular+localization%22+OR+%22GFP+tagging%22+OR+%22exportome%22+OR+%22secretome%22%29+sort_cited%3Ay&format=json&resultType=core&pageSize=10,ok,146,10,True,
Pf_localization_schizont,"TITLE_ABS:""Plasmodium falciparum"" AND TITLE_ABS:(""hyperLOPIT"" OR ""spatial proteome"" OR ""subcellular localization"" OR ""GFP tagging"" OR ""exportome"" OR ""secretome"")",FIRST_PDATE desc,https://www.ebi.ac.uk/europepmc/webservices/rest/search?query=TITLE_ABS%3A%22Plasmodium+falciparum%22+AND+TITLE_ABS%3A%28%22hyperLOPIT%22+OR+%22spatial+proteome%22+OR+%22subcellular+localization%22+OR+%22GFP+tagging%22+OR+%22exportome%22+OR+%22secretome%22%29+sort_date%3Ay&format=json&resultType=core&pageSize=10,ok,146,10,True,
Pf_chaperone_dependence,"TITLE_ABS:""Plasmodium falciparum"" AND TITLE_ABS:(""proteome"" OR ""proteomic"" OR ""mass spectrometry"" OR ""quantitative proteomics"") AND TITLE_ABS:(""chaperone"" OR ""dependence"")",CITED desc,https://www.ebi.ac.uk/europepmc/webservices/rest/search?query=TITLE_ABS%3A%22Plasmodium+falciparum%22+AND+TITLE_ABS%3A%28%22proteome%22+OR+%22proteomic%22+OR+%22mass+spectrometry%22+OR+%22quantitative+proteomics%22%29+AND+TITLE_ABS%3A%28%22chaperone%22+OR+%22dependence%22%29+sort_cited%3Ay&format=json&resultType=core&pageSize=10,ok,20,10,True,
Pf_chaperone_dependence,"TITLE_ABS:""Plasmodium falciparum"" AND TITLE_ABS:(""proteome"" OR ""proteomic"" OR ""mass spectrometry"" OR ""quantitative proteomics"") AND TITLE_ABS:(""chaperone"" OR ""dependence"")",FIRST_PDATE desc,https://www.ebi.ac.uk/europepmc/webservices/rest/search?query=TITLE_ABS%3A%22Plasmodium+falciparum%22+AND+TITLE_ABS%3A%28%22proteome%22+OR+%22proteomic%22+OR+%22mass+spectrometry%22+OR+%22quantitative+proteomics%22%29+AND+TITLE_ABS%3A%28%22chaperone%22+OR+%22dependence%22%29+sort_date%3Ay&format=json&resultType=core&pageSize=10,ok,20,10,True,
Pf_rna_dependence_of_complexes,"TITLE_ABS:""Plasmodium falciparum"" AND TITLE_ABS:(""interactome"" OR ""interaction"" OR ""co-immunoprecipitation"" OR ""BioID"" OR ""TurboID"" OR ""crosslinking mass spectrometry"" OR ""yeast two-hybrid"") AND TITLE_ABS:(""dependence"" OR ""complexes"")",CITED desc,https://www.ebi.ac.uk/europepmc/webservices/rest/search?query=TITLE_ABS%3A%22Plasmodium+falciparum%22+AND+TITLE_ABS%3A%28%22interactome%22+OR+%22interaction%22+OR+%22co-immunoprecipitation%22+OR+%22BioID%22+OR+%22TurboID%22+OR+%22crosslinking+mass+spectrometry%22+OR+%22yeast+two-hybrid%22%29+AND+TITLE_ABS%3A%28%22dependence%22+OR+%22complexes%22%29+sort_cited%3Ay&format=json&resultType=core&pageSize=10,ok,158,10,True,
Pf_rna_dependence_of_complexes,"TITLE_ABS:""Plasmodium falciparum"" AND TITLE_ABS:(""interactome"" OR ""interaction"" OR ""co-immunoprecipitation"" OR ""BioID"" OR ""TurboID"" OR ""crosslinking mass spectrometry"" OR ""yeast two-hybrid"") AND TITLE_ABS:(""dependence"" OR ""complexes"")",FIRST_PDATE desc,https://www.ebi.ac.uk/europepmc/webservices/rest/search?query=TITLE_ABS%3A%22Plasmodium+falciparum%22+AND+TITLE_ABS%3A%28%22interactome%22+OR+%22interaction%22+OR+%22co-immunoprecipitation%22+OR+%22BioID%22+OR+%22TurboID%22+OR+%22crosslinking+mass+spectrometry%22+OR+%22yeast+two-hybrid%22%29+AND+TITLE_ABS%3A%28%22dependence%22+OR+%22complexes%22%29+sort_date%3Ay&format=json&resultType=core&pageSize=10,ok,158,10,True,
Pf_transcription_rate_asexual_blood_stage,"TITLE_ABS:""Plasmodium falciparum"" AND TITLE_ABS:(""RNA-seq"" OR ""transcriptome"" OR ""transcriptomic"" OR ""microarray"" OR ""scRNA-seq"") AND TITLE_ABS:(""transcription"" OR ""rate"")",CITED desc,https://www.ebi.ac.uk/europepmc/webservices/rest/search?query=TITLE_ABS%3A%22Plasmodium+falciparum%22+AND+TITLE_ABS%3A%28%22RNA-seq%22+OR+%22transcriptome%22+OR+%22transcriptomic%22+OR+%22microarray%22+OR+%22scRNA-seq%22%29+AND+TITLE_ABS%3A%28%22transcription%22+OR+%22rate%22%29+sort_cited%3Ay&format=json&resultType=core&pageSize=10,ok,152,10,True,
Pf_transcription_rate_asexual_blood_stage,"TITLE_ABS:""Plasmodium falciparum"" AND TITLE_ABS:(""RNA-seq"" OR ""transcriptome"" OR ""transcriptomic"" OR ""microarray"" OR ""scRNA-seq"") AND TITLE_ABS:(""transcription"" OR ""rate"")",FIRST_PDATE desc,https://www.ebi.ac.uk/europepmc/webservices/rest/search?query=TITLE_ABS%3A%22Plasmodium+falciparum%22+AND+TITLE_ABS%3A%28%22RNA-seq%22+OR+%22transcriptome%22+OR+%22transcriptomic%22+OR+%22microarray%22+OR+%22scRNA-seq%22%29+AND+TITLE_ABS%3A%28%22transcription%22+OR+%22rate%22%29+sort_date%3Ay&format=json&resultType=core&pageSize=10,ok,152,10,True,
Pf_protein_abundance_sexually_committed,"TITLE_ABS:""Plasmodium falciparum"" AND TITLE_ABS:(""proteome"" OR ""proteomic"" OR ""mass spectrometry"" OR ""quantitative proteomics"")",CITED desc,https://www.ebi.ac.uk/europepmc/webservices/rest/search?query=TITLE_ABS%3A%22Plasmodium+falciparum%22+AND+TITLE_ABS%3A%28%22proteome%22+OR+%22proteomic%22+OR+%22mass+spectrometry%22+OR+%22quantitative+proteomics%22%29+sort_cited%3Ay&format=json&resultType=core&pageSize=10,ok,1027,10,True,
Pf_protein_abundance_sexually_committed,"TITLE_ABS:""Plasmodium falciparum"" AND TITLE_ABS:(""proteome"" OR ""proteomic"" OR ""mass spectrometry"" OR ""quantitative proteomics"")",FIRST_PDATE desc,https://www.ebi.ac.uk/europepmc/webservices/rest/search?query=TITLE_ABS%3A%22Plasmodium+falciparum%22+AND+TITLE_ABS%3A%28%22proteome%22+OR+%22proteomic%22+OR+%22mass+spectrometry%22+OR+%22quantitative+proteomics%22%29+sort_date%3Ay&format=json&resultType=core&pageSize=10,ok,1027,10,True,
Pf_between_species_selection_dn_ds,"TITLE_ABS:""Plasmodium falciparum"" AND TITLE_ABS:(""genome"" OR ""domain"" OR ""ortholog"" OR ""paralog"" OR ""AlphaFold"" OR ""structure prediction"") AND TITLE_ABS:(""between-species"" OR ""selection"")",CITED desc,https://www.ebi.ac.uk/europepmc/webservices/rest/search?query=TITLE_ABS%3A%22Plasmodium+falciparum%22+AND+TITLE_ABS%3A%28%22genome%22+OR+%22domain%22+OR+%22ortholog%22+OR+%22paralog%22+OR+%22AlphaFold%22+OR+%22structure+prediction%22%29+AND+TITLE_ABS%3A%28%22between-species%22+OR+%22selection%22%29+sort_cited%3Ay&format=json&resultType=core&pageSize=10,ok,433,10,True,
Pf_between_species_selection_dn_ds,"TITLE_ABS:""Plasmodium falciparum"" AND TITLE_ABS:(""genome"" OR ""domain"" OR ""ortholog"" OR ""paralog"" OR ""AlphaFold"" OR ""structure prediction"") AND TITLE_ABS:(""between-species"" OR ""selection"")",FIRST_PDATE desc,https://www.ebi.ac.uk/europepmc/webservices/rest/search?query=TITLE_ABS%3A%22Plasmodium+falciparum%22+AND+TITLE_ABS%3A%28%22genome%22+OR+%22domain%22+OR+%22ortholog%22+OR+%22paralog%22+OR+%22AlphaFold%22+OR+%22structure+prediction%22%29+AND+TITLE_ABS%3A%28%22between-species%22+OR+%22selection%22%29+sort_date%3Ay&format=json&resultType=core&pageSize=10,ok,433,10,True,
Pf_host_proteome_human_erythrocyte,"(TITLE_ABS:""human"" OR TITLE_ABS:""Homo sapiens"") AND TITLE_ABS:(""proteome"" OR ""proteomics"" OR ""mass spectrometry"") AND TITLE_ABS:(""erythrocyte"" OR ""red blood cell"" OR RBC OR ""tissue atlas"" OR FANTOM5 OR GTEx)",CITED desc,https://www.ebi.ac.uk/europepmc/webservices/rest/search?query=%28TITLE_ABS%3A%22human%22+OR+TITLE_ABS%3A%22Homo+sapiens%22%29+AND+TITLE_ABS%3A%28%22proteome%22+OR+%22proteomics%22+OR+%22mass+spectrometry%22%29+AND+TITLE_ABS%3A%28%22erythrocyte%22+OR+%22red+blood+cell%22+OR+RBC+OR+%22tissue+atlas%22+OR+FANTOM5+OR+GTEx%29+sort_cited%3Ay&format=json&resultType=core&pageSize=10,ok,587,10,True,
Pf_host_proteome_human_erythrocyte,"(TITLE_ABS:""human"" OR TITLE_ABS:""Homo sapiens"") AND TITLE_ABS:(""proteome"" OR ""proteomics"" OR ""mass spectrometry"") AND TITLE_ABS:(""erythrocyte"" OR ""red blood cell"" OR RBC OR ""tissue atlas"" OR FANTOM5 OR GTEx)",FIRST_PDATE desc,https://www.ebi.ac.uk/europepmc/webservices/rest/search?query=%28TITLE_ABS%3A%22human%22+OR+TITLE_ABS%3A%22Homo+sapiens%22%29+AND+TITLE_ABS%3A%28%22proteome%22+OR+%22proteomics%22+OR+%22mass+spectrometry%22%29+AND+TITLE_ABS%3A%28%22erythrocyte%22+OR+%22red+blood+cell%22+OR+RBC+OR+%22tissue+atlas%22+OR+FANTOM5+OR+GTEx%29+sort_date%3Ay&format=json&resultType=core&pageSize=10,ok,587,10,True,
Pf_host_transcriptome_human_erythrocyte,"(TITLE_ABS:""human"" OR TITLE_ABS:""Homo sapiens"") AND TITLE_ABS:(""transcriptome"" OR ""RNA-seq"" OR ""expression atlas"" OR ""CAGE"" OR ""FANTOM5"" OR ""GTEx"") AND TITLE_ABS:(""erythrocyte"" OR ""red blood cell"" OR RBC OR ""tissue atlas"" OR FANTOM5 OR GTEx)",CITED desc,https://www.ebi.ac.uk/europepmc/webservices/rest/search?query=%28TITLE_ABS%3A%22human%22+OR+TITLE_ABS%3A%22Homo+sapiens%22%29+AND+TITLE_ABS%3A%28%22transcriptome%22+OR+%22RNA-seq%22+OR+%22expression+atlas%22+OR+%22CAGE%22+OR+%22FANTOM5%22+OR+%22GTEx%22%29+AND+TITLE_ABS%3A%28%22erythrocyte%22+OR+%22red+blood+cell%22+OR+RBC+OR+%22tissue+atlas%22+OR+FANTOM5+OR+GTEx%29+sort_cited%3Ay&format=json&resultType=core&pageSize=10,ok,1804,10,True,
Pf_host_transcriptome_human_erythrocyte,"(TITLE_ABS:""human"" OR TITLE_ABS:""Homo sapiens"") AND TITLE_ABS:(""transcriptome"" OR ""RNA-seq"" OR ""expression atlas"" OR ""CAGE"" OR ""FANTOM5"" OR ""GTEx"") AND TITLE_ABS:(""erythrocyte"" OR ""red blood cell"" OR RBC OR ""tissue atlas"" OR FANTOM5 OR GTEx)",FIRST_PDATE desc,https://www.ebi.ac.uk/europepmc/webservices/rest/search?query=%28TITLE_ABS%3A%22human%22+OR+TITLE_ABS%3A%22Homo+sapiens%22%29+AND+TITLE_ABS%3A%28%22transcriptome%22+OR+%22RNA-seq%22+OR+%22expression+atlas%22+OR+%22CAGE%22+OR+%22FANTOM5%22+OR+%22GTEx%22%29+AND+TITLE_ABS%3A%28%22erythrocyte%22+OR+%22red+blood+cell%22+OR+RBC+OR+%22tissue+atlas%22+OR+FANTOM5+OR+GTEx%29+sort_date%3Ay&format=json&resultType=core&pageSize=10,ok,1804,10,True,
Pf_host_surface_receptor_repertoire_human_erythrocyte,"(TITLE_ABS:""human"" OR TITLE_ABS:""Homo sapiens"") AND TITLE_ABS:(""surfaceome"" OR ""cell-surface"" OR ""surface proteome"") AND TITLE_ABS:(""erythrocyte"" OR ""red blood cell"" OR RBC OR ""tissue atlas"" OR FANTOM5 OR GTEx)",CITED desc,https://www.ebi.ac.uk/europepmc/webservices/rest/search?query=%28TITLE_ABS%3A%22human%22+OR+TITLE_ABS%3A%22Homo+sapiens%22%29+AND+TITLE_ABS%3A%28%22surfaceome%22+OR+%22cell-surface%22+OR+%22surface+proteome%22%29+AND+TITLE_ABS%3A%28%22erythrocyte%22+OR+%22red+blood+cell%22+OR+RBC+OR+%22tissue+atlas%22+OR+FANTOM5+OR+GTEx%29+sort_cited%3Ay&format=json&resultType=core&pageSize=10,ok,729,10,True,
Pf_host_surface_receptor_repertoire_human_erythrocyte,"(TITLE_ABS:""human"" OR TITLE_ABS:""Homo sapiens"") AND TITLE_ABS:(""surfaceome"" OR ""cell-surface"" OR ""surface proteome"") AND TITLE_ABS:(""erythrocyte"" OR ""red blood cell"" OR RBC OR ""tissue atlas"" OR FANTOM5 OR GTEx)",FIRST_PDATE desc,https://www.ebi.ac.uk/europepmc/webservices/rest/search?query=%28TITLE_ABS%3A%22human%22+OR+TITLE_ABS%3A%22Homo+sapiens%22%29+AND+TITLE_ABS%3A%28%22surfaceome%22+OR+%22cell-surface%22+OR+%22surface+proteome%22%29+AND+TITLE_ABS%3A%28%22erythrocyte%22+OR+%22red+blood+cell%22+OR+RBC+OR+%22tissue+atlas%22+OR+FANTOM5+OR+GTEx%29+sort_date%3Ay&format=json&resultType=core&pageSize=10,ok,729,10,True,
Pf_host_response_to_infection_human_erythrocyte,"(TITLE_ABS:""human"" OR TITLE_ABS:""Homo sapiens"") AND TITLE_ABS:""Plasmodium falciparum"" AND TITLE_ABS:(""infection"" OR ""host response"" OR ""transcriptome"") AND TITLE_ABS:(""erythrocyte"" OR ""red blood cell"" OR RBC OR ""tissue atlas"" OR FANTOM5 OR GTEx)",CITED desc,https://www.ebi.ac.uk/europepmc/webservices/rest/search?query=%28TITLE_ABS%3A%22human%22+OR+TITLE_ABS%3A%22Homo+sapiens%22%29+AND+TITLE_ABS%3A%22Plasmodium+falciparum%22+AND+TITLE_ABS%3A%28%22infection%22+OR+%22host+response%22+OR+%22transcriptome%22%29+AND+TITLE_ABS%3A%28%22erythrocyte%22+OR+%22red+blood+cell%22+OR+RBC+OR+%22tissue+atlas%22+OR+FANTOM5+OR+GTEx%29+sort_cited%3Ay&format=json&resultType=core&pageSize=10,ok,391,10,True,
Pf_host_response_to_infection_human_erythrocyte,"(TITLE_ABS:""human"" OR TITLE_ABS:""Homo sapiens"") AND TITLE_ABS:""Plasmodium falciparum"" AND TITLE_ABS:(""infection"" OR ""host response"" OR ""transcriptome"") AND TITLE_ABS:(""erythrocyte"" OR ""red blood cell"" OR RBC OR ""tissue atlas"" OR FANTOM5 OR GTEx)",FIRST_PDATE desc,https://www.ebi.ac.uk/europepmc/webservices/rest/search?query=%28TITLE_ABS%3A%22human%22+OR+TITLE_ABS%3A%22Homo+sapiens%22%29+AND+TITLE_ABS%3A%22Plasmodium+falciparum%22+AND+TITLE_ABS%3A%28%22infection%22+OR+%22host+response%22+OR+%22transcriptome%22%29+AND+TITLE_ABS%3A%28%22erythrocyte%22+OR+%22red+blood+cell%22+OR+RBC+OR+%22tissue+atlas%22+OR+FANTOM5+OR+GTEx%29+sort_date%3Ay&format=json&resultType=core&pageSize=10,ok,391,10,True,
Pf_host_proteome_human_bone_marrow,"(TITLE_ABS:""human"" OR TITLE_ABS:""Homo sapiens"") AND TITLE_ABS:(""proteome"" OR ""proteomics"" OR ""mass spectrometry"") AND TITLE_ABS:(""bone marrow"" OR ""tissue atlas"" OR FANTOM5 OR GTEx)",CITED desc,https://www.ebi.ac.uk/europepmc/webservices/rest/search?query=%28TITLE_ABS%3A%22human%22+OR+TITLE_ABS%3A%22Homo+sapiens%22%29+AND+TITLE_ABS%3A%28%22proteome%22+OR+%22proteomics%22+OR+%22mass+spectrometry%22%29+AND+TITLE_ABS%3A%28%22bone+marrow%22+OR+%22tissue+atlas%22+OR+FANTOM5+OR+GTEx%29+sort_cited%3Ay&format=json&resultType=core&pageSize=10,ok,670,10,True,
Pf_host_proteome_human_bone_marrow,"(TITLE_ABS:""human"" OR TITLE_ABS:""Homo sapiens"") AND TITLE_ABS:(""proteome"" OR ""proteomics"" OR ""mass spectrometry"") AND TITLE_ABS:(""bone marrow"" OR ""tissue atlas"" OR FANTOM5 OR GTEx)",FIRST_PDATE desc,https://www.ebi.ac.uk/europepmc/webservices/rest/search?query=%28TITLE_ABS%3A%22human%22+OR+TITLE_ABS%3A%22Homo+sapiens%22%29+AND+TITLE_ABS%3A%28%22proteome%22+OR+%22proteomics%22+OR+%22mass+spectrometry%22%29+AND+TITLE_ABS%3A%28%22bone+marrow%22+OR+%22tissue+atlas%22+OR+FANTOM5+OR+GTEx%29+sort_date%3Ay&format=json&resultType=core&pageSize=10,ok,670,10,True,
Pf_host_transcriptome_human_bone_marrow,"(TITLE_ABS:""human"" OR TITLE_ABS:""Homo sapiens"") AND TITLE_ABS:(""transcriptome"" OR ""RNA-seq"" OR ""expression atlas"" OR ""CAGE"" OR ""FANTOM5"" OR ""GTEx"") AND TITLE_ABS:(""bone marrow"" OR ""tissue atlas"" OR FANTOM5 OR GTEx)",CITED desc,https://www.ebi.ac.uk/europepmc/webservices/rest/search?query=%28TITLE_ABS%3A%22human%22+OR+TITLE_ABS%3A%22Homo+sapiens%22%29+AND+TITLE_ABS%3A%28%22transcriptome%22+OR+%22RNA-seq%22+OR+%22expression+atlas%22+OR+%22CAGE%22+OR+%22FANTOM5%22+OR+%22GTEx%22%29+AND+TITLE_ABS%3A%28%22bone+marrow%22+OR+%22tissue+atlas%22+OR+FANTOM5+OR+GTEx%29+sort_cited%3Ay&format=json&resultType=core&pageSize=10,ok,2388,10,True,
Pf_host_transcriptome_human_bone_marrow,"(TITLE_ABS:""human"" OR TITLE_ABS:""Homo sapiens"") AND TITLE_ABS:(""transcriptome"" OR ""RNA-seq"" OR ""expression atlas"" OR ""CAGE"" OR ""FANTOM5"" OR ""GTEx"") AND TITLE_ABS:(""bone marrow"" OR ""tissue atlas"" OR FANTOM5 OR GTEx)",FIRST_PDATE desc,https://www.ebi.ac.uk/europepmc/webservices/rest/search?query=%28TITLE_ABS%3A%22human%22+OR+TITLE_ABS%3A%22Homo+sapiens%22%29+AND+TITLE_ABS%3A%28%22transcriptome%22+OR+%22RNA-seq%22+OR+%22expression+atlas%22+OR+%22CAGE%22+OR+%22FANTOM5%22+OR+%22GTEx%22%29+AND+TITLE_ABS%3A%28%22bone+marrow%22+OR+%22tissue+atlas%22+OR+FANTOM5+OR+GTEx%29+sort_date%3Ay&format=json&resultType=core&pageSize=10,ok,2388,10,True,
Pf_host_surface_receptor_repertoire_human_bone_marrow,"(TITLE_ABS:""human"" OR TITLE_ABS:""Homo sapiens"") AND TITLE_ABS:(""surfaceome"" OR ""cell-surface"" OR ""surface proteome"") AND TITLE_ABS:(""bone marrow"" OR ""tissue atlas"" OR FANTOM5 OR GTEx)",CITED desc,https://www.ebi.ac.uk/europepmc/webservices/rest/search?query=%28TITLE_ABS%3A%22human%22+OR+TITLE_ABS%3A%22Homo+sapiens%22%29+AND+TITLE_ABS%3A%28%22surfaceome%22+OR+%22cell-surface%22+OR+%22surface+proteome%22%29+AND+TITLE_ABS%3A%28%22bone+marrow%22+OR+%22tissue+atlas%22+OR+FANTOM5+OR+GTEx%29+sort_cited%3Ay&format=json&resultType=core&pageSize=10,ok,1641,10,True,
Pf_host_surface_receptor_repertoire_human_bone_marrow,"(TITLE_ABS:""human"" OR TITLE_ABS:""Homo sapiens"") AND TITLE_ABS:(""surfaceome"" OR ""cell-surface"" OR ""surface proteome"") AND TITLE_ABS:(""bone marrow"" OR ""tissue atlas"" OR FANTOM5 OR GTEx)",FIRST_PDATE desc,https://www.ebi.ac.uk/europepmc/webservices/rest/search?query=%28TITLE_ABS%3A%22human%22+OR+TITLE_ABS%3A%22Homo+sapiens%22%29+AND+TITLE_ABS%3A%28%22surfaceome%22+OR+%22cell-surface%22+OR+%22surface+proteome%22%29+AND+TITLE_ABS%3A%28%22bone+marrow%22+OR+%22tissue+atlas%22+OR+FANTOM5+OR+GTEx%29+sort_date%3Ay&format=json&resultType=core&pageSize=10,ok,1641,10,True,
Pf_host_response_to_infection_human_bone_marrow,"(TITLE_ABS:""human"" OR TITLE_ABS:""Homo sapiens"") AND TITLE_ABS:""Plasmodium falciparum"" AND TITLE_ABS:(""infection"" OR ""host response"" OR ""transcriptome"") AND TITLE_ABS:(""bone marrow"" OR ""tissue atlas"" OR FANTOM5 OR GTEx)",CITED desc,https://www.ebi.ac.uk/europepmc/webservices/rest/search?query=%28TITLE_ABS%3A%22human%22+OR+TITLE_ABS%3A%22Homo+sapiens%22%29+AND+TITLE_ABS%3A%22Plasmodium+falciparum%22+AND+TITLE_ABS%3A%28%22infection%22+OR+%22host+response%22+OR+%22transcriptome%22%29+AND+TITLE_ABS%3A%28%22bone+marrow%22+OR+%22tissue+atlas%22+OR+FANTOM5+OR+GTEx%29+sort_cited%3Ay&format=json&resultType=core&pageSize=10,ok,18,10,True,
Pf_host_response_to_infection_human_bone_marrow,"(TITLE_ABS:""human"" OR TITLE_ABS:""Homo sapiens"") AND TITLE_ABS:""Plasmodium falciparum"" AND TITLE_ABS:(""infection"" OR ""host response"" OR ""transcriptome"") AND TITLE_ABS:(""bone marrow"" OR ""tissue atlas"" OR FANTOM5 OR GTEx)",FIRST_PDATE desc,https://www.ebi.ac.uk/europepmc/webservices/rest/search?query=%28TITLE_ABS%3A%22human%22+OR+TITLE_ABS%3A%22Homo+sapiens%22%29+AND+TITLE_ABS%3A%22Plasmodium+falciparum%22+AND+TITLE_ABS%3A%28%22infection%22+OR+%22host+response%22+OR+%22transcriptome%22%29+AND+TITLE_ABS%3A%28%22bone+marrow%22+OR+%22tissue+atlas%22+OR+FANTOM5+OR+GTEx%29+sort_date%3Ay&format=json&resultType=core&pageSize=10,ok,18,10,True,
Pf_host_proteome_human_hepatocyte,"(TITLE_ABS:""human"" OR TITLE_ABS:""Homo sapiens"") AND TITLE_ABS:(""proteome"" OR ""proteomics"" OR ""mass spectrometry"") AND TITLE_ABS:(""hepatocyte"" OR hepatocytes OR ""tissue atlas"" OR FANTOM5 OR GTEx)",CITED desc,https://www.ebi.ac.uk/europepmc/webservices/rest/search?query=%28TITLE_ABS%3A%22human%22+OR+TITLE_ABS%3A%22Homo+sapiens%22%29+AND+TITLE_ABS%3A%28%22proteome%22+OR+%22proteomics%22+OR+%22mass+spectrometry%22%29+AND+TITLE_ABS%3A%28%22hepatocyte%22+OR+hepatocytes+OR+%22tissue+atlas%22+OR+FANTOM5+OR+GTEx%29+sort_cited%3Ay&format=json&resultType=core&pageSize=10,ok,1156,10,True,
Pf_host_proteome_human_hepatocyte,"(TITLE_ABS:""human"" OR TITLE_ABS:""Homo sapiens"") AND TITLE_ABS:(""proteome"" OR ""proteomics"" OR ""mass spectrometry"") AND TITLE_ABS:(""hepatocyte"" OR hepatocytes OR ""tissue atlas"" OR FANTOM5 OR GTEx)",FIRST_PDATE desc,https://www.ebi.ac.uk/europepmc/webservices/rest/search?query=%28TITLE_ABS%3A%22human%22+OR+TITLE_ABS%3A%22Homo+sapiens%22%29+AND+TITLE_ABS%3A%28%22proteome%22+OR+%22proteomics%22+OR+%22mass+spectrometry%22%29+AND+TITLE_ABS%3A%28%22hepatocyte%22+OR+hepatocytes+OR+%22tissue+atlas%22+OR+FANTOM5+OR+GTEx%29+sort_date%3Ay&format=json&resultType=core&pageSize=10,ok,1156,10,True,
Pf_host_transcriptome_human_hepatocyte,"(TITLE_ABS:""human"" OR TITLE_ABS:""Homo sapiens"") AND TITLE_ABS:(""transcriptome"" OR ""RNA-seq"" OR ""expression atlas"" OR ""CAGE"" OR ""FANTOM5"" OR ""GTEx"") AND TITLE_ABS:(""hepatocyte"" OR hepatocytes OR ""tissue atlas"" OR FANTOM5 OR GTEx)",CITED desc,https://www.ebi.ac.uk/europepmc/webservices/rest/search?query=%28TITLE_ABS%3A%22human%22+OR+TITLE_ABS%3A%22Homo+sapiens%22%29+AND+TITLE_ABS%3A%28%22transcriptome%22+OR+%22RNA-seq%22+OR+%22expression+atlas%22+OR+%22CAGE%22+OR+%22FANTOM5%22+OR+%22GTEx%22%29+AND+TITLE_ABS%3A%28%22hepatocyte%22+OR+hepatocytes+OR+%22tissue+atlas%22+OR+FANTOM5+OR+GTEx%29+sort_cited%3Ay&format=json&resultType=core&pageSize=10,ok,2365,10,True,
Pf_host_transcriptome_human_hepatocyte,"(TITLE_ABS:""human"" OR TITLE_ABS:""Homo sapiens"") AND TITLE_ABS:(""transcriptome"" OR ""RNA-seq"" OR ""expression atlas"" OR ""CAGE"" OR ""FANTOM5"" OR ""GTEx"") AND TITLE_ABS:(""hepatocyte"" OR hepatocytes OR ""tissue atlas"" OR FANTOM5 OR GTEx)",FIRST_PDATE desc,https://www.ebi.ac.uk/europepmc/webservices/rest/search?query=%28TITLE_ABS%3A%22human%22+OR+TITLE_ABS%3A%22Homo+sapiens%22%29+AND+TITLE_ABS%3A%28%22transcriptome%22+OR+%22RNA-seq%22+OR+%22expression+atlas%22+OR+%22CAGE%22+OR+%22FANTOM5%22+OR+%22GTEx%22%29+AND+TITLE_ABS%3A%28%22hepatocyte%22+OR+hepatocytes+OR+%22tissue+atlas%22+OR+FANTOM5+OR+GTEx%29+sort_date%3Ay&format=json&resultType=core&pageSize=10,ok,2365,10,True,
Pf_host_surface_receptor_repertoire_human_hepatocyte,"(TITLE_ABS:""human"" OR TITLE_ABS:""Homo sapiens"") AND TITLE_ABS:(""surfaceome"" OR ""cell-surface"" OR ""surface proteome"") AND TITLE_ABS:(""hepatocyte"" OR hepatocytes OR ""tissue atlas"" OR FANTOM5 OR GTEx)",CITED desc,https://www.ebi.ac.uk/europepmc/webservices/rest/search?query=%28TITLE_ABS%3A%22human%22+OR+TITLE_ABS%3A%22Homo+sapiens%22%29+AND+TITLE_ABS%3A%28%22surfaceome%22+OR+%22cell-surface%22+OR+%22surface+proteome%22%29+AND+TITLE_ABS%3A%28%22hepatocyte%22+OR+hepatocytes+OR+%22tissue+atlas%22+OR+FANTOM5+OR+GTEx%29+sort_cited%3Ay&format=json&resultType=core&pageSize=10,ok,651,10,True,
Pf_host_surface_receptor_repertoire_human_hepatocyte,"(TITLE_ABS:""human"" OR TITLE_ABS:""Homo sapiens"") AND TITLE_ABS:(""surfaceome"" OR ""cell-surface"" OR ""surface proteome"") AND TITLE_ABS:(""hepatocyte"" OR hepatocytes OR ""tissue atlas"" OR FANTOM5 OR GTEx)",FIRST_PDATE desc,https://www.ebi.ac.uk/europepmc/webservices/rest/search?query=%28TITLE_ABS%3A%22human%22+OR+TITLE_ABS%3A%22Homo+sapiens%22%29+AND+TITLE_ABS%3A%28%22surfaceome%22+OR+%22cell-surface%22+OR+%22surface+proteome%22%29+AND+TITLE_ABS%3A%28%22hepatocyte%22+OR+hepatocytes+OR+%22tissue+atlas%22+OR+FANTOM5+OR+GTEx%29+sort_date%3Ay&format=json&resultType=core&pageSize=10,ok,651,10,True,
Pf_host_response_to_infection_human_hepatocyte,"(TITLE_ABS:""human"" OR TITLE_ABS:""Homo sapiens"") AND TITLE_ABS:""Plasmodium falciparum"" AND TITLE_ABS:(""infection"" OR ""host response"" OR ""transcriptome"") AND TITLE_ABS:(""hepatocyte"" OR hepatocytes OR ""tissue atlas"" OR FANTOM5 OR GTEx)",CITED desc,https://www.ebi.ac.uk/europepmc/webservices/rest/search?query=%28TITLE_ABS%3A%22human%22+OR+TITLE_ABS%3A%22Homo+sapiens%22%29+AND+TITLE_ABS%3A%22Plasmodium+falciparum%22+AND+TITLE_ABS%3A%28%22infection%22+OR+%22host+response%22+OR+%22transcriptome%22%29+AND+TITLE_ABS%3A%28%22hepatocyte%22+OR+hepatocytes+OR+%22tissue+atlas%22+OR+FANTOM5+OR+GTEx%29+sort_cited%3Ay&format=json&resultType=core&pageSize=10,ok,109,10,True,
Pf_host_response_to_infection_human_hepatocyte,"(TITLE_ABS:""human"" OR TITLE_ABS:""Homo sapiens"") AND TITLE_ABS:""Plasmodium falciparum"" AND TITLE_ABS:(""infection"" OR ""host response"" OR ""transcriptome"") AND TITLE_ABS:(""hepatocyte"" OR hepatocytes OR ""tissue atlas"" OR FANTOM5 OR GTEx)",FIRST_PDATE desc,https://www.ebi.ac.uk/europepmc/webservices/rest/search?query=%28TITLE_ABS%3A%22human%22+OR+TITLE_ABS%3A%22Homo+sapiens%22%29+AND+TITLE_ABS%3A%22Plasmodium+falciparum%22+AND+TITLE_ABS%3A%28%22infection%22+OR+%22host+response%22+OR+%22transcriptome%22%29+AND+TITLE_ABS%3A%28%22hepatocyte%22+OR+hepatocytes+OR+%22tissue+atlas%22+OR+FANTOM5+OR+GTEx%29+sort_date%3Ay&format=json&resultType=core&pageSize=10,ok,109,10,True,
Pf_host_proteome_human_dermis,"(TITLE_ABS:""human"" OR TITLE_ABS:""Homo sapiens"") AND TITLE_ABS:(""proteome"" OR ""proteomics"" OR ""mass spectrometry"") AND TITLE_ABS:(""dermis"" OR ""tissue atlas"" OR FANTOM5 OR GTEx)",CITED desc,https://www.ebi.ac.uk/europepmc/webservices/rest/search?query=%28TITLE_ABS%3A%22human%22+OR+TITLE_ABS%3A%22Homo+sapiens%22%29+AND+TITLE_ABS%3A%28%22proteome%22+OR+%22proteomics%22+OR+%22mass+spectrometry%22%29+AND+TITLE_ABS%3A%28%22dermis%22+OR+%22tissue+atlas%22+OR+FANTOM5+OR+GTEx%29+sort_cited%3Ay&format=json&resultType=core&pageSize=10,ok,134,10,True,
Pf_host_proteome_human_dermis,"(TITLE_ABS:""human"" OR TITLE_ABS:""Homo sapiens"") AND TITLE_ABS:(""proteome"" OR ""proteomics"" OR ""mass spectrometry"") AND TITLE_ABS:(""dermis"" OR ""tissue atlas"" OR FANTOM5 OR GTEx)",FIRST_PDATE desc,https://www.ebi.ac.uk/europepmc/webservices/rest/search?query=%28TITLE_ABS%3A%22human%22+OR+TITLE_ABS%3A%22Homo+sapiens%22%29+AND+TITLE_ABS%3A%28%22proteome%22+OR+%22proteomics%22+OR+%22mass+spectrometry%22%29+AND+TITLE_ABS%3A%28%22dermis%22+OR+%22tissue+atlas%22+OR+FANTOM5+OR+GTEx%29+sort_date%3Ay&format=json&resultType=core&pageSize=10,ok,134,10,True,
Pf_host_transcriptome_human_dermis,"(TITLE_ABS:""human"" OR TITLE_ABS:""Homo sapiens"") AND TITLE_ABS:(""transcriptome"" OR ""RNA-seq"" OR ""expression atlas"" OR ""CAGE"" OR ""FANTOM5"" OR ""GTEx"") AND TITLE_ABS:(""dermis"" OR ""tissue atlas"" OR FANTOM5 OR GTEx)",CITED desc,https://www.ebi.ac.uk/europepmc/webservices/rest/search?query=%28TITLE_ABS%3A%22human%22+OR+TITLE_ABS%3A%22Homo+sapiens%22%29+AND+TITLE_ABS%3A%28%22transcriptome%22+OR+%22RNA-seq%22+OR+%22expression+atlas%22+OR+%22CAGE%22+OR+%22FANTOM5%22+OR+%22GTEx%22%29+AND+TITLE_ABS%3A%28%22dermis%22+OR+%22tissue+atlas%22+OR+FANTOM5+OR+GTEx%29+sort_cited%3Ay&format=json&resultType=core&pageSize=10,ok,1738,10,True,
Pf_host_transcriptome_human_dermis,"(TITLE_ABS:""human"" OR TITLE_ABS:""Homo sapiens"") AND TITLE_ABS:(""transcriptome"" OR ""RNA-seq"" OR ""expression atlas"" OR ""CAGE"" OR ""FANTOM5"" OR ""GTEx"") AND TITLE_ABS:(""dermis"" OR ""tissue atlas"" OR FANTOM5 OR GTEx)",FIRST_PDATE desc,https://www.ebi.ac.uk/europepmc/webservices/rest/search?query=%28TITLE_ABS%3A%22human%22+OR+TITLE_ABS%3A%22Homo+sapiens%22%29+AND+TITLE_ABS%3A%28%22transcriptome%22+OR+%22RNA-seq%22+OR+%22expression+atlas%22+OR+%22CAGE%22+OR+%22FANTOM5%22+OR+%22GTEx%22%29+AND+TITLE_ABS%3A%28%22dermis%22+OR+%22tissue+atlas%22+OR+FANTOM5+OR+GTEx%29+sort_date%3Ay&format=json&resultType=core&pageSize=10,ok,1738,10,True,
Pf_host_surface_receptor_repertoire_human_dermis,"(TITLE_ABS:""human"" OR TITLE_ABS:""Homo sapiens"") AND TITLE_ABS:(""surfaceome"" OR ""cell-surface"" OR ""surface proteome"") AND TITLE_ABS:(""dermis"" OR ""tissue atlas"" OR FANTOM5 OR GTEx)",CITED desc,https://www.ebi.ac.uk/europepmc/webservices/rest/search?query=%28TITLE_ABS%3A%22human%22+OR+TITLE_ABS%3A%22Homo+sapiens%22%29+AND+TITLE_ABS%3A%28%22surfaceome%22+OR+%22cell-surface%22+OR+%22surface+proteome%22%29+AND+TITLE_ABS%3A%28%22dermis%22+OR+%22tissue+atlas%22+OR+FANTOM5+OR+GTEx%29+sort_cited%3Ay&format=json&resultType=core&pageSize=10,ok,93,10,True,
Pf_host_surface_receptor_repertoire_human_dermis,"(TITLE_ABS:""human"" OR TITLE_ABS:""Homo sapiens"") AND TITLE_ABS:(""surfaceome"" OR ""cell-surface"" OR ""surface proteome"") AND TITLE_ABS:(""dermis"" OR ""tissue atlas"" OR FANTOM5 OR GTEx)",FIRST_PDATE desc,https://www.ebi.ac.uk/europepmc/webservices/rest/search?query=%28TITLE_ABS%3A%22human%22+OR+TITLE_ABS%3A%22Homo+sapiens%22%29+AND+TITLE_ABS%3A%28%22surfaceome%22+OR+%22cell-surface%22+OR+%22surface+proteome%22%29+AND+TITLE_ABS%3A%28%22dermis%22+OR+%22tissue+atlas%22+OR+FANTOM5+OR+GTEx%29+sort_date%3Ay&format=json&resultType=core&pageSize=10,ok,93,10,True,
Pf_host_response_to_infection_human_dermis,"(TITLE_ABS:""human"" OR TITLE_ABS:""Homo sapiens"") AND TITLE_ABS:""Plasmodium falciparum"" AND TITLE_ABS:(""infection"" OR ""host response"" OR ""transcriptome"") AND TITLE_ABS:(""dermis"" OR ""tissue atlas"" OR FANTOM5 OR GTEx)",CITED desc,https://www.ebi.ac.uk/europepmc/webservices/rest/search?query=%28TITLE_ABS%3A%22human%22+OR+TITLE_ABS%3A%22Homo+sapiens%22%29+AND+TITLE_ABS%3A%22Plasmodium+falciparum%22+AND+TITLE_ABS%3A%28%22infection%22+OR+%22host+response%22+OR+%22transcriptome%22%29+AND+TITLE_ABS%3A%28%22dermis%22+OR+%22tissue+atlas%22+OR+FANTOM5+OR+GTEx%29+sort_cited%3Ay&format=json&resultType=core&pageSize=10,ok,2,2,False,
Pf_host_response_to_infection_human_dermis,"(TITLE_ABS:""human"" OR TITLE_ABS:""Homo sapiens"") AND TITLE_ABS:""Plasmodium falciparum"" AND TITLE_ABS:(""infection"" OR ""host response"" OR ""transcriptome"") AND TITLE_ABS:(""dermis"" OR ""tissue atlas"" OR FANTOM5 OR GTEx)",FIRST_PDATE desc,https://www.ebi.ac.uk/europepmc/webservices/rest/search?query=%28TITLE_ABS%3A%22human%22+OR+TITLE_ABS%3A%22Homo+sapiens%22%29+AND+TITLE_ABS%3A%22Plasmodium+falciparum%22+AND+TITLE_ABS%3A%28%22infection%22+OR+%22host+response%22+OR+%22transcriptome%22%29+AND+TITLE_ABS%3A%28%22dermis%22+OR+%22tissue+atlas%22+OR+FANTOM5+OR+GTEx%29+sort_date%3Ay&format=json&resultType=core&pageSize=10,ok,2,2,False,
Pf_host_proteome_anopheles_midgut,"TITLE_ABS:""Anopheles"" AND TITLE_ABS:(""proteome"" OR ""proteomics"" OR ""mass spectrometry"") AND TITLE_ABS:(""midgut"" OR ""tissue atlas"" OR FANTOM5 OR GTEx)",CITED desc,https://www.ebi.ac.uk/europepmc/webservices/rest/search?query=TITLE_ABS%3A%22Anopheles%22+AND+TITLE_ABS%3A%28%22proteome%22+OR+%22proteomics%22+OR+%22mass+spectrometry%22%29+AND+TITLE_ABS%3A%28%22midgut%22+OR+%22tissue+atlas%22+OR+FANTOM5+OR+GTEx%29+sort_cited%3Ay&format=json&resultType=core&pageSize=10,ok,35,10,True,
Pf_host_proteome_anopheles_midgut,"TITLE_ABS:""Anopheles"" AND TITLE_ABS:(""proteome"" OR ""proteomics"" OR ""mass spectrometry"") AND TITLE_ABS:(""midgut"" OR ""tissue atlas"" OR FANTOM5 OR GTEx)",FIRST_PDATE desc,https://www.ebi.ac.uk/europepmc/webservices/rest/search?query=TITLE_ABS%3A%22Anopheles%22+AND+TITLE_ABS%3A%28%22proteome%22+OR+%22proteomics%22+OR+%22mass+spectrometry%22%29+AND+TITLE_ABS%3A%28%22midgut%22+OR+%22tissue+atlas%22+OR+FANTOM5+OR+GTEx%29+sort_date%3Ay&format=json&resultType=core&pageSize=10,ok,35,10,True,
Pf_host_transcriptome_anopheles_midgut,"TITLE_ABS:""Anopheles"" AND TITLE_ABS:(""transcriptome"" OR ""RNA-seq"" OR ""expression atlas"" OR ""CAGE"" OR ""FANTOM5"" OR ""GTEx"") AND TITLE_ABS:(""midgut"" OR ""tissue atlas"" OR FANTOM5 OR GTEx)",CITED desc,https://www.ebi.ac.uk/europepmc/webservices/rest/search?query=TITLE_ABS%3A%22Anopheles%22+AND+TITLE_ABS%3A%28%22transcriptome%22+OR+%22RNA-seq%22+OR+%22expression+atlas%22+OR+%22CAGE%22+OR+%22FANTOM5%22+OR+%22GTEx%22%29+AND+TITLE_ABS%3A%28%22midgut%22+OR+%22tissue+atlas%22+OR+FANTOM5+OR+GTEx%29+sort_cited%3Ay&format=json&resultType=core&pageSize=10,ok,40,10,True,
Pf_host_transcriptome_anopheles_midgut,"TITLE_ABS:""Anopheles"" AND TITLE_ABS:(""transcriptome"" OR ""RNA-seq"" OR ""expression atlas"" OR ""CAGE"" OR ""FANTOM5"" OR ""GTEx"") AND TITLE_ABS:(""midgut"" OR ""tissue atlas"" OR FANTOM5 OR GTEx)",FIRST_PDATE desc,https://www.ebi.ac.uk/europepmc/webservices/rest/search?query=TITLE_ABS%3A%22Anopheles%22+AND+TITLE_ABS%3A%28%22transcriptome%22+OR+%22RNA-seq%22+OR+%22expression+atlas%22+OR+%22CAGE%22+OR+%22FANTOM5%22+OR+%22GTEx%22%29+AND+TITLE_ABS%3A%28%22midgut%22+OR+%22tissue+atlas%22+OR+FANTOM5+OR+GTEx%29+sort_date%3Ay&format=json&resultType=core&pageSize=10,ok,40,10,True,
Pf_host_surface_receptor_repertoire_anopheles_midgut,"TITLE_ABS:""Anopheles"" AND TITLE_ABS:(""surfaceome"" OR ""cell-surface"" OR ""surface proteome"") AND TITLE_ABS:(""midgut"" OR ""tissue atlas"" OR FANTOM5 OR GTEx)",CITED desc,https://www.ebi.ac.uk/europepmc/webservices/rest/search?query=TITLE_ABS%3A%22Anopheles%22+AND+TITLE_ABS%3A%28%22surfaceome%22+OR+%22cell-surface%22+OR+%22surface+proteome%22%29+AND+TITLE_ABS%3A%28%22midgut%22+OR+%22tissue+atlas%22+OR+FANTOM5+OR+GTEx%29+sort_cited%3Ay&format=json&resultType=core&pageSize=10,ok,6,6,False,
Pf_host_surface_receptor_repertoire_anopheles_midgut,"TITLE_ABS:""Anopheles"" AND TITLE_ABS:(""surfaceome"" OR ""cell-surface"" OR ""surface proteome"") AND TITLE_ABS:(""midgut"" OR ""tissue atlas"" OR FANTOM5 OR GTEx)",FIRST_PDATE desc,https://www.ebi.ac.uk/europepmc/webservices/rest/search?query=TITLE_ABS%3A%22Anopheles%22+AND+TITLE_ABS%3A%28%22surfaceome%22+OR+%22cell-surface%22+OR+%22surface+proteome%22%29+AND+TITLE_ABS%3A%28%22midgut%22+OR+%22tissue+atlas%22+OR+FANTOM5+OR+GTEx%29+sort_date%3Ay&format=json&resultType=core&pageSize=10,ok,6,6,False,
Pf_host_response_to_infection_anopheles_midgut,"TITLE_ABS:""Anopheles"" AND TITLE_ABS:""Plasmodium falciparum"" AND TITLE_ABS:(""infection"" OR ""host response"" OR ""transcriptome"") AND TITLE_ABS:(""midgut"" OR ""tissue atlas"" OR FANTOM5 OR GTEx)",CITED desc,https://www.ebi.ac.uk/europepmc/webservices/rest/search?query=TITLE_ABS%3A%22Anopheles%22+AND+TITLE_ABS%3A%22Plasmodium+falciparum%22+AND+TITLE_ABS%3A%28%22infection%22+OR+%22host+response%22+OR+%22transcriptome%22%29+AND+TITLE_ABS%3A%28%22midgut%22+OR+%22tissue+atlas%22+OR+FANTOM5+OR+GTEx%29+sort_cited%3Ay&format=json&resultType=core&pageSize=10,ok,135,10,True,
Pf_host_response_to_infection_anopheles_midgut,"TITLE_ABS:""Anopheles"" AND TITLE_ABS:""Plasmodium falciparum"" AND TITLE_ABS:(""infection"" OR ""host response"" OR ""transcriptome"") AND TITLE_ABS:(""midgut"" OR ""tissue atlas"" OR FANTOM5 OR GTEx)",FIRST_PDATE desc,https://www.ebi.ac.uk/europepmc/webservices/rest/search?query=TITLE_ABS%3A%22Anopheles%22+AND+TITLE_ABS%3A%22Plasmodium+falciparum%22+AND+TITLE_ABS%3A%28%22infection%22+OR+%22host+response%22+OR+%22transcriptome%22%29+AND+TITLE_ABS%3A%28%22midgut%22+OR+%22tissue+atlas%22+OR+FANTOM5+OR+GTEx%29+sort_date%3Ay&format=json&resultType=core&pageSize=10,ok,135,10,True,
Pf_host_proteome_anopheles_salivary_gland,"TITLE_ABS:""Anopheles"" AND TITLE_ABS:(""proteome"" OR ""proteomics"" OR ""mass spectrometry"") AND TITLE_ABS:(""salivary gland"" OR ""tissue atlas"" OR FANTOM5 OR GTEx)",CITED desc,https://www.ebi.ac.uk/europepmc/webservices/rest/search?query=TITLE_ABS%3A%22Anopheles%22+AND+TITLE_ABS%3A%28%22proteome%22+OR+%22proteomics%22+OR+%22mass+spectrometry%22%29+AND+TITLE_ABS%3A%28%22salivary+gland%22+OR+%22tissue+atlas%22+OR+FANTOM5+OR+GTEx%29+sort_cited%3Ay&format=json&resultType=core&pageSize=10,ok,29,10,True,
Pf_host_proteome_anopheles_salivary_gland,"TITLE_ABS:""Anopheles"" AND TITLE_ABS:(""proteome"" OR ""proteomics"" OR ""mass spectrometry"") AND TITLE_ABS:(""salivary gland"" OR ""tissue atlas"" OR FANTOM5 OR GTEx)",FIRST_PDATE desc,https://www.ebi.ac.uk/europepmc/webservices/rest/search?query=TITLE_ABS%3A%22Anopheles%22+AND+TITLE_ABS%3A%28%22proteome%22+OR+%22proteomics%22+OR+%22mass+spectrometry%22%29+AND+TITLE_ABS%3A%28%22salivary+gland%22+OR+%22tissue+atlas%22+OR+FANTOM5+OR+GTEx%29+sort_date%3Ay&format=json&resultType=core&pageSize=10,ok,29,10,True,
Pf_host_transcriptome_anopheles_salivary_gland,"TITLE_ABS:""Anopheles"" AND TITLE_ABS:(""transcriptome"" OR ""RNA-seq"" OR ""expression atlas"" OR ""CAGE"" OR ""FANTOM5"" OR ""GTEx"") AND TITLE_ABS:(""salivary gland"" OR ""tissue atlas"" OR FANTOM5 OR GTEx)",CITED desc,https://www.ebi.ac.uk/europepmc/webservices/rest/search?query=TITLE_ABS%3A%22Anopheles%22+AND+TITLE_ABS%3A%28%22transcriptome%22+OR+%22RNA-seq%22+OR+%22expression+atlas%22+OR+%22CAGE%22+OR+%22FANTOM5%22+OR+%22GTEx%22%29+AND+TITLE_ABS%3A%28%22salivary+gland%22+OR+%22tissue+atlas%22+OR+FANTOM5+OR+GTEx%29+sort_cited%3Ay&format=json&resultType=core&pageSize=10,ok,30,10,True,
Pf_host_transcriptome_anopheles_salivary_gland,"TITLE_ABS:""Anopheles"" AND TITLE_ABS:(""transcriptome"" OR ""RNA-seq"" OR ""expression atlas"" OR ""CAGE"" OR ""FANTOM5"" OR ""GTEx"") AND TITLE_ABS:(""salivary gland"" OR ""tissue atlas"" OR FANTOM5 OR GTEx)",FIRST_PDATE desc,https://www.ebi.ac.uk/europepmc/webservices/rest/search?query=TITLE_ABS%3A%22Anopheles%22+AND+TITLE_ABS%3A%28%22transcriptome%22+OR+%22RNA-seq%22+OR+%22expression+atlas%22+OR+%22CAGE%22+OR+%22FANTOM5%22+OR+%22GTEx%22%29+AND+TITLE_ABS%3A%28%22salivary+gland%22+OR+%22tissue+atlas%22+OR+FANTOM5+OR+GTEx%29+sort_date%3Ay&format=json&resultType=core&pageSize=10,ok,30,10,True,
Pf_host_surface_receptor_repertoire_anopheles_salivary_gland,"TITLE_ABS:""Anopheles"" AND TITLE_ABS:(""surfaceome"" OR ""cell-surface"" OR ""surface proteome"") AND TITLE_ABS:(""salivary gland"" OR ""tissue atlas"" OR FANTOM5 OR GTEx)",CITED desc,https://www.ebi.ac.uk/europepmc/webservices/rest/search?query=TITLE_ABS%3A%22Anopheles%22+AND+TITLE_ABS%3A%28%22surfaceome%22+OR+%22cell-surface%22+OR+%22surface+proteome%22%29+AND+TITLE_ABS%3A%28%22salivary+gland%22+OR+%22tissue+atlas%22+OR+FANTOM5+OR+GTEx%29+sort_cited%3Ay&format=json&resultType=core&pageSize=10,ok,1,1,False,
Pf_host_surface_receptor_repertoire_anopheles_salivary_gland,"TITLE_ABS:""Anopheles"" AND TITLE_ABS:(""surfaceome"" OR ""cell-surface"" OR ""surface proteome"") AND TITLE_ABS:(""salivary gland"" OR ""tissue atlas"" OR FANTOM5 OR GTEx)",FIRST_PDATE desc,https://www.ebi.ac.uk/europepmc/webservices/rest/search?query=TITLE_ABS%3A%22Anopheles%22+AND+TITLE_ABS%3A%28%22surfaceome%22+OR+%22cell-surface%22+OR+%22surface+proteome%22%29+AND+TITLE_ABS%3A%28%22salivary+gland%22+OR+%22tissue+atlas%22+OR+FANTOM5+OR+GTEx%29+sort_date%3Ay&format=json&resultType=core&pageSize=10,ok,1,1,False,
Pf_host_response_to_infection_anopheles_salivary_gland,"TITLE_ABS:""Anopheles"" AND TITLE_ABS:""Plasmodium falciparum"" AND TITLE_ABS:(""infection"" OR ""host response"" OR ""transcriptome"") AND TITLE_ABS:(""salivary gland"" OR ""tissue atlas"" OR FANTOM5 OR GTEx)",CITED desc,https://www.ebi.ac.uk/europepmc/webservices/rest/search?query=TITLE_ABS%3A%22Anopheles%22+AND+TITLE_ABS%3A%22Plasmodium+falciparum%22+AND+TITLE_ABS%3A%28%22infection%22+OR+%22host+response%22+OR+%22transcriptome%22%29+AND+TITLE_ABS%3A%28%22salivary+gland%22+OR+%22tissue+atlas%22+OR+FANTOM5+OR+GTEx%29+sort_cited%3Ay&format=json&resultType=core&pageSize=10,ok,36,10,True,
Pf_host_response_to_infection_anopheles_salivary_gland,"TITLE_ABS:""Anopheles"" AND TITLE_ABS:""Plasmodium falciparum"" AND TITLE_ABS:(""infection"" OR ""host response"" OR ""transcriptome"") AND TITLE_ABS:(""salivary gland"" OR ""tissue atlas"" OR FANTOM5 OR GTEx)",FIRST_PDATE desc,https://www.ebi.ac.uk/europepmc/webservices/rest/search?query=TITLE_ABS%3A%22Anopheles%22+AND+TITLE_ABS%3A%22Plasmodium+falciparum%22+AND+TITLE_ABS%3A%28%22infection%22+OR+%22host+response%22+OR+%22transcriptome%22%29+AND+TITLE_ABS%3A%28%22salivary+gland%22+OR+%22tissue+atlas%22+OR+FANTOM5+OR+GTEx%29+sort_date%3Ay&format=json&resultType=core&pageSize=10,ok,36,10,True,
