slot,organism,name,context,unit,policy,default_patterns,candidate_groups,rankable_groups,provisional_preference,provisional_pattern,change_proposed,diagnostic_groups,diagnostic_source,diagnostic_pattern,diagnostic_default_change,decision,candidate_factors
Tg_transcription_tachyzoite,Tg,transcription · tachyzoite,"tachyzoite, in vitro",gene,one,"[""expr_tachy""]",8,0,,,False,5,invivo_brain_transcriptome,invivo_TZ_,True,source/assay review required; no automatic promotion,"[{""dataset_id"": ""gse108740:expr_tachy"", ""scope"": ""Tg_transcription_tachyzoite"", ""publication_id"": """", ""first_publication_date"": """", ""citations"": null, ""comprehensiveness"": 0.9507371007371007, ""citation_provider"": ""Europe PMC"", ""citation_snapshot"": ""2026-10-07"", ""admission"": ""pending"", ""admission_reason"": ""Quantity, context, source lineage and assay comprehensiveness require review"", ""policy_version"": 1, ""as_of"": ""2026-10-07"", ""status"": ""pending_scope_review"", ""age_years"": null, ""citations_per_year"": null, ""recency_factor"": null, ""comprehensiveness_factor"": null, ""score"": null, ""gap"": ""publication_id, first_publication_date, citations"", ""metadata_status"": ""metadata_incomplete"", ""diagnostic_score"": null, ""source_id"": ""gse108740"", ""pattern"": ""expr_tachy"", ""coverage_basis"": ""installed stored-value fraction; assay completeness unverified""}, {""dataset_id"": ""gse108740:rna108740_Tachyzoites"", ""scope"": ""Tg_transcription_tachyzoite"", ""publication_id"": """", ""first_publication_date"": """", ""citations"": null, ""comprehensiveness"": 0.9507371007371007, ""citation_provider"": ""Europe PMC"", ""citation_snapshot"": ""2026-10-07"", ""admission"": ""pending"", ""admission_reason"": ""Quantity, context, source lineage and assay comprehensiveness require review"", ""policy_version"": 1, ""as_of"": ""2026-10-07"", ""status"": ""pending_scope_review"", ""age_years"": null, ""citations_per_year"": null, ""recency_factor"": null, ""comprehensiveness_factor"": null, ""score"": null, ""gap"": ""publication_id, first_publication_date, citations"", ""metadata_status"": ""metadata_incomplete"", ""diagnostic_score"": null, ""source_id"": ""gse108740"", ""pattern"": ""rna108740_Tachyzoites"", ""coverage_basis"": ""installed stored-value fraction; assay completeness unverified""}, {""dataset_id"": ""invivo_brain_transcriptome:invivo_TZ_"", ""scope"": ""Tg_transcription_tachyzoite"", ""publication_id"": ""MED:31726967"", ""first_publication_date"": ""2019-11-14"", ""citations"": 40, ""comprehensiveness"": 0.9414004914004914, ""citation_provider"": ""Europe PMC"", ""citation_snapshot"": ""2026-10-07"", ""admission"": ""pending"", ""admission_reason"": ""Quantity, context, source lineage and assay comprehensiveness require review"", ""policy_version"": 1, ""as_of"": ""2026-10-07"", ""status"": ""pending_scope_review"", ""age_years"": 6.896787750604051, ""citations_per_year"": 5.799801508535133, ""recency_factor"": 1.0251740231600395, ""comprehensiveness_factor"": 1.235350122850123, ""score"": null, ""gap"": """", ""metadata_status"": ""ranked"", ""diagnostic_score"": 7.345151982341857, ""source_id"": ""invivo_brain_transcriptome"", ""pattern"": ""invivo_TZ_"", ""coverage_basis"": ""installed stored-value fraction; assay completeness unverified""}, {""dataset_id"": ""gse22258:rna22258_tachyzoite"", ""scope"": ""Tg_transcription_tachyzoite"", ""publication_id"": """", ""first_publication_date"": """", ""citations"": null, ""comprehensiveness"": 0.8063882063882064, ""citation_provider"": ""Europe PMC"", ""citation_snapshot"": ""2026-10-07"", ""admission"": ""pending"", ""admission_reason"": ""Quantity, context, source lineage and assay comprehensiveness require review"", ""policy_version"": 1, ""as_of"": ""2026-10-07"", ""status"": ""pending_scope_review"", ""age_years"": null, ""citations_per_year"": null, ""recency_factor"": null, ""comprehensiveness_factor"": null, ""score"": null, ""gap"": ""publication_id, first_publication_date, citations"", ""metadata_status"": ""metadata_incomplete"", ""diagnostic_score"": null, ""source_id"": ""gse22258"", ""pattern"": ""rna22258_tachyzoite"", ""coverage_basis"": ""installed stored-value fraction; assay completeness unverified""}, {""dataset_id"": ""gse99395:rna99395_intracellular_"", ""scope"": ""Tg_transcription_tachyzoite"", ""publication_id"": ""MED:29228904"", ""first_publication_date"": ""2017-12-11"", ""citations"": 28, ""comprehensiveness"": 0.9221130221130222, ""citation_provider"": ""Europe PMC"", ""citation_snapshot"": ""2026-10-07"", ""admission"": ""pending"", ""admission_reason"": ""Quantity, context, source lineage and assay comprehensiveness require review"", ""policy_version"": 1, ""as_of"": ""2026-10-07"", ""status"": ""pending_scope_review"", ""age_years"": 8.821536376516972, ""citations_per_year"": 3.1740502793296086, ""recency_factor"": 1.0171305412882645, ""comprehensiveness_factor"": 1.2305282555282555, ""score"": null, ""gap"": """", ""metadata_status"": ""ranked"", ""diagnostic_score"": 3.972666311339719, ""source_id"": ""gse99395"", ""pattern"": ""rna99395_intracellular_"", ""coverage_basis"": ""installed stored-value fraction; assay completeness unverified""}, {""dataset_id"": ""gse129869:rna129869_"", ""scope"": ""Tg_transcription_tachyzoite"", ""publication_id"": ""MED:31167946"", ""first_publication_date"": ""2019-06-05"", ""citations"": 22, ""comprehensiveness"": 0.9680589680589681, ""citation_provider"": ""Europe PMC"", ""citation_snapshot"": ""2026-10-07"", ""admission"": ""pending"", ""admission_reason"": ""Quantity, context, source lineage and assay comprehensiveness require review"", ""policy_version"": 1, ""as_of"": ""2026-10-07"", ""status"": ""pending_scope_review"", ""age_years"": 7.340328685736189, ""citations_per_year"": 2.9971409921671017, ""recency_factor"": 1.0230370651907554, ""comprehensiveness_factor"": 1.242014742014742, ""score"": null, ""gap"": """", ""metadata_status"": ""ranked"", ""diagnostic_score"": 3.8082486169042085, ""source_id"": ""gse129869"", ""pattern"": ""rna129869_"", ""coverage_basis"": ""installed stored-value fraction; assay completeness unverified""}, {""dataset_id"": ""gse51780:rna51780_tachy_"", ""scope"": ""Tg_transcription_tachyzoite"", ""publication_id"": ""MED:24885521"", ""first_publication_date"": ""2014-05-08"", ""citations"": 75, ""comprehensiveness"": 0.799017199017199, ""citation_provider"": ""Europe PMC"", ""citation_snapshot"": ""2026-10-07"", ""admission"": ""pending"", ""admission_reason"": ""Quantity, context, source lineage and assay comprehensiveness require review"", ""policy_version"": 1, ""as_of"": ""2026-10-07"", ""status"": ""pending_scope_review"", ""age_years"": 12.416408276692882, ""citations_per_year"": 6.040394156560088, ""recency_factor"": 1.0083468859622362, ""comprehensiveness_factor"": 1.1997542997542998, ""score"": null, ""gap"": """", ""metadata_status"": ""ranked"", ""diagnostic_score"": 7.307478651140614, ""source_id"": ""gse51780"", ""pattern"": ""rna51780_tachy_"", ""coverage_basis"": ""installed stored-value fraction; assay completeness unverified""}, {""dataset_id"": ""gse245775:rna245775_parent_tachy_"", ""scope"": ""Tg_transcription_tachyzoite"", ""publication_id"": ""MED:38782906"", ""first_publication_date"": ""2024-05-23"", ""citations"": 11, ""comprehensiveness"": 0.9680589680589681, ""citation_provider"": ""Europe PMC"", ""citation_snapshot"": ""2026-10-07"", ""admission"": ""pending"", ""admission_reason"": ""Quantity, context, source lineage and assay comprehensiveness require review"", ""policy_version"": 1, ""as_of"": ""2026-10-07"", ""status"": ""pending_scope_review"", ""age_years"": 2.373765375059036, ""citations_per_year"": 4.633987889273357, ""recency_factor"": 1.0622038634385578, ""comprehensiveness_factor"": 1.242014742014742, ""score"": null, ""gap"": """", ""metadata_status"": ""ranked"", ""diagnostic_score"": 6.113494443911422, ""source_id"": ""gse245775"", ""pattern"": ""rna245775_parent_tachy_"", ""coverage_basis"": ""installed stored-value fraction; assay completeness unverified""}]"
Tg_transcription_bradyzoite_tissue_cyst,Tg,transcription · bradyzoite / tissue cyst,bradyzoite,gene,average,[],4,0,,,False,0,,,False,source/assay review required; no automatic promotion,"[{""dataset_id"": ""gse108740:expr_cyst"", ""scope"": ""Tg_transcription_bradyzoite_tissue_cyst"", ""publication_id"": """", ""first_publication_date"": """", ""citations"": null, ""comprehensiveness"": 0.9507371007371007, ""citation_provider"": ""Europe PMC"", ""citation_snapshot"": ""2026-10-07"", ""admission"": ""pending"", ""admission_reason"": ""Quantity, context, source lineage and assay comprehensiveness require review"", ""policy_version"": 1, ""as_of"": ""2026-10-07"", ""status"": ""pending_scope_review"", ""age_years"": null, ""citations_per_year"": null, ""recency_factor"": null, ""comprehensiveness_factor"": null, ""score"": null, ""gap"": ""publication_id, first_publication_date, citations"", ""metadata_status"": ""metadata_incomplete"", ""diagnostic_score"": null, ""source_id"": ""gse108740"", ""pattern"": ""expr_cyst"", ""coverage_basis"": ""installed stored-value fraction; assay completeness unverified""}, {""dataset_id"": ""gse108740:rna108740_Tissue_cysts"", ""scope"": ""Tg_transcription_bradyzoite_tissue_cyst"", ""publication_id"": """", ""first_publication_date"": """", ""citations"": null, ""comprehensiveness"": 0.9507371007371007, ""citation_provider"": ""Europe PMC"", ""citation_snapshot"": ""2026-10-07"", ""admission"": ""pending"", ""admission_reason"": ""Quantity, context, source lineage and assay comprehensiveness require review"", ""policy_version"": 1, ""as_of"": ""2026-10-07"", ""status"": ""pending_scope_review"", ""age_years"": null, ""citations_per_year"": null, ""recency_factor"": null, ""comprehensiveness_factor"": null, ""score"": null, ""gap"": ""publication_id, first_publication_date, citations"", ""metadata_status"": ""metadata_incomplete"", ""diagnostic_score"": null, ""source_id"": ""gse108740"", ""pattern"": ""rna108740_Tissue_cysts"", ""coverage_basis"": ""installed stored-value fraction; assay completeness unverified""}, {""dataset_id"": ""gse108740:rna108740_Day"", ""scope"": ""Tg_transcription_bradyzoite_tissue_cyst"", ""publication_id"": """", ""first_publication_date"": """", ""citations"": null, ""comprehensiveness"": 0.9507371007371007, ""citation_provider"": ""Europe PMC"", ""citation_snapshot"": ""2026-10-07"", ""admission"": ""pending"", ""admission_reason"": ""Quantity, context, source lineage and assay comprehensiveness require review"", ""policy_version"": 1, ""as_of"": ""2026-10-07"", ""status"": ""pending_scope_review"", ""age_years"": null, ""citations_per_year"": null, ""recency_factor"": null, ""comprehensiveness_factor"": null, ""score"": null, ""gap"": ""publication_id, first_publication_date, citations"", ""metadata_status"": ""metadata_incomplete"", ""diagnostic_score"": null, ""source_id"": ""gse108740"", ""pattern"": ""rna108740_Day"", ""coverage_basis"": ""installed stored-value fraction; assay completeness unverified""}, {""dataset_id"": ""gse22258:rna22258_bradyzoite"", ""scope"": ""Tg_transcription_bradyzoite_tissue_cyst"", ""publication_id"": """", ""first_publication_date"": """", ""citations"": null, ""comprehensiveness"": 0.8063882063882064, ""citation_provider"": ""Europe PMC"", ""citation_snapshot"": ""2026-10-07"", ""admission"": ""pending"", ""admission_reason"": ""Quantity, context, source lineage and assay comprehensiveness require review"", ""policy_version"": 1, ""as_of"": ""2026-10-07"", ""status"": ""pending_scope_review"", ""age_years"": null, ""citations_per_year"": null, ""recency_factor"": null, ""comprehensiveness_factor"": null, ""score"": null, ""gap"": ""publication_id, first_publication_date, citations"", ""metadata_status"": ""metadata_incomplete"", ""diagnostic_score"": null, ""source_id"": ""gse22258"", ""pattern"": ""rna22258_bradyzoite"", ""coverage_basis"": ""installed stored-value fraction; assay completeness unverified""}]"
Tg_transcription_oocyst_sporozoite,Tg,transcription · oocyst / sporozoite,"oocyst, sporulation",gene,average,[],2,0,,,False,0,,,False,source/assay review required; no automatic promotion,"[{""dataset_id"": ""gse206344:rna206344_"", ""scope"": ""Tg_transcription_oocyst_sporozoite"", ""publication_id"": """", ""first_publication_date"": """", ""citations"": null, ""comprehensiveness"": 0.9796068796068796, ""citation_provider"": ""Europe PMC"", ""citation_snapshot"": ""2026-10-07"", ""admission"": ""pending"", ""admission_reason"": ""Quantity, context, source lineage and assay comprehensiveness require review"", ""policy_version"": 1, ""as_of"": ""2026-10-07"", ""status"": ""pending_scope_review"", ""age_years"": null, ""citations_per_year"": null, ""recency_factor"": null, ""comprehensiveness_factor"": null, ""score"": null, ""gap"": ""publication_id, first_publication_date, citations"", ""metadata_status"": ""metadata_incomplete"", ""diagnostic_score"": null, ""source_id"": ""gse206344"", ""pattern"": ""rna206344_"", ""coverage_basis"": ""installed stored-value fraction; assay completeness unverified""}, {""dataset_id"": ""gse206344:expr_sporulated"", ""scope"": ""Tg_transcription_oocyst_sporozoite"", ""publication_id"": """", ""first_publication_date"": """", ""citations"": null, ""comprehensiveness"": 0.9796068796068796, ""citation_provider"": ""Europe PMC"", ""citation_snapshot"": ""2026-10-07"", ""admission"": ""pending"", ""admission_reason"": ""Quantity, context, source lineage and assay comprehensiveness require review"", ""policy_version"": 1, ""as_of"": ""2026-10-07"", ""status"": ""pending_scope_review"", ""age_years"": null, ""citations_per_year"": null, ""recency_factor"": null, ""comprehensiveness_factor"": null, ""score"": null, ""gap"": ""publication_id, first_publication_date, citations"", ""metadata_status"": ""metadata_incomplete"", ""diagnostic_score"": null, ""source_id"": ""gse206344"", ""pattern"": ""expr_sporulated"", ""coverage_basis"": ""installed stored-value fraction; assay completeness unverified""}]"
Tg_transcription_merozoite,Tg,transcription · merozoite,merozoite,gene,one,"[""rna51780_mero_""]",1,0,,,False,1,gse51780,rna51780_mero_,False,source/assay review required; no automatic promotion,"[{""dataset_id"": ""gse51780:rna51780_mero_"", ""scope"": ""Tg_transcription_merozoite"", ""publication_id"": ""MED:24885521"", ""first_publication_date"": ""2014-05-08"", ""citations"": 75, ""comprehensiveness"": 0.799017199017199, ""citation_provider"": ""Europe PMC"", ""citation_snapshot"": ""2026-10-07"", ""admission"": ""pending"", ""admission_reason"": ""Quantity, context, source lineage and assay comprehensiveness require review"", ""policy_version"": 1, ""as_of"": ""2026-10-07"", ""status"": ""pending_scope_review"", ""age_years"": 12.416408276692882, ""citations_per_year"": 6.040394156560088, ""recency_factor"": 1.0083468859622362, ""comprehensiveness_factor"": 1.1997542997542998, ""score"": null, ""gap"": """", ""metadata_status"": ""ranked"", ""diagnostic_score"": 7.307478651140614, ""source_id"": ""gse51780"", ""pattern"": ""rna51780_mero_"", ""coverage_basis"": ""installed stored-value fraction; assay completeness unverified""}]"
Tg_transcription_sexual_stages,Tg,transcription · sexual stages,"feline gut, sexual",gene,one,"[""sexual_stage_8dpi_log2fc""]",1,0,,,False,1,sexual_stages,sexual_stage_8dpi_log2fc,False,source/assay review required; no automatic promotion,"[{""dataset_id"": ""sexual_stages:sexual_stage_8dpi_log2fc"", ""scope"": ""Tg_transcription_sexual_stages"", ""publication_id"": ""MED:42020723"", ""first_publication_date"": ""2026-04-22"", ""citations"": 1, ""comprehensiveness"": 0.5482800982800983, ""citation_provider"": ""Europe PMC"", ""citation_snapshot"": ""2026-10-07"", ""admission"": ""pending"", ""admission_reason"": ""Quantity, context, source lineage and assay comprehensiveness require review"", ""policy_version"": 1, ""as_of"": ""2026-10-07"", ""status"": ""pending_scope_review"", ""age_years"": 0.4599683771740693, ""citations_per_year"": 2.1740625, ""recency_factor"": 1.0912110918231808, ""comprehensiveness_factor"": 1.1370700245700245, ""score"": null, ""gap"": """", ""metadata_status"": ""ranked"", ""diagnostic_score"": 2.6975407105452125, ""source_id"": ""sexual_stages"", ""pattern"": ""sexual_stage_8dpi_log2fc"", ""coverage_basis"": ""installed stored-value fraction; assay completeness unverified""}]"
Tg_transcription_per_cell_cycle_phase,Tg,transcription · per cell-cycle phase,cell cycle,gene,separate,[],1,0,,,False,1,gse19092,cellcycle19092_,False,source/assay review required; no automatic promotion,"[{""dataset_id"": ""gse19092:cellcycle19092_"", ""scope"": ""Tg_transcription_per_cell_cycle_phase"", ""publication_id"": ""MED:20865045"", ""first_publication_date"": ""2010-08-26"", ""citations"": 258, ""comprehensiveness"": 0.799017199017199, ""citation_provider"": ""Europe PMC"", ""citation_snapshot"": ""2026-10-07"", ""admission"": ""pending"", ""admission_reason"": ""Quantity, context, source lineage and assay comprehensiveness require review"", ""policy_version"": 1, ""as_of"": ""2026-10-07"", ""status"": ""pending_scope_review"", ""age_years"": 16.115320643134357, ""citations_per_year"": 16.009610091743117, ""recency_factor"": 1.003983281819813, ""comprehensiveness_factor"": 1.1997542997542998, ""score"": null, ""gap"": """", ""metadata_status"": ""ranked"", ""diagnostic_score"": 19.284107823045034, ""source_id"": ""gse19092"", ""pattern"": ""cellcycle19092_"", ""coverage_basis"": ""installed stored-value fraction; assay completeness unverified""}]"
Tg_transcription_in_naive_macrophage,Tg,transcription · in naive macrophage,host: naive macrophage,gene,one,"[""macrophage_expression_percentile""]",1,0,,,False,0,,,False,source/assay review required; no automatic promotion,"[{""dataset_id"": ""toxodb_macrophage:macrophage_expression_percentile"", ""scope"": ""Tg_transcription_in_naive_macrophage"", ""publication_id"": """", ""first_publication_date"": """", ""citations"": null, ""comprehensiveness"": 1.0, ""citation_provider"": ""Europe PMC"", ""citation_snapshot"": ""2026-10-07"", ""admission"": ""pending"", ""admission_reason"": ""Quantity, context, source lineage and assay comprehensiveness require review"", ""policy_version"": 1, ""as_of"": ""2026-10-07"", ""status"": ""pending_scope_review"", ""age_years"": null, ""citations_per_year"": null, ""recency_factor"": null, ""comprehensiveness_factor"": null, ""score"": null, ""gap"": ""publication_id, first_publication_date, citations"", ""metadata_status"": ""metadata_incomplete"", ""diagnostic_score"": null, ""source_id"": ""toxodb_macrophage"", ""pattern"": ""macrophage_expression_percentile"", ""coverage_basis"": ""installed stored-value fraction; assay completeness unverified""}]"
Tg_transcription_in_ifn_gamma_macrophage,Tg,transcription · in IFN-gamma macrophage,host: IFN-g macrophage,gene,one,[],0,0,,,False,0,,,False,source/assay review required; no automatic promotion,[]
Tg_transcription_in_vivo_brain_acute,Tg,"transcription · in vivo brain, acute","mouse brain, acute",gene,average,[],1,0,,,False,1,invivo_brain_transcriptome,invivo_WholeBrain_Acute,False,source/assay review required; no automatic promotion,"[{""dataset_id"": ""invivo_brain_transcriptome:invivo_WholeBrain_Acute"", ""scope"": ""Tg_transcription_in_vivo_brain_acute"", ""publication_id"": ""MED:31726967"", ""first_publication_date"": ""2019-11-14"", ""citations"": 40, ""comprehensiveness"": 0.9414004914004914, ""citation_provider"": ""Europe PMC"", ""citation_snapshot"": ""2026-10-07"", ""admission"": ""pending"", ""admission_reason"": ""Quantity, context, source lineage and assay comprehensiveness require review"", ""policy_version"": 1, ""as_of"": ""2026-10-07"", ""status"": ""pending_scope_review"", ""age_years"": 6.896787750604051, ""citations_per_year"": 5.799801508535133, ""recency_factor"": 1.0251740231600395, ""comprehensiveness_factor"": 1.235350122850123, ""score"": null, ""gap"": """", ""metadata_status"": ""ranked"", ""diagnostic_score"": 7.345151982341857, ""source_id"": ""invivo_brain_transcriptome"", ""pattern"": ""invivo_WholeBrain_Acute"", ""coverage_basis"": ""installed stored-value fraction; assay completeness unverified""}]"
Tg_transcription_in_vivo_brain_chronic,Tg,"transcription · in vivo brain, chronic","mouse brain, chronic",gene,average,[],1,0,,,False,1,invivo_brain_transcriptome,invivo_WholeBrain_Chronic,False,source/assay review required; no automatic promotion,"[{""dataset_id"": ""invivo_brain_transcriptome:invivo_WholeBrain_Chronic"", ""scope"": ""Tg_transcription_in_vivo_brain_chronic"", ""publication_id"": ""MED:31726967"", ""first_publication_date"": ""2019-11-14"", ""citations"": 40, ""comprehensiveness"": 0.9414004914004914, ""citation_provider"": ""Europe PMC"", ""citation_snapshot"": ""2026-10-07"", ""admission"": ""pending"", ""admission_reason"": ""Quantity, context, source lineage and assay comprehensiveness require review"", ""policy_version"": 1, ""as_of"": ""2026-10-07"", ""status"": ""pending_scope_review"", ""age_years"": 6.896787750604051, ""citations_per_year"": 5.799801508535133, ""recency_factor"": 1.0251740231600395, ""comprehensiveness_factor"": 1.235350122850123, ""score"": null, ""gap"": """", ""metadata_status"": ""ranked"", ""diagnostic_score"": 7.345151982341857, ""source_id"": ""invivo_brain_transcriptome"", ""pattern"": ""invivo_WholeBrain_Chronic"", ""coverage_basis"": ""installed stored-value fraction; assay completeness unverified""}]"
Tg_transcription_purified_bradyzoite_in_vivo,Tg,transcription · purified bradyzoite in vivo,"mouse brain, purified bradyzoite",gene,average,[],1,0,,,False,1,invivo_brain_transcriptome,invivo_BZ_,False,source/assay review required; no automatic promotion,"[{""dataset_id"": ""invivo_brain_transcriptome:invivo_BZ_"", ""scope"": ""Tg_transcription_purified_bradyzoite_in_vivo"", ""publication_id"": ""MED:31726967"", ""first_publication_date"": ""2019-11-14"", ""citations"": 40, ""comprehensiveness"": 0.9414004914004914, ""citation_provider"": ""Europe PMC"", ""citation_snapshot"": ""2026-10-07"", ""admission"": ""pending"", ""admission_reason"": ""Quantity, context, source lineage and assay comprehensiveness require review"", ""policy_version"": 1, ""as_of"": ""2026-10-07"", ""status"": ""pending_scope_review"", ""age_years"": 6.896787750604051, ""citations_per_year"": 5.799801508535133, ""recency_factor"": 1.0251740231600395, ""comprehensiveness_factor"": 1.235350122850123, ""score"": null, ""gap"": """", ""metadata_status"": ""ranked"", ""diagnostic_score"": 7.345151982341857, ""source_id"": ""invivo_brain_transcriptome"", ""pattern"": ""invivo_BZ_"", ""coverage_basis"": ""installed stored-value fraction; assay completeness unverified""}]"
Tg_transcription_primary_brain_cell_differentiation_time_course,Tg,transcription · primary brain-cell differentiation time course,"infected primary brain cells, day 1-14",gene,separate,[],1,0,,,False,1,gse168465,brain168465_,False,source/assay review required; no automatic promotion,"[{""dataset_id"": ""gse168465:brain168465_"", ""scope"": ""Tg_transcription_primary_brain_cell_differentiation_time_course"", ""publication_id"": ""MED:34610266"", ""first_publication_date"": ""2021-10-06"", ""citations"": 27, ""comprehensiveness"": 0.9137592137592138, ""citation_provider"": ""Europe PMC"", ""citation_snapshot"": ""2026-10-07"", ""admission"": ""pending"", ""admission_reason"": ""Quantity, context, source lineage and assay comprehensiveness require review"", ""policy_version"": 1, ""as_of"": ""2026-10-07"", ""status"": ""pending_scope_review"", ""age_years"": 5.002156101768003, ""citations_per_year"": 5.397672413793104, ""recency_factor"": 1.0367720838267596, ""comprehensiveness_factor"": 1.2284398034398034, ""score"": null, ""gap"": """", ""metadata_status"": ""ranked"", ""diagnostic_score"": 6.874540870342356, ""source_id"": ""gse168465"", ""pattern"": ""brain168465_"", ""coverage_basis"": ""installed stored-value fraction; assay completeness unverified""}]"
Tg_transcription_under_stress_conversion,Tg,transcription · under stress / conversion,"alkaline, stress",gene,separate,[],2,0,,,False,2,gse132248_stress,stress_,False,source/assay review required; no automatic promotion,"[{""dataset_id"": ""gse132248_stress:stress_"", ""scope"": ""Tg_transcription_under_stress_conversion"", ""publication_id"": ""MED:31955846"", ""first_publication_date"": ""2020-01-16"", ""citations"": 237, ""comprehensiveness"": 0.9680589680589681, ""citation_provider"": ""Europe PMC"", ""citation_snapshot"": ""2026-10-07"", ""admission"": ""pending"", ""admission_reason"": ""Quantity, context, source lineage and assay comprehensiveness require review"", ""policy_version"": 1, ""as_of"": ""2026-10-07"", ""status"": ""pending_scope_review"", ""age_years"": 6.724299609163775, ""citations_per_year"": 35.24530639250814, ""recency_factor"": 1.0260576206341008, ""comprehensiveness_factor"": 1.242014742014742, ""score"": null, ""gap"": """", ""metadata_status"": ""ranked"", ""diagnostic_score"": 44.91586742381885, ""source_id"": ""gse132248_stress"", ""pattern"": ""stress_"", ""coverage_basis"": ""installed stored-value fraction; assay completeness unverified""}, {""dataset_id"": ""gse245775:rna245775_parent_prebrady_"", ""scope"": ""Tg_transcription_under_stress_conversion"", ""publication_id"": ""MED:38782906"", ""first_publication_date"": ""2024-05-23"", ""citations"": 11, ""comprehensiveness"": 0.9680589680589681, ""citation_provider"": ""Europe PMC"", ""citation_snapshot"": ""2026-10-07"", ""admission"": ""pending"", ""admission_reason"": ""Quantity, context, source lineage and assay comprehensiveness require review"", ""policy_version"": 1, ""as_of"": ""2026-10-07"", ""status"": ""pending_scope_review"", ""age_years"": 2.373765375059036, ""citations_per_year"": 4.633987889273357, ""recency_factor"": 1.0622038634385578, ""comprehensiveness_factor"": 1.242014742014742, ""score"": null, ""gap"": """", ""metadata_status"": ""ranked"", ""diagnostic_score"": 6.113494443911422, ""source_id"": ""gse245775"", ""pattern"": ""rna245775_parent_prebrady_"", ""coverage_basis"": ""installed stored-value fraction; assay completeness unverified""}]"
Tg_transcription_extracellular_lytic_stress,Tg,transcription · extracellular lytic stress,extracellular tachyzoite,gene,separate,[],1,0,,,False,1,gse99395,rna99395_extracellular_,False,source/assay review required; no automatic promotion,"[{""dataset_id"": ""gse99395:rna99395_extracellular_"", ""scope"": ""Tg_transcription_extracellular_lytic_stress"", ""publication_id"": ""MED:29228904"", ""first_publication_date"": ""2017-12-11"", ""citations"": 28, ""comprehensiveness"": 0.9221130221130222, ""citation_provider"": ""Europe PMC"", ""citation_snapshot"": ""2026-10-07"", ""admission"": ""pending"", ""admission_reason"": ""Quantity, context, source lineage and assay comprehensiveness require review"", ""policy_version"": 1, ""as_of"": ""2026-10-07"", ""status"": ""pending_scope_review"", ""age_years"": 8.821536376516972, ""citations_per_year"": 3.1740502793296086, ""recency_factor"": 1.0171305412882645, ""comprehensiveness_factor"": 1.2305282555282555, ""score"": null, ""gap"": """", ""metadata_status"": ""ranked"", ""diagnostic_score"": 3.972666311339719, ""source_id"": ""gse99395"", ""pattern"": ""rna99395_extracellular_"", ""coverage_basis"": ""installed stored-value fraction; assay completeness unverified""}]"
Tg_transcription_under_tf_or_chromatin_perturbation,Tg,transcription · under TF or chromatin perturbation,perturbation,gene,separate,[],1,0,,,False,0,,,False,source/assay review required; no automatic promotion,"[{""dataset_id"": ""morc_depletion:morc_"", ""scope"": ""Tg_transcription_under_tf_or_chromatin_perturbation"", ""publication_id"": """", ""first_publication_date"": """", ""citations"": null, ""comprehensiveness"": 0.9632678132678133, ""citation_provider"": ""Europe PMC"", ""citation_snapshot"": ""2026-10-07"", ""admission"": ""pending"", ""admission_reason"": ""Quantity, context, source lineage and assay comprehensiveness require review"", ""policy_version"": 1, ""as_of"": ""2026-10-07"", ""status"": ""pending_scope_review"", ""age_years"": null, ""citations_per_year"": null, ""recency_factor"": null, ""comprehensiveness_factor"": null, ""score"": null, ""gap"": ""publication_id, first_publication_date, citations"", ""metadata_status"": ""metadata_incomplete"", ""diagnostic_score"": null, ""source_id"": ""morc_depletion"", ""pattern"": ""morc_"", ""coverage_basis"": ""installed stored-value fraction; assay completeness unverified""}]"
Tg_transcription_under_rna_processing_perturbation,Tg,transcription · under RNA-processing perturbation,"CPSF4 depletion, tachyzoite",gene,separate,[],1,0,,,False,1,gse168155,cpsf4rna168155_,False,source/assay review required; no automatic promotion,"[{""dataset_id"": ""gse168155:cpsf4rna168155_"", ""scope"": ""Tg_transcription_under_rna_processing_perturbation"", ""publication_id"": ""MED:34263725"", ""first_publication_date"": ""2021-07-15"", ""citations"": 38, ""comprehensiveness"": 0.9667076167076167, ""citation_provider"": ""Europe PMC"", ""citation_snapshot"": ""2026-10-07"", ""admission"": ""pending"", ""admission_reason"": ""Quantity, context, source lineage and assay comprehensiveness require review"", ""policy_version"": 1, ""as_of"": ""2026-10-07"", ""status"": ""pending_scope_review"", ""age_years"": 5.22940238334805, ""citations_per_year"": 7.266604712041885, ""recency_factor"": 1.0351382299218848, ""comprehensiveness_factor"": 1.2416769041769042, ""score"": null, ""gap"": """", ""metadata_status"": ""ranked"", ""diagnostic_score"": 9.33981959373785, ""source_id"": ""gse168155"", ""pattern"": ""cpsf4rna168155_"", ""coverage_basis"": ""installed stored-value fraction; assay completeness unverified""}]"
Tg_transcription_bradyzoite_checkpoint_perturbation,Tg,transcription · bradyzoite checkpoint perturbation,tachyzoite and bradyzoite cyclin perturbation,gene,separate,[],1,0,,,False,0,,,False,source/assay review required; no automatic promotion,"[{""dataset_id"": ""gse200962:restriction200962_"", ""scope"": ""Tg_transcription_bradyzoite_checkpoint_perturbation"", ""publication_id"": """", ""first_publication_date"": """", ""citations"": null, ""comprehensiveness"": 0.9680589680589681, ""citation_provider"": ""Europe PMC"", ""citation_snapshot"": ""2026-10-07"", ""admission"": ""pending"", ""admission_reason"": ""Quantity, context, source lineage and assay comprehensiveness require review"", ""policy_version"": 1, ""as_of"": ""2026-10-07"", ""status"": ""pending_scope_review"", ""age_years"": null, ""citations_per_year"": null, ""recency_factor"": null, ""comprehensiveness_factor"": null, ""score"": null, ""gap"": ""publication_id, first_publication_date, citations"", ""metadata_status"": ""metadata_incomplete"", ""diagnostic_score"": null, ""source_id"": ""gse200962"", ""pattern"": ""restriction200962_"", ""coverage_basis"": ""installed stored-value fraction; assay completeness unverified""}]"
Tg_transcription_maximum_observed_across_stages,Tg,transcription · maximum observed across stages,cross-stage summary,gene,one,"[""expr_max""]",1,0,,,False,0,,,False,source/assay review required; no automatic promotion,"[{""dataset_id"": ""gse108740:expr_max"", ""scope"": ""Tg_transcription_maximum_observed_across_stages"", ""publication_id"": """", ""first_publication_date"": """", ""citations"": null, ""comprehensiveness"": 0.9988943488943489, ""citation_provider"": ""Europe PMC"", ""citation_snapshot"": ""2026-10-07"", ""admission"": ""pending"", ""admission_reason"": ""Quantity, context, source lineage and assay comprehensiveness require review"", ""policy_version"": 1, ""as_of"": ""2026-10-07"", ""status"": ""pending_scope_review"", ""age_years"": null, ""citations_per_year"": null, ""recency_factor"": null, ""comprehensiveness_factor"": null, ""score"": null, ""gap"": ""publication_id, first_publication_date, citations"", ""metadata_status"": ""metadata_incomplete"", ""diagnostic_score"": null, ""source_id"": ""gse108740"", ""pattern"": ""expr_max"", ""coverage_basis"": ""installed stored-value fraction; assay completeness unverified""}]"
Tg_cell_cycle_timing_label,Tg,cell-cycle timing label,single-parasite atlas,gene,one,"[""cellcycle_pseudotime""]",1,0,,,False,1,xue_singlecell,cellcycle_pseudotime,False,source/assay review required; no automatic promotion,"[{""dataset_id"": ""xue_singlecell:cellcycle_pseudotime"", ""scope"": ""Tg_cell_cycle_timing_label"", ""publication_id"": ""MED:32065584"", ""first_publication_date"": ""2020-02-17"", ""citations"": 71, ""comprehensiveness"": 0.9212530712530712, ""citation_provider"": ""Europe PMC"", ""citation_snapshot"": ""2026-10-07"", ""admission"": ""pending"", ""admission_reason"": ""Quantity, context, source lineage and assay comprehensiveness require review"", ""policy_version"": 1, ""as_of"": ""2026-10-07"", ""status"": ""pending_scope_review"", ""age_years"": 6.636686584940143, ""citations_per_year"": 10.69810952970297, ""recency_factor"": 1.0265182418799363, ""comprehensiveness_factor"": 1.2303132678132678, ""score"": null, ""gap"": """", ""metadata_status"": ""ranked"", ""diagnostic_score"": 13.511059886528063, ""source_id"": ""xue_singlecell"", ""pattern"": ""cellcycle_pseudotime"", ""coverage_basis"": ""installed stored-value fraction; assay completeness unverified""}]"
Tg_life_cycle_stage_label_derived,Tg,life-cycle stage label (derived),cross-stage derived target,gene,one,"[""stage_margin_derived""]",1,0,,,False,0,,,False,source/assay review required; no automatic promotion,"[{""dataset_id"": ""stage_enriched:stage_margin_derived"", ""scope"": ""Tg_life_cycle_stage_label_derived"", ""publication_id"": """", ""first_publication_date"": """", ""citations"": null, ""comprehensiveness"": 0.23476658476658477, ""citation_provider"": ""Europe PMC"", ""citation_snapshot"": ""2026-10-07"", ""admission"": ""pending"", ""admission_reason"": ""Quantity, context, source lineage and assay comprehensiveness require review"", ""policy_version"": 1, ""as_of"": ""2026-10-07"", ""status"": ""pending_scope_review"", ""age_years"": null, ""citations_per_year"": null, ""recency_factor"": null, ""comprehensiveness_factor"": null, ""score"": null, ""gap"": ""publication_id, first_publication_date, citations"", ""metadata_status"": ""metadata_incomplete"", ""diagnostic_score"": null, ""source_id"": ""stage_enriched"", ""pattern"": ""stage_margin_derived"", ""coverage_basis"": ""installed stored-value fraction; assay completeness unverified""}]"
Tg_translation_tachyzoite,Tg,translation · tachyzoite,"tachyzoite, in vitro",gene,separate,[],3,0,,,False,3,gse245775,rpf245775_parent_tachy_,False,source/assay review required; no automatic promotion,"[{""dataset_id"": ""gse99395:rpf99395_intracellular_"", ""scope"": ""Tg_translation_tachyzoite"", ""publication_id"": ""MED:29228904"", ""first_publication_date"": ""2017-12-11"", ""citations"": 28, ""comprehensiveness"": 0.9221130221130222, ""citation_provider"": ""Europe PMC"", ""citation_snapshot"": ""2026-10-07"", ""admission"": ""pending"", ""admission_reason"": ""Quantity, context, source lineage and assay comprehensiveness require review"", ""policy_version"": 1, ""as_of"": ""2026-10-07"", ""status"": ""pending_scope_review"", ""age_years"": 8.821536376516972, ""citations_per_year"": 3.1740502793296086, ""recency_factor"": 1.0171305412882645, ""comprehensiveness_factor"": 1.2305282555282555, ""score"": null, ""gap"": """", ""metadata_status"": ""ranked"", ""diagnostic_score"": 3.972666311339719, ""source_id"": ""gse99395"", ""pattern"": ""rpf99395_intracellular_"", ""coverage_basis"": ""installed stored-value fraction; assay completeness unverified""}, {""dataset_id"": ""gse129869:rpf129869_"", ""scope"": ""Tg_translation_tachyzoite"", ""publication_id"": ""MED:31167946"", ""first_publication_date"": ""2019-06-05"", ""citations"": 22, ""comprehensiveness"": 0.9680589680589681, ""citation_provider"": ""Europe PMC"", ""citation_snapshot"": ""2026-10-07"", ""admission"": ""pending"", ""admission_reason"": ""Quantity, context, source lineage and assay comprehensiveness require review"", ""policy_version"": 1, ""as_of"": ""2026-10-07"", ""status"": ""pending_scope_review"", ""age_years"": 7.340328685736189, ""citations_per_year"": 2.9971409921671017, ""recency_factor"": 1.0230370651907554, ""comprehensiveness_factor"": 1.242014742014742, ""score"": null, ""gap"": """", ""metadata_status"": ""ranked"", ""diagnostic_score"": 3.8082486169042085, ""source_id"": ""gse129869"", ""pattern"": ""rpf129869_"", ""coverage_basis"": ""installed stored-value fraction; assay completeness unverified""}, {""dataset_id"": ""gse245775:rpf245775_parent_tachy_"", ""scope"": ""Tg_translation_tachyzoite"", ""publication_id"": ""MED:38782906"", ""first_publication_date"": ""2024-05-23"", ""citations"": 11, ""comprehensiveness"": 0.9680589680589681, ""citation_provider"": ""Europe PMC"", ""citation_snapshot"": ""2026-10-07"", ""admission"": ""pending"", ""admission_reason"": ""Quantity, context, source lineage and assay comprehensiveness require review"", ""policy_version"": 1, ""as_of"": ""2026-10-07"", ""status"": ""pending_scope_review"", ""age_years"": 2.373765375059036, ""citations_per_year"": 4.633987889273357, ""recency_factor"": 1.0622038634385578, ""comprehensiveness_factor"": 1.242014742014742, ""score"": null, ""gap"": """", ""metadata_status"": ""ranked"", ""diagnostic_score"": 6.113494443911422, ""source_id"": ""gse245775"", ""pattern"": ""rpf245775_parent_tachy_"", ""coverage_basis"": ""installed stored-value fraction; assay completeness unverified""}]"
Tg_translation_bradyzoite,Tg,translation · bradyzoite,"pre-bradyzoite, alkaline-induced",gene,one,"[""rpf245775_parent_prebrady_""]",1,0,,,False,1,gse245775,rpf245775_parent_prebrady_,False,source/assay review required; no automatic promotion,"[{""dataset_id"": ""gse245775:rpf245775_parent_prebrady_"", ""scope"": ""Tg_translation_bradyzoite"", ""publication_id"": ""MED:38782906"", ""first_publication_date"": ""2024-05-23"", ""citations"": 11, ""comprehensiveness"": 0.9680589680589681, ""citation_provider"": ""Europe PMC"", ""citation_snapshot"": ""2026-10-07"", ""admission"": ""pending"", ""admission_reason"": ""Quantity, context, source lineage and assay comprehensiveness require review"", ""policy_version"": 1, ""as_of"": ""2026-10-07"", ""status"": ""pending_scope_review"", ""age_years"": 2.373765375059036, ""citations_per_year"": 4.633987889273357, ""recency_factor"": 1.0622038634385578, ""comprehensiveness_factor"": 1.242014742014742, ""score"": null, ""gap"": """", ""metadata_status"": ""ranked"", ""diagnostic_score"": 6.113494443911422, ""source_id"": ""gse245775"", ""pattern"": ""rpf245775_parent_prebrady_"", ""coverage_basis"": ""installed stored-value fraction; assay completeness unverified""}]"
Tg_translation_per_cell_cycle_phase,Tg,translation · per cell-cycle phase,cell cycle,gene,one,[],0,0,,,False,0,,,False,source/assay review required; no automatic promotion,[]
Tg_translation_under_stress,Tg,translation · under stress,extracellular stress or iron,gene,separate,[],1,0,,,False,1,gse99395,rpf99395_extracellular_,False,source/assay review required; no automatic promotion,"[{""dataset_id"": ""gse99395:rpf99395_extracellular_"", ""scope"": ""Tg_translation_under_stress"", ""publication_id"": ""MED:29228904"", ""first_publication_date"": ""2017-12-11"", ""citations"": 28, ""comprehensiveness"": 0.9221130221130222, ""citation_provider"": ""Europe PMC"", ""citation_snapshot"": ""2026-10-07"", ""admission"": ""pending"", ""admission_reason"": ""Quantity, context, source lineage and assay comprehensiveness require review"", ""policy_version"": 1, ""as_of"": ""2026-10-07"", ""status"": ""pending_scope_review"", ""age_years"": 8.821536376516972, ""citations_per_year"": 3.1740502793296086, ""recency_factor"": 1.0171305412882645, ""comprehensiveness_factor"": 1.2305282555282555, ""score"": null, ""gap"": """", ""metadata_status"": ""ranked"", ""diagnostic_score"": 3.972666311339719, ""source_id"": ""gse99395"", ""pattern"": ""rpf99395_extracellular_"", ""coverage_basis"": ""installed stored-value fraction; assay completeness unverified""}]"
Tg_translation_efficiency_tachyzoite,Tg,translation efficiency · tachyzoite,"tachyzoite, in vitro",gene,separate,[],4,0,,,False,4,gse245775,te245775_parent_tachy_,False,source/assay review required; no automatic promotion,"[{""dataset_id"": ""gse302107_riboseq:te302107_tachy_"", ""scope"": ""Tg_translation_efficiency_tachyzoite"", ""publication_id"": ""PPR:PPR1050829"", ""first_publication_date"": ""2025-07-14"", ""citations"": 0, ""comprehensiveness"": 0.7329238329238329, ""citation_provider"": ""Europe PMC"", ""citation_snapshot"": ""2026-10-07"", ""admission"": ""pending"", ""admission_reason"": ""Quantity, context, source lineage and assay comprehensiveness require review"", ""policy_version"": 1, ""as_of"": ""2026-10-07"", ""status"": ""pending_scope_review"", ""age_years"": 1.2320581531448285, ""citations_per_year"": 0.0, ""recency_factor"": 1.0781600428023503, ""comprehensiveness_factor"": 1.1832309582309581, ""score"": null, ""gap"": """", ""metadata_status"": ""ranked"", ""diagnostic_score"": 0.0, ""source_id"": ""gse302107_riboseq"", ""pattern"": ""te302107_tachy_"", ""coverage_basis"": ""installed stored-value fraction; assay completeness unverified""}, {""dataset_id"": ""gse99395:te99395_intracellular_"", ""scope"": ""Tg_translation_efficiency_tachyzoite"", ""publication_id"": ""MED:29228904"", ""first_publication_date"": ""2017-12-11"", ""citations"": 28, ""comprehensiveness"": 0.9221130221130222, ""citation_provider"": ""Europe PMC"", ""citation_snapshot"": ""2026-10-07"", ""admission"": ""pending"", ""admission_reason"": ""Quantity, context, source lineage and assay comprehensiveness require review"", ""policy_version"": 1, ""as_of"": ""2026-10-07"", ""status"": ""pending_scope_review"", ""age_years"": 8.821536376516972, ""citations_per_year"": 3.1740502793296086, ""recency_factor"": 1.0171305412882645, ""comprehensiveness_factor"": 1.2305282555282555, ""score"": null, ""gap"": """", ""metadata_status"": ""ranked"", ""diagnostic_score"": 3.972666311339719, ""source_id"": ""gse99395"", ""pattern"": ""te99395_intracellular_"", ""coverage_basis"": ""installed stored-value fraction; assay completeness unverified""}, {""dataset_id"": ""gse129869:te129869_"", ""scope"": ""Tg_translation_efficiency_tachyzoite"", ""publication_id"": ""MED:31167946"", ""first_publication_date"": ""2019-06-05"", ""citations"": 22, ""comprehensiveness"": 0.9680589680589681, ""citation_provider"": ""Europe PMC"", ""citation_snapshot"": ""2026-10-07"", ""admission"": ""pending"", ""admission_reason"": ""Quantity, context, source lineage and assay comprehensiveness require review"", ""policy_version"": 1, ""as_of"": ""2026-10-07"", ""status"": ""pending_scope_review"", ""age_years"": 7.340328685736189, ""citations_per_year"": 2.9971409921671017, ""recency_factor"": 1.0230370651907554, ""comprehensiveness_factor"": 1.242014742014742, ""score"": null, ""gap"": """", ""metadata_status"": ""ranked"", ""diagnostic_score"": 3.8082486169042085, ""source_id"": ""gse129869"", ""pattern"": ""te129869_"", ""coverage_basis"": ""installed stored-value fraction; assay completeness unverified""}, {""dataset_id"": ""gse245775:te245775_parent_tachy_"", ""scope"": ""Tg_translation_efficiency_tachyzoite"", ""publication_id"": ""MED:38782906"", ""first_publication_date"": ""2024-05-23"", ""citations"": 11, ""comprehensiveness"": 0.9680589680589681, ""citation_provider"": ""Europe PMC"", ""citation_snapshot"": ""2026-10-07"", ""admission"": ""pending"", ""admission_reason"": ""Quantity, context, source lineage and assay comprehensiveness require review"", ""policy_version"": 1, ""as_of"": ""2026-10-07"", ""status"": ""pending_scope_review"", ""age_years"": 2.373765375059036, ""citations_per_year"": 4.633987889273357, ""recency_factor"": 1.0622038634385578, ""comprehensiveness_factor"": 1.242014742014742, ""score"": null, ""gap"": """", ""metadata_status"": ""ranked"", ""diagnostic_score"": 6.113494443911422, ""source_id"": ""gse245775"", ""pattern"": ""te245775_parent_tachy_"", ""coverage_basis"": ""installed stored-value fraction; assay completeness unverified""}]"
Tg_translation_efficiency_extracellular_stress,Tg,translation efficiency · extracellular stress,extracellular stress,gene,separate,[],1,0,,,False,1,gse99395,te99395_extracellular_,False,source/assay review required; no automatic promotion,"[{""dataset_id"": ""gse99395:te99395_extracellular_"", ""scope"": ""Tg_translation_efficiency_extracellular_stress"", ""publication_id"": ""MED:29228904"", ""first_publication_date"": ""2017-12-11"", ""citations"": 28, ""comprehensiveness"": 0.9221130221130222, ""citation_provider"": ""Europe PMC"", ""citation_snapshot"": ""2026-10-07"", ""admission"": ""pending"", ""admission_reason"": ""Quantity, context, source lineage and assay comprehensiveness require review"", ""policy_version"": 1, ""as_of"": ""2026-10-07"", ""status"": ""pending_scope_review"", ""age_years"": 8.821536376516972, ""citations_per_year"": 3.1740502793296086, ""recency_factor"": 1.0171305412882645, ""comprehensiveness_factor"": 1.2305282555282555, ""score"": null, ""gap"": """", ""metadata_status"": ""ranked"", ""diagnostic_score"": 3.972666311339719, ""source_id"": ""gse99395"", ""pattern"": ""te99395_extracellular_"", ""coverage_basis"": ""installed stored-value fraction; assay completeness unverified""}]"
Tg_translation_efficiency_bradyzoite,Tg,translation efficiency · bradyzoite,"pre-bradyzoite, alkaline-induced",gene,separate,[],1,0,,,False,1,gse245775,te245775_parent_prebrady_,False,source/assay review required; no automatic promotion,"[{""dataset_id"": ""gse245775:te245775_parent_prebrady_"", ""scope"": ""Tg_translation_efficiency_bradyzoite"", ""publication_id"": ""MED:38782906"", ""first_publication_date"": ""2024-05-23"", ""citations"": 11, ""comprehensiveness"": 0.9680589680589681, ""citation_provider"": ""Europe PMC"", ""citation_snapshot"": ""2026-10-07"", ""admission"": ""pending"", ""admission_reason"": ""Quantity, context, source lineage and assay comprehensiveness require review"", ""policy_version"": 1, ""as_of"": ""2026-10-07"", ""status"": ""pending_scope_review"", ""age_years"": 2.373765375059036, ""citations_per_year"": 4.633987889273357, ""recency_factor"": 1.0622038634385578, ""comprehensiveness_factor"": 1.242014742014742, ""score"": null, ""gap"": """", ""metadata_status"": ""ranked"", ""diagnostic_score"": 6.113494443911422, ""source_id"": ""gse245775"", ""pattern"": ""te245775_parent_prebrady_"", ""coverage_basis"": ""installed stored-value fraction; assay completeness unverified""}]"
Tg_translation_under_initiation_factor_depletion,Tg,translation · under initiation-factor depletion,"eIF1.2 knockout, tachyzoite and pre-bradyzoite",gene,separate,[],2,0,,,False,2,gse245775,rpf245775_eif12ko_,False,source/assay review required; no automatic promotion,"[{""dataset_id"": ""gse245775:rpf245775_eif12ko_"", ""scope"": ""Tg_translation_under_initiation_factor_depletion"", ""publication_id"": ""MED:38782906"", ""first_publication_date"": ""2024-05-23"", ""citations"": 11, ""comprehensiveness"": 0.9680589680589681, ""citation_provider"": ""Europe PMC"", ""citation_snapshot"": ""2026-10-07"", ""admission"": ""pending"", ""admission_reason"": ""Quantity, context, source lineage and assay comprehensiveness require review"", ""policy_version"": 1, ""as_of"": ""2026-10-07"", ""status"": ""pending_scope_review"", ""age_years"": 2.373765375059036, ""citations_per_year"": 4.633987889273357, ""recency_factor"": 1.0622038634385578, ""comprehensiveness_factor"": 1.242014742014742, ""score"": null, ""gap"": """", ""metadata_status"": ""ranked"", ""diagnostic_score"": 6.113494443911422, ""source_id"": ""gse245775"", ""pattern"": ""rpf245775_eif12ko_"", ""coverage_basis"": ""installed stored-value fraction; assay completeness unverified""}, {""dataset_id"": ""gse245775:te245775_eif12ko_"", ""scope"": ""Tg_translation_under_initiation_factor_depletion"", ""publication_id"": ""MED:38782906"", ""first_publication_date"": ""2024-05-23"", ""citations"": 11, ""comprehensiveness"": 0.9680589680589681, ""citation_provider"": ""Europe PMC"", ""citation_snapshot"": ""2026-10-07"", ""admission"": ""pending"", ""admission_reason"": ""Quantity, context, source lineage and assay comprehensiveness require review"", ""policy_version"": 1, ""as_of"": ""2026-10-07"", ""status"": ""pending_scope_review"", ""age_years"": 2.373765375059036, ""citations_per_year"": 4.633987889273357, ""recency_factor"": 1.0622038634385578, ""comprehensiveness_factor"": 1.242014742014742, ""score"": null, ""gap"": """", ""metadata_status"": ""ranked"", ""diagnostic_score"": 6.113494443911422, ""source_id"": ""gse245775"", ""pattern"": ""te245775_eif12ko_"", ""coverage_basis"": ""installed stored-value fraction; assay completeness unverified""}]"
Tg_transcription_under_initiation_factor_depletion,Tg,transcription · under initiation-factor depletion,"eIF1.2 knockout, tachyzoite and pre-bradyzoite",gene,separate,[],1,0,,,False,1,gse245775,rna245775_eif12ko_,False,source/assay review required; no automatic promotion,"[{""dataset_id"": ""gse245775:rna245775_eif12ko_"", ""scope"": ""Tg_transcription_under_initiation_factor_depletion"", ""publication_id"": ""MED:38782906"", ""first_publication_date"": ""2024-05-23"", ""citations"": 11, ""comprehensiveness"": 0.9680589680589681, ""citation_provider"": ""Europe PMC"", ""citation_snapshot"": ""2026-10-07"", ""admission"": ""pending"", ""admission_reason"": ""Quantity, context, source lineage and assay comprehensiveness require review"", ""policy_version"": 1, ""as_of"": ""2026-10-07"", ""status"": ""pending_scope_review"", ""age_years"": 2.373765375059036, ""citations_per_year"": 4.633987889273357, ""recency_factor"": 1.0622038634385578, ""comprehensiveness_factor"": 1.242014742014742, ""score"": null, ""gap"": """", ""metadata_status"": ""ranked"", ""diagnostic_score"": 6.113494443911422, ""source_id"": ""gse245775"", ""pattern"": ""rna245775_eif12ko_"", ""coverage_basis"": ""installed stored-value fraction; assay completeness unverified""}]"
Tg_protein_abundance_tachyzoite,Tg,protein abundance · tachyzoite,tachyzoite,gene,fill,[],2,0,,,False,1,proteome_total,proteome_,False,source/assay review required; no automatic promotion,"[{""dataset_id"": ""proteome_total:proteome_"", ""scope"": ""Tg_protein_abundance_tachyzoite"", ""publication_id"": ""MED:38093015"", ""first_publication_date"": ""2023-12-13"", ""citations"": 62, ""comprehensiveness"": 0.3691646191646192, ""citation_provider"": ""Europe PMC"", ""citation_snapshot"": ""2026-10-07"", ""admission"": ""pending"", ""admission_reason"": ""Quantity, context, source lineage and assay comprehensiveness require review"", ""policy_version"": 1, ""as_of"": ""2026-10-07"", ""status"": ""pending_scope_review"", ""age_years"": 2.8173063101911744, ""citations_per_year"": 22.006836734693877, ""recency_factor"": 1.0569235377293844, ""comprehensiveness_factor"": 1.092291154791155, ""score"": null, ""gap"": """", ""metadata_status"": ""ranked"", ""diagnostic_score"": 25.40619388716404, ""source_id"": ""proteome_total"", ""pattern"": ""proteome_"", ""coverage_basis"": ""installed stored-value fraction; assay completeness unverified""}, {""dataset_id"": ""proteome_pru:protein_ibaq_log2"", ""scope"": ""Tg_protein_abundance_tachyzoite"", ""publication_id"": """", ""first_publication_date"": """", ""citations"": null, ""comprehensiveness"": 0.0918918918918919, ""citation_provider"": ""Europe PMC"", ""citation_snapshot"": ""2026-10-07"", ""admission"": ""pending"", ""admission_reason"": ""Quantity, context, source lineage and assay comprehensiveness require review"", ""policy_version"": 1, ""as_of"": ""2026-10-07"", ""status"": ""pending_scope_review"", ""age_years"": null, ""citations_per_year"": null, ""recency_factor"": null, ""comprehensiveness_factor"": null, ""score"": null, ""gap"": ""publication_id, first_publication_date, citations"", ""metadata_status"": ""metadata_incomplete"", ""diagnostic_score"": null, ""source_id"": ""proteome_pru"", ""pattern"": ""protein_ibaq_log2"", ""coverage_basis"": ""installed stored-value fraction; assay completeness unverified""}]"
Tg_protein_abundance_other_life_stages,Tg,protein abundance · other life stages,stages,gene,separate,[],1,0,,,False,1,oocyst_itraq,oocyst_,False,source/assay review required; no automatic promotion,"[{""dataset_id"": ""oocyst_itraq:oocyst_"", ""scope"": ""Tg_protein_abundance_other_life_stages"", ""publication_id"": ""MED:28626452"", ""first_publication_date"": ""2017-06-02"", ""citations"": 27, ""comprehensiveness"": 0.2554054054054054, ""citation_provider"": ""Europe PMC"", ""citation_snapshot"": ""2026-10-07"", ""admission"": ""pending"", ""admission_reason"": ""Quantity, context, source lineage and assay comprehensiveness require review"", ""policy_version"": 1, ""as_of"": ""2026-10-07"", ""status"": ""pending_scope_review"", ""age_years"": 9.347214521858765, ""citations_per_year"": 2.888561072056239, ""recency_factor"": 1.0154209547354347, ""comprehensiveness_factor"": 1.0638513513513514, ""score"": null, ""gap"": """", ""metadata_status"": ""ranked"", ""diagnostic_score"": 3.1203881877010526, ""source_id"": ""oocyst_itraq"", ""pattern"": ""oocyst_"", ""coverage_basis"": ""installed stored-value fraction; assay completeness unverified""}]"
Tg_thermal_stability_melting_temperature,Tg,thermal stability (melting temperature),tachyzoite,gene,one,"[""melting_temperature_tm""]",1,0,,,False,1,melting_temperature,melting_temperature_tm,False,source/assay review required; no automatic promotion,"[{""dataset_id"": ""melting_temperature:melting_temperature_tm"", ""scope"": ""Tg_thermal_stability_melting_temperature"", ""publication_id"": ""MED:35976251"", ""first_publication_date"": ""2022-08-17"", ""citations"": 27, ""comprehensiveness"": 0.3832923832923833, ""citation_provider"": ""Europe PMC"", ""citation_snapshot"": ""2026-10-07"", ""admission"": ""pending"", ""admission_reason"": ""Quantity, context, source lineage and assay comprehensiveness require review"", ""policy_version"": 1, ""as_of"": ""2026-10-07"", ""status"": ""pending_scope_review"", ""age_years"": 4.139715394566624, ""citations_per_year"": 6.5221875, ""recency_factor"": 1.0436947128371965, ""comprehensiveness_factor"": 1.095823095823096, ""score"": null, ""gap"": """", ""metadata_status"": ""ranked"", ""diagnostic_score"": 7.459456963164011, ""source_id"": ""melting_temperature"", ""pattern"": ""melting_temperature_tm"", ""coverage_basis"": ""installed stored-value fraction; assay completeness unverified""}]"
Tg_protein_turnover,Tg,protein turnover,tachyzoite,gene,one,[],0,0,,,False,0,,,False,source/assay review required; no automatic promotion,[]
Tg_phosphorylation_site_count,Tg,phosphorylation · site count,tachyzoite,gene,one,"[""n_phosphosites""]",2,0,,,False,0,,,False,source/assay review required; no automatic promotion,"[{""dataset_id"": ""phosphosites:n_phosphosites"", ""scope"": ""Tg_phosphorylation_site_count"", ""publication_id"": """", ""first_publication_date"": """", ""citations"": null, ""comprehensiveness"": 0.14434889434889434, ""citation_provider"": ""Europe PMC"", ""citation_snapshot"": ""2026-10-07"", ""admission"": ""pending"", ""admission_reason"": ""Quantity, context, source lineage and assay comprehensiveness require review"", ""policy_version"": 1, ""as_of"": ""2026-10-07"", ""status"": ""pending_scope_review"", ""age_years"": null, ""citations_per_year"": null, ""recency_factor"": null, ""comprehensiveness_factor"": null, ""score"": null, ""gap"": ""publication_id, first_publication_date, citations"", ""metadata_status"": ""metadata_incomplete"", ""diagnostic_score"": null, ""source_id"": ""phosphosites"", ""pattern"": ""n_phosphosites"", ""coverage_basis"": ""installed stored-value fraction; assay completeness unverified""}, {""dataset_id"": ""phosphosites:has_phospho"", ""scope"": ""Tg_phosphorylation_site_count"", ""publication_id"": """", ""first_publication_date"": """", ""citations"": null, ""comprehensiveness"": 1.0, ""citation_provider"": ""Europe PMC"", ""citation_snapshot"": ""2026-10-07"", ""admission"": ""pending"", ""admission_reason"": ""Quantity, context, source lineage and assay comprehensiveness require review"", ""policy_version"": 1, ""as_of"": ""2026-10-07"", ""status"": ""pending_scope_review"", ""age_years"": null, ""citations_per_year"": null, ""recency_factor"": null, ""comprehensiveness_factor"": null, ""score"": null, ""gap"": ""publication_id, first_publication_date, citations"", ""metadata_status"": ""metadata_incomplete"", ""diagnostic_score"": null, ""source_id"": ""phosphosites"", ""pattern"": ""has_phospho"", ""coverage_basis"": ""installed stored-value fraction; assay completeness unverified""}]"
Tg_phosphorylation_quantitative,Tg,phosphorylation · quantitative,tachyzoite,gene,average,[],1,0,,,False,1,phospho_quantitative,phospho_,False,source/assay review required; no automatic promotion,"[{""dataset_id"": ""phospho_quantitative:phospho_"", ""scope"": ""Tg_phosphorylation_quantitative"", ""publication_id"": ""MED:35164288"", ""first_publication_date"": ""2022-02-02"", ""citations"": 2, ""comprehensiveness"": 0.19692874692874693, ""citation_provider"": ""Europe PMC"", ""citation_snapshot"": ""2026-10-07"", ""admission"": ""pending"", ""admission_reason"": ""Quantity, context, source lineage and assay comprehensiveness require review"", ""policy_version"": 1, ""as_of"": ""2026-10-07"", ""status"": ""pending_scope_review"", ""age_years"": 4.676345167936371, ""citations_per_year"": 0.4276844262295082, ""recency_factor"": 1.0392480260954027, ""comprehensiveness_factor"": 1.0492321867321868, ""score"": null, ""gap"": """", ""metadata_status"": ""ranked"", ""diagnostic_score"": 0.46635243542485433, ""source_id"": ""phospho_quantitative"", ""pattern"": ""phospho_"", ""coverage_basis"": ""installed stored-value fraction; assay completeness unverified""}]"
Tg_phosphorylation_kinase_substrate,Tg,phosphorylation · kinase-substrate,perturbation,gene,separate,[],1,0,,,False,1,cdpk1_substrates,cdpk1_thiophospho_peptides,False,source/assay review required; no automatic promotion,"[{""dataset_id"": ""cdpk1_substrates:cdpk1_thiophospho_peptides"", ""scope"": ""Tg_phosphorylation_kinase_substrate"", ""publication_id"": ""MED:37933960"", ""first_publication_date"": ""2023-11-07"", ""citations"": 14, ""comprehensiveness"": 0.04508599508599508, ""citation_provider"": ""Europe PMC"", ""citation_snapshot"": ""2026-10-07"", ""admission"": ""pending"", ""admission_reason"": ""Quantity, context, source lineage and assay comprehensiveness require review"", ""policy_version"": 1, ""as_of"": ""2026-10-07"", ""status"": ""pending_scope_review"", ""age_years"": 2.9158709624427606, ""citations_per_year"": 4.80130985915493, ""recency_factor"": 1.0558123959021284, ""comprehensiveness_factor"": 1.0112714987714988, ""score"": null, ""gap"": """", ""metadata_status"": ""ranked"", ""diagnostic_score"": 5.126420876949231, ""source_id"": ""cdpk1_substrates"", ""pattern"": ""cdpk1_thiophospho_peptides"", ""coverage_basis"": ""installed stored-value fraction; assay completeness unverified""}]"
Tg_acetylation,Tg,acetylation,life stages,gene,one,"[""n_acetylation_sites""]",1,0,,,False,0,,,False,source/assay review required; no automatic promotion,"[{""dataset_id"": ""pride_acetylation:n_acetylation_sites"", ""scope"": ""Tg_acetylation"", ""publication_id"": """", ""first_publication_date"": """", ""citations"": null, ""comprehensiveness"": 0.4816953316953317, ""citation_provider"": ""Europe PMC"", ""citation_snapshot"": ""2026-10-07"", ""admission"": ""pending"", ""admission_reason"": ""Quantity, context, source lineage and assay comprehensiveness require review"", ""policy_version"": 1, ""as_of"": ""2026-10-07"", ""status"": ""pending_scope_review"", ""age_years"": null, ""citations_per_year"": null, ""recency_factor"": null, ""comprehensiveness_factor"": null, ""score"": null, ""gap"": ""publication_id, first_publication_date, citations"", ""metadata_status"": ""metadata_incomplete"", ""diagnostic_score"": null, ""source_id"": ""pride_acetylation"", ""pattern"": ""n_acetylation_sites"", ""coverage_basis"": ""installed stored-value fraction; assay completeness unverified""}]"
Tg_n_myristoylation,Tg,N-myristoylation,tachyzoite,gene,one,"[""myristoylation_confidence""]",1,0,,,False,1,myristoylome,myristoylation_confidence,False,source/assay review required; no automatic promotion,"[{""dataset_id"": ""myristoylome:myristoylation_confidence"", ""scope"": ""Tg_n_myristoylation"", ""publication_id"": ""MED:32618271"", ""first_publication_date"": ""2020-07-03"", ""citations"": 32, ""comprehensiveness"": 0.007985257985257985, ""citation_provider"": ""Europe PMC"", ""citation_snapshot"": ""2026-10-07"", ""admission"": ""pending"", ""admission_reason"": ""Quantity, context, source lineage and assay comprehensiveness require review"", ""policy_version"": 1, ""as_of"": ""2026-10-07"", ""status"": ""pending_scope_review"", ""age_years"": 6.261593324982717, ""citations_per_year"": 5.110520332313074, ""recency_factor"": 1.028584125777607, ""comprehensiveness_factor"": 1.0019963144963144, ""score"": null, ""gap"": """", ""metadata_status"": ""ranked"", ""diagnostic_score"": 5.267093915238492, ""source_id"": ""myristoylome"", ""pattern"": ""myristoylation_confidence"", ""coverage_basis"": ""installed stored-value fraction; assay completeness unverified""}]"
Tg_arginine_methylation,Tg,arginine methylation,tachyzoite,gene,one,"[""n_arginine_methylation_sites""]",1,0,,,False,0,,,False,source/assay review required; no automatic promotion,"[{""dataset_id"": ""toxodb_arginine_methylation:n_arginine_methylation_sites"", ""scope"": ""Tg_arginine_methylation"", ""publication_id"": """", ""first_publication_date"": """", ""citations"": null, ""comprehensiveness"": 0.04520884520884521, ""citation_provider"": ""Europe PMC"", ""citation_snapshot"": ""2026-10-07"", ""admission"": ""pending"", ""admission_reason"": ""Quantity, context, source lineage and assay comprehensiveness require review"", ""policy_version"": 1, ""as_of"": ""2026-10-07"", ""status"": ""pending_scope_review"", ""age_years"": null, ""citations_per_year"": null, ""recency_factor"": null, ""comprehensiveness_factor"": null, ""score"": null, ""gap"": ""publication_id, first_publication_date, citations"", ""metadata_status"": ""metadata_incomplete"", ""diagnostic_score"": null, ""source_id"": ""toxodb_arginine_methylation"", ""pattern"": ""n_arginine_methylation_sites"", ""coverage_basis"": ""installed stored-value fraction; assay completeness unverified""}]"
Tg_lactylation,Tg,lactylation,tachyzoite,gene,one,"[""n_lactylation_sites""]",1,0,,,False,0,,,False,source/assay review required; no automatic promotion,"[{""dataset_id"": ""pride_lactylation:n_lactylation_sites"", ""scope"": ""Tg_lactylation"", ""publication_id"": """", ""first_publication_date"": """", ""citations"": null, ""comprehensiveness"": 0.06326781326781326, ""citation_provider"": ""Europe PMC"", ""citation_snapshot"": ""2026-10-07"", ""admission"": ""pending"", ""admission_reason"": ""Quantity, context, source lineage and assay comprehensiveness require review"", ""policy_version"": 1, ""as_of"": ""2026-10-07"", ""status"": ""pending_scope_review"", ""age_years"": null, ""citations_per_year"": null, ""recency_factor"": null, ""comprehensiveness_factor"": null, ""score"": null, ""gap"": ""publication_id, first_publication_date, citations"", ""metadata_status"": ""metadata_incomplete"", ""diagnostic_score"": null, ""source_id"": ""pride_lactylation"", ""pattern"": ""n_lactylation_sites"", ""coverage_basis"": ""installed stored-value fraction; assay completeness unverified""}]"
Tg_s_nitrosylation,Tg,S-nitrosylation,tachyzoite,gene,one,"[""n_nitrosylation_sites""]",1,0,,,False,0,,,False,source/assay review required; no automatic promotion,"[{""dataset_id"": ""pride_nitrosylation:n_nitrosylation_sites"", ""scope"": ""Tg_s_nitrosylation"", ""publication_id"": """", ""first_publication_date"": """", ""citations"": null, ""comprehensiveness"": 0.08108108108108109, ""citation_provider"": ""Europe PMC"", ""citation_snapshot"": ""2026-10-07"", ""admission"": ""pending"", ""admission_reason"": ""Quantity, context, source lineage and assay comprehensiveness require review"", ""policy_version"": 1, ""as_of"": ""2026-10-07"", ""status"": ""pending_scope_review"", ""age_years"": null, ""citations_per_year"": null, ""recency_factor"": null, ""comprehensiveness_factor"": null, ""score"": null, ""gap"": ""publication_id, first_publication_date, citations"", ""metadata_status"": ""metadata_incomplete"", ""diagnostic_score"": null, ""source_id"": ""pride_nitrosylation"", ""pattern"": ""n_nitrosylation_sites"", ""coverage_basis"": ""installed stored-value fraction; assay completeness unverified""}]"
Tg_ubiquitination_sumoylation,Tg,ubiquitination / SUMOylation,tachyzoite,gene,one,"[""n_ubiquitination_sites""]",1,0,,,False,0,,,False,source/assay review required; no automatic promotion,"[{""dataset_id"": ""pride_ubiquitination:n_ubiquitination_sites"", ""scope"": ""Tg_ubiquitination_sumoylation"", ""publication_id"": """", ""first_publication_date"": """", ""citations"": null, ""comprehensiveness"": 0.01597051597051597, ""citation_provider"": ""Europe PMC"", ""citation_snapshot"": ""2026-10-07"", ""admission"": ""pending"", ""admission_reason"": ""Quantity, context, source lineage and assay comprehensiveness require review"", ""policy_version"": 1, ""as_of"": ""2026-10-07"", ""status"": ""pending_scope_review"", ""age_years"": null, ""citations_per_year"": null, ""recency_factor"": null, ""comprehensiveness_factor"": null, ""score"": null, ""gap"": ""publication_id, first_publication_date, citations"", ""metadata_status"": ""metadata_incomplete"", ""diagnostic_score"": null, ""source_id"": ""pride_ubiquitination"", ""pattern"": ""n_ubiquitination_sites"", ""coverage_basis"": ""installed stored-value fraction; assay completeness unverified""}]"
Tg_glycosylation,Tg,glycosylation,tachyzoite,gene,one,"[""n_o_fucosyl_peptides""]",1,0,,,False,0,,,False,source/assay review required; no automatic promotion,"[{""dataset_id"": ""pride_glycosylation:n_o_fucosyl_peptides"", ""scope"": ""Tg_glycosylation"", ""publication_id"": """", ""first_publication_date"": """", ""citations"": null, ""comprehensiveness"": 0.048402948402948405, ""citation_provider"": ""Europe PMC"", ""citation_snapshot"": ""2026-10-07"", ""admission"": ""pending"", ""admission_reason"": ""Quantity, context, source lineage and assay comprehensiveness require review"", ""policy_version"": 1, ""as_of"": ""2026-10-07"", ""status"": ""pending_scope_review"", ""age_years"": null, ""citations_per_year"": null, ""recency_factor"": null, ""comprehensiveness_factor"": null, ""score"": null, ""gap"": ""publication_id, first_publication_date, citations"", ""metadata_status"": ""metadata_incomplete"", ""diagnostic_score"": null, ""source_id"": ""pride_glycosylation"", ""pattern"": ""n_o_fucosyl_peptides"", ""coverage_basis"": ""installed stored-value fraction; assay completeness unverified""}]"
Tg_transcription_bradyzoite_subtype_in_vivo,Tg,transcription · bradyzoite subtype in vivo,"mouse brain cyst, 30 days",gene,separate,[],1,0,,,False,1,brady_subtypes,bzsub_,False,source/assay review required; no automatic promotion,"[{""dataset_id"": ""brady_subtypes:bzsub_"", ""scope"": ""Tg_transcription_bradyzoite_subtype_in_vivo"", ""publication_id"": ""MED:41580398"", ""first_publication_date"": ""2026-01-24"", ""citations"": 2, ""comprehensiveness"": 0.9680589680589681, ""citation_provider"": ""Europe PMC"", ""citation_snapshot"": ""2026-10-07"", ""admission"": ""pending"", ""admission_reason"": ""Quantity, context, source lineage and assay comprehensiveness require review"", ""policy_version"": 1, ""as_of"": ""2026-10-07"", ""status"": ""pending_scope_review"", ""age_years"": 0.700904193789058, ""citations_per_year"": 2.85345703125, ""recency_factor"": 1.0869201035949727, ""comprehensiveness_factor"": 1.242014742014742, ""score"": null, ""gap"": """", ""metadata_status"": ""ranked"", ""diagnostic_score"": 3.852083648577597, ""source_id"": ""brady_subtypes"", ""pattern"": ""bzsub_"", ""coverage_basis"": ""installed stored-value fraction; assay completeness unverified""}]"
Tg_protein_abundance_under_stress,Tg,protein abundance · under stress,"iron depletion, 24 h",gene,separate,[],1,0,,,False,1,iron_depletion_proteome,iron_depletion_protein_,False,source/assay review required; no automatic promotion,"[{""dataset_id"": ""iron_depletion_proteome:iron_depletion_protein_"", ""scope"": ""Tg_protein_abundance_under_stress"", ""publication_id"": ""MED:41925342"", ""first_publication_date"": ""2026-04-02"", ""citations"": 2, ""comprehensiveness"": 0.605896805896806, ""citation_provider"": ""Europe PMC"", ""citation_snapshot"": ""2026-10-07"", ""admission"": ""pending"", ""admission_reason"": ""Quantity, context, source lineage and assay comprehensiveness require review"", ""policy_version"": 1, ""as_of"": ""2026-10-07"", ""status"": ""pending_scope_review"", ""age_years"": 0.5147265173138394, ""citations_per_year"": 3.885558510638298, ""recency_factor"": 1.0902176318052585, ""comprehensiveness_factor"": 1.1514742014742014, ""score"": null, ""gap"": """", ""metadata_status"": ""ranked"", ""diagnostic_score"": 4.877764928713154, ""source_id"": ""iron_depletion_proteome"", ""pattern"": ""iron_depletion_protein_"", ""coverage_basis"": ""installed stored-value fraction; assay completeness unverified""}]"
Tg_transcription_under_iron_depletion,Tg,transcription · under iron depletion,"iron depletion, 24 h",gene,one,"[""iron_depletion_rna_log2fc""]",1,0,,,False,1,iron_depletion_proteome,iron_depletion_rna_log2fc,False,source/assay review required; no automatic promotion,"[{""dataset_id"": ""iron_depletion_proteome:iron_depletion_rna_log2fc"", ""scope"": ""Tg_transcription_under_iron_depletion"", ""publication_id"": ""MED:41925342"", ""first_publication_date"": ""2026-04-02"", ""citations"": 2, ""comprehensiveness"": 0.3812039312039312, ""citation_provider"": ""Europe PMC"", ""citation_snapshot"": ""2026-10-07"", ""admission"": ""pending"", ""admission_reason"": ""Quantity, context, source lineage and assay comprehensiveness require review"", ""policy_version"": 1, ""as_of"": ""2026-10-07"", ""status"": ""pending_scope_review"", ""age_years"": 0.5147265173138394, ""citations_per_year"": 3.885558510638298, ""recency_factor"": 1.0902176318052585, ""comprehensiveness_factor"": 1.0953009828009828, ""score"": null, ""gap"": """", ""metadata_status"": ""ranked"", ""diagnostic_score"": 4.639809310058071, ""source_id"": ""iron_depletion_proteome"", ""pattern"": ""iron_depletion_rna_log2fc"", ""coverage_basis"": ""installed stored-value fraction; assay completeness unverified""}]"
Tg_organelle_surface_membrane_contact_site,Tg,organelle surface / membrane contact site,TurboID on outer membranes,gene,separate,[],3,0,,,False,3,organelle_surface_turboid,surface_apicoplast_,False,source/assay review required; no automatic promotion,"[{""dataset_id"": ""organelle_surface_turboid:surface_apicoplast_"", ""scope"": ""Tg_organelle_surface_membrane_contact_site"", ""publication_id"": ""PPR:PPR1293271"", ""first_publication_date"": ""2026-08-05"", ""citations"": 0, ""comprehensiveness"": 0.054914004914004916, ""citation_provider"": ""Europe PMC"", ""citation_snapshot"": ""2026-10-07"", ""admission"": ""pending"", ""admission_reason"": ""Quantity, context, source lineage and assay comprehensiveness require review"", ""policy_version"": 1, ""as_of"": ""2026-10-07"", ""status"": ""pending_scope_review"", ""age_years"": 0.17248814144027597, ""citations_per_year"": 0.0, ""recency_factor"": 1.0966090630972465, ""comprehensiveness_factor"": 1.0137285012285013, ""score"": null, ""gap"": """", ""metadata_status"": ""ranked"", ""diagnostic_score"": 0.0, ""source_id"": ""organelle_surface_turboid"", ""pattern"": ""surface_apicoplast_"", ""coverage_basis"": ""installed stored-value fraction; assay completeness unverified""}, {""dataset_id"": ""organelle_surface_turboid:surface_mitochondrion_"", ""scope"": ""Tg_organelle_surface_membrane_contact_site"", ""publication_id"": ""PPR:PPR1293271"", ""first_publication_date"": ""2026-08-05"", ""citations"": 0, ""comprehensiveness"": 0.043366093366093365, ""citation_provider"": ""Europe PMC"", ""citation_snapshot"": ""2026-10-07"", ""admission"": ""pending"", ""admission_reason"": ""Quantity, context, source lineage and assay comprehensiveness require review"", ""policy_version"": 1, ""as_of"": ""2026-10-07"", ""status"": ""pending_scope_review"", ""age_years"": 0.17248814144027597, ""citations_per_year"": 0.0, ""recency_factor"": 1.0966090630972465, ""comprehensiveness_factor"": 1.0108415233415233, ""score"": null, ""gap"": """", ""metadata_status"": ""ranked"", ""diagnostic_score"": 0.0, ""source_id"": ""organelle_surface_turboid"", ""pattern"": ""surface_mitochondrion_"", ""coverage_basis"": ""installed stored-value fraction; assay completeness unverified""}, {""dataset_id"": ""organelle_surface_turboid:surface_er_"", ""scope"": ""Tg_organelle_surface_membrane_contact_site"", ""publication_id"": ""PPR:PPR1293271"", ""first_publication_date"": ""2026-08-05"", ""citations"": 0, ""comprehensiveness"": 0.06314496314496315, ""citation_provider"": ""Europe PMC"", ""citation_snapshot"": ""2026-10-07"", ""admission"": ""pending"", ""admission_reason"": ""Quantity, context, source lineage and assay comprehensiveness require review"", ""policy_version"": 1, ""as_of"": ""2026-10-07"", ""status"": ""pending_scope_review"", ""age_years"": 0.17248814144027597, ""citations_per_year"": 0.0, ""recency_factor"": 1.0966090630972465, ""comprehensiveness_factor"": 1.0157862407862408, ""score"": null, ""gap"": """", ""metadata_status"": ""ranked"", ""diagnostic_score"": 0.0, ""source_id"": ""organelle_surface_turboid"", ""pattern"": ""surface_er_"", ""coverage_basis"": ""installed stored-value fraction; assay completeness unverified""}]"
Tg_palmitoylation,Tg,palmitoylation,tachyzoite,gene,separate,[],1,0,,,False,1,toxodb_palmitome,palmitome_,False,source/assay review required; no automatic promotion,"[{""dataset_id"": ""toxodb_palmitome:palmitome_"", ""scope"": ""Tg_palmitoylation"", ""publication_id"": ""MED:26468752"", ""first_publication_date"": ""2015-10-01"", ""citations"": 72, ""comprehensiveness"": 0.05995085995085995, ""citation_provider"": ""Europe PMC"", ""citation_snapshot"": ""2026-10-07"", ""admission"": ""pending"", ""admission_reason"": ""Quantity, context, source lineage and assay comprehensiveness require review"", ""policy_version"": 1, ""as_of"": ""2026-10-07"", ""status"": ""pending_scope_review"", ""age_years"": 11.017337796121755, ""citations_per_year"": 6.5351540755467195, ""recency_factor"": 1.0110419607225924, ""comprehensiveness_factor"": 1.014987714987715, ""score"": null, ""gap"": """", ""metadata_status"": ""ranked"", ""diagnostic_score"": 6.706343544071645, ""source_id"": ""toxodb_palmitome"", ""pattern"": ""palmitome_"", ""coverage_basis"": ""installed stored-value fraction; assay completeness unverified""}]"
Tg_fitness_hff_in_vitro,Tg,fitness · HFF in vitro,HFF,gene,one,"[""fit_invitro_hff""]",1,0,,,False,1,crispr_invitro,fit_invitro_hff,False,source/assay review required; no automatic promotion,"[{""dataset_id"": ""crispr_invitro:fit_invitro_hff"", ""scope"": ""Tg_fitness_hff_in_vitro"", ""publication_id"": ""MED:27594426"", ""first_publication_date"": ""2016-09-02"", ""citations"": 756, ""comprehensiveness"": 0.8998771498771498, ""citation_provider"": ""Europe PMC"", ""citation_snapshot"": ""2026-10-07"", ""admission"": ""pending"", ""admission_reason"": ""Quantity, context, source lineage and assay comprehensiveness require review"", ""policy_version"": 1, ""as_of"": ""2026-10-07"", ""status"": ""pending_scope_review"", ""age_years"": 10.094663134766627, ""citations_per_year"": 74.89105777054516, ""recency_factor"": 1.013279713354114, ""comprehensiveness_factor"": 1.2249692874692875, ""score"": null, ""gap"": """", ""metadata_status"": ""ranked"", ""diagnostic_score"": 92.95751656089269, ""source_id"": ""crispr_invitro"", ""pattern"": ""fit_invitro_hff"", ""coverage_basis"": ""installed stored-value fraction; assay completeness unverified""}]"
Tg_fitness_naive_macrophage,Tg,fitness · naive macrophage,naive BMDM,gene,one,"[""fit_naive_bmdm""]",1,0,,,False,1,crispr_macrophage,fit_naive_bmdm,False,source/assay review required; no automatic promotion,"[{""dataset_id"": ""crispr_macrophage:fit_naive_bmdm"", ""scope"": ""Tg_fitness_naive_macrophage"", ""publication_id"": ""MED:33067458"", ""first_publication_date"": ""2020-10-16"", ""citations"": 90, ""comprehensiveness"": 0.9093366093366093, ""citation_provider"": ""Europe PMC"", ""citation_snapshot"": ""2026-10-07"", ""admission"": ""pending"", ""admission_reason"": ""Quantity, context, source lineage and assay comprehensiveness require review"", ""policy_version"": 1, ""as_of"": ""2026-10-07"", ""status"": ""pending_scope_review"", ""age_years"": 5.974113089248924, ""citations_per_year"": 15.06499770852429, ""recency_factor"": 1.0302757653222898, ""comprehensiveness_factor"": 1.2273341523341523, ""score"": null, ""gap"": """", ""metadata_status"": ""ranked"", ""diagnostic_score"": 19.049578620131282, ""source_id"": ""crispr_macrophage"", ""pattern"": ""fit_naive_bmdm"", ""coverage_basis"": ""installed stored-value fraction; assay completeness unverified""}]"
Tg_fitness_ifn_gamma_macrophage,Tg,fitness · IFN-gamma macrophage,IFN-g BMDM,gene,one,"[""fit_ifng""]",1,0,,,False,1,crispr_macrophage,fit_ifng,False,source/assay review required; no automatic promotion,"[{""dataset_id"": ""crispr_macrophage:fit_ifng"", ""scope"": ""Tg_fitness_ifn_gamma_macrophage"", ""publication_id"": ""MED:33067458"", ""first_publication_date"": ""2020-10-16"", ""citations"": 90, ""comprehensiveness"": 0.9093366093366093, ""citation_provider"": ""Europe PMC"", ""citation_snapshot"": ""2026-10-07"", ""admission"": ""pending"", ""admission_reason"": ""Quantity, context, source lineage and assay comprehensiveness require review"", ""policy_version"": 1, ""as_of"": ""2026-10-07"", ""status"": ""pending_scope_review"", ""age_years"": 5.974113089248924, ""citations_per_year"": 15.06499770852429, ""recency_factor"": 1.0302757653222898, ""comprehensiveness_factor"": 1.2273341523341523, ""score"": null, ""gap"": """", ""metadata_status"": ""ranked"", ""diagnostic_score"": 19.049578620131282, ""source_id"": ""crispr_macrophage"", ""pattern"": ""fit_ifng"", ""coverage_basis"": ""installed stored-value fraction; assay completeness unverified""}]"
Tg_fitness_in_vivo_peritoneum,Tg,fitness · in vivo peritoneum,mouse peritoneum,gene,one,"[""fit_invivo_PE""]",1,0,,,False,1,crispr_invivo_composite,fit_invivo_PE,False,source/assay review required; no automatic promotion,"[{""dataset_id"": ""crispr_invivo_composite:fit_invivo_PE"", ""scope"": ""Tg_fitness_in_vivo_peritoneum"", ""publication_id"": ""MED:38977907"", ""first_publication_date"": ""2024-07-08"", ""citations"": 34, ""comprehensiveness"": 0.9164619164619164, ""citation_provider"": ""Europe PMC"", ""citation_snapshot"": ""2026-10-07"", ""admission"": ""pending"", ""admission_reason"": ""Quantity, context, source lineage and assay comprehensiveness require review"", ""policy_version"": 1, ""as_of"": ""2026-10-07"", ""status"": ""pending_scope_review"", ""age_years"": 2.2478216527375645, ""citations_per_year"": 15.125755176613888, ""recency_factor"": 1.0637906007251692, ""comprehensiveness_factor"": 1.229115479115479, ""score"": null, ""gap"": """", ""metadata_status"": ""ranked"", ""diagnostic_score"": 19.777250004723342, ""source_id"": ""crispr_invivo_composite"", ""pattern"": ""fit_invivo_PE"", ""coverage_basis"": ""installed stored-value fraction; assay completeness unverified""}]"
Tg_fitness_in_vivo_lung,Tg,fitness · in vivo lung,mouse lung,gene,one,"[""fit_invivo_lung""]",1,0,,,False,1,crispr_invivo_composite,fit_invivo_lung,False,source/assay review required; no automatic promotion,"[{""dataset_id"": ""crispr_invivo_composite:fit_invivo_lung"", ""scope"": ""Tg_fitness_in_vivo_lung"", ""publication_id"": ""MED:38977907"", ""first_publication_date"": ""2024-07-08"", ""citations"": 34, ""comprehensiveness"": 0.9164619164619164, ""citation_provider"": ""Europe PMC"", ""citation_snapshot"": ""2026-10-07"", ""admission"": ""pending"", ""admission_reason"": ""Quantity, context, source lineage and assay comprehensiveness require review"", ""policy_version"": 1, ""as_of"": ""2026-10-07"", ""status"": ""pending_scope_review"", ""age_years"": 2.2478216527375645, ""citations_per_year"": 15.125755176613888, ""recency_factor"": 1.0637906007251692, ""comprehensiveness_factor"": 1.229115479115479, ""score"": null, ""gap"": """", ""metadata_status"": ""ranked"", ""diagnostic_score"": 19.777250004723342, ""source_id"": ""crispr_invivo_composite"", ""pattern"": ""fit_invivo_lung"", ""coverage_basis"": ""installed stored-value fraction; assay completeness unverified""}]"
Tg_fitness_in_vivo_liver,Tg,fitness · in vivo liver,mouse liver,gene,one,"[""fit_invivo_liver""]",1,0,,,False,1,crispr_invivo_composite,fit_invivo_liver,False,source/assay review required; no automatic promotion,"[{""dataset_id"": ""crispr_invivo_composite:fit_invivo_liver"", ""scope"": ""Tg_fitness_in_vivo_liver"", ""publication_id"": ""MED:38977907"", ""first_publication_date"": ""2024-07-08"", ""citations"": 34, ""comprehensiveness"": 0.9164619164619164, ""citation_provider"": ""Europe PMC"", ""citation_snapshot"": ""2026-10-07"", ""admission"": ""pending"", ""admission_reason"": ""Quantity, context, source lineage and assay comprehensiveness require review"", ""policy_version"": 1, ""as_of"": ""2026-10-07"", ""status"": ""pending_scope_review"", ""age_years"": 2.2478216527375645, ""citations_per_year"": 15.125755176613888, ""recency_factor"": 1.0637906007251692, ""comprehensiveness_factor"": 1.229115479115479, ""score"": null, ""gap"": """", ""metadata_status"": ""ranked"", ""diagnostic_score"": 19.777250004723342, ""source_id"": ""crispr_invivo_composite"", ""pattern"": ""fit_invivo_liver"", ""coverage_basis"": ""installed stored-value fraction; assay completeness unverified""}]"
Tg_fitness_in_vivo_spleen,Tg,fitness · in vivo spleen,mouse spleen,gene,one,"[""fit_invivo_spleen""]",1,0,,,False,1,crispr_invivo_composite,fit_invivo_spleen,False,source/assay review required; no automatic promotion,"[{""dataset_id"": ""crispr_invivo_composite:fit_invivo_spleen"", ""scope"": ""Tg_fitness_in_vivo_spleen"", ""publication_id"": ""MED:38977907"", ""first_publication_date"": ""2024-07-08"", ""citations"": 34, ""comprehensiveness"": 0.9164619164619164, ""citation_provider"": ""Europe PMC"", ""citation_snapshot"": ""2026-10-07"", ""admission"": ""pending"", ""admission_reason"": ""Quantity, context, source lineage and assay comprehensiveness require review"", ""policy_version"": 1, ""as_of"": ""2026-10-07"", ""status"": ""pending_scope_review"", ""age_years"": 2.2478216527375645, ""citations_per_year"": 15.125755176613888, ""recency_factor"": 1.0637906007251692, ""comprehensiveness_factor"": 1.229115479115479, ""score"": null, ""gap"": """", ""metadata_status"": ""ranked"", ""diagnostic_score"": 19.777250004723342, ""source_id"": ""crispr_invivo_composite"", ""pattern"": ""fit_invivo_spleen"", ""coverage_basis"": ""installed stored-value fraction; assay completeness unverified""}]"
Tg_fitness_in_vivo_heart,Tg,fitness · in vivo heart,mouse heart,gene,one,"[""fit_invivo_heart""]",1,0,,,False,1,crispr_invivo_composite,fit_invivo_heart,False,source/assay review required; no automatic promotion,"[{""dataset_id"": ""crispr_invivo_composite:fit_invivo_heart"", ""scope"": ""Tg_fitness_in_vivo_heart"", ""publication_id"": ""MED:38977907"", ""first_publication_date"": ""2024-07-08"", ""citations"": 34, ""comprehensiveness"": 0.9164619164619164, ""citation_provider"": ""Europe PMC"", ""citation_snapshot"": ""2026-10-07"", ""admission"": ""pending"", ""admission_reason"": ""Quantity, context, source lineage and assay comprehensiveness require review"", ""policy_version"": 1, ""as_of"": ""2026-10-07"", ""status"": ""pending_scope_review"", ""age_years"": 2.2478216527375645, ""citations_per_year"": 15.125755176613888, ""recency_factor"": 1.0637906007251692, ""comprehensiveness_factor"": 1.229115479115479, ""score"": null, ""gap"": """", ""metadata_status"": ""ranked"", ""diagnostic_score"": 19.777250004723342, ""source_id"": ""crispr_invivo_composite"", ""pattern"": ""fit_invivo_heart"", ""coverage_basis"": ""installed stored-value fraction; assay completeness unverified""}]"
Tg_fitness_in_vivo_brain,Tg,fitness · in vivo brain,mouse brain,gene,one,"[""fit_invivo_brain""]",1,0,,,False,1,crispr_invivo_composite,fit_invivo_brain,False,source/assay review required; no automatic promotion,"[{""dataset_id"": ""crispr_invivo_composite:fit_invivo_brain"", ""scope"": ""Tg_fitness_in_vivo_brain"", ""publication_id"": ""MED:38977907"", ""first_publication_date"": ""2024-07-08"", ""citations"": 34, ""comprehensiveness"": 0.9164619164619164, ""citation_provider"": ""Europe PMC"", ""citation_snapshot"": ""2026-10-07"", ""admission"": ""pending"", ""admission_reason"": ""Quantity, context, source lineage and assay comprehensiveness require review"", ""policy_version"": 1, ""as_of"": ""2026-10-07"", ""status"": ""pending_scope_review"", ""age_years"": 2.2478216527375645, ""citations_per_year"": 15.125755176613888, ""recency_factor"": 1.0637906007251692, ""comprehensiveness_factor"": 1.229115479115479, ""score"": null, ""gap"": """", ""metadata_status"": ""ranked"", ""diagnostic_score"": 19.777250004723342, ""source_id"": ""crispr_invivo_composite"", ""pattern"": ""fit_invivo_brain"", ""coverage_basis"": ""installed stored-value fraction; assay completeness unverified""}]"
Tg_fitness_serum_restriction,Tg,fitness · serum restriction,"HFF, 10% and 1% FBS",gene,separate,[],3,0,,,False,3,crispr_serum_restriction,fit_lipid_rich_,False,source/assay review required; no automatic promotion,"[{""dataset_id"": ""crispr_serum_restriction:fit_lipid_rich_"", ""scope"": ""Tg_fitness_serum_restriction"", ""publication_id"": ""MED:41407671"", ""first_publication_date"": ""2025-12-17"", ""citations"": 4, ""comprehensiveness"": 0.9084766584766585, ""citation_provider"": ""Europe PMC"", ""citation_snapshot"": ""2026-10-07"", ""admission"": ""pending"", ""admission_reason"": ""Quantity, context, source lineage and assay comprehensiveness require review"", ""policy_version"": 1, ""as_of"": ""2026-10-07"", ""status"": ""pending_scope_review"", ""age_years"": 0.8049446600546212, ""citations_per_year"": 4.969285714285714, ""recency_factor"": 1.0851301493250636, ""comprehensiveness_factor"": 1.2271191646191646, ""score"": null, ""gap"": """", ""metadata_status"": ""ranked"", ""diagnostic_score"": 6.617021360213677, ""source_id"": ""crispr_serum_restriction"", ""pattern"": ""fit_lipid_rich_"", ""coverage_basis"": ""installed stored-value fraction; assay completeness unverified""}, {""dataset_id"": ""crispr_serum_restriction:fit_lipid_limited_"", ""scope"": ""Tg_fitness_serum_restriction"", ""publication_id"": ""MED:41407671"", ""first_publication_date"": ""2025-12-17"", ""citations"": 4, ""comprehensiveness"": 0.9084766584766585, ""citation_provider"": ""Europe PMC"", ""citation_snapshot"": ""2026-10-07"", ""admission"": ""pending"", ""admission_reason"": ""Quantity, context, source lineage and assay comprehensiveness require review"", ""policy_version"": 1, ""as_of"": ""2026-10-07"", ""status"": ""pending_scope_review"", ""age_years"": 0.8049446600546212, ""citations_per_year"": 4.969285714285714, ""recency_factor"": 1.0851301493250636, ""comprehensiveness_factor"": 1.2271191646191646, ""score"": null, ""gap"": """", ""metadata_status"": ""ranked"", ""diagnostic_score"": 6.617021360213677, ""source_id"": ""crispr_serum_restriction"", ""pattern"": ""fit_lipid_limited_"", ""coverage_basis"": ""installed stored-value fraction; assay completeness unverified""}, {""dataset_id"": ""crispr_serum_restriction:fit_serum_differential_"", ""scope"": ""Tg_fitness_serum_restriction"", ""publication_id"": ""MED:41407671"", ""first_publication_date"": ""2025-12-17"", ""citations"": 4, ""comprehensiveness"": 0.9084766584766585, ""citation_provider"": ""Europe PMC"", ""citation_snapshot"": ""2026-10-07"", ""admission"": ""pending"", ""admission_reason"": ""Quantity, context, source lineage and assay comprehensiveness require review"", ""policy_version"": 1, ""as_of"": ""2026-10-07"", ""status"": ""pending_scope_review"", ""age_years"": 0.8049446600546212, ""citations_per_year"": 4.969285714285714, ""recency_factor"": 1.0851301493250636, ""comprehensiveness_factor"": 1.2271191646191646, ""score"": null, ""gap"": """", ""metadata_status"": ""ranked"", ""diagnostic_score"": 6.617021360213677, ""source_id"": ""crispr_serum_restriction"", ""pattern"": ""fit_serum_differential_"", ""coverage_basis"": ""installed stored-value fraction; assay completeness unverified""}]"
Tg_fitness_carbon_source_withdrawal,Tg,fitness · carbon-source withdrawal,"HFF, glucose or glutamine withdrawn",gene,separate,[],5,0,,,False,5,crispr_glucose_limitation,fit_complete_medium_2025,False,source/assay review required; no automatic promotion,"[{""dataset_id"": ""crispr_glucose_limitation:fit_complete_medium_2025"", ""scope"": ""Tg_fitness_carbon_source_withdrawal"", ""publication_id"": ""PPR:PPR1056796"", ""first_publication_date"": ""2025-07-30"", ""citations"": 0, ""comprehensiveness"": 0.9082309582309582, ""citation_provider"": ""Europe PMC"", ""citation_snapshot"": ""2026-10-07"", ""admission"": ""pending"", ""admission_reason"": ""Quantity, context, source lineage and assay comprehensiveness require review"", ""policy_version"": 1, ""as_of"": ""2026-10-07"", ""status"": ""pending_scope_review"", ""age_years"": 1.1882516410330124, ""citations_per_year"": 0.0, ""recency_factor"": 1.0788478351534858, ""comprehensiveness_factor"": 1.2270577395577396, ""score"": null, ""gap"": """", ""metadata_status"": ""ranked"", ""diagnostic_score"": 0.0, ""source_id"": ""crispr_glucose_limitation"", ""pattern"": ""fit_complete_medium_2025"", ""coverage_basis"": ""installed stored-value fraction; assay completeness unverified""}, {""dataset_id"": ""crispr_glucose_limitation:fit_no_glucose"", ""scope"": ""Tg_fitness_carbon_source_withdrawal"", ""publication_id"": ""PPR:PPR1056796"", ""first_publication_date"": ""2025-07-30"", ""citations"": 0, ""comprehensiveness"": 0.9082309582309582, ""citation_provider"": ""Europe PMC"", ""citation_snapshot"": ""2026-10-07"", ""admission"": ""pending"", ""admission_reason"": ""Quantity, context, source lineage and assay comprehensiveness require review"", ""policy_version"": 1, ""as_of"": ""2026-10-07"", ""status"": ""pending_scope_review"", ""age_years"": 1.1882516410330124, ""citations_per_year"": 0.0, ""recency_factor"": 1.0788478351534858, ""comprehensiveness_factor"": 1.2270577395577396, ""score"": null, ""gap"": """", ""metadata_status"": ""ranked"", ""diagnostic_score"": 0.0, ""source_id"": ""crispr_glucose_limitation"", ""pattern"": ""fit_no_glucose"", ""coverage_basis"": ""installed stored-value fraction; assay completeness unverified""}, {""dataset_id"": ""crispr_glucose_limitation:fit_no_glutamine"", ""scope"": ""Tg_fitness_carbon_source_withdrawal"", ""publication_id"": ""PPR:PPR1056796"", ""first_publication_date"": ""2025-07-30"", ""citations"": 0, ""comprehensiveness"": 0.9082309582309582, ""citation_provider"": ""Europe PMC"", ""citation_snapshot"": ""2026-10-07"", ""admission"": ""pending"", ""admission_reason"": ""Quantity, context, source lineage and assay comprehensiveness require review"", ""policy_version"": 1, ""as_of"": ""2026-10-07"", ""status"": ""pending_scope_review"", ""age_years"": 1.1882516410330124, ""citations_per_year"": 0.0, ""recency_factor"": 1.0788478351534858, ""comprehensiveness_factor"": 1.2270577395577396, ""score"": null, ""gap"": """", ""metadata_status"": ""ranked"", ""diagnostic_score"": 0.0, ""source_id"": ""crispr_glucose_limitation"", ""pattern"": ""fit_no_glutamine"", ""coverage_basis"": ""installed stored-value fraction; assay completeness unverified""}, {""dataset_id"": ""crispr_glucose_limitation:fit_glucose_dependence"", ""scope"": ""Tg_fitness_carbon_source_withdrawal"", ""publication_id"": ""PPR:PPR1056796"", ""first_publication_date"": ""2025-07-30"", ""citations"": 0, ""comprehensiveness"": 0.9082309582309582, ""citation_provider"": ""Europe PMC"", ""citation_snapshot"": ""2026-10-07"", ""admission"": ""pending"", ""admission_reason"": ""Quantity, context, source lineage and assay comprehensiveness require review"", ""policy_version"": 1, ""as_of"": ""2026-10-07"", ""status"": ""pending_scope_review"", ""age_years"": 1.1882516410330124, ""citations_per_year"": 0.0, ""recency_factor"": 1.0788478351534858, ""comprehensiveness_factor"": 1.2270577395577396, ""score"": null, ""gap"": """", ""metadata_status"": ""ranked"", ""diagnostic_score"": 0.0, ""source_id"": ""crispr_glucose_limitation"", ""pattern"": ""fit_glucose_dependence"", ""coverage_basis"": ""installed stored-value fraction; assay completeness unverified""}, {""dataset_id"": ""crispr_glucose_limitation:fit_glucose_dependence_fdr"", ""scope"": ""Tg_fitness_carbon_source_withdrawal"", ""publication_id"": ""PPR:PPR1056796"", ""first_publication_date"": ""2025-07-30"", ""citations"": 0, ""comprehensiveness"": 0.9082309582309582, ""citation_provider"": ""Europe PMC"", ""citation_snapshot"": ""2026-10-07"", ""admission"": ""pending"", ""admission_reason"": ""Quantity, context, source lineage and assay comprehensiveness require review"", ""policy_version"": 1, ""as_of"": ""2026-10-07"", ""status"": ""pending_scope_review"", ""age_years"": 1.1882516410330124, ""citations_per_year"": 0.0, ""recency_factor"": 1.0788478351534858, ""comprehensiveness_factor"": 1.2270577395577396, ""score"": null, ""gap"": """", ""metadata_status"": ""ranked"", ""diagnostic_score"": 0.0, ""source_id"": ""crispr_glucose_limitation"", ""pattern"": ""fit_glucose_dependence_fdr"", ""coverage_basis"": ""installed stored-value fraction; assay completeness unverified""}]"
Tg_fitness_parasite_density,Tg,fitness · parasite density,"HFF, MOI 0.3 and MOI 3",gene,separate,[],5,0,,,False,5,crispr_parasite_density,fit_density_low,False,source/assay review required; no automatic promotion,"[{""dataset_id"": ""crispr_parasite_density:fit_density_low"", ""scope"": ""Tg_fitness_parasite_density"", ""publication_id"": ""MED:42580337"", ""first_publication_date"": ""2026-08-11"", ""citations"": 0, ""comprehensiveness"": 0.9165847665847666, ""citation_provider"": ""Europe PMC"", ""citation_snapshot"": ""2026-10-07"", ""admission"": ""pending"", ""admission_reason"": ""Quantity, context, source lineage and assay comprehensiveness require review"", ""policy_version"": 1, ""as_of"": ""2026-10-07"", ""status"": ""pending_scope_review"", ""age_years"": 0.15606069939834494, ""citations_per_year"": 0.0, ""recency_factor"": 1.0969269930457883, ""comprehensiveness_factor"": 1.2291461916461917, ""score"": null, ""gap"": """", ""metadata_status"": ""ranked"", ""diagnostic_score"": 0.0, ""source_id"": ""crispr_parasite_density"", ""pattern"": ""fit_density_low"", ""coverage_basis"": ""installed stored-value fraction; assay completeness unverified""}, {""dataset_id"": ""crispr_parasite_density:fit_density_high"", ""scope"": ""Tg_fitness_parasite_density"", ""publication_id"": ""MED:42580337"", ""first_publication_date"": ""2026-08-11"", ""citations"": 0, ""comprehensiveness"": 0.9165847665847666, ""citation_provider"": ""Europe PMC"", ""citation_snapshot"": ""2026-10-07"", ""admission"": ""pending"", ""admission_reason"": ""Quantity, context, source lineage and assay comprehensiveness require review"", ""policy_version"": 1, ""as_of"": ""2026-10-07"", ""status"": ""pending_scope_review"", ""age_years"": 0.15606069939834494, ""citations_per_year"": 0.0, ""recency_factor"": 1.0969269930457883, ""comprehensiveness_factor"": 1.2291461916461917, ""score"": null, ""gap"": """", ""metadata_status"": ""ranked"", ""diagnostic_score"": 0.0, ""source_id"": ""crispr_parasite_density"", ""pattern"": ""fit_density_high"", ""coverage_basis"": ""installed stored-value fraction; assay completeness unverified""}, {""dataset_id"": ""crispr_parasite_density:fit_density_dependence"", ""scope"": ""Tg_fitness_parasite_density"", ""publication_id"": ""MED:42580337"", ""first_publication_date"": ""2026-08-11"", ""citations"": 0, ""comprehensiveness"": 0.65, ""citation_provider"": ""Europe PMC"", ""citation_snapshot"": ""2026-10-07"", ""admission"": ""pending"", ""admission_reason"": ""Quantity, context, source lineage and assay comprehensiveness require review"", ""policy_version"": 1, ""as_of"": ""2026-10-07"", ""status"": ""pending_scope_review"", ""age_years"": 0.15606069939834494, ""citations_per_year"": 0.0, ""recency_factor"": 1.0969269930457883, ""comprehensiveness_factor"": 1.1625, ""score"": null, ""gap"": """", ""metadata_status"": ""ranked"", ""diagnostic_score"": 0.0, ""source_id"": ""crispr_parasite_density"", ""pattern"": ""fit_density_dependence"", ""coverage_basis"": ""installed stored-value fraction; assay completeness unverified""}, {""dataset_id"": ""crispr_parasite_density:fit_density_dependence_log10padj"", ""scope"": ""Tg_fitness_parasite_density"", ""publication_id"": ""MED:42580337"", ""first_publication_date"": ""2026-08-11"", ""citations"": 0, ""comprehensiveness"": 0.5126535626535627, ""citation_provider"": ""Europe PMC"", ""citation_snapshot"": ""2026-10-07"", ""admission"": ""pending"", ""admission_reason"": ""Quantity, context, source lineage and assay comprehensiveness require review"", ""policy_version"": 1, ""as_of"": ""2026-10-07"", ""status"": ""pending_scope_review"", ""age_years"": 0.15606069939834494, ""citations_per_year"": 0.0, ""recency_factor"": 1.0969269930457883, ""comprehensiveness_factor"": 1.1281633906633908, ""score"": null, ""gap"": """", ""metadata_status"": ""ranked"", ""diagnostic_score"": 0.0, ""source_id"": ""crispr_parasite_density"", ""pattern"": ""fit_density_dependence_log10padj"", ""coverage_basis"": ""installed stored-value fraction; assay completeness unverified""}, {""dataset_id"": ""crispr_parasite_density:fit_density_dim"", ""scope"": ""Tg_fitness_parasite_density"", ""publication_id"": ""MED:42580337"", ""first_publication_date"": ""2026-08-11"", ""citations"": 0, ""comprehensiveness"": 0.6608108108108108, ""citation_provider"": ""Europe PMC"", ""citation_snapshot"": ""2026-10-07"", ""admission"": ""pending"", ""admission_reason"": ""Quantity, context, source lineage and assay comprehensiveness require review"", ""policy_version"": 1, ""as_of"": ""2026-10-07"", ""status"": ""pending_scope_review"", ""age_years"": 0.15606069939834494, ""citations_per_year"": 0.0, ""recency_factor"": 1.0969269930457883, ""comprehensiveness_factor"": 1.1652027027027028, ""score"": null, ""gap"": """", ""metadata_status"": ""ranked"", ""diagnostic_score"": 0.0, ""source_id"": ""crispr_parasite_density"", ""pattern"": ""fit_density_dim"", ""coverage_basis"": ""installed stored-value fraction; assay completeness unverified""}]"
Tg_fitness_oxidative_stress,Tg,fitness · oxidative stress,oxidant,gene,one,"[""oxidative_stress_screen_score""]",1,0,,,False,1,oxidative_stress_screen,oxidative_stress_screen_score,False,source/assay review required; no automatic promotion,"[{""dataset_id"": ""oxidative_stress_screen:oxidative_stress_screen_score"", ""scope"": ""Tg_fitness_oxidative_stress"", ""publication_id"": ""MED:34163449"", ""first_publication_date"": ""2021-06-07"", ""citations"": 12, ""comprehensiveness"": 0.9071253071253071, ""citation_provider"": ""Europe PMC"", ""citation_snapshot"": ""2026-10-07"", ""admission"": ""pending"", ""admission_reason"": ""Quantity, context, source lineage and assay comprehensiveness require review"", ""policy_version"": 1, ""as_of"": ""2026-10-07"", ""status"": ""pending_scope_review"", ""age_years"": 5.333442849613613, ""citations_per_year"": 2.249953798767967, ""recency_factor"": 1.034414624885945, ""comprehensiveness_factor"": 1.2267813267813268, ""score"": null, ""gap"": """", ""metadata_status"": ""ranked"", ""diagnostic_score"": 2.8551925990203992, ""source_id"": ""oxidative_stress_screen"", ""pattern"": ""oxidative_stress_screen_score"", ""coverage_basis"": ""installed stored-value fraction; assay completeness unverified""}]"
Tg_fitness_hyperlopit_unassigned_proteins,Tg,fitness · hyperLOPIT-unassigned proteins,in vivo virulence,gene,separate,[],1,0,,,False,1,gse253884_5,fit_hyperlopit_unassigned_invivo_,False,source/assay review required; no automatic promotion,"[{""dataset_id"": ""gse253884_5:fit_hyperlopit_unassigned_invivo_"", ""scope"": ""Tg_fitness_hyperlopit_unassigned_proteins"", ""publication_id"": ""MED:39082802"", ""first_publication_date"": ""2024-07-31"", ""citations"": 6, ""comprehensiveness"": 0.06769041769041768, ""citation_provider"": ""Europe PMC"", ""citation_snapshot"": ""2026-10-07"", ""admission"": ""pending"", ""admission_reason"": ""Quantity, context, source lineage and assay comprehensiveness require review"", ""policy_version"": 1, ""as_of"": ""2026-10-07"", ""status"": ""pending_scope_review"", ""age_years"": 2.1848497915768292, ""citations_per_year"": 2.7461842105263155, ""recency_factor"": 1.0645990837772148, ""comprehensiveness_factor"": 1.0169226044226045, ""score"": null, ""gap"": """", ""metadata_status"": ""ranked"", ""diagnostic_score"": 2.973059870150549, ""source_id"": ""gse253884_5"", ""pattern"": ""fit_hyperlopit_unassigned_invivo_"", ""coverage_basis"": ""installed stored-value fraction; assay completeness unverified""}]"
Tg_fitness_targeted_in_vivo_young_2019,Tg,fitness · targeted in vivo (Young 2019),"mouse, targeted libraries",gene,separate,[],2,0,,,False,2,invivo_platform,crispr_invivo_platform_lfc,False,source/assay review required; no automatic promotion,"[{""dataset_id"": ""crispr_young2019:fit_invivo_young2019"", ""scope"": ""Tg_fitness_targeted_in_vivo_young_2019"", ""publication_id"": ""MED:31481656"", ""first_publication_date"": ""2019-09-03"", ""citations"": 83, ""comprehensiveness"": 0.014127764127764128, ""citation_provider"": ""Europe PMC"", ""citation_snapshot"": ""2026-10-07"", ""admission"": ""pending"", ""admission_reason"": ""Quantity, context, source lineage and assay comprehensiveness require review"", ""policy_version"": 1, ""as_of"": ""2026-10-07"", ""status"": ""pending_scope_review"", ""age_years"": 7.093917055107223, ""citations_per_year"": 11.70016499421073, ""recency_factor"": 1.0242008262457616, ""comprehensiveness_factor"": 1.003531941031941, ""score"": null, ""gap"": """", ""metadata_status"": ""ranked"", ""diagnostic_score"": 12.025643029136251, ""source_id"": ""crispr_young2019"", ""pattern"": ""fit_invivo_young2019"", ""coverage_basis"": ""installed stored-value fraction; assay completeness unverified""}, {""dataset_id"": ""invivo_platform:crispr_invivo_platform_lfc"", ""scope"": ""Tg_fitness_targeted_in_vivo_young_2019"", ""publication_id"": ""MED:31481656"", ""first_publication_date"": ""2019-09-03"", ""citations"": 83, ""comprehensiveness"": 0.020638820638820637, ""citation_provider"": ""Europe PMC"", ""citation_snapshot"": ""2026-10-07"", ""admission"": ""pending"", ""admission_reason"": ""Quantity, context, source lineage and assay comprehensiveness require review"", ""policy_version"": 1, ""as_of"": ""2026-10-07"", ""status"": ""pending_scope_review"", ""age_years"": 7.093917055107223, ""citations_per_year"": 11.70016499421073, ""recency_factor"": 1.0242008262457616, ""comprehensiveness_factor"": 1.0051597051597052, ""score"": null, ""gap"": """", ""metadata_status"": ""ranked"", ""diagnostic_score"": 12.04514904537326, ""source_id"": ""invivo_platform"", ""pattern"": ""crispr_invivo_platform_lfc"", ""coverage_basis"": ""installed stored-value fraction; assay completeness unverified""}]"
Tg_genetic_interaction_delta_gra17,Tg,genetic interaction · delta-GRA17,GRA17 background,gene,one,"[""crispr_gra17""]",1,0,,,False,1,gra17_synthlethal,crispr_gra17,False,source/assay review required; no automatic promotion,"[{""dataset_id"": ""gra17_synthlethal:crispr_gra17"", ""scope"": ""Tg_genetic_interaction_delta_gra17"", ""publication_id"": ""MED:37498952"", ""first_publication_date"": ""2023-07-27"", ""citations"": 30, ""comprehensiveness"": 0.9278869778869779, ""citation_provider"": ""Europe PMC"", ""citation_snapshot"": ""2026-10-07"", ""admission"": ""pending"", ""admission_reason"": ""Quantity, context, source lineage and assay comprehensiveness require review"", ""policy_version"": 1, ""as_of"": ""2026-10-07"", ""status"": ""pending_scope_review"", ""age_years"": 3.1978753841625767, ""citations_per_year"": 9.381228595890411, ""recency_factor"": 1.0527516530420686, ""comprehensiveness_factor"": 1.2319717444717444, ""score"": null, ""gap"": """", ""metadata_status"": ""ranked"", ""diagnostic_score"": 12.167080964914302, ""source_id"": ""gra17_synthlethal"", ""pattern"": ""crispr_gra17"", ""coverage_basis"": ""installed stored-value fraction; assay completeness unverified""}]"
Tg_fitness_gra12_screen_1_in_vitro,Tg,fitness · GRA12 screen 1 in vitro,"GRA12 screen 1, in vitro",gene,one,"[""crispr_gra12s1_l2fc_invitro""]",1,0,,,False,1,gra12,crispr_gra12s1_l2fc_invitro,False,source/assay review required; no automatic promotion,"[{""dataset_id"": ""gra12:crispr_gra12s1_l2fc_invitro"", ""scope"": ""Tg_fitness_gra12_screen_1_in_vitro"", ""publication_id"": ""MED:40240328"", ""first_publication_date"": ""2025-04-16"", ""citations"": 2, ""comprehensiveness"": 0.028992628992628992, ""citation_provider"": ""Europe PMC"", ""citation_snapshot"": ""2026-10-07"", ""admission"": ""pending"", ""admission_reason"": ""Quantity, context, source lineage and assay comprehensiveness require review"", ""policy_version"": 1, ""as_of"": ""2026-10-07"", ""status"": ""pending_scope_review"", ""age_years"": 1.4757318767668055, ""citations_per_year"": 1.3552597402597404, ""recency_factor"": 1.0744422614367388, ""comprehensiveness_factor"": 1.0072481572481573, ""score"": null, ""gap"": """", ""metadata_status"": ""ranked"", ""diagnostic_score"": 1.4667027323049573, ""source_id"": ""gra12"", ""pattern"": ""crispr_gra12s1_l2fc_invitro"", ""coverage_basis"": ""installed stored-value fraction; assay completeness unverified""}]"
Tg_fitness_gra12_screen_1_in_vivo,Tg,fitness · GRA12 screen 1 in vivo,"GRA12 screen 1, mouse",gene,one,"[""crispr_gra12s1_l2fc_invivo""]",1,0,,,False,1,gra12,crispr_gra12s1_l2fc_invivo,False,source/assay review required; no automatic promotion,"[{""dataset_id"": ""gra12:crispr_gra12s1_l2fc_invivo"", ""scope"": ""Tg_fitness_gra12_screen_1_in_vivo"", ""publication_id"": ""MED:40240328"", ""first_publication_date"": ""2025-04-16"", ""citations"": 2, ""comprehensiveness"": 0.028992628992628992, ""citation_provider"": ""Europe PMC"", ""citation_snapshot"": ""2026-10-07"", ""admission"": ""pending"", ""admission_reason"": ""Quantity, context, source lineage and assay comprehensiveness require review"", ""policy_version"": 1, ""as_of"": ""2026-10-07"", ""status"": ""pending_scope_review"", ""age_years"": 1.4757318767668055, ""citations_per_year"": 1.3552597402597404, ""recency_factor"": 1.0744422614367388, ""comprehensiveness_factor"": 1.0072481572481573, ""score"": null, ""gap"": """", ""metadata_status"": ""ranked"", ""diagnostic_score"": 1.4667027323049573, ""source_id"": ""gra12"", ""pattern"": ""crispr_gra12s1_l2fc_invivo"", ""coverage_basis"": ""installed stored-value fraction; assay completeness unverified""}]"
Tg_fitness_gra12_screen_1_differential,Tg,fitness · GRA12 screen 1 differential,"GRA12 screen 1, in vivo vs in vitro",gene,one,"[""crispr_gra12s1_disco""]",1,0,,,False,1,gra12,crispr_gra12s1_disco,False,source/assay review required; no automatic promotion,"[{""dataset_id"": ""gra12:crispr_gra12s1_disco"", ""scope"": ""Tg_fitness_gra12_screen_1_differential"", ""publication_id"": ""MED:40240328"", ""first_publication_date"": ""2025-04-16"", ""citations"": 2, ""comprehensiveness"": 0.028992628992628992, ""citation_provider"": ""Europe PMC"", ""citation_snapshot"": ""2026-10-07"", ""admission"": ""pending"", ""admission_reason"": ""Quantity, context, source lineage and assay comprehensiveness require review"", ""policy_version"": 1, ""as_of"": ""2026-10-07"", ""status"": ""pending_scope_review"", ""age_years"": 1.4757318767668055, ""citations_per_year"": 1.3552597402597404, ""recency_factor"": 1.0744422614367388, ""comprehensiveness_factor"": 1.0072481572481573, ""score"": null, ""gap"": """", ""metadata_status"": ""ranked"", ""diagnostic_score"": 1.4667027323049573, ""source_id"": ""gra12"", ""pattern"": ""crispr_gra12s1_disco"", ""coverage_basis"": ""installed stored-value fraction; assay completeness unverified""}]"
Tg_fitness_gra12_screen_2_in_vitro,Tg,fitness · GRA12 screen 2 in vitro,"GRA12 screen 2, in vitro",gene,one,"[""crispr_gra12s2_l2fc_invitro""]",1,0,,,False,1,gra12,crispr_gra12s2_l2fc_invitro,False,source/assay review required; no automatic promotion,"[{""dataset_id"": ""gra12:crispr_gra12s2_l2fc_invitro"", ""scope"": ""Tg_fitness_gra12_screen_2_in_vitro"", ""publication_id"": ""MED:40240328"", ""first_publication_date"": ""2025-04-16"", ""citations"": 2, ""comprehensiveness"": 0.0285012285012285, ""citation_provider"": ""Europe PMC"", ""citation_snapshot"": ""2026-10-07"", ""admission"": ""pending"", ""admission_reason"": ""Quantity, context, source lineage and assay comprehensiveness require review"", ""policy_version"": 1, ""as_of"": ""2026-10-07"", ""status"": ""pending_scope_review"", ""age_years"": 1.4757318767668055, ""citations_per_year"": 1.3552597402597404, ""recency_factor"": 1.0744422614367388, ""comprehensiveness_factor"": 1.0071253071253072, ""score"": null, ""gap"": """", ""metadata_status"": ""ranked"", ""diagnostic_score"": 1.4665238443024808, ""source_id"": ""gra12"", ""pattern"": ""crispr_gra12s2_l2fc_invitro"", ""coverage_basis"": ""installed stored-value fraction; assay completeness unverified""}]"
Tg_fitness_gra12_screen_2_in_vivo,Tg,fitness · GRA12 screen 2 in vivo,"GRA12 screen 2, mouse",gene,one,"[""crispr_gra12s2_l2fc_invivo""]",1,0,,,False,1,gra12,crispr_gra12s2_l2fc_invivo,False,source/assay review required; no automatic promotion,"[{""dataset_id"": ""gra12:crispr_gra12s2_l2fc_invivo"", ""scope"": ""Tg_fitness_gra12_screen_2_in_vivo"", ""publication_id"": ""MED:40240328"", ""first_publication_date"": ""2025-04-16"", ""citations"": 2, ""comprehensiveness"": 0.0285012285012285, ""citation_provider"": ""Europe PMC"", ""citation_snapshot"": ""2026-10-07"", ""admission"": ""pending"", ""admission_reason"": ""Quantity, context, source lineage and assay comprehensiveness require review"", ""policy_version"": 1, ""as_of"": ""2026-10-07"", ""status"": ""pending_scope_review"", ""age_years"": 1.4757318767668055, ""citations_per_year"": 1.3552597402597404, ""recency_factor"": 1.0744422614367388, ""comprehensiveness_factor"": 1.0071253071253072, ""score"": null, ""gap"": """", ""metadata_status"": ""ranked"", ""diagnostic_score"": 1.4665238443024808, ""source_id"": ""gra12"", ""pattern"": ""crispr_gra12s2_l2fc_invivo"", ""coverage_basis"": ""installed stored-value fraction; assay completeness unverified""}]"
Tg_fitness_gra12_screen_2_differential,Tg,fitness · GRA12 screen 2 differential,"GRA12 screen 2, in vivo vs in vitro",gene,one,"[""crispr_gra12s2_disco""]",1,0,,,False,1,gra12,crispr_gra12s2_disco,False,source/assay review required; no automatic promotion,"[{""dataset_id"": ""gra12:crispr_gra12s2_disco"", ""scope"": ""Tg_fitness_gra12_screen_2_differential"", ""publication_id"": ""MED:40240328"", ""first_publication_date"": ""2025-04-16"", ""citations"": 2, ""comprehensiveness"": 0.0285012285012285, ""citation_provider"": ""Europe PMC"", ""citation_snapshot"": ""2026-10-07"", ""admission"": ""pending"", ""admission_reason"": ""Quantity, context, source lineage and assay comprehensiveness require review"", ""policy_version"": 1, ""as_of"": ""2026-10-07"", ""status"": ""pending_scope_review"", ""age_years"": 1.4757318767668055, ""citations_per_year"": 1.3552597402597404, ""recency_factor"": 1.0744422614367388, ""comprehensiveness_factor"": 1.0071253071253072, ""score"": null, ""gap"": """", ""metadata_status"": ""ranked"", ""diagnostic_score"": 1.4665238443024808, ""source_id"": ""gra12"", ""pattern"": ""crispr_gra12s2_disco"", ""coverage_basis"": ""installed stored-value fraction; assay completeness unverified""}]"
Tg_stage_conversion_phenotype,Tg,stage-conversion phenotype,bradyzoite conversion,gene,one,"[""diff_reporter_log2_mNG_over_bulk""]",1,0,,,False,0,,,False,source/assay review required; no automatic promotion,"[{""dataset_id"": ""differentiation_screen:diff_reporter_log2_mNG_over_bulk"", ""scope"": ""Tg_stage_conversion_phenotype"", ""publication_id"": """", ""first_publication_date"": """", ""citations"": null, ""comprehensiveness"": 0.029115479115479116, ""citation_provider"": ""Europe PMC"", ""citation_snapshot"": ""2026-10-07"", ""admission"": ""pending"", ""admission_reason"": ""Quantity, context, source lineage and assay comprehensiveness require review"", ""policy_version"": 1, ""as_of"": ""2026-10-07"", ""status"": ""pending_scope_review"", ""age_years"": null, ""citations_per_year"": null, ""recency_factor"": null, ""comprehensiveness_factor"": null, ""score"": null, ""gap"": ""publication_id, first_publication_date, citations"", ""metadata_status"": ""metadata_incomplete"", ""diagnostic_score"": null, ""source_id"": ""differentiation_screen"", ""pattern"": ""diff_reporter_log2_mNG_over_bulk"", ""coverage_basis"": ""installed stored-value fraction; assay completeness unverified""}]"
Tg_drug_sensitivity,Tg,drug sensitivity,compound,gene,separate,[],2,0,,,False,2,curated_drug_sensitivity,drug_compounds_tested,False,source/assay review required; no automatic promotion,"[{""dataset_id"": ""curated_drug_sensitivity:drug_compounds_tested"", ""scope"": ""Tg_drug_sensitivity"", ""publication_id"": ""MED:41025776"", ""first_publication_date"": ""2025-09-30"", ""citations"": 6, ""comprehensiveness"": 0.00036855036855036854, ""citation_provider"": ""Europe PMC"", ""citation_snapshot"": ""2026-10-07"", ""admission"": ""pending"", ""admission_reason"": ""Quantity, context, source lineage and assay comprehensiveness require review"", ""policy_version"": 1, ""as_of"": ""2026-10-07"", ""status"": ""pending_scope_review"", ""age_years"": 1.0185014065997249, ""citations_per_year"": 5.891008064516129, ""recency_factor"": 1.0815706817123496, ""comprehensiveness_factor"": 1.0000921375921377, ""score"": null, ""gap"": """", ""metadata_status"": ""ranked"", ""diagnostic_score"": 6.372128666813653, ""source_id"": ""curated_drug_sensitivity"", ""pattern"": ""drug_compounds_tested"", ""coverage_basis"": ""installed stored-value fraction; assay completeness unverified""}, {""dataset_id"": ""curated_drug_sensitivity:drug_sensitivity_shifts"", ""scope"": ""Tg_drug_sensitivity"", ""publication_id"": ""MED:41025776"", ""first_publication_date"": ""2025-09-30"", ""citations"": 6, ""comprehensiveness"": 0.00036855036855036854, ""citation_provider"": ""Europe PMC"", ""citation_snapshot"": ""2026-10-07"", ""admission"": ""pending"", ""admission_reason"": ""Quantity, context, source lineage and assay comprehensiveness require review"", ""policy_version"": 1, ""as_of"": ""2026-10-07"", ""status"": ""pending_scope_review"", ""age_years"": 1.0185014065997249, ""citations_per_year"": 5.891008064516129, ""recency_factor"": 1.0815706817123496, ""comprehensiveness_factor"": 1.0000921375921377, ""score"": null, ""gap"": """", ""metadata_status"": ""ranked"", ""diagnostic_score"": 6.372128666813653, ""source_id"": ""curated_drug_sensitivity"", ""pattern"": ""drug_sensitivity_shifts"", ""coverage_basis"": ""installed stored-value fraction; assay completeness unverified""}]"
Tg_tf_binding_per_factor,Tg,TF binding · per factor,ChIP / CUT&RUN,gene,separate,[],1,0,,,False,0,,,False,source/assay review required; no automatic promotion,"[{""dataset_id"": ""gse277553_cuttag:cuttag_"", ""scope"": ""Tg_tf_binding_per_factor"", ""publication_id"": """", ""first_publication_date"": """", ""citations"": null, ""comprehensiveness"": 1.0, ""citation_provider"": ""Europe PMC"", ""citation_snapshot"": ""2026-10-07"", ""admission"": ""pending"", ""admission_reason"": ""Quantity, context, source lineage and assay comprehensiveness require review"", ""policy_version"": 1, ""as_of"": ""2026-10-07"", ""status"": ""pending_scope_review"", ""age_years"": null, ""citations_per_year"": null, ""recency_factor"": null, ""comprehensiveness_factor"": null, ""score"": null, ""gap"": ""publication_id, first_publication_date, citations"", ""metadata_status"": ""metadata_incomplete"", ""diagnostic_score"": null, ""source_id"": ""gse277553_cuttag"", ""pattern"": ""cuttag_"", ""coverage_basis"": ""installed stored-value fraction; assay completeness unverified""}]"
Tg_chromatin_state_histone_marks,Tg,chromatin state · histone marks,tachyzoite / bradyzoite,gene,fill,[],1,0,,,False,0,,,False,source/assay review required; no automatic promotion,"[{""dataset_id"": ""toxodb_h4_acetylation:h4_acetylation_chip_score"", ""scope"": ""Tg_chromatin_state_histone_marks"", ""publication_id"": """", ""first_publication_date"": """", ""citations"": null, ""comprehensiveness"": 0.9232186732186732, ""citation_provider"": ""Europe PMC"", ""citation_snapshot"": ""2026-10-07"", ""admission"": ""pending"", ""admission_reason"": ""Quantity, context, source lineage and assay comprehensiveness require review"", ""policy_version"": 1, ""as_of"": ""2026-10-07"", ""status"": ""pending_scope_review"", ""age_years"": null, ""citations_per_year"": null, ""recency_factor"": null, ""comprehensiveness_factor"": null, ""score"": null, ""gap"": ""publication_id, first_publication_date, citations"", ""metadata_status"": ""metadata_incomplete"", ""diagnostic_score"": null, ""source_id"": ""toxodb_h4_acetylation"", ""pattern"": ""h4_acetylation_chip_score"", ""coverage_basis"": ""installed stored-value fraction; assay completeness unverified""}]"
Tg_chromatin_accessibility,Tg,chromatin accessibility,stages,gene,one,"[""atac_promoter_""]",1,0,,,False,0,,,False,source/assay review required; no automatic promotion,"[{""dataset_id"": ""gse313048_atac:atac_promoter_"", ""scope"": ""Tg_chromatin_accessibility"", ""publication_id"": """", ""first_publication_date"": """", ""citations"": null, ""comprehensiveness"": 0.9813267813267813, ""citation_provider"": ""Europe PMC"", ""citation_snapshot"": ""2026-10-07"", ""admission"": ""pending"", ""admission_reason"": ""Quantity, context, source lineage and assay comprehensiveness require review"", ""policy_version"": 1, ""as_of"": ""2026-10-07"", ""status"": ""pending_scope_review"", ""age_years"": null, ""citations_per_year"": null, ""recency_factor"": null, ""comprehensiveness_factor"": null, ""score"": null, ""gap"": ""publication_id, first_publication_date, citations"", ""metadata_status"": ""metadata_incomplete"", ""diagnostic_score"": null, ""source_id"": ""gse313048_atac"", ""pattern"": ""atac_promoter_"", ""coverage_basis"": ""installed stored-value fraction; assay completeness unverified""}]"
Tg_rna_modification_m6a_5mc,Tg,RNA modification · m6A / 5mC,tachyzoite,gene,separate,[],1,0,,,False,1,m6a_peaks,n_m6a_peaks,False,source/assay review required; no automatic promotion,"[{""dataset_id"": ""m6a_peaks:n_m6a_peaks"", ""scope"": ""Tg_rna_modification_m6a_5mc"", ""publication_id"": ""MED:34324585"", ""first_publication_date"": ""2021-07-29"", ""citations"": 30, ""comprehensiveness"": 0.10282555282555282, ""citation_provider"": ""Europe PMC"", ""citation_snapshot"": ""2026-10-07"", ""admission"": ""pending"", ""admission_reason"": ""Quantity, context, source lineage and assay comprehensiveness require review"", ""policy_version"": 1, ""as_of"": ""2026-10-07"", ""status"": ""pending_scope_review"", ""age_years"": 5.19107168525021, ""citations_per_year"": 5.779153481012658, ""recency_factor"": 1.0354086396735822, ""comprehensiveness_factor"": 1.0257063882063882, ""score"": null, ""gap"": """", ""metadata_status"": ""ranked"", ""diagnostic_score"": 6.137606955813537, ""source_id"": ""m6a_peaks"", ""pattern"": ""n_m6a_peaks"", ""coverage_basis"": ""installed stored-value fraction; assay completeness unverified""}]"
Tg_5_utr_architecture,Tg,5' UTR architecture,reannotated transcripts,gene,fill,[],6,0,,,False,6,gse302108_utr5,utr5_length,False,source/assay review required; no automatic promotion,"[{""dataset_id"": ""gse302108_utr5:utr5_length"", ""scope"": ""Tg_5_utr_architecture"", ""publication_id"": ""PPR:PPR1050829"", ""first_publication_date"": ""2025-07-14"", ""citations"": 0, ""comprehensiveness"": 0.7156019656019657, ""citation_provider"": ""Europe PMC"", ""citation_snapshot"": ""2026-10-07"", ""admission"": ""pending"", ""admission_reason"": ""Quantity, context, source lineage and assay comprehensiveness require review"", ""policy_version"": 1, ""as_of"": ""2026-10-07"", ""status"": ""pending_scope_review"", ""age_years"": 1.2320581531448285, ""citations_per_year"": 0.0, ""recency_factor"": 1.0781600428023503, ""comprehensiveness_factor"": 1.1789004914004915, ""score"": null, ""gap"": """", ""metadata_status"": ""ranked"", ""diagnostic_score"": 0.0, ""source_id"": ""gse302108_utr5"", ""pattern"": ""utr5_length"", ""coverage_basis"": ""installed stored-value fraction; assay completeness unverified""}, {""dataset_id"": ""gse302108_utr5:utr5_n_uaugs"", ""scope"": ""Tg_5_utr_architecture"", ""publication_id"": ""PPR:PPR1050829"", ""first_publication_date"": ""2025-07-14"", ""citations"": 0, ""comprehensiveness"": 0.7156019656019657, ""citation_provider"": ""Europe PMC"", ""citation_snapshot"": ""2026-10-07"", ""admission"": ""pending"", ""admission_reason"": ""Quantity, context, source lineage and assay comprehensiveness require review"", ""policy_version"": 1, ""as_of"": ""2026-10-07"", ""status"": ""pending_scope_review"", ""age_years"": 1.2320581531448285, ""citations_per_year"": 0.0, ""recency_factor"": 1.0781600428023503, ""comprehensiveness_factor"": 1.1789004914004915, ""score"": null, ""gap"": """", ""metadata_status"": ""ranked"", ""diagnostic_score"": 0.0, ""source_id"": ""gse302108_utr5"", ""pattern"": ""utr5_n_uaugs"", ""coverage_basis"": ""installed stored-value fraction; assay completeness unverified""}, {""dataset_id"": ""gse302108_utr5:utr5_n_uorfs"", ""scope"": ""Tg_5_utr_architecture"", ""publication_id"": ""PPR:PPR1050829"", ""first_publication_date"": ""2025-07-14"", ""citations"": 0, ""comprehensiveness"": 0.6421375921375921, ""citation_provider"": ""Europe PMC"", ""citation_snapshot"": ""2026-10-07"", ""admission"": ""pending"", ""admission_reason"": ""Quantity, context, source lineage and assay comprehensiveness require review"", ""policy_version"": 1, ""as_of"": ""2026-10-07"", ""status"": ""pending_scope_review"", ""age_years"": 1.2320581531448285, ""citations_per_year"": 0.0, ""recency_factor"": 1.0781600428023503, ""comprehensiveness_factor"": 1.160534398034398, ""score"": null, ""gap"": """", ""metadata_status"": ""ranked"", ""diagnostic_score"": 0.0, ""source_id"": ""gse302108_utr5"", ""pattern"": ""utr5_n_uorfs"", ""coverage_basis"": ""installed stored-value fraction; assay completeness unverified""}, {""dataset_id"": ""gse302108_utr5:utr5_n_oorfs"", ""scope"": ""Tg_5_utr_architecture"", ""publication_id"": ""PPR:PPR1050829"", ""first_publication_date"": ""2025-07-14"", ""citations"": 0, ""comprehensiveness"": 0.6421375921375921, ""citation_provider"": ""Europe PMC"", ""citation_snapshot"": ""2026-10-07"", ""admission"": ""pending"", ""admission_reason"": ""Quantity, context, source lineage and assay comprehensiveness require review"", ""policy_version"": 1, ""as_of"": ""2026-10-07"", ""status"": ""pending_scope_review"", ""age_years"": 1.2320581531448285, ""citations_per_year"": 0.0, ""recency_factor"": 1.0781600428023503, ""comprehensiveness_factor"": 1.160534398034398, ""score"": null, ""gap"": """", ""metadata_status"": ""ranked"", ""diagnostic_score"": 0.0, ""source_id"": ""gse302108_utr5"", ""pattern"": ""utr5_n_oorfs"", ""coverage_basis"": ""installed stored-value fraction; assay completeness unverified""}, {""dataset_id"": ""gse302108_utr5:utr5_n_inframe_ext"", ""scope"": ""Tg_5_utr_architecture"", ""publication_id"": ""PPR:PPR1050829"", ""first_publication_date"": ""2025-07-14"", ""citations"": 0, ""comprehensiveness"": 0.6421375921375921, ""citation_provider"": ""Europe PMC"", ""citation_snapshot"": ""2026-10-07"", ""admission"": ""pending"", ""admission_reason"": ""Quantity, context, source lineage and assay comprehensiveness require review"", ""policy_version"": 1, ""as_of"": ""2026-10-07"", ""status"": ""pending_scope_review"", ""age_years"": 1.2320581531448285, ""citations_per_year"": 0.0, ""recency_factor"": 1.0781600428023503, ""comprehensiveness_factor"": 1.160534398034398, ""score"": null, ""gap"": """", ""metadata_status"": ""ranked"", ""diagnostic_score"": 0.0, ""source_id"": ""gse302108_utr5"", ""pattern"": ""utr5_n_inframe_ext"", ""coverage_basis"": ""installed stored-value fraction; assay completeness unverified""}, {""dataset_id"": ""gse302108_utr5:utr5_kozak_score"", ""scope"": ""Tg_5_utr_architecture"", ""publication_id"": ""PPR:PPR1050829"", ""first_publication_date"": ""2025-07-14"", ""citations"": 0, ""comprehensiveness"": 0.7154791154791155, ""citation_provider"": ""Europe PMC"", ""citation_snapshot"": ""2026-10-07"", ""admission"": ""pending"", ""admission_reason"": ""Quantity, context, source lineage and assay comprehensiveness require review"", ""policy_version"": 1, ""as_of"": ""2026-10-07"", ""status"": ""pending_scope_review"", ""age_years"": 1.2320581531448285, ""citations_per_year"": 0.0, ""recency_factor"": 1.0781600428023503, ""comprehensiveness_factor"": 1.1788697788697788, ""score"": null, ""gap"": """", ""metadata_status"": ""ranked"", ""diagnostic_score"": 0.0, ""source_id"": ""gse302108_utr5"", ""pattern"": ""utr5_kozak_score"", ""coverage_basis"": ""installed stored-value fraction; assay completeness unverified""}]"
Tg_splicing_isoform_use,Tg,splicing / isoform use,stages,gene,one,"[""novel_transcript_models""]",1,0,,,False,0,,,False,source/assay review required; no automatic promotion,"[{""dataset_id"": ""toxodb_nanopore_isoforms:novel_transcript_models"", ""scope"": ""Tg_splicing_isoform_use"", ""publication_id"": """", ""first_publication_date"": """", ""citations"": null, ""comprehensiveness"": 0.09803439803439803, ""citation_provider"": ""Europe PMC"", ""citation_snapshot"": ""2026-10-07"", ""admission"": ""pending"", ""admission_reason"": ""Quantity, context, source lineage and assay comprehensiveness require review"", ""policy_version"": 1, ""as_of"": ""2026-10-07"", ""status"": ""pending_scope_review"", ""age_years"": null, ""citations_per_year"": null, ""recency_factor"": null, ""comprehensiveness_factor"": null, ""score"": null, ""gap"": ""publication_id, first_publication_date, citations"", ""metadata_status"": ""metadata_incomplete"", ""diagnostic_score"": null, ""source_id"": ""toxodb_nanopore_isoforms"", ""pattern"": ""novel_transcript_models"", ""coverage_basis"": ""installed stored-value fraction; assay completeness unverified""}]"
Tg_rna_stability_half_life,Tg,RNA stability / half-life,tachyzoite,gene,separate,[],2,0,,,False,2,mrna_stability,mrna_remaining_5h_actinomycin,False,source/assay review required; no automatic promotion,"[{""dataset_id"": ""mrna_decay_gse329845:mrna_log2_remaining_4h_actinomycin"", ""scope"": ""Tg_rna_stability_half_life"", ""publication_id"": ""MED:42580337"", ""first_publication_date"": ""2026-08-11"", ""citations"": 0, ""comprehensiveness"": 0.7367321867321868, ""citation_provider"": ""Europe PMC"", ""citation_snapshot"": ""2026-10-07"", ""admission"": ""pending"", ""admission_reason"": ""Quantity, context, source lineage and assay comprehensiveness require review"", ""policy_version"": 1, ""as_of"": ""2026-10-07"", ""status"": ""pending_scope_review"", ""age_years"": 0.15606069939834494, ""citations_per_year"": 0.0, ""recency_factor"": 1.0969269930457883, ""comprehensiveness_factor"": 1.1841830466830467, ""score"": null, ""gap"": """", ""metadata_status"": ""ranked"", ""diagnostic_score"": 0.0, ""source_id"": ""mrna_decay_gse329845"", ""pattern"": ""mrna_log2_remaining_4h_actinomycin"", ""coverage_basis"": ""installed stored-value fraction; assay completeness unverified""}, {""dataset_id"": ""mrna_stability:mrna_remaining_5h_actinomycin"", ""scope"": ""Tg_rna_stability_half_life"", ""publication_id"": ""MED:39899594"", ""first_publication_date"": ""2025-02-03"", ""citations"": 7, ""comprehensiveness"": 0.050614250614250615, ""citation_provider"": ""Europe PMC"", ""citation_snapshot"": ""2026-10-07"", ""admission"": ""pending"", ""admission_reason"": ""Quantity, context, source lineage and assay comprehensiveness require review"", ""policy_version"": 1, ""as_of"": ""2026-10-07"", ""status"": ""pending_scope_review"", ""age_years"": 1.672861181269978, ""citations_per_year"": 4.184447626841244, ""recency_factor"": 1.0715644147508303, ""comprehensiveness_factor"": 1.0126535626535627, ""score"": null, ""gap"": """", ""metadata_status"": ""ranked"", ""diagnostic_score"": 4.5406425473421175, ""source_id"": ""mrna_stability"", ""pattern"": ""mrna_remaining_5h_actinomycin"", ""coverage_basis"": ""installed stored-value fraction; assay completeness unverified""}]"
Tg_localization_measured,Tg,localization · measured,hyperLOPIT,gene,one,"[""lopit_prob""]",3,0,,,False,3,lopit_tgon,lopit_confident,True,source/assay review required; no automatic promotion,"[{""dataset_id"": ""lopit_tgon:lopit_prob"", ""scope"": ""Tg_localization_measured"", ""publication_id"": ""MED:33053376"", ""first_publication_date"": ""2020-10-13"", ""citations"": 337, ""comprehensiveness"": 0.47014742014742017, ""citation_provider"": ""Europe PMC"", ""citation_snapshot"": ""2026-10-07"", ""admission"": ""pending"", ""admission_reason"": ""Quantity, context, source lineage and assay comprehensiveness require review"", ""policy_version"": 1, ""as_of"": ""2026-10-07"", ""status"": ""pending_scope_review"", ""age_years"": 5.982326810269889, ""citations_per_year"": 56.33259610983982, ""recency_factor"": 1.030226070813138, ""comprehensiveness_factor"": 1.117536855036855, ""score"": null, ""gap"": """", ""metadata_status"": ""ranked"", ""diagnostic_score"": 64.8565968674022, ""source_id"": ""lopit_tgon"", ""pattern"": ""lopit_prob"", ""coverage_basis"": ""installed stored-value fraction; assay completeness unverified""}, {""dataset_id"": ""lopit_tgon:lopit_methods_agree"", ""scope"": ""Tg_localization_measured"", ""publication_id"": ""MED:33053376"", ""first_publication_date"": ""2020-10-13"", ""citations"": 337, ""comprehensiveness"": 0.47014742014742017, ""citation_provider"": ""Europe PMC"", ""citation_snapshot"": ""2026-10-07"", ""admission"": ""pending"", ""admission_reason"": ""Quantity, context, source lineage and assay comprehensiveness require review"", ""policy_version"": 1, ""as_of"": ""2026-10-07"", ""status"": ""pending_scope_review"", ""age_years"": 5.982326810269889, ""citations_per_year"": 56.33259610983982, ""recency_factor"": 1.030226070813138, ""comprehensiveness_factor"": 1.117536855036855, ""score"": null, ""gap"": """", ""metadata_status"": ""ranked"", ""diagnostic_score"": 64.8565968674022, ""source_id"": ""lopit_tgon"", ""pattern"": ""lopit_methods_agree"", ""coverage_basis"": ""installed stored-value fraction; assay completeness unverified""}, {""dataset_id"": ""lopit_tgon:lopit_confident"", ""scope"": ""Tg_localization_measured"", ""publication_id"": ""MED:33053376"", ""first_publication_date"": ""2020-10-13"", ""citations"": 337, ""comprehensiveness"": 1.0, ""citation_provider"": ""Europe PMC"", ""citation_snapshot"": ""2026-10-07"", ""admission"": ""pending"", ""admission_reason"": ""Quantity, context, source lineage and assay comprehensiveness require review"", ""policy_version"": 1, ""as_of"": ""2026-10-07"", ""status"": ""pending_scope_review"", ""age_years"": 5.982326810269889, ""citations_per_year"": 56.33259610983982, ""recency_factor"": 1.030226070813138, ""comprehensiveness_factor"": 1.25, ""score"": null, ""gap"": """", ""metadata_status"": ""ranked"", ""diagnostic_score"": 72.54413643617968, ""source_id"": ""lopit_tgon"", ""pattern"": ""lopit_confident"", ""coverage_basis"": ""installed stored-value fraction; assay completeness unverified""}]"
Tg_localization_transferred,Tg,localization · transferred,orthoLOPIT,gene,fill,[],1,0,,,False,0,,,False,source/assay review required; no automatic promotion,[]
Tg_membrane_topology,Tg,membrane topology,sequence,gene,one,"[""n_tm""]",5,0,,,False,0,,,False,source/assay review required; no automatic promotion,[]
Tg_exposure_to_host_cytosol,Tg,exposure to host cytosol,"PVM, export",gene,fill,[],1,0,,,False,1,pvm_proximity,pvm_proximity_positive,False,source/assay review required; no automatic promotion,"[{""dataset_id"": ""pvm_proximity:pvm_proximity_positive"", ""scope"": ""Tg_exposure_to_host_cytosol"", ""publication_id"": ""MED:34749525"", ""first_publication_date"": ""2021-11-09"", ""citations"": 41, ""comprehensiveness"": 0.1565110565110565, ""citation_provider"": ""Europe PMC"", ""citation_snapshot"": ""2026-10-07"", ""admission"": ""pending"", ""admission_reason"": ""Quantity, context, source lineage and assay comprehensiveness require review"", ""policy_version"": 1, ""as_of"": ""2026-10-07"", ""status"": ""pending_scope_review"", ""age_years"": 4.909067263530394, ""citations_per_year"": 8.351892080312325, ""recency_factor"": 1.0374631106676744, ""comprehensiveness_factor"": 1.039127764127764, ""score"": null, ""gap"": """", ""metadata_status"": ""ranked"", ""diagnostic_score"": 9.003813403218995, ""source_id"": ""pvm_proximity"", ""pattern"": ""pvm_proximity_positive"", ""coverage_basis"": ""installed stored-value fraction; assay completeness unverified""}]"
Tg_secretome_excreted,Tg,secretome / excreted,ESA,gene,one,"[""secretome_soluble_over_vesicle_log2""]",1,0,,,False,1,secretome_partition,secretome_soluble_over_vesicle_log2,False,source/assay review required; no automatic promotion,"[{""dataset_id"": ""secretome_partition:secretome_soluble_over_vesicle_log2"", ""scope"": ""Tg_secretome_excreted"", ""publication_id"": ""MED:40874616"", ""first_publication_date"": ""2025-08-28"", ""citations"": 3, ""comprehensiveness"": 0.02027027027027027, ""citation_provider"": ""Europe PMC"", ""citation_snapshot"": ""2026-10-07"", ""admission"": ""pending"", ""admission_reason"": ""Quantity, context, source lineage and assay comprehensiveness require review"", ""policy_version"": 1, ""as_of"": ""2026-10-07"", ""status"": ""pending_scope_review"", ""age_years"": 1.1088523378303456, ""citations_per_year"": 2.7055, ""recency_factor"": 1.080109922148739, ""comprehensiveness_factor"": 1.0050675675675675, ""score"": null, ""gap"": """", ""metadata_status"": ""ranked"", ""diagnostic_score"": 2.9370460298178727, ""source_id"": ""secretome_partition"", ""pattern"": ""secretome_soluble_over_vesicle_log2"", ""coverage_basis"": ""installed stored-value fraction; assay completeness unverified""}]"
Tg_co_transcription,Tg,co-transcription,stage series,pair,separate,[],0,0,,,False,0,,,False,source/assay review required; no automatic promotion,[]
Tg_co_translation,Tg,co-translation,ribosome profiling,pair,separate,[],0,0,,,False,0,,,False,source/assay review required; no automatic promotion,[]
Tg_co_fitness,Tg,co-fitness,seven screens,pair,separate,[],0,0,,,False,0,,,False,source/assay review required; no automatic promotion,[]
Tg_interaction_crosslink_ms,Tg,interaction · crosslink MS,measured contact,pair,one,[],0,0,,,False,0,,,False,source/assay review required; no automatic promotion,[]
Tg_interaction_ip_ms_parasite_parasite,Tg,"interaction · IP-MS, parasite-parasite",pulldown,pair,fill,[],0,0,,,False,0,,,False,source/assay review required; no automatic promotion,[]
Tg_interaction_proximity_labelling,Tg,interaction · proximity labelling,BioID / TurboID,gene,fill,[],1,0,,,False,0,,,False,source/assay review required; no automatic promotion,"[{""dataset_id"": ""pride_proximity:n_proximity_partners"", ""scope"": ""Tg_interaction_proximity_labelling"", ""publication_id"": """", ""first_publication_date"": """", ""citations"": null, ""comprehensiveness"": 0.214004914004914, ""citation_provider"": ""Europe PMC"", ""citation_snapshot"": ""2026-10-07"", ""admission"": ""pending"", ""admission_reason"": ""Quantity, context, source lineage and assay comprehensiveness require review"", ""policy_version"": 1, ""as_of"": ""2026-10-07"", ""status"": ""pending_scope_review"", ""age_years"": null, ""citations_per_year"": null, ""recency_factor"": null, ""comprehensiveness_factor"": null, ""score"": null, ""gap"": ""publication_id, first_publication_date, citations"", ""metadata_status"": ""metadata_incomplete"", ""diagnostic_score"": null, ""source_id"": ""pride_proximity"", ""pattern"": ""n_proximity_partners"", ""coverage_basis"": ""installed stored-value fraction; assay completeness unverified""}]"
Tg_interaction_structural_similarity,Tg,interaction · structural similarity,Foldseek,pair,one,[],0,0,,,False,0,,,False,source/assay review required; no automatic promotion,[]
Tg_interaction_with_host_proteins,Tg,interaction · with host proteins,host IP-MS,pair,separate,[],0,0,,,False,0,,,False,source/assay review required; no automatic promotion,[]
Tg_shared_compartment,Tg,shared compartment,hyperLOPIT,pair,one,[],0,0,,,False,0,,,False,source/assay review required; no automatic promotion,[]
Tg_shared_orthogroup,Tg,shared orthogroup,OrthoMCL,pair,one,[],0,0,,,False,0,,,False,source/assay review required; no automatic promotion,[]
Tg_shared_domain,Tg,shared domain,InterPro,pair,one,[],0,0,,,False,0,,,False,source/assay review required; no automatic promotion,[]
Tg_interaction_degree_crosslink_ms,Tg,interaction degree · crosslink MS,measured contact,gene,separate,[],2,0,,,False,2,starpath_xlms,n_xlink_partners,False,source/assay review required; no automatic promotion,"[{""dataset_id"": ""starpath_xlms:n_xlink_partners"", ""scope"": ""Tg_interaction_degree_crosslink_ms"", ""publication_id"": ""MED:40874616"", ""first_publication_date"": ""2025-08-28"", ""citations"": 3, ""comprehensiveness"": 1.0, ""citation_provider"": ""Europe PMC"", ""citation_snapshot"": ""2026-10-07"", ""admission"": ""pending"", ""admission_reason"": ""Quantity, context, source lineage and assay comprehensiveness require review"", ""policy_version"": 1, ""as_of"": ""2026-10-07"", ""status"": ""pending_scope_review"", ""age_years"": 1.1088523378303456, ""citations_per_year"": 2.7055, ""recency_factor"": 1.080109922148739, ""comprehensiveness_factor"": 1.25, ""score"": null, ""gap"": """", ""metadata_status"": ""ranked"", ""diagnostic_score"": 3.6527967429667663, ""source_id"": ""starpath_xlms"", ""pattern"": ""n_xlink_partners"", ""coverage_basis"": ""installed stored-value fraction; assay completeness unverified""}, {""dataset_id"": ""starpath_xlms:best_model_agreement"", ""scope"": ""Tg_interaction_degree_crosslink_ms"", ""publication_id"": ""MED:40874616"", ""first_publication_date"": ""2025-08-28"", ""citations"": 3, ""comprehensiveness"": 0.16044226044226045, ""citation_provider"": ""Europe PMC"", ""citation_snapshot"": ""2026-10-07"", ""admission"": ""pending"", ""admission_reason"": ""Quantity, context, source lineage and assay comprehensiveness require review"", ""policy_version"": 1, ""as_of"": ""2026-10-07"", ""status"": ""pending_scope_review"", ""age_years"": 1.1088523378303456, ""citations_per_year"": 2.7055, ""recency_factor"": 1.080109922148739, ""comprehensiveness_factor"": 1.040110565110565, ""score"": null, ""gap"": """", ""metadata_status"": ""ranked"", ""diagnostic_score"": 3.039449987648956, ""source_id"": ""starpath_xlms"", ""pattern"": ""best_model_agreement"", ""coverage_basis"": ""installed stored-value fraction; assay completeness unverified""}]"
Tg_interaction_degree_ip_ms,Tg,interaction degree · IP-MS,curated pulldown,gene,one,"[""n_ipms_partners""]",1,0,,,False,0,,,False,source/assay review required; no automatic promotion,"[{""dataset_id"": ""ipms_baits:n_ipms_partners"", ""scope"": ""Tg_interaction_degree_ip_ms"", ""publication_id"": """", ""first_publication_date"": """", ""citations"": null, ""comprehensiveness"": 1.0, ""citation_provider"": ""Europe PMC"", ""citation_snapshot"": ""2026-10-07"", ""admission"": ""pending"", ""admission_reason"": ""Quantity, context, source lineage and assay comprehensiveness require review"", ""policy_version"": 1, ""as_of"": ""2026-10-07"", ""status"": ""pending_scope_review"", ""age_years"": null, ""citations_per_year"": null, ""recency_factor"": null, ""comprehensiveness_factor"": null, ""score"": null, ""gap"": ""publication_id, first_publication_date, citations"", ""metadata_status"": ""metadata_incomplete"", ""diagnostic_score"": null, ""source_id"": ""ipms_baits"", ""pattern"": ""n_ipms_partners"", ""coverage_basis"": ""installed stored-value fraction; assay completeness unverified""}]"
Tg_interaction_degree_structural_similarity,Tg,interaction degree · structural similarity,Foldseek,gene,one,"[""n_struct_similar""]",1,0,,,False,0,,,False,source/assay review required; no automatic promotion,"[{""dataset_id"": ""foldseek_struct:n_struct_similar"", ""scope"": ""Tg_interaction_degree_structural_similarity"", ""publication_id"": """", ""first_publication_date"": """", ""citations"": null, ""comprehensiveness"": 1.0, ""citation_provider"": ""Europe PMC"", ""citation_snapshot"": ""2026-10-07"", ""admission"": ""pending"", ""admission_reason"": ""Quantity, context, source lineage and assay comprehensiveness require review"", ""policy_version"": 1, ""as_of"": ""2026-10-07"", ""status"": ""pending_scope_review"", ""age_years"": null, ""citations_per_year"": null, ""recency_factor"": null, ""comprehensiveness_factor"": null, ""score"": null, ""gap"": ""publication_id, first_publication_date, citations"", ""metadata_status"": ""metadata_incomplete"", ""diagnostic_score"": null, ""source_id"": ""foldseek_struct"", ""pattern"": ""n_struct_similar"", ""coverage_basis"": ""installed stored-value fraction; assay completeness unverified""}]"
Tg_host_interaction_degree,Tg,host interaction degree,curated parasite-host interactions,gene,one,"[""n_host_targets""]",1,0,,,False,0,,,False,source/assay review required; no automatic promotion,[]
Tg_downloaded_study_membership,Tg,downloaded-study membership,BioID / IP-MS corpus coverage,gene,separate,[],2,0,,,False,0,,,False,source/assay review required; no automatic promotion,"[{""dataset_id"": ""bioid_corpus_membership:n_bioid_studies"", ""scope"": ""Tg_downloaded_study_membership"", ""publication_id"": """", ""first_publication_date"": """", ""citations"": null, ""comprehensiveness"": 1.0, ""citation_provider"": ""Europe PMC"", ""citation_snapshot"": ""2026-10-07"", ""admission"": ""pending"", ""admission_reason"": ""Quantity, context, source lineage and assay comprehensiveness require review"", ""policy_version"": 1, ""as_of"": ""2026-10-07"", ""status"": ""pending_scope_review"", ""age_years"": null, ""citations_per_year"": null, ""recency_factor"": null, ""comprehensiveness_factor"": null, ""score"": null, ""gap"": ""publication_id, first_publication_date, citations"", ""metadata_status"": ""metadata_incomplete"", ""diagnostic_score"": null, ""source_id"": ""bioid_corpus_membership"", ""pattern"": ""n_bioid_studies"", ""coverage_basis"": ""installed stored-value fraction; assay completeness unverified""}, {""dataset_id"": ""ipms_corpus_membership:n_ipms_studies"", ""scope"": ""Tg_downloaded_study_membership"", ""publication_id"": """", ""first_publication_date"": """", ""citations"": null, ""comprehensiveness"": 1.0, ""citation_provider"": ""Europe PMC"", ""citation_snapshot"": ""2026-10-07"", ""admission"": ""pending"", ""admission_reason"": ""Quantity, context, source lineage and assay comprehensiveness require review"", ""policy_version"": 1, ""as_of"": ""2026-10-07"", ""status"": ""pending_scope_review"", ""age_years"": null, ""citations_per_year"": null, ""recency_factor"": null, ""comprehensiveness_factor"": null, ""score"": null, ""gap"": ""publication_id, first_publication_date, citations"", ""metadata_status"": ""metadata_incomplete"", ""diagnostic_score"": null, ""source_id"": ""ipms_corpus_membership"", ""pattern"": ""n_ipms_studies"", ""coverage_basis"": ""installed stored-value fraction; assay completeness unverified""}]"
Tg_analysis_derived_structural_holes,Tg,analysis-derived structural holes,coexpression + cofitness - literature,gene,one,"[""n_holes""]",1,0,,,False,0,,,False,source/assay review required; no automatic promotion,[]
Tg_assay_confidence_and_significance,Tg,assay confidence and significance,target evidence metadata,gene,one,"[""hosttx_padj""]",1,0,,,False,1,hosttx_effectors,hosttx_padj,False,source/assay review required; no automatic promotion,"[{""dataset_id"": ""hosttx_effectors:hosttx_padj"", ""scope"": ""Tg_assay_confidence_and_significance"", ""publication_id"": ""MED:37827122"", ""first_publication_date"": ""2023-10-01"", ""citations"": 21, ""comprehensiveness"": 0.03095823095823096, ""citation_provider"": ""Europe PMC"", ""citation_snapshot"": ""2026-10-07"", ""admission"": ""pending"", ""admission_reason"": ""Quantity, context, source lineage and assay comprehensiveness require review"", ""policy_version"": 1, ""as_of"": ""2026-10-07"", ""status"": ""pending_scope_review"", ""age_years"": 3.0171735217013356, ""citations_per_year"": 6.960156533575317, ""recency_factor"": 1.0546929863901073, ""comprehensiveness_factor"": 1.0077395577395578, ""score"": null, ""gap"": """", ""metadata_status"": ""ranked"", ""diagnostic_score"": 7.397643044469484, ""source_id"": ""hosttx_effectors"", ""pattern"": ""hosttx_padj"", ""coverage_basis"": ""installed stored-value fraction; assay completeness unverified""}]"
Tg_host_transcriptional_effect_per_effector,Tg,host transcriptional effect per effector,dual perturb-seq,gene,separate,[],2,0,,,False,2,hosttx_effectors,hosttx_T2,False,source/assay review required; no automatic promotion,"[{""dataset_id"": ""hosttx_effectors:hosttx_T2"", ""scope"": ""Tg_host_transcriptional_effect_per_effector"", ""publication_id"": ""MED:37827122"", ""first_publication_date"": ""2023-10-01"", ""citations"": 21, ""comprehensiveness"": 0.03095823095823096, ""citation_provider"": ""Europe PMC"", ""citation_snapshot"": ""2026-10-07"", ""admission"": ""pending"", ""admission_reason"": ""Quantity, context, source lineage and assay comprehensiveness require review"", ""policy_version"": 1, ""as_of"": ""2026-10-07"", ""status"": ""pending_scope_review"", ""age_years"": 3.0171735217013356, ""citations_per_year"": 6.960156533575317, ""recency_factor"": 1.0546929863901073, ""comprehensiveness_factor"": 1.0077395577395578, ""score"": null, ""gap"": """", ""metadata_status"": ""ranked"", ""diagnostic_score"": 7.397643044469484, ""source_id"": ""hosttx_effectors"", ""pattern"": ""hosttx_T2"", ""coverage_basis"": ""installed stored-value fraction; assay completeness unverified""}, {""dataset_id"": ""hosttx_effectors:hosttx_signature_"", ""scope"": ""Tg_host_transcriptional_effect_per_effector"", ""publication_id"": ""MED:37827122"", ""first_publication_date"": ""2023-10-01"", ""citations"": 21, ""comprehensiveness"": 0.002702702702702703, ""citation_provider"": ""Europe PMC"", ""citation_snapshot"": ""2026-10-07"", ""admission"": ""pending"", ""admission_reason"": ""Quantity, context, source lineage and assay comprehensiveness require review"", ""policy_version"": 1, ""as_of"": ""2026-10-07"", ""status"": ""pending_scope_review"", ""age_years"": 3.0171735217013356, ""citations_per_year"": 6.960156533575317, ""recency_factor"": 1.0546929863901073, ""comprehensiveness_factor"": 1.0006756756756756, ""score"": null, ""gap"": """", ""metadata_status"": ""ranked"", ""diagnostic_score"": 7.34578829924737, ""source_id"": ""hosttx_effectors"", ""pattern"": ""hosttx_signature_"", ""coverage_basis"": ""installed stored-value fraction; assay completeness unverified""}]"
Tg_domain_content,Tg,domain content,InterPro,gene,one,"[""n_interpro""]",2,0,,,False,0,,,False,source/assay review required; no automatic promotion,"[{""dataset_id"": ""interpro:n_interpro"", ""scope"": ""Tg_domain_content"", ""publication_id"": """", ""first_publication_date"": """", ""citations"": null, ""comprehensiveness"": 1.0, ""citation_provider"": ""Europe PMC"", ""citation_snapshot"": ""2026-10-07"", ""admission"": ""pending"", ""admission_reason"": ""Quantity, context, source lineage and assay comprehensiveness require review"", ""policy_version"": 1, ""as_of"": ""2026-10-07"", ""status"": ""pending_scope_review"", ""age_years"": null, ""citations_per_year"": null, ""recency_factor"": null, ""comprehensiveness_factor"": null, ""score"": null, ""gap"": ""publication_id, first_publication_date, citations"", ""metadata_status"": ""metadata_incomplete"", ""diagnostic_score"": null, ""source_id"": ""interpro"", ""pattern"": ""n_interpro"", ""coverage_basis"": ""installed stored-value fraction; assay completeness unverified""}]"
Tg_fold_confidence_disorder,Tg,fold confidence / disorder,AlphaFold,gene,one,"[""mean_plddt""]",2,0,,,False,0,,,False,source/assay review required; no automatic promotion,"[{""dataset_id"": ""alphafold:mean_plddt"", ""scope"": ""Tg_fold_confidence_disorder"", ""publication_id"": """", ""first_publication_date"": """", ""citations"": null, ""comprehensiveness"": 0.7960687960687961, ""citation_provider"": ""Europe PMC"", ""citation_snapshot"": ""2026-10-07"", ""admission"": ""pending"", ""admission_reason"": ""Quantity, context, source lineage and assay comprehensiveness require review"", ""policy_version"": 1, ""as_of"": ""2026-10-07"", ""status"": ""pending_scope_review"", ""age_years"": null, ""citations_per_year"": null, ""recency_factor"": null, ""comprehensiveness_factor"": null, ""score"": null, ""gap"": ""publication_id, first_publication_date, citations"", ""metadata_status"": ""metadata_incomplete"", ""diagnostic_score"": null, ""source_id"": ""alphafold"", ""pattern"": ""mean_plddt"", ""coverage_basis"": ""installed stored-value fraction; assay completeness unverified""}]"
Tg_conservation_breadth,Tg,conservation breadth,OrthoMCL,gene,one,"[""has_pf_ortholog""]",3,0,,,False,0,,,False,source/assay review required; no automatic promotion,[]
Tg_paralogy,Tg,paralogy,OrthoMCL,gene,one,"[""paralog_number""]",1,0,,,False,0,,,False,source/assay review required; no automatic promotion,[]
Tg_sequence_basics,Tg,sequence basics,protein,gene,one,"[""length""]",1,0,,,False,0,,,False,source/assay review required; no automatic promotion,[]
Tg_strain_variation,Tg,strain variation,population,gene,one,"[""snp_""]",1,0,,,False,0,,,False,source/assay review required; no automatic promotion,"[{""dataset_id"": ""toxodb_strain_snps:snp_"", ""scope"": ""Tg_strain_variation"", ""publication_id"": """", ""first_publication_date"": """", ""citations"": null, ""comprehensiveness"": 1.0, ""citation_provider"": ""Europe PMC"", ""citation_snapshot"": ""2026-10-07"", ""admission"": ""pending"", ""admission_reason"": ""Quantity, context, source lineage and assay comprehensiveness require review"", ""policy_version"": 1, ""as_of"": ""2026-10-07"", ""status"": ""pending_scope_review"", ""age_years"": null, ""citations_per_year"": null, ""recency_factor"": null, ""comprehensiveness_factor"": null, ""score"": null, ""gap"": ""publication_id, first_publication_date, citations"", ""metadata_status"": ""metadata_incomplete"", ""diagnostic_score"": null, ""source_id"": ""toxodb_strain_snps"", ""pattern"": ""snp_"", ""coverage_basis"": ""installed stored-value fraction; assay completeness unverified""}]"
Tg_literature_attention,Tg,literature attention,PubMed / PMC,gene,one,"[""n_publications""]",3,0,,,False,0,,,False,source/assay review required; no automatic promotion,"[{""dataset_id"": ""pubmed:n_publications"", ""scope"": ""Tg_literature_attention"", ""publication_id"": """", ""first_publication_date"": """", ""citations"": null, ""comprehensiveness"": 1.0, ""citation_provider"": ""Europe PMC"", ""citation_snapshot"": ""2026-10-07"", ""admission"": ""pending"", ""admission_reason"": ""Quantity, context, source lineage and assay comprehensiveness require review"", ""policy_version"": 1, ""as_of"": ""2026-10-07"", ""status"": ""pending_scope_review"", ""age_years"": null, ""citations_per_year"": null, ""recency_factor"": null, ""comprehensiveness_factor"": null, ""score"": null, ""gap"": ""publication_id, first_publication_date, citations"", ""metadata_status"": ""metadata_incomplete"", ""diagnostic_score"": null, ""source_id"": ""pubmed"", ""pattern"": ""n_publications"", ""coverage_basis"": ""installed stored-value fraction; assay completeness unverified""}, {""dataset_id"": ""pmc_oa:n_fulltext"", ""scope"": ""Tg_literature_attention"", ""publication_id"": """", ""first_publication_date"": """", ""citations"": null, ""comprehensiveness"": 1.0, ""citation_provider"": ""Europe PMC"", ""citation_snapshot"": ""2026-10-07"", ""admission"": ""pending"", ""admission_reason"": ""Quantity, context, source lineage and assay comprehensiveness require review"", ""policy_version"": 1, ""as_of"": ""2026-10-07"", ""status"": ""pending_scope_review"", ""age_years"": null, ""citations_per_year"": null, ""recency_factor"": null, ""comprehensiveness_factor"": null, ""score"": null, ""gap"": ""publication_id, first_publication_date, citations"", ""metadata_status"": ""metadata_incomplete"", ""diagnostic_score"": null, ""source_id"": ""pmc_oa"", ""pattern"": ""n_fulltext"", ""coverage_basis"": ""installed stored-value fraction; assay completeness unverified""}, {""dataset_id"": ""pubmed:n_papers_"", ""scope"": ""Tg_literature_attention"", ""publication_id"": """", ""first_publication_date"": """", ""citations"": null, ""comprehensiveness"": 1.0, ""citation_provider"": ""Europe PMC"", ""citation_snapshot"": ""2026-10-07"", ""admission"": ""pending"", ""admission_reason"": ""Quantity, context, source lineage and assay comprehensiveness require review"", ""policy_version"": 1, ""as_of"": ""2026-10-07"", ""status"": ""pending_scope_review"", ""age_years"": null, ""citations_per_year"": null, ""recency_factor"": null, ""comprehensiveness_factor"": null, ""score"": null, ""gap"": ""publication_id, first_publication_date, citations"", ""metadata_status"": ""metadata_incomplete"", ""diagnostic_score"": null, ""source_id"": ""pubmed"", ""pattern"": ""n_papers_"", ""coverage_basis"": ""installed stored-value fraction; assay completeness unverified""}]"
Tg_gene_identity_and_annotation,Tg,gene identity and annotation,ToxoDB,gene,one,[],0,0,,,False,0,,,False,source/assay review required; no automatic promotion,[]
Tg_metabolite_levels,Tg,metabolite levels,steady state,metabolite,separate,[],0,0,,,False,0,,,False,source/assay review required; no automatic promotion,[]
Tg_metabolic_flux,Tg,metabolic flux,labelled precursor,metabolite,separate,[],0,0,,,False,0,,,False,source/assay review required; no automatic promotion,[]
Tg_lipid_composition,Tg,lipid composition,membrane lipids,metabolite,separate,[],0,0,,,False,0,,,False,source/assay review required; no automatic promotion,[]
Tg_enzyme_classification,Tg,enzyme classification,annotation,gene,one,"[""has_ec""]",1,0,,,False,0,,,False,source/assay review required; no automatic promotion,"[{""dataset_id"": ""toxodb_ec_numbers:has_ec"", ""scope"": ""Tg_enzyme_classification"", ""publication_id"": """", ""first_publication_date"": """", ""citations"": null, ""comprehensiveness"": 1.0, ""citation_provider"": ""Europe PMC"", ""citation_snapshot"": ""2026-10-07"", ""admission"": ""pending"", ""admission_reason"": ""Quantity, context, source lineage and assay comprehensiveness require review"", ""policy_version"": 1, ""as_of"": ""2026-10-07"", ""status"": ""pending_scope_review"", ""age_years"": null, ""citations_per_year"": null, ""recency_factor"": null, ""comprehensiveness_factor"": null, ""score"": null, ""gap"": ""publication_id, first_publication_date, citations"", ""metadata_status"": ""metadata_incomplete"", ""diagnostic_score"": null, ""source_id"": ""toxodb_ec_numbers"", ""pattern"": ""has_ec"", ""coverage_basis"": ""installed stored-value fraction; assay completeness unverified""}]"
Tg_resistance_conferring_mutation,Tg,resistance-conferring mutation,in vitro evolution,gene,separate,[],2,0,,,False,2,curated_resistance_alleles,resistance_allele_count,False,source/assay review required; no automatic promotion,"[{""dataset_id"": ""curated_resistance_alleles:resistance_allele_count"", ""scope"": ""Tg_resistance_conferring_mutation"", ""publication_id"": ""MED:24533298"", ""first_publication_date"": ""2013-05-18"", ""citations"": 25, ""comprehensiveness"": 0.00012285012285012285, ""citation_provider"": ""Europe PMC"", ""citation_snapshot"": ""2026-10-07"", ""admission"": ""pending"", ""admission_reason"": ""Quantity, context, source lineage and assay comprehensiveness require review"", ""policy_version"": 1, ""as_of"": ""2026-10-07"", ""status"": ""pending_scope_review"", ""age_years"": 13.388365264173801, ""citations_per_year"": 1.8672929447852762, ""recency_factor"": 1.0068722882759416, ""comprehensiveness_factor"": 1.0000307125307126, ""score"": null, ""gap"": """", ""metadata_status"": ""ranked"", ""diagnostic_score"": 1.8801832636102551, ""source_id"": ""curated_resistance_alleles"", ""pattern"": ""resistance_allele_count"", ""coverage_basis"": ""installed stored-value fraction; assay completeness unverified""}, {""dataset_id"": ""curated_resistance_alleles:resistance_compound_count"", ""scope"": ""Tg_resistance_conferring_mutation"", ""publication_id"": ""MED:24533298"", ""first_publication_date"": ""2013-05-18"", ""citations"": 25, ""comprehensiveness"": 0.00012285012285012285, ""citation_provider"": ""Europe PMC"", ""citation_snapshot"": ""2026-10-07"", ""admission"": ""pending"", ""admission_reason"": ""Quantity, context, source lineage and assay comprehensiveness require review"", ""policy_version"": 1, ""as_of"": ""2026-10-07"", ""status"": ""pending_scope_review"", ""age_years"": 13.388365264173801, ""citations_per_year"": 1.8672929447852762, ""recency_factor"": 1.0068722882759416, ""comprehensiveness_factor"": 1.0000307125307126, ""score"": null, ""gap"": """", ""metadata_status"": ""ranked"", ""diagnostic_score"": 1.8801832636102551, ""source_id"": ""curated_resistance_alleles"", ""pattern"": ""resistance_compound_count"", ""coverage_basis"": ""installed stored-value fraction; assay completeness unverified""}]"
Tg_target_engagement_thermal_shift,Tg,target engagement / thermal shift,thermal proteome,gene,average,[],1,0,,,False,1,thermal_shift_cetsa,cetsa_calcium_ed_score,False,source/assay review required; no automatic promotion,"[{""dataset_id"": ""thermal_shift_cetsa:cetsa_calcium_ed_score"", ""scope"": ""Tg_target_engagement_thermal_shift"", ""publication_id"": ""MED:35976251"", ""first_publication_date"": ""2022-08-17"", ""citations"": 27, ""comprehensiveness"": 0.2884520884520885, ""citation_provider"": ""Europe PMC"", ""citation_snapshot"": ""2026-10-07"", ""admission"": ""pending"", ""admission_reason"": ""Quantity, context, source lineage and assay comprehensiveness require review"", ""policy_version"": 1, ""as_of"": ""2026-10-07"", ""status"": ""pending_scope_review"", ""age_years"": 4.139715394566624, ""citations_per_year"": 6.5221875, ""recency_factor"": 1.0436947128371965, ""comprehensiveness_factor"": 1.0721130221130222, ""score"": null, ""gap"": """", ""metadata_status"": ""ranked"", ""diagnostic_score"": 7.298058398826494, ""source_id"": ""thermal_shift_cetsa"", ""pattern"": ""cetsa_calcium_ed_score"", ""coverage_basis"": ""installed stored-value fraction; assay completeness unverified""}]"
Tg_rna_binding_protein_targets,Tg,RNA-binding protein targets,CLIP / RIP,gene,separate,[],1,0,,,False,0,,,False,source/assay review required; no automatic promotion,"[{""dataset_id"": ""gse223620_bfd2_rip:bfd2_rip_log2_ip_over_input"", ""scope"": ""Tg_rna_binding_protein_targets"", ""publication_id"": """", ""first_publication_date"": """", ""citations"": null, ""comprehensiveness"": 0.9168304668304669, ""citation_provider"": ""Europe PMC"", ""citation_snapshot"": ""2026-10-07"", ""admission"": ""pending"", ""admission_reason"": ""Quantity, context, source lineage and assay comprehensiveness require review"", ""policy_version"": 1, ""as_of"": ""2026-10-07"", ""status"": ""pending_scope_review"", ""age_years"": null, ""citations_per_year"": null, ""recency_factor"": null, ""comprehensiveness_factor"": null, ""score"": null, ""gap"": ""publication_id, first_publication_date, citations"", ""metadata_status"": ""metadata_incomplete"", ""diagnostic_score"": null, ""source_id"": ""gse223620_bfd2_rip"", ""pattern"": ""bfd2_rip_log2_ip_over_input"", ""coverage_basis"": ""installed stored-value fraction; assay completeness unverified""}]"
Tg_noncoding_and_antisense_transcription,Tg,noncoding and antisense transcription,lncRNA,gene,separate,[],1,0,,,False,0,,,False,source/assay review required; no automatic promotion,"[{""dataset_id"": ""antisense_level:antisense_expression_percentile"", ""scope"": ""Tg_noncoding_and_antisense_transcription"", ""publication_id"": """", ""first_publication_date"": """", ""citations"": null, ""comprehensiveness"": 1.0, ""citation_provider"": ""Europe PMC"", ""citation_snapshot"": ""2026-10-07"", ""admission"": ""pending"", ""admission_reason"": ""Quantity, context, source lineage and assay comprehensiveness require review"", ""policy_version"": 1, ""as_of"": ""2026-10-07"", ""status"": ""pending_scope_review"", ""age_years"": null, ""citations_per_year"": null, ""recency_factor"": null, ""comprehensiveness_factor"": null, ""score"": null, ""gap"": ""publication_id, first_publication_date, citations"", ""metadata_status"": ""metadata_incomplete"", ""diagnostic_score"": null, ""source_id"": ""antisense_level"", ""pattern"": ""antisense_expression_percentile"", ""coverage_basis"": ""installed stored-value fraction; assay completeness unverified""}]"
Tg_codon_usage_translation_efficiency,Tg,codon usage / translation efficiency,sequence-derived,gene,one,"[""codon_""]",1,0,,,False,0,,,False,source/assay review required; no automatic promotion,"[{""dataset_id"": ""toxodb_codon_usage:codon_"", ""scope"": ""Tg_codon_usage_translation_efficiency"", ""publication_id"": """", ""first_publication_date"": """", ""citations"": null, ""comprehensiveness"": 1.0, ""citation_provider"": ""Europe PMC"", ""citation_snapshot"": ""2026-10-07"", ""admission"": ""pending"", ""admission_reason"": ""Quantity, context, source lineage and assay comprehensiveness require review"", ""policy_version"": 1, ""as_of"": ""2026-10-07"", ""status"": ""pending_scope_review"", ""age_years"": null, ""citations_per_year"": null, ""recency_factor"": null, ""comprehensiveness_factor"": null, ""score"": null, ""gap"": ""publication_id, first_publication_date, citations"", ""metadata_status"": ""metadata_incomplete"", ""diagnostic_score"": null, ""source_id"": ""toxodb_codon_usage"", ""pattern"": ""codon_"", ""coverage_basis"": ""installed stored-value fraction; assay completeness unverified""}]"
Tg_complex_membership,Tg,complex membership,crosslink MS interactome,gene,separate,[],1,0,,,False,1,crosslink_interactome,n_crosslink_partners,False,source/assay review required; no automatic promotion,"[{""dataset_id"": ""crosslink_interactome:n_crosslink_partners"", ""scope"": ""Tg_complex_membership"", ""publication_id"": ""MED:40874616"", ""first_publication_date"": ""2025-08-28"", ""citations"": 3, ""comprehensiveness"": 0.06068796068796069, ""citation_provider"": ""Europe PMC"", ""citation_snapshot"": ""2026-10-07"", ""admission"": ""pending"", ""admission_reason"": ""Quantity, context, source lineage and assay comprehensiveness require review"", ""policy_version"": 1, ""as_of"": ""2026-10-07"", ""status"": ""pending_scope_review"", ""age_years"": 1.1088523378303456, ""citations_per_year"": 2.7055, ""recency_factor"": 1.080109922148739, ""comprehensiveness_factor"": 1.0151719901719902, ""score"": null, ""gap"": """", ""metadata_status"": ""ranked"", ""diagnostic_score"": 2.9665735514010687, ""source_id"": ""crosslink_interactome"", ""pattern"": ""n_crosslink_partners"", ""coverage_basis"": ""installed stored-value fraction; assay completeness unverified""}]"
Tg_seroreactivity_antigenicity,Tg,seroreactivity / antigenicity,human or animal sera,gene,separate,[],1,0,,,False,0,,,False,source/assay review required; no automatic promotion,"[{""dataset_id"": ""iedb_bcell:n_bcell_epitopes"", ""scope"": ""Tg_seroreactivity_antigenicity"", ""publication_id"": """", ""first_publication_date"": """", ""citations"": null, ""comprehensiveness"": 0.004176904176904177, ""citation_provider"": ""Europe PMC"", ""citation_snapshot"": ""2026-10-07"", ""admission"": ""pending"", ""admission_reason"": ""Quantity, context, source lineage and assay comprehensiveness require review"", ""policy_version"": 1, ""as_of"": ""2026-10-07"", ""status"": ""pending_scope_review"", ""age_years"": null, ""citations_per_year"": null, ""recency_factor"": null, ""comprehensiveness_factor"": null, ""score"": null, ""gap"": ""publication_id, first_publication_date, citations"", ""metadata_status"": ""metadata_incomplete"", ""diagnostic_score"": null, ""source_id"": ""iedb_bcell"", ""pattern"": ""n_bcell_epitopes"", ""coverage_basis"": ""installed stored-value fraction; assay completeness unverified""}]"
Tg_t_cell_epitope_content,Tg,T-cell epitope content,predicted and measured,gene,average,[],1,0,,,False,0,,,False,source/assay review required; no automatic promotion,"[{""dataset_id"": ""toxodb_epitopes:iedb_epitope_count"", ""scope"": ""Tg_t_cell_epitope_content"", ""publication_id"": """", ""first_publication_date"": """", ""citations"": null, ""comprehensiveness"": 0.027149877149877148, ""citation_provider"": ""Europe PMC"", ""citation_snapshot"": ""2026-10-07"", ""admission"": ""pending"", ""admission_reason"": ""Quantity, context, source lineage and assay comprehensiveness require review"", ""policy_version"": 1, ""as_of"": ""2026-10-07"", ""status"": ""pending_scope_review"", ""age_years"": null, ""citations_per_year"": null, ""recency_factor"": null, ""comprehensiveness_factor"": null, ""score"": null, ""gap"": ""publication_id, first_publication_date, citations"", ""metadata_status"": ""metadata_incomplete"", ""diagnostic_score"": null, ""source_id"": ""toxodb_epitopes"", ""pattern"": ""iedb_epitope_count"", ""coverage_basis"": ""installed stored-value fraction; assay completeness unverified""}]"
Tg_host_escrt_recruitment,Tg,host ESCRT recruitment,high-content imaging,gene,separate,[],1,0,,,False,1,spacr_escrt_screen,escrt_recruitment_,False,source/assay review required; no automatic promotion,"[{""dataset_id"": ""spacr_escrt_screen:escrt_recruitment_"", ""scope"": ""Tg_host_escrt_recruitment"", ""publication_id"": ""PPR:PPR1275982"", ""first_publication_date"": ""2026-07-09"", ""citations"": 0, ""comprehensiveness"": 0.0012285012285012285, ""citation_provider"": ""Europe PMC"", ""citation_snapshot"": ""2026-10-07"", ""admission"": ""pending"", ""admission_reason"": ""Quantity, context, source lineage and assay comprehensiveness require review"", ""policy_version"": 1, ""as_of"": ""2026-10-07"", ""status"": ""pending_scope_review"", ""age_years"": 0.24641163062896568, ""citations_per_year"": 0.0, ""recency_factor"": 1.0951912342033778, ""comprehensiveness_factor"": 1.0003071253071254, ""score"": null, ""gap"": """", ""metadata_status"": ""ranked"", ""diagnostic_score"": 0.0, ""source_id"": ""spacr_escrt_screen"", ""pattern"": ""escrt_recruitment_"", ""coverage_basis"": ""installed stored-value fraction; assay completeness unverified""}]"
Tg_invasion_and_egress_phenotype,Tg,invasion and egress phenotype,high-content imaging,gene,separate,[],0,0,,,False,0,,,False,source/assay review required; no automatic promotion,[]
Tg_essentiality_in_a_second_background,Tg,essentiality in a second background,second strain,gene,separate,[],1,0,,,False,0,,,False,source/assay review required; no automatic promotion,"[{""dataset_id"": ""second_background_fitness:crispr_reporter_strain_p8_log2"", ""scope"": ""Tg_essentiality_in_a_second_background"", ""publication_id"": """", ""first_publication_date"": """", ""citations"": null, ""comprehensiveness"": 0.016093366093366094, ""citation_provider"": ""Europe PMC"", ""citation_snapshot"": ""2026-10-07"", ""admission"": ""pending"", ""admission_reason"": ""Quantity, context, source lineage and assay comprehensiveness require review"", ""policy_version"": 1, ""as_of"": ""2026-10-07"", ""status"": ""pending_scope_review"", ""age_years"": null, ""citations_per_year"": null, ""recency_factor"": null, ""comprehensiveness_factor"": null, ""score"": null, ""gap"": ""publication_id, first_publication_date, citations"", ""metadata_status"": ""metadata_incomplete"", ""diagnostic_score"": null, ""source_id"": ""second_background_fitness"", ""pattern"": ""crispr_reporter_strain_p8_log2"", ""coverage_basis"": ""installed stored-value fraction; assay completeness unverified""}]"
Tg_host_proteome_human_fibroblast,Tg,host proteome · human fibroblast,"human fibroblast; tachyzoite, in vitro HFF",host_gene,average,[],0,0,,,False,0,,,False,source/assay review required; no automatic promotion,[]
Tg_host_transcriptome_human_fibroblast,Tg,host transcriptome · human fibroblast,"human fibroblast; tachyzoite, in vitro HFF",host_gene,average,[],1,0,,,False,1,host_gtex_transcriptome,fibroblast_tpm,False,source/assay review required; no automatic promotion,"[{""dataset_id"": ""host_gtex_transcriptome:fibroblast_tpm"", ""scope"": ""Tg_host_transcriptome_human_fibroblast"", ""publication_id"": ""MED:32913098"", ""first_publication_date"": ""2020-09-01"", ""citations"": 5426, ""comprehensiveness"": 0.9093811043880128, ""citation_provider"": ""Europe PMC"", ""citation_snapshot"": ""2026-10-07"", ""admission"": ""pending"", ""admission_reason"": ""Quantity, context, source lineage and assay comprehensiveness require review"", ""policy_version"": 1, ""as_of"": ""2026-10-07"", ""status"": ""pending_scope_review"", ""age_years"": 6.097318904563406, ""citations_per_year"": 889.8993286933095, ""recency_factor"": 1.0295388517426158, ""comprehensiveness_factor"": 1.2273452760970032, ""score"": null, ""gap"": """", ""metadata_status"": ""ranked"", ""diagnostic_score"": 1124.4764769302017, ""source_id"": ""host_gtex_transcriptome"", ""pattern"": ""fibroblast_tpm"", ""coverage_basis"": ""installed stored-value fraction; assay completeness unverified""}]"
Tg_host_surface_receptor_repertoire_human_fibroblast,Tg,host surface / receptor repertoire · human fibroblast,"human fibroblast; tachyzoite, in vitro HFF",host_gene,fill,[],0,0,,,False,0,,,False,source/assay review required; no automatic promotion,[]
Tg_host_response_to_infection_human_fibroblast,Tg,host response to infection · human fibroblast,"human fibroblast; tachyzoite, in vitro HFF",host_gene,separate,[],2,0,,,False,0,,,False,source/assay review required; no automatic promotion,"[{""dataset_id"": ""host_hff_tg_infection:hff_tg_infection_log2fc"", ""scope"": ""Tg_host_response_to_infection_human_fibroblast"", ""publication_id"": """", ""first_publication_date"": """", ""citations"": null, ""comprehensiveness"": 0.5065034065462861, ""citation_provider"": ""Europe PMC"", ""citation_snapshot"": ""2026-10-07"", ""admission"": ""pending"", ""admission_reason"": ""Quantity, context, source lineage and assay comprehensiveness require review"", ""policy_version"": 1, ""as_of"": ""2026-10-07"", ""status"": ""pending_scope_review"", ""age_years"": null, ""citations_per_year"": null, ""recency_factor"": null, ""comprehensiveness_factor"": null, ""score"": null, ""gap"": ""publication_id, first_publication_date, citations"", ""metadata_status"": ""metadata_incomplete"", ""diagnostic_score"": null, ""source_id"": ""host_hff_tg_infection"", ""pattern"": ""hff_tg_infection_log2fc"", ""coverage_basis"": ""installed stored-value fraction; assay completeness unverified""}, {""dataset_id"": ""host_hff_tg_infection:hff_tg_infection_padj"", ""scope"": ""Tg_host_response_to_infection_human_fibroblast"", ""publication_id"": """", ""first_publication_date"": """", ""citations"": null, ""comprehensiveness"": 0.5065034065462861, ""citation_provider"": ""Europe PMC"", ""citation_snapshot"": ""2026-10-07"", ""admission"": ""pending"", ""admission_reason"": ""Quantity, context, source lineage and assay comprehensiveness require review"", ""policy_version"": 1, ""as_of"": ""2026-10-07"", ""status"": ""pending_scope_review"", ""age_years"": null, ""citations_per_year"": null, ""recency_factor"": null, ""comprehensiveness_factor"": null, ""score"": null, ""gap"": ""publication_id, first_publication_date, citations"", ""metadata_status"": ""metadata_incomplete"", ""diagnostic_score"": null, ""source_id"": ""host_hff_tg_infection"", ""pattern"": ""hff_tg_infection_padj"", ""coverage_basis"": ""installed stored-value fraction; assay completeness unverified""}]"
Tg_host_proteome_human_monocyte,Tg,host proteome · human monocyte,"human monocyte; tachyzoite, infected monocyte",host_gene,average,[],0,0,,,False,0,,,False,source/assay review required; no automatic promotion,[]
Tg_host_transcriptome_human_monocyte,Tg,host transcriptome · human monocyte,"human monocyte; tachyzoite, infected monocyte",host_gene,average,[],0,0,,,False,0,,,False,source/assay review required; no automatic promotion,[]
Tg_host_surface_receptor_repertoire_human_monocyte,Tg,host surface / receptor repertoire · human monocyte,"human monocyte; tachyzoite, infected monocyte",host_gene,fill,[],0,0,,,False,0,,,False,source/assay review required; no automatic promotion,[]
Tg_host_response_to_infection_human_monocyte,Tg,host response to infection · human monocyte,"human monocyte; tachyzoite, infected monocyte",host_gene,separate,[],0,0,,,False,0,,,False,source/assay review required; no automatic promotion,[]
Tg_host_proteome_mouse_bone_marrow_macrophage,Tg,host proteome · mouse bone-marrow macrophage,"mouse bone-marrow macrophage; tachyzoite, BMDM",host_gene,average,[],0,0,,,False,0,,,False,source/assay review required; no automatic promotion,[]
Tg_host_transcriptome_mouse_bone_marrow_macrophage,Tg,host transcriptome · mouse bone-marrow macrophage,"mouse bone-marrow macrophage; tachyzoite, BMDM",host_gene,average,[],1,0,,,False,1,host_bmdm_baseline,bmdm_tpm,False,source/assay review required; no automatic promotion,"[{""dataset_id"": ""host_bmdm_baseline:bmdm_tpm"", ""scope"": ""Tg_host_transcriptome_mouse_bone_marrow_macrophage"", ""publication_id"": ""MED:40759751"", ""first_publication_date"": ""2025-08-04"", ""citations"": 23, ""comprehensiveness"": 0.9901860166773573, ""citation_provider"": ""Europe PMC"", ""citation_snapshot"": ""2026-10-07"", ""admission"": ""pending"", ""admission_reason"": ""Quantity, context, source lineage and assay comprehensiveness require review"", ""policy_version"": 1, ""as_of"": ""2026-10-07"", ""status"": ""pending_scope_review"", ""age_years"": 1.1745621059980698, ""citations_per_year"": 19.581765734265733, ""recency_factor"": 1.0790640089907313, ""comprehensiveness_factor"": 1.2475465041693394, ""score"": null, ""gap"": """", ""metadata_status"": ""ranked"", ""diagnostic_score"": 26.360630980931447, ""source_id"": ""host_bmdm_baseline"", ""pattern"": ""bmdm_tpm"", ""coverage_basis"": ""installed stored-value fraction; assay completeness unverified""}]"
Tg_host_surface_receptor_repertoire_mouse_bone_marrow_macrophage,Tg,host surface / receptor repertoire · mouse bone-marrow macrophage,"mouse bone-marrow macrophage; tachyzoite, BMDM",host_gene,fill,[],2,0,,,False,2,host_macrophage_surfaceome,bmdm_surface_detected,False,source/assay review required; no automatic promotion,"[{""dataset_id"": ""host_macrophage_surfaceome:bmdm_surface_detected"", ""scope"": ""Tg_host_surface_receptor_repertoire_mouse_bone_marrow_macrophage"", ""publication_id"": ""MED:25894527"", ""first_publication_date"": ""2015-04-20"", ""citations"": 401, ""comprehensiveness"": 0.08313021167415009, ""citation_provider"": ""Europe PMC"", ""citation_snapshot"": ""2026-10-07"", ""admission"": ""pending"", ""admission_reason"": ""Quantity, context, source lineage and assay comprehensiveness require review"", ""policy_version"": 1, ""as_of"": ""2026-10-07"", ""status"": ""pending_scope_review"", ""age_years"": 11.466354545267869, ""citations_per_year"": 34.971882163323784, ""recency_factor"": 1.010093576959397, ""comprehensiveness_factor"": 1.0207825529185375, ""score"": null, ""gap"": """", ""metadata_status"": ""ranked"", ""diagnostic_score"": 36.05901460119279, ""source_id"": ""host_macrophage_surfaceome"", ""pattern"": ""bmdm_surface_detected"", ""coverage_basis"": ""installed stored-value fraction; assay completeness unverified""}, {""dataset_id"": ""host_macrophage_surfaceome:bmdm_surface_intensity"", ""scope"": ""Tg_host_surface_receptor_repertoire_mouse_bone_marrow_macrophage"", ""publication_id"": ""MED:25894527"", ""first_publication_date"": ""2015-04-20"", ""citations"": 401, ""comprehensiveness"": 0.009429121231558691, ""citation_provider"": ""Europe PMC"", ""citation_snapshot"": ""2026-10-07"", ""admission"": ""pending"", ""admission_reason"": ""Quantity, context, source lineage and assay comprehensiveness require review"", ""policy_version"": 1, ""as_of"": ""2026-10-07"", ""status"": ""pending_scope_review"", ""age_years"": 11.466354545267869, ""citations_per_year"": 34.971882163323784, ""recency_factor"": 1.010093576959397, ""comprehensiveness_factor"": 1.0023572803078897, ""score"": null, ""gap"": """", ""metadata_status"": ""ranked"", ""diagnostic_score"": 35.40814417614613, ""source_id"": ""host_macrophage_surfaceome"", ""pattern"": ""bmdm_surface_intensity"", ""coverage_basis"": ""installed stored-value fraction; assay completeness unverified""}]"
Tg_host_response_to_infection_mouse_bone_marrow_macrophage,Tg,host response to infection · mouse bone-marrow macrophage,"mouse bone-marrow macrophage; tachyzoite, BMDM",host_gene,separate,[],0,0,,,False,0,,,False,source/assay review required; no automatic promotion,[]
Tg_host_proteome_mouse_brain,Tg,host proteome · mouse brain,"mouse brain; bradyzoite, chronic CNS infection",host_gene,average,[],0,0,,,False,0,,,False,source/assay review required; no automatic promotion,[]
Tg_host_transcriptome_mouse_brain,Tg,host transcriptome · mouse brain,"mouse brain; bradyzoite, chronic CNS infection",host_gene,average,[],1,0,,,False,1,host_mouse_tissue_transcriptome,brain_tpm,False,source/assay review required; no automatic promotion,"[{""dataset_id"": ""host_mouse_tissue_transcriptome:brain_tpm"", ""scope"": ""Tg_host_transcriptome_mouse_brain"", ""publication_id"": ""MED:24670764"", ""first_publication_date"": ""2014-03-01"", ""citations"": 1783, ""comprehensiveness"": 0.6262347658755613, ""citation_provider"": ""Europe PMC"", ""citation_snapshot"": ""2026-10-07"", ""admission"": ""pending"", ""admission_reason"": ""Quantity, context, source lineage and assay comprehensiveness require review"", ""policy_version"": 1, ""as_of"": ""2026-10-07"", ""status"": ""pending_scope_review"", ""age_years"": 12.6025859531681, ""citations_per_year"": 141.4789001737997, ""recency_factor"": 1.0080418004553597, ""comprehensiveness_factor"": 1.1565586914688903, ""score"": null, ""gap"": """", ""metadata_status"": ""ranked"", ""diagnostic_score"": 164.94452062086037, ""source_id"": ""host_mouse_tissue_transcriptome"", ""pattern"": ""brain_tpm"", ""coverage_basis"": ""installed stored-value fraction; assay completeness unverified""}]"
Tg_host_surface_receptor_repertoire_mouse_brain,Tg,host surface / receptor repertoire · mouse brain,"mouse brain; bradyzoite, chronic CNS infection",host_gene,fill,[],0,0,,,False,0,,,False,source/assay review required; no automatic promotion,[]
Tg_host_response_to_infection_mouse_brain,Tg,host response to infection · mouse brain,"mouse brain; bradyzoite, chronic CNS infection",host_gene,separate,[],0,0,,,False,0,,,False,source/assay review required; no automatic promotion,[]
Tg_host_proteome_mouse_skeletal_muscle,Tg,host proteome · mouse skeletal muscle,"mouse skeletal muscle; bradyzoite, chronic muscle infection",host_gene,average,[],0,0,,,False,0,,,False,source/assay review required; no automatic promotion,[]
Tg_host_transcriptome_mouse_skeletal_muscle,Tg,host transcriptome · mouse skeletal muscle,"mouse skeletal muscle; bradyzoite, chronic muscle infection",host_gene,average,[],1,0,,,False,1,host_mouse_tissue_transcriptome,skeletal_muscle_tpm,False,source/assay review required; no automatic promotion,"[{""dataset_id"": ""host_mouse_tissue_transcriptome:skeletal_muscle_tpm"", ""scope"": ""Tg_host_transcriptome_mouse_skeletal_muscle"", ""publication_id"": ""MED:24670764"", ""first_publication_date"": ""2014-03-01"", ""citations"": 1783, ""comprehensiveness"": 0.553880692751764, ""citation_provider"": ""Europe PMC"", ""citation_snapshot"": ""2026-10-07"", ""admission"": ""pending"", ""admission_reason"": ""Quantity, context, source lineage and assay comprehensiveness require review"", ""policy_version"": 1, ""as_of"": ""2026-10-07"", ""status"": ""pending_scope_review"", ""age_years"": 12.6025859531681, ""citations_per_year"": 141.4789001737997, ""recency_factor"": 1.0080418004553597, ""comprehensiveness_factor"": 1.138470173187941, ""score"": null, ""gap"": """", ""metadata_status"": ""ranked"", ""diagnostic_score"": 162.36479682594987, ""source_id"": ""host_mouse_tissue_transcriptome"", ""pattern"": ""skeletal_muscle_tpm"", ""coverage_basis"": ""installed stored-value fraction; assay completeness unverified""}]"
Tg_host_surface_receptor_repertoire_mouse_skeletal_muscle,Tg,host surface / receptor repertoire · mouse skeletal muscle,"mouse skeletal muscle; bradyzoite, chronic muscle infection",host_gene,fill,[],0,0,,,False,0,,,False,source/assay review required; no automatic promotion,[]
Tg_host_response_to_infection_mouse_skeletal_muscle,Tg,host response to infection · mouse skeletal muscle,"mouse skeletal muscle; bradyzoite, chronic muscle infection",host_gene,separate,[],0,0,,,False,0,,,False,source/assay review required; no automatic promotion,[]
Tg_host_proteome_human_neuron,Tg,host proteome · human neuron,"human neuron; bradyzoite, neuronal cyst",host_gene,average,[],0,0,,,False,0,,,False,source/assay review required; no automatic promotion,[]
Tg_host_transcriptome_human_neuron,Tg,host transcriptome · human neuron,"human neuron; bradyzoite, neuronal cyst",host_gene,average,[],0,0,,,False,0,,,False,source/assay review required; no automatic promotion,[]
Tg_host_surface_receptor_repertoire_human_neuron,Tg,host surface / receptor repertoire · human neuron,"human neuron; bradyzoite, neuronal cyst",host_gene,fill,[],0,0,,,False,0,,,False,source/assay review required; no automatic promotion,[]
Tg_host_response_to_infection_human_neuron,Tg,host response to infection · human neuron,"human neuron; bradyzoite, neuronal cyst",host_gene,separate,[],0,0,,,False,0,,,False,source/assay review required; no automatic promotion,[]
Tg_local_af3_fold_confidence_and_geometry,Tg,local AF3 fold confidence and geometry,AlphaFold 3 local predictions,gene,separate,[],1,0,,,False,0,,,False,source/assay review required; no automatic promotion,"[{""dataset_id"": ""local_af3:af3_"", ""scope"": ""Tg_local_af3_fold_confidence_and_geometry"", ""publication_id"": """", ""first_publication_date"": """", ""citations"": null, ""comprehensiveness"": 0.14864864864864866, ""citation_provider"": ""Europe PMC"", ""citation_snapshot"": ""2026-10-07"", ""admission"": ""pending"", ""admission_reason"": ""Quantity, context, source lineage and assay comprehensiveness require review"", ""policy_version"": 1, ""as_of"": ""2026-10-07"", ""status"": ""pending_scope_review"", ""age_years"": null, ""citations_per_year"": null, ""recency_factor"": null, ""comprehensiveness_factor"": null, ""score"": null, ""gap"": ""publication_id, first_publication_date, citations"", ""metadata_status"": ""metadata_incomplete"", ""diagnostic_score"": null, ""source_id"": ""local_af3"", ""pattern"": ""af3_"", ""coverage_basis"": ""installed stored-value fraction; assay completeness unverified""}]"
Tg_transcription_in_vivo_enteric,Tg,transcription · in vivo enteric,feline enterocyte,gene,one,"[""ees_vs_tachyzoite_log2""]",1,0,,,False,0,,,False,source/assay review required; no automatic promotion,"[{""dataset_id"": ""toxodb_enteroepithelial:ees_vs_tachyzoite_log2"", ""scope"": ""Tg_transcription_in_vivo_enteric"", ""publication_id"": """", ""first_publication_date"": """", ""citations"": null, ""comprehensiveness"": 0.9507371007371007, ""citation_provider"": ""Europe PMC"", ""citation_snapshot"": ""2026-10-07"", ""admission"": ""pending"", ""admission_reason"": ""Quantity, context, source lineage and assay comprehensiveness require review"", ""policy_version"": 1, ""as_of"": ""2026-10-07"", ""status"": ""pending_scope_review"", ""age_years"": null, ""citations_per_year"": null, ""recency_factor"": null, ""comprehensiveness_factor"": null, ""score"": null, ""gap"": ""publication_id, first_publication_date, citations"", ""metadata_status"": ""metadata_incomplete"", ""diagnostic_score"": null, ""source_id"": ""toxodb_enteroepithelial"", ""pattern"": ""ees_vs_tachyzoite_log2"", ""coverage_basis"": ""installed stored-value fraction; assay completeness unverified""}]"
Tg_fitness_in_vivo_gut,Tg,fitness · in vivo gut,"enteric, sexual cycle",gene,separate,[],1,0,,,False,1,curated_enteric_fitness,enteric_measurements,False,source/assay review required; no automatic promotion,"[{""dataset_id"": ""curated_enteric_fitness:enteric_measurements"", ""scope"": ""Tg_fitness_in_vivo_gut"", ""publication_id"": ""MED:28288194"", ""first_publication_date"": ""2017-03-13"", ""citations"": 41, ""comprehensiveness"": 0.0009828009828009828, ""citation_provider"": ""Europe PMC"", ""citation_snapshot"": ""2026-10-07"", ""admission"": ""pending"", ""admission_reason"": ""Quantity, context, source lineage and assay comprehensiveness require review"", ""policy_version"": 1, ""as_of"": ""2026-10-07"", ""status"": ""pending_scope_review"", ""age_years"": 9.568984989424834, ""citations_per_year"": 4.284675965665236, ""recency_factor"": 1.014751919178275, ""comprehensiveness_factor"": 1.0002457002457001, ""score"": null, ""gap"": """", ""metadata_status"": ""ranked"", ""diagnostic_score"": 4.348951435176321, ""source_id"": ""curated_enteric_fitness"", ""pattern"": ""enteric_measurements"", ""coverage_basis"": ""installed stored-value fraction; assay completeness unverified""}]"
Tg_cyst_wall_composition,Tg,cyst wall composition,bradyzoite cyst wall,gene,separate,[],1,0,,,False,1,cyst_wall_interactome,cyst_wall_,False,source/assay review required; no automatic promotion,"[{""dataset_id"": ""cyst_wall_interactome:cyst_wall_"", ""scope"": ""Tg_cyst_wall_composition"", ""publication_id"": ""MED:32019789"", ""first_publication_date"": ""2020-02-04"", ""citations"": 42, ""comprehensiveness"": 0.0068796068796068794, ""citation_provider"": ""Europe PMC"", ""citation_snapshot"": ""2026-10-07"", ""admission"": ""pending"", ""admission_reason"": ""Quantity, context, source lineage and assay comprehensiveness require review"", ""policy_version"": 1, ""as_of"": ""2026-10-07"", ""status"": ""pending_scope_review"", ""age_years"": 6.672279376030993, ""citations_per_year"": 6.294700451374641, ""recency_factor"": 1.026330140530791, ""comprehensiveness_factor"": 1.0017199017199017, ""score"": null, ""gap"": """", ""metadata_status"": ""ranked"", ""diagnostic_score"": 6.471552122099848, ""source_id"": ""cyst_wall_interactome"", ""pattern"": ""cyst_wall_"", ""coverage_basis"": ""installed stored-value fraction; assay completeness unverified""}]"
Tg_host_protein_recruitment_to_the_vacuole,Tg,host protein recruitment to the vacuole,parasitophorous vacuole; tachyzoite in HFF,host_gene,one,"[""pv_enrichment_log2""]",1,0,,,False,1,pv_host_uptake,pv_enrichment_log2,False,source/assay review required; no automatic promotion,"[{""dataset_id"": ""pv_host_uptake:pv_enrichment_log2"", ""scope"": ""Tg_host_protein_recruitment_to_the_vacuole"", ""publication_id"": ""MED:34898650"", ""first_publication_date"": ""2021-12-13"", ""citations"": 67, ""comprehensiveness"": 0.000571728048025156, ""citation_provider"": ""Europe PMC"", ""citation_snapshot"": ""2026-10-07"", ""admission"": ""pending"", ""admission_reason"": ""Quantity, context, source lineage and assay comprehensiveness require review"", ""policy_version"": 1, ""as_of"": ""2026-10-07"", ""status"": ""pending_scope_review"", ""age_years"": 4.815978425292784, ""citations_per_year"": 13.912022455940876, ""recency_factor"": 1.0381671233947607, ""comprehensiveness_factor"": 1.0001429320120063, ""score"": null, ""gap"": """", ""metadata_status"": ""ranked"", ""diagnostic_score"": 14.445068701356282, ""source_id"": ""pv_host_uptake"", ""pattern"": ""pv_enrichment_log2"", ""coverage_basis"": ""installed stored-value fraction; assay completeness unverified""}]"
Tg_host_gene_requirement_rhoptry_discharge,Tg,host gene requirement · rhoptry discharge,human K562; Toxoplasma invasion assay,host_gene,fill,[],3,0,,,False,3,host_k562_rhoptry_screen,rhoptry_discharge_score,False,source/assay review required; no automatic promotion,"[{""dataset_id"": ""host_k562_rhoptry_screen:rhoptry_discharge_score"", ""scope"": ""Tg_host_gene_requirement_rhoptry_discharge"", ""publication_id"": ""PPR:PPR1103998"", ""first_publication_date"": ""2025-10-17"", ""citations"": 0, ""comprehensiveness"": 0.8928009909952832, ""citation_provider"": ""Europe PMC"", ""citation_snapshot"": ""2026-10-07"", ""admission"": ""pending"", ""admission_reason"": ""Quantity, context, source lineage and assay comprehensiveness require review"", ""policy_version"": 1, ""as_of"": ""2026-10-07"", ""status"": ""pending_scope_review"", ""age_years"": 0.9719569874809202, ""citations_per_year"": 0.0, ""recency_factor"": 1.0823335589707805, ""comprehensiveness_factor"": 1.2232002477488209, ""score"": null, ""gap"": """", ""metadata_status"": ""ranked"", ""diagnostic_score"": 0.0, ""source_id"": ""host_k562_rhoptry_screen"", ""pattern"": ""rhoptry_discharge_score"", ""coverage_basis"": ""installed stored-value fraction; assay completeness unverified""}, {""dataset_id"": ""host_k562_rhoptry_screen:rhoptry_discharge_beta"", ""scope"": ""Tg_host_gene_requirement_rhoptry_discharge"", ""publication_id"": ""PPR:PPR1103998"", ""first_publication_date"": ""2025-10-17"", ""citations"": 0, ""comprehensiveness"": 0.8928009909952832, ""citation_provider"": ""Europe PMC"", ""citation_snapshot"": ""2026-10-07"", ""admission"": ""pending"", ""admission_reason"": ""Quantity, context, source lineage and assay comprehensiveness require review"", ""policy_version"": 1, ""as_of"": ""2026-10-07"", ""status"": ""pending_scope_review"", ""age_years"": 0.9719569874809202, ""citations_per_year"": 0.0, ""recency_factor"": 1.0823335589707805, ""comprehensiveness_factor"": 1.2232002477488209, ""score"": null, ""gap"": """", ""metadata_status"": ""ranked"", ""diagnostic_score"": 0.0, ""source_id"": ""host_k562_rhoptry_screen"", ""pattern"": ""rhoptry_discharge_beta"", ""coverage_basis"": ""installed stored-value fraction; assay completeness unverified""}, {""dataset_id"": ""host_k562_rhoptry_screen:rhoptry_discharge_fdr"", ""scope"": ""Tg_host_gene_requirement_rhoptry_discharge"", ""publication_id"": ""PPR:PPR1103998"", ""first_publication_date"": ""2025-10-17"", ""citations"": 0, ""comprehensiveness"": 0.8928009909952832, ""citation_provider"": ""Europe PMC"", ""citation_snapshot"": ""2026-10-07"", ""admission"": ""pending"", ""admission_reason"": ""Quantity, context, source lineage and assay comprehensiveness require review"", ""policy_version"": 1, ""as_of"": ""2026-10-07"", ""status"": ""pending_scope_review"", ""age_years"": 0.9719569874809202, ""citations_per_year"": 0.0, ""recency_factor"": 1.0823335589707805, ""comprehensiveness_factor"": 1.2232002477488209, ""score"": null, ""gap"": """", ""metadata_status"": ""ranked"", ""diagnostic_score"": 0.0, ""source_id"": ""host_k562_rhoptry_screen"", ""pattern"": ""rhoptry_discharge_fdr"", ""coverage_basis"": ""installed stored-value fraction; assay completeness unverified""}]"
Pf_transcription_asexual_blood_stage,Pf,transcription · asexual blood stage,asexual blood stage,gene,one,"[""expr_asexual_blood""]",1,0,,,False,0,,,False,source/assay review required; no automatic promotion,"[{""dataset_id"": ""plasmodb_pf3d7_expression:expr_asexual_blood"", ""scope"": ""Pf_transcription_asexual_blood_stage"", ""publication_id"": """", ""first_publication_date"": """", ""citations"": null, ""comprehensiveness"": 1.0, ""citation_provider"": ""Europe PMC"", ""citation_snapshot"": ""2026-10-07"", ""admission"": ""pending"", ""admission_reason"": ""Quantity, context, source lineage and assay comprehensiveness require review"", ""policy_version"": 1, ""as_of"": ""2026-10-07"", ""status"": ""pending_scope_review"", ""age_years"": null, ""citations_per_year"": null, ""recency_factor"": null, ""comprehensiveness_factor"": null, ""score"": null, ""gap"": ""publication_id, first_publication_date, citations"", ""metadata_status"": ""metadata_incomplete"", ""diagnostic_score"": null, ""source_id"": ""plasmodb_pf3d7_expression"", ""pattern"": ""expr_asexual_blood"", ""coverage_basis"": ""installed stored-value fraction; assay completeness unverified""}]"
Pf_transcription_ring,Pf,transcription · ring,ring,gene,one,"[""expr_ring""]",1,0,,,False,0,,,False,source/assay review required; no automatic promotion,"[{""dataset_id"": ""plasmodb_pf3d7_expression:expr_ring"", ""scope"": ""Pf_transcription_ring"", ""publication_id"": """", ""first_publication_date"": """", ""citations"": null, ""comprehensiveness"": 1.0, ""citation_provider"": ""Europe PMC"", ""citation_snapshot"": ""2026-10-07"", ""admission"": ""pending"", ""admission_reason"": ""Quantity, context, source lineage and assay comprehensiveness require review"", ""policy_version"": 1, ""as_of"": ""2026-10-07"", ""status"": ""pending_scope_review"", ""age_years"": null, ""citations_per_year"": null, ""recency_factor"": null, ""comprehensiveness_factor"": null, ""score"": null, ""gap"": ""publication_id, first_publication_date, citations"", ""metadata_status"": ""metadata_incomplete"", ""diagnostic_score"": null, ""source_id"": ""plasmodb_pf3d7_expression"", ""pattern"": ""expr_ring"", ""coverage_basis"": ""installed stored-value fraction; assay completeness unverified""}]"
Pf_transcription_trophozoite,Pf,transcription · trophozoite,trophozoite,gene,one,"[""expr_early_trophozoite""]",2,0,,,False,0,,,False,source/assay review required; no automatic promotion,"[{""dataset_id"": ""plasmodb_pf3d7_expression:expr_early_trophozoite"", ""scope"": ""Pf_transcription_trophozoite"", ""publication_id"": """", ""first_publication_date"": """", ""citations"": null, ""comprehensiveness"": 1.0, ""citation_provider"": ""Europe PMC"", ""citation_snapshot"": ""2026-10-07"", ""admission"": ""pending"", ""admission_reason"": ""Quantity, context, source lineage and assay comprehensiveness require review"", ""policy_version"": 1, ""as_of"": ""2026-10-07"", ""status"": ""pending_scope_review"", ""age_years"": null, ""citations_per_year"": null, ""recency_factor"": null, ""comprehensiveness_factor"": null, ""score"": null, ""gap"": ""publication_id, first_publication_date, citations"", ""metadata_status"": ""metadata_incomplete"", ""diagnostic_score"": null, ""source_id"": ""plasmodb_pf3d7_expression"", ""pattern"": ""expr_early_trophozoite"", ""coverage_basis"": ""installed stored-value fraction; assay completeness unverified""}, {""dataset_id"": ""plasmodb_pf3d7_expression:expr_late_trophozoite"", ""scope"": ""Pf_transcription_trophozoite"", ""publication_id"": """", ""first_publication_date"": """", ""citations"": null, ""comprehensiveness"": 1.0, ""citation_provider"": ""Europe PMC"", ""citation_snapshot"": ""2026-10-07"", ""admission"": ""pending"", ""admission_reason"": ""Quantity, context, source lineage and assay comprehensiveness require review"", ""policy_version"": 1, ""as_of"": ""2026-10-07"", ""status"": ""pending_scope_review"", ""age_years"": null, ""citations_per_year"": null, ""recency_factor"": null, ""comprehensiveness_factor"": null, ""score"": null, ""gap"": ""publication_id, first_publication_date, citations"", ""metadata_status"": ""metadata_incomplete"", ""diagnostic_score"": null, ""source_id"": ""plasmodb_pf3d7_expression"", ""pattern"": ""expr_late_trophozoite"", ""coverage_basis"": ""installed stored-value fraction; assay completeness unverified""}]"
Pf_transcription_schizont,Pf,transcription · schizont,schizont,gene,one,"[""expr_schizont""]",1,0,,,False,0,,,False,source/assay review required; no automatic promotion,"[{""dataset_id"": ""plasmodb_pf3d7_expression:expr_schizont"", ""scope"": ""Pf_transcription_schizont"", ""publication_id"": """", ""first_publication_date"": """", ""citations"": null, ""comprehensiveness"": 1.0, ""citation_provider"": ""Europe PMC"", ""citation_snapshot"": ""2026-10-07"", ""admission"": ""pending"", ""admission_reason"": ""Quantity, context, source lineage and assay comprehensiveness require review"", ""policy_version"": 1, ""as_of"": ""2026-10-07"", ""status"": ""pending_scope_review"", ""age_years"": null, ""citations_per_year"": null, ""recency_factor"": null, ""comprehensiveness_factor"": null, ""score"": null, ""gap"": ""publication_id, first_publication_date, citations"", ""metadata_status"": ""metadata_incomplete"", ""diagnostic_score"": null, ""source_id"": ""plasmodb_pf3d7_expression"", ""pattern"": ""expr_schizont"", ""coverage_basis"": ""installed stored-value fraction; assay completeness unverified""}]"
Pf_transcription_ookinete,Pf,transcription · ookinete,ookinete,gene,one,"[""expr_ookinete""]",1,0,,,False,0,,,False,source/assay review required; no automatic promotion,"[{""dataset_id"": ""plasmodb_pf3d7_expression:expr_ookinete"", ""scope"": ""Pf_transcription_ookinete"", ""publication_id"": """", ""first_publication_date"": """", ""citations"": null, ""comprehensiveness"": 1.0, ""citation_provider"": ""Europe PMC"", ""citation_snapshot"": ""2026-10-07"", ""admission"": ""pending"", ""admission_reason"": ""Quantity, context, source lineage and assay comprehensiveness require review"", ""policy_version"": 1, ""as_of"": ""2026-10-07"", ""status"": ""pending_scope_review"", ""age_years"": null, ""citations_per_year"": null, ""recency_factor"": null, ""comprehensiveness_factor"": null, ""score"": null, ""gap"": ""publication_id, first_publication_date, citations"", ""metadata_status"": ""metadata_incomplete"", ""diagnostic_score"": null, ""source_id"": ""plasmodb_pf3d7_expression"", ""pattern"": ""expr_ookinete"", ""coverage_basis"": ""installed stored-value fraction; assay completeness unverified""}]"
Pf_transcription_oocyst,Pf,transcription · oocyst,oocyst,gene,one,"[""expr_oocyst""]",1,0,,,False,0,,,False,source/assay review required; no automatic promotion,"[{""dataset_id"": ""plasmodb_pf3d7_expression:expr_oocyst"", ""scope"": ""Pf_transcription_oocyst"", ""publication_id"": """", ""first_publication_date"": """", ""citations"": null, ""comprehensiveness"": 1.0, ""citation_provider"": ""Europe PMC"", ""citation_snapshot"": ""2026-10-07"", ""admission"": ""pending"", ""admission_reason"": ""Quantity, context, source lineage and assay comprehensiveness require review"", ""policy_version"": 1, ""as_of"": ""2026-10-07"", ""status"": ""pending_scope_review"", ""age_years"": null, ""citations_per_year"": null, ""recency_factor"": null, ""comprehensiveness_factor"": null, ""score"": null, ""gap"": ""publication_id, first_publication_date, citations"", ""metadata_status"": ""metadata_incomplete"", ""diagnostic_score"": null, ""source_id"": ""plasmodb_pf3d7_expression"", ""pattern"": ""expr_oocyst"", ""coverage_basis"": ""installed stored-value fraction; assay completeness unverified""}]"
Pf_transcription_sporozoite,Pf,transcription · sporozoite,sporozoite,gene,one,"[""expr_sporozoite""]",1,0,,,False,0,,,False,source/assay review required; no automatic promotion,"[{""dataset_id"": ""plasmodb_pf3d7_expression:expr_sporozoite"", ""scope"": ""Pf_transcription_sporozoite"", ""publication_id"": """", ""first_publication_date"": """", ""citations"": null, ""comprehensiveness"": 1.0, ""citation_provider"": ""Europe PMC"", ""citation_snapshot"": ""2026-10-07"", ""admission"": ""pending"", ""admission_reason"": ""Quantity, context, source lineage and assay comprehensiveness require review"", ""policy_version"": 1, ""as_of"": ""2026-10-07"", ""status"": ""pending_scope_review"", ""age_years"": null, ""citations_per_year"": null, ""recency_factor"": null, ""comprehensiveness_factor"": null, ""score"": null, ""gap"": ""publication_id, first_publication_date, citations"", ""metadata_status"": ""metadata_incomplete"", ""diagnostic_score"": null, ""source_id"": ""plasmodb_pf3d7_expression"", ""pattern"": ""expr_sporozoite"", ""coverage_basis"": ""installed stored-value fraction; assay completeness unverified""}]"
Pf_transcription_per_cell_cycle_phase,Pf,transcription · per cell-cycle phase,cell cycle,gene,separate,[],2,0,,,False,1,pf_riboseq,riboseq_mrna_,False,source/assay review required; no automatic promotion,"[{""dataset_id"": ""plasmodb_pf3d7_expression:steady_state_"", ""scope"": ""Pf_transcription_per_cell_cycle_phase"", ""publication_id"": """", ""first_publication_date"": """", ""citations"": null, ""comprehensiveness"": 1.0, ""citation_provider"": ""Europe PMC"", ""citation_snapshot"": ""2026-10-07"", ""admission"": ""pending"", ""admission_reason"": ""Quantity, context, source lineage and assay comprehensiveness require review"", ""policy_version"": 1, ""as_of"": ""2026-10-07"", ""status"": ""pending_scope_review"", ""age_years"": null, ""citations_per_year"": null, ""recency_factor"": null, ""comprehensiveness_factor"": null, ""score"": null, ""gap"": ""publication_id, first_publication_date, citations"", ""metadata_status"": ""metadata_incomplete"", ""diagnostic_score"": null, ""source_id"": ""plasmodb_pf3d7_expression"", ""pattern"": ""steady_state_"", ""coverage_basis"": ""installed stored-value fraction; assay completeness unverified""}, {""dataset_id"": ""pf_riboseq:riboseq_mrna_"", ""scope"": ""Pf_transcription_per_cell_cycle_phase"", ""publication_id"": ""MED:25493618"", ""first_publication_date"": ""2014-12-10"", ""citations"": 105, ""comprehensiveness"": 0.612062937062937, ""citation_provider"": ""Europe PMC"", ""citation_snapshot"": ""2026-10-07"", ""admission"": ""pending"", ""admission_reason"": ""Quantity, context, source lineage and assay comprehensiveness require review"", ""policy_version"": 1, ""as_of"": ""2026-10-07"", ""status"": ""pending_scope_review"", ""age_years"": 11.825020363183365, ""citations_per_year"": 8.879477309562398, ""recency_factor"": 1.0093948917747892, ""comprehensiveness_factor"": 1.1530157342657343, ""score"": null, ""gap"": """", ""metadata_status"": ""ranked"", ""diagnostic_score"": 10.334363615336718, ""source_id"": ""pf_riboseq"", ""pattern"": ""riboseq_mrna_"", ""coverage_basis"": ""installed stored-value fraction; assay completeness unverified""}]"
Pf_transcription_under_stress_conversion,Pf,transcription · under stress / conversion,"alkaline, stress",gene,separate,[],3,0,,,False,0,,,False,source/assay review required; no automatic promotion,"[{""dataset_id"": ""pf_febrile_stress:febrile_wt_"", ""scope"": ""Pf_transcription_under_stress_conversion"", ""publication_id"": """", ""first_publication_date"": """", ""citations"": null, ""comprehensiveness"": 1.0, ""citation_provider"": ""Europe PMC"", ""citation_snapshot"": ""2026-10-07"", ""admission"": ""pending"", ""admission_reason"": ""Quantity, context, source lineage and assay comprehensiveness require review"", ""policy_version"": 1, ""as_of"": ""2026-10-07"", ""status"": ""pending_scope_review"", ""age_years"": null, ""citations_per_year"": null, ""recency_factor"": null, ""comprehensiveness_factor"": null, ""score"": null, ""gap"": ""publication_id, first_publication_date, citations"", ""metadata_status"": ""metadata_incomplete"", ""diagnostic_score"": null, ""source_id"": ""pf_febrile_stress"", ""pattern"": ""febrile_wt_"", ""coverage_basis"": ""installed stored-value fraction; assay completeness unverified""}, {""dataset_id"": ""pf_febrile_stress:febrile_lrr5ko_"", ""scope"": ""Pf_transcription_under_stress_conversion"", ""publication_id"": """", ""first_publication_date"": """", ""citations"": null, ""comprehensiveness"": 1.0, ""citation_provider"": ""Europe PMC"", ""citation_snapshot"": ""2026-10-07"", ""admission"": ""pending"", ""admission_reason"": ""Quantity, context, source lineage and assay comprehensiveness require review"", ""policy_version"": 1, ""as_of"": ""2026-10-07"", ""status"": ""pending_scope_review"", ""age_years"": null, ""citations_per_year"": null, ""recency_factor"": null, ""comprehensiveness_factor"": null, ""score"": null, ""gap"": ""publication_id, first_publication_date, citations"", ""metadata_status"": ""metadata_incomplete"", ""diagnostic_score"": null, ""source_id"": ""pf_febrile_stress"", ""pattern"": ""febrile_lrr5ko_"", ""coverage_basis"": ""installed stored-value fraction; assay completeness unverified""}, {""dataset_id"": ""pf_febrile_stress:febrile_dhcko_"", ""scope"": ""Pf_transcription_under_stress_conversion"", ""publication_id"": """", ""first_publication_date"": """", ""citations"": null, ""comprehensiveness"": 1.0, ""citation_provider"": ""Europe PMC"", ""citation_snapshot"": ""2026-10-07"", ""admission"": ""pending"", ""admission_reason"": ""Quantity, context, source lineage and assay comprehensiveness require review"", ""policy_version"": 1, ""as_of"": ""2026-10-07"", ""status"": ""pending_scope_review"", ""age_years"": null, ""citations_per_year"": null, ""recency_factor"": null, ""comprehensiveness_factor"": null, ""score"": null, ""gap"": ""publication_id, first_publication_date, citations"", ""metadata_status"": ""metadata_incomplete"", ""diagnostic_score"": null, ""source_id"": ""pf_febrile_stress"", ""pattern"": ""febrile_dhcko_"", ""coverage_basis"": ""installed stored-value fraction; assay completeness unverified""}]"
Pf_transcription_under_tf_or_chromatin_perturbation,Pf,transcription · under TF or chromatin perturbation,perturbation,gene,separate,[],3,0,,,False,0,,,False,source/assay review required; no automatic promotion,"[{""dataset_id"": ""pf_sir2_perturbation:sir2_wt_"", ""scope"": ""Pf_transcription_under_tf_or_chromatin_perturbation"", ""publication_id"": """", ""first_publication_date"": """", ""citations"": null, ""comprehensiveness"": 0.9692307692307692, ""citation_provider"": ""Europe PMC"", ""citation_snapshot"": ""2026-10-07"", ""admission"": ""pending"", ""admission_reason"": ""Quantity, context, source lineage and assay comprehensiveness require review"", ""policy_version"": 1, ""as_of"": ""2026-10-07"", ""status"": ""pending_scope_review"", ""age_years"": null, ""citations_per_year"": null, ""recency_factor"": null, ""comprehensiveness_factor"": null, ""score"": null, ""gap"": ""publication_id, first_publication_date, citations"", ""metadata_status"": ""metadata_incomplete"", ""diagnostic_score"": null, ""source_id"": ""pf_sir2_perturbation"", ""pattern"": ""sir2_wt_"", ""coverage_basis"": ""installed stored-value fraction; assay completeness unverified""}, {""dataset_id"": ""pf_sir2_perturbation:sir2a_ko_"", ""scope"": ""Pf_transcription_under_tf_or_chromatin_perturbation"", ""publication_id"": """", ""first_publication_date"": """", ""citations"": null, ""comprehensiveness"": 0.9692307692307692, ""citation_provider"": ""Europe PMC"", ""citation_snapshot"": ""2026-10-07"", ""admission"": ""pending"", ""admission_reason"": ""Quantity, context, source lineage and assay comprehensiveness require review"", ""policy_version"": 1, ""as_of"": ""2026-10-07"", ""status"": ""pending_scope_review"", ""age_years"": null, ""citations_per_year"": null, ""recency_factor"": null, ""comprehensiveness_factor"": null, ""score"": null, ""gap"": ""publication_id, first_publication_date, citations"", ""metadata_status"": ""metadata_incomplete"", ""diagnostic_score"": null, ""source_id"": ""pf_sir2_perturbation"", ""pattern"": ""sir2a_ko_"", ""coverage_basis"": ""installed stored-value fraction; assay completeness unverified""}, {""dataset_id"": ""pf_sir2_perturbation:sir2b_ko_"", ""scope"": ""Pf_transcription_under_tf_or_chromatin_perturbation"", ""publication_id"": """", ""first_publication_date"": """", ""citations"": null, ""comprehensiveness"": 0.9692307692307692, ""citation_provider"": ""Europe PMC"", ""citation_snapshot"": ""2026-10-07"", ""admission"": ""pending"", ""admission_reason"": ""Quantity, context, source lineage and assay comprehensiveness require review"", ""policy_version"": 1, ""as_of"": ""2026-10-07"", ""status"": ""pending_scope_review"", ""age_years"": null, ""citations_per_year"": null, ""recency_factor"": null, ""comprehensiveness_factor"": null, ""score"": null, ""gap"": ""publication_id, first_publication_date, citations"", ""metadata_status"": ""metadata_incomplete"", ""diagnostic_score"": null, ""source_id"": ""pf_sir2_perturbation"", ""pattern"": ""sir2b_ko_"", ""coverage_basis"": ""installed stored-value fraction; assay completeness unverified""}]"
Pf_transcription_maximum_observed_across_stages,Pf,transcription · maximum observed across stages,cross-stage summary,gene,one,"[""expr_max""]",1,0,,,False,0,,,False,source/assay review required; no automatic promotion,"[{""dataset_id"": ""pf_derived_stage_labels:expr_max"", ""scope"": ""Pf_transcription_maximum_observed_across_stages"", ""publication_id"": """", ""first_publication_date"": """", ""citations"": null, ""comprehensiveness"": 1.0, ""citation_provider"": ""Europe PMC"", ""citation_snapshot"": ""2026-10-07"", ""admission"": ""pending"", ""admission_reason"": ""Quantity, context, source lineage and assay comprehensiveness require review"", ""policy_version"": 1, ""as_of"": ""2026-10-07"", ""status"": ""pending_scope_review"", ""age_years"": null, ""citations_per_year"": null, ""recency_factor"": null, ""comprehensiveness_factor"": null, ""score"": null, ""gap"": ""publication_id, first_publication_date, citations"", ""metadata_status"": ""metadata_incomplete"", ""diagnostic_score"": null, ""source_id"": ""pf_derived_stage_labels"", ""pattern"": ""expr_max"", ""coverage_basis"": ""installed stored-value fraction; assay completeness unverified""}]"
Pf_cell_cycle_timing_label,Pf,cell-cycle timing label,single-parasite atlas,gene,one,"[""idc_peak_hour""]",2,0,,,False,2,pf_idc_timing,idc_peak_hour,False,source/assay review required; no automatic promotion,"[{""dataset_id"": ""pf_idc_timing:idc_peak_hour"", ""scope"": ""Pf_cell_cycle_timing_label"", ""publication_id"": ""MED:34668757"", ""first_publication_date"": ""2021-10-20"", ""citations"": 10, ""comprehensiveness"": 0.8533216783216783, ""citation_provider"": ""Europe PMC"", ""citation_snapshot"": ""2026-10-07"", ""admission"": ""pending"", ""admission_reason"": ""Quantity, context, source lineage and assay comprehensiveness require review"", ""policy_version"": 1, ""as_of"": ""2026-10-07"", ""status"": ""pending_scope_review"", ""age_years"": 4.963825403670164, ""citations_per_year"": 2.0145752895752898, ""recency_factor"": 1.0370550670640797, ""comprehensiveness_factor"": 1.2133304195804195, ""score"": null, ""gap"": """", ""metadata_status"": ""ranked"", ""diagnostic_score"": 2.5349208671169268, ""source_id"": ""pf_idc_timing"", ""pattern"": ""idc_peak_hour"", ""coverage_basis"": ""installed stored-value fraction; assay completeness unverified""}, {""dataset_id"": ""pf_idc_timing:idc_cycling_amplitude"", ""scope"": ""Pf_cell_cycle_timing_label"", ""publication_id"": ""MED:34668757"", ""first_publication_date"": ""2021-10-20"", ""citations"": 10, ""comprehensiveness"": 0.8533216783216783, ""citation_provider"": ""Europe PMC"", ""citation_snapshot"": ""2026-10-07"", ""admission"": ""pending"", ""admission_reason"": ""Quantity, context, source lineage and assay comprehensiveness require review"", ""policy_version"": 1, ""as_of"": ""2026-10-07"", ""status"": ""pending_scope_review"", ""age_years"": 4.963825403670164, ""citations_per_year"": 2.0145752895752898, ""recency_factor"": 1.0370550670640797, ""comprehensiveness_factor"": 1.2133304195804195, ""score"": null, ""gap"": """", ""metadata_status"": ""ranked"", ""diagnostic_score"": 2.5349208671169268, ""source_id"": ""pf_idc_timing"", ""pattern"": ""idc_cycling_amplitude"", ""coverage_basis"": ""installed stored-value fraction; assay completeness unverified""}]"
Pf_life_cycle_stage_label_derived,Pf,life-cycle stage label (derived),cross-stage derived target,gene,one,"[""stage_margin_derived""]",1,0,,,False,0,,,False,source/assay review required; no automatic promotion,"[{""dataset_id"": ""pf_derived_stage_labels:stage_margin_derived"", ""scope"": ""Pf_life_cycle_stage_label_derived"", ""publication_id"": """", ""first_publication_date"": """", ""citations"": null, ""comprehensiveness"": 0.05419580419580419, ""citation_provider"": ""Europe PMC"", ""citation_snapshot"": ""2026-10-07"", ""admission"": ""pending"", ""admission_reason"": ""Quantity, context, source lineage and assay comprehensiveness require review"", ""policy_version"": 1, ""as_of"": ""2026-10-07"", ""status"": ""pending_scope_review"", ""age_years"": null, ""citations_per_year"": null, ""recency_factor"": null, ""comprehensiveness_factor"": null, ""score"": null, ""gap"": ""publication_id, first_publication_date, citations"", ""metadata_status"": ""metadata_incomplete"", ""diagnostic_score"": null, ""source_id"": ""pf_derived_stage_labels"", ""pattern"": ""stage_margin_derived"", ""coverage_basis"": ""installed stored-value fraction; assay completeness unverified""}]"
Pf_translation_asexual_blood_stage,Pf,translation · asexual blood stage,asexual blood stage,gene,separate,[],1,0,,,False,0,,,False,source/assay review required; no automatic promotion,"[{""dataset_id"": ""plasmodb_pf3d7_expression:polysomal_"", ""scope"": ""Pf_translation_asexual_blood_stage"", ""publication_id"": """", ""first_publication_date"": """", ""citations"": null, ""comprehensiveness"": 1.0, ""citation_provider"": ""Europe PMC"", ""citation_snapshot"": ""2026-10-07"", ""admission"": ""pending"", ""admission_reason"": ""Quantity, context, source lineage and assay comprehensiveness require review"", ""policy_version"": 1, ""as_of"": ""2026-10-07"", ""status"": ""pending_scope_review"", ""age_years"": null, ""citations_per_year"": null, ""recency_factor"": null, ""comprehensiveness_factor"": null, ""score"": null, ""gap"": ""publication_id, first_publication_date, citations"", ""metadata_status"": ""metadata_incomplete"", ""diagnostic_score"": null, ""source_id"": ""plasmodb_pf3d7_expression"", ""pattern"": ""polysomal_"", ""coverage_basis"": ""installed stored-value fraction; assay completeness unverified""}]"
Pf_translation_per_cell_cycle_phase,Pf,translation · per cell-cycle phase,cell cycle,gene,one,"[""riboseq_rpf_""]",1,0,,,False,1,pf_riboseq,riboseq_rpf_,False,source/assay review required; no automatic promotion,"[{""dataset_id"": ""pf_riboseq:riboseq_rpf_"", ""scope"": ""Pf_translation_per_cell_cycle_phase"", ""publication_id"": ""MED:25493618"", ""first_publication_date"": ""2014-12-10"", ""citations"": 105, ""comprehensiveness"": 0.612062937062937, ""citation_provider"": ""Europe PMC"", ""citation_snapshot"": ""2026-10-07"", ""admission"": ""pending"", ""admission_reason"": ""Quantity, context, source lineage and assay comprehensiveness require review"", ""policy_version"": 1, ""as_of"": ""2026-10-07"", ""status"": ""pending_scope_review"", ""age_years"": 11.825020363183365, ""citations_per_year"": 8.879477309562398, ""recency_factor"": 1.0093948917747892, ""comprehensiveness_factor"": 1.1530157342657343, ""score"": null, ""gap"": """", ""metadata_status"": ""ranked"", ""diagnostic_score"": 10.334363615336718, ""source_id"": ""pf_riboseq"", ""pattern"": ""riboseq_rpf_"", ""coverage_basis"": ""installed stored-value fraction; assay completeness unverified""}]"
Pf_translation_under_stress,Pf,translation · under stress,extracellular stress or iron,gene,separate,[],0,0,,,False,0,,,False,source/assay review required; no automatic promotion,[]
Pf_translation_efficiency_asexual_blood_stage,Pf,translation efficiency · asexual blood stage,asexual blood stage,gene,separate,[],0,0,,,False,0,,,False,source/assay review required; no automatic promotion,[]
Pf_translation_efficiency_extracellular_stress,Pf,translation efficiency · extracellular stress,extracellular stress,gene,separate,[],0,0,,,False,0,,,False,source/assay review required; no automatic promotion,[]
Pf_protein_abundance_asexual_blood_stage,Pf,protein abundance · asexual blood stage,asexual blood stage,gene,fill,[],1,0,,,False,1,pf_hsp90_chemoproteome,proteome_blood_log2,False,source/assay review required; no automatic promotion,"[{""dataset_id"": ""pf_hsp90_chemoproteome:proteome_blood_log2"", ""scope"": ""Pf_protein_abundance_asexual_blood_stage"", ""publication_id"": ""PPR:PPR1308938"", ""first_publication_date"": ""2026-08-31"", ""citations"": 0, ""comprehensiveness"": 0.5330419580419581, ""citation_provider"": ""Europe PMC"", ""citation_snapshot"": ""2026-10-07"", ""admission"": ""pending"", ""admission_reason"": ""Quantity, context, source lineage and assay comprehensiveness require review"", ""policy_version"": 1, ""as_of"": ""2026-10-07"", ""status"": ""pending_scope_review"", ""age_years"": 0.10130255925857479, ""citations_per_year"": 0.0, ""recency_factor"": 1.0979943353193726, ""comprehensiveness_factor"": 1.1332604895104894, ""score"": null, ""gap"": """", ""metadata_status"": ""ranked"", ""diagnostic_score"": 0.0, ""source_id"": ""pf_hsp90_chemoproteome"", ""pattern"": ""proteome_blood_log2"", ""coverage_basis"": ""installed stored-value fraction; assay completeness unverified""}]"
Pf_protein_abundance_other_life_stages,Pf,protein abundance · other life stages,stages,gene,separate,[],0,0,,,False,0,,,False,source/assay review required; no automatic promotion,[]
Pf_protein_turnover_asexual_blood_stage,Pf,protein turnover · asexual blood stage,asexual blood stage,gene,one,[],0,0,,,False,0,,,False,source/assay review required; no automatic promotion,[]
Pf_phosphorylation_asexual_blood_stage,Pf,phosphorylation · asexual blood stage,asexual blood stage,gene,one,"[""n_phosphosites""]",2,0,,,False,0,,,False,source/assay review required; no automatic promotion,"[{""dataset_id"": ""pf_phosphoproteome_meta:n_phosphosites"", ""scope"": ""Pf_phosphorylation_asexual_blood_stage"", ""publication_id"": """", ""first_publication_date"": """", ""citations"": null, ""comprehensiveness"": 0.43758741258741257, ""citation_provider"": ""Europe PMC"", ""citation_snapshot"": ""2026-10-07"", ""admission"": ""pending"", ""admission_reason"": ""Quantity, context, source lineage and assay comprehensiveness require review"", ""policy_version"": 1, ""as_of"": ""2026-10-07"", ""status"": ""pending_scope_review"", ""age_years"": null, ""citations_per_year"": null, ""recency_factor"": null, ""comprehensiveness_factor"": null, ""score"": null, ""gap"": ""publication_id, first_publication_date, citations"", ""metadata_status"": ""metadata_incomplete"", ""diagnostic_score"": null, ""source_id"": ""pf_phosphoproteome_meta"", ""pattern"": ""n_phosphosites"", ""coverage_basis"": ""installed stored-value fraction; assay completeness unverified""}, {""dataset_id"": ""pf_phosphoproteome_meta:has_phospho"", ""scope"": ""Pf_phosphorylation_asexual_blood_stage"", ""publication_id"": """", ""first_publication_date"": """", ""citations"": null, ""comprehensiveness"": 1.0, ""citation_provider"": ""Europe PMC"", ""citation_snapshot"": ""2026-10-07"", ""admission"": ""pending"", ""admission_reason"": ""Quantity, context, source lineage and assay comprehensiveness require review"", ""policy_version"": 1, ""as_of"": ""2026-10-07"", ""status"": ""pending_scope_review"", ""age_years"": null, ""citations_per_year"": null, ""recency_factor"": null, ""comprehensiveness_factor"": null, ""score"": null, ""gap"": ""publication_id, first_publication_date, citations"", ""metadata_status"": ""metadata_incomplete"", ""diagnostic_score"": null, ""source_id"": ""pf_phosphoproteome_meta"", ""pattern"": ""has_phospho"", ""coverage_basis"": ""installed stored-value fraction; assay completeness unverified""}]"
Pf_phosphorylation_kinase_substrate,Pf,phosphorylation · kinase-substrate,perturbation,gene,separate,[],1,0,,,False,1,pf_cdpk1_dependent_sites,cdpk1_dependent_sites,False,source/assay review required; no automatic promotion,"[{""dataset_id"": ""pf_cdpk1_dependent_sites:cdpk1_dependent_sites"", ""scope"": ""Pf_phosphorylation_kinase_substrate"", ""publication_id"": ""MED:28680058"", ""first_publication_date"": ""2017-07-05"", ""citations"": 90, ""comprehensiveness"": 0.010839160839160839, ""citation_provider"": ""Europe PMC"", ""citation_snapshot"": ""2026-10-07"", ""admission"": ""pending"", ""admission_reason"": ""Quantity, context, source lineage and assay comprehensiveness require review"", ""policy_version"": 1, ""as_of"": ""2026-10-07"", ""status"": ""pending_scope_review"", ""age_years"": 9.256863590628145, ""citations_per_year"": 9.72251552795031, ""recency_factor"": 1.0157021472082968, ""comprehensiveness_factor"": 1.0027097902097901, ""score"": null, ""gap"": """", ""metadata_status"": ""ranked"", ""diagnostic_score"": 9.901939563812668, ""source_id"": ""pf_cdpk1_dependent_sites"", ""pattern"": ""cdpk1_dependent_sites"", ""coverage_basis"": ""installed stored-value fraction; assay completeness unverified""}]"
Pf_acetylation,Pf,acetylation,life stages,gene,one,"[""n_acetylsites""]",2,0,,,False,2,pf_acetylome,has_acetyl,True,source/assay review required; no automatic promotion,"[{""dataset_id"": ""pf_acetylome:n_acetylsites"", ""scope"": ""Pf_acetylation"", ""publication_id"": ""MED:26813983"", ""first_publication_date"": ""2016-01-27"", ""citations"": 71, ""comprehensiveness"": 0.16678321678321678, ""citation_provider"": ""Europe PMC"", ""citation_snapshot"": ""2026-10-07"", ""admission"": ""pending"", ""admission_reason"": ""Quantity, context, source lineage and assay comprehensiveness require review"", ""policy_version"": 1, ""as_of"": ""2026-10-07"", ""status"": ""pending_scope_review"", ""age_years"": 10.69426476929711, ""citations_per_year"": 6.639072580645162, ""recency_factor"": 1.0117789875985101, ""comprehensiveness_factor"": 1.0416958041958042, ""score"": null, ""gap"": """", ""metadata_status"": ""ranked"", ""diagnostic_score"": 6.997356281268926, ""source_id"": ""pf_acetylome"", ""pattern"": ""n_acetylsites"", ""coverage_basis"": ""installed stored-value fraction; assay completeness unverified""}, {""dataset_id"": ""pf_acetylome:has_acetyl"", ""scope"": ""Pf_acetylation"", ""publication_id"": ""MED:26813983"", ""first_publication_date"": ""2016-01-27"", ""citations"": 71, ""comprehensiveness"": 1.0, ""citation_provider"": ""Europe PMC"", ""citation_snapshot"": ""2026-10-07"", ""admission"": ""pending"", ""admission_reason"": ""Quantity, context, source lineage and assay comprehensiveness require review"", ""policy_version"": 1, ""as_of"": ""2026-10-07"", ""status"": ""pending_scope_review"", ""age_years"": 10.69426476929711, ""citations_per_year"": 6.639072580645162, ""recency_factor"": 1.0117789875985101, ""comprehensiveness_factor"": 1.25, ""score"": null, ""gap"": """", ""metadata_status"": ""ranked"", ""diagnostic_score"": 8.396592667797737, ""source_id"": ""pf_acetylome"", ""pattern"": ""has_acetyl"", ""coverage_basis"": ""installed stored-value fraction; assay completeness unverified""}]"
Pf_n_myristoylation_asexual_blood_stage,Pf,N-myristoylation · asexual blood stage,asexual blood stage,gene,one,[],0,0,,,False,0,,,False,source/assay review required; no automatic promotion,[]
Pf_arginine_methylation_asexual_blood_stage,Pf,arginine methylation · asexual blood stage,asexual blood stage,gene,one,[],0,0,,,False,0,,,False,source/assay review required; no automatic promotion,[]
Pf_lactylation_asexual_blood_stage,Pf,lactylation · asexual blood stage,asexual blood stage,gene,one,"[""n_lactylsites""]",2,0,,,False,2,pf_lactylome,has_lactyl,True,source/assay review required; no automatic promotion,"[{""dataset_id"": ""pf_lactylome:n_lactylsites"", ""scope"": ""Pf_lactylation_asexual_blood_stage"", ""publication_id"": ""MED:41417877"", ""first_publication_date"": ""2025-12-19"", ""citations"": 4, ""comprehensiveness"": 0.019755244755244754, ""citation_provider"": ""Europe PMC"", ""citation_snapshot"": ""2026-10-07"", ""admission"": ""pending"", ""admission_reason"": ""Quantity, context, source lineage and assay comprehensiveness require review"", ""policy_version"": 1, ""as_of"": ""2026-10-07"", ""status"": ""pending_scope_review"", ""age_years"": 0.7994688460406442, ""citations_per_year"": 5.003321917808219, ""recency_factor"": 1.0852234317684084, ""comprehensiveness_factor"": 1.0049388111888111, ""score"": null, ""gap"": """", ""metadata_status"": ""ranked"", ""diagnostic_score"": 5.456538554549964, ""source_id"": ""pf_lactylome"", ""pattern"": ""n_lactylsites"", ""coverage_basis"": ""installed stored-value fraction; assay completeness unverified""}, {""dataset_id"": ""pf_lactylome:has_lactyl"", ""scope"": ""Pf_lactylation_asexual_blood_stage"", ""publication_id"": ""MED:41417877"", ""first_publication_date"": ""2025-12-19"", ""citations"": 4, ""comprehensiveness"": 1.0, ""citation_provider"": ""Europe PMC"", ""citation_snapshot"": ""2026-10-07"", ""admission"": ""pending"", ""admission_reason"": ""Quantity, context, source lineage and assay comprehensiveness require review"", ""policy_version"": 1, ""as_of"": ""2026-10-07"", ""status"": ""pending_scope_review"", ""age_years"": 0.7994688460406442, ""citations_per_year"": 5.003321917808219, ""recency_factor"": 1.0852234317684084, ""comprehensiveness_factor"": 1.25, ""score"": null, ""gap"": """", ""metadata_status"": ""ranked"", ""diagnostic_score"": 6.787152727357412, ""source_id"": ""pf_lactylome"", ""pattern"": ""has_lactyl"", ""coverage_basis"": ""installed stored-value fraction; assay completeness unverified""}]"
Pf_s_nitrosylation_asexual_blood_stage,Pf,S-nitrosylation · asexual blood stage,asexual blood stage,gene,one,[],0,0,,,False,0,,,False,source/assay review required; no automatic promotion,[]
Pf_ubiquitination_sumoylation_asexual_blood_stage,Pf,ubiquitination / SUMOylation · asexual blood stage,asexual blood stage,gene,one,[],0,0,,,False,0,,,False,source/assay review required; no automatic promotion,[]
Pf_glycosylation_asexual_blood_stage,Pf,glycosylation · asexual blood stage,asexual blood stage,gene,one,[],0,0,,,False,0,,,False,source/assay review required; no automatic promotion,[]
Pf_protein_abundance_under_stress,Pf,protein abundance · under stress,"iron depletion, 24 h",gene,separate,[],2,0,,,False,2,pf_hsp90_chemoproteome,hsp90_inhibition_ga_log2fc,False,source/assay review required; no automatic promotion,"[{""dataset_id"": ""pf_hsp90_chemoproteome:hsp90_inhibition_ga_log2fc"", ""scope"": ""Pf_protein_abundance_under_stress"", ""publication_id"": ""PPR:PPR1308938"", ""first_publication_date"": ""2026-08-31"", ""citations"": 0, ""comprehensiveness"": 0.5330419580419581, ""citation_provider"": ""Europe PMC"", ""citation_snapshot"": ""2026-10-07"", ""admission"": ""pending"", ""admission_reason"": ""Quantity, context, source lineage and assay comprehensiveness require review"", ""policy_version"": 1, ""as_of"": ""2026-10-07"", ""status"": ""pending_scope_review"", ""age_years"": 0.10130255925857479, ""citations_per_year"": 0.0, ""recency_factor"": 1.0979943353193726, ""comprehensiveness_factor"": 1.1332604895104894, ""score"": null, ""gap"": """", ""metadata_status"": ""ranked"", ""diagnostic_score"": 0.0, ""source_id"": ""pf_hsp90_chemoproteome"", ""pattern"": ""hsp90_inhibition_ga_log2fc"", ""coverage_basis"": ""installed stored-value fraction; assay completeness unverified""}, {""dataset_id"": ""pf_hsp90_chemoproteome:hsp90_inhibition_xl_log2fc"", ""scope"": ""Pf_protein_abundance_under_stress"", ""publication_id"": ""PPR:PPR1308938"", ""first_publication_date"": ""2026-08-31"", ""citations"": 0, ""comprehensiveness"": 0.5330419580419581, ""citation_provider"": ""Europe PMC"", ""citation_snapshot"": ""2026-10-07"", ""admission"": ""pending"", ""admission_reason"": ""Quantity, context, source lineage and assay comprehensiveness require review"", ""policy_version"": 1, ""as_of"": ""2026-10-07"", ""status"": ""pending_scope_review"", ""age_years"": 0.10130255925857479, ""citations_per_year"": 0.0, ""recency_factor"": 1.0979943353193726, ""comprehensiveness_factor"": 1.1332604895104894, ""score"": null, ""gap"": """", ""metadata_status"": ""ranked"", ""diagnostic_score"": 0.0, ""source_id"": ""pf_hsp90_chemoproteome"", ""pattern"": ""hsp90_inhibition_xl_log2fc"", ""coverage_basis"": ""installed stored-value fraction; assay completeness unverified""}]"
Pf_transcription_under_iron_depletion,Pf,transcription · under iron depletion,"iron depletion, 24 h",gene,one,[],0,0,,,False,0,,,False,source/assay review required; no automatic promotion,[]
Pf_organelle_surface_membrane_contact_site,Pf,organelle surface / membrane contact site,TurboID on outer membranes,gene,separate,[],0,0,,,False,0,,,False,source/assay review required; no automatic promotion,[]
Pf_palmitoylation_asexual_blood_stage,Pf,palmitoylation · asexual blood stage,asexual blood stage,gene,separate,[],1,0,,,False,1,pf_palmitome,is_palmitoylated,False,source/assay review required; no automatic promotion,"[{""dataset_id"": ""pf_palmitome:is_palmitoylated"", ""scope"": ""Pf_palmitoylation_asexual_blood_stage"", ""publication_id"": ""MED:36250062"", ""first_publication_date"": ""2022-09-29"", ""citations"": 3, ""comprehensiveness"": 1.0, ""citation_provider"": ""Europe PMC"", ""citation_snapshot"": ""2026-10-07"", ""admission"": ""pending"", ""admission_reason"": ""Quantity, context, source lineage and assay comprehensiveness require review"", ""policy_version"": 1, ""as_of"": ""2026-10-07"", ""status"": ""pending_scope_review"", ""age_years"": 4.021985393266117, ""citations_per_year"": 0.7459002722940776, ""recency_factor"": 1.0447357566691893, ""comprehensiveness_factor"": 1.25, ""score"": null, ""gap"": """", ""metadata_status"": ""ranked"", ""diagnostic_score"": 0.9740858567186343, ""source_id"": ""pf_palmitome"", ""pattern"": ""is_palmitoylated"", ""coverage_basis"": ""installed stored-value fraction; assay completeness unverified""}]"
Pf_fitness_asexual_blood_stage,Pf,fitness · asexual blood stage,asexual blood stage,gene,one,"[""piggybac_""]",1,0,,,False,1,plasmodb_pf3d7_piggybac,piggybac_,False,source/assay review required; no automatic promotion,"[{""dataset_id"": ""plasmodb_pf3d7_piggybac:piggybac_"", ""scope"": ""Pf_fitness_asexual_blood_stage"", ""publication_id"": ""MED:29724925"", ""first_publication_date"": ""2018-05-01"", ""citations"": 840, ""comprehensiveness"": 0.9414335664335665, ""citation_provider"": ""Europe PMC"", ""citation_snapshot"": ""2026-10-07"", ""admission"": ""pending"", ""admission_reason"": ""Quantity, context, source lineage and assay comprehensiveness require review"", ""policy_version"": 1, ""as_of"": ""2026-10-07"", ""status"": ""pending_scope_review"", ""age_years"": 8.435491488531591, ""citations_per_year"": 99.57925998052582, ""recency_factor"": 1.018505572228667, ""comprehensiveness_factor"": 1.2353583916083917, ""score"": null, ""gap"": """", ""metadata_status"": ""ranked"", ""diagnostic_score"": 125.29255729806408, ""source_id"": ""plasmodb_pf3d7_piggybac"", ""pattern"": ""piggybac_"", ""coverage_basis"": ""installed stored-value fraction; assay completeness unverified""}]"
Pf_fitness_gametocyte,Pf,fitness · gametocyte,gametocyte,gene,one,[],0,0,,,False,0,,,False,source/assay review required; no automatic promotion,[]
Pf_fitness_oxidative_stress,Pf,fitness · oxidative stress,oxidant,gene,one,[],0,0,,,False,0,,,False,source/assay review required; no automatic promotion,[]
Pf_stage_conversion_phenotype_asexual_blood_stage,Pf,stage-conversion phenotype · asexual blood stage,asexual blood stage,gene,one,[],0,0,,,False,0,,,False,source/assay review required; no automatic promotion,[]
Pf_stage_conversion_phenotype_liver_stage,Pf,stage-conversion phenotype · liver stage,liver stage,gene,one,[],0,0,,,False,0,,,False,source/assay review required; no automatic promotion,[]
Pf_stage_conversion_phenotype_gametocyte,Pf,stage-conversion phenotype · gametocyte,gametocyte,gene,one,[],0,0,,,False,0,,,False,source/assay review required; no automatic promotion,[]
Pf_drug_sensitivity,Pf,drug sensitivity,compound,gene,separate,[],0,0,,,False,0,,,False,source/assay review required; no automatic promotion,[]
Pf_tf_binding_per_factor,Pf,TF binding · per factor,ChIP / CUT&RUN,gene,separate,[],0,0,,,False,0,,,False,source/assay review required; no automatic promotion,[]
Pf_chromatin_accessibility,Pf,chromatin accessibility,stages,gene,one,[],0,0,,,False,0,,,False,source/assay review required; no automatic promotion,[]
Pf_5_utr_architecture,Pf,5' UTR architecture,reannotated transcripts,gene,fill,[],0,0,,,False,0,,,False,source/assay review required; no automatic promotion,[]
Pf_splicing_isoform_use,Pf,splicing / isoform use,stages,gene,one,"[""n_transcript_models""]",2,0,,,False,2,pf_isoforms,n_transcript_models,False,source/assay review required; no automatic promotion,"[{""dataset_id"": ""pf_isoforms:n_transcript_models"", ""scope"": ""Pf_splicing_isoform_use"", ""publication_id"": ""MED:40316999"", ""first_publication_date"": ""2025-05-02"", ""citations"": 2, ""comprehensiveness"": 0.32465034965034967, ""citation_provider"": ""Europe PMC"", ""citation_snapshot"": ""2026-10-07"", ""admission"": ""pending"", ""admission_reason"": ""Quantity, context, source lineage and assay comprehensiveness require review"", ""policy_version"": 1, ""as_of"": ""2026-10-07"", ""status"": ""pending_scope_review"", ""age_years"": 1.4319253646549894, ""citations_per_year"": 1.3967208413001913, ""recency_factor"": 1.0750973380741313, ""comprehensiveness_factor"": 1.0811625874125874, ""score"": null, ""gap"": """", ""metadata_status"": ""ranked"", ""diagnostic_score"": 1.6234854810783703, ""source_id"": ""pf_isoforms"", ""pattern"": ""n_transcript_models"", ""coverage_basis"": ""installed stored-value fraction; assay completeness unverified""}, {""dataset_id"": ""pf_isoforms:novel_transcript_models"", ""scope"": ""Pf_splicing_isoform_use"", ""publication_id"": ""MED:40316999"", ""first_publication_date"": ""2025-05-02"", ""citations"": 2, ""comprehensiveness"": 0.32465034965034967, ""citation_provider"": ""Europe PMC"", ""citation_snapshot"": ""2026-10-07"", ""admission"": ""pending"", ""admission_reason"": ""Quantity, context, source lineage and assay comprehensiveness require review"", ""policy_version"": 1, ""as_of"": ""2026-10-07"", ""status"": ""pending_scope_review"", ""age_years"": 1.4319253646549894, ""citations_per_year"": 1.3967208413001913, ""recency_factor"": 1.0750973380741313, ""comprehensiveness_factor"": 1.0811625874125874, ""score"": null, ""gap"": """", ""metadata_status"": ""ranked"", ""diagnostic_score"": 1.6234854810783703, ""source_id"": ""pf_isoforms"", ""pattern"": ""novel_transcript_models"", ""coverage_basis"": ""installed stored-value fraction; assay completeness unverified""}]"
Pf_rna_stability_half_life_asexual_blood_stage,Pf,RNA stability / half-life · asexual blood stage,asexual blood stage,gene,separate,[],1,0,,,False,1,pf_mrna_dynamics,mrna_decay_rate_4tu,False,source/assay review required; no automatic promotion,"[{""dataset_id"": ""pf_mrna_dynamics:mrna_decay_rate_4tu"", ""scope"": ""Pf_rna_stability_half_life_asexual_blood_stage"", ""publication_id"": ""MED:29985403"", ""first_publication_date"": ""2018-07-09"", ""citations"": 96, ""comprehensiveness"": 0.7711538461538462, ""citation_provider"": ""Europe PMC"", ""citation_snapshot"": ""2026-10-07"", ""admission"": ""pending"", ""admission_reason"": ""Quantity, context, source lineage and assay comprehensiveness require review"", ""policy_version"": 1, ""as_of"": ""2026-10-07"", ""status"": ""pending_scope_review"", ""age_years"": 8.246575905049385, ""citations_per_year"": 11.641195219123507, ""recency_factor"": 1.019218147308901, ""comprehensiveness_factor"": 1.1927884615384616, ""score"": null, ""gap"": """", ""metadata_status"": ""ranked"", ""diagnostic_score"": 14.152336600091592, ""source_id"": ""pf_mrna_dynamics"", ""pattern"": ""mrna_decay_rate_4tu"", ""coverage_basis"": ""installed stored-value fraction; assay completeness unverified""}]"
Pf_membrane_topology,Pf,membrane topology,sequence,gene,one,"[""n_tm""]",3,0,,,False,0,,,False,source/assay review required; no automatic promotion,"[{""dataset_id"": ""plasmodb_pf3d7_attributes:n_tm"", ""scope"": ""Pf_membrane_topology"", ""publication_id"": """", ""first_publication_date"": """", ""citations"": null, ""comprehensiveness"": 0.9297202797202797, ""citation_provider"": ""Europe PMC"", ""citation_snapshot"": ""2026-10-07"", ""admission"": ""pending"", ""admission_reason"": ""Quantity, context, source lineage and assay comprehensiveness require review"", ""policy_version"": 1, ""as_of"": ""2026-10-07"", ""status"": ""pending_scope_review"", ""age_years"": null, ""citations_per_year"": null, ""recency_factor"": null, ""comprehensiveness_factor"": null, ""score"": null, ""gap"": ""publication_id, first_publication_date, citations"", ""metadata_status"": ""metadata_incomplete"", ""diagnostic_score"": null, ""source_id"": ""plasmodb_pf3d7_attributes"", ""pattern"": ""n_tm"", ""coverage_basis"": ""installed stored-value fraction; assay completeness unverified""}, {""dataset_id"": ""plasmodb_pf3d7_attributes:is_tm"", ""scope"": ""Pf_membrane_topology"", ""publication_id"": """", ""first_publication_date"": """", ""citations"": null, ""comprehensiveness"": 1.0, ""citation_provider"": ""Europe PMC"", ""citation_snapshot"": ""2026-10-07"", ""admission"": ""pending"", ""admission_reason"": ""Quantity, context, source lineage and assay comprehensiveness require review"", ""policy_version"": 1, ""as_of"": ""2026-10-07"", ""status"": ""pending_scope_review"", ""age_years"": null, ""citations_per_year"": null, ""recency_factor"": null, ""comprehensiveness_factor"": null, ""score"": null, ""gap"": ""publication_id, first_publication_date, citations"", ""metadata_status"": ""metadata_incomplete"", ""diagnostic_score"": null, ""source_id"": ""plasmodb_pf3d7_attributes"", ""pattern"": ""is_tm"", ""coverage_basis"": ""installed stored-value fraction; assay completeness unverified""}, {""dataset_id"": ""plasmodb_pf3d7_attributes:has_signal_peptide"", ""scope"": ""Pf_membrane_topology"", ""publication_id"": """", ""first_publication_date"": """", ""citations"": null, ""comprehensiveness"": 1.0, ""citation_provider"": ""Europe PMC"", ""citation_snapshot"": ""2026-10-07"", ""admission"": ""pending"", ""admission_reason"": ""Quantity, context, source lineage and assay comprehensiveness require review"", ""policy_version"": 1, ""as_of"": ""2026-10-07"", ""status"": ""pending_scope_review"", ""age_years"": null, ""citations_per_year"": null, ""recency_factor"": null, ""comprehensiveness_factor"": null, ""score"": null, ""gap"": ""publication_id, first_publication_date, citations"", ""metadata_status"": ""metadata_incomplete"", ""diagnostic_score"": null, ""source_id"": ""plasmodb_pf3d7_attributes"", ""pattern"": ""has_signal_peptide"", ""coverage_basis"": ""installed stored-value fraction; assay completeness unverified""}]"
Pf_exposure_to_host_cytosol,Pf,exposure to host cytosol,"PVM, export",gene,fill,[],0,0,,,False,0,,,False,source/assay review required; no automatic promotion,[]
Pf_secretome_excreted,Pf,secretome / excreted,ESA,gene,one,"[""ev_studies""]",1,0,,,False,1,pf_secretome,ev_studies,False,source/assay review required; no automatic promotion,"[{""dataset_id"": ""pf_secretome:ev_studies"", ""scope"": ""Pf_secretome_excreted"", ""publication_id"": ""MED:28944300"", ""first_publication_date"": ""2017-11-22"", ""citations"": 34, ""comprehensiveness"": 0.032167832167832165, ""citation_provider"": ""Europe PMC"", ""citation_snapshot"": ""2026-10-07"", ""admission"": ""pending"", ""admission_reason"": ""Quantity, context, source lineage and assay comprehensiveness require review"", ""policy_version"": 1, ""as_of"": ""2026-10-07"", ""status"": ""pending_scope_review"", ""age_years"": 8.873556609649754, ""citations_per_year"": 3.831609071274298, ""recency_factor"": 1.016953238271721, ""comprehensiveness_factor"": 1.008041958041958, ""score"": null, ""gap"": """", ""metadata_status"": ""ranked"", ""diagnostic_score"": 3.927903283178574, ""source_id"": ""pf_secretome"", ""pattern"": ""ev_studies"", ""coverage_basis"": ""installed stored-value fraction; assay completeness unverified""}]"
Pf_co_transcription,Pf,co-transcription,stage series,pair,separate,[],0,0,,,False,0,,,False,source/assay review required; no automatic promotion,[]
Pf_co_translation,Pf,co-translation,ribosome profiling,pair,separate,[],0,0,,,False,0,,,False,source/assay review required; no automatic promotion,[]
Pf_co_fitness,Pf,co-fitness,seven screens,pair,separate,[],0,0,,,False,0,,,False,source/assay review required; no automatic promotion,[]
Pf_interaction_crosslink_ms,Pf,interaction · crosslink MS,measured contact,pair,one,[],0,0,,,False,0,,,False,source/assay review required; no automatic promotion,[]
Pf_interaction_ip_ms_parasite_parasite,Pf,"interaction · IP-MS, parasite-parasite",pulldown,pair,fill,[],0,0,,,False,0,,,False,source/assay review required; no automatic promotion,[]
Pf_interaction_proximity_labelling,Pf,interaction · proximity labelling,BioID / TurboID,gene,fill,[],0,0,,,False,0,,,False,source/assay review required; no automatic promotion,[]
Pf_interaction_structural_similarity,Pf,interaction · structural similarity,Foldseek,pair,one,[],0,0,,,False,0,,,False,source/assay review required; no automatic promotion,[]
Pf_interaction_with_host_proteins,Pf,interaction · with host proteins,host IP-MS,pair,separate,[],0,0,,,False,0,,,False,source/assay review required; no automatic promotion,[]
Pf_shared_orthogroup,Pf,shared orthogroup,OrthoMCL,pair,one,[],0,0,,,False,0,,,False,source/assay review required; no automatic promotion,[]
Pf_shared_domain,Pf,shared domain,InterPro,pair,one,[],0,0,,,False,0,,,False,source/assay review required; no automatic promotion,[]
Pf_interaction_degree_crosslink_ms,Pf,interaction degree · crosslink MS,measured contact,gene,separate,[],0,0,,,False,0,,,False,source/assay review required; no automatic promotion,[]
Pf_interaction_degree_ip_ms,Pf,interaction degree · IP-MS,curated pulldown,gene,one,"[""n_ip_ms_partners""]",1,0,,,False,1,pf_ip_ms,n_ip_ms_partners,False,source/assay review required; no automatic promotion,"[{""dataset_id"": ""pf_ip_ms:n_ip_ms_partners"", ""scope"": ""Pf_interaction_degree_ip_ms"", ""publication_id"": ""MED:28691708"", ""first_publication_date"": ""2017-07-10"", ""citations"": 75, ""comprehensiveness"": 0.011363636363636364, ""citation_provider"": ""Europe PMC"", ""citation_snapshot"": ""2026-10-07"", ""admission"": ""pending"", ""admission_reason"": ""Quantity, context, source lineage and assay comprehensiveness require review"", ""policy_version"": 1, ""as_of"": ""2026-10-07"", ""status"": ""pending_scope_review"", ""age_years"": 9.243174055593201, ""citations_per_year"": 8.114095823459717, ""recency_factor"": 1.0157451971336169, ""comprehensiveness_factor"": 1.0028409090909092, ""score"": null, ""gap"": """", ""metadata_status"": ""ranked"", ""diagnostic_score"": 8.265268219322971, ""source_id"": ""pf_ip_ms"", ""pattern"": ""n_ip_ms_partners"", ""coverage_basis"": ""installed stored-value fraction; assay completeness unverified""}]"
Pf_interaction_degree_structural_similarity,Pf,interaction degree · structural similarity,Foldseek,gene,one,"[""n_struct_similar""]",1,0,,,False,0,,,False,source/assay review required; no automatic promotion,"[{""dataset_id"": ""pf_foldseek_struct:n_struct_similar"", ""scope"": ""Pf_interaction_degree_structural_similarity"", ""publication_id"": """", ""first_publication_date"": """", ""citations"": null, ""comprehensiveness"": 0.893006993006993, ""citation_provider"": ""Europe PMC"", ""citation_snapshot"": ""2026-10-07"", ""admission"": ""pending"", ""admission_reason"": ""Quantity, context, source lineage and assay comprehensiveness require review"", ""policy_version"": 1, ""as_of"": ""2026-10-07"", ""status"": ""pending_scope_review"", ""age_years"": null, ""citations_per_year"": null, ""recency_factor"": null, ""comprehensiveness_factor"": null, ""score"": null, ""gap"": ""publication_id, first_publication_date, citations"", ""metadata_status"": ""metadata_incomplete"", ""diagnostic_score"": null, ""source_id"": ""pf_foldseek_struct"", ""pattern"": ""n_struct_similar"", ""coverage_basis"": ""installed stored-value fraction; assay completeness unverified""}]"
Pf_host_interaction_degree,Pf,host interaction degree,curated parasite-host interactions,gene,one,"[""n_host_targets""]",1,0,,,False,0,,,False,source/assay review required; no automatic promotion,"[{""dataset_id"": ""pf_host_degree:n_host_targets"", ""scope"": ""Pf_host_interaction_degree"", ""publication_id"": """", ""first_publication_date"": """", ""citations"": null, ""comprehensiveness"": 0.020454545454545454, ""citation_provider"": ""Europe PMC"", ""citation_snapshot"": ""2026-10-07"", ""admission"": ""pending"", ""admission_reason"": ""Quantity, context, source lineage and assay comprehensiveness require review"", ""policy_version"": 1, ""as_of"": ""2026-10-07"", ""status"": ""pending_scope_review"", ""age_years"": null, ""citations_per_year"": null, ""recency_factor"": null, ""comprehensiveness_factor"": null, ""score"": null, ""gap"": ""publication_id, first_publication_date, citations"", ""metadata_status"": ""metadata_incomplete"", ""diagnostic_score"": null, ""source_id"": ""pf_host_degree"", ""pattern"": ""n_host_targets"", ""coverage_basis"": ""installed stored-value fraction; assay completeness unverified""}]"
Pf_downloaded_study_membership,Pf,downloaded-study membership,BioID / IP-MS corpus coverage,gene,separate,[],0,0,,,False,0,,,False,source/assay review required; no automatic promotion,[]
Pf_analysis_derived_structural_holes,Pf,analysis-derived structural holes,coexpression + cofitness - literature,gene,one,[],0,0,,,False,0,,,False,source/assay review required; no automatic promotion,[]
Pf_assay_confidence_and_significance,Pf,assay confidence and significance,target evidence metadata,gene,one,[],0,0,,,False,0,,,False,source/assay review required; no automatic promotion,[]
Pf_host_transcriptional_effect_per_effector,Pf,host transcriptional effect per effector,dual perturb-seq,gene,separate,[],0,0,,,False,0,,,False,source/assay review required; no automatic promotion,[]
Pf_domain_content,Pf,domain content,InterPro,gene,one,"[""n_interpro""]",2,0,,,False,0,,,False,source/assay review required; no automatic promotion,"[{""dataset_id"": ""plasmodb_pf3d7_domains:n_interpro"", ""scope"": ""Pf_domain_content"", ""publication_id"": """", ""first_publication_date"": """", ""citations"": null, ""comprehensiveness"": 1.0, ""citation_provider"": ""Europe PMC"", ""citation_snapshot"": ""2026-10-07"", ""admission"": ""pending"", ""admission_reason"": ""Quantity, context, source lineage and assay comprehensiveness require review"", ""policy_version"": 1, ""as_of"": ""2026-10-07"", ""status"": ""pending_scope_review"", ""age_years"": null, ""citations_per_year"": null, ""recency_factor"": null, ""comprehensiveness_factor"": null, ""score"": null, ""gap"": ""publication_id, first_publication_date, citations"", ""metadata_status"": ""metadata_incomplete"", ""diagnostic_score"": null, ""source_id"": ""plasmodb_pf3d7_domains"", ""pattern"": ""n_interpro"", ""coverage_basis"": ""installed stored-value fraction; assay completeness unverified""}, {""dataset_id"": ""plasmodb_pf3d7_domains:has_domain"", ""scope"": ""Pf_domain_content"", ""publication_id"": """", ""first_publication_date"": """", ""citations"": null, ""comprehensiveness"": 1.0, ""citation_provider"": ""Europe PMC"", ""citation_snapshot"": ""2026-10-07"", ""admission"": ""pending"", ""admission_reason"": ""Quantity, context, source lineage and assay comprehensiveness require review"", ""policy_version"": 1, ""as_of"": ""2026-10-07"", ""status"": ""pending_scope_review"", ""age_years"": null, ""citations_per_year"": null, ""recency_factor"": null, ""comprehensiveness_factor"": null, ""score"": null, ""gap"": ""publication_id, first_publication_date, citations"", ""metadata_status"": ""metadata_incomplete"", ""diagnostic_score"": null, ""source_id"": ""plasmodb_pf3d7_domains"", ""pattern"": ""has_domain"", ""coverage_basis"": ""installed stored-value fraction; assay completeness unverified""}]"
Pf_fold_confidence_disorder,Pf,fold confidence / disorder,AlphaFold,gene,one,"[""mean_plddt""]",2,0,,,False,0,,,False,source/assay review required; no automatic promotion,"[{""dataset_id"": ""pf_alphafold_confidence:mean_plddt"", ""scope"": ""Pf_fold_confidence_disorder"", ""publication_id"": """", ""first_publication_date"": """", ""citations"": null, ""comprehensiveness"": 0.8912587412587413, ""citation_provider"": ""Europe PMC"", ""citation_snapshot"": ""2026-10-07"", ""admission"": ""pending"", ""admission_reason"": ""Quantity, context, source lineage and assay comprehensiveness require review"", ""policy_version"": 1, ""as_of"": ""2026-10-07"", ""status"": ""pending_scope_review"", ""age_years"": null, ""citations_per_year"": null, ""recency_factor"": null, ""comprehensiveness_factor"": null, ""score"": null, ""gap"": ""publication_id, first_publication_date, citations"", ""metadata_status"": ""metadata_incomplete"", ""diagnostic_score"": null, ""source_id"": ""pf_alphafold_confidence"", ""pattern"": ""mean_plddt"", ""coverage_basis"": ""installed stored-value fraction; assay completeness unverified""}, {""dataset_id"": ""pf_alphafold_confidence:plddt_fraction_"", ""scope"": ""Pf_fold_confidence_disorder"", ""publication_id"": """", ""first_publication_date"": """", ""citations"": null, ""comprehensiveness"": 0.8912587412587413, ""citation_provider"": ""Europe PMC"", ""citation_snapshot"": ""2026-10-07"", ""admission"": ""pending"", ""admission_reason"": ""Quantity, context, source lineage and assay comprehensiveness require review"", ""policy_version"": 1, ""as_of"": ""2026-10-07"", ""status"": ""pending_scope_review"", ""age_years"": null, ""citations_per_year"": null, ""recency_factor"": null, ""comprehensiveness_factor"": null, ""score"": null, ""gap"": ""publication_id, first_publication_date, citations"", ""metadata_status"": ""metadata_incomplete"", ""diagnostic_score"": null, ""source_id"": ""pf_alphafold_confidence"", ""pattern"": ""plddt_fraction_"", ""coverage_basis"": ""installed stored-value fraction; assay completeness unverified""}]"
Pf_conservation_breadth,Pf,conservation breadth,OrthoMCL,gene,one,"[""ortholog_number""]",1,0,,,False,0,,,False,source/assay review required; no automatic promotion,"[{""dataset_id"": ""plasmodb_pf3d7_orthology:ortholog_number"", ""scope"": ""Pf_conservation_breadth"", ""publication_id"": """", ""first_publication_date"": """", ""citations"": null, ""comprehensiveness"": 1.0, ""citation_provider"": ""Europe PMC"", ""citation_snapshot"": ""2026-10-07"", ""admission"": ""pending"", ""admission_reason"": ""Quantity, context, source lineage and assay comprehensiveness require review"", ""policy_version"": 1, ""as_of"": ""2026-10-07"", ""status"": ""pending_scope_review"", ""age_years"": null, ""citations_per_year"": null, ""recency_factor"": null, ""comprehensiveness_factor"": null, ""score"": null, ""gap"": ""publication_id, first_publication_date, citations"", ""metadata_status"": ""metadata_incomplete"", ""diagnostic_score"": null, ""source_id"": ""plasmodb_pf3d7_orthology"", ""pattern"": ""ortholog_number"", ""coverage_basis"": ""installed stored-value fraction; assay completeness unverified""}]"
Pf_paralogy,Pf,paralogy,OrthoMCL,gene,one,"[""paralog_number""]",2,0,,,False,0,,,False,source/assay review required; no automatic promotion,"[{""dataset_id"": ""plasmodb_pf3d7_orthology:paralog_number"", ""scope"": ""Pf_paralogy"", ""publication_id"": """", ""first_publication_date"": """", ""citations"": null, ""comprehensiveness"": 1.0, ""citation_provider"": ""Europe PMC"", ""citation_snapshot"": ""2026-10-07"", ""admission"": ""pending"", ""admission_reason"": ""Quantity, context, source lineage and assay comprehensiveness require review"", ""policy_version"": 1, ""as_of"": ""2026-10-07"", ""status"": ""pending_scope_review"", ""age_years"": null, ""citations_per_year"": null, ""recency_factor"": null, ""comprehensiveness_factor"": null, ""score"": null, ""gap"": ""publication_id, first_publication_date, citations"", ""metadata_status"": ""metadata_incomplete"", ""diagnostic_score"": null, ""source_id"": ""plasmodb_pf3d7_orthology"", ""pattern"": ""paralog_number"", ""coverage_basis"": ""installed stored-value fraction; assay completeness unverified""}, {""dataset_id"": ""plasmodb_pf3d7_orthology:has_paralog"", ""scope"": ""Pf_paralogy"", ""publication_id"": """", ""first_publication_date"": """", ""citations"": null, ""comprehensiveness"": 1.0, ""citation_provider"": ""Europe PMC"", ""citation_snapshot"": ""2026-10-07"", ""admission"": ""pending"", ""admission_reason"": ""Quantity, context, source lineage and assay comprehensiveness require review"", ""policy_version"": 1, ""as_of"": ""2026-10-07"", ""status"": ""pending_scope_review"", ""age_years"": null, ""citations_per_year"": null, ""recency_factor"": null, ""comprehensiveness_factor"": null, ""score"": null, ""gap"": ""publication_id, first_publication_date, citations"", ""metadata_status"": ""metadata_incomplete"", ""diagnostic_score"": null, ""source_id"": ""plasmodb_pf3d7_orthology"", ""pattern"": ""has_paralog"", ""coverage_basis"": ""installed stored-value fraction; assay completeness unverified""}]"
Pf_sequence_basics,Pf,sequence basics,protein,gene,one,"[""length""]",5,0,,,False,0,,,False,source/assay review required; no automatic promotion,"[{""dataset_id"": ""plasmodb_pf3d7_attributes:length"", ""scope"": ""Pf_sequence_basics"", ""publication_id"": """", ""first_publication_date"": """", ""citations"": null, ""comprehensiveness"": 0.9297202797202797, ""citation_provider"": ""Europe PMC"", ""citation_snapshot"": ""2026-10-07"", ""admission"": ""pending"", ""admission_reason"": ""Quantity, context, source lineage and assay comprehensiveness require review"", ""policy_version"": 1, ""as_of"": ""2026-10-07"", ""status"": ""pending_scope_review"", ""age_years"": null, ""citations_per_year"": null, ""recency_factor"": null, ""comprehensiveness_factor"": null, ""score"": null, ""gap"": ""publication_id, first_publication_date, citations"", ""metadata_status"": ""metadata_incomplete"", ""diagnostic_score"": null, ""source_id"": ""plasmodb_pf3d7_attributes"", ""pattern"": ""length"", ""coverage_basis"": ""installed stored-value fraction; assay completeness unverified""}, {""dataset_id"": ""plasmodb_pf3d7_attributes:molecular_weight"", ""scope"": ""Pf_sequence_basics"", ""publication_id"": """", ""first_publication_date"": """", ""citations"": null, ""comprehensiveness"": 0.9297202797202797, ""citation_provider"": ""Europe PMC"", ""citation_snapshot"": ""2026-10-07"", ""admission"": ""pending"", ""admission_reason"": ""Quantity, context, source lineage and assay comprehensiveness require review"", ""policy_version"": 1, ""as_of"": ""2026-10-07"", ""status"": ""pending_scope_review"", ""age_years"": null, ""citations_per_year"": null, ""recency_factor"": null, ""comprehensiveness_factor"": null, ""score"": null, ""gap"": ""publication_id, first_publication_date, citations"", ""metadata_status"": ""metadata_incomplete"", ""diagnostic_score"": null, ""source_id"": ""plasmodb_pf3d7_attributes"", ""pattern"": ""molecular_weight"", ""coverage_basis"": ""installed stored-value fraction; assay completeness unverified""}, {""dataset_id"": ""plasmodb_pf3d7_attributes:isoelectric_point"", ""scope"": ""Pf_sequence_basics"", ""publication_id"": """", ""first_publication_date"": """", ""citations"": null, ""comprehensiveness"": 0.9297202797202797, ""citation_provider"": ""Europe PMC"", ""citation_snapshot"": ""2026-10-07"", ""admission"": ""pending"", ""admission_reason"": ""Quantity, context, source lineage and assay comprehensiveness require review"", ""policy_version"": 1, ""as_of"": ""2026-10-07"", ""status"": ""pending_scope_review"", ""age_years"": null, ""citations_per_year"": null, ""recency_factor"": null, ""comprehensiveness_factor"": null, ""score"": null, ""gap"": ""publication_id, first_publication_date, citations"", ""metadata_status"": ""metadata_incomplete"", ""diagnostic_score"": null, ""source_id"": ""plasmodb_pf3d7_attributes"", ""pattern"": ""isoelectric_point"", ""coverage_basis"": ""installed stored-value fraction; assay completeness unverified""}, {""dataset_id"": ""plasmodb_pf3d7_attributes:transcript_length"", ""scope"": ""Pf_sequence_basics"", ""publication_id"": """", ""first_publication_date"": """", ""citations"": null, ""comprehensiveness"": 1.0, ""citation_provider"": ""Europe PMC"", ""citation_snapshot"": ""2026-10-07"", ""admission"": ""pending"", ""admission_reason"": ""Quantity, context, source lineage and assay comprehensiveness require review"", ""policy_version"": 1, ""as_of"": ""2026-10-07"", ""status"": ""pending_scope_review"", ""age_years"": null, ""citations_per_year"": null, ""recency_factor"": null, ""comprehensiveness_factor"": null, ""score"": null, ""gap"": ""publication_id, first_publication_date, citations"", ""metadata_status"": ""metadata_incomplete"", ""diagnostic_score"": null, ""source_id"": ""plasmodb_pf3d7_attributes"", ""pattern"": ""transcript_length"", ""coverage_basis"": ""installed stored-value fraction; assay completeness unverified""}, {""dataset_id"": ""plasmodb_pf3d7_attributes:exon_count"", ""scope"": ""Pf_sequence_basics"", ""publication_id"": """", ""first_publication_date"": """", ""citations"": null, ""comprehensiveness"": 1.0, ""citation_provider"": ""Europe PMC"", ""citation_snapshot"": ""2026-10-07"", ""admission"": ""pending"", ""admission_reason"": ""Quantity, context, source lineage and assay comprehensiveness require review"", ""policy_version"": 1, ""as_of"": ""2026-10-07"", ""status"": ""pending_scope_review"", ""age_years"": null, ""citations_per_year"": null, ""recency_factor"": null, ""comprehensiveness_factor"": null, ""score"": null, ""gap"": ""publication_id, first_publication_date, citations"", ""metadata_status"": ""metadata_incomplete"", ""diagnostic_score"": null, ""source_id"": ""plasmodb_pf3d7_attributes"", ""pattern"": ""exon_count"", ""coverage_basis"": ""installed stored-value fraction; assay completeness unverified""}]"
Pf_strain_variation,Pf,strain variation,population,gene,one,"[""snp_""]",1,0,,,False,0,,,False,source/assay review required; no automatic promotion,"[{""dataset_id"": ""plasmodb_pf3d7_snps:snp_"", ""scope"": ""Pf_strain_variation"", ""publication_id"": """", ""first_publication_date"": """", ""citations"": null, ""comprehensiveness"": 1.0, ""citation_provider"": ""Europe PMC"", ""citation_snapshot"": ""2026-10-07"", ""admission"": ""pending"", ""admission_reason"": ""Quantity, context, source lineage and assay comprehensiveness require review"", ""policy_version"": 1, ""as_of"": ""2026-10-07"", ""status"": ""pending_scope_review"", ""age_years"": null, ""citations_per_year"": null, ""recency_factor"": null, ""comprehensiveness_factor"": null, ""score"": null, ""gap"": ""publication_id, first_publication_date, citations"", ""metadata_status"": ""metadata_incomplete"", ""diagnostic_score"": null, ""source_id"": ""plasmodb_pf3d7_snps"", ""pattern"": ""snp_"", ""coverage_basis"": ""installed stored-value fraction; assay completeness unverified""}]"
Pf_literature_attention,Pf,literature attention,PubMed / PMC,gene,one,"[""n_publications""]",2,0,,,False,0,,,False,source/assay review required; no automatic promotion,"[{""dataset_id"": ""pf_literature:n_publications"", ""scope"": ""Pf_literature_attention"", ""publication_id"": """", ""first_publication_date"": """", ""citations"": null, ""comprehensiveness"": 1.0, ""citation_provider"": ""Europe PMC"", ""citation_snapshot"": ""2026-10-07"", ""admission"": ""pending"", ""admission_reason"": ""Quantity, context, source lineage and assay comprehensiveness require review"", ""policy_version"": 1, ""as_of"": ""2026-10-07"", ""status"": ""pending_scope_review"", ""age_years"": null, ""citations_per_year"": null, ""recency_factor"": null, ""comprehensiveness_factor"": null, ""score"": null, ""gap"": ""publication_id, first_publication_date, citations"", ""metadata_status"": ""metadata_incomplete"", ""diagnostic_score"": null, ""source_id"": ""pf_literature"", ""pattern"": ""n_publications"", ""coverage_basis"": ""installed stored-value fraction; assay completeness unverified""}, {""dataset_id"": ""pf_literature:n_papers_"", ""scope"": ""Pf_literature_attention"", ""publication_id"": """", ""first_publication_date"": """", ""citations"": null, ""comprehensiveness"": 1.0, ""citation_provider"": ""Europe PMC"", ""citation_snapshot"": ""2026-10-07"", ""admission"": ""pending"", ""admission_reason"": ""Quantity, context, source lineage and assay comprehensiveness require review"", ""policy_version"": 1, ""as_of"": ""2026-10-07"", ""status"": ""pending_scope_review"", ""age_years"": null, ""citations_per_year"": null, ""recency_factor"": null, ""comprehensiveness_factor"": null, ""score"": null, ""gap"": ""publication_id, first_publication_date, citations"", ""metadata_status"": ""metadata_incomplete"", ""diagnostic_score"": null, ""source_id"": ""pf_literature"", ""pattern"": ""n_papers_"", ""coverage_basis"": ""installed stored-value fraction; assay completeness unverified""}]"
Pf_gene_identity_and_annotation,Pf,gene identity and annotation,ToxoDB,gene,one,[],0,0,,,False,0,,,False,source/assay review required; no automatic promotion,[]
Pf_metabolite_levels,Pf,metabolite levels,steady state,metabolite,separate,[],0,0,,,False,0,,,False,source/assay review required; no automatic promotion,[]
Pf_metabolic_flux,Pf,metabolic flux,labelled precursor,metabolite,separate,[],0,0,,,False,0,,,False,source/assay review required; no automatic promotion,[]
Pf_lipid_composition,Pf,lipid composition,membrane lipids,metabolite,separate,[],0,0,,,False,0,,,False,source/assay review required; no automatic promotion,[]
Pf_enzyme_classification,Pf,enzyme classification,annotation,gene,one,"[""has_ec""]",1,0,,,False,0,,,False,source/assay review required; no automatic promotion,"[{""dataset_id"": ""pf_enzyme_classification:has_ec"", ""scope"": ""Pf_enzyme_classification"", ""publication_id"": """", ""first_publication_date"": """", ""citations"": null, ""comprehensiveness"": 1.0, ""citation_provider"": ""Europe PMC"", ""citation_snapshot"": ""2026-10-07"", ""admission"": ""pending"", ""admission_reason"": ""Quantity, context, source lineage and assay comprehensiveness require review"", ""policy_version"": 1, ""as_of"": ""2026-10-07"", ""status"": ""pending_scope_review"", ""age_years"": null, ""citations_per_year"": null, ""recency_factor"": null, ""comprehensiveness_factor"": null, ""score"": null, ""gap"": ""publication_id, first_publication_date, citations"", ""metadata_status"": ""metadata_incomplete"", ""diagnostic_score"": null, ""source_id"": ""pf_enzyme_classification"", ""pattern"": ""has_ec"", ""coverage_basis"": ""installed stored-value fraction; assay completeness unverified""}]"
Pf_resistance_conferring_mutation,Pf,resistance-conferring mutation,in vitro evolution,gene,separate,[],4,0,,,False,4,pf_resistome,resistance_selection_clones,False,source/assay review required; no automatic promotion,"[{""dataset_id"": ""pf_resistome:resistance_target_compounds"", ""scope"": ""Pf_resistance_conferring_mutation"", ""publication_id"": ""MED:39607932"", ""first_publication_date"": ""2024-11-29"", ""citations"": 29, ""comprehensiveness"": 0.006118881118881119, ""citation_provider"": ""Europe PMC"", ""citation_snapshot"": ""2026-10-07"", ""admission"": ""pending"", ""admission_reason"": ""Quantity, context, source lineage and assay comprehensiveness require review"", ""policy_version"": 1, ""as_of"": ""2026-10-07"", ""status"": ""pending_scope_review"", ""age_years"": 1.8535630437312196, ""citations_per_year"": 15.64554283604136, ""recency_factor"": 1.0690242282651683, ""comprehensiveness_factor"": 1.0015297202797202, ""score"": null, ""gap"": """", ""metadata_status"": ""ranked"", ""diagnostic_score"": 16.751049638101993, ""source_id"": ""pf_resistome"", ""pattern"": ""resistance_target_compounds"", ""coverage_basis"": ""installed stored-value fraction; assay completeness unverified""}, {""dataset_id"": ""pf_resistome:resistance_selection_clones"", ""scope"": ""Pf_resistance_conferring_mutation"", ""publication_id"": ""MED:39607932"", ""first_publication_date"": ""2024-11-29"", ""citations"": 29, ""comprehensiveness"": 0.12832167832167832, ""citation_provider"": ""Europe PMC"", ""citation_snapshot"": ""2026-10-07"", ""admission"": ""pending"", ""admission_reason"": ""Quantity, context, source lineage and assay comprehensiveness require review"", ""policy_version"": 1, ""as_of"": ""2026-10-07"", ""status"": ""pending_scope_review"", ""age_years"": 1.8535630437312196, ""citations_per_year"": 15.64554283604136, ""recency_factor"": 1.0690242282651683, ""comprehensiveness_factor"": 1.0320804195804196, ""score"": null, ""gap"": """", ""metadata_status"": ""ranked"", ""diagnostic_score"": 17.262024270309425, ""source_id"": ""pf_resistome"", ""pattern"": ""resistance_selection_clones"", ""coverage_basis"": ""installed stored-value fraction; assay completeness unverified""}, {""dataset_id"": ""pf_resistome:resistance_selection_compounds"", ""scope"": ""Pf_resistance_conferring_mutation"", ""publication_id"": ""MED:39607932"", ""first_publication_date"": ""2024-11-29"", ""citations"": 29, ""comprehensiveness"": 0.12832167832167832, ""citation_provider"": ""Europe PMC"", ""citation_snapshot"": ""2026-10-07"", ""admission"": ""pending"", ""admission_reason"": ""Quantity, context, source lineage and assay comprehensiveness require review"", ""policy_version"": 1, ""as_of"": ""2026-10-07"", ""status"": ""pending_scope_review"", ""age_years"": 1.8535630437312196, ""citations_per_year"": 15.64554283604136, ""recency_factor"": 1.0690242282651683, ""comprehensiveness_factor"": 1.0320804195804196, ""score"": null, ""gap"": """", ""metadata_status"": ""ranked"", ""diagnostic_score"": 17.262024270309425, ""source_id"": ""pf_resistome"", ""pattern"": ""resistance_selection_compounds"", ""coverage_basis"": ""installed stored-value fraction; assay completeness unverified""}, {""dataset_id"": ""pf_resistome:resistance_selection_variants"", ""scope"": ""Pf_resistance_conferring_mutation"", ""publication_id"": ""MED:39607932"", ""first_publication_date"": ""2024-11-29"", ""citations"": 29, ""comprehensiveness"": 0.12832167832167832, ""citation_provider"": ""Europe PMC"", ""citation_snapshot"": ""2026-10-07"", ""admission"": ""pending"", ""admission_reason"": ""Quantity, context, source lineage and assay comprehensiveness require review"", ""policy_version"": 1, ""as_of"": ""2026-10-07"", ""status"": ""pending_scope_review"", ""age_years"": 1.8535630437312196, ""citations_per_year"": 15.64554283604136, ""recency_factor"": 1.0690242282651683, ""comprehensiveness_factor"": 1.0320804195804196, ""score"": null, ""gap"": """", ""metadata_status"": ""ranked"", ""diagnostic_score"": 17.262024270309425, ""source_id"": ""pf_resistome"", ""pattern"": ""resistance_selection_variants"", ""coverage_basis"": ""installed stored-value fraction; assay completeness unverified""}]"
Pf_target_engagement_thermal_shift,Pf,target engagement / thermal shift,thermal proteome,gene,average,[],2,0,,,False,2,pf_target_engagement,engaged_n_compounds_tested,False,source/assay review required; no automatic promotion,"[{""dataset_id"": ""pf_target_engagement:engaged_n_compounds_tested"", ""scope"": ""Pf_target_engagement_thermal_shift"", ""publication_id"": ""PPR:PPR1226557"", ""first_publication_date"": ""2026-01-30"", ""citations"": 0, ""comprehensiveness"": 0.5465034965034965, ""citation_provider"": ""Europe PMC"", ""citation_snapshot"": ""2026-10-07"", ""admission"": ""pending"", ""admission_reason"": ""Quantity, context, source lineage and assay comprehensiveness require review"", ""policy_version"": 1, ""as_of"": ""2026-10-07"", ""status"": ""pending_scope_review"", ""age_years"": 0.6844767517471269, ""citations_per_year"": 0.0, ""recency_factor"": 1.0872061482286464, ""comprehensiveness_factor"": 1.1366258741258741, ""score"": null, ""gap"": """", ""metadata_status"": ""ranked"", ""diagnostic_score"": 0.0, ""source_id"": ""pf_target_engagement"", ""pattern"": ""engaged_n_compounds_tested"", ""coverage_basis"": ""installed stored-value fraction; assay completeness unverified""}, {""dataset_id"": ""pf_target_engagement:engaged_n_compounds_hit"", ""scope"": ""Pf_target_engagement_thermal_shift"", ""publication_id"": ""PPR:PPR1226557"", ""first_publication_date"": ""2026-01-30"", ""citations"": 0, ""comprehensiveness"": 0.5465034965034965, ""citation_provider"": ""Europe PMC"", ""citation_snapshot"": ""2026-10-07"", ""admission"": ""pending"", ""admission_reason"": ""Quantity, context, source lineage and assay comprehensiveness require review"", ""policy_version"": 1, ""as_of"": ""2026-10-07"", ""status"": ""pending_scope_review"", ""age_years"": 0.6844767517471269, ""citations_per_year"": 0.0, ""recency_factor"": 1.0872061482286464, ""comprehensiveness_factor"": 1.1366258741258741, ""score"": null, ""gap"": """", ""metadata_status"": ""ranked"", ""diagnostic_score"": 0.0, ""source_id"": ""pf_target_engagement"", ""pattern"": ""engaged_n_compounds_hit"", ""coverage_basis"": ""installed stored-value fraction; assay completeness unverified""}]"
Pf_rna_binding_protein_targets,Pf,RNA-binding protein targets,CLIP / RIP,gene,separate,[],0,0,,,False,0,,,False,source/assay review required; no automatic promotion,[]
Pf_noncoding_and_antisense_transcription,Pf,noncoding and antisense transcription,lncRNA,gene,separate,[],1,0,,,False,0,,,False,source/assay review required; no automatic promotion,"[{""dataset_id"": ""plasmodb_pf3d7_expression:antisense_"", ""scope"": ""Pf_noncoding_and_antisense_transcription"", ""publication_id"": """", ""first_publication_date"": """", ""citations"": null, ""comprehensiveness"": 1.0, ""citation_provider"": ""Europe PMC"", ""citation_snapshot"": ""2026-10-07"", ""admission"": ""pending"", ""admission_reason"": ""Quantity, context, source lineage and assay comprehensiveness require review"", ""policy_version"": 1, ""as_of"": ""2026-10-07"", ""status"": ""pending_scope_review"", ""age_years"": null, ""citations_per_year"": null, ""recency_factor"": null, ""comprehensiveness_factor"": null, ""score"": null, ""gap"": ""publication_id, first_publication_date, citations"", ""metadata_status"": ""metadata_incomplete"", ""diagnostic_score"": null, ""source_id"": ""plasmodb_pf3d7_expression"", ""pattern"": ""antisense_"", ""coverage_basis"": ""installed stored-value fraction; assay completeness unverified""}]"
Pf_codon_usage_translation_efficiency,Pf,codon usage / translation efficiency,sequence-derived,gene,one,"[""codon_""]",1,0,,,False,0,,,False,source/assay review required; no automatic promotion,"[{""dataset_id"": ""pf_codon_usage:codon_"", ""scope"": ""Pf_codon_usage_translation_efficiency"", ""publication_id"": """", ""first_publication_date"": """", ""citations"": null, ""comprehensiveness"": 0.9297202797202797, ""citation_provider"": ""Europe PMC"", ""citation_snapshot"": ""2026-10-07"", ""admission"": ""pending"", ""admission_reason"": ""Quantity, context, source lineage and assay comprehensiveness require review"", ""policy_version"": 1, ""as_of"": ""2026-10-07"", ""status"": ""pending_scope_review"", ""age_years"": null, ""citations_per_year"": null, ""recency_factor"": null, ""comprehensiveness_factor"": null, ""score"": null, ""gap"": ""publication_id, first_publication_date, citations"", ""metadata_status"": ""metadata_incomplete"", ""diagnostic_score"": null, ""source_id"": ""pf_codon_usage"", ""pattern"": ""codon_"", ""coverage_basis"": ""installed stored-value fraction; assay completeness unverified""}]"
Pf_complex_membership,Pf,complex membership,crosslink MS interactome,gene,separate,[],2,0,,,False,2,pf_complexes,complex_id,False,source/assay review required; no automatic promotion,"[{""dataset_id"": ""pf_complexes:complex_id"", ""scope"": ""Pf_complex_membership"", ""publication_id"": ""MED:41966402"", ""first_publication_date"": ""2026-04-09"", ""citations"": 0, ""comprehensiveness"": 0.022377622377622378, ""citation_provider"": ""Europe PMC"", ""citation_snapshot"": ""2026-10-07"", ""admission"": ""pending"", ""admission_reason"": ""Quantity, context, source lineage and assay comprehensiveness require review"", ""policy_version"": 1, ""as_of"": ""2026-10-07"", ""status"": ""pending_scope_review"", ""age_years"": 0.49556116826491986, ""citations_per_year"": 0.0, ""recency_factor"": 1.0905641058915096, ""comprehensiveness_factor"": 1.0055944055944055, ""score"": null, ""gap"": """", ""metadata_status"": ""ranked"", ""diagnostic_score"": 0.0, ""source_id"": ""pf_complexes"", ""pattern"": ""complex_id"", ""coverage_basis"": ""installed stored-value fraction; assay completeness unverified""}, {""dataset_id"": ""pf_complexes:complex_size"", ""scope"": ""Pf_complex_membership"", ""publication_id"": ""MED:41966402"", ""first_publication_date"": ""2026-04-09"", ""citations"": 0, ""comprehensiveness"": 0.022377622377622378, ""citation_provider"": ""Europe PMC"", ""citation_snapshot"": ""2026-10-07"", ""admission"": ""pending"", ""admission_reason"": ""Quantity, context, source lineage and assay comprehensiveness require review"", ""policy_version"": 1, ""as_of"": ""2026-10-07"", ""status"": ""pending_scope_review"", ""age_years"": 0.49556116826491986, ""citations_per_year"": 0.0, ""recency_factor"": 1.0905641058915096, ""comprehensiveness_factor"": 1.0055944055944055, ""score"": null, ""gap"": """", ""metadata_status"": ""ranked"", ""diagnostic_score"": 0.0, ""source_id"": ""pf_complexes"", ""pattern"": ""complex_size"", ""coverage_basis"": ""installed stored-value fraction; assay completeness unverified""}]"
Pf_seroreactivity_antigenicity,Pf,seroreactivity / antigenicity,human or animal sera,gene,separate,[],1,0,,,False,0,,,False,source/assay review required; no automatic promotion,"[{""dataset_id"": ""pf_iedb_bcell:n_bcell_epitopes"", ""scope"": ""Pf_seroreactivity_antigenicity"", ""publication_id"": """", ""first_publication_date"": """", ""citations"": null, ""comprehensiveness"": 0.07587412587412587, ""citation_provider"": ""Europe PMC"", ""citation_snapshot"": ""2026-10-07"", ""admission"": ""pending"", ""admission_reason"": ""Quantity, context, source lineage and assay comprehensiveness require review"", ""policy_version"": 1, ""as_of"": ""2026-10-07"", ""status"": ""pending_scope_review"", ""age_years"": null, ""citations_per_year"": null, ""recency_factor"": null, ""comprehensiveness_factor"": null, ""score"": null, ""gap"": ""publication_id, first_publication_date, citations"", ""metadata_status"": ""metadata_incomplete"", ""diagnostic_score"": null, ""source_id"": ""pf_iedb_bcell"", ""pattern"": ""n_bcell_epitopes"", ""coverage_basis"": ""installed stored-value fraction; assay completeness unverified""}]"
Pf_t_cell_epitope_content,Pf,T-cell epitope content,predicted and measured,gene,average,[],1,0,,,False,0,,,False,source/assay review required; no automatic promotion,"[{""dataset_id"": ""pf_iedb_tcell:n_tcell_epitopes"", ""scope"": ""Pf_t_cell_epitope_content"", ""publication_id"": """", ""first_publication_date"": """", ""citations"": null, ""comprehensiveness"": 0.007692307692307693, ""citation_provider"": ""Europe PMC"", ""citation_snapshot"": ""2026-10-07"", ""admission"": ""pending"", ""admission_reason"": ""Quantity, context, source lineage and assay comprehensiveness require review"", ""policy_version"": 1, ""as_of"": ""2026-10-07"", ""status"": ""pending_scope_review"", ""age_years"": null, ""citations_per_year"": null, ""recency_factor"": null, ""comprehensiveness_factor"": null, ""score"": null, ""gap"": ""publication_id, first_publication_date, citations"", ""metadata_status"": ""metadata_incomplete"", ""diagnostic_score"": null, ""source_id"": ""pf_iedb_tcell"", ""pattern"": ""n_tcell_epitopes"", ""coverage_basis"": ""installed stored-value fraction; assay completeness unverified""}]"
Pf_host_escrt_recruitment,Pf,host ESCRT recruitment,high-content imaging,gene,separate,[],0,0,,,False,0,,,False,source/assay review required; no automatic promotion,[]
Pf_invasion_and_egress_phenotype,Pf,invasion and egress phenotype,high-content imaging,gene,separate,[],0,0,,,False,0,,,False,source/assay review required; no automatic promotion,[]
Pf_essentiality_in_a_second_background,Pf,essentiality in a second background,second strain,gene,separate,[],0,0,,,False,0,,,False,source/assay review required; no automatic promotion,[]
Pf_protein_stage_share,Pf,protein stage share,"asexual blood stage, TMT",gene,separate,[],1,0,,,False,0,,,False,source/assay review required; no automatic promotion,"[{""dataset_id"": ""plasmodb_pf3d7_expression:protein_stage_share_"", ""scope"": ""Pf_protein_stage_share"", ""publication_id"": """", ""first_publication_date"": """", ""citations"": null, ""comprehensiveness"": 0.47307692307692306, ""citation_provider"": ""Europe PMC"", ""citation_snapshot"": ""2026-10-07"", ""admission"": ""pending"", ""admission_reason"": ""Quantity, context, source lineage and assay comprehensiveness require review"", ""policy_version"": 1, ""as_of"": ""2026-10-07"", ""status"": ""pending_scope_review"", ""age_years"": null, ""citations_per_year"": null, ""recency_factor"": null, ""comprehensiveness_factor"": null, ""score"": null, ""gap"": ""publication_id, first_publication_date, citations"", ""metadata_status"": ""metadata_incomplete"", ""diagnostic_score"": null, ""source_id"": ""plasmodb_pf3d7_expression"", ""pattern"": ""protein_stage_share_"", ""coverage_basis"": ""installed stored-value fraction; assay completeness unverified""}]"
Pf_rna_modification_asexual_blood_stage,Pf,RNA modification · asexual blood stage,"asexual blood stage, nanopore",gene,separate,[],2,0,,,False,2,pf_m6a_nanopore,m6a_n_canonical_sites,False,source/assay review required; no automatic promotion,"[{""dataset_id"": ""pf_m6a_nanopore:m6a_n_canonical_sites"", ""scope"": ""Pf_rna_modification_asexual_blood_stage"", ""publication_id"": ""PPR:PPR1236164"", ""first_publication_date"": ""2026-05-19"", ""citations"": 0, ""comprehensiveness"": 0.923951048951049, ""citation_provider"": ""Europe PMC"", ""citation_snapshot"": ""2026-10-07"", ""admission"": ""pending"", ""admission_reason"": ""Quantity, context, source lineage and assay comprehensiveness require review"", ""policy_version"": 1, ""as_of"": ""2026-10-07"", ""status"": ""pending_scope_review"", ""age_years"": 0.38604488798537956, ""citations_per_year"": 0.0, ""recency_factor"": 1.0925696383585886, ""comprehensiveness_factor"": 1.2309877622377623, ""score"": null, ""gap"": """", ""metadata_status"": ""ranked"", ""diagnostic_score"": 0.0, ""source_id"": ""pf_m6a_nanopore"", ""pattern"": ""m6a_n_canonical_sites"", ""coverage_basis"": ""installed stored-value fraction; assay completeness unverified""}, {""dataset_id"": ""pf_m6a_nanopore:m6a_canonical_stoichiometry"", ""scope"": ""Pf_rna_modification_asexual_blood_stage"", ""publication_id"": ""PPR:PPR1236164"", ""first_publication_date"": ""2026-05-19"", ""citations"": 0, ""comprehensiveness"": 0.6332167832167832, ""citation_provider"": ""Europe PMC"", ""citation_snapshot"": ""2026-10-07"", ""admission"": ""pending"", ""admission_reason"": ""Quantity, context, source lineage and assay comprehensiveness require review"", ""policy_version"": 1, ""as_of"": ""2026-10-07"", ""status"": ""pending_scope_review"", ""age_years"": 0.38604488798537956, ""citations_per_year"": 0.0, ""recency_factor"": 1.0925696383585886, ""comprehensiveness_factor"": 1.1583041958041957, ""score"": null, ""gap"": """", ""metadata_status"": ""ranked"", ""diagnostic_score"": 0.0, ""source_id"": ""pf_m6a_nanopore"", ""pattern"": ""m6a_canonical_stoichiometry"", ""coverage_basis"": ""installed stored-value fraction; assay completeness unverified""}]"
Pf_chromatin_state_asexual_blood_stage,Pf,chromatin state · asexual blood stage,"asexual blood stage, proxiomes",gene,separate,[],1,0,,,False,1,pf_chromatin_proxiome,chromprox_,False,source/assay review required; no automatic promotion,"[{""dataset_id"": ""pf_chromatin_proxiome:chromprox_"", ""scope"": ""Pf_chromatin_state_asexual_blood_stage"", ""publication_id"": ""PPR:PPR1089777"", ""first_publication_date"": ""2025-09-23"", ""citations"": 0, ""comprehensiveness"": 0.352972027972028, ""citation_provider"": ""Europe PMC"", ""citation_snapshot"": ""2026-10-07"", ""admission"": ""pending"", ""admission_reason"": ""Quantity, context, source lineage and assay comprehensiveness require review"", ""policy_version"": 1, ""as_of"": ""2026-10-07"", ""status"": ""pending_scope_review"", ""age_years"": 1.0376667556486443, ""citations_per_year"": 0.0, ""recency_factor"": 1.081258614065538, ""comprehensiveness_factor"": 1.088243006993007, ""score"": null, ""gap"": """", ""metadata_status"": ""ranked"", ""diagnostic_score"": 0.0, ""source_id"": ""pf_chromatin_proxiome"", ""pattern"": ""chromprox_"", ""coverage_basis"": ""installed stored-value fraction; assay completeness unverified""}]"
Pf_protein_abundance_gametocyte,Pf,protein abundance · gametocyte,stage V gametocyte,gene,one,"[""gametocyte_proteome_log2""]",1,0,,,False,1,pf_gametocyte_proteome,gametocyte_proteome_log2,False,source/assay review required; no automatic promotion,"[{""dataset_id"": ""pf_gametocyte_proteome:gametocyte_proteome_log2"", ""scope"": ""Pf_protein_abundance_gametocyte"", ""publication_id"": ""PPR:PPR1218259"", ""first_publication_date"": ""2026-03-25"", ""citations"": 0, ""comprehensiveness"": 0.44195804195804195, ""citation_provider"": ""Europe PMC"", ""citation_snapshot"": ""2026-10-07"", ""admission"": ""pending"", ""admission_reason"": ""Quantity, context, source lineage and assay comprehensiveness require review"", ""policy_version"": 1, ""as_of"": ""2026-10-07"", ""status"": ""pending_scope_review"", ""age_years"": 0.5366297733697475, ""citations_per_year"": 0.0, ""recency_factor"": 1.0898232842074926, ""comprehensiveness_factor"": 1.1104895104895105, ""score"": null, ""gap"": """", ""metadata_status"": ""ranked"", ""diagnostic_score"": 0.0, ""source_id"": ""pf_gametocyte_proteome"", ""pattern"": ""gametocyte_proteome_log2"", ""coverage_basis"": ""installed stored-value fraction; assay completeness unverified""}]"
Pf_translation_gametocyte,Pf,translation · gametocyte,"stage V gametocyte, click chemistry",gene,one,"[""gametocyte_newly_made""]",1,0,,,False,1,pf_gametocyte_proteome,gametocyte_newly_made,False,source/assay review required; no automatic promotion,"[{""dataset_id"": ""pf_gametocyte_proteome:gametocyte_newly_made"", ""scope"": ""Pf_translation_gametocyte"", ""publication_id"": ""PPR:PPR1218259"", ""first_publication_date"": ""2026-03-25"", ""citations"": 0, ""comprehensiveness"": 0.44475524475524475, ""citation_provider"": ""Europe PMC"", ""citation_snapshot"": ""2026-10-07"", ""admission"": ""pending"", ""admission_reason"": ""Quantity, context, source lineage and assay comprehensiveness require review"", ""policy_version"": 1, ""as_of"": ""2026-10-07"", ""status"": ""pending_scope_review"", ""age_years"": 0.5366297733697475, ""citations_per_year"": 0.0, ""recency_factor"": 1.0898232842074926, ""comprehensiveness_factor"": 1.111188811188811, ""score"": null, ""gap"": """", ""metadata_status"": ""ranked"", ""diagnostic_score"": 0.0, ""source_id"": ""pf_gametocyte_proteome"", ""pattern"": ""gametocyte_newly_made"", ""coverage_basis"": ""installed stored-value fraction; assay completeness unverified""}]"
Pf_phosphorylation_febrile_heat_stress,Pf,phosphorylation · febrile heat stress,infected erythrocyte at 39 degrees,gene,separate,[],1,0,,,False,1,pf_febrile_phospho,febrile_phospho_,False,source/assay review required; no automatic promotion,"[{""dataset_id"": ""pf_febrile_phospho:febrile_phospho_"", ""scope"": ""Pf_phosphorylation_febrile_heat_stress"", ""publication_id"": ""MED:42126964"", ""first_publication_date"": ""2026-05-13"", ""citations"": 5, ""comprehensiveness"": 0.3276223776223776, ""citation_provider"": ""Europe PMC"", ""citation_snapshot"": ""2026-10-07"", ""admission"": ""pending"", ""admission_reason"": ""Quantity, context, source lineage and assay comprehensiveness require review"", ""policy_version"": 1, ""as_of"": ""2026-10-07"", ""status"": ""pending_scope_review"", ""age_years"": 0.4024723300273106, ""citations_per_year"": 12.423214285714288, ""recency_factor"": 1.0922660009565082, ""comprehensiveness_factor"": 1.0819055944055944, ""score"": null, ""gap"": """", ""metadata_status"": ""ranked"", ""diagnostic_score"": 14.680868830581272, ""source_id"": ""pf_febrile_phospho"", ""pattern"": ""febrile_phospho_"", ""coverage_basis"": ""installed stored-value fraction; assay completeness unverified""}]"
Pf_thermal_stability_melting_temperature_asexual_blood_stage,Pf,thermal stability (melting temperature) · asexual blood stage,"asexual blood stage, intact-cell CETSA",gene,one,"[""melting_temperature_tm""]",2,0,,,False,2,pf_meltome,melting_temperature_tm,False,source/assay review required; no automatic promotion,"[{""dataset_id"": ""pf_meltome:melting_temperature_tm"", ""scope"": ""Pf_thermal_stability_melting_temperature_asexual_blood_stage"", ""publication_id"": ""MED:41315737"", ""first_publication_date"": ""2025-11-28"", ""citations"": 3, ""comprehensiveness"": 0.35664335664335667, ""citation_provider"": ""Europe PMC"", ""citation_snapshot"": ""2026-10-07"", ""admission"": ""pending"", ""admission_reason"": ""Quantity, context, source lineage and assay comprehensiveness require review"", ""policy_version"": 1, ""as_of"": ""2026-10-07"", ""status"": ""pending_scope_review"", ""age_years"": 0.8569648931874029, ""citations_per_year"": 3.5007268370607028, ""recency_factor"": 1.0842490427668912, ""comprehensiveness_factor"": 1.0891608391608392, ""score"": null, ""gap"": """", ""metadata_status"": ""ranked"", ""diagnostic_score"": 4.13408392806032, ""source_id"": ""pf_meltome"", ""pattern"": ""melting_temperature_tm"", ""coverage_basis"": ""installed stored-value fraction; assay completeness unverified""}, {""dataset_id"": ""pf_meltome:melting_temperature_sd"", ""scope"": ""Pf_thermal_stability_melting_temperature_asexual_blood_stage"", ""publication_id"": ""MED:41315737"", ""first_publication_date"": ""2025-11-28"", ""citations"": 3, ""comprehensiveness"": 0.29632867132867136, ""citation_provider"": ""Europe PMC"", ""citation_snapshot"": ""2026-10-07"", ""admission"": ""pending"", ""admission_reason"": ""Quantity, context, source lineage and assay comprehensiveness require review"", ""policy_version"": 1, ""as_of"": ""2026-10-07"", ""status"": ""pending_scope_review"", ""age_years"": 0.8569648931874029, ""citations_per_year"": 3.5007268370607028, ""recency_factor"": 1.0842490427668912, ""comprehensiveness_factor"": 1.074082167832168, ""score"": null, ""gap"": """", ""metadata_status"": ""ranked"", ""diagnostic_score"": 4.076850422635729, ""source_id"": ""pf_meltome"", ""pattern"": ""melting_temperature_sd"", ""coverage_basis"": ""installed stored-value fraction; assay completeness unverified""}]"
Pf_transcription_liver_stage,Pf,transcription · liver stage,hepatocyte,gene,one,[],0,0,,,False,0,,,False,source/assay review required; no automatic promotion,[]
Pf_transcription_mosquito_stages,Pf,transcription · mosquito stages,"ookinete, oocyst, sporozoite",gene,separate,[],0,0,,,False,0,,,False,source/assay review required; no automatic promotion,[]
Pf_transcription_gametocyte,Pf,transcription · gametocyte,gametocyte I-V,gene,average,[],1,0,,,False,0,,,False,source/assay review required; no automatic promotion,"[{""dataset_id"": ""plasmodb_pf3d7_expression:expr_gametocyte_"", ""scope"": ""Pf_transcription_gametocyte"", ""publication_id"": """", ""first_publication_date"": """", ""citations"": null, ""comprehensiveness"": 1.0, ""citation_provider"": ""Europe PMC"", ""citation_snapshot"": ""2026-10-07"", ""admission"": ""pending"", ""admission_reason"": ""Quantity, context, source lineage and assay comprehensiveness require review"", ""policy_version"": 1, ""as_of"": ""2026-10-07"", ""status"": ""pending_scope_review"", ""age_years"": null, ""citations_per_year"": null, ""recency_factor"": null, ""comprehensiveness_factor"": null, ""score"": null, ""gap"": ""publication_id, first_publication_date, citations"", ""metadata_status"": ""metadata_incomplete"", ""diagnostic_score"": null, ""source_id"": ""plasmodb_pf3d7_expression"", ""pattern"": ""expr_gametocyte_"", ""coverage_basis"": ""installed stored-value fraction; assay completeness unverified""}]"
Pf_transcription_dormancy_recrudescence,Pf,transcription · dormancy / recrudescence,artemisinin quiescence,gene,separate,[],2,0,,,False,2,pf_latency_transcriptome,latency_log2fc,False,source/assay review required; no automatic promotion,"[{""dataset_id"": ""pf_latency_transcriptome:latency_log2fc"", ""scope"": ""Pf_transcription_dormancy_recrudescence"", ""publication_id"": ""PPR:PPR1321824"", ""first_publication_date"": ""2026-09-16"", ""citations"": 0, ""comprehensiveness"": 0.8543706293706294, ""citation_provider"": ""Europe PMC"", ""citation_snapshot"": ""2026-10-07"", ""admission"": ""pending"", ""admission_reason"": ""Quantity, context, source lineage and assay comprehensiveness require review"", ""policy_version"": 1, ""as_of"": ""2026-10-07"", ""status"": ""pending_scope_review"", ""age_years"": 0.05749604714675866, ""citations_per_year"": 0.0, ""recency_factor"": 1.0988566653779384, ""comprehensiveness_factor"": 1.2135926573426574, ""score"": null, ""gap"": """", ""metadata_status"": ""ranked"", ""diagnostic_score"": 0.0, ""source_id"": ""pf_latency_transcriptome"", ""pattern"": ""latency_log2fc"", ""coverage_basis"": ""installed stored-value fraction; assay completeness unverified""}, {""dataset_id"": ""pf_latency_transcriptome:latency_classifier_member"", ""scope"": ""Pf_transcription_dormancy_recrudescence"", ""publication_id"": ""PPR:PPR1321824"", ""first_publication_date"": ""2026-09-16"", ""citations"": 0, ""comprehensiveness"": 0.8543706293706294, ""citation_provider"": ""Europe PMC"", ""citation_snapshot"": ""2026-10-07"", ""admission"": ""pending"", ""admission_reason"": ""Quantity, context, source lineage and assay comprehensiveness require review"", ""policy_version"": 1, ""as_of"": ""2026-10-07"", ""status"": ""pending_scope_review"", ""age_years"": 0.05749604714675866, ""citations_per_year"": 0.0, ""recency_factor"": 1.0988566653779384, ""comprehensiveness_factor"": 1.2135926573426574, ""score"": null, ""gap"": """", ""metadata_status"": ""ranked"", ""diagnostic_score"": 0.0, ""source_id"": ""pf_latency_transcriptome"", ""pattern"": ""latency_classifier_member"", ""coverage_basis"": ""installed stored-value fraction; assay completeness unverified""}]"
Pf_fitness_liver_stage,Pf,fitness · liver stage,hepatocyte,gene,one,[],0,0,,,False,0,,,False,source/assay review required; no automatic promotion,[]
Pf_fitness_transmission,Pf,fitness · transmission,mosquito,gene,separate,[],0,0,,,False,0,,,False,source/assay review required; no automatic promotion,[]
Pf_fitness_in_vivo,Pf,fitness · in vivo,humanised mouse or CHMI,gene,one,[],0,0,,,False,0,,,False,source/assay review required; no automatic promotion,[]
Pf_fitness_transferred_from_pb,Pf,fitness · transferred from Pb,"P. berghei, PlasmoGEM",gene,one,"[""pb_transferred_growth_rate""]",2,0,,,False,2,pf_berghei_transfer,pb_transfer_confidence,True,source/assay review required; no automatic promotion,"[{""dataset_id"": ""pf_berghei_transfer:pb_transferred_growth_rate"", ""scope"": ""Pf_fitness_transferred_from_pb"", ""publication_id"": ""MED:28708996"", ""first_publication_date"": ""2017-07-01"", ""citations"": 513, ""comprehensiveness"": 0.4256993006993007, ""citation_provider"": ""Europe PMC"", ""citation_snapshot"": ""2026-10-07"", ""admission"": ""pending"", ""admission_reason"": ""Quantity, context, source lineage and assay comprehensiveness require review"", ""policy_version"": 1, ""as_of"": ""2026-10-07"", ""status"": ""pending_scope_review"", ""age_years"": 9.267815218656098, ""citations_per_year"": 55.35285155096012, ""recency_factor"": 1.0156677920314503, ""comprehensiveness_factor"": 1.1064248251748252, ""score"": null, ""gap"": """", ""metadata_status"": ""ranked"", ""diagnostic_score"": 62.20332373768318, ""source_id"": ""pf_berghei_transfer"", ""pattern"": ""pb_transferred_growth_rate"", ""coverage_basis"": ""installed stored-value fraction; assay completeness unverified""}, {""dataset_id"": ""pf_berghei_transfer:pb_transfer_confidence"", ""scope"": ""Pf_fitness_transferred_from_pb"", ""publication_id"": ""MED:28708996"", ""first_publication_date"": ""2017-07-01"", ""citations"": 513, ""comprehensiveness"": 0.4277972027972028, ""citation_provider"": ""Europe PMC"", ""citation_snapshot"": ""2026-10-07"", ""admission"": ""pending"", ""admission_reason"": ""Quantity, context, source lineage and assay comprehensiveness require review"", ""policy_version"": 1, ""as_of"": ""2026-10-07"", ""status"": ""pending_scope_review"", ""age_years"": 9.267815218656098, ""citations_per_year"": 55.35285155096012, ""recency_factor"": 1.0156677920314503, ""comprehensiveness_factor"": 1.1069493006993008, ""score"": null, ""gap"": """", ""metadata_status"": ""ranked"", ""diagnostic_score"": 62.232809808583916, ""source_id"": ""pf_berghei_transfer"", ""pattern"": ""pb_transfer_confidence"", ""coverage_basis"": ""installed stored-value fraction; assay completeness unverified""}]"
Pf_fitness_liver_stage_transferred_from_pb,Pf,fitness · liver stage transferred from Pb,P. berghei liver stage,gene,one,"[""pb_transferred_liver_log2fc""]",1,0,,,False,1,pf_berghei_liver_transfer,pb_transferred_liver_log2fc,False,source/assay review required; no automatic promotion,"[{""dataset_id"": ""pf_berghei_liver_transfer:pb_transferred_liver_log2fc"", ""scope"": ""Pf_fitness_liver_stage_transferred_from_pb"", ""publication_id"": ""MED:31730853"", ""first_publication_date"": ""2019-11-01"", ""citations"": 118, ""comprehensiveness"": 0.1318181818181818, ""citation_provider"": ""Europe PMC"", ""citation_snapshot"": ""2026-10-07"", ""admission"": ""pending"", ""admission_reason"": ""Quantity, context, source lineage and assay comprehensiveness require review"", ""policy_version"": 1, ""as_of"": ""2026-10-07"", ""status"": ""pending_scope_review"", ""age_years"": 6.932380541694902, ""citations_per_year"": 17.02156990521327, ""recency_factor"": 1.0249954567323984, ""comprehensiveness_factor"": 1.0329545454545455, ""score"": null, ""gap"": """", ""metadata_status"": ""ranked"", ""diagnostic_score"": 18.021990822432432, ""source_id"": ""pf_berghei_liver_transfer"", ""pattern"": ""pb_transferred_liver_log2fc"", ""coverage_basis"": ""installed stored-value fraction; assay completeness unverified""}]"
Pf_fitness_transmission_transferred_from_pb,Pf,fitness · transmission transferred from Pb,P. berghei mosquito stages,gene,separate,[],2,0,,,False,2,pf_pb_fertility_transfer,fertility_female,False,source/assay review required; no automatic promotion,"[{""dataset_id"": ""pf_pb_fertility_transfer:fertility_female"", ""scope"": ""Pf_fitness_transmission_transferred_from_pb"", ""publication_id"": ""MED:39541984"", ""first_publication_date"": ""2024-11-13"", ""citations"": 20, ""comprehensiveness"": 0.19597902097902098, ""citation_provider"": ""Europe PMC"", ""citation_snapshot"": ""2026-10-07"", ""admission"": ""pending"", ""admission_reason"": ""Quantity, context, source lineage and assay comprehensiveness require review"", ""policy_version"": 1, ""as_of"": ""2026-10-07"", ""status"": ""pending_scope_review"", ""age_years"": 1.8973695558430357, ""citations_per_year"": 10.540909090909091, ""recency_factor"": 1.0684221275714536, ""comprehensiveness_factor"": 1.0489947552447552, ""score"": null, ""gap"": """", ""metadata_status"": ""ranked"", ""diagnostic_score"": 11.813926335630692, ""source_id"": ""pf_pb_fertility_transfer"", ""pattern"": ""fertility_female"", ""coverage_basis"": ""installed stored-value fraction; assay completeness unverified""}, {""dataset_id"": ""pf_pb_fertility_transfer:fertility_male"", ""scope"": ""Pf_fitness_transmission_transferred_from_pb"", ""publication_id"": ""MED:39541984"", ""first_publication_date"": ""2024-11-13"", ""citations"": 20, ""comprehensiveness"": 0.19597902097902098, ""citation_provider"": ""Europe PMC"", ""citation_snapshot"": ""2026-10-07"", ""admission"": ""pending"", ""admission_reason"": ""Quantity, context, source lineage and assay comprehensiveness require review"", ""policy_version"": 1, ""as_of"": ""2026-10-07"", ""status"": ""pending_scope_review"", ""age_years"": 1.8973695558430357, ""citations_per_year"": 10.540909090909091, ""recency_factor"": 1.0684221275714536, ""comprehensiveness_factor"": 1.0489947552447552, ""score"": null, ""gap"": """", ""metadata_status"": ""ranked"", ""diagnostic_score"": 11.813926335630692, ""source_id"": ""pf_pb_fertility_transfer"", ""pattern"": ""fertility_male"", ""coverage_basis"": ""installed stored-value fraction; assay completeness unverified""}]"
Pf_antigenic_variation_family_expression,Pf,antigenic variation family expression,var / rif / stevor,gene,separate,[],0,0,,,False,0,,,False,source/assay review required; no automatic promotion,[]
Pf_export_pexel_trafficking,Pf,export / PEXEL trafficking,erythrocyte cytosol,gene,one,"[""export_pred_tier""]",2,0,,,False,0,,,False,source/assay review required; no automatic promotion,"[{""dataset_id"": ""plasmodb_pf3d7_exportpred:export_pred_tier"", ""scope"": ""Pf_export_pexel_trafficking"", ""publication_id"": """", ""first_publication_date"": """", ""citations"": null, ""comprehensiveness"": 1.0, ""citation_provider"": ""Europe PMC"", ""citation_snapshot"": ""2026-10-07"", ""admission"": ""pending"", ""admission_reason"": ""Quantity, context, source lineage and assay comprehensiveness require review"", ""policy_version"": 1, ""as_of"": ""2026-10-07"", ""status"": ""pending_scope_review"", ""age_years"": null, ""citations_per_year"": null, ""recency_factor"": null, ""comprehensiveness_factor"": null, ""score"": null, ""gap"": ""publication_id, first_publication_date, citations"", ""metadata_status"": ""metadata_incomplete"", ""diagnostic_score"": null, ""source_id"": ""plasmodb_pf3d7_exportpred"", ""pattern"": ""export_pred_tier"", ""coverage_basis"": ""installed stored-value fraction; assay completeness unverified""}, {""dataset_id"": ""plasmodb_pf3d7_exportpred:is_exported"", ""scope"": ""Pf_export_pexel_trafficking"", ""publication_id"": """", ""first_publication_date"": """", ""citations"": null, ""comprehensiveness"": 1.0, ""citation_provider"": ""Europe PMC"", ""citation_snapshot"": ""2026-10-07"", ""admission"": ""pending"", ""admission_reason"": ""Quantity, context, source lineage and assay comprehensiveness require review"", ""policy_version"": 1, ""as_of"": ""2026-10-07"", ""status"": ""pending_scope_review"", ""age_years"": null, ""citations_per_year"": null, ""recency_factor"": null, ""comprehensiveness_factor"": null, ""score"": null, ""gap"": ""publication_id, first_publication_date, citations"", ""metadata_status"": ""metadata_incomplete"", ""diagnostic_score"": null, ""source_id"": ""plasmodb_pf3d7_exportpred"", ""pattern"": ""is_exported"", ""coverage_basis"": ""installed stored-value fraction; assay completeness unverified""}]"
Pf_host_receptor_binding,Pf,host receptor binding,"endothelium, erythrocyte",gene,separate,[],0,0,,,False,0,,,False,source/assay review required; no automatic promotion,[]
Pf_field_variation_and_resistance_markers,Pf,field variation and resistance markers,clinical isolates,gene,one,"[""field_pnps_adj""]",4,0,,,False,4,pf_field_variation,field_variant_fraction,True,source/assay review required; no automatic promotion,"[{""dataset_id"": ""pf_field_variation:field_pnps_adj"", ""scope"": ""Pf_field_variation_and_resistance_markers"", ""publication_id"": ""MED:42218142"", ""first_publication_date"": ""2026-05-30"", ""citations"": 7, ""comprehensiveness"": 0.7486013986013986, ""citation_provider"": ""Europe PMC"", ""citation_snapshot"": ""2026-10-07"", ""admission"": ""pending"", ""admission_reason"": ""Quantity, context, source lineage and assay comprehensiveness require review"", ""policy_version"": 1, ""as_of"": ""2026-10-07"", ""status"": ""pending_scope_review"", ""age_years"": 0.355927910908506, ""citations_per_year"": 19.666903846153847, ""recency_factor"": 1.093128904543661, ""comprehensiveness_factor"": 1.1871503496503497, ""score"": null, ""gap"": """", ""metadata_status"": ""ranked"", ""diagnostic_score"": 25.521905560894545, ""source_id"": ""pf_field_variation"", ""pattern"": ""field_pnps_adj"", ""coverage_basis"": ""installed stored-value fraction; assay completeness unverified""}, {""dataset_id"": ""pf_field_variation:field_variant_fraction"", ""scope"": ""Pf_field_variation_and_resistance_markers"", ""publication_id"": ""MED:42218142"", ""first_publication_date"": ""2026-05-30"", ""citations"": 7, ""comprehensiveness"": 0.7538461538461538, ""citation_provider"": ""Europe PMC"", ""citation_snapshot"": ""2026-10-07"", ""admission"": ""pending"", ""admission_reason"": ""Quantity, context, source lineage and assay comprehensiveness require review"", ""policy_version"": 1, ""as_of"": ""2026-10-07"", ""status"": ""pending_scope_review"", ""age_years"": 0.355927910908506, ""citations_per_year"": 19.666903846153847, ""recency_factor"": 1.093128904543661, ""comprehensiveness_factor"": 1.1884615384615385, ""score"": null, ""gap"": """", ""metadata_status"": ""ranked"", ""diagnostic_score"": 25.550094102490405, ""source_id"": ""pf_field_variation"", ""pattern"": ""field_variant_fraction"", ""coverage_basis"": ""installed stored-value fraction; assay completeness unverified""}, {""dataset_id"": ""pf_resistome:pf6_field_dnds"", ""scope"": ""Pf_field_variation_and_resistance_markers"", ""publication_id"": ""MED:39607932"", ""first_publication_date"": ""2024-11-29"", ""citations"": 29, ""comprehensiveness"": 0.862062937062937, ""citation_provider"": ""Europe PMC"", ""citation_snapshot"": ""2026-10-07"", ""admission"": ""pending"", ""admission_reason"": ""Quantity, context, source lineage and assay comprehensiveness require review"", ""policy_version"": 1, ""as_of"": ""2026-10-07"", ""status"": ""pending_scope_review"", ""age_years"": 1.8535630437312196, ""citations_per_year"": 15.64554283604136, ""recency_factor"": 1.0690242282651683, ""comprehensiveness_factor"": 1.2155157342657343, ""score"": null, ""gap"": """", ""metadata_status"": ""ranked"", ""diagnostic_score"": 20.33006508772658, ""source_id"": ""pf_resistome"", ""pattern"": ""pf6_field_dnds"", ""coverage_basis"": ""installed stored-value fraction; assay completeness unverified""}, {""dataset_id"": ""pf_resistome:pf6_field_nonsyn_snvs"", ""scope"": ""Pf_field_variation_and_resistance_markers"", ""publication_id"": ""MED:39607932"", ""first_publication_date"": ""2024-11-29"", ""citations"": 29, ""comprehensiveness"": 0.8638111888111888, ""citation_provider"": ""Europe PMC"", ""citation_snapshot"": ""2026-10-07"", ""admission"": ""pending"", ""admission_reason"": ""Quantity, context, source lineage and assay comprehensiveness require review"", ""policy_version"": 1, ""as_of"": ""2026-10-07"", ""status"": ""pending_scope_review"", ""age_years"": 1.8535630437312196, ""citations_per_year"": 15.64554283604136, ""recency_factor"": 1.0690242282651683, ""comprehensiveness_factor"": 1.2159527972027973, ""score"": null, ""gap"": """", ""metadata_status"": ""ranked"", ""diagnostic_score"": 20.337375168301794, ""source_id"": ""pf_resistome"", ""pattern"": ""pf6_field_nonsyn_snvs"", ""coverage_basis"": ""installed stored-value fraction; assay completeness unverified""}]"
Pf_localization_schizont,Pf,localization · schizont,"late schizont, hyperLOPIT",gene,one,"[""lopit_pf_svm_score""]",1,0,,,False,1,pf_spatial_proteome,lopit_pf_svm_score,False,source/assay review required; no automatic promotion,"[{""dataset_id"": ""pf_spatial_proteome:lopit_pf_svm_score"", ""scope"": ""Pf_localization_schizont"", ""publication_id"": ""MED:42218142"", ""first_publication_date"": ""2026-05-30"", ""citations"": 7, ""comprehensiveness"": 0.5244755244755245, ""citation_provider"": ""Europe PMC"", ""citation_snapshot"": ""2026-10-07"", ""admission"": ""pending"", ""admission_reason"": ""Quantity, context, source lineage and assay comprehensiveness require review"", ""policy_version"": 1, ""as_of"": ""2026-10-07"", ""status"": ""pending_scope_review"", ""age_years"": 0.355927910908506, ""citations_per_year"": 19.666903846153847, ""recency_factor"": 1.093128904543661, ""comprehensiveness_factor"": 1.131118881118881, ""score"": null, ""gap"": """", ""metadata_status"": ""ranked"", ""diagnostic_score"": 24.31731521669799, ""source_id"": ""pf_spatial_proteome"", ""pattern"": ""lopit_pf_svm_score"", ""coverage_basis"": ""installed stored-value fraction; assay completeness unverified""}]"
Pf_chaperone_dependence,Pf,chaperone dependence,"Hsp90 inhibition, two scaffolds",gene,one,"[""hsp90_dependent""]",1,0,,,False,1,pf_hsp90_chemoproteome,hsp90_dependent,False,source/assay review required; no automatic promotion,"[{""dataset_id"": ""pf_hsp90_chemoproteome:hsp90_dependent"", ""scope"": ""Pf_chaperone_dependence"", ""publication_id"": ""PPR:PPR1308938"", ""first_publication_date"": ""2026-08-31"", ""citations"": 0, ""comprehensiveness"": 0.5330419580419581, ""citation_provider"": ""Europe PMC"", ""citation_snapshot"": ""2026-10-07"", ""admission"": ""pending"", ""admission_reason"": ""Quantity, context, source lineage and assay comprehensiveness require review"", ""policy_version"": 1, ""as_of"": ""2026-10-07"", ""status"": ""pending_scope_review"", ""age_years"": 0.10130255925857479, ""citations_per_year"": 0.0, ""recency_factor"": 1.0979943353193726, ""comprehensiveness_factor"": 1.1332604895104894, ""score"": null, ""gap"": """", ""metadata_status"": ""ranked"", ""diagnostic_score"": 0.0, ""source_id"": ""pf_hsp90_chemoproteome"", ""pattern"": ""hsp90_dependent"", ""coverage_basis"": ""installed stored-value fraction; assay completeness unverified""}]"
Pf_rna_dependence_of_complexes,Pf,RNA dependence of complexes,sucrose gradient with and without RNase,gene,one,"[""rna_dependent""]",2,0,,,False,2,pf_rna_dependence,rna_dependent,False,source/assay review required; no automatic promotion,"[{""dataset_id"": ""pf_rna_dependence:rna_dependent"", ""scope"": ""Pf_rna_dependence_of_complexes"", ""publication_id"": ""MED:38355719"", ""first_publication_date"": ""2024-02-14"", ""citations"": 10, ""comprehensiveness"": 0.6417832167832168, ""citation_provider"": ""Europe PMC"", ""citation_snapshot"": ""2026-10-07"", ""admission"": ""pending"", ""admission_reason"": ""Quantity, context, source lineage and assay comprehensiveness require review"", ""policy_version"": 1, ""as_of"": ""2026-10-07"", ""status"": ""pending_scope_review"", ""age_years"": 2.6448181687508985, ""citations_per_year"": 3.7809782608695652, ""recency_factor"": 1.0589215296209689, ""comprehensiveness_factor"": 1.1604458041958041, ""score"": null, ""gap"": """", ""metadata_status"": ""ranked"", ""diagnostic_score"": 4.646145661505369, ""source_id"": ""pf_rna_dependence"", ""pattern"": ""rna_dependent"", ""coverage_basis"": ""installed stored-value fraction; assay completeness unverified""}, {""dataset_id"": ""pf_rna_dependence:rna_dependence_qvalue"", ""scope"": ""Pf_rna_dependence_of_complexes"", ""publication_id"": ""MED:38355719"", ""first_publication_date"": ""2024-02-14"", ""citations"": 10, ""comprehensiveness"": 0.6417832167832168, ""citation_provider"": ""Europe PMC"", ""citation_snapshot"": ""2026-10-07"", ""admission"": ""pending"", ""admission_reason"": ""Quantity, context, source lineage and assay comprehensiveness require review"", ""policy_version"": 1, ""as_of"": ""2026-10-07"", ""status"": ""pending_scope_review"", ""age_years"": 2.6448181687508985, ""citations_per_year"": 3.7809782608695652, ""recency_factor"": 1.0589215296209689, ""comprehensiveness_factor"": 1.1604458041958041, ""score"": null, ""gap"": """", ""metadata_status"": ""ranked"", ""diagnostic_score"": 4.646145661505369, ""source_id"": ""pf_rna_dependence"", ""pattern"": ""rna_dependence_qvalue"", ""coverage_basis"": ""installed stored-value fraction; assay completeness unverified""}]"
Pf_transcription_rate_asexual_blood_stage,Pf,transcription rate · asexual blood stage,"4-thiouracil labelling, hourly",gene,one,"[""transcription_rate_4tu""]",1,0,,,False,1,pf_mrna_dynamics,transcription_rate_4tu,False,source/assay review required; no automatic promotion,"[{""dataset_id"": ""pf_mrna_dynamics:transcription_rate_4tu"", ""scope"": ""Pf_transcription_rate_asexual_blood_stage"", ""publication_id"": ""MED:29985403"", ""first_publication_date"": ""2018-07-09"", ""citations"": 96, ""comprehensiveness"": 0.762937062937063, ""citation_provider"": ""Europe PMC"", ""citation_snapshot"": ""2026-10-07"", ""admission"": ""pending"", ""admission_reason"": ""Quantity, context, source lineage and assay comprehensiveness require review"", ""policy_version"": 1, ""as_of"": ""2026-10-07"", ""status"": ""pending_scope_review"", ""age_years"": 8.246575905049385, ""citations_per_year"": 11.641195219123507, ""recency_factor"": 1.019218147308901, ""comprehensiveness_factor"": 1.1907342657342657, ""score"": null, ""gap"": """", ""metadata_status"": ""ranked"", ""diagnostic_score"": 14.127963736502704, ""source_id"": ""pf_mrna_dynamics"", ""pattern"": ""transcription_rate_4tu"", ""coverage_basis"": ""installed stored-value fraction; assay completeness unverified""}]"
Pf_protein_abundance_sexually_committed,Pf,protein abundance · sexually committed,MSRP1-sorted committed parasites,gene,one,"[""committed_vs_asexual_log2fc""]",2,0,,,False,2,pf_committed_proteome,committed_vs_asexual_log2fc,False,source/assay review required; no automatic promotion,"[{""dataset_id"": ""pf_committed_proteome:committed_vs_asexual_log2fc"", ""scope"": ""Pf_protein_abundance_sexually_committed"", ""publication_id"": ""MED:41482054"", ""first_publication_date"": ""2025-12-31"", ""citations"": 2, ""comprehensiveness"": 0.3409090909090909, ""citation_provider"": ""Europe PMC"", ""citation_snapshot"": ""2026-10-07"", ""admission"": ""pending"", ""admission_reason"": ""Quantity, context, source lineage and assay comprehensiveness require review"", ""policy_version"": 1, ""as_of"": ""2026-10-07"", ""status"": ""pending_scope_review"", ""age_years"": 0.7666139619567821, ""citations_per_year"": 2.6088750000000003, ""recency_factor"": 1.0857852768767968, ""comprehensiveness_factor"": 1.0852272727272727, ""score"": null, ""gap"": """", ""metadata_status"": ""ranked"", ""diagnostic_score"": 3.0740994901391088, ""source_id"": ""pf_committed_proteome"", ""pattern"": ""committed_vs_asexual_log2fc"", ""coverage_basis"": ""installed stored-value fraction; assay completeness unverified""}, {""dataset_id"": ""pf_committed_proteome:committed_vs_asexual_fdr"", ""scope"": ""Pf_protein_abundance_sexually_committed"", ""publication_id"": ""MED:41482054"", ""first_publication_date"": ""2025-12-31"", ""citations"": 2, ""comprehensiveness"": 0.3409090909090909, ""citation_provider"": ""Europe PMC"", ""citation_snapshot"": ""2026-10-07"", ""admission"": ""pending"", ""admission_reason"": ""Quantity, context, source lineage and assay comprehensiveness require review"", ""policy_version"": 1, ""as_of"": ""2026-10-07"", ""status"": ""pending_scope_review"", ""age_years"": 0.7666139619567821, ""citations_per_year"": 2.6088750000000003, ""recency_factor"": 1.0857852768767968, ""comprehensiveness_factor"": 1.0852272727272727, ""score"": null, ""gap"": """", ""metadata_status"": ""ranked"", ""diagnostic_score"": 3.0740994901391088, ""source_id"": ""pf_committed_proteome"", ""pattern"": ""committed_vs_asexual_fdr"", ""coverage_basis"": ""installed stored-value fraction; assay completeness unverified""}]"
Pf_between_species_selection_dn_ds,Pf,between-species selection (dN/dS),Laverania and Plasmodium orthologs,gene,separate,[],2,0,,,False,2,pf_field_variation,dnds_laverania,False,source/assay review required; no automatic promotion,"[{""dataset_id"": ""pf_field_variation:dnds_laverania"", ""scope"": ""Pf_between_species_selection_dn_ds"", ""publication_id"": ""MED:42218142"", ""first_publication_date"": ""2026-05-30"", ""citations"": 7, ""comprehensiveness"": 0.9146853146853147, ""citation_provider"": ""Europe PMC"", ""citation_snapshot"": ""2026-10-07"", ""admission"": ""pending"", ""admission_reason"": ""Quantity, context, source lineage and assay comprehensiveness require review"", ""policy_version"": 1, ""as_of"": ""2026-10-07"", ""status"": ""pending_scope_review"", ""age_years"": 0.355927910908506, ""citations_per_year"": 19.666903846153847, ""recency_factor"": 1.093128904543661, ""comprehensiveness_factor"": 1.2286713286713287, ""score"": null, ""gap"": """", ""metadata_status"": ""ranked"", ""diagnostic_score"": 26.41454271143021, ""source_id"": ""pf_field_variation"", ""pattern"": ""dnds_laverania"", ""coverage_basis"": ""installed stored-value fraction; assay completeness unverified""}, {""dataset_id"": ""pf_field_variation:dnds_plasmodium"", ""scope"": ""Pf_between_species_selection_dn_ds"", ""publication_id"": ""MED:42218142"", ""first_publication_date"": ""2026-05-30"", ""citations"": 7, ""comprehensiveness"": 0.8284965034965035, ""citation_provider"": ""Europe PMC"", ""citation_snapshot"": ""2026-10-07"", ""admission"": ""pending"", ""admission_reason"": ""Quantity, context, source lineage and assay comprehensiveness require review"", ""policy_version"": 1, ""as_of"": ""2026-10-07"", ""status"": ""pending_scope_review"", ""age_years"": 0.355927910908506, ""citations_per_year"": 19.666903846153847, ""recency_factor"": 1.093128904543661, ""comprehensiveness_factor"": 1.2071241258741259, ""score"": null, ""gap"": """", ""metadata_status"": ""ranked"", ""diagnostic_score"": 25.951311011204858, ""source_id"": ""pf_field_variation"", ""pattern"": ""dnds_plasmodium"", ""coverage_basis"": ""installed stored-value fraction; assay completeness unverified""}]"
Pf_host_proteome_human_erythrocyte,Pf,host proteome · human erythrocyte,human erythrocyte; asexual blood stage and merozoite,host_gene,average,[],2,0,,,False,2,host_erythrocyte_proteome,rbc_membrane_psms,False,source/assay review required; no automatic promotion,"[{""dataset_id"": ""host_erythrocyte_proteome:rbc_membrane_psms"", ""scope"": ""Pf_host_proteome_human_erythrocyte"", ""publication_id"": ""MED:41654503"", ""first_publication_date"": ""2026-02-07"", ""citations"": 3, ""comprehensiveness"": 0.2275954071180142, ""citation_provider"": ""Europe PMC"", ""citation_snapshot"": ""2026-10-07"", ""admission"": ""pending"", ""admission_reason"": ""Quantity, context, source lineage and assay comprehensiveness require review"", ""policy_version"": 1, ""as_of"": ""2026-10-07"", ""status"": ""pending_scope_review"", ""age_years"": 0.6625734956912188, ""citations_per_year"": 4.52779958677686, ""recency_factor"": 1.0875890059182511, ""comprehensiveness_factor"": 1.0568988517795035, ""score"": null, ""gap"": """", ""metadata_status"": ""ranked"", ""diagnostic_score"": 5.20457690673475, ""source_id"": ""host_erythrocyte_proteome"", ""pattern"": ""rbc_membrane_psms"", ""coverage_basis"": ""installed stored-value fraction; assay completeness unverified""}, {""dataset_id"": ""host_erythrocyte_proteome:rbc_cytoplasm_psms"", ""scope"": ""Pf_host_proteome_human_erythrocyte"", ""publication_id"": ""MED:41654503"", ""first_publication_date"": ""2026-02-07"", ""citations"": 3, ""comprehensiveness"": 0.11196340940492638, ""citation_provider"": ""Europe PMC"", ""citation_snapshot"": ""2026-10-07"", ""admission"": ""pending"", ""admission_reason"": ""Quantity, context, source lineage and assay comprehensiveness require review"", ""policy_version"": 1, ""as_of"": ""2026-10-07"", ""status"": ""pending_scope_review"", ""age_years"": 0.6625734956912188, ""citations_per_year"": 4.52779958677686, ""recency_factor"": 1.0875890059182511, ""comprehensiveness_factor"": 1.0279908523512316, ""score"": null, ""gap"": """", ""metadata_status"": ""ranked"", ""diagnostic_score"": 5.062222786479093, ""source_id"": ""host_erythrocyte_proteome"", ""pattern"": ""rbc_cytoplasm_psms"", ""coverage_basis"": ""installed stored-value fraction; assay completeness unverified""}]"
Pf_host_transcriptome_human_erythrocyte,Pf,host transcriptome · human erythrocyte,human erythrocyte; asexual blood stage and merozoite,host_gene,average,[],0,0,,,False,0,,,False,source/assay review required; no automatic promotion,[]
Pf_host_surface_receptor_repertoire_human_erythrocyte,Pf,host surface / receptor repertoire · human erythrocyte,human erythrocyte; asexual blood stage and merozoite,host_gene,fill,[],4,0,,,False,4,host_erythrocyte_surface,rbc_surface_copies_uk,False,source/assay review required; no automatic promotion,"[{""dataset_id"": ""host_erythrocyte_surface:rbc_surface_copies_uk"", ""scope"": ""Pf_host_surface_receptor_repertoire_human_erythrocyte"", ""publication_id"": ""MED:31552303"", ""first_publication_date"": ""2019-09-20"", ""citations"": 31, ""comprehensiveness"": 0.012720949068559721, ""citation_provider"": ""Europe PMC"", ""citation_snapshot"": ""2026-10-07"", ""admission"": ""pending"", ""admission_reason"": ""Quantity, context, source lineage and assay comprehensiveness require review"", ""policy_version"": 1, ""as_of"": ""2026-10-07"", ""status"": ""pending_scope_review"", ""age_years"": 7.047372635988419, ""citations_per_year"": 4.398802447552447, ""recency_factor"": 1.0244271607521132, ""comprehensiveness_factor"": 1.00318023726714, ""score"": null, ""gap"": """", ""metadata_status"": ""ranked"", ""diagnostic_score"": 4.520583654833827, ""source_id"": ""host_erythrocyte_surface"", ""pattern"": ""rbc_surface_copies_uk"", ""coverage_basis"": ""installed stored-value fraction; assay completeness unverified""}, {""dataset_id"": ""host_erythrocyte_surface:rbc_surface_copies_senegal"", ""scope"": ""Pf_host_surface_receptor_repertoire_human_erythrocyte"", ""publication_id"": ""MED:31552303"", ""first_publication_date"": ""2019-09-20"", ""citations"": 31, ""comprehensiveness"": 0.012720949068559721, ""citation_provider"": ""Europe PMC"", ""citation_snapshot"": ""2026-10-07"", ""admission"": ""pending"", ""admission_reason"": ""Quantity, context, source lineage and assay comprehensiveness require review"", ""policy_version"": 1, ""as_of"": ""2026-10-07"", ""status"": ""pending_scope_review"", ""age_years"": 7.047372635988419, ""citations_per_year"": 4.398802447552447, ""recency_factor"": 1.0244271607521132, ""comprehensiveness_factor"": 1.00318023726714, ""score"": null, ""gap"": """", ""metadata_status"": ""ranked"", ""diagnostic_score"": 4.520583654833827, ""source_id"": ""host_erythrocyte_surface"", ""pattern"": ""rbc_surface_copies_senegal"", ""coverage_basis"": ""installed stored-value fraction; assay completeness unverified""}, {""dataset_id"": ""host_erythrocyte_surface:rbc_surface_found_uk"", ""scope"": ""Pf_host_surface_receptor_repertoire_human_erythrocyte"", ""publication_id"": ""MED:31552303"", ""first_publication_date"": ""2019-09-20"", ""citations"": 31, ""comprehensiveness"": 0.012720949068559721, ""citation_provider"": ""Europe PMC"", ""citation_snapshot"": ""2026-10-07"", ""admission"": ""pending"", ""admission_reason"": ""Quantity, context, source lineage and assay comprehensiveness require review"", ""policy_version"": 1, ""as_of"": ""2026-10-07"", ""status"": ""pending_scope_review"", ""age_years"": 7.047372635988419, ""citations_per_year"": 4.398802447552447, ""recency_factor"": 1.0244271607521132, ""comprehensiveness_factor"": 1.00318023726714, ""score"": null, ""gap"": """", ""metadata_status"": ""ranked"", ""diagnostic_score"": 4.520583654833827, ""source_id"": ""host_erythrocyte_surface"", ""pattern"": ""rbc_surface_found_uk"", ""coverage_basis"": ""installed stored-value fraction; assay completeness unverified""}, {""dataset_id"": ""host_erythrocyte_surface:rbc_surface_found_senegal"", ""scope"": ""Pf_host_surface_receptor_repertoire_human_erythrocyte"", ""publication_id"": ""MED:31552303"", ""first_publication_date"": ""2019-09-20"", ""citations"": 31, ""comprehensiveness"": 0.012720949068559721, ""citation_provider"": ""Europe PMC"", ""citation_snapshot"": ""2026-10-07"", ""admission"": ""pending"", ""admission_reason"": ""Quantity, context, source lineage and assay comprehensiveness require review"", ""policy_version"": 1, ""as_of"": ""2026-10-07"", ""status"": ""pending_scope_review"", ""age_years"": 7.047372635988419, ""citations_per_year"": 4.398802447552447, ""recency_factor"": 1.0244271607521132, ""comprehensiveness_factor"": 1.00318023726714, ""score"": null, ""gap"": """", ""metadata_status"": ""ranked"", ""diagnostic_score"": 4.520583654833827, ""source_id"": ""host_erythrocyte_surface"", ""pattern"": ""rbc_surface_found_senegal"", ""coverage_basis"": ""installed stored-value fraction; assay completeness unverified""}]"
Pf_host_response_to_infection_human_erythrocyte,Pf,host response to infection · human erythrocyte,human erythrocyte; asexual blood stage and merozoite,host_gene,separate,[],0,0,,,False,0,,,False,source/assay review required; no automatic promotion,[]
Pf_host_proteome_human_bone_marrow,Pf,host proteome · human bone marrow,"human bone marrow; gametocyte, sequestered",host_gene,average,[],0,0,,,False,0,,,False,source/assay review required; no automatic promotion,[]
Pf_host_transcriptome_human_bone_marrow,Pf,host transcriptome · human bone marrow,"human bone marrow; gametocyte, sequestered",host_gene,average,[],0,0,,,False,0,,,False,source/assay review required; no automatic promotion,[]
Pf_host_surface_receptor_repertoire_human_bone_marrow,Pf,host surface / receptor repertoire · human bone marrow,"human bone marrow; gametocyte, sequestered",host_gene,fill,[],0,0,,,False,0,,,False,source/assay review required; no automatic promotion,[]
Pf_host_response_to_infection_human_bone_marrow,Pf,host response to infection · human bone marrow,"human bone marrow; gametocyte, sequestered",host_gene,separate,[],0,0,,,False,0,,,False,source/assay review required; no automatic promotion,[]
Pf_host_proteome_human_hepatocyte,Pf,host proteome · human hepatocyte,human hepatocyte; liver stage and hypnozoite,host_gene,average,[],0,0,,,False,0,,,False,source/assay review required; no automatic promotion,[]
Pf_host_transcriptome_human_hepatocyte,Pf,host transcriptome · human hepatocyte,human hepatocyte; liver stage and hypnozoite,host_gene,average,[],1,0,,,False,1,host_gtex_transcriptome,hepatocyte_tpm,False,source/assay review required; no automatic promotion,"[{""dataset_id"": ""host_gtex_transcriptome:hepatocyte_tpm"", ""scope"": ""Pf_host_transcriptome_human_hepatocyte"", ""publication_id"": ""MED:32913098"", ""first_publication_date"": ""2020-09-01"", ""citations"": 5426, ""comprehensiveness"": 0.9093811043880128, ""citation_provider"": ""Europe PMC"", ""citation_snapshot"": ""2026-10-07"", ""admission"": ""pending"", ""admission_reason"": ""Quantity, context, source lineage and assay comprehensiveness require review"", ""policy_version"": 1, ""as_of"": ""2026-10-07"", ""status"": ""pending_scope_review"", ""age_years"": 6.097318904563406, ""citations_per_year"": 889.8993286933095, ""recency_factor"": 1.0295388517426158, ""comprehensiveness_factor"": 1.2273452760970032, ""score"": null, ""gap"": """", ""metadata_status"": ""ranked"", ""diagnostic_score"": 1124.4764769302017, ""source_id"": ""host_gtex_transcriptome"", ""pattern"": ""hepatocyte_tpm"", ""coverage_basis"": ""installed stored-value fraction; assay completeness unverified""}]"
Pf_host_surface_receptor_repertoire_human_hepatocyte,Pf,host surface / receptor repertoire · human hepatocyte,human hepatocyte; liver stage and hypnozoite,host_gene,fill,[],0,0,,,False,0,,,False,source/assay review required; no automatic promotion,[]
Pf_host_response_to_infection_human_hepatocyte,Pf,host response to infection · human hepatocyte,human hepatocyte; liver stage and hypnozoite,host_gene,separate,[],2,0,,,False,2,host_hepatocyte_pf_infection,hepatocyte_pf_infection_log2fc,False,source/assay review required; no automatic promotion,"[{""dataset_id"": ""host_hepatocyte_pf_infection:hepatocyte_pf_infection_log2fc"", ""scope"": ""Pf_host_response_to_infection_human_hepatocyte"", ""publication_id"": ""MED:41428747"", ""first_publication_date"": ""2025-12-22"", ""citations"": 1, ""comprehensiveness"": 0.597932250226309, ""citation_provider"": ""Europe PMC"", ""citation_snapshot"": ""2026-10-07"", ""admission"": ""pending"", ""admission_reason"": ""Quantity, context, source lineage and assay comprehensiveness require review"", ""policy_version"": 1, ""as_of"": ""2026-10-07"", ""status"": ""pending_scope_review"", ""age_years"": 0.7912551250196787, ""citations_per_year"": 1.2638148788927337, ""recency_factor"": 1.0853635471223406, ""comprehensiveness_factor"": 1.1494830625565773, ""score"": null, ""gap"": """", ""metadata_status"": ""ranked"", ""diagnostic_score"": 1.5767443074728014, ""source_id"": ""host_hepatocyte_pf_infection"", ""pattern"": ""hepatocyte_pf_infection_log2fc"", ""coverage_basis"": ""installed stored-value fraction; assay completeness unverified""}, {""dataset_id"": ""host_hepatocyte_pf_infection:hepatocyte_pf_infection_padj"", ""scope"": ""Pf_host_response_to_infection_human_hepatocyte"", ""publication_id"": ""MED:41428747"", ""first_publication_date"": ""2025-12-22"", ""citations"": 1, ""comprehensiveness"": 0.597932250226309, ""citation_provider"": ""Europe PMC"", ""citation_snapshot"": ""2026-10-07"", ""admission"": ""pending"", ""admission_reason"": ""Quantity, context, source lineage and assay comprehensiveness require review"", ""policy_version"": 1, ""as_of"": ""2026-10-07"", ""status"": ""pending_scope_review"", ""age_years"": 0.7912551250196787, ""citations_per_year"": 1.2638148788927337, ""recency_factor"": 1.0853635471223406, ""comprehensiveness_factor"": 1.1494830625565773, ""score"": null, ""gap"": """", ""metadata_status"": ""ranked"", ""diagnostic_score"": 1.5767443074728014, ""source_id"": ""host_hepatocyte_pf_infection"", ""pattern"": ""hepatocyte_pf_infection_padj"", ""coverage_basis"": ""installed stored-value fraction; assay completeness unverified""}]"
Pf_host_proteome_human_dermis,Pf,host proteome · human dermis,"human dermis; sporozoite, after the bite",host_gene,average,[],0,0,,,False,0,,,False,source/assay review required; no automatic promotion,[]
Pf_host_transcriptome_human_dermis,Pf,host transcriptome · human dermis,"human dermis; sporozoite, after the bite",host_gene,average,[],0,0,,,False,0,,,False,source/assay review required; no automatic promotion,[]
Pf_host_surface_receptor_repertoire_human_dermis,Pf,host surface / receptor repertoire · human dermis,"human dermis; sporozoite, after the bite",host_gene,fill,[],0,0,,,False,0,,,False,source/assay review required; no automatic promotion,[]
Pf_host_response_to_infection_human_dermis,Pf,host response to infection · human dermis,"human dermis; sporozoite, after the bite",host_gene,separate,[],0,0,,,False,0,,,False,source/assay review required; no automatic promotion,[]
Pf_host_proteome_anopheles_midgut,Pf,host proteome · Anopheles midgut,Anopheles midgut; ookinete and oocyst,host_gene,average,[],0,0,,,False,0,,,False,source/assay review required; no automatic promotion,[]
Pf_host_transcriptome_anopheles_midgut,Pf,host transcriptome · Anopheles midgut,Anopheles midgut; ookinete and oocyst,host_gene,average,[],0,0,,,False,0,,,False,source/assay review required; no automatic promotion,[]
Pf_host_surface_receptor_repertoire_anopheles_midgut,Pf,host surface / receptor repertoire · Anopheles midgut,Anopheles midgut; ookinete and oocyst,host_gene,fill,[],0,0,,,False,0,,,False,source/assay review required; no automatic promotion,[]
Pf_host_response_to_infection_anopheles_midgut,Pf,host response to infection · Anopheles midgut,Anopheles midgut; ookinete and oocyst,host_gene,separate,[],0,0,,,False,0,,,False,source/assay review required; no automatic promotion,[]
Pf_host_proteome_anopheles_salivary_gland,Pf,host proteome · Anopheles salivary gland,"Anopheles salivary gland; sporozoite, before the bite",host_gene,average,[],0,0,,,False,0,,,False,source/assay review required; no automatic promotion,[]
Pf_host_transcriptome_anopheles_salivary_gland,Pf,host transcriptome · Anopheles salivary gland,"Anopheles salivary gland; sporozoite, before the bite",host_gene,average,[],0,0,,,False,0,,,False,source/assay review required; no automatic promotion,[]
Pf_host_surface_receptor_repertoire_anopheles_salivary_gland,Pf,host surface / receptor repertoire · Anopheles salivary gland,"Anopheles salivary gland; sporozoite, before the bite",host_gene,fill,[],0,0,,,False,0,,,False,source/assay review required; no automatic promotion,[]
Pf_host_response_to_infection_anopheles_salivary_gland,Pf,host response to infection · Anopheles salivary gland,"Anopheles salivary gland; sporozoite, before the bite",host_gene,separate,[],0,0,,,False,0,,,False,source/assay review required; no automatic promotion,[]
