target,blocks,na_policy,scaling,n_neighbors,min_dist,min_cluster_size,seed,n_genes,n_features,n_clusters,noise_frac,mean_f1,best_f1,best_label,n_labels_scored,n_labels_recovered
cellcycle_phase,expression_summary+fitness_screens+published_screens,median,rank,15,0.25,60,42,3000,24,3,0.49966666666666665,0.4887174027000085,0.5409836065573771,C,3,2
cellcycle_phase,expression_summary+fitness_screens+published_screens,median,rank,50,0.25,25,42,3000,24,4,0.22866666666666666,0.4524885738106645,0.5134099616858238,C,4,1
cellcycle_phase,expression_raw+fitness_screens+protein_features,median,rank,50,0.25,25,42,3000,39,6,0.16466666666666666,0.441477306392958,0.527363184079602,S,4,1
cellcycle_phase,expression_summary+fitness_screens+published_screens,median,rank,50,0.25,60,42,3000,24,4,0.413,0.4396266450191624,0.5102040816326531,S,4,2
cellcycle_phase,expression_summary+expression_raw+protein_features,median,rank,15,0.25,60,42,3000,35,3,0.15033333333333335,0.4370787861307316,0.5327868852459017,S,4,1
cellcycle_phase,expression_raw+fitness_screens+protein_features,median,rank,50,0.25,60,42,3000,39,3,0.218,0.43542077785826694,0.5396825396825397,S,4,1
cellcycle_phase,expression_summary+expression_raw+protein_features,median,rank,50,0.25,60,42,3000,35,4,0.15533333333333332,0.4349879235145745,0.5083333333333334,S,4,1
cellcycle_phase,expression_raw+fitness_screens+published_screens,median,rank,50,0.25,60,42,3000,38,3,0.488,0.43424692558382394,0.45751633986928114,C,3,0
cellcycle_phase,expression_raw+fitness_screens+protein_features,median,rank,15,0.25,60,42,3000,39,3,0.21866666666666668,0.43191708353095937,0.5291005291005292,S,4,1
cellcycle_phase,expression_summary+expression_raw,median,rank,15,0.25,60,42,3000,22,4,0.30266666666666664,0.42719340270272277,0.47963800904977366,S,4,0
cellcycle_phase,expression_raw+fitness_screens+protein_features,median,rank,50,0.0,60,42,3000,39,4,0.11766666666666667,0.4206302426933486,0.4873096446700507,S,4,0
cellcycle_phase,expression_summary+fitness_screens,median,rank,15,0.25,60,42,3000,12,3,0.621,0.4205664959611425,0.453125,M,3,0
cellcycle_phase,expression_summary+expression_raw,median,rank,50,0.25,60,42,3000,22,4,0.24566666666666667,0.4182880648246394,0.47580645161290325,S,4,0
cellcycle_phase,expression_summary+fitness_screens+published_screens,median,rank,50,0.0,60,42,3000,24,5,0.2786666666666667,0.41738559461148234,0.5098039215686274,C,4,1
cellcycle_phase,expression_summary+fitness_screens+protein_features,median,rank,50,0.25,60,42,3000,25,3,0.356,0.41652268754753574,0.5132743362831858,S,4,1
cellcycle_phase,expression_summary+published_screens,median,rank,50,0.25,60,42,3000,16,6,0.537,0.41546992637519514,0.5309734513274337,C,3,1
cellcycle_phase,expression_summary+expression_raw+fitness_screens,median,rank,15,0.25,60,42,3000,30,2,0.4116666666666667,0.41211687276263875,0.5,S,4,1
cellcycle_phase,expression_summary+fitness_screens+protein_features,median,rank,50,0.25,25,42,3000,25,8,0.2856666666666667,0.41181765963711486,0.5,S,4,1
cellcycle_phase,expression_summary+fitness_screens+protein_features,median,rank,15,0.25,60,42,3000,25,4,0.294,0.4110858828851991,0.5333333333333333,S,4,1
cellcycle_phase,expression_summary+expression_raw+published_screens,median,rank,50,0.25,60,42,3000,34,2,0.196,0.4101202804193577,0.4545454545454545,S,4,0
cellcycle_phase,expression_summary+fitness_screens+protein_features,median,rank,15,0.0,25,42,3000,25,8,0.057,0.4100991547407712,0.5134099616858238,S,5,1
cellcycle_phase,expression_raw+protein_features,median,rank,15,0.25,60,42,3000,31,2,0.009,0.40895073115867714,0.5114503816793894,S,5,1
cellcycle_phase,expression_raw+fitness_screens+protein_features,median,rank,15,0.0,60,42,3000,39,3,0.029666666666666668,0.408618102404567,0.5095057034220533,S,5,1
cellcycle_phase,expression_summary+expression_raw+published_screens,median,rank,15,0.25,60,42,3000,34,4,0.493,0.40830690970250144,0.4459459459459459,S,4,0
cellcycle_phase,expression_summary,median,rank,50,0.25,60,42,3000,4,3,0.16366666666666665,0.407429915993573,0.4611111111111111,S,4,0
cellcycle_phase,expression_summary+expression_raw,median,rank,15,0.25,25,42,3000,22,6,0.139,0.4069859514958922,0.47590361445783136,S,4,0
cellcycle_phase,published_screens,median,rank,15,0.25,25,42,3000,12,2,0.0,0.4062093271750398,0.47174447174447176,S,5,0
cellcycle_phase,published_screens,median,rank,15,0.25,60,42,3000,12,2,0.0,0.4062093271750398,0.47174447174447176,S,5,0
cellcycle_phase,expression_summary+fitness_screens,median,rank,50,0.25,60,42,3000,12,2,0.47633333333333333,0.4053167743779346,0.4950495049504951,S,4,0
cellcycle_phase,expression_raw+protein_features,median,rank,50,0.25,60,42,3000,31,2,0.0003333333333333333,0.4050995783608119,0.5095057034220533,S,5,1
cellcycle_phase,expression_raw+protein_features,median,rank,50,0.25,25,42,3000,31,2,0.0,0.4050995783608119,0.5095057034220533,S,5,1
cellcycle_phase,published_screens,median,rank,15,0.0,25,42,3000,12,2,0.0,0.4050815260223175,0.46798029556650245,S,5,0
cellcycle_phase,published_screens,median,rank,50,0.25,60,42,3000,12,2,0.0,0.4050815260223175,0.46798029556650245,S,5,0
cellcycle_phase,published_screens,median,rank,15,0.0,60,42,3000,12,2,0.0,0.4050815260223175,0.46798029556650245,S,5,0
cellcycle_phase,published_screens,median,rank,50,0.25,25,42,3000,12,2,0.0,0.4050815260223175,0.46798029556650245,S,5,0
cellcycle_phase,published_screens,median,rank,50,0.0,60,42,3000,12,2,0.0,0.4050815260223175,0.46798029556650245,S,5,0
cellcycle_phase,published_screens,median,rank,50,0.0,25,42,3000,12,2,0.0,0.4050815260223175,0.46798029556650245,S,5,0
cellcycle_phase,fitness_screens+protein_features,median,rank,50,0.25,25,42,3000,21,2,0.0,0.4042660709269597,0.5056603773584906,S,5,1
cellcycle_phase,fitness_screens+protein_features,median,rank,50,0.0,60,42,3000,21,2,0.0,0.4042660709269597,0.5056603773584906,S,5,1
cellcycle_phase,fitness_screens+protein_features,median,rank,50,0.25,60,42,3000,21,2,0.0,0.4042660709269597,0.5056603773584906,S,5,1
cellcycle_phase,fitness_screens+protein_features,median,rank,15,0.25,60,42,3000,21,2,0.0,0.4042660709269597,0.5056603773584906,S,5,1
cellcycle_phase,fitness_screens+protein_features,median,rank,15,0.25,25,42,3000,21,2,0.0,0.4042660709269597,0.5056603773584906,S,5,1
cellcycle_phase,fitness_screens+protein_features,median,rank,50,0.0,25,42,3000,21,2,0.0,0.4042660709269597,0.5056603773584906,S,5,1
cellcycle_phase,fitness_screens+protein_features,median,rank,15,0.0,60,42,3000,21,4,0.01,0.4036196101527683,0.5056603773584906,S,5,1
cellcycle_phase,expression_summary+fitness_screens,median,rank,50,0.0,60,42,3000,12,2,0.166,0.40321220827875665,0.44999999999999996,S,4,0
cellcycle_phase,expression_raw+fitness_screens,median,rank,15,0.25,60,42,3000,26,2,0.41733333333333333,0.40277214334009465,0.4903846153846154,S,4,0
cellcycle_phase,expression_raw+fitness_screens+published_screens,median,rank,15,0.25,25,42,3000,38,3,0.08866666666666667,0.40176597562834243,0.45901639344262296,C,5,0
cellcycle_phase,expression_summary+fitness_screens+published_screens,median,rank,15,0.25,25,42,3000,24,4,0.12666666666666668,0.40056731599243145,0.46961325966850825,C,5,0
cellcycle_phase,expression_summary+expression_raw,median,rank,15,0.0,60,42,3000,22,4,0.1,0.3997692259618916,0.4733333333333333,S,5,0
cellcycle_phase,expression_raw+fitness_screens+published_screens,median,rank,15,0.25,60,42,3000,38,5,0.556,0.3986981789928237,0.4722222222222222,C,3,0
cellcycle_phase,expression_raw+fitness_screens+protein_features,median,rank,15,0.0,25,42,3000,39,5,0.015,0.39869659221732623,0.50187265917603,S,5,1
cellcycle_phase,expression_raw+fitness_screens,median,rank,50,0.25,60,42,3000,26,2,0.3863333333333333,0.39793098939839605,0.48214285714285715,S,4,0
cellcycle_phase,expression_raw+fitness_screens,median,rank,15,0.25,25,42,3000,26,4,0.35633333333333334,0.39570433089613916,0.48803827751196166,S,4,0
cellcycle_phase,fitness_screens+published_screens,median,rank,15,0.0,25,42,3000,20,2,0.0,0.39563460204072737,0.4682926829268293,S,5,0
cellcycle_phase,fitness_screens+published_screens,median,rank,15,0.0,60,42,3000,20,2,0.0,0.39563460204072737,0.4682926829268293,S,5,0
cellcycle_phase,fitness_screens+published_screens,median,rank,15,0.25,25,42,3000,20,2,0.0,0.39563460204072737,0.4682926829268293,S,5,0
cellcycle_phase,fitness_screens+published_screens,median,rank,15,0.25,60,42,3000,20,2,0.0,0.39563460204072737,0.4682926829268293,S,5,0
cellcycle_phase,expression_summary+fitness_screens+published_screens,median,rank,15,0.0,25,42,3000,24,3,0.0033333333333333335,0.3954091350122036,0.4671532846715329,S,5,0
cellcycle_phase,fitness_screens+published_screens,median,rank,50,0.0,25,42,3000,20,2,0.0,0.3953148830668965,0.46943765281173594,S,5,0
cellcycle_phase,fitness_screens+published_screens,median,rank,50,0.0,60,42,3000,20,2,0.0,0.3953148830668965,0.46943765281173594,S,5,0
cellcycle_phase,fitness_screens+published_screens,median,rank,50,0.25,60,42,3000,20,2,0.0,0.3953148830668965,0.46943765281173594,S,5,0
cellcycle_phase,fitness_screens+published_screens,median,rank,50,0.25,25,42,3000,20,2,0.0,0.3953148830668965,0.46943765281173594,S,5,0
cellcycle_phase,expression_summary+fitness_screens,median,rank,50,0.25,25,42,3000,12,5,0.3433333333333333,0.39531263210864775,0.46861924686192474,S,4,0
cellcycle_phase,expression_summary+published_screens,median,rank,15,0.25,25,42,3000,16,2,0.0,0.39458423954556243,0.46601941747572817,S,5,0
cellcycle_phase,expression_summary+published_screens,median,rank,15,0.0,25,42,3000,16,2,0.0,0.39458423954556243,0.46601941747572817,S,5,0
cellcycle_phase,fitness_screens+published_screens+protein_features,median,rank,15,0.25,25,42,3000,33,5,0.09066666666666667,0.3942287481979195,0.46696035242290757,S,5,0
cellcycle_phase,expression_summary+fitness_screens,median,rank,15,0.0,25,42,3000,12,2,0.0,0.3940928559589414,0.4622871046228711,S,5,0
cellcycle_phase,expression_summary+fitness_screens,median,rank,15,0.25,25,42,3000,12,2,0.0,0.3940928559589414,0.4622871046228711,S,5,0
cellcycle_phase,fitness_screens,median,rank,15,0.0,60,42,3000,8,2,0.0,0.3939419501575718,0.4682926829268293,S,5,0
cellcycle_phase,fitness_screens,median,rank,50,0.25,25,42,3000,8,2,0.0,0.3939419501575718,0.4682926829268293,S,5,0
cellcycle_phase,fitness_screens,median,rank,50,0.0,60,42,3000,8,2,0.0,0.3939419501575718,0.4682926829268293,S,5,0
cellcycle_phase,fitness_screens,median,rank,15,0.25,60,42,3000,8,2,0.0,0.3939419501575718,0.4682926829268293,S,5,0
cellcycle_phase,fitness_screens,median,rank,15,0.25,25,42,3000,8,2,0.0,0.3939419501575718,0.4682926829268293,S,5,0
cellcycle_phase,fitness_screens,median,rank,50,0.0,25,42,3000,8,2,0.0,0.3939419501575718,0.4682926829268293,S,5,0
cellcycle_phase,fitness_screens,median,rank,15,0.0,25,42,3000,8,2,0.0,0.3939419501575718,0.4682926829268293,S,5,0
cellcycle_phase,fitness_screens,median,rank,50,0.25,60,42,3000,8,2,0.0,0.3939419501575718,0.4682926829268293,S,5,0
cellcycle_phase,expression_summary+expression_raw,median,rank,50,0.25,25,42,3000,22,2,0.019,0.39384327522657236,0.46499999999999997,S,5,0
cellcycle_phase,expression_summary,median,rank,50,0.25,25,42,3000,4,2,0.0,0.39377058538293436,0.4634146341463415,S,5,0
cellcycle_phase,expression_summary,median,rank,50,0.0,25,42,3000,4,2,0.0,0.39377058538293436,0.4634146341463415,S,5,0
cellcycle_phase,expression_summary,median,rank,15,0.25,25,42,3000,4,2,0.0,0.39377058538293436,0.4634146341463415,S,5,0
cellcycle_phase,expression_raw+published_screens+protein_features,median,rank,15,0.25,25,42,3000,43,9,0.197,0.3936857677178187,0.47004608294930866,S,4,0
cellcycle_phase,expression_raw+interactions,median,rank,50,0.25,60,42,3000,22,2,0.0,0.39304057150677957,0.46766169154228854,S,5,0
cellcycle_phase,expression_raw+interactions,median,rank,50,0.25,25,42,3000,22,2,0.0,0.39304057150677957,0.46766169154228854,S,5,0
cellcycle_phase,expression_raw+interactions,median,rank,15,0.25,60,42,3000,22,2,0.0,0.39253348730673104,0.46384039900249374,S,5,0
cellcycle_phase,expression_summary+fitness_screens+published_screens,median,rank,15,0.0,60,42,3000,24,5,0.20366666666666666,0.3923424327807763,0.4787234042553192,C,4,0
cellcycle_phase,expression_raw,median,rank,15,0.25,60,42,3000,18,2,0.07466666666666667,0.3920869069252565,0.4751958224543081,S,5,0
cellcycle_phase,expression_summary,median,rank,50,0.0,60,42,3000,4,2,0.06133333333333333,0.3920571211135226,0.4666666666666667,S,5,0
cellcycle_phase,expression_summary+interactions,median,rank,50,0.25,60,42,3000,8,2,0.0,0.39188361457780335,0.4711779448621554,S,5,0
cellcycle_phase,expression_summary+expression_raw+fitness_screens,median,rank,15,0.25,25,42,3000,30,2,0.07366666666666667,0.3917638611547756,0.4526315789473684,S,5,0
cellcycle_phase,expression_summary+expression_raw,median,rank,50,0.0,60,42,3000,22,2,0.0,0.39137980440209347,0.4688279301745636,S,5,0
cellcycle_phase,expression_summary+expression_raw,median,rank,50,0.0,25,42,3000,22,3,0.0006666666666666666,0.39137980440209347,0.4688279301745636,S,5,0
cellcycle_phase,expression_raw,median,rank,50,0.25,60,42,3000,18,2,0.07733333333333334,0.39118953132847034,0.48563968668407315,S,5,0
cellcycle_phase,expression_raw,median,rank,50,0.0,60,42,3000,18,2,0.0,0.3910420251892009,0.47000000000000003,S,5,0
cellcycle_phase,expression_raw,median,rank,15,0.0,60,42,3000,18,2,0.0,0.3910420251892009,0.47000000000000003,S,5,0
cellcycle_phase,expression_raw,median,rank,50,0.0,25,42,3000,18,3,0.005,0.3910420251892009,0.47000000000000003,S,5,0
cellcycle_phase,expression_raw,median,rank,50,0.25,25,42,3000,18,3,0.021333333333333333,0.39061422512093974,0.47208121827411176,S,5,0
cellcycle_phase,expression_raw+fitness_screens+interactions,median,rank,50,0.25,60,42,3000,30,6,0.178,0.3904470207625126,0.49523809523809526,S,4,0
cellcycle_phase,expression_raw,median,rank,15,0.0,25,42,3000,18,4,0.0,0.3897877868232709,0.473551637279597,S,5,0
cellcycle_phase,expression_raw+published_screens,median,rank,15,0.0,60,42,3000,30,2,0.0,0.3897164716106655,0.4412811387900356,M,5,0
cellcycle_phase,expression_raw+published_screens,median,rank,50,0.25,60,42,3000,30,5,0.364,0.38945438474588806,0.4459459459459459,M,4,0
cellcycle_phase,expression_summary,median,rank,15,0.25,60,42,3000,4,2,0.21833333333333332,0.3892062428528992,0.4695652173913044,S,5,0
cellcycle_phase,expression_raw,median,rank,15,0.25,25,42,3000,18,4,0.029666666666666668,0.38889587360081757,0.476923076923077,S,5,0
cellcycle_phase,expression_raw+protein_features,median,rank,15,0.25,25,42,3000,31,13,0.13666666666666666,0.3888557764076593,0.5214007782101168,S,5,1
cellcycle_phase,published_screens+interactions,median,rank,15,0.25,25,42,3000,16,2,0.0,0.3880871290240806,0.45360824742268036,S,5,0
cellcycle_phase,published_screens+interactions,median,rank,15,0.25,60,42,3000,16,2,0.0,0.3880871290240806,0.45360824742268036,S,5,0
cellcycle_phase,expression_summary+fitness_screens+protein_features,median,rank,50,0.0,60,42,3000,25,4,0.075,0.38646318946938857,0.5081081081081081,S,5,1
cellcycle_phase,fitness_screens+published_screens+protein_features,median,rank,15,0.25,60,42,3000,33,2,0.017666666666666667,0.38622088504573354,0.4491525423728813,S,5,0
cellcycle_phase,expression_summary+expression_raw,median,rank,15,0.0,25,42,3000,22,5,0.007333333333333333,0.38585152462718,0.4619422572178478,S,5,0
cellcycle_phase,expression_summary+fitness_screens+protein_features,median,rank,50,0.0,25,42,3000,25,7,0.06133333333333333,0.3857775824284376,0.4761904761904762,S,5,0
cellcycle_phase,expression_summary+fitness_screens+interactions,median,rank,15,0.25,60,42,3000,16,4,0.13333333333333333,0.3854214728363212,0.4516129032258065,M,5,0
cellcycle_phase,expression_summary+interactions,median,rank,50,0.25,25,42,3000,8,3,0.0003333333333333333,0.38538130041199603,0.4598930481283423,S,5,0
cellcycle_phase,expression_raw+published_screens+protein_features,median,rank,50,0.0,25,42,3000,43,2,0.0,0.38469570095754235,0.44725738396624476,S,5,0
cellcycle_phase,expression_raw+published_screens+protein_features,median,rank,50,0.0,60,42,3000,43,2,0.0,0.38469570095754235,0.44725738396624476,S,5,0
cellcycle_phase,fitness_screens+interactions,median,rank,50,0.25,60,42,3000,12,4,0.11466666666666667,0.3844646080900153,0.44912280701754376,S,5,0
cellcycle_phase,expression_summary+interactions,median,rank,15,0.25,60,42,3000,8,3,0.0,0.38435396748691064,0.45698924731182794,S,5,0
cellcycle_phase,expression_summary+interactions,median,rank,15,0.25,25,42,3000,8,3,0.0,0.38435396748691064,0.45698924731182794,S,5,0
cellcycle_phase,fitness_screens+published_screens+protein_features,median,rank,50,0.25,60,42,3000,33,2,0.012666666666666666,0.38428612689683733,0.451063829787234,S,5,0
cellcycle_phase,expression_summary+expression_raw+fitness_screens,median,rank,15,0.0,60,42,3000,30,7,0.30666666666666664,0.38413447476239376,0.4725274725274725,S,5,0
cellcycle_phase,expression_raw+published_screens+protein_features,median,rank,15,0.25,60,42,3000,43,2,0.02033333333333333,0.3840102015586,0.452991452991453,S,5,0
cellcycle_phase,expression_raw+published_screens+protein_features,median,rank,50,0.25,25,42,3000,43,2,0.017333333333333333,0.383375205765325,0.4491525423728813,S,5,0
cellcycle_phase,expression_raw+published_screens+protein_features,median,rank,15,0.0,25,42,3000,43,2,0.0,0.3833154732167655,0.4453781512605042,S,5,0
cellcycle_phase,expression_raw+published_screens+protein_features,median,rank,15,0.0,60,42,3000,43,2,0.0,0.3833154732167655,0.4453781512605042,S,5,0
cellcycle_phase,expression_summary,median,rank,15,0.0,60,42,3000,4,3,0.045,0.38282480572547456,0.4615384615384615,S,5,0
cellcycle_phase,published_screens+protein_features,median,rank,50,0.25,60,42,3000,25,2,0.006666666666666667,0.38270130552167586,0.4453781512605042,S,5,0
cellcycle_phase,expression_summary,median,rank,15,0.0,25,42,3000,4,5,0.0,0.3826661945287483,0.4591029023746703,S,5,0
cellcycle_phase,published_screens+protein_features+interactions,median,rank,15,0.25,25,42,3000,29,2,0.0,0.3823994954333176,0.45689655172413796,S,5,0
cellcycle_phase,published_screens+protein_features+interactions,median,rank,15,0.25,60,42,3000,29,2,0.0,0.3823994954333176,0.45689655172413796,S,5,0
cellcycle_phase,published_screens+protein_features+interactions,median,rank,50,0.0,60,42,3000,29,2,0.0,0.3823994954333176,0.45689655172413796,S,5,0
cellcycle_phase,fitness_screens+published_screens+protein_features,median,rank,50,0.25,25,42,3000,33,2,0.013,0.38235982510674993,0.4491525423728813,S,5,0
cellcycle_phase,expression_raw+fitness_screens,median,rank,15,0.0,60,42,3000,26,2,0.134,0.38202418083040335,0.4799999999999999,S,5,0
cellcycle_phase,published_screens+protein_features,median,rank,15,0.25,60,42,3000,25,3,0.007333333333333333,0.38169920141865843,0.4453781512605042,S,5,0
cellcycle_phase,fitness_screens+published_screens+protein_features,median,rank,15,0.0,25,42,3000,33,4,0.0,0.3815598960823567,0.4491525423728814,S,5,0
cellcycle_phase,fitness_screens+published_screens+protein_features,median,rank,15,0.0,60,42,3000,33,2,0.0,0.38138998971409316,0.44725738396624476,S,5,0
cellcycle_phase,fitness_screens+published_screens+protein_features,median,rank,50,0.0,25,42,3000,33,2,0.0,0.38138998971409316,0.44725738396624476,S,5,0
cellcycle_phase,fitness_screens+published_screens+protein_features,median,rank,50,0.0,60,42,3000,33,2,0.0,0.38138998971409316,0.44725738396624476,S,5,0
cellcycle_phase,expression_raw+published_screens+protein_features,median,rank,50,0.25,60,42,3000,43,2,0.013666666666666667,0.38109977625153385,0.44725738396624476,S,5,0
cellcycle_phase,published_screens+protein_features+interactions,median,rank,50,0.25,25,42,3000,29,2,0.0,0.38101671541049464,0.4549356223175966,S,5,0
cellcycle_phase,published_screens+protein_features+interactions,median,rank,50,0.25,60,42,3000,29,2,0.0,0.38101671541049464,0.4549356223175966,S,5,0
cellcycle_phase,fitness_screens+protein_features+interactions,median,rank,50,0.0,25,42,3000,25,2,0.0,0.3809787655979122,0.462882096069869,S,5,0
cellcycle_phase,fitness_screens+protein_features+interactions,median,rank,50,0.0,60,42,3000,25,2,0.0,0.3809787655979122,0.462882096069869,S,5,0
cellcycle_phase,expression_summary+expression_raw+fitness_screens,median,rank,50,0.25,60,42,3000,30,2,0.22233333333333333,0.3809277019488622,0.4709897610921501,S,5,0
cellcycle_phase,published_screens+protein_features,median,rank,50,0.0,60,42,3000,25,3,0.0,0.3808182216471822,0.4453781512605042,S,5,0
cellcycle_phase,published_screens+protein_features,median,rank,15,0.25,25,42,3000,25,3,0.0006666666666666666,0.3808182216471822,0.4453781512605042,S,5,0
cellcycle_phase,expression_summary+published_screens,median,rank,15,0.25,60,42,3000,16,4,0.4613333333333333,0.38075787237077563,0.46153846153846156,C,4,0
cellcycle_phase,expression_raw+fitness_screens+interactions,median,rank,15,0.25,60,42,3000,30,6,0.15066666666666667,0.38053214391242557,0.488262910798122,S,4,0
cellcycle_phase,expression_summary+published_screens+protein_features,median,rank,50,0.0,60,42,3000,29,2,0.0,0.38025067712880456,0.44725738396624476,S,5,0
cellcycle_phase,expression_summary+published_screens+protein_features,median,rank,15,0.0,25,42,3000,29,2,0.0,0.38025067712880456,0.44725738396624476,S,5,0
cellcycle_phase,expression_summary+published_screens+protein_features,median,rank,50,0.0,25,42,3000,29,2,0.0,0.38025067712880456,0.44725738396624476,S,5,0
cellcycle_phase,expression_summary+published_screens+protein_features,median,rank,15,0.25,60,42,3000,29,2,0.0,0.38025067712880456,0.44725738396624476,S,5,0
cellcycle_phase,expression_summary+published_screens+protein_features,median,rank,15,0.25,25,42,3000,29,2,0.0,0.38025067712880456,0.44725738396624476,S,5,0
cellcycle_phase,expression_summary+published_screens+protein_features,median,rank,15,0.0,60,42,3000,29,2,0.0,0.38025067712880456,0.44725738396624476,S,5,0
cellcycle_phase,expression_summary+published_screens+protein_features,median,rank,50,0.25,60,42,3000,29,2,0.0006666666666666666,0.38025067712880456,0.44725738396624476,S,5,0
cellcycle_phase,expression_summary+published_screens+protein_features,median,rank,50,0.25,25,42,3000,29,2,0.0003333333333333333,0.38025067712880456,0.44725738396624476,S,5,0
cellcycle_phase,expression_summary+protein_features,median,rank,15,0.25,60,42,3000,17,4,0.06166666666666667,0.38012168783858563,0.4678899082568807,C,5,0
cellcycle_phase,fitness_screens+protein_features+interactions,median,rank,50,0.25,25,42,3000,25,2,0.0,0.37989058093448985,0.4549356223175966,S,5,0
cellcycle_phase,fitness_screens+protein_features+interactions,median,rank,50,0.25,60,42,3000,25,2,0.0,0.37989058093448985,0.4549356223175966,S,5,0
cellcycle_phase,published_screens+protein_features,median,rank,50,0.25,25,42,3000,25,3,0.003,0.3798175422847585,0.4453781512605042,S,5,0
cellcycle_phase,expression_raw+published_screens,median,rank,15,0.25,60,42,3000,30,4,0.35533333333333333,0.37967715487940085,0.41558441558441556,M,4,0
cellcycle_phase,expression_summary+protein_features+interactions,median,rank,50,0.0,60,42,3000,21,2,0.0,0.3795977854625929,0.46086956521739125,S,5,0
cellcycle_phase,expression_summary+protein_features+interactions,median,rank,50,0.25,25,42,3000,21,2,0.0,0.3795977854625929,0.46086956521739125,S,5,0
cellcycle_phase,expression_summary+protein_features+interactions,median,rank,50,0.25,60,42,3000,21,2,0.0,0.3795977854625929,0.46086956521739125,S,5,0
cellcycle_phase,expression_summary+expression_raw+protein_features,median,rank,50,0.25,25,42,3000,35,10,0.19133333333333333,0.37948365890698793,0.42857142857142855,C,4,0
cellcycle_phase,expression_raw+fitness_screens,median,rank,50,0.25,25,42,3000,26,10,0.6273333333333333,0.37924625392656086,0.391304347826087,S,3,0
cellcycle_phase,expression_raw+fitness_screens+published_screens,median,rank,50,0.25,25,42,3000,38,10,0.45166666666666666,0.379032799314278,0.4835164835164835,C,4,0
cellcycle_phase,expression_summary+published_screens+interactions,median,rank,15,0.25,60,42,3000,20,5,0.189,0.3787531925885627,0.5100000000000001,S,5,1
cellcycle_phase,fitness_screens+protein_features+interactions,median,rank,15,0.25,60,42,3000,25,2,0.0,0.3785091340245047,0.452991452991453,S,5,0
cellcycle_phase,fitness_screens+protein_features+interactions,median,rank,15,0.25,25,42,3000,25,2,0.0,0.3785091340245047,0.452991452991453,S,5,0
cellcycle_phase,fitness_screens+protein_features+interactions,median,rank,15,0.0,60,42,3000,25,2,0.0,0.3785091340245047,0.452991452991453,S,5,0
cellcycle_phase,expression_summary+fitness_screens+interactions,median,rank,15,0.0,25,42,3000,16,4,0.008333333333333333,0.3784541129932365,0.4438040345821325,S,5,0
cellcycle_phase,expression_raw+protein_features+interactions,median,rank,50,0.0,60,42,3000,35,2,0.0,0.3775763134838802,0.453781512605042,S,5,0
cellcycle_phase,expression_raw+protein_features+interactions,median,rank,50,0.25,25,42,3000,35,2,0.0,0.3775763134838802,0.453781512605042,S,5,0
cellcycle_phase,expression_raw+protein_features+interactions,median,rank,50,0.25,60,42,3000,35,2,0.0,0.3775763134838802,0.453781512605042,S,5,0
cellcycle_phase,expression_raw+protein_features+interactions,median,rank,15,0.25,60,42,3000,35,3,0.025666666666666667,0.3775077630756966,0.4444444444444444,S,5,0
cellcycle_phase,expression_summary+expression_raw+published_screens,median,rank,15,0.0,60,42,3000,34,5,0.09966666666666667,0.3774569724511487,0.42735042735042733,S,5,0
cellcycle_phase,expression_raw+fitness_screens+interactions,median,rank,50,0.25,25,42,3000,30,6,0.118,0.37593382864557956,0.4727272727272727,S,4,0
cellcycle_phase,expression_summary+protein_features+interactions,median,rank,15,0.25,25,42,3000,21,3,0.0,0.37579233039033655,0.4354243542435424,C,5,0
cellcycle_phase,expression_raw+protein_features+interactions,median,rank,15,0.25,25,42,3000,35,4,0.0036666666666666666,0.375568476456102,0.44230769230769235,S,5,0
cellcycle_phase,expression_raw+published_screens,median,rank,50,0.25,25,42,3000,30,7,0.201,0.37544890954651866,0.40236686390532544,M,4,0
cellcycle_phase,expression_summary+fitness_screens+interactions,median,rank,15,0.0,60,42,3000,16,3,0.0003333333333333333,0.37507283730411395,0.442528735632184,S,5,0
cellcycle_phase,expression_summary+fitness_screens+interactions,median,rank,50,0.25,25,42,3000,16,8,0.33466666666666667,0.37475379493917516,0.4736842105263158,S,4,0
cellcycle_phase,expression_summary+protein_features,median,rank,50,0.25,60,42,3000,17,3,0.033,0.3741790576102788,0.45535714285714285,C,5,0
cellcycle_phase,expression_raw+fitness_screens+interactions,median,rank,15,0.25,25,42,3000,30,7,0.10533333333333333,0.3737076867903936,0.47111111111111115,S,4,0
cellcycle_phase,expression_summary+published_screens+interactions,median,rank,50,0.25,60,42,3000,20,5,0.18966666666666668,0.37358195181255527,0.49000000000000005,S,5,0
cellcycle_phase,expression_summary+expression_raw+published_screens,median,rank,50,0.0,60,42,3000,34,8,0.27066666666666667,0.3727136985743987,0.392638036809816,C,4,0
cellcycle_phase,protein_features+interactions,median,rank,50,0.25,60,42,3000,17,2,0.0,0.3722843294573743,0.4383561643835617,C,5,0
cellcycle_phase,expression_summary+protein_features+interactions,median,rank,15,0.25,60,42,3000,21,3,0.007333333333333333,0.3721696255924651,0.4354243542435424,C,5,0
cellcycle_phase,expression_summary+expression_raw+fitness_screens,median,rank,50,0.0,60,42,3000,30,8,0.4266666666666667,0.371386157381139,0.411764705882353,S,3,0
cellcycle_phase,expression_summary+fitness_screens+protein_features,median,rank,15,0.0,60,42,3000,25,4,0.023,0.3709804840359183,0.4646464646464647,S,5,0
cellcycle_phase,expression_summary+protein_features,median,rank,50,0.0,60,42,3000,17,3,0.0,0.37069369160590987,0.4444444444444445,C,5,0
cellcycle_phase,expression_raw+protein_features,median,rank,50,0.0,60,42,3000,31,3,0.0,0.3703887808190962,0.4472573839662447,C,5,0
cellcycle_phase,expression_summary+protein_features,median,rank,15,0.25,25,42,3000,17,6,0.039,0.3700075639760776,0.4528301886792453,C,5,0
cellcycle_phase,expression_raw+published_screens,median,rank,15,0.25,25,42,3000,30,7,0.16566666666666666,0.3698277352121435,0.41148325358851673,M,5,0
cellcycle_phase,fitness_screens+published_screens+interactions,median,rank,15,0.25,25,42,3000,24,7,0.15933333333333333,0.36960576939163214,0.47368421052631576,S,4,0
cellcycle_phase,fitness_screens+published_screens+interactions,median,rank,50,0.25,60,42,3000,24,4,0.33266666666666667,0.36940700603260346,0.4861878453038674,S,4,0
cellcycle_phase,fitness_screens+interactions,median,rank,50,0.25,25,42,3000,12,5,0.033666666666666664,0.3692888813843195,0.4271844660194175,S,5,0
cellcycle_phase,fitness_screens+protein_features,median,rank,15,0.0,25,42,3000,21,16,0.10266666666666667,0.36918579033261023,0.5153846153846154,S,5,1
cellcycle_phase,expression_summary+protein_features,median,rank,50,0.25,25,42,3000,17,3,0.01,0.36900278502553846,0.44347826086956527,C,5,0
cellcycle_phase,fitness_screens+published_screens+interactions,median,rank,15,0.25,60,42,3000,24,4,0.2786666666666667,0.36876429200199173,0.48421052631578954,S,4,0
cellcycle_phase,expression_summary+expression_raw+interactions,median,rank,50,0.25,25,42,3000,26,7,0.09833333333333333,0.3684986711853977,0.4420289855072464,S,5,0
cellcycle_phase,expression_raw+published_screens+interactions,median,rank,50,0.25,60,42,3000,34,5,0.154,0.367965519283932,0.47619047619047616,S,5,0
cellcycle_phase,expression_raw+protein_features,median,rank,15,0.0,60,42,3000,31,6,0.0036666666666666666,0.3676231208405613,0.4232804232804233,C,5,0
cellcycle_phase,expression_summary+fitness_screens,median,rank,15,0.0,60,42,3000,12,4,0.365,0.36752381048974864,0.43529411764705883,C,4,0
cellcycle_phase,expression_raw+fitness_screens+published_screens,median,rank,50,0.0,60,42,3000,38,8,0.2816666666666667,0.3653949358399486,0.47058823529411764,C,5,0
cellcycle_phase,published_screens+protein_features,median,rank,50,0.0,25,42,3000,25,14,0.07233333333333333,0.3638943923172152,0.451063829787234,S,4,0
cellcycle_phase,expression_summary+protein_features,median,rank,50,0.0,25,42,3000,17,4,0.007333333333333333,0.36379300074472626,0.44635193133047213,C,5,0
cellcycle_phase,expression_summary+interactions,median,rank,50,0.0,25,42,3000,8,5,0.0003333333333333333,0.36370092606481436,0.42633228840125387,S,5,0
cellcycle_phase,expression_summary+protein_features,median,rank,15,0.0,60,42,3000,17,4,0.0,0.36348610125082415,0.4444444444444445,C,5,0
cellcycle_phase,expression_summary+interactions,median,rank,50,0.0,60,42,3000,8,4,0.0,0.363414432790244,0.42633228840125387,S,5,0
cellcycle_phase,expression_summary+fitness_screens+interactions,median,rank,50,0.0,25,42,3000,16,9,0.13966666666666666,0.3625324014789013,0.4742268041237113,S,4,0
cellcycle_phase,expression_summary+expression_raw+interactions,median,rank,50,0.25,60,42,3000,26,6,0.203,0.36221784002800594,0.47474747474747475,S,4,0
cellcycle_phase,expression_summary+expression_raw+protein_features,median,rank,15,0.0,60,42,3000,35,6,0.04066666666666666,0.36177222966662365,0.4512820512820513,C,5,0
cellcycle_phase,expression_summary+fitness_screens+protein_features,median,rank,15,0.25,25,42,3000,25,10,0.3313333333333333,0.3616895717785101,0.4936708860759494,C,4,0
cellcycle_phase,expression_summary+published_screens+interactions,median,rank,15,0.0,60,42,3000,20,5,0.035,0.36166515815043576,0.466403162055336,S,5,0
cellcycle_phase,expression_summary+fitness_screens+interactions,median,rank,15,0.25,25,42,3000,16,6,0.22533333333333333,0.35987058341686284,0.48514851485148514,S,4,0
cellcycle_phase,expression_summary+published_screens+interactions,median,rank,50,0.25,25,42,3000,20,5,0.086,0.358950981702768,0.4744186046511628,S,5,0
cellcycle_phase,expression_raw+published_screens+interactions,median,rank,50,0.25,25,42,3000,34,5,0.07766666666666666,0.3587352499048958,0.4745762711864407,S,5,0
cellcycle_phase,expression_summary+published_screens+interactions,median,rank,50,0.0,60,42,3000,20,5,0.024666666666666667,0.35854964624792707,0.46491228070175433,S,5,0
cellcycle_phase,expression_raw+published_screens+interactions,median,rank,15,0.25,60,42,3000,34,5,0.106,0.3583341078004354,0.4765957446808511,S,5,0
cellcycle_phase,expression_raw+published_screens,median,rank,50,0.0,25,42,3000,30,8,0.06766666666666667,0.3573897581028873,0.417910447761194,M,5,0
cellcycle_phase,expression_summary+published_screens,median,rank,15,0.0,60,42,3000,16,7,0.2786666666666667,0.35722469849628324,0.4871794871794872,C,4,0
cellcycle_phase,published_screens+interactions,median,rank,50,0.25,25,42,3000,16,11,0.13333333333333333,0.35718504141129614,0.423963133640553,S,4,0
cellcycle_phase,expression_summary+fitness_screens+published_screens,median,rank,50,0.0,25,42,3000,24,17,0.395,0.3570988901880251,0.5217391304347826,C,4,1
cellcycle_phase,published_screens+interactions,median,rank,50,0.25,60,42,3000,16,6,0.18233333333333332,0.3565198855739223,0.4368932038834951,S,4,0
cellcycle_phase,expression_summary+published_screens+interactions,median,rank,15,0.25,25,42,3000,20,7,0.17466666666666666,0.3559645170999295,0.45555555555555555,S,5,0
cellcycle_phase,expression_raw+published_screens,median,rank,15,0.0,25,42,3000,30,8,0.019333333333333334,0.35560125326076497,0.42790697674418604,M,5,0
cellcycle_phase,expression_raw+fitness_screens+interactions,median,rank,15,0.0,25,42,3000,30,8,0.035666666666666666,0.3554541027274345,0.4647302904564315,S,5,0
cellcycle_phase,expression_summary+interactions,median,rank,15,0.0,60,42,3000,8,5,0.0,0.3553034105057849,0.42666666666666664,S,5,0
cellcycle_phase,expression_summary+published_screens+interactions,median,rank,50,0.0,25,42,3000,20,5,0.015333333333333332,0.35529776434565125,0.45689655172413796,S,5,0
cellcycle_phase,expression_raw+published_screens+interactions,median,rank,15,0.25,25,42,3000,34,6,0.09766666666666667,0.35371162681898016,0.4541062801932367,S,5,0
cellcycle_phase,expression_raw+fitness_screens+interactions,median,rank,15,0.0,60,42,3000,30,6,0.024666666666666667,0.35368302073160285,0.4609053497942387,S,5,0
cellcycle_phase,fitness_screens+published_screens+interactions,median,rank,50,0.0,60,42,3000,24,5,0.11366666666666667,0.35244291053965277,0.4686192468619247,S,5,0
cellcycle_phase,fitness_screens+interactions,median,rank,15,0.25,60,42,3000,12,5,0.10533333333333333,0.35200373231917426,0.45945945945945943,S,5,0
cellcycle_phase,expression_raw+fitness_screens+interactions,median,rank,50,0.0,60,42,3000,30,6,0.04,0.3514705905481483,0.46473029045643155,S,5,0
cellcycle_phase,expression_summary+expression_raw+protein_features,median,rank,50,0.0,60,42,3000,35,8,0.08,0.35144542055368816,0.45783132530120485,C,5,0
cellcycle_phase,expression_raw+fitness_screens+interactions,median,rank,50,0.0,25,42,3000,30,6,0.028666666666666667,0.3499523656820477,0.46473029045643155,S,5,0
cellcycle_phase,expression_raw+published_screens+interactions,median,rank,15,0.0,60,42,3000,34,5,0.007,0.3498161334888826,0.456,S,5,0
cellcycle_phase,expression_raw+protein_features+interactions,median,rank,15,0.0,60,42,3000,35,8,0.051,0.3492582199416625,0.4383561643835617,S,4,0
cellcycle_phase,expression_summary+expression_raw+interactions,median,rank,15,0.0,25,42,3000,26,6,0.0,0.3490623469600453,0.4041095890410959,S,5,0
cellcycle_phase,expression_summary+expression_raw+protein_features,median,rank,15,0.25,25,42,3000,35,9,0.13766666666666666,0.34778422687261334,0.39743589743589747,C,4,0
cellcycle_phase,expression_raw+fitness_screens+protein_features,median,rank,15,0.25,25,42,3000,39,10,0.303,0.3477340556484578,0.463768115942029,C,4,0
cellcycle_phase,expression_raw+published_screens,median,rank,50,0.0,60,42,3000,30,6,0.09966666666666667,0.34766088277431406,0.387434554973822,M,5,0
cellcycle_phase,published_screens+interactions,median,rank,15,0.0,60,42,3000,16,6,0.030666666666666665,0.34701729043216634,0.4415584415584416,S,5,0
cellcycle_phase,expression_summary+fitness_screens,median,rank,50,0.0,25,42,3000,12,15,0.397,0.3464375754845327,0.4301075268817204,S,3,0
cellcycle_phase,expression_summary+published_screens,median,rank,50,0.0,60,42,3000,16,7,0.20766666666666667,0.34641514123131767,0.42051282051282046,C,4,0
cellcycle_phase,expression_summary+protein_features+interactions,median,rank,50,0.0,25,42,3000,21,6,0.0033333333333333335,0.3461469319775706,0.43119266055045863,S,5,0
cellcycle_phase,expression_raw+fitness_screens,median,rank,50,0.0,60,42,3000,26,8,0.45266666666666666,0.3452506976130613,0.3695652173913044,S,4,0
cellcycle_phase,expression_raw+published_screens+interactions,median,rank,50,0.0,25,42,3000,34,5,0.012,0.34516015403089245,0.44715447154471544,S,5,0
cellcycle_phase,expression_raw+published_screens+interactions,median,rank,50,0.0,60,42,3000,34,4,0.001,0.34422150401406176,0.44715447154471544,S,5,0
cellcycle_phase,expression_summary+protein_features+interactions,median,rank,15,0.0,60,42,3000,21,6,0.0,0.34344113150496564,0.43119266055045863,S,5,0
cellcycle_phase,expression_raw+interactions,median,rank,15,0.25,25,42,3000,22,8,0.09966666666666667,0.3432483979444506,0.4577114427860697,S,4,0
cellcycle_phase,expression_summary+expression_raw+fitness_screens,median,rank,50,0.25,25,42,3000,30,12,0.5376666666666666,0.3427637721755369,0.4,C,3,0
cellcycle_phase,expression_raw+fitness_screens+published_screens,median,rank,15,0.0,25,42,3000,38,15,0.24133333333333334,0.34272691117465026,0.42105263157894735,C,4,0
cellcycle_phase,fitness_screens+interactions,median,rank,15,0.25,25,42,3000,12,7,0.052333333333333336,0.3426273898722607,0.45333333333333337,S,5,0
cellcycle_phase,fitness_screens+interactions,median,rank,50,0.0,60,42,3000,12,5,0.042333333333333334,0.34224489376846146,0.4473684210526316,S,5,0
cellcycle_phase,published_screens+interactions,median,rank,50,0.0,25,42,3000,16,6,0.0,0.3418059327214912,0.43220338983050843,S,5,0
cellcycle_phase,published_screens+interactions,median,rank,50,0.0,60,42,3000,16,6,0.0,0.3418059327214912,0.43220338983050843,S,5,0
cellcycle_phase,expression_summary+fitness_screens+interactions,median,rank,50,0.0,60,42,3000,16,6,0.187,0.3408572247844984,0.45238095238095244,S,4,0
cellcycle_phase,expression_raw+fitness_screens+published_screens,median,rank,50,0.0,25,42,3000,38,14,0.312,0.34047469531340496,0.4242424242424242,C,4,0
cellcycle_phase,protein_features+interactions,median,rank,50,0.25,25,42,3000,17,12,0.03766666666666667,0.3399819089030478,0.4433497536945813,S,5,0
cellcycle_phase,published_screens+protein_features+interactions,median,rank,50,0.0,25,42,3000,29,13,0.059666666666666666,0.33985457131631264,0.43939393939393945,C,5,0
cellcycle_phase,expression_summary+expression_raw+interactions,median,rank,15,0.25,60,42,3000,26,7,0.16333333333333333,0.33979213816248743,0.4600000000000001,S,5,0
cellcycle_phase,expression_summary+expression_raw+protein_features,median,rank,15,0.0,25,42,3000,35,15,0.059333333333333335,0.3392728343649571,0.4444444444444444,C,5,0
cellcycle_phase,published_screens+protein_features+interactions,median,rank,15,0.0,60,42,3000,29,5,0.0,0.3385073955698173,0.43283582089552236,C,5,0
cellcycle_phase,fitness_screens+interactions,median,rank,15,0.0,25,42,3000,12,9,0.009666666666666667,0.33771229721236473,0.44827586206896547,S,5,0
cellcycle_phase,fitness_screens+published_screens+interactions,median,rank,15,0.0,60,42,3000,24,5,0.03233333333333333,0.33673320567436066,0.4388185654008439,S,5,0
cellcycle_phase,expression_summary+expression_raw+published_screens,median,rank,15,0.25,25,42,3000,34,14,0.36533333333333334,0.33597001455425557,0.39252336448598135,M,4,0
cellcycle_phase,fitness_screens+published_screens+interactions,median,rank,15,0.0,25,42,3000,24,9,0.017666666666666667,0.3355355030413676,0.4416666666666667,S,5,0
cellcycle_phase,fitness_screens+interactions,median,rank,15,0.0,60,42,3000,12,5,0.002,0.3350921952739873,0.4416666666666667,S,5,0
cellcycle_phase,expression_summary+expression_raw+protein_features,median,rank,50,0.0,25,42,3000,35,11,0.042666666666666665,0.33493266066745014,0.4318181818181818,C,5,0
cellcycle_phase,expression_summary+fitness_screens+interactions,median,rank,50,0.25,60,42,3000,16,7,0.44133333333333336,0.3349059008160453,0.4464285714285714,S,4,0
cellcycle_phase,published_screens+protein_features,median,rank,15,0.0,60,42,3000,25,6,0.022333333333333334,0.33489011840048555,0.41860465116279066,S,5,0
cellcycle_phase,expression_summary+published_screens,median,rank,50,0.0,25,42,3000,16,16,0.196,0.3343324284361408,0.42574257425742573,C,4,0
cellcycle_phase,expression_raw+protein_features,median,rank,50,0.0,25,42,3000,31,12,0.076,0.3336290981948751,0.4,S,5,0
cellcycle_phase,expression_summary+expression_raw+fitness_screens,median,rank,50,0.0,25,42,3000,30,20,0.43833333333333335,0.33298563016273064,0.4383561643835616,S,4,0
cellcycle_phase,expression_raw+fitness_screens+published_screens,median,rank,15,0.0,60,42,3000,38,9,0.22233333333333333,0.32930969489713025,0.44295302013422816,C,5,0
cellcycle_phase,expression_raw+interactions,median,rank,15,0.0,60,42,3000,22,8,0.031,0.3271943116379524,0.43720930232558136,S,5,0
cellcycle_phase,expression_summary+expression_raw+interactions,median,rank,15,0.25,25,42,3000,26,7,0.12733333333333333,0.3268217909651892,0.43298969072164956,S,5,0
cellcycle_phase,expression_raw+interactions,median,rank,50,0.0,25,42,3000,22,9,0.0023333333333333335,0.32554322182287876,0.4292237442922375,S,5,0
cellcycle_phase,expression_raw+interactions,median,rank,50,0.0,60,42,3000,22,7,0.0003333333333333333,0.32487893258592315,0.4292237442922375,S,5,0
cellcycle_phase,expression_summary+expression_raw+published_screens,median,rank,15,0.0,25,42,3000,34,16,0.16533333333333333,0.319797233491986,0.3846153846153846,C,4,0
cellcycle_phase,expression_raw+interactions,median,rank,15,0.0,25,42,3000,22,9,0.006,0.31934479861697207,0.4413145539906103,S,5,0
cellcycle_phase,protein_features+interactions,median,rank,15,0.25,60,42,3000,17,7,0.056,0.3179615180506725,0.37869822485207105,S,5,0
cellcycle_phase,protein_features,median,rank,50,0.25,60,42,3000,13,8,0.005,0.31774403427201864,0.380952380952381,S,5,0
cellcycle_phase,expression_raw+protein_features,median,rank,15,0.0,25,42,3000,31,16,0.07433333333333333,0.310614828441321,0.3939393939393939,M,5,0
cellcycle_phase,expression_summary+expression_raw+interactions,median,rank,50,0.0,60,42,3000,26,7,0.084,0.30920171563771137,0.4228571428571428,S,5,0
cellcycle_phase,protein_features,median,rank,50,0.25,25,42,3000,13,18,0.013,0.30687340869206303,0.3798882681564245,M,5,0
cellcycle_phase,protein_features,median,rank,15,0.25,60,42,3000,13,12,0.049,0.30624879191255067,0.3882352941176471,M,5,0
cellcycle_phase,expression_raw+fitness_screens,median,rank,50,0.0,25,42,3000,26,19,0.41,0.3022773720182257,0.35714285714285715,G1b,4,0
cellcycle_phase,expression_summary+expression_raw+interactions,median,rank,50,0.0,25,42,3000,26,16,0.117,0.2983600053555414,0.3803680981595092,S,4,0
cellcycle_phase,expression_summary+published_screens,median,rank,50,0.25,25,42,3000,16,15,0.454,0.29602774443110574,0.3333333333333333,S,3,0
cellcycle_phase,expression_summary+protein_features,median,rank,15,0.0,25,42,3000,17,16,0.08766666666666667,0.29268960517677833,0.35971223021582743,M,5,0
cellcycle_phase,fitness_screens+published_screens+interactions,median,rank,50,0.25,25,42,3000,24,13,0.4093333333333333,0.2912339497550253,0.37500000000000006,C,5,0
cellcycle_phase,protein_features+interactions,median,rank,15,0.25,25,42,3000,17,23,0.05433333333333333,0.2898986755939915,0.3699421965317919,S,5,0
cellcycle_phase,expression_summary+published_screens+interactions,median,rank,15,0.0,25,42,3000,20,24,0.2753333333333333,0.28502188833804754,0.31147540983606553,S,4,0
cellcycle_phase,expression_summary+expression_raw+interactions,median,rank,15,0.0,60,42,3000,26,9,0.08166666666666667,0.28390901341033353,0.3757575757575758,S,5,0
cellcycle_phase,fitness_screens+interactions,median,rank,50,0.0,25,42,3000,12,15,0.21466666666666667,0.2825489805922496,0.32653061224489793,M,5,0
cellcycle_phase,expression_raw+published_screens+interactions,median,rank,15,0.0,25,42,3000,34,11,0.11566666666666667,0.28087388606287883,0.3536585365853659,C,5,0
cellcycle_phase,expression_summary+interactions,median,rank,15,0.0,25,42,3000,8,22,0.14466666666666667,0.2795402496131901,0.3108108108108108,S,5,0
cellcycle_phase,expression_summary+expression_raw+published_screens,median,rank,50,0.0,25,42,3000,34,21,0.324,0.2792237804893174,0.3414634146341463,G1b,4,0
cellcycle_phase,expression_raw+fitness_screens,median,rank,15,0.0,25,42,3000,26,25,0.4063333333333333,0.2791531347275445,0.34782608695652173,G1b,4,0
cellcycle_phase,published_screens+protein_features+interactions,median,rank,15,0.0,25,42,3000,29,17,0.065,0.2781547119452211,0.35135135135135137,S,5,0
cellcycle_phase,protein_features,median,rank,15,0.25,25,42,3000,13,23,0.033666666666666664,0.2742234537919509,0.3483870967741936,S,5,0
cellcycle_phase,fitness_screens+published_screens+interactions,median,rank,50,0.0,25,42,3000,24,18,0.24766666666666667,0.2736422650799244,0.3418803418803419,M,5,0
cellcycle_phase,expression_raw+protein_features+interactions,median,rank,15,0.0,25,42,3000,35,15,0.043333333333333335,0.27241206936720647,0.3660130718954248,S,5,0
cellcycle_phase,expression_summary+protein_features+interactions,median,rank,15,0.0,25,42,3000,21,15,0.073,0.2715952846324742,0.34615384615384615,C,5,0
cellcycle_phase,expression_raw+protein_features+interactions,median,rank,50,0.0,25,42,3000,35,20,0.147,0.2703785328720371,0.37681159420289856,S,4,0
cellcycle_phase,published_screens+interactions,median,rank,15,0.0,25,42,3000,16,21,0.09166666666666666,0.26728969004811065,0.3116883116883117,M,5,0
cellcycle_phase,expression_raw+fitness_screens+protein_features,median,rank,50,0.0,25,42,3000,39,15,0.3506666666666667,0.263935110381329,0.33043478260869563,S,4,0
cellcycle_phase,expression_summary+expression_raw+fitness_screens,median,rank,15,0.0,25,42,3000,30,21,0.38066666666666665,0.2600065109746631,0.2985074626865672,M,4,0
cellcycle_phase,protein_features,median,rank,50,0.0,25,42,3000,13,26,0.035,0.25929222729965307,0.30769230769230765,G1b,5,0
cellcycle_phase,protein_features+interactions,median,rank,50,0.0,60,42,3000,17,12,0.036333333333333336,0.257235303568354,0.31446540880503143,C,5,0
cellcycle_phase,protein_features,median,rank,50,0.0,60,42,3000,13,16,0.026333333333333334,0.2534935680509746,0.3018867924528302,G1b,5,0
cellcycle_phase,published_screens+protein_features,median,rank,15,0.0,25,42,3000,25,31,0.12066666666666667,0.25302969918354534,0.3243243243243243,M,5,0
cellcycle_phase,fitness_screens+protein_features+interactions,median,rank,15,0.0,25,42,3000,25,19,0.15533333333333332,0.2526243552315292,0.32167832167832167,C,5,0
cellcycle_phase,interactions,median,rank,15,0.25,60,42,3000,4,14,0.244,0.24732766578693838,0.3064516129032258,S,4,0
cellcycle_phase,interactions,median,rank,50,0.25,25,42,3000,4,26,0.036333333333333336,0.24141250347311322,0.28571428571428575,G1a,5,0
cellcycle_phase,interactions,median,rank,50,0.25,60,42,3000,4,14,0.06866666666666667,0.23977465810458817,0.29411764705882354,G1a,5,0
cellcycle_phase,expression_summary+expression_raw+published_screens,median,rank,50,0.25,25,42,3000,34,19,0.49066666666666664,0.23835954175699087,0.2711864406779661,C,3,0
cellcycle_phase,protein_features,median,rank,15,0.0,60,42,3000,13,18,0.07266666666666667,0.23562447319760044,0.3137254901960784,G1b,5,0
cellcycle_phase,protein_features,median,rank,15,0.0,25,42,3000,13,33,0.041666666666666664,0.2244121869316445,0.32,G1b,5,0
cellcycle_phase,protein_features+interactions,median,rank,15,0.0,60,42,3000,17,16,0.13133333333333333,0.2234316602559208,0.26548672566371684,C,4,0
cellcycle_phase,interactions,median,rank,50,0.0,60,42,3000,4,16,0.071,0.22128075867904273,0.29411764705882354,G1a,5,0
cellcycle_phase,interactions,median,rank,15,0.0,60,42,3000,4,19,0.17733333333333334,0.2143397070890192,0.2300884955752212,S,5,0
cellcycle_phase,interactions,median,rank,15,0.25,25,42,3000,4,35,0.04533333333333334,0.2094325809381836,0.2647058823529412,S,5,0
cellcycle_phase,protein_features+interactions,median,rank,50,0.0,25,42,3000,17,38,0.10466666666666667,0.1743417023882425,0.2391304347826087,M,5,0
cellcycle_phase,interactions,median,rank,15,0.0,25,42,3000,4,49,0.06566666666666666,0.17154583540873303,0.24,G1a,5,0
cellcycle_phase,protein_features+interactions,median,rank,15,0.0,25,42,3000,17,42,0.068,0.16372160856606474,0.22448979591836735,M,5,0
cellcycle_phase,interactions,median,rank,50,0.0,25,42,3000,4,49,0.09033333333333333,0.14740975262337574,0.21428571428571427,G1a,5,0
compartment,expression_raw+fitness_screens+published_screens,median,rank,50,0.25,60,42,3000,38,3,0.488,0.4835386100778123,0.7329047340736411,unassigned,12,1
compartment,expression_summary+fitness_screens+published_screens,median,rank,50,0.0,60,42,3000,24,5,0.2786666666666667,0.47531629957849675,0.7165510406342914,unassigned,13,1
compartment,expression_summary+fitness_screens+published_screens,median,rank,15,0.25,60,42,3000,24,3,0.49966666666666665,0.4617272277467485,0.7178329571106093,unassigned,12,1
compartment,expression_summary+fitness_screens+published_screens,median,rank,50,0.25,25,42,3000,24,4,0.22866666666666666,0.45963147286351996,0.6978146194423512,unassigned,14,1
compartment,expression_summary+fitness_screens+published_screens,median,rank,15,0.0,60,42,3000,24,5,0.20366666666666666,0.4552026667436762,0.7135278514588859,unassigned,15,1
compartment,expression_summary+fitness_screens+published_screens,median,rank,50,0.25,60,42,3000,24,4,0.413,0.4528339363553422,0.6981008513425017,unassigned,12,1
compartment,expression_summary+fitness_screens,median,rank,15,0.0,60,42,3000,12,4,0.365,0.4493818370489905,0.6796973518284994,unassigned,13,1
compartment,expression_summary+interactions,median,rank,50,0.25,60,42,3000,8,2,0.0,0.4443267153278401,0.7126899016979447,unassigned,18,1
compartment,expression_raw+interactions,median,rank,15,0.25,60,42,3000,22,2,0.0,0.44272012144494355,0.7107843137254903,unassigned,18,1
compartment,expression_raw+interactions,median,rank,50,0.25,25,42,3000,22,2,0.0,0.44264495265380377,0.710625974604589,unassigned,18,1
compartment,expression_raw+interactions,median,rank,50,0.25,60,42,3000,22,2,0.0,0.44264495265380377,0.710625974604589,unassigned,18,1
compartment,expression_summary+interactions,median,rank,50,0.25,25,42,3000,8,3,0.0003333333333333333,0.43819896290157895,0.6992323796231682,unassigned,18,1
compartment,expression_summary+interactions,median,rank,15,0.25,60,42,3000,8,3,0.0,0.43776504431442903,0.6987895716945997,unassigned,18,1
compartment,expression_summary+interactions,median,rank,15,0.25,25,42,3000,8,3,0.0,0.43776504431442903,0.6987895716945997,unassigned,18,1
compartment,fitness_screens+interactions,median,rank,50,0.25,60,42,3000,12,4,0.11466666666666667,0.43687075661524566,0.6749516708091688,unassigned,15,1
compartment,expression_summary+fitness_screens+interactions,median,rank,15,0.0,25,42,3000,16,4,0.008333333333333333,0.43557289702257324,0.6919130222330807,unassigned,17,1
compartment,expression_summary+fitness_screens+interactions,median,rank,15,0.25,60,42,3000,16,4,0.13333333333333333,0.43446733549800814,0.6897321428571428,unassigned,16,1
compartment,expression_raw+fitness_screens,median,rank,50,0.25,60,42,3000,26,2,0.3863333333333333,0.4326964487886234,0.6588921282798833,unassigned,12,1
compartment,expression_raw+fitness_screens,median,rank,15,0.25,60,42,3000,26,2,0.41733333333333333,0.43262196696744293,0.6579654510556622,unassigned,11,1
compartment,expression_summary+fitness_screens+interactions,median,rank,15,0.0,60,42,3000,16,3,0.0003333333333333333,0.4315426366195473,0.688062241672745,unassigned,18,1
compartment,expression_summary+fitness_screens+interactions,median,rank,15,0.25,25,42,3000,16,6,0.22533333333333333,0.4279292681781519,0.6573055028462997,unassigned,14,1
compartment,expression_summary+interactions,median,rank,15,0.0,60,42,3000,8,5,0.0,0.4263786393711628,0.6716940479396714,unassigned,18,1
compartment,fitness_screens+interactions,median,rank,50,0.25,25,42,3000,12,5,0.033666666666666664,0.4245356771761124,0.6610034510220334,unassigned,16,1
compartment,expression_raw+published_screens,median,rank,15,0.0,60,42,3000,30,2,0.0,0.4217465983702889,0.6712821932982552,unassigned,18,1
compartment,expression_summary+fitness_screens,median,rank,15,0.25,60,42,3000,12,3,0.621,0.4216404707970082,0.6380510440835266,unassigned,10,1
compartment,expression_raw+fitness_screens,median,rank,15,0.25,25,42,3000,26,4,0.35633333333333334,0.42160723043714504,0.6429597701149424,unassigned,13,1
compartment,published_screens+interactions,median,rank,15,0.25,25,42,3000,16,2,0.0,0.41971479309307547,0.6868415153553014,unassigned,18,1
compartment,published_screens+interactions,median,rank,15,0.25,60,42,3000,16,2,0.0,0.41971479309307547,0.6868415153553014,unassigned,18,1
compartment,expression_summary+published_screens,median,rank,15,0.25,25,42,3000,16,2,0.0,0.4195083565326162,0.6890976622241644,unassigned,18,1
compartment,expression_summary+published_screens,median,rank,15,0.0,25,42,3000,16,2,0.0,0.4195083565326162,0.6890976622241644,unassigned,18,1
compartment,expression_summary+fitness_screens,median,rank,15,0.25,25,42,3000,12,2,0.0,0.4193643249840974,0.6888111888111889,unassigned,18,1
compartment,expression_summary+fitness_screens,median,rank,15,0.0,25,42,3000,12,2,0.0,0.4192202330252096,0.6885245901639344,unassigned,18,1
compartment,expression_summary,median,rank,50,0.25,25,42,3000,4,2,0.0,0.4179206807818123,0.6859395532194481,unassigned,18,1
compartment,expression_summary+fitness_screens,median,rank,50,0.25,60,42,3000,12,2,0.47633333333333333,0.41776027169966434,0.67008547008547,unassigned,13,1
compartment,expression_summary+interactions,median,rank,50,0.0,25,42,3000,8,5,0.0003333333333333333,0.4177109751389406,0.6600780234070222,unassigned,18,1
compartment,expression_summary,median,rank,50,0.0,25,42,3000,4,2,0.0,0.41763122373440764,0.6853637160385626,unassigned,18,1
compartment,expression_summary,median,rank,15,0.25,25,42,3000,4,2,0.0,0.41763122373440764,0.6853637160385626,unassigned,18,1
compartment,expression_summary+interactions,median,rank,50,0.0,60,42,3000,8,4,0.0,0.4175824211519853,0.6600780234070222,unassigned,18,1
compartment,expression_raw+fitness_screens,median,rank,15,0.0,60,42,3000,26,2,0.134,0.41519921201578275,0.6783198539003391,unassigned,17,1
compartment,expression_summary+expression_raw,median,rank,50,0.25,25,42,3000,22,2,0.019,0.413713580104395,0.6793807493829932,unassigned,17,1
compartment,expression_summary+fitness_screens+published_screens,median,rank,15,0.0,25,42,3000,24,3,0.0033333333333333335,0.4094365264245035,0.6696329254727476,unassigned,18,1
compartment,expression_raw+fitness_screens+published_screens,median,rank,15,0.25,25,42,3000,38,3,0.08866666666666667,0.4071669535740869,0.6666666666666666,unassigned,18,1
compartment,expression_summary+fitness_screens+published_screens,median,rank,15,0.25,25,42,3000,24,4,0.12666666666666668,0.4065354197162878,0.655012853470437,unassigned,16,1
compartment,expression_summary+expression_raw+fitness_screens,median,rank,15,0.25,25,42,3000,30,2,0.07366666666666667,0.40475126988609234,0.6666666666666666,unassigned,17,1
compartment,expression_summary+expression_raw,median,rank,50,0.0,60,42,3000,22,2,0.0,0.4001118574492867,0.650472334682861,unassigned,18,1
compartment,expression_summary+expression_raw,median,rank,50,0.0,25,42,3000,22,3,0.0006666666666666666,0.4001010996485585,0.6507650765076507,unassigned,18,1
compartment,expression_raw,median,rank,15,0.0,60,42,3000,18,2,0.0,0.3978208595551356,0.6459038591740014,unassigned,18,1
compartment,expression_raw,median,rank,50,0.0,60,42,3000,18,2,0.0,0.3978208595551356,0.6459038591740014,unassigned,18,1
compartment,fitness_screens+published_screens,median,rank,15,0.25,25,42,3000,20,2,0.0,0.39777004024232204,0.6458616010854817,unassigned,18,1
compartment,fitness_screens+published_screens,median,rank,15,0.0,60,42,3000,20,2,0.0,0.39777004024232204,0.6458616010854817,unassigned,18,1
compartment,fitness_screens+published_screens,median,rank,15,0.0,25,42,3000,20,2,0.0,0.39777004024232204,0.6458616010854817,unassigned,18,1
compartment,fitness_screens+published_screens,median,rank,15,0.25,60,42,3000,20,2,0.0,0.39777004024232204,0.6458616010854817,unassigned,18,1
compartment,fitness_screens+published_screens,median,rank,50,0.0,25,42,3000,20,2,0.0,0.39775153122242995,0.6458474768047069,unassigned,18,1
compartment,fitness_screens+published_screens,median,rank,50,0.0,60,42,3000,20,2,0.0,0.39775153122242995,0.6458474768047069,unassigned,18,1
compartment,expression_raw,median,rank,50,0.0,25,42,3000,18,3,0.005,0.39774087411965475,0.6480978260869564,unassigned,18,1
compartment,fitness_screens+published_screens,median,rank,50,0.25,25,42,3000,20,2,0.0,0.3976319914334957,0.6456871179533619,unassigned,18,1
compartment,fitness_screens+published_screens,median,rank,50,0.25,60,42,3000,20,2,0.0,0.3976319914334957,0.6456871179533619,unassigned,18,1
compartment,published_screens,median,rank,50,0.0,25,42,3000,12,2,0.0,0.3963183665245249,0.6430034129692833,unassigned,18,1
compartment,published_screens,median,rank,50,0.0,60,42,3000,12,2,0.0,0.3963183665245249,0.6430034129692833,unassigned,18,1
compartment,published_screens,median,rank,15,0.0,25,42,3000,12,2,0.0,0.39629744655986965,0.6428895956383461,unassigned,18,1
compartment,published_screens,median,rank,15,0.0,60,42,3000,12,2,0.0,0.39629744655986965,0.6428895956383461,unassigned,18,1
compartment,published_screens,median,rank,15,0.25,25,42,3000,12,2,0.0,0.39621818900008815,0.6427435839200545,unassigned,18,1
compartment,published_screens,median,rank,15,0.25,60,42,3000,12,2,0.0,0.39621818900008815,0.6427435839200545,unassigned,18,1
compartment,published_screens,median,rank,50,0.25,25,42,3000,12,2,0.0,0.3961630159723095,0.6426945835229859,unassigned,18,1
compartment,published_screens,median,rank,50,0.25,60,42,3000,12,2,0.0,0.3961630159723095,0.6426945835229859,unassigned,18,1
compartment,expression_summary+expression_raw+interactions,median,rank,50,0.25,25,42,3000,26,7,0.09833333333333333,0.3953113473096745,0.6134453781512605,unassigned,17,1
compartment,expression_raw,median,rank,50,0.25,25,42,3000,18,3,0.021333333333333333,0.393438300121197,0.6466927863563033,unassigned,18,1
compartment,fitness_screens,median,rank,15,0.25,60,42,3000,8,2,0.0,0.3912362558151575,0.6328071379547013,unassigned,18,1
compartment,fitness_screens,median,rank,15,0.0,60,42,3000,8,2,0.0,0.3912362558151575,0.6328071379547013,unassigned,18,1
compartment,fitness_screens,median,rank,15,0.0,25,42,3000,8,2,0.0,0.3912362558151575,0.6328071379547013,unassigned,18,1
compartment,fitness_screens,median,rank,15,0.25,25,42,3000,8,2,0.0,0.3912362558151575,0.6328071379547013,unassigned,18,1
compartment,fitness_screens,median,rank,50,0.0,60,42,3000,8,2,0.0,0.3909227612675042,0.6321812771801327,unassigned,18,1
compartment,fitness_screens,median,rank,50,0.0,25,42,3000,8,2,0.0,0.3909227612675042,0.6321812771801327,unassigned,18,1
compartment,fitness_screens,median,rank,50,0.25,25,42,3000,8,2,0.0,0.3909227612675042,0.6321812771801327,unassigned,18,1
compartment,fitness_screens,median,rank,50,0.25,60,42,3000,8,2,0.0,0.3909227612675042,0.6321812771801327,unassigned,18,1
compartment,expression_raw,median,rank,15,0.0,25,42,3000,18,4,0.0,0.3902864792297573,0.6309061858023283,unassigned,18,1
compartment,expression_summary+fitness_screens,median,rank,50,0.0,60,42,3000,12,2,0.166,0.3899673506609114,0.6414364640883979,unassigned,16,1
compartment,expression_summary,median,rank,15,0.0,25,42,3000,4,5,0.0,0.3879024041671246,0.6195856873822976,unassigned,18,1
compartment,expression_raw,median,rank,15,0.25,25,42,3000,18,4,0.029666666666666668,0.38757728408976083,0.6309103740296401,unassigned,17,1
compartment,expression_summary+expression_raw+fitness_screens,median,rank,50,0.25,60,42,3000,30,2,0.22233333333333333,0.38705371642722336,0.6274278987639788,unassigned,14,1
compartment,expression_summary+fitness_screens+protein_features,median,rank,15,0.25,60,42,3000,25,4,0.294,0.38690002240475335,0.5544468546637744,unassigned,12,1
compartment,expression_summary+expression_raw+interactions,median,rank,15,0.0,25,42,3000,26,6,0.0,0.38456996018205364,0.5909090909090909,unassigned,18,1
compartment,expression_raw+published_screens+interactions,median,rank,15,0.0,25,42,3000,34,11,0.11566666666666667,0.38219911023784364,0.562937062937063,unassigned,15,1
compartment,expression_summary+expression_raw+fitness_screens,median,rank,15,0.25,60,42,3000,30,2,0.4116666666666667,0.3817594275584568,0.6183953033268101,unassigned,13,1
compartment,expression_summary+expression_raw+published_screens,median,rank,50,0.25,60,42,3000,34,2,0.196,0.3802019597128399,0.6287663445139283,unassigned,15,1
compartment,expression_summary+fitness_screens+protein_features,median,rank,50,0.25,60,42,3000,25,3,0.356,0.37902685762194954,0.5324027916251245,unassigned,12,1
compartment,expression_summary,median,rank,15,0.0,60,42,3000,4,3,0.045,0.37900094028120507,0.6208086785009862,unassigned,18,1
compartment,fitness_screens+interactions,median,rank,50,0.0,25,42,3000,12,15,0.21466666666666667,0.3776071938058428,0.5499021526418786,unassigned,15,1
compartment,expression_summary+fitness_screens+interactions,median,rank,50,0.25,60,42,3000,16,7,0.44133333333333336,0.3754716278646867,0.5233100233100234,unassigned,12,1
compartment,expression_raw+fitness_screens+protein_features,median,rank,15,0.25,60,42,3000,39,3,0.21866666666666668,0.3747580726974867,0.5406237966884867,unassigned,13,1
compartment,expression_raw,median,rank,15,0.25,60,42,3000,18,2,0.07466666666666667,0.3741935909181187,0.6250619118375433,unassigned,17,1
compartment,expression_raw,median,rank,50,0.25,60,42,3000,18,2,0.07733333333333334,0.37286794450292976,0.6222000995520159,unassigned,18,1
compartment,expression_raw+fitness_screens+protein_features,median,rank,50,0.25,25,42,3000,39,6,0.16466666666666666,0.37256313421077586,0.5256931608133086,unassigned,15,1
compartment,expression_raw+fitness_screens+protein_features,median,rank,50,0.25,60,42,3000,39,3,0.218,0.3724382321930718,0.5337495122902848,unassigned,14,1
compartment,expression_raw+published_screens+protein_features,median,rank,15,0.25,25,42,3000,43,9,0.197,0.36990078525435877,0.5324869305451829,unassigned,14,1
compartment,expression_summary,median,rank,50,0.0,60,42,3000,4,2,0.06133333333333333,0.36944368818246154,0.6134122287968442,unassigned,18,1
compartment,published_screens+protein_features+interactions,median,rank,50,0.0,25,42,3000,29,13,0.059666666666666666,0.36513239352974325,0.5668623613829092,unassigned,18,1
compartment,fitness_screens+published_screens+interactions,median,rank,50,0.25,60,42,3000,24,4,0.33266666666666667,0.3645713508294209,0.5358649789029535,unassigned,14,1
compartment,protein_features+interactions,median,rank,50,0.25,60,42,3000,17,2,0.0,0.36269642482210057,0.5703054127608104,unassigned,18,1
compartment,expression_summary+fitness_screens+interactions,median,rank,50,0.25,25,42,3000,16,8,0.33466666666666667,0.36244629640164877,0.5304304799604156,unassigned,13,1
compartment,expression_raw+published_screens+interactions,median,rank,50,0.25,60,42,3000,34,5,0.154,0.361356748859052,0.5345016429353778,unassigned,15,1
compartment,fitness_screens+published_screens+interactions,median,rank,50,0.25,25,42,3000,24,13,0.4093333333333333,0.36127411822583777,0.4821548821548822,unassigned,12,0
compartment,expression_summary+fitness_screens+protein_features,median,rank,50,0.25,25,42,3000,25,8,0.2856666666666667,0.36059771289047976,0.5066666666666666,unassigned,13,1
compartment,expression_summary+published_screens+interactions,median,rank,50,0.25,25,42,3000,20,5,0.086,0.3604922730327855,0.5282363162467419,unassigned,15,1
compartment,expression_raw+fitness_screens+interactions,median,rank,50,0.25,60,42,3000,30,6,0.178,0.3604776830311025,0.5154103230597846,unassigned,15,1
compartment,expression_summary+published_screens+interactions,median,rank,50,0.0,60,42,3000,20,5,0.024666666666666667,0.36045844819235684,0.5332792207792207,unassigned,16,1
compartment,fitness_screens+protein_features+interactions,median,rank,15,0.0,25,42,3000,25,19,0.15533333333333332,0.3603609456331472,0.508044856167723,unassigned,16,1
compartment,expression_summary+fitness_screens+protein_features,median,rank,50,0.0,25,42,3000,25,7,0.06133333333333333,0.35992157516699497,0.5245901639344263,unassigned,17,1
compartment,expression_raw+published_screens+interactions,median,rank,15,0.25,25,42,3000,34,6,0.09766666666666667,0.35966901393228745,0.5239786856127886,unassigned,15,1
compartment,expression_raw+fitness_screens+interactions,median,rank,15,0.25,60,42,3000,30,6,0.15066666666666667,0.3594692422639235,0.5228185469149325,unassigned,16,1
compartment,expression_raw+protein_features,median,rank,15,0.25,25,42,3000,31,13,0.13666666666666666,0.3590182121539361,0.5501509560550151,unassigned,17,1
compartment,expression_summary,median,rank,50,0.25,60,42,3000,4,3,0.16366666666666665,0.3588088673561875,0.5982092893116955,unassigned,15,1
compartment,expression_summary+fitness_screens+protein_features,median,rank,50,0.0,60,42,3000,25,4,0.075,0.3579790748482952,0.5118082481494536,unassigned,17,1
compartment,fitness_screens+protein_features,median,rank,15,0.0,25,42,3000,21,16,0.10266666666666667,0.3574274629300371,0.5409047160731474,unassigned,16,1
compartment,expression_summary+published_screens+interactions,median,rank,50,0.25,60,42,3000,20,5,0.18966666666666668,0.3567129007416801,0.5263157894736841,unassigned,14,1
compartment,published_screens+protein_features+interactions,median,rank,15,0.0,60,42,3000,29,5,0.0,0.3562764591468087,0.5461441213653604,unassigned,18,1
compartment,expression_summary+published_screens+interactions,median,rank,50,0.0,25,42,3000,20,5,0.015333333333333332,0.35595911821173176,0.5316045380875203,unassigned,17,1
compartment,expression_raw+published_screens+interactions,median,rank,50,0.0,25,42,3000,34,5,0.012,0.3553799679089271,0.5276767676767676,unassigned,17,1
compartment,expression_raw+published_screens+interactions,median,rank,50,0.0,60,42,3000,34,4,0.001,0.35535193158852546,0.5274636510500808,unassigned,18,1
compartment,expression_raw+protein_features+interactions,median,rank,15,0.25,60,42,3000,35,3,0.025666666666666667,0.35513152594325237,0.5546597871654304,unassigned,18,1
compartment,expression_raw+published_screens+protein_features,median,rank,50,0.25,60,42,3000,43,2,0.013666666666666667,0.35467148541264243,0.5522580645161291,unassigned,17,1
compartment,expression_raw+published_screens+protein_features,median,rank,15,0.0,60,42,3000,43,2,0.0,0.35430250134620844,0.556362488159141,unassigned,18,1
compartment,expression_raw+published_screens+protein_features,median,rank,15,0.0,25,42,3000,43,2,0.0,0.35430250134620844,0.556362488159141,unassigned,18,1
compartment,expression_raw+protein_features+interactions,median,rank,15,0.25,25,42,3000,35,4,0.0036666666666666666,0.35377087039549404,0.5501269035532996,unassigned,18,1
compartment,expression_summary+protein_features+interactions,median,rank,15,0.0,25,42,3000,21,15,0.073,0.3536110192072178,0.51395657953035,unassigned,16,1
compartment,expression_summary+fitness_screens,median,rank,50,0.25,25,42,3000,12,5,0.3433333333333333,0.3534002815802662,0.5366403607666291,unassigned,13,1
compartment,expression_summary+fitness_screens+protein_features,median,rank,15,0.0,60,42,3000,25,4,0.023,0.3533046765610793,0.5028648466464443,unassigned,17,1
compartment,expression_summary+published_screens,median,rank,50,0.25,60,42,3000,16,6,0.537,0.3532356222789619,0.5446224256292906,unassigned,12,1
compartment,expression_raw+fitness_screens+interactions,median,rank,50,0.25,25,42,3000,30,6,0.118,0.353204604672872,0.5106232294617564,unassigned,16,1
compartment,expression_summary+expression_raw+interactions,median,rank,50,0.25,60,42,3000,26,6,0.203,0.3529679146836807,0.5157182650218862,unassigned,16,1
compartment,expression_raw+published_screens+protein_features,median,rank,50,0.25,25,42,3000,43,2,0.017333333333333333,0.35289632916021274,0.5502920181700195,unassigned,17,1
compartment,expression_summary+protein_features+interactions,median,rank,15,0.25,60,42,3000,21,3,0.007333333333333333,0.3527347510193258,0.5510914267636823,unassigned,18,1
compartment,expression_raw+published_screens+interactions,median,rank,50,0.25,25,42,3000,34,5,0.07766666666666666,0.3526384949232978,0.5172866520787747,unassigned,16,1
compartment,expression_summary+protein_features,median,rank,50,0.0,25,42,3000,17,4,0.007333333333333333,0.35258996076896637,0.5205479452054794,unassigned,18,1
compartment,expression_raw+published_screens+interactions,median,rank,15,0.25,60,42,3000,34,5,0.106,0.35248261719210333,0.5256140350877193,unassigned,16,1
compartment,expression_summary+protein_features,median,rank,15,0.25,60,42,3000,17,4,0.06166666666666667,0.3523386809811738,0.5254299304793266,unassigned,17,1
compartment,expression_summary,median,rank,15,0.25,60,42,3000,4,2,0.21833333333333332,0.3515182000704186,0.6007172743574417,unassigned,16,1
compartment,expression_summary+protein_features+interactions,median,rank,50,0.0,25,42,3000,21,6,0.0033333333333333335,0.35146230788269855,0.5238668271159247,unassigned,18,1
compartment,expression_raw+published_screens+protein_features,median,rank,15,0.25,60,42,3000,43,2,0.02033333333333333,0.35145384601790297,0.5497228562112814,unassigned,17,1
compartment,expression_summary+protein_features+interactions,median,rank,15,0.25,25,42,3000,21,3,0.0,0.35119740009842837,0.5505050505050505,unassigned,18,1
compartment,expression_summary+protein_features+interactions,median,rank,50,0.25,25,42,3000,21,2,0.0,0.3509885950788011,0.5504587155963302,unassigned,18,1
compartment,expression_summary+protein_features+interactions,median,rank,50,0.25,60,42,3000,21,2,0.0,0.3509885950788011,0.5504587155963302,unassigned,18,1
compartment,expression_raw+fitness_screens+interactions,median,rank,15,0.25,25,42,3000,30,7,0.10533333333333333,0.350897116437587,0.5114315863524446,unassigned,16,1
compartment,fitness_screens+protein_features+interactions,median,rank,50,0.0,60,42,3000,25,2,0.0,0.3507336905522826,0.5499524262607042,unassigned,18,1
compartment,fitness_screens+protein_features+interactions,median,rank,50,0.0,25,42,3000,25,2,0.0,0.3507336905522826,0.5499524262607042,unassigned,18,1
compartment,published_screens+protein_features,median,rank,50,0.25,60,42,3000,25,2,0.006666666666666667,0.3506733114313972,0.5510400000000001,unassigned,18,1
compartment,expression_summary+protein_features+interactions,median,rank,50,0.0,60,42,3000,21,2,0.0,0.35061382934178004,0.5498260044289782,unassigned,18,1
compartment,expression_summary+protein_features,median,rank,15,0.0,60,42,3000,17,4,0.0,0.3504492331977454,0.5178632187818986,unassigned,18,1
compartment,published_screens+protein_features+interactions,median,rank,50,0.25,25,42,3000,29,2,0.0,0.3503488437842902,0.5487843384906852,unassigned,18,1
compartment,published_screens+protein_features+interactions,median,rank,50,0.25,60,42,3000,29,2,0.0,0.3503488437842902,0.5487843384906852,unassigned,18,1
compartment,published_screens+protein_features+interactions,median,rank,50,0.0,60,42,3000,29,2,0.0,0.35015294235191363,0.5486111111111112,unassigned,18,1
compartment,fitness_screens+published_screens+protein_features,median,rank,50,0.25,60,42,3000,33,2,0.012666666666666666,0.35005866100132343,0.5478654592496767,unassigned,17,1
compartment,expression_raw+published_screens+protein_features,median,rank,50,0.0,60,42,3000,43,2,0.0,0.34984131494539344,0.5487456335344554,unassigned,18,1
compartment,expression_raw+published_screens+protein_features,median,rank,50,0.0,25,42,3000,43,2,0.0,0.34984131494539344,0.5487456335344554,unassigned,18,1
compartment,expression_raw+published_screens+interactions,median,rank,15,0.0,60,42,3000,34,5,0.007,0.34910884097507344,0.5216686917780478,unassigned,18,1
compartment,fitness_screens+published_screens+protein_features,median,rank,15,0.0,60,42,3000,33,2,0.0,0.34904636672825695,0.5471337579617834,unassigned,18,1
compartment,published_screens+protein_features+interactions,median,rank,15,0.25,60,42,3000,29,2,0.0,0.34877919705707633,0.5461441213653604,unassigned,18,1
compartment,published_screens+protein_features+interactions,median,rank,15,0.25,25,42,3000,29,2,0.0,0.34877919705707633,0.5461441213653604,unassigned,18,1
compartment,expression_summary+fitness_screens+protein_features,median,rank,15,0.0,25,42,3000,25,8,0.057,0.34844337780307,0.5408723747980614,unassigned,17,1
compartment,expression_summary+published_screens+protein_features,median,rank,15,0.0,25,42,3000,29,2,0.0,0.34810070771106455,0.5457433290978398,unassigned,18,1
compartment,expression_summary+published_screens+protein_features,median,rank,15,0.0,60,42,3000,29,2,0.0,0.34810070771106455,0.5457433290978398,unassigned,18,1
compartment,expression_summary+published_screens+protein_features,median,rank,50,0.0,25,42,3000,29,2,0.0,0.3477727805699889,0.5449920508744039,unassigned,18,1
compartment,expression_summary+published_screens+protein_features,median,rank,50,0.0,60,42,3000,29,2,0.0,0.3477727805699889,0.5449920508744039,unassigned,18,1
compartment,fitness_screens+published_screens+protein_features,median,rank,50,0.0,60,42,3000,33,2,0.0,0.3474743665139996,0.5443522654754307,unassigned,18,1
compartment,fitness_screens+published_screens+protein_features,median,rank,50,0.0,25,42,3000,33,2,0.0,0.3474743665139996,0.5443522654754307,unassigned,18,1
compartment,fitness_screens+published_screens+protein_features,median,rank,15,0.25,25,42,3000,33,5,0.09066666666666667,0.347163912017847,0.5099656357388316,unassigned,16,1
compartment,expression_summary+published_screens+protein_features,median,rank,50,0.25,60,42,3000,29,2,0.0006666666666666666,0.3471578265691884,0.5441223319528513,unassigned,18,1
compartment,expression_summary+published_screens+protein_features,median,rank,50,0.25,25,42,3000,29,2,0.0003333333333333333,0.3471118025156977,0.5439490445859873,unassigned,18,1
compartment,expression_raw+protein_features+interactions,median,rank,50,0.0,60,42,3000,35,2,0.0,0.34705875151945986,0.5435339308578746,unassigned,18,1
compartment,expression_raw+protein_features+interactions,median,rank,50,0.25,25,42,3000,35,2,0.0,0.34705875151945986,0.5435339308578746,unassigned,18,1
compartment,expression_raw+protein_features+interactions,median,rank,50,0.25,60,42,3000,35,2,0.0,0.34705875151945986,0.5435339308578746,unassigned,18,1
compartment,fitness_screens+protein_features+interactions,median,rank,50,0.25,25,42,3000,25,2,0.0,0.34703714389962437,0.5428937259923176,unassigned,18,1
compartment,fitness_screens+protein_features+interactions,median,rank,50,0.25,60,42,3000,25,2,0.0,0.34703714389962437,0.5428937259923176,unassigned,18,1
compartment,fitness_screens+published_screens+protein_features,median,rank,15,0.25,60,42,3000,33,2,0.017666666666666667,0.34691531815903853,0.5432582435520731,unassigned,17,1
compartment,fitness_screens+protein_features+interactions,median,rank,15,0.0,60,42,3000,25,2,0.0,0.3466046897729941,0.5422535211267606,unassigned,18,1
compartment,fitness_screens+protein_features+interactions,median,rank,15,0.25,60,42,3000,25,2,0.0,0.3466046897729941,0.5422535211267606,unassigned,18,1
compartment,fitness_screens+protein_features+interactions,median,rank,15,0.25,25,42,3000,25,2,0.0,0.3466046897729941,0.5422535211267606,unassigned,18,1
compartment,expression_summary+published_screens+protein_features,median,rank,15,0.25,25,42,3000,29,2,0.0,0.3464644682290826,0.5428480407773177,unassigned,18,1
compartment,expression_summary+published_screens+protein_features,median,rank,15,0.25,60,42,3000,29,2,0.0,0.3464644682290826,0.5428480407773177,unassigned,18,1
compartment,expression_raw+protein_features,median,rank,50,0.0,60,42,3000,31,3,0.0,0.3463357654278597,0.5281999324552515,unassigned,18,1
compartment,expression_raw+fitness_screens+protein_features,median,rank,50,0.0,60,42,3000,39,4,0.11766666666666667,0.34598979348993597,0.4931009440813362,unassigned,16,0
compartment,expression_summary+expression_raw,median,rank,50,0.25,60,42,3000,22,4,0.24566666666666667,0.3456647572529283,0.5574425574425574,unassigned,15,1
compartment,fitness_screens+published_screens+protein_features,median,rank,50,0.25,25,42,3000,33,2,0.013,0.34535941333030046,0.5418559377027904,unassigned,18,1
compartment,expression_raw+fitness_screens+protein_features,median,rank,15,0.0,25,42,3000,39,5,0.015,0.3453392670132545,0.5096453018046048,unassigned,17,1
compartment,fitness_screens+published_screens+protein_features,median,rank,15,0.0,25,42,3000,33,4,0.0,0.3450573132478051,0.5146804835924007,unassigned,18,1
compartment,expression_summary+published_screens+interactions,median,rank,15,0.25,60,42,3000,20,5,0.189,0.344898280336825,0.5136436597110753,unassigned,15,1
compartment,expression_summary+expression_raw,median,rank,15,0.25,60,42,3000,22,4,0.30266666666666664,0.34460835588480004,0.553901996370236,unassigned,13,1
compartment,published_screens+protein_features,median,rank,15,0.25,60,42,3000,25,3,0.007333333333333333,0.3443344077642999,0.515003489183531,unassigned,18,1
compartment,fitness_screens+published_screens+interactions,median,rank,15,0.25,60,42,3000,24,4,0.2786666666666667,0.34361409923770614,0.5141471301535974,unassigned,15,1
compartment,expression_raw+protein_features,median,rank,15,0.25,60,42,3000,31,2,0.009,0.34294577659510944,0.5280437756497948,unassigned,17,1
compartment,expression_summary+protein_features+interactions,median,rank,15,0.0,60,42,3000,21,6,0.0,0.3429359510866183,0.49403747870528103,unassigned,18,0
compartment,expression_raw+fitness_screens+interactions,median,rank,15,0.0,25,42,3000,30,8,0.035666666666666666,0.3428975655076186,0.5036255767963085,unassigned,17,1
compartment,expression_raw+fitness_screens+interactions,median,rank,50,0.0,60,42,3000,30,6,0.04,0.3428937777442494,0.5,unassigned,17,1
compartment,published_screens+protein_features,median,rank,50,0.25,25,42,3000,25,3,0.003,0.34281271002933517,0.5121612230715775,unassigned,18,1
compartment,expression_summary+expression_raw,median,rank,15,0.0,60,42,3000,22,4,0.1,0.3427288387953516,0.5278491859468722,unassigned,16,1
compartment,published_screens+protein_features,median,rank,15,0.25,25,42,3000,25,3,0.0006666666666666666,0.3426329370408144,0.5119667013527576,unassigned,18,1
compartment,published_screens+protein_features,median,rank,50,0.0,60,42,3000,25,3,0.0,0.3424592607927876,0.5116117850953206,unassigned,18,1
compartment,expression_raw+fitness_screens+protein_features,median,rank,15,0.0,60,42,3000,39,3,0.029666666666666668,0.34228076942191193,0.5126760563380283,unassigned,17,1
compartment,fitness_screens+protein_features,median,rank,15,0.0,60,42,3000,21,4,0.01,0.3421390756098154,0.5198889916743755,unassigned,18,1
compartment,expression_raw+protein_features+interactions,median,rank,15,0.0,60,42,3000,35,8,0.051,0.341465202527269,0.48393854748603354,unassigned,16,0
compartment,expression_summary+expression_raw,median,rank,15,0.0,25,42,3000,22,5,0.007333333333333333,0.3412794852965802,0.5350160851274438,unassigned,18,1
compartment,expression_raw+fitness_screens+interactions,median,rank,50,0.0,25,42,3000,30,6,0.028666666666666667,0.34090654244951996,0.5011554968636512,unassigned,17,1
compartment,expression_raw+protein_features,median,rank,50,0.25,60,42,3000,31,2,0.0003333333333333333,0.3407194407176417,0.5283783783783784,unassigned,18,1
compartment,expression_summary+protein_features,median,rank,50,0.0,60,42,3000,17,3,0.0,0.3403570499376379,0.517358747447243,unassigned,18,1
compartment,expression_summary+protein_features,median,rank,50,0.25,60,42,3000,17,3,0.033,0.3402677386079942,0.5200141693234148,unassigned,17,1
compartment,expression_raw+protein_features,median,rank,50,0.25,25,42,3000,31,2,0.0,0.34022394889899266,0.5277027027027027,unassigned,18,1
compartment,expression_summary+fitness_screens+published_screens,median,rank,50,0.0,25,42,3000,24,17,0.395,0.3399869603726031,0.49125596184419706,unassigned,13,0
compartment,expression_summary+protein_features,median,rank,50,0.25,25,42,3000,17,3,0.01,0.3399029355329103,0.5153501207312867,unassigned,17,1
compartment,published_screens+protein_features,median,rank,50,0.0,25,42,3000,25,14,0.07233333333333333,0.3398849530070721,0.495225102319236,unassigned,17,0
compartment,expression_summary+expression_raw+interactions,median,rank,15,0.25,60,42,3000,26,7,0.16333333333333333,0.33969972669504833,0.5075576770087511,unassigned,16,1
compartment,fitness_screens+published_screens+interactions,median,rank,15,0.25,25,42,3000,24,7,0.15933333333333333,0.339634002548876,0.496965369510889,unassigned,15,0
compartment,expression_summary+fitness_screens+interactions,median,rank,50,0.0,25,42,3000,16,9,0.13966666666666666,0.33911217590797116,0.5054012345679013,unassigned,16,1
compartment,expression_summary+expression_raw+protein_features,median,rank,15,0.25,60,42,3000,35,3,0.15033333333333335,0.3388280893402002,0.5143884892086332,unassigned,16,1
compartment,expression_raw+fitness_screens+interactions,median,rank,15,0.0,60,42,3000,30,6,0.024666666666666667,0.33720665315104764,0.5027969726883843,unassigned,18,1
compartment,protein_features+interactions,median,rank,50,0.25,25,42,3000,17,12,0.03766666666666667,0.3365596210050271,0.47889826743669484,unassigned,18,0
compartment,expression_summary+expression_raw,median,rank,15,0.25,25,42,3000,22,6,0.139,0.3359657537127237,0.5350028457598178,unassigned,15,1
compartment,expression_summary+fitness_screens+interactions,median,rank,50,0.0,60,42,3000,16,6,0.187,0.33539875778573464,0.4956340956340956,unassigned,17,0
compartment,fitness_screens+protein_features,median,rank,50,0.0,25,42,3000,21,2,0.0,0.3352521440469372,0.5185437223545424,unassigned,18,1
compartment,fitness_screens+protein_features,median,rank,50,0.0,60,42,3000,21,2,0.0,0.3352521440469372,0.5185437223545424,unassigned,18,1
compartment,fitness_screens+protein_features,median,rank,50,0.25,25,42,3000,21,2,0.0,0.3352521440469372,0.5185437223545424,unassigned,18,1
compartment,fitness_screens+protein_features,median,rank,50,0.25,60,42,3000,21,2,0.0,0.3352521440469372,0.5185437223545424,unassigned,18,1
compartment,fitness_screens+protein_features,median,rank,15,0.25,25,42,3000,21,2,0.0,0.33514535270794105,0.5183673469387755,unassigned,18,1
compartment,fitness_screens+protein_features,median,rank,15,0.25,60,42,3000,21,2,0.0,0.33514535270794105,0.5183673469387755,unassigned,18,1
compartment,fitness_screens+published_screens+interactions,median,rank,50,0.0,60,42,3000,24,5,0.11366666666666667,0.33452848741783886,0.4957670165932949,unassigned,16,0
compartment,protein_features+interactions,median,rank,50,0.0,60,42,3000,17,12,0.036333333333333336,0.3338377541964053,0.47762516614975625,unassigned,17,0
compartment,expression_raw+fitness_screens+protein_features,median,rank,15,0.25,25,42,3000,39,10,0.303,0.33292264412003847,0.4408602150537635,unassigned,13,0
compartment,expression_summary+expression_raw+protein_features,median,rank,50,0.25,60,42,3000,35,4,0.15533333333333332,0.3322871444482738,0.5159633027522935,unassigned,17,1
compartment,expression_summary+expression_raw+published_screens,median,rank,15,0.25,60,42,3000,34,4,0.493,0.3318081751290407,0.5132858068697344,unassigned,14,1
compartment,expression_raw+fitness_screens,median,rank,50,0.25,25,42,3000,26,10,0.6273333333333333,0.3303863134551374,0.38709677419354843,unassigned,11,0
compartment,expression_summary+expression_raw+interactions,median,rank,50,0.0,25,42,3000,26,16,0.117,0.3302660930371596,0.4696066746126341,unassigned,17,0
compartment,expression_raw+interactions,median,rank,15,0.25,25,42,3000,22,8,0.09966666666666667,0.32780318875274667,0.4746932515337423,unassigned,16,0
compartment,expression_summary+expression_raw+interactions,median,rank,15,0.25,25,42,3000,26,7,0.12733333333333333,0.3274035420171129,0.48012470771628996,unassigned,16,0
compartment,expression_raw+fitness_screens+published_screens,median,rank,15,0.25,60,42,3000,38,5,0.556,0.32724462611976796,0.46497461928934003,unassigned,12,0
compartment,fitness_screens+interactions,median,rank,15,0.25,25,42,3000,12,7,0.052333333333333336,0.3271279647999351,0.47883597883597884,unassigned,17,0
compartment,expression_raw+interactions,median,rank,15,0.0,60,42,3000,22,8,0.031,0.32691105999827835,0.48008459640465284,unassigned,18,0
compartment,expression_raw+published_screens,median,rank,15,0.25,25,42,3000,30,7,0.16566666666666666,0.32689911422006906,0.4834049199531433,unassigned,15,0
compartment,expression_summary+published_screens+interactions,median,rank,15,0.25,25,42,3000,20,7,0.17466666666666666,0.32654402404447136,0.47828308635666833,unassigned,15,0
compartment,expression_summary+expression_raw+interactions,median,rank,50,0.0,60,42,3000,26,7,0.084,0.32628286450954413,0.462406015037594,unassigned,17,0
compartment,published_screens+protein_features,median,rank,15,0.0,60,42,3000,25,6,0.022333333333333334,0.32594420878982416,0.4673167208378476,unassigned,17,0
compartment,expression_summary+published_screens+interactions,median,rank,15,0.0,60,42,3000,20,5,0.035,0.32463765663546207,0.4832,unassigned,17,0
compartment,fitness_screens+published_screens+interactions,median,rank,50,0.0,25,42,3000,24,18,0.24766666666666667,0.32359115734226007,0.441025641025641,unassigned,14,0
compartment,fitness_screens+interactions,median,rank,50,0.0,60,42,3000,12,5,0.042333333333333334,0.32250924910081175,0.4827890556045896,unassigned,18,0
compartment,expression_summary+expression_raw+published_screens,median,rank,15,0.0,60,42,3000,34,5,0.09966666666666667,0.32103378736212324,0.47959552184904297,unassigned,17,0
compartment,expression_raw+published_screens,median,rank,50,0.25,60,42,3000,30,5,0.364,0.32089165133448433,0.4721352536005009,unassigned,13,0
compartment,published_screens+interactions,median,rank,50,0.25,25,42,3000,16,11,0.13333333333333333,0.31963492144409666,0.4621017942145734,unassigned,16,0
compartment,expression_summary+protein_features,median,rank,15,0.25,25,42,3000,17,6,0.039,0.31951009718185985,0.45570570570570573,unassigned,17,0
compartment,fitness_screens+published_screens+interactions,median,rank,15,0.0,60,42,3000,24,5,0.03233333333333333,0.31818185262437493,0.4794040315512708,unassigned,18,0
compartment,fitness_screens+interactions,median,rank,15,0.25,60,42,3000,12,5,0.10533333333333333,0.3168038185237477,0.4641148325358852,unassigned,16,0
compartment,fitness_screens+interactions,median,rank,15,0.0,60,42,3000,12,5,0.002,0.3167005495639868,0.46949152542372885,unassigned,18,0
compartment,expression_raw+fitness_screens+protein_features,median,rank,50,0.0,25,42,3000,39,15,0.3506666666666667,0.3153542484200878,0.39825762289981337,unassigned,13,0
compartment,expression_raw+interactions,median,rank,50,0.0,60,42,3000,22,7,0.0003333333333333333,0.3151428546397572,0.4583620096352374,unassigned,18,0
compartment,expression_raw+interactions,median,rank,50,0.0,25,42,3000,22,9,0.0023333333333333335,0.3149946290283333,0.45915201654601856,unassigned,18,0
compartment,expression_summary+published_screens,median,rank,15,0.0,60,42,3000,16,7,0.2786666666666667,0.31197106501806604,0.45882352941176474,unassigned,14,0
compartment,expression_raw+published_screens,median,rank,50,0.25,25,42,3000,30,7,0.201,0.3118045412951063,0.4402764067127345,unassigned,13,0
compartment,expression_raw+interactions,median,rank,15,0.0,25,42,3000,22,9,0.006,0.31179216694180983,0.4520210896309315,unassigned,18,0
compartment,published_screens+interactions,median,rank,50,0.25,60,42,3000,16,6,0.18233333333333332,0.31087830558577534,0.4499802293396599,unassigned,15,0
compartment,expression_summary+published_screens,median,rank,15,0.25,60,42,3000,16,4,0.4613333333333333,0.30845517302930114,0.4748700173310226,unassigned,13,0
compartment,expression_raw+published_screens,median,rank,15,0.25,60,42,3000,30,4,0.35533333333333333,0.30514137098270633,0.4677524429967426,unassigned,14,0
compartment,expression_summary+expression_raw+interactions,median,rank,15,0.0,60,42,3000,26,9,0.08166666666666667,0.30324055118926296,0.4232135807343071,unassigned,17,0
compartment,fitness_screens+interactions,median,rank,15,0.0,25,42,3000,12,9,0.009666666666666667,0.30322004333900315,0.44495867768595043,unassigned,18,0
compartment,expression_raw+published_screens,median,rank,50,0.0,60,42,3000,30,6,0.09966666666666667,0.3030972154736869,0.45030782761653476,unassigned,18,0
compartment,published_screens+interactions,median,rank,50,0.0,60,42,3000,16,6,0.0,0.30301939018907226,0.44299674267100975,unassigned,18,0
compartment,published_screens+interactions,median,rank,50,0.0,25,42,3000,16,6,0.0,0.30301939018907226,0.44299674267100975,unassigned,18,0
compartment,expression_raw+published_screens,median,rank,50,0.0,25,42,3000,30,8,0.06766666666666667,0.3024214228382499,0.43935538592027146,unassigned,17,0
compartment,fitness_screens+published_screens+interactions,median,rank,15,0.0,25,42,3000,24,9,0.017666666666666667,0.3023480654358073,0.4429924861156485,unassigned,18,0
compartment,published_screens+interactions,median,rank,15,0.0,60,42,3000,16,6,0.030666666666666665,0.30169294918774187,0.44369293202570176,unassigned,18,0
compartment,expression_raw+published_screens,median,rank,15,0.0,25,42,3000,30,8,0.019333333333333334,0.30123894286544256,0.4362764682381143,unassigned,18,0
compartment,published_screens+interactions,median,rank,15,0.0,25,42,3000,16,21,0.09166666666666666,0.30035736707052113,0.42809682012339817,unassigned,17,0
compartment,protein_features+interactions,median,rank,15,0.25,25,42,3000,17,23,0.05433333333333333,0.29929168586752597,0.40884438881935753,unassigned,18,0
compartment,expression_summary+expression_raw+protein_features,median,rank,15,0.0,60,42,3000,35,6,0.04066666666666666,0.29537868257720823,0.3987341772151899,unassigned,18,0
compartment,expression_raw+protein_features+interactions,median,rank,50,0.0,25,42,3000,35,20,0.147,0.2906544290112937,0.3828351012536162,unassigned,16,0
compartment,expression_raw+fitness_screens+published_screens,median,rank,15,0.0,25,42,3000,38,15,0.24133333333333334,0.28683439715766407,0.37952846463484763,unassigned,17,0
compartment,expression_summary+expression_raw+protein_features,median,rank,15,0.25,25,42,3000,35,9,0.13766666666666666,0.2864112032994007,0.3637469586374696,unassigned,16,0
compartment,expression_summary+expression_raw+fitness_screens,median,rank,50,0.25,25,42,3000,30,12,0.5376666666666666,0.2854519233383995,0.3805825242718447,cytosol,12,0
compartment,expression_raw+fitness_screens,median,rank,50,0.0,25,42,3000,26,19,0.41,0.2850809197137761,0.34979079497907956,unassigned,13,0
compartment,protein_features+interactions,median,rank,15,0.25,60,42,3000,17,7,0.056,0.28406226083096336,0.4085213032581454,unassigned,16,0
compartment,expression_summary+fitness_screens+protein_features,median,rank,15,0.25,25,42,3000,25,10,0.3313333333333333,0.2824932729704021,0.3673193787981094,unassigned,13,0
compartment,expression_summary+published_screens,median,rank,50,0.0,60,42,3000,16,7,0.20766666666666667,0.2822976793344181,0.4048865619546248,unassigned,15,0
compartment,expression_raw+fitness_screens,median,rank,50,0.0,60,42,3000,26,8,0.45266666666666666,0.2820898428320543,0.35000000000000003,unassigned,12,0
compartment,expression_summary+fitness_screens,median,rank,50,0.0,25,42,3000,12,15,0.397,0.28097736560696934,0.36278342455043006,unassigned,13,0
compartment,expression_raw+protein_features,median,rank,50,0.0,25,42,3000,31,12,0.076,0.2774918541491698,0.378043747420553,unassigned,18,0
compartment,expression_raw+fitness_screens+published_screens,median,rank,50,0.0,60,42,3000,38,8,0.2816666666666667,0.2756041265860358,0.3703180212014135,unassigned,14,0
compartment,expression_raw+protein_features,median,rank,15,0.0,60,42,3000,31,6,0.0036666666666666666,0.2755134956947446,0.36154231347020527,unassigned,18,0
compartment,interactions,median,rank,50,0.0,60,42,3000,4,16,0.071,0.2733510022672013,0.37877211238293446,unassigned,18,0
compartment,expression_summary+expression_raw+fitness_screens,median,rank,50,0.0,60,42,3000,30,8,0.4266666666666667,0.27306708905600974,0.3485342019543974,cytosol,13,0
compartment,expression_raw+fitness_screens+published_screens,median,rank,50,0.0,25,42,3000,38,14,0.312,0.27234314598277765,0.33923303834808266,unassigned,13,0
compartment,expression_summary+expression_raw+published_screens,median,rank,50,0.0,60,42,3000,34,8,0.27066666666666667,0.2721127999787544,0.36177474402730375,unassigned,14,0
compartment,expression_summary+expression_raw+protein_features,median,rank,50,0.0,60,42,3000,35,8,0.08,0.2718354806896979,0.33656684943062004,unassigned,14,0
compartment,expression_summary+expression_raw+fitness_screens,median,rank,15,0.0,60,42,3000,30,7,0.30666666666666664,0.2717884964555168,0.3665676707679253,unassigned,13,0
compartment,interactions,median,rank,50,0.25,60,42,3000,4,14,0.06866666666666667,0.27163296045758656,0.3777893098079917,unassigned,18,0
compartment,expression_raw+protein_features,median,rank,15,0.0,25,42,3000,31,16,0.07433333333333333,0.2693812418714089,0.35581711181530107,unassigned,17,0
compartment,expression_summary+expression_raw+protein_features,median,rank,50,0.0,25,42,3000,35,11,0.042666666666666665,0.26802774922953393,0.334569427276473,unassigned,18,0
compartment,expression_raw+protein_features+interactions,median,rank,15,0.0,25,42,3000,35,15,0.043333333333333335,0.26595939444036665,0.3537532355478861,unassigned,17,0
compartment,expression_summary+protein_features,median,rank,15,0.0,25,42,3000,17,16,0.08766666666666667,0.2657963709991144,0.35687732342007433,unassigned,17,0
compartment,expression_raw+fitness_screens+published_screens,median,rank,15,0.0,60,42,3000,38,9,0.22233333333333333,0.26544637661588943,0.35847917923958966,unassigned,14,0
compartment,published_screens+protein_features+interactions,median,rank,15,0.0,25,42,3000,29,17,0.065,0.26532792265964805,0.35181143605412485,unassigned,16,0
compartment,expression_summary+expression_raw+fitness_screens,median,rank,50,0.0,25,42,3000,30,20,0.43833333333333335,0.2650069341793075,0.30867579908675796,unassigned,13,0
compartment,expression_raw+fitness_screens+published_screens,median,rank,50,0.25,25,42,3000,38,10,0.45166666666666666,0.26263757823293005,0.33153153153153153,unassigned,12,0
compartment,expression_summary+expression_raw+protein_features,median,rank,50,0.25,25,42,3000,35,10,0.19133333333333333,0.2607865984516125,0.3326592517694641,unassigned,15,0
compartment,expression_summary+expression_raw+published_screens,median,rank,50,0.25,25,42,3000,34,19,0.49066666666666664,0.25552763923994704,0.30590339892665475,unassigned,14,0
compartment,protein_features,median,rank,50,0.25,60,42,3000,13,8,0.005,0.25157909382730964,0.3506442795782897,unassigned,18,0
compartment,protein_features,median,rank,50,0.25,25,42,3000,13,18,0.013,0.2513910607062599,0.34683098591549294,unassigned,18,0
compartment,expression_summary+expression_raw+protein_features,median,rank,15,0.0,25,42,3000,35,15,0.059333333333333335,0.24597205536123315,0.3043478260869565,ER,18,0
compartment,protein_features,median,rank,15,0.25,60,42,3000,13,12,0.049,0.24493529946364473,0.3389199255121043,unassigned,18,0
compartment,protein_features,median,rank,15,0.25,25,42,3000,13,23,0.033666666666666664,0.2375897977976374,0.30853299705758724,unassigned,18,0
compartment,expression_summary+expression_raw+published_screens,median,rank,15,0.25,25,42,3000,34,14,0.36533333333333334,0.23260035479045607,0.2766476810414972,unassigned,14,0
compartment,expression_summary+published_screens,median,rank,50,0.0,25,42,3000,16,16,0.196,0.22662187437399461,0.2886501634750117,unassigned,14,0
compartment,expression_raw+fitness_screens,median,rank,15,0.0,25,42,3000,26,25,0.4063333333333333,0.22412774916326123,0.27301587301587305,cytosol,14,0
compartment,expression_summary+published_screens,median,rank,50,0.25,25,42,3000,16,15,0.454,0.22102555207695637,0.27188081936685293,nucleus - chromatin,12,0
compartment,protein_features,median,rank,50,0.0,25,42,3000,13,26,0.035,0.22006741140392497,0.3448275862068966,PM - peripheral 1,18,0
compartment,protein_features,median,rank,50,0.0,60,42,3000,13,16,0.026333333333333334,0.21872509659365802,0.27205882352941174,unassigned,18,0
compartment,interactions,median,rank,15,0.25,60,42,3000,4,14,0.244,0.21685683674115364,0.2808302808302808,unassigned,16,0
compartment,expression_summary+interactions,median,rank,15,0.0,25,42,3000,8,22,0.14466666666666667,0.21257840167365882,0.2710084033613446,unassigned,16,0
compartment,expression_summary+expression_raw+published_screens,median,rank,15,0.0,25,42,3000,34,16,0.16533333333333333,0.21241086158936698,0.25119846596356665,cytosol,16,0
compartment,protein_features+interactions,median,rank,15,0.0,60,42,3000,17,16,0.13133333333333333,0.2106462035363646,0.25136612021857924,unassigned,16,0
compartment,expression_summary+expression_raw+fitness_screens,median,rank,15,0.0,25,42,3000,30,21,0.38066666666666665,0.20488387713075137,0.3140096618357488,cytosol,13,0
compartment,interactions,median,rank,50,0.25,25,42,3000,4,26,0.036333333333333336,0.19255894612476812,0.23661971830985915,cytosol,18,0
compartment,expression_summary+published_screens+interactions,median,rank,15,0.0,25,42,3000,20,24,0.2753333333333333,0.18562839012889215,0.23972602739726026,cytosol,13,0
compartment,protein_features,median,rank,15,0.0,60,42,3000,13,18,0.07266666666666667,0.18414832997379937,0.26506024096385544,ER,18,0
compartment,published_screens+protein_features,median,rank,15,0.0,25,42,3000,25,31,0.12066666666666667,0.18346378846565103,0.2777777777777778,ER,16,0
compartment,expression_summary+expression_raw+published_screens,median,rank,50,0.0,25,42,3000,34,21,0.324,0.18310695154453693,0.27027027027027023,dense granules,14,0
compartment,protein_features,median,rank,15,0.0,25,42,3000,13,33,0.041666666666666664,0.1755868951175121,0.2695035460992908,ER,18,0
compartment,interactions,median,rank,15,0.25,25,42,3000,4,35,0.04533333333333334,0.15539202112792322,0.24068767908309455,cytosol,18,0
compartment,interactions,median,rank,15,0.0,60,42,3000,4,19,0.17733333333333334,0.14744466796136133,0.25,cytosol,17,0
compartment,protein_features+interactions,median,rank,50,0.0,25,42,3000,17,38,0.10466666666666667,0.136206193235419,0.25,PM - peripheral 1,18,0
compartment,interactions,median,rank,15,0.0,25,42,3000,4,49,0.06566666666666666,0.13386133682391324,0.24561403508771934,cytosol,16,0
compartment,protein_features+interactions,median,rank,15,0.0,25,42,3000,17,42,0.068,0.1296216984095008,0.20930232558139533,ER,17,0
compartment,interactions,median,rank,50,0.0,25,42,3000,4,49,0.09033333333333333,0.10590790253379732,0.24925816023738875,cytosol,17,0
stage_enriched_derived,expression_raw+fitness_screens,median,rank,15,0.0,60,42,3000,26,2,0.134,0.7092507554538123,0.8639157155399473,oocyst,3,1
stage_enriched_derived,expression_raw+fitness_screens,median,rank,15,0.0,60,42,3000,26,2,0.134,0.7092507554538123,0.8639157155399473,oocyst,3,1
stage_enriched_derived,expression_raw+fitness_screens+published_screens,median,rank,50,0.25,60,42,3000,38,3,0.488,0.6926284772848935,0.8222996515679442,oocyst,3,1
stage_enriched_derived,expression_raw+interactions,median,rank,15,0.25,60,42,3000,22,2,0.0,0.6911406721464509,0.8542791056283732,oocyst,3,1
stage_enriched_derived,expression_raw+interactions,median,rank,15,0.25,60,42,3000,22,2,0.0,0.6911406721464509,0.8542791056283732,oocyst,3,1
stage_enriched_derived,expression_raw+interactions,median,rank,50,0.25,60,42,3000,22,2,0.0,0.6908836889676603,0.8536209553158706,oocyst,3,1
stage_enriched_derived,expression_raw+interactions,median,rank,50,0.25,25,42,3000,22,2,0.0,0.6908836889676603,0.8536209553158706,oocyst,3,1
stage_enriched_derived,expression_raw+interactions,median,rank,50,0.25,25,42,3000,22,2,0.0,0.6908836889676603,0.8536209553158706,oocyst,3,1
stage_enriched_derived,expression_raw+interactions,median,rank,50,0.25,60,42,3000,22,2,0.0,0.6908836889676603,0.8536209553158706,oocyst,3,1
stage_enriched_derived,expression_raw+fitness_screens+published_screens,median,rank,15,0.25,25,42,3000,38,3,0.08866666666666667,0.6837880668272617,0.8453608247422679,oocyst,3,1
stage_enriched_derived,fitness_screens+published_screens,median,rank,15,0.0,25,42,3000,20,2,0.0,0.6808865250133509,0.8424386381631038,oocyst,3,1
stage_enriched_derived,fitness_screens+published_screens,median,rank,15,0.25,25,42,3000,20,2,0.0,0.6808865250133509,0.8424386381631038,oocyst,3,1
stage_enriched_derived,fitness_screens+published_screens,median,rank,15,0.25,25,42,3000,20,2,0.0,0.6808865250133509,0.8424386381631038,oocyst,3,1
stage_enriched_derived,fitness_screens+published_screens,median,rank,15,0.0,25,42,3000,20,2,0.0,0.6808865250133509,0.8424386381631038,oocyst,3,1
stage_enriched_derived,fitness_screens+published_screens,median,rank,15,0.0,60,42,3000,20,2,0.0,0.6808865250133509,0.8424386381631038,oocyst,3,1
stage_enriched_derived,fitness_screens+published_screens,median,rank,15,0.25,60,42,3000,20,2,0.0,0.6808865250133509,0.8424386381631038,oocyst,3,1
stage_enriched_derived,fitness_screens+published_screens,median,rank,15,0.25,60,42,3000,20,2,0.0,0.6808865250133509,0.8424386381631038,oocyst,3,1
stage_enriched_derived,fitness_screens+published_screens,median,rank,15,0.0,60,42,3000,20,2,0.0,0.6808865250133509,0.8424386381631038,oocyst,3,1
stage_enriched_derived,fitness_screens+published_screens,median,rank,50,0.25,60,42,3000,20,2,0.0,0.6802779060501162,0.8415213946117275,oocyst,3,1
stage_enriched_derived,fitness_screens+published_screens,median,rank,50,0.0,25,42,3000,20,2,0.0,0.6802779060501162,0.8415213946117275,oocyst,3,1
stage_enriched_derived,fitness_screens+published_screens,median,rank,50,0.0,25,42,3000,20,2,0.0,0.6802779060501162,0.8415213946117275,oocyst,3,1
stage_enriched_derived,fitness_screens+published_screens,median,rank,50,0.0,60,42,3000,20,2,0.0,0.6802779060501162,0.8415213946117275,oocyst,3,1
stage_enriched_derived,fitness_screens+published_screens,median,rank,50,0.25,60,42,3000,20,2,0.0,0.6802779060501162,0.8415213946117275,oocyst,3,1
stage_enriched_derived,fitness_screens+published_screens,median,rank,50,0.25,25,42,3000,20,2,0.0,0.6802779060501162,0.8415213946117275,oocyst,3,1
stage_enriched_derived,fitness_screens+published_screens,median,rank,50,0.0,60,42,3000,20,2,0.0,0.6802779060501162,0.8415213946117275,oocyst,3,1
stage_enriched_derived,fitness_screens+published_screens,median,rank,50,0.25,25,42,3000,20,2,0.0,0.6802779060501162,0.8415213946117275,oocyst,3,1
stage_enriched_derived,fitness_screens,median,rank,15,0.25,25,42,3000,8,2,0.0,0.6800442021021483,0.8408551068883611,oocyst,3,1
stage_enriched_derived,fitness_screens,median,rank,15,0.25,60,42,3000,8,2,0.0,0.6800442021021483,0.8408551068883611,oocyst,3,1
stage_enriched_derived,fitness_screens,median,rank,15,0.25,25,42,3000,8,2,0.0,0.6800442021021483,0.8408551068883611,oocyst,3,1
stage_enriched_derived,fitness_screens,median,rank,15,0.0,60,42,3000,8,2,0.0,0.6800442021021483,0.8408551068883611,oocyst,3,1
stage_enriched_derived,fitness_screens,median,rank,15,0.0,25,42,3000,8,2,0.0,0.6800442021021483,0.8408551068883611,oocyst,3,1
stage_enriched_derived,fitness_screens,median,rank,15,0.0,25,42,3000,8,2,0.0,0.6800442021021483,0.8408551068883611,oocyst,3,1
stage_enriched_derived,fitness_screens,median,rank,15,0.0,60,42,3000,8,2,0.0,0.6800442021021483,0.8408551068883611,oocyst,3,1
stage_enriched_derived,fitness_screens,median,rank,15,0.25,60,42,3000,8,2,0.0,0.6800442021021483,0.8408551068883611,oocyst,3,1
stage_enriched_derived,published_screens,median,rank,50,0.25,60,42,3000,12,2,0.0,0.6796168755061982,0.8411811652035116,oocyst,3,1
stage_enriched_derived,published_screens,median,rank,15,0.0,25,42,3000,12,2,0.0,0.6796168755061982,0.8411811652035116,oocyst,3,1
stage_enriched_derived,published_screens,median,rank,50,0.0,25,42,3000,12,2,0.0,0.6796168755061982,0.8411811652035116,oocyst,3,1
stage_enriched_derived,published_screens,median,rank,50,0.0,60,42,3000,12,2,0.0,0.6796168755061982,0.8411811652035116,oocyst,3,1
stage_enriched_derived,published_screens,median,rank,50,0.25,25,42,3000,12,2,0.0,0.6796168755061982,0.8411811652035116,oocyst,3,1
stage_enriched_derived,published_screens,median,rank,50,0.25,25,42,3000,12,2,0.0,0.6796168755061982,0.8411811652035116,oocyst,3,1
stage_enriched_derived,published_screens,median,rank,50,0.25,60,42,3000,12,2,0.0,0.6796168755061982,0.8411811652035116,oocyst,3,1
stage_enriched_derived,published_screens,median,rank,15,0.0,60,42,3000,12,2,0.0,0.6796168755061982,0.8411811652035116,oocyst,3,1
stage_enriched_derived,published_screens,median,rank,50,0.0,60,42,3000,12,2,0.0,0.6796168755061982,0.8411811652035116,oocyst,3,1
stage_enriched_derived,published_screens,median,rank,15,0.0,25,42,3000,12,2,0.0,0.6796168755061982,0.8411811652035116,oocyst,3,1
stage_enriched_derived,published_screens,median,rank,50,0.0,25,42,3000,12,2,0.0,0.6796168755061982,0.8411811652035116,oocyst,3,1
stage_enriched_derived,published_screens,median,rank,15,0.0,60,42,3000,12,2,0.0,0.6796168755061982,0.8411811652035116,oocyst,3,1
stage_enriched_derived,published_screens,median,rank,15,0.25,25,42,3000,12,2,0.0,0.6795954715270779,0.8405103668261563,oocyst,3,1
stage_enriched_derived,published_screens,median,rank,15,0.25,25,42,3000,12,2,0.0,0.6795954715270779,0.8405103668261563,oocyst,3,1
stage_enriched_derived,published_screens,median,rank,15,0.25,60,42,3000,12,2,0.0,0.6795954715270779,0.8405103668261563,oocyst,3,1
stage_enriched_derived,published_screens,median,rank,15,0.25,60,42,3000,12,2,0.0,0.6795954715270779,0.8405103668261563,oocyst,3,1
stage_enriched_derived,fitness_screens,median,rank,50,0.0,60,42,3000,8,2,0.0,0.6794350628397207,0.8399366085578447,oocyst,3,1
stage_enriched_derived,fitness_screens,median,rank,50,0.25,60,42,3000,8,2,0.0,0.6794350628397207,0.8399366085578447,oocyst,3,1
stage_enriched_derived,fitness_screens,median,rank,50,0.0,25,42,3000,8,2,0.0,0.6794350628397207,0.8399366085578447,oocyst,3,1
stage_enriched_derived,fitness_screens,median,rank,50,0.0,60,42,3000,8,2,0.0,0.6794350628397207,0.8399366085578447,oocyst,3,1
stage_enriched_derived,fitness_screens,median,rank,50,0.25,25,42,3000,8,2,0.0,0.6794350628397207,0.8399366085578447,oocyst,3,1
stage_enriched_derived,fitness_screens,median,rank,50,0.25,60,42,3000,8,2,0.0,0.6794350628397207,0.8399366085578447,oocyst,3,1
stage_enriched_derived,fitness_screens,median,rank,50,0.25,25,42,3000,8,2,0.0,0.6794350628397207,0.8399366085578447,oocyst,3,1
stage_enriched_derived,fitness_screens,median,rank,50,0.0,25,42,3000,8,2,0.0,0.6794350628397207,0.8399366085578447,oocyst,3,1
stage_enriched_derived,published_screens+interactions,median,rank,15,0.25,25,42,3000,16,2,0.0,0.6755188798900662,0.831230283911672,oocyst,3,1
stage_enriched_derived,published_screens+interactions,median,rank,15,0.25,60,42,3000,16,2,0.0,0.6755188798900662,0.831230283911672,oocyst,3,1
stage_enriched_derived,published_screens+interactions,median,rank,15,0.25,25,42,3000,16,2,0.0,0.6755188798900662,0.831230283911672,oocyst,3,1
stage_enriched_derived,published_screens+interactions,median,rank,15,0.25,60,42,3000,16,2,0.0,0.6755188798900662,0.831230283911672,oocyst,3,1
stage_enriched_derived,expression_raw+published_screens,median,rank,15,0.0,60,42,3000,30,2,0.0,0.6574206131862566,0.8013998250218723,oocyst,3,1
stage_enriched_derived,expression_raw+published_screens,median,rank,15,0.0,60,42,3000,30,2,0.0,0.6574206131862566,0.8013998250218723,oocyst,3,1
stage_enriched_derived,fitness_screens+interactions,median,rank,50,0.25,60,42,3000,12,4,0.11466666666666667,0.6408679495686795,0.7803030303030304,oocyst,3,1
stage_enriched_derived,fitness_screens+interactions,median,rank,50,0.25,60,42,3000,12,4,0.11466666666666667,0.6408679495686795,0.7803030303030304,oocyst,3,1
stage_enriched_derived,fitness_screens+interactions,median,rank,50,0.25,25,42,3000,12,5,0.033666666666666664,0.630135148479375,0.767420814479638,oocyst,3,1
stage_enriched_derived,fitness_screens+interactions,median,rank,50,0.25,25,42,3000,12,5,0.033666666666666664,0.630135148479375,0.767420814479638,oocyst,3,1
stage_enriched_derived,expression_raw+fitness_screens,median,rank,15,0.25,25,42,3000,26,4,0.35633333333333334,0.6151637676605417,0.7210884353741497,oocyst,3,1
stage_enriched_derived,expression_raw+fitness_screens,median,rank,15,0.25,25,42,3000,26,4,0.35633333333333334,0.6151637676605417,0.7210884353741497,oocyst,3,1
stage_enriched_derived,expression_raw,median,rank,50,0.0,25,42,3000,18,3,0.005,0.6106180945510367,0.732127476313523,oocyst,3,1
stage_enriched_derived,expression_raw,median,rank,50,0.0,25,42,3000,18,3,0.005,0.6106180945510367,0.732127476313523,oocyst,3,1
stage_enriched_derived,expression_raw,median,rank,50,0.25,25,42,3000,18,3,0.021333333333333333,0.6097637622941126,0.735985533453888,oocyst,3,1
stage_enriched_derived,expression_raw,median,rank,50,0.25,25,42,3000,18,3,0.021333333333333333,0.6097637622941126,0.735985533453888,oocyst,3,1
stage_enriched_derived,expression_raw,median,rank,15,0.0,60,42,3000,18,2,0.0,0.6079111272772562,0.7263427109974425,oocyst,3,1
stage_enriched_derived,expression_raw,median,rank,15,0.0,60,42,3000,18,2,0.0,0.6079111272772562,0.7263427109974425,oocyst,3,1
stage_enriched_derived,expression_raw,median,rank,50,0.0,60,42,3000,18,2,0.0,0.6070201882218613,0.7246376811594203,oocyst,3,1
stage_enriched_derived,expression_raw,median,rank,50,0.0,60,42,3000,18,2,0.0,0.6070201882218613,0.7246376811594203,oocyst,3,1
stage_enriched_derived,expression_raw+fitness_screens,median,rank,15,0.25,60,42,3000,26,2,0.41733333333333333,0.6037596782750272,0.7129251700680271,oocyst,3,1
stage_enriched_derived,expression_raw+fitness_screens,median,rank,15,0.25,60,42,3000,26,2,0.41733333333333333,0.6037596782750272,0.7129251700680271,oocyst,3,1
stage_enriched_derived,expression_raw+fitness_screens,median,rank,50,0.25,60,42,3000,26,2,0.3863333333333333,0.598574231923041,0.7021276595744682,oocyst,3,1
stage_enriched_derived,expression_raw+fitness_screens,median,rank,50,0.25,60,42,3000,26,2,0.3863333333333333,0.598574231923041,0.7021276595744682,oocyst,3,1
stage_enriched_derived,expression_raw+protein_features,median,rank,15,0.25,25,42,3000,31,13,0.13666666666666666,0.5873696120303044,0.7058823529411764,oocyst,3,1
stage_enriched_derived,expression_raw+protein_features,median,rank,15,0.25,25,42,3000,31,13,0.13666666666666666,0.5873696120303044,0.7058823529411764,oocyst,3,1
stage_enriched_derived,expression_raw+fitness_screens,median,rank,50,0.25,25,42,3000,26,10,0.6273333333333333,0.5838716731741733,0.650537634408602,oocyst,3,1
stage_enriched_derived,expression_raw+fitness_screens,median,rank,50,0.25,25,42,3000,26,10,0.6273333333333333,0.5838716731741733,0.650537634408602,oocyst,3,1
stage_enriched_derived,expression_raw+published_screens+protein_features,median,rank,15,0.25,25,42,3000,43,9,0.197,0.5758532760755907,0.6840148698884757,oocyst,3,1
stage_enriched_derived,expression_raw+fitness_screens+protein_features,median,rank,15,0.25,60,42,3000,39,3,0.21866666666666668,0.5735963088473762,0.6805555555555557,oocyst,3,1
stage_enriched_derived,expression_raw,median,rank,15,0.0,25,42,3000,18,4,0.0,0.5719253323457096,0.6708185053380783,oocyst,3,1
stage_enriched_derived,expression_raw,median,rank,15,0.0,25,42,3000,18,4,0.0,0.5719253323457096,0.6708185053380783,oocyst,3,1
stage_enriched_derived,expression_raw,median,rank,15,0.25,25,42,3000,18,4,0.029666666666666668,0.5706396305696936,0.6743961352657005,oocyst,3,1
stage_enriched_derived,expression_raw,median,rank,15,0.25,25,42,3000,18,4,0.029666666666666668,0.5706396305696936,0.6743961352657005,oocyst,3,1
stage_enriched_derived,fitness_screens+published_screens+interactions,median,rank,15,0.25,60,42,3000,24,4,0.2786666666666667,0.5680488350806873,0.6675496688741722,oocyst,3,1
stage_enriched_derived,expression_raw+published_screens+interactions,median,rank,50,0.25,60,42,3000,34,5,0.154,0.5665144613652888,0.671462829736211,oocyst,3,1
stage_enriched_derived,expression_raw+fitness_screens+protein_features,median,rank,50,0.25,60,42,3000,39,3,0.218,0.5659902851781812,0.6666666666666667,oocyst,3,1
stage_enriched_derived,fitness_screens+protein_features,median,rank,15,0.0,25,42,3000,21,16,0.10266666666666667,0.5623418683849921,0.6847237269772481,oocyst,3,1
stage_enriched_derived,fitness_screens+protein_features,median,rank,15,0.0,25,42,3000,21,16,0.10266666666666667,0.5623418683849921,0.6847237269772481,oocyst,3,1
stage_enriched_derived,fitness_screens+protein_features,median,rank,15,0.0,60,42,3000,21,4,0.01,0.5608941651384579,0.6673706441393875,oocyst,3,1
stage_enriched_derived,fitness_screens+protein_features,median,rank,15,0.0,60,42,3000,21,4,0.01,0.5608941651384579,0.6673706441393875,oocyst,3,1
stage_enriched_derived,fitness_screens+published_screens+interactions,median,rank,50,0.25,60,42,3000,24,4,0.33266666666666667,0.5606200470684309,0.6630434782608696,oocyst,3,1
stage_enriched_derived,expression_raw,median,rank,15,0.25,60,42,3000,18,2,0.07466666666666667,0.5598732991648673,0.6637362637362638,oocyst,3,1
stage_enriched_derived,expression_raw,median,rank,15,0.25,60,42,3000,18,2,0.07466666666666667,0.5598732991648673,0.6637362637362638,oocyst,3,1
stage_enriched_derived,expression_raw+fitness_screens+interactions,median,rank,15,0.25,60,42,3000,30,6,0.15066666666666667,0.5582748857078443,0.6642246642246642,oocyst,3,1
stage_enriched_derived,fitness_screens+protein_features,median,rank,15,0.25,60,42,3000,21,2,0.0,0.5569697118140023,0.6638655462184874,oocyst,3,1
stage_enriched_derived,fitness_screens+protein_features,median,rank,15,0.25,60,42,3000,21,2,0.0,0.5569697118140023,0.6638655462184874,oocyst,3,1
stage_enriched_derived,fitness_screens+protein_features,median,rank,15,0.25,25,42,3000,21,2,0.0,0.5569697118140023,0.6638655462184874,oocyst,3,1
stage_enriched_derived,fitness_screens+protein_features,median,rank,15,0.25,25,42,3000,21,2,0.0,0.5569697118140023,0.6638655462184874,oocyst,3,1
stage_enriched_derived,fitness_screens+protein_features,median,rank,50,0.0,25,42,3000,21,2,0.0,0.5565596630746779,0.6631689401888773,oocyst,3,1
stage_enriched_derived,fitness_screens+protein_features,median,rank,50,0.0,60,42,3000,21,2,0.0,0.5565596630746779,0.6631689401888773,oocyst,3,1
stage_enriched_derived,fitness_screens+protein_features,median,rank,50,0.25,25,42,3000,21,2,0.0,0.5565596630746779,0.6631689401888773,oocyst,3,1
stage_enriched_derived,fitness_screens+protein_features,median,rank,50,0.25,60,42,3000,21,2,0.0,0.5565596630746779,0.6631689401888773,oocyst,3,1
stage_enriched_derived,fitness_screens+protein_features,median,rank,50,0.25,25,42,3000,21,2,0.0,0.5565596630746779,0.6631689401888773,oocyst,3,1
stage_enriched_derived,fitness_screens+protein_features,median,rank,50,0.0,60,42,3000,21,2,0.0,0.5565596630746779,0.6631689401888773,oocyst,3,1
stage_enriched_derived,fitness_screens+protein_features,median,rank,50,0.0,25,42,3000,21,2,0.0,0.5565596630746779,0.6631689401888773,oocyst,3,1
stage_enriched_derived,fitness_screens+protein_features,median,rank,50,0.25,60,42,3000,21,2,0.0,0.5565596630746779,0.6631689401888773,oocyst,3,1
stage_enriched_derived,expression_raw,median,rank,50,0.25,60,42,3000,18,2,0.07733333333333334,0.5559398599955001,0.6598173515981736,oocyst,3,1
stage_enriched_derived,expression_raw,median,rank,50,0.25,60,42,3000,18,2,0.07733333333333334,0.5559398599955001,0.6598173515981736,oocyst,3,1
stage_enriched_derived,expression_raw+fitness_screens+interactions,median,rank,50,0.25,60,42,3000,30,6,0.178,0.5556253760936332,0.657601977750309,oocyst,3,1
stage_enriched_derived,expression_raw+fitness_screens+protein_features,median,rank,15,0.0,60,42,3000,39,3,0.029666666666666668,0.551392012962257,0.6533776301218163,oocyst,3,1
stage_enriched_derived,expression_raw+published_screens+interactions,median,rank,15,0.25,60,42,3000,34,5,0.106,0.5512731010512286,0.655011655011655,oocyst,3,1
stage_enriched_derived,expression_raw+fitness_screens+interactions,median,rank,15,0.25,25,42,3000,30,7,0.10533333333333333,0.55066012669544,0.65,oocyst,3,1
stage_enriched_derived,expression_raw+published_screens,median,rank,15,0.25,25,42,3000,30,7,0.16566666666666666,0.5494561457192211,0.6438356164383562,oocyst,3,1
stage_enriched_derived,expression_raw+published_screens,median,rank,15,0.25,25,42,3000,30,7,0.16566666666666666,0.5494561457192211,0.6438356164383562,oocyst,3,1
stage_enriched_derived,fitness_screens+published_screens+interactions,median,rank,15,0.25,25,42,3000,24,7,0.15933333333333333,0.5479643118536732,0.6568627450980392,oocyst,3,1
stage_enriched_derived,expression_raw+fitness_screens+protein_features,median,rank,50,0.25,25,42,3000,39,6,0.16466666666666666,0.5445594006740103,0.6531130876747141,oocyst,3,1
stage_enriched_derived,expression_raw+fitness_screens+interactions,median,rank,50,0.25,25,42,3000,30,6,0.118,0.542984538055448,0.6374407582938388,oocyst,3,1
stage_enriched_derived,expression_raw+fitness_screens+protein_features,median,rank,15,0.0,25,42,3000,39,5,0.015,0.5425102034537301,0.6490649064906491,oocyst,3,1
stage_enriched_derived,fitness_screens+published_screens+protein_features,median,rank,15,0.25,25,42,3000,33,5,0.09066666666666667,0.5390791043887193,0.6414662084765177,oocyst,3,1
stage_enriched_derived,expression_raw+protein_features,median,rank,15,0.25,60,42,3000,31,2,0.009,0.5385362475746263,0.6398258977149075,oocyst,3,1
stage_enriched_derived,expression_raw+protein_features,median,rank,15,0.25,60,42,3000,31,2,0.009,0.5385362475746263,0.6398258977149075,oocyst,3,1
stage_enriched_derived,fitness_screens+published_screens+interactions,median,rank,50,0.0,60,42,3000,24,5,0.11366666666666667,0.5367780303028287,0.636986301369863,oocyst,3,1
stage_enriched_derived,expression_raw+published_screens+interactions,median,rank,50,0.25,25,42,3000,34,5,0.07766666666666666,0.5367659726882673,0.6398158803222095,oocyst,3,1
stage_enriched_derived,expression_raw+protein_features,median,rank,50,0.25,25,42,3000,31,2,0.0,0.5357680630660627,0.6366559485530546,oocyst,3,1
stage_enriched_derived,expression_raw+protein_features,median,rank,50,0.25,25,42,3000,31,2,0.0,0.5357680630660627,0.6366559485530546,oocyst,3,1
stage_enriched_derived,expression_raw+protein_features,median,rank,50,0.25,60,42,3000,31,2,0.0003333333333333333,0.5346585336344508,0.6351931330472104,oocyst,3,1
stage_enriched_derived,expression_raw+protein_features,median,rank,50,0.25,60,42,3000,31,2,0.0003333333333333333,0.5346585336344508,0.6351931330472104,oocyst,3,1
stage_enriched_derived,fitness_screens+protein_features+interactions,median,rank,15,0.0,60,42,3000,25,2,0.0,0.5340332036640144,0.6303162486368593,oocyst,3,1
stage_enriched_derived,fitness_screens+protein_features+interactions,median,rank,15,0.25,25,42,3000,25,2,0.0,0.5340332036640144,0.6303162486368593,oocyst,3,1
stage_enriched_derived,fitness_screens+protein_features+interactions,median,rank,50,0.25,25,42,3000,25,2,0.0,0.5340332036640144,0.6303162486368593,oocyst,3,1
stage_enriched_derived,fitness_screens+protein_features+interactions,median,rank,15,0.25,60,42,3000,25,2,0.0,0.5340332036640144,0.6303162486368593,oocyst,3,1
stage_enriched_derived,fitness_screens+protein_features+interactions,median,rank,50,0.25,60,42,3000,25,2,0.0,0.5340332036640144,0.6303162486368593,oocyst,3,1
stage_enriched_derived,published_screens+protein_features,median,rank,50,0.0,25,42,3000,25,14,0.07233333333333333,0.5338981300645922,0.641552511415525,oocyst,3,1
stage_enriched_derived,published_screens+protein_features,median,rank,50,0.0,25,42,3000,25,14,0.07233333333333333,0.5338981300645922,0.641552511415525,oocyst,3,1
stage_enriched_derived,expression_raw+fitness_screens+interactions,median,rank,15,0.0,60,42,3000,30,6,0.024666666666666667,0.5335434621949668,0.6358511837655016,oocyst,3,1
stage_enriched_derived,expression_raw+fitness_screens,median,rank,50,0.0,60,42,3000,26,8,0.45266666666666666,0.532581592663157,0.5859030837004405,oocyst,3,1
stage_enriched_derived,expression_raw+fitness_screens,median,rank,50,0.0,60,42,3000,26,8,0.45266666666666666,0.532581592663157,0.5859030837004405,oocyst,3,1
stage_enriched_derived,expression_raw+fitness_screens+protein_features,median,rank,50,0.0,60,42,3000,39,4,0.11766666666666667,0.5322004269904149,0.6251556662515567,oocyst,3,1
stage_enriched_derived,fitness_screens+published_screens+protein_features,median,rank,15,0.25,60,42,3000,33,2,0.017666666666666667,0.5308722502099931,0.6263982102908278,oocyst,3,1
stage_enriched_derived,expression_raw+protein_features+interactions,median,rank,50,0.0,60,42,3000,35,2,0.0,0.5307652775688932,0.6281352235550709,oocyst,3,1
stage_enriched_derived,expression_raw+protein_features+interactions,median,rank,50,0.25,25,42,3000,35,2,0.0,0.5307652775688932,0.6281352235550709,oocyst,3,1
stage_enriched_derived,expression_raw+protein_features+interactions,median,rank,50,0.25,60,42,3000,35,2,0.0,0.5307652775688932,0.6281352235550709,oocyst,3,1
stage_enriched_derived,expression_raw+fitness_screens+interactions,median,rank,15,0.0,25,42,3000,30,8,0.035666666666666666,0.5294975500811211,0.632286995515695,oocyst,3,1
stage_enriched_derived,fitness_screens+published_screens+protein_features,median,rank,50,0.25,60,42,3000,33,2,0.012666666666666666,0.5290304525220246,0.623608017817372,oocyst,3,1
stage_enriched_derived,published_screens+protein_features,median,rank,50,0.25,60,42,3000,25,2,0.006666666666666667,0.528187468610342,0.6223698781838316,oocyst,3,1
stage_enriched_derived,published_screens+protein_features,median,rank,50,0.25,60,42,3000,25,2,0.006666666666666667,0.528187468610342,0.6223698781838316,oocyst,3,1
stage_enriched_derived,fitness_screens+protein_features+interactions,median,rank,50,0.0,60,42,3000,25,2,0.0,0.5281552757801007,0.6226622662266228,oocyst,3,1
stage_enriched_derived,fitness_screens+protein_features+interactions,median,rank,50,0.0,25,42,3000,25,2,0.0,0.5281552757801007,0.6226622662266228,oocyst,3,1
stage_enriched_derived,published_screens+protein_features,median,rank,15,0.25,60,42,3000,25,3,0.007333333333333333,0.5272919222012632,0.6223698781838316,oocyst,3,1
stage_enriched_derived,published_screens+protein_features,median,rank,15,0.25,60,42,3000,25,3,0.007333333333333333,0.5272919222012632,0.6223698781838316,oocyst,3,1
stage_enriched_derived,published_screens+protein_features+interactions,median,rank,15,0.25,25,42,3000,29,2,0.0,0.5270854714329687,0.6204620462046205,oocyst,3,1
stage_enriched_derived,published_screens+protein_features+interactions,median,rank,15,0.25,60,42,3000,29,2,0.0,0.5270854714329687,0.6204620462046205,oocyst,3,1
stage_enriched_derived,expression_raw+published_screens+protein_features,median,rank,15,0.25,60,42,3000,43,2,0.02033333333333333,0.5267078834623631,0.6205357142857142,oocyst,3,1
stage_enriched_derived,expression_raw+published_screens+interactions,median,rank,50,0.0,25,42,3000,34,5,0.012,0.5266132758209081,0.628385698808234,oocyst,3,1
stage_enriched_derived,fitness_screens+published_screens+protein_features,median,rank,50,0.25,25,42,3000,33,2,0.013,0.525947574611593,0.6216814159292035,oocyst,3,1
stage_enriched_derived,published_screens+protein_features+interactions,median,rank,50,0.0,60,42,3000,29,2,0.0,0.5258592171941749,0.6196251378169789,oocyst,3,1
stage_enriched_derived,published_screens+protein_features+interactions,median,rank,50,0.25,25,42,3000,29,2,0.0,0.5258592171941749,0.6196251378169789,oocyst,3,1
stage_enriched_derived,published_screens+protein_features+interactions,median,rank,50,0.25,60,42,3000,29,2,0.0,0.5258592171941749,0.6196251378169789,oocyst,3,1
stage_enriched_derived,expression_raw+published_screens+interactions,median,rank,50,0.0,60,42,3000,34,4,0.001,0.52566820872931,0.628385698808234,oocyst,3,1
stage_enriched_derived,published_screens+protein_features,median,rank,50,0.25,25,42,3000,25,3,0.003,0.5247199221784631,0.6216814159292036,oocyst,3,1
stage_enriched_derived,published_screens+protein_features,median,rank,15,0.25,25,42,3000,25,3,0.0006666666666666666,0.5247199221784631,0.6216814159292036,oocyst,3,1
stage_enriched_derived,published_screens+protein_features,median,rank,15,0.25,25,42,3000,25,3,0.0006666666666666666,0.5247199221784631,0.6216814159292036,oocyst,3,1
stage_enriched_derived,published_screens+protein_features,median,rank,50,0.25,25,42,3000,25,3,0.003,0.5247199221784631,0.6216814159292036,oocyst,3,1
stage_enriched_derived,published_screens+protein_features,median,rank,50,0.0,60,42,3000,25,3,0.0,0.5247199221784631,0.6216814159292036,oocyst,3,1
stage_enriched_derived,published_screens+protein_features,median,rank,50,0.0,60,42,3000,25,3,0.0,0.5247199221784631,0.6216814159292036,oocyst,3,1
stage_enriched_derived,expression_raw+fitness_screens+interactions,median,rank,50,0.0,25,42,3000,30,6,0.028666666666666667,0.5244815084199193,0.6220735785953176,oocyst,3,1
stage_enriched_derived,expression_raw+published_screens+protein_features,median,rank,50,0.25,25,42,3000,43,2,0.017333333333333333,0.5240773191415583,0.6172566371681416,oocyst,3,1
stage_enriched_derived,expression_raw+published_screens+protein_features,median,rank,50,0.25,60,42,3000,43,2,0.013666666666666667,0.5237705724733304,0.6165745856353593,oocyst,3,1
stage_enriched_derived,expression_raw+interactions,median,rank,15,0.25,25,42,3000,22,8,0.09966666666666667,0.5237041749254162,0.623574144486692,oocyst,3,1
stage_enriched_derived,expression_raw+interactions,median,rank,15,0.25,25,42,3000,22,8,0.09966666666666667,0.5237041749254162,0.623574144486692,oocyst,3,1
stage_enriched_derived,expression_raw+published_screens+protein_features,median,rank,15,0.0,60,42,3000,43,2,0.0,0.5235555972411559,0.6165745856353593,oocyst,3,1
stage_enriched_derived,expression_raw+published_screens+protein_features,median,rank,15,0.0,25,42,3000,43,2,0.0,0.5235555972411559,0.6165745856353593,oocyst,3,1
stage_enriched_derived,expression_raw+protein_features+interactions,median,rank,15,0.0,60,42,3000,35,8,0.051,0.523275290967749,0.6207701283547258,oocyst,3,1
stage_enriched_derived,fitness_screens+published_screens+protein_features,median,rank,50,0.0,60,42,3000,33,2,0.0,0.5229057855093598,0.618421052631579,oocyst,3,1
stage_enriched_derived,fitness_screens+published_screens+protein_features,median,rank,50,0.0,25,42,3000,33,2,0.0,0.5229057855093598,0.618421052631579,oocyst,3,1
stage_enriched_derived,fitness_screens+published_screens+protein_features,median,rank,15,0.0,60,42,3000,33,2,0.0,0.5229057855093598,0.618421052631579,oocyst,3,1
stage_enriched_derived,expression_raw+fitness_screens+interactions,median,rank,50,0.0,60,42,3000,30,6,0.04,0.522501774085798,0.6148723640399556,oocyst,3,1
stage_enriched_derived,expression_raw+published_screens+interactions,median,rank,15,0.0,60,42,3000,34,5,0.007,0.5217740060451057,0.6217391304347826,oocyst,3,1
stage_enriched_derived,fitness_screens+published_screens+protein_features,median,rank,15,0.0,25,42,3000,33,4,0.0,0.5214063955798163,0.6170921198668147,oocyst,3,1
stage_enriched_derived,expression_raw+published_screens+protein_features,median,rank,50,0.0,25,42,3000,43,2,0.0,0.5181862288179091,0.6114790286975718,oocyst,3,1
stage_enriched_derived,expression_raw+published_screens+protein_features,median,rank,50,0.0,60,42,3000,43,2,0.0,0.5181862288179091,0.6114790286975718,oocyst,3,1
stage_enriched_derived,published_screens+interactions,median,rank,50,0.25,25,42,3000,16,11,0.13333333333333333,0.5148441599616976,0.6151960784313726,oocyst,3,1
stage_enriched_derived,published_screens+interactions,median,rank,50,0.25,25,42,3000,16,11,0.13333333333333333,0.5148441599616976,0.6151960784313726,oocyst,3,1
stage_enriched_derived,protein_features+interactions,median,rank,50,0.25,60,42,3000,17,2,0.0,0.5145461502008439,0.6063072227873856,oocyst,3,1
stage_enriched_derived,protein_features+interactions,median,rank,50,0.25,60,42,3000,17,2,0.0,0.5145461502008439,0.6063072227873856,oocyst,3,1
stage_enriched_derived,expression_raw+interactions,median,rank,15,0.0,60,42,3000,22,8,0.031,0.5134951375806031,0.6141552511415526,oocyst,3,1
stage_enriched_derived,expression_raw+interactions,median,rank,15,0.0,60,42,3000,22,8,0.031,0.5134951375806031,0.6141552511415526,oocyst,3,1
stage_enriched_derived,published_screens+interactions,median,rank,50,0.25,60,42,3000,16,6,0.18233333333333332,0.5110818067852733,0.597609561752988,oocyst,3,1
stage_enriched_derived,published_screens+interactions,median,rank,50,0.25,60,42,3000,16,6,0.18233333333333332,0.5110818067852733,0.597609561752988,oocyst,3,1
stage_enriched_derived,published_screens+protein_features,median,rank,15,0.0,60,42,3000,25,6,0.022333333333333334,0.5105339998234746,0.5967365967365967,oocyst,3,1
stage_enriched_derived,published_screens+protein_features,median,rank,15,0.0,60,42,3000,25,6,0.022333333333333334,0.5105339998234746,0.5967365967365967,oocyst,3,1
stage_enriched_derived,published_screens+protein_features+interactions,median,rank,50,0.0,25,42,3000,29,13,0.059666666666666666,0.5081420924679522,0.6,oocyst,3,1
stage_enriched_derived,fitness_screens+interactions,median,rank,15,0.0,60,42,3000,12,5,0.002,0.5070717314447306,0.6068660022148394,oocyst,3,1
stage_enriched_derived,fitness_screens+interactions,median,rank,15,0.0,60,42,3000,12,5,0.002,0.5070717314447306,0.6068660022148394,oocyst,3,1
stage_enriched_derived,expression_raw+protein_features+interactions,median,rank,15,0.25,60,42,3000,35,3,0.025666666666666667,0.5064052542342794,0.5944700460829494,oocyst,3,1
stage_enriched_derived,fitness_screens+interactions,median,rank,15,0.25,60,42,3000,12,5,0.10533333333333333,0.5030868901625626,0.5947955390334573,oocyst,3,1
stage_enriched_derived,fitness_screens+interactions,median,rank,15,0.25,60,42,3000,12,5,0.10533333333333333,0.5030868901625626,0.5947955390334573,oocyst,3,1
stage_enriched_derived,protein_features+interactions,median,rank,50,0.25,25,42,3000,17,12,0.03766666666666667,0.5027724743686639,0.6030624263839811,oocyst,3,1
stage_enriched_derived,protein_features+interactions,median,rank,50,0.25,25,42,3000,17,12,0.03766666666666667,0.5027724743686639,0.6030624263839811,oocyst,3,1
stage_enriched_derived,expression_raw+published_screens+interactions,median,rank,15,0.25,25,42,3000,34,6,0.09766666666666667,0.5023704709544842,0.5952677459526775,oocyst,3,1
stage_enriched_derived,fitness_screens+published_screens+interactions,median,rank,15,0.0,60,42,3000,24,5,0.03233333333333333,0.5012536648515741,0.5952109464082098,oocyst,3,1
stage_enriched_derived,expression_raw+protein_features+interactions,median,rank,15,0.25,25,42,3000,35,4,0.0036666666666666666,0.5006446772342035,0.5874285714285714,oocyst,3,1
stage_enriched_derived,fitness_screens+interactions,median,rank,50,0.0,60,42,3000,12,5,0.042333333333333334,0.5002331422737679,0.5928571428571429,oocyst,3,1
stage_enriched_derived,fitness_screens+interactions,median,rank,50,0.0,60,42,3000,12,5,0.042333333333333334,0.5002331422737679,0.5928571428571429,oocyst,3,1
stage_enriched_derived,fitness_screens+published_screens+interactions,median,rank,15,0.0,25,42,3000,24,9,0.017666666666666667,0.4951877349804092,0.5925085130533485,oocyst,3,1
stage_enriched_derived,published_screens+interactions,median,rank,15,0.0,60,42,3000,16,6,0.030666666666666665,0.49443875854173175,0.589622641509434,oocyst,3,1
stage_enriched_derived,published_screens+interactions,median,rank,15,0.0,60,42,3000,16,6,0.030666666666666665,0.49443875854173175,0.589622641509434,oocyst,3,1
stage_enriched_derived,expression_raw+interactions,median,rank,50,0.0,25,42,3000,22,9,0.0023333333333333335,0.4920002006621898,0.5866364665911664,oocyst,3,1
stage_enriched_derived,expression_raw+interactions,median,rank,50,0.0,25,42,3000,22,9,0.0023333333333333335,0.4920002006621898,0.5866364665911664,oocyst,3,1
stage_enriched_derived,published_screens+protein_features+interactions,median,rank,15,0.0,60,42,3000,29,5,0.0,0.48987504802442694,0.5744456177402324,oocyst,3,1
stage_enriched_derived,expression_raw+interactions,median,rank,50,0.0,60,42,3000,22,7,0.0003333333333333333,0.489323781072232,0.5859728506787331,oocyst,3,1
stage_enriched_derived,expression_raw+interactions,median,rank,50,0.0,60,42,3000,22,7,0.0003333333333333333,0.489323781072232,0.5859728506787331,oocyst,3,1
stage_enriched_derived,fitness_screens+interactions,median,rank,15,0.0,25,42,3000,12,9,0.009666666666666667,0.4874516431891291,0.580046403712297,oocyst,3,1
stage_enriched_derived,fitness_screens+interactions,median,rank,15,0.0,25,42,3000,12,9,0.009666666666666667,0.4874516431891291,0.580046403712297,oocyst,3,1
stage_enriched_derived,expression_raw+interactions,median,rank,15,0.0,25,42,3000,22,9,0.006,0.4871351122249359,0.5767012687427913,oocyst,3,1
stage_enriched_derived,expression_raw+interactions,median,rank,15,0.0,25,42,3000,22,9,0.006,0.4871351122249359,0.5767012687427913,oocyst,3,1
stage_enriched_derived,expression_raw+published_screens,median,rank,50,0.25,60,42,3000,30,5,0.364,0.4859603811674441,0.5636743215031316,oocyst,3,1
stage_enriched_derived,expression_raw+published_screens,median,rank,50,0.25,60,42,3000,30,5,0.364,0.4859603811674441,0.5636743215031316,oocyst,3,1
stage_enriched_derived,published_screens+interactions,median,rank,50,0.0,60,42,3000,16,6,0.0,0.48445651432570225,0.5772727272727274,oocyst,3,1
stage_enriched_derived,published_screens+interactions,median,rank,50,0.0,25,42,3000,16,6,0.0,0.48445651432570225,0.5772727272727274,oocyst,3,1
stage_enriched_derived,published_screens+interactions,median,rank,50,0.0,60,42,3000,16,6,0.0,0.48445651432570225,0.5772727272727274,oocyst,3,1
stage_enriched_derived,published_screens+interactions,median,rank,50,0.0,25,42,3000,16,6,0.0,0.48445651432570225,0.5772727272727274,oocyst,3,1
stage_enriched_derived,fitness_screens+interactions,median,rank,15,0.25,25,42,3000,12,7,0.052333333333333336,0.48366958370081914,0.5728038507821902,oocyst,3,1
stage_enriched_derived,fitness_screens+interactions,median,rank,15,0.25,25,42,3000,12,7,0.052333333333333336,0.48366958370081914,0.5728038507821902,oocyst,3,1
stage_enriched_derived,expression_raw+protein_features,median,rank,50,0.0,60,42,3000,31,3,0.0,0.4760962838170928,0.5584415584415585,oocyst,3,1
stage_enriched_derived,expression_raw+protein_features,median,rank,50,0.0,60,42,3000,31,3,0.0,0.4760962838170928,0.5584415584415585,oocyst,3,1
stage_enriched_derived,expression_raw+fitness_screens,median,rank,15,0.0,25,42,3000,26,25,0.4063333333333333,0.4754881683572289,0.5327868852459017,oocyst,3,1
stage_enriched_derived,expression_raw+fitness_screens,median,rank,15,0.0,25,42,3000,26,25,0.4063333333333333,0.4754881683572289,0.5327868852459017,oocyst,3,1
stage_enriched_derived,expression_raw+published_screens,median,rank,50,0.25,25,42,3000,30,7,0.201,0.47518597756959613,0.5400313971742543,oocyst,3,1
stage_enriched_derived,expression_raw+published_screens,median,rank,50,0.25,25,42,3000,30,7,0.201,0.47518597756959613,0.5400313971742543,oocyst,3,1
stage_enriched_derived,expression_raw+published_screens,median,rank,50,0.0,60,42,3000,30,6,0.09966666666666667,0.4750377447182272,0.5474552957359009,oocyst,3,1
stage_enriched_derived,expression_raw+published_screens,median,rank,50,0.0,60,42,3000,30,6,0.09966666666666667,0.4750377447182272,0.5474552957359009,oocyst,3,1
stage_enriched_derived,expression_raw+fitness_screens+protein_features,median,rank,15,0.25,25,42,3000,39,10,0.303,0.47310626679115486,0.5413793103448276,oocyst,3,1
stage_enriched_derived,expression_raw+published_screens,median,rank,15,0.25,60,42,3000,30,4,0.35533333333333333,0.46380526691101587,0.5190156599552572,oocyst,3,1
stage_enriched_derived,expression_raw+published_screens,median,rank,15,0.25,60,42,3000,30,4,0.35533333333333333,0.46380526691101587,0.5190156599552572,oocyst,3,1
stage_enriched_derived,expression_raw+protein_features+interactions,median,rank,50,0.0,25,42,3000,35,20,0.147,0.4636931473596089,0.5318818040435459,oocyst,3,1
stage_enriched_derived,expression_raw+published_screens,median,rank,50,0.0,25,42,3000,30,8,0.06766666666666667,0.46220252953062124,0.5289473684210526,oocyst,3,1
stage_enriched_derived,expression_raw+published_screens,median,rank,50,0.0,25,42,3000,30,8,0.06766666666666667,0.46220252953062124,0.5289473684210526,oocyst,3,1
stage_enriched_derived,expression_raw+published_screens,median,rank,15,0.0,25,42,3000,30,8,0.019333333333333334,0.4542764514649984,0.5246305418719213,oocyst,3,1
stage_enriched_derived,expression_raw+published_screens,median,rank,15,0.0,25,42,3000,30,8,0.019333333333333334,0.4542764514649984,0.5246305418719213,oocyst,3,1
stage_enriched_derived,expression_raw+published_screens+interactions,median,rank,15,0.0,25,42,3000,34,11,0.11566666666666667,0.448153289846961,0.5310880829015545,oocyst,3,1
stage_enriched_derived,expression_raw+fitness_screens+published_screens,median,rank,15,0.25,60,42,3000,38,5,0.556,0.4479343967402785,0.47191011235955066,oocyst,3,0
stage_enriched_derived,fitness_screens+published_screens+interactions,median,rank,50,0.25,25,42,3000,24,13,0.4093333333333333,0.44727392317673587,0.5194346289752649,oocyst,3,1
stage_enriched_derived,expression_raw+fitness_screens+protein_features,median,rank,50,0.0,25,42,3000,39,15,0.3506666666666667,0.4435466002554964,0.5173116089613035,oocyst,3,1
stage_enriched_derived,expression_raw+fitness_screens+published_screens,median,rank,50,0.0,60,42,3000,38,8,0.2816666666666667,0.44145486001887385,0.49666666666666665,oocyst,3,0
stage_enriched_derived,protein_features+interactions,median,rank,15,0.25,60,42,3000,17,7,0.056,0.44085247410196726,0.5184210526315789,oocyst,3,1
stage_enriched_derived,protein_features+interactions,median,rank,15,0.25,60,42,3000,17,7,0.056,0.44085247410196726,0.5184210526315789,oocyst,3,1
stage_enriched_derived,protein_features+interactions,median,rank,15,0.25,25,42,3000,17,23,0.05433333333333333,0.43470912854843696,0.5083870967741935,oocyst,3,1
stage_enriched_derived,protein_features+interactions,median,rank,15,0.25,25,42,3000,17,23,0.05433333333333333,0.43470912854843696,0.5083870967741935,oocyst,3,1
stage_enriched_derived,expression_raw+protein_features,median,rank,50,0.0,25,42,3000,31,12,0.076,0.42881472770953155,0.49513212795549366,oocyst,3,0
stage_enriched_derived,expression_raw+protein_features,median,rank,50,0.0,25,42,3000,31,12,0.076,0.42881472770953155,0.49513212795549366,oocyst,3,0
stage_enriched_derived,fitness_screens+interactions,median,rank,50,0.0,25,42,3000,12,15,0.21466666666666667,0.42138967745566014,0.49310872894333846,oocyst,3,0
stage_enriched_derived,fitness_screens+interactions,median,rank,50,0.0,25,42,3000,12,15,0.21466666666666667,0.42138967745566014,0.49310872894333846,oocyst,3,0
stage_enriched_derived,expression_raw+fitness_screens,median,rank,50,0.0,25,42,3000,26,19,0.41,0.4195431551497304,0.4618937644341802,oocyst,3,0
stage_enriched_derived,expression_raw+fitness_screens,median,rank,50,0.0,25,42,3000,26,19,0.41,0.4195431551497304,0.4618937644341802,oocyst,3,0
stage_enriched_derived,fitness_screens+published_screens+interactions,median,rank,50,0.0,25,42,3000,24,18,0.24766666666666667,0.41796404842567586,0.49226006191950467,oocyst,3,0
stage_enriched_derived,expression_raw+fitness_screens+published_screens,median,rank,50,0.0,25,42,3000,38,14,0.312,0.41737410306965256,0.48763250883392223,oocyst,3,0
stage_enriched_derived,expression_raw+protein_features,median,rank,15,0.0,60,42,3000,31,6,0.0036666666666666666,0.4078820176310905,0.4587628865979382,oocyst,3,0
stage_enriched_derived,expression_raw+protein_features,median,rank,15,0.0,60,42,3000,31,6,0.0036666666666666666,0.4078820176310905,0.4587628865979382,oocyst,3,0
stage_enriched_derived,expression_raw+protein_features+interactions,median,rank,15,0.0,25,42,3000,35,15,0.043333333333333335,0.40496654361843876,0.4756756756756756,oocyst,3,0
stage_enriched_derived,expression_raw+protein_features,median,rank,15,0.0,25,42,3000,31,16,0.07433333333333333,0.4048727409981583,0.47246376811594204,oocyst,3,0
stage_enriched_derived,expression_raw+protein_features,median,rank,15,0.0,25,42,3000,31,16,0.07433333333333333,0.4048727409981583,0.47246376811594204,oocyst,3,0
stage_enriched_derived,published_screens+protein_features+interactions,median,rank,15,0.0,25,42,3000,29,17,0.065,0.4036727685325448,0.47010869565217395,oocyst,3,0
stage_enriched_derived,expression_raw+fitness_screens+published_screens,median,rank,15,0.0,60,42,3000,38,9,0.22233333333333333,0.39817520618849467,0.4585365853658536,oocyst,3,0
stage_enriched_derived,protein_features,median,rank,50,0.25,60,42,3000,13,8,0.005,0.39511138389671785,0.45371577574967414,oocyst,3,0
stage_enriched_derived,protein_features,median,rank,50,0.25,60,42,3000,13,8,0.005,0.39511138389671785,0.45371577574967414,oocyst,3,0
stage_enriched_derived,expression_raw+fitness_screens+published_screens,median,rank,15,0.0,25,42,3000,38,15,0.24133333333333334,0.39486321904156874,0.4580645161290322,oocyst,3,0
stage_enriched_derived,fitness_screens+protein_features+interactions,median,rank,15,0.0,25,42,3000,25,19,0.15533333333333332,0.39044680893964145,0.4509516837481698,oocyst,3,0
stage_enriched_derived,expression_raw+fitness_screens+published_screens,median,rank,50,0.25,25,42,3000,38,10,0.45166666666666666,0.38296188691182487,0.42739726027397257,oocyst,3,0
stage_enriched_derived,published_screens+interactions,median,rank,15,0.0,25,42,3000,16,21,0.09166666666666666,0.36813900430795643,0.4243281471004243,oocyst,3,0
stage_enriched_derived,published_screens+interactions,median,rank,15,0.0,25,42,3000,16,21,0.09166666666666666,0.36813900430795643,0.4243281471004243,oocyst,3,0
stage_enriched_derived,protein_features+interactions,median,rank,50,0.0,60,42,3000,17,12,0.036333333333333336,0.3637599332053381,0.4135240572171651,oocyst,3,0
stage_enriched_derived,protein_features+interactions,median,rank,50,0.0,60,42,3000,17,12,0.036333333333333336,0.3637599332053381,0.4135240572171651,oocyst,3,0
stage_enriched_derived,protein_features,median,rank,15,0.25,25,42,3000,13,23,0.033666666666666664,0.3561998295086455,0.4050279329608938,oocyst,3,0
stage_enriched_derived,protein_features,median,rank,15,0.25,25,42,3000,13,23,0.033666666666666664,0.3561998295086455,0.4050279329608938,oocyst,3,0
stage_enriched_derived,protein_features,median,rank,15,0.25,60,42,3000,13,12,0.049,0.35556296710169677,0.4107648725212465,oocyst,3,0
stage_enriched_derived,protein_features,median,rank,15,0.25,60,42,3000,13,12,0.049,0.35556296710169677,0.4107648725212465,oocyst,3,0
stage_enriched_derived,protein_features,median,rank,50,0.25,25,42,3000,13,18,0.013,0.33649328080313784,0.38904109589041097,oocyst,3,0
stage_enriched_derived,protein_features,median,rank,50,0.25,25,42,3000,13,18,0.013,0.33649328080313784,0.38904109589041097,oocyst,3,0
stage_enriched_derived,protein_features,median,rank,50,0.0,25,42,3000,13,26,0.035,0.315452523738131,0.3623188405797102,oocyst,3,0
stage_enriched_derived,protein_features,median,rank,50,0.0,25,42,3000,13,26,0.035,0.315452523738131,0.3623188405797102,oocyst,3,0
stage_enriched_derived,protein_features,median,rank,50,0.0,60,42,3000,13,16,0.026333333333333334,0.3151325508044876,0.3623188405797102,oocyst,3,0
stage_enriched_derived,protein_features,median,rank,50,0.0,60,42,3000,13,16,0.026333333333333334,0.3151325508044876,0.3623188405797102,oocyst,3,0
stage_enriched_derived,interactions,median,rank,50,0.0,60,42,3000,4,16,0.071,0.2920274426464253,0.3186991869918699,oocyst,3,0
stage_enriched_derived,interactions,median,rank,50,0.0,60,42,3000,4,16,0.071,0.2920274426464253,0.3186991869918699,oocyst,3,0
stage_enriched_derived,interactions,median,rank,15,0.25,60,42,3000,4,14,0.244,0.28673967603783757,0.31434184675834975,oocyst,3,0
stage_enriched_derived,interactions,median,rank,15,0.25,60,42,3000,4,14,0.244,0.28673967603783757,0.31434184675834975,oocyst,3,0
stage_enriched_derived,interactions,median,rank,50,0.25,60,42,3000,4,14,0.06866666666666667,0.2771535193385801,0.2947019867549669,oocyst,3,0
stage_enriched_derived,interactions,median,rank,50,0.25,60,42,3000,4,14,0.06866666666666667,0.2771535193385801,0.2947019867549669,oocyst,3,0
stage_enriched_derived,interactions,median,rank,50,0.25,25,42,3000,4,26,0.036333333333333336,0.25259856098546063,0.26564885496183205,oocyst,3,0
stage_enriched_derived,interactions,median,rank,50,0.25,25,42,3000,4,26,0.036333333333333336,0.25259856098546063,0.26564885496183205,oocyst,3,0
stage_enriched_derived,protein_features+interactions,median,rank,15,0.0,60,42,3000,17,16,0.13133333333333333,0.2494885122828641,0.2657580919931857,oocyst,3,0
stage_enriched_derived,protein_features+interactions,median,rank,15,0.0,60,42,3000,17,16,0.13133333333333333,0.2494885122828641,0.2657580919931857,oocyst,3,0
stage_enriched_derived,published_screens+protein_features,median,rank,15,0.0,25,42,3000,25,31,0.12066666666666667,0.22125462710416133,0.23448275862068965,oocyst,3,0
stage_enriched_derived,published_screens+protein_features,median,rank,15,0.0,25,42,3000,25,31,0.12066666666666667,0.22125462710416133,0.23448275862068965,oocyst,3,0
stage_enriched_derived,protein_features,median,rank,15,0.0,60,42,3000,13,18,0.07266666666666667,0.21235985780694558,0.22564102564102564,oocyst,3,0
stage_enriched_derived,protein_features,median,rank,15,0.0,60,42,3000,13,18,0.07266666666666667,0.21235985780694558,0.22564102564102564,oocyst,3,0
stage_enriched_derived,protein_features+interactions,median,rank,15,0.0,25,42,3000,17,42,0.068,0.18420931916691977,0.2,oocyst,3,0
stage_enriched_derived,protein_features+interactions,median,rank,15,0.0,25,42,3000,17,42,0.068,0.18420931916691977,0.2,oocyst,3,0
stage_enriched_derived,interactions,median,rank,15,0.25,25,42,3000,4,35,0.04533333333333334,0.1839971237249267,0.1893491124260355,tachyzoite,3,0
stage_enriched_derived,interactions,median,rank,15,0.25,25,42,3000,4,35,0.04533333333333334,0.1839971237249267,0.1893491124260355,tachyzoite,3,0
stage_enriched_derived,interactions,median,rank,15,0.0,60,42,3000,4,19,0.17733333333333334,0.18254951601426034,0.2063492063492063,bradyzoite,3,0
stage_enriched_derived,interactions,median,rank,15,0.0,60,42,3000,4,19,0.17733333333333334,0.18254951601426034,0.2063492063492063,bradyzoite,3,0
stage_enriched_derived,protein_features+interactions,median,rank,50,0.0,25,42,3000,17,38,0.10466666666666667,0.16548940492779718,0.17375231053604434,oocyst,3,0
stage_enriched_derived,protein_features+interactions,median,rank,50,0.0,25,42,3000,17,38,0.10466666666666667,0.16548940492779718,0.17375231053604434,oocyst,3,0
stage_enriched_derived,protein_features,median,rank,15,0.0,25,42,3000,13,33,0.041666666666666664,0.15823401280181573,0.21249999999999997,bradyzoite,3,0
stage_enriched_derived,protein_features,median,rank,15,0.0,25,42,3000,13,33,0.041666666666666664,0.15823401280181573,0.21249999999999997,bradyzoite,3,0
stage_enriched_derived,interactions,median,rank,15,0.0,25,42,3000,4,49,0.06566666666666666,0.15436955529611412,0.18181818181818182,bradyzoite,3,0
stage_enriched_derived,interactions,median,rank,15,0.0,25,42,3000,4,49,0.06566666666666666,0.15436955529611412,0.18181818181818182,bradyzoite,3,0
stage_enriched_derived,interactions,median,rank,50,0.0,25,42,3000,4,49,0.09033333333333333,0.12438281983103917,0.1935483870967742,bradyzoite,3,0
stage_enriched_derived,interactions,median,rank,50,0.0,25,42,3000,4,49,0.09033333333333333,0.12438281983103917,0.1935483870967742,bradyzoite,3,0
attention_depth,expression_summary+interactions,median,rank,50,0.25,60,42,3000,8,2,0.0,0.6538692486007741,0.8172824550777306,,4,1
attention_depth,expression_raw+interactions,median,rank,50,0.25,25,42,3000,22,2,0.0,0.6506617162677317,0.815545710833669,,4,1
attention_depth,expression_raw+interactions,median,rank,50,0.25,60,42,3000,22,2,0.0,0.6506617162677317,0.815545710833669,,4,1
attention_depth,expression_raw+interactions,median,rank,15,0.25,60,42,3000,22,2,0.0,0.6506580415849041,0.8157099697885197,,4,1
attention_depth,expression_summary+published_screens,median,rank,15,0.25,25,42,3000,16,2,0.0,0.6499206333646563,0.8140087059754649,,4,1
attention_depth,expression_summary+published_screens,median,rank,15,0.0,25,42,3000,16,2,0.0,0.6499206333646563,0.8140087059754649,,4,1
attention_depth,expression_summary+fitness_screens,median,rank,15,0.25,25,42,3000,12,2,0.0,0.6497816020871513,0.8137739956461508,,4,1
attention_depth,expression_summary+fitness_screens,median,rank,15,0.0,25,42,3000,12,2,0.0,0.6496425197506376,0.8135391923990498,,4,1
attention_depth,expression_summary,median,rank,50,0.25,25,42,3000,4,2,0.0,0.6483884766164046,0.8114217727543129,,4,1
attention_depth,expression_summary,median,rank,50,0.0,25,42,3000,4,2,0.0,0.6481092364381917,0.8109502082920055,,4,1
attention_depth,expression_summary,median,rank,15,0.25,25,42,3000,4,2,0.0,0.6481092364381917,0.8109502082920055,,4,1
attention_depth,expression_raw+fitness_screens,median,rank,15,0.0,60,42,3000,26,2,0.134,0.6477625228864493,0.8106078385355551,,4,1
attention_depth,expression_summary+expression_raw,median,rank,50,0.25,25,42,3000,22,2,0.019,0.6470728916795053,0.8094756023486537,,4,1
attention_depth,expression_raw+fitness_screens+published_screens,median,rank,15,0.25,25,42,3000,38,3,0.08866666666666667,0.644874308519989,0.8029004614370467,,4,1
attention_depth,expression_summary+fitness_screens+published_screens,median,rank,15,0.0,25,42,3000,24,3,0.0033333333333333335,0.6415488026965568,0.8010460671897002,,4,1
attention_depth,expression_raw+fitness_screens,median,rank,15,0.25,60,42,3000,26,2,0.41733333333333333,0.6413816542439065,0.798050139275766,,4,1
attention_depth,expression_summary+expression_raw+fitness_screens,median,rank,15,0.25,25,42,3000,30,2,0.07366666666666667,0.6405788458522962,0.8011240812797232,,4,1
attention_depth,published_screens+interactions,median,rank,15,0.25,60,42,3000,16,2,0.0,0.6402088775737919,0.8007290400972054,,4,1
attention_depth,published_screens+interactions,median,rank,15,0.25,25,42,3000,16,2,0.0,0.6402088775737919,0.8007290400972054,,4,1
attention_depth,expression_summary+interactions,median,rank,50,0.25,25,42,3000,8,3,0.0003333333333333333,0.6372035411194326,0.7941361256544502,,4,1
attention_depth,expression_raw,median,rank,50,0.25,25,42,3000,18,3,0.021333333333333333,0.6370256921394126,0.7944582299421008,,4,1
attention_depth,expression_summary+interactions,median,rank,15,0.25,25,42,3000,8,3,0.0,0.6367983396723065,0.7936308401424681,,4,1
attention_depth,expression_summary+interactions,median,rank,15,0.25,60,42,3000,8,3,0.0,0.6367983396723065,0.7936308401424681,,4,1
attention_depth,expression_raw+fitness_screens,median,rank,50,0.25,60,42,3000,26,2,0.3863333333333333,0.6366548955794447,0.7904031989336887,,4,1
attention_depth,expression_summary+expression_raw,median,rank,50,0.0,25,42,3000,22,3,0.0006666666666666666,0.6357275675385163,0.792521845153424,,4,1
attention_depth,expression_summary+expression_raw,median,rank,50,0.0,60,42,3000,22,2,0.0,0.6356086519378782,0.7921998781230957,,4,1
attention_depth,expression_raw,median,rank,50,0.0,25,42,3000,18,3,0.005,0.6355295113426395,0.7919983670136763,,4,1
attention_depth,expression_raw,median,rank,50,0.0,60,42,3000,18,2,0.0,0.6343038831802591,0.7905460472697636,,4,1
attention_depth,expression_raw,median,rank,15,0.0,60,42,3000,18,2,0.0,0.6343038831802591,0.7905460472697636,,4,1
attention_depth,expression_summary,median,rank,15,0.25,60,42,3000,4,2,0.21833333333333332,0.6336137372507639,0.7930317212688508,,4,1
attention_depth,expression_summary+fitness_screens+interactions,median,rank,15,0.0,25,42,3000,16,4,0.008333333333333333,0.6329028330142558,0.785745518146043,,4,1
attention_depth,expression_summary+fitness_screens+interactions,median,rank,15,0.25,60,42,3000,16,4,0.13333333333333333,0.632644972331024,0.7864440568153501,,4,1
attention_depth,expression_raw,median,rank,15,0.25,60,42,3000,18,2,0.07466666666666667,0.6325582781694555,0.7921792618629174,,4,1
attention_depth,expression_raw,median,rank,15,0.25,25,42,3000,18,4,0.029666666666666668,0.6322428756020386,0.7876106194690267,,4,1
attention_depth,expression_raw,median,rank,50,0.25,60,42,3000,18,2,0.07733333333333334,0.6316825048721008,0.7891366747626407,,4,1
attention_depth,expression_summary+expression_raw+fitness_screens,median,rank,50,0.25,60,42,3000,30,2,0.22233333333333333,0.6310569084162952,0.788754598003153,,4,1
attention_depth,expression_raw+fitness_screens,median,rank,15,0.25,25,42,3000,26,4,0.35633333333333334,0.6307134062166527,0.7873656789319439,,4,1
attention_depth,expression_summary+fitness_screens+published_screens,median,rank,15,0.25,25,42,3000,24,4,0.12666666666666668,0.6301924550935396,0.7847157502329918,,4,1
attention_depth,fitness_screens+published_screens,median,rank,15,0.0,25,42,3000,20,2,0.0,0.6301107314740118,0.7817922024903041,,4,1
attention_depth,fitness_screens+published_screens,median,rank,15,0.0,60,42,3000,20,2,0.0,0.6301107314740118,0.7817922024903041,,4,1
attention_depth,fitness_screens+published_screens,median,rank,15,0.25,25,42,3000,20,2,0.0,0.6301107314740118,0.7817922024903041,,4,1
attention_depth,fitness_screens+published_screens,median,rank,15,0.25,60,42,3000,20,2,0.0,0.6301107314740118,0.7817922024903041,,4,1
attention_depth,expression_summary+fitness_screens+interactions,median,rank,15,0.0,60,42,3000,16,3,0.0003333333333333333,0.629875795862595,0.7825708061002178,,4,1
attention_depth,fitness_screens+published_screens,median,rank,50,0.0,25,42,3000,20,2,0.0,0.6296698353109514,0.7810457516339869,,4,1
attention_depth,fitness_screens+published_screens,median,rank,50,0.0,60,42,3000,20,2,0.0,0.6296698353109514,0.7810457516339869,,4,1
attention_depth,fitness_screens+published_screens,median,rank,50,0.25,60,42,3000,20,2,0.0,0.6293756274503304,0.7805476093175318,,4,1
attention_depth,fitness_screens+published_screens,median,rank,50,0.25,25,42,3000,20,2,0.0,0.6293756274503304,0.7805476093175318,,4,1
attention_depth,expression_raw,median,rank,15,0.0,25,42,3000,18,4,0.0,0.6289553821135047,0.7830382873610539,,4,1
attention_depth,published_screens,median,rank,15,0.0,60,42,3000,12,2,0.0,0.6288139440835124,0.7800778848124617,,4,1
attention_depth,published_screens,median,rank,15,0.0,25,42,3000,12,2,0.0,0.6288139440835124,0.7800778848124617,,4,1
attention_depth,published_screens,median,rank,15,0.25,60,42,3000,12,2,0.0,0.628714542761614,0.7799180327868852,,4,1
attention_depth,published_screens,median,rank,15,0.25,25,42,3000,12,2,0.0,0.628714542761614,0.7799180327868852,,4,1
attention_depth,published_screens,median,rank,50,0.0,60,42,3000,12,2,0.0,0.6286055239121836,0.7799671592775042,,4,1
attention_depth,published_screens,median,rank,50,0.0,25,42,3000,12,2,0.0,0.6286055239121836,0.7799671592775042,,4,1
attention_depth,expression_summary+expression_raw+published_screens,median,rank,50,0.25,60,42,3000,34,2,0.196,0.6285936594951673,0.7869267798327844,,4,1
attention_depth,published_screens,median,rank,50,0.25,60,42,3000,12,2,0.0,0.6284575281004497,0.7797166906179429,,4,1
attention_depth,published_screens,median,rank,50,0.25,25,42,3000,12,2,0.0,0.6284575281004497,0.7797166906179429,,4,1
attention_depth,expression_summary+fitness_screens,median,rank,50,0.25,60,42,3000,12,2,0.47633333333333333,0.6265354920335475,0.7855477855477856,,4,1
attention_depth,expression_summary,median,rank,50,0.25,60,42,3000,4,3,0.16366666666666665,0.624923193023251,0.780511811023622,,4,1
attention_depth,fitness_screens,median,rank,50,0.0,60,42,3000,8,2,0.0,0.6248823035123421,0.7750722245150641,,4,1
attention_depth,fitness_screens,median,rank,50,0.0,25,42,3000,8,2,0.0,0.6248823035123421,0.7750722245150641,,4,1
attention_depth,fitness_screens,median,rank,50,0.25,60,42,3000,8,2,0.0,0.6248823035123421,0.7750722245150641,,4,1
attention_depth,fitness_screens,median,rank,50,0.25,25,42,3000,8,2,0.0,0.6248823035123421,0.7750722245150641,,4,1
attention_depth,fitness_screens,median,rank,15,0.25,60,42,3000,8,2,0.0,0.6248613119870305,0.7747524752475248,,4,1
attention_depth,fitness_screens,median,rank,15,0.25,25,42,3000,8,2,0.0,0.6248613119870305,0.7747524752475248,,4,1
attention_depth,fitness_screens,median,rank,15,0.0,60,42,3000,8,2,0.0,0.6248613119870305,0.7747524752475248,,4,1
attention_depth,fitness_screens,median,rank,15,0.0,25,42,3000,8,2,0.0,0.6248613119870305,0.7747524752475248,,4,1
attention_depth,expression_summary+expression_raw,median,rank,15,0.25,60,42,3000,22,4,0.30266666666666664,0.6237502173272748,0.7734909769757312,,4,1
attention_depth,expression_summary,median,rank,15,0.0,60,42,3000,4,3,0.045,0.6231530695856388,0.777997799779978,,4,1
attention_depth,expression_summary+expression_raw+fitness_screens,median,rank,15,0.25,60,42,3000,30,2,0.4116666666666667,0.6230907436168037,0.7837932238910235,,4,1
attention_depth,fitness_screens+interactions,median,rank,50,0.25,60,42,3000,12,4,0.11466666666666667,0.622136923121968,0.7703408808161234,,4,1
attention_depth,expression_summary,median,rank,50,0.0,60,42,3000,4,2,0.06133333333333333,0.6215281749953768,0.777826660800704,,4,1
attention_depth,expression_summary,median,rank,15,0.0,25,42,3000,4,5,0.0,0.621376866957258,0.76994708994709,,4,1
attention_depth,expression_summary+expression_raw,median,rank,50,0.25,60,42,3000,22,4,0.24566666666666667,0.6213166506521322,0.7708213670304421,,4,1
attention_depth,expression_summary+fitness_screens,median,rank,50,0.0,60,42,3000,12,2,0.166,0.6193314235019267,0.7751053806099676,,4,1
attention_depth,fitness_screens+interactions,median,rank,50,0.25,25,42,3000,12,5,0.033666666666666664,0.6039278264621266,0.7485186063048116,,4,1
attention_depth,expression_summary+expression_raw,median,rank,15,0.25,25,42,3000,22,6,0.139,0.6023110139106586,0.7407037684052908,,4,1
attention_depth,expression_summary+interactions,median,rank,50,0.0,25,42,3000,8,5,0.0003333333333333333,0.6007602093735502,0.7456607266836381,,4,1
attention_depth,expression_summary+interactions,median,rank,50,0.0,60,42,3000,8,4,0.0,0.6006887759633124,0.7454881999074502,,4,1
attention_depth,expression_summary+expression_raw,median,rank,15,0.0,60,42,3000,22,4,0.1,0.5969495494939059,0.7344575887238862,,4,1
attention_depth,expression_summary+interactions,median,rank,15,0.0,60,42,3000,8,5,0.0,0.5928114526380768,0.7422434367541766,,4,1
attention_depth,expression_summary+expression_raw,median,rank,15,0.0,25,42,3000,22,5,0.007333333333333333,0.5904416927459947,0.7242980322794604,,4,1
attention_depth,expression_summary+fitness_screens,median,rank,50,0.25,25,42,3000,12,5,0.3433333333333333,0.5800655044043577,0.712884680419344,,4,1
attention_depth,expression_summary+expression_raw+interactions,median,rank,50,0.25,25,42,3000,26,7,0.09833333333333333,0.5773295456738669,0.7140591966173362,,4,1
attention_depth,expression_raw+published_screens,median,rank,15,0.0,60,42,3000,30,2,0.0,0.5602006975053107,0.7000978473581213,,4,1
attention_depth,expression_summary+expression_raw+interactions,median,rank,15,0.0,25,42,3000,26,6,0.0,0.5562381078579748,0.6829992576095025,,4,1
attention_depth,expression_raw+fitness_screens+published_screens,median,rank,50,0.25,60,42,3000,38,3,0.488,0.554981726201455,0.6937531742001015,,4,1
attention_depth,expression_summary+fitness_screens+interactions,median,rank,15,0.25,25,42,3000,16,6,0.22533333333333333,0.549863132757194,0.6763444407786209,,4,1
attention_depth,expression_summary+fitness_screens+published_screens,median,rank,50,0.25,25,42,3000,24,4,0.22866666666666666,0.5403496006753834,0.6668900804289545,,4,1
attention_depth,protein_features+interactions,median,rank,50,0.25,60,42,3000,17,2,0.0,0.5340147561536555,0.6511627906976744,,4,1
attention_depth,fitness_screens+published_screens+interactions,median,rank,50,0.25,60,42,3000,24,4,0.33266666666666667,0.5325020732913183,0.6284214473190851,,4,1
attention_depth,expression_raw+protein_features,median,rank,15,0.25,25,42,3000,31,13,0.13666666666666666,0.5272789549858528,0.6333431343722434,,4,1
attention_depth,expression_summary+fitness_screens,median,rank,15,0.25,60,42,3000,12,3,0.621,0.5250268518592591,0.6311738293778064,,4,1
attention_depth,fitness_screens+protein_features,median,rank,15,0.0,25,42,3000,21,16,0.10266666666666667,0.5207499734227782,0.6244677831393698,,4,1
attention_depth,expression_raw+protein_features+interactions,median,rank,15,0.25,60,42,3000,35,3,0.025666666666666667,0.5158581223695237,0.6249298147108365,,4,1
attention_depth,fitness_screens+published_screens+interactions,median,rank,15,0.25,60,42,3000,24,4,0.2786666666666667,0.5152681622183753,0.6062544420753376,,4,1
attention_depth,expression_raw+published_screens+protein_features,median,rank,50,0.25,60,42,3000,43,2,0.013666666666666667,0.5132565847963695,0.6191673651858061,,4,1
attention_depth,expression_raw+published_screens+protein_features,median,rank,50,0.25,25,42,3000,43,2,0.017333333333333333,0.5128035929406156,0.6187535092644582,,4,1
attention_depth,expression_raw+published_screens+protein_features,median,rank,15,0.0,25,42,3000,43,2,0.0,0.5127503137090282,0.6212952799121844,,4,1
attention_depth,expression_raw+published_screens+protein_features,median,rank,15,0.0,60,42,3000,43,2,0.0,0.5127503137090282,0.6212952799121844,,4,1
attention_depth,expression_summary+protein_features+interactions,median,rank,15,0.25,60,42,3000,21,3,0.007333333333333333,0.5123073143934495,0.6205947136563877,,4,1
attention_depth,published_screens+protein_features+interactions,median,rank,50,0.0,25,42,3000,29,13,0.059666666666666666,0.5114641558610525,0.6382978723404255,,4,1
attention_depth,expression_summary+protein_features+interactions,median,rank,15,0.25,25,42,3000,21,3,0.0,0.5111557582449316,0.6183813443072702,,4,1
attention_depth,expression_summary+protein_features+interactions,median,rank,50,0.25,25,42,3000,21,2,0.0,0.5108202555775284,0.6179219351291919,,4,1
attention_depth,expression_summary+protein_features+interactions,median,rank,50,0.25,60,42,3000,21,2,0.0,0.5108202555775284,0.6179219351291919,,4,1
attention_depth,expression_raw+protein_features+interactions,median,rank,15,0.25,25,42,3000,35,4,0.0036666666666666666,0.5106661124998518,0.6177606177606177,,4,1
attention_depth,expression_summary+fitness_screens+protein_features,median,rank,15,0.25,60,42,3000,25,4,0.294,0.5104968825659442,0.6122754491017964,,4,1
attention_depth,expression_summary+protein_features+interactions,median,rank,50,0.0,60,42,3000,21,2,0.0,0.5102324463789307,0.6173721825178671,,4,1
attention_depth,expression_raw+published_screens+protein_features,median,rank,15,0.25,60,42,3000,43,2,0.02033333333333333,0.5100676318968035,0.6159052453468696,,4,1
attention_depth,fitness_screens+protein_features+interactions,median,rank,50,0.0,25,42,3000,25,2,0.0,0.5099333905192313,0.6165289256198346,,4,1
attention_depth,fitness_screens+protein_features+interactions,median,rank,50,0.0,60,42,3000,25,2,0.0,0.5099333905192313,0.6165289256198346,,4,1
attention_depth,published_screens+protein_features+interactions,median,rank,50,0.25,25,42,3000,29,2,0.0,0.5095528424705229,0.6174533479692647,,4,1
attention_depth,published_screens+protein_features+interactions,median,rank,50,0.25,60,42,3000,29,2,0.0,0.5095528424705229,0.6174533479692647,,4,1
attention_depth,published_screens+protein_features+interactions,median,rank,50,0.0,60,42,3000,29,2,0.0,0.5095325323030331,0.617283950617284,,4,1
attention_depth,published_screens+protein_features,median,rank,50,0.25,60,42,3000,25,2,0.006666666666666667,0.5087939608381129,0.6161532056619485,,4,1
attention_depth,published_screens+protein_features+interactions,median,rank,15,0.25,60,42,3000,29,2,0.0,0.5079690166662972,0.6152156001098599,,4,1
attention_depth,published_screens+protein_features+interactions,median,rank,15,0.25,25,42,3000,29,2,0.0,0.5079690166662972,0.6152156001098599,,4,1
attention_depth,fitness_screens+published_screens+protein_features,median,rank,50,0.25,60,42,3000,33,2,0.012666666666666666,0.5075925124168039,0.6143937272472696,,4,1
attention_depth,expression_raw+protein_features+interactions,median,rank,50,0.25,25,42,3000,35,2,0.0,0.5074530117925803,0.6120522077200777,,4,1
attention_depth,expression_raw+protein_features+interactions,median,rank,50,0.25,60,42,3000,35,2,0.0,0.5074530117925803,0.6120522077200777,,4,1
attention_depth,expression_raw+protein_features+interactions,median,rank,50,0.0,60,42,3000,35,2,0.0,0.5074530117925803,0.6120522077200777,,4,1
attention_depth,expression_summary+fitness_screens+protein_features,median,rank,15,0.0,25,42,3000,25,8,0.057,0.5072120948397096,0.6119486320491345,,4,1
attention_depth,expression_raw+published_screens+protein_features,median,rank,50,0.0,60,42,3000,43,2,0.0,0.50697483949428,0.6138996138996139,,4,1
attention_depth,expression_raw+published_screens+protein_features,median,rank,50,0.0,25,42,3000,43,2,0.0,0.50697483949428,0.6138996138996139,,4,1
attention_depth,fitness_screens+protein_features+interactions,median,rank,15,0.25,60,42,3000,25,2,0.0,0.5065424432791867,0.610386003887809,,4,1
attention_depth,fitness_screens+protein_features+interactions,median,rank,15,0.25,25,42,3000,25,2,0.0,0.5065424432791867,0.610386003887809,,4,1
attention_depth,fitness_screens+protein_features+interactions,median,rank,15,0.0,60,42,3000,25,2,0.0,0.5065424432791867,0.610386003887809,,4,1
attention_depth,fitness_screens+published_screens+interactions,median,rank,15,0.25,25,42,3000,24,7,0.15933333333333333,0.506529029151263,0.5921544209215441,,4,1
attention_depth,expression_raw+published_screens+protein_features,median,rank,15,0.25,25,42,3000,43,9,0.197,0.5064200899026436,0.6080992815153495,,4,1
attention_depth,expression_summary+expression_raw+protein_features,median,rank,15,0.25,60,42,3000,35,3,0.15033333333333335,0.506258802702488,0.603379416282642,,4,1
attention_depth,fitness_screens+published_screens+protein_features,median,rank,15,0.25,60,42,3000,33,2,0.017666666666666667,0.5062567715410847,0.6123484634902735,,4,1
attention_depth,expression_summary+published_screens+protein_features,median,rank,15,0.0,60,42,3000,29,2,0.0,0.5061499356196564,0.6124137931034482,,4,1
attention_depth,expression_summary+published_screens+protein_features,median,rank,15,0.0,25,42,3000,29,2,0.0,0.5061499356196564,0.6124137931034482,,4,1
attention_depth,fitness_screens+protein_features+interactions,median,rank,50,0.25,25,42,3000,25,2,0.0,0.5059543005570662,0.6098306026103861,,4,1
attention_depth,fitness_screens+protein_features+interactions,median,rank,50,0.25,60,42,3000,25,2,0.0,0.5059543005570662,0.6098306026103861,,4,1
attention_depth,fitness_screens+published_screens+protein_features,median,rank,15,0.0,60,42,3000,33,2,0.0,0.505940902127504,0.6126624274260436,,4,1
attention_depth,expression_summary+published_screens+protein_features,median,rank,15,0.25,25,42,3000,29,2,0.0,0.5049549358162985,0.6106194690265487,,4,1
attention_depth,expression_summary+published_screens+protein_features,median,rank,15,0.25,60,42,3000,29,2,0.0,0.5049549358162985,0.6106194690265487,,4,1
attention_depth,expression_summary+published_screens+protein_features,median,rank,50,0.25,60,42,3000,29,2,0.0006666666666666666,0.504895475235851,0.611003594138789,,4,1
attention_depth,expression_summary+published_screens+protein_features,median,rank,50,0.0,60,42,3000,29,2,0.0,0.5048751569338219,0.6112644947542795,,4,1
attention_depth,expression_summary+published_screens+protein_features,median,rank,50,0.0,25,42,3000,29,2,0.0,0.5048751569338219,0.6112644947542795,,4,1
attention_depth,expression_summary+expression_raw+fitness_screens,median,rank,15,0.0,60,42,3000,30,7,0.30666666666666664,0.5047914117498427,0.5884972170686457,,4,1
attention_depth,expression_summary+published_screens+protein_features,median,rank,50,0.25,25,42,3000,29,2,0.0003333333333333333,0.5047776757823574,0.6108347153123272,,4,1
attention_depth,fitness_screens+published_screens+protein_features,median,rank,50,0.0,25,42,3000,33,2,0.0,0.5041456077215404,0.6103572417612849,,4,1
attention_depth,fitness_screens+published_screens+protein_features,median,rank,50,0.0,60,42,3000,33,2,0.0,0.5041456077215404,0.6103572417612849,,4,1
attention_depth,expression_summary+expression_raw+protein_features,median,rank,50,0.25,60,42,3000,35,4,0.15533333333333332,0.5029617075555041,0.6029684601113172,,4,1
attention_depth,fitness_screens+published_screens+protein_features,median,rank,50,0.25,25,42,3000,33,2,0.013,0.5025880319761828,0.6084998592738531,,4,1
attention_depth,expression_raw+fitness_screens+protein_features,median,rank,15,0.25,60,42,3000,39,3,0.21866666666666668,0.5021589100919143,0.5913978494623655,,4,1
attention_depth,expression_summary+published_screens+interactions,median,rank,50,0.25,60,42,3000,20,5,0.18966666666666668,0.5018859979305633,0.5964214711729623,,4,1
attention_depth,fitness_screens+published_screens+interactions,median,rank,50,0.0,60,42,3000,24,5,0.11366666666666667,0.49988033226596945,0.5878178592548788,,4,1
attention_depth,published_screens+protein_features+interactions,median,rank,15,0.0,60,42,3000,29,5,0.0,0.49939805559619727,0.6152156001098599,,4,1
attention_depth,fitness_screens+protein_features,median,rank,15,0.0,60,42,3000,21,4,0.01,0.49624961978451254,0.5912389142703574,,4,1
attention_depth,expression_raw+fitness_screens+interactions,median,rank,50,0.25,60,42,3000,30,6,0.178,0.4955167441294163,0.5818181818181818,,4,1
attention_depth,expression_raw+published_screens+interactions,median,rank,50,0.25,60,42,3000,34,5,0.154,0.4948929317050412,0.5890193589336719,,4,1
attention_depth,expression_raw+fitness_screens+protein_features,median,rank,15,0.0,60,42,3000,39,3,0.029666666666666668,0.49456400185183097,0.5866013071895425,,4,1
attention_depth,expression_raw+fitness_screens+protein_features,median,rank,50,0.25,60,42,3000,39,3,0.218,0.49379187275980374,0.5822267620020428,,4,1
attention_depth,expression_summary+published_screens+interactions,median,rank,15,0.0,60,42,3000,20,5,0.035,0.4933118567636601,0.5755555555555556,,4,1
attention_depth,expression_raw+fitness_screens+interactions,median,rank,15,0.25,60,42,3000,30,6,0.15066666666666667,0.4930818961373579,0.5821982895153627,,4,1
attention_depth,fitness_screens+protein_features,median,rank,15,0.25,60,42,3000,21,2,0.0,0.4923512893234844,0.5871363757672805,,4,1
attention_depth,fitness_screens+protein_features,median,rank,15,0.25,25,42,3000,21,2,0.0,0.4923512893234844,0.5871363757672805,,4,1
attention_depth,fitness_screens+protein_features,median,rank,50,0.0,25,42,3000,21,2,0.0,0.49224444767232856,0.5869797225186766,,4,1
attention_depth,fitness_screens+protein_features,median,rank,50,0.0,60,42,3000,21,2,0.0,0.49224444767232856,0.5869797225186766,,4,1
attention_depth,fitness_screens+protein_features,median,rank,50,0.25,25,42,3000,21,2,0.0,0.49224444767232856,0.5869797225186766,,4,1
attention_depth,fitness_screens+protein_features,median,rank,50,0.25,60,42,3000,21,2,0.0,0.49224444767232856,0.5869797225186766,,4,1
attention_depth,expression_raw+protein_features,median,rank,15,0.25,60,42,3000,31,2,0.009,0.4921843447870009,0.5833578359306085,,4,1
attention_depth,expression_raw+fitness_screens+protein_features,median,rank,15,0.0,25,42,3000,39,5,0.015,0.4905258969517946,0.5831077422847861,,4,1
attention_depth,expression_summary+protein_features,median,rank,15,0.25,60,42,3000,17,4,0.06166666666666667,0.48971738923955666,0.5858648481091134,,4,1
attention_depth,expression_raw+protein_features,median,rank,50,0.25,25,42,3000,31,2,0.0,0.48937821981364493,0.5819028222286878,,4,1
attention_depth,expression_raw+protein_features,median,rank,50,0.25,60,42,3000,31,2,0.0003333333333333333,0.48937058727071653,0.5819028222286878,,4,1
attention_depth,expression_summary+fitness_screens+interactions,median,rank,50,0.25,60,42,3000,16,7,0.44133333333333336,0.4892719165175518,0.58,,4,1
attention_depth,expression_raw+published_screens+interactions,median,rank,15,0.25,60,42,3000,34,5,0.106,0.48902235923322546,0.5810769698813507,,4,1
attention_depth,expression_raw+fitness_screens+interactions,median,rank,50,0.25,25,42,3000,30,6,0.118,0.48886606604523947,0.5767928593413357,,4,1
attention_depth,expression_raw+fitness_screens+interactions,median,rank,15,0.25,25,42,3000,30,7,0.10533333333333333,0.48881083091362,0.5767356881851401,,4,1
attention_depth,expression_raw+fitness_screens+protein_features,median,rank,50,0.25,25,42,3000,39,6,0.16466666666666666,0.48796127910499226,0.5786407766990291,,4,1
attention_depth,expression_summary+expression_raw+interactions,median,rank,50,0.25,60,42,3000,26,6,0.203,0.4871403102260155,0.5784044016506189,,4,1
attention_depth,expression_summary+fitness_screens+interactions,median,rank,50,0.25,25,42,3000,16,8,0.33466666666666667,0.48635878078200484,0.5778152678194853,,4,1
attention_depth,expression_raw+protein_features,median,rank,50,0.0,60,42,3000,31,3,0.0,0.48632849673377654,0.5817335660267597,,4,1
attention_depth,expression_summary+expression_raw+published_screens,median,rank,15,0.25,60,42,3000,34,4,0.493,0.4858490804347099,0.5951742627345845,,4,1
attention_depth,expression_summary+protein_features,median,rank,50,0.25,60,42,3000,17,3,0.033,0.4852588216162491,0.5799818566676747,,4,1
attention_depth,fitness_screens+published_screens+protein_features,median,rank,15,0.25,25,42,3000,33,5,0.09066666666666667,0.48460635564193144,0.5809352517985611,,4,1
attention_depth,expression_summary+published_screens+interactions,median,rank,15,0.25,60,42,3000,20,5,0.189,0.48413487158437435,0.5762478485370052,,4,1
attention_depth,expression_summary+protein_features,median,rank,50,0.0,25,42,3000,17,4,0.007333333333333333,0.4832416977514907,0.5779086892488955,,4,1
attention_depth,expression_summary+protein_features,median,rank,50,0.0,60,42,3000,17,3,0.0,0.4812721436223635,0.5745241581259151,,4,1
attention_depth,expression_summary+protein_features,median,rank,15,0.0,60,42,3000,17,4,0.0,0.4812179658816577,0.5743559718969554,,4,1
attention_depth,expression_raw+fitness_screens+interactions,median,rank,15,0.0,25,42,3000,30,8,0.035666666666666666,0.4801194305342297,0.5666191155492155,,4,1
attention_depth,expression_summary+protein_features,median,rank,50,0.25,25,42,3000,17,3,0.01,0.4798941314121682,0.573037037037037,,4,1
attention_depth,expression_summary+fitness_screens+published_screens,median,rank,50,0.0,60,42,3000,24,5,0.2786666666666667,0.4786709364410939,0.5844709897610921,,4,1
attention_depth,expression_summary+fitness_screens+published_screens,median,rank,15,0.0,60,42,3000,24,5,0.20366666666666666,0.4785050514935164,0.6039156626506024,,4,1
attention_depth,expression_raw+fitness_screens+interactions,median,rank,50,0.0,60,42,3000,30,6,0.04,0.4772631213318707,0.5611510791366907,,4,1
attention_depth,expression_raw+fitness_screens+interactions,median,rank,15,0.0,60,42,3000,30,6,0.024666666666666667,0.4772325888326121,0.5656508117345486,,4,1
attention_depth,expression_summary+published_screens+interactions,median,rank,50,0.25,25,42,3000,20,5,0.086,0.4770387159858605,0.5597311335166514,,4,1
attention_depth,expression_summary+fitness_screens+interactions,median,rank,50,0.0,25,42,3000,16,9,0.13966666666666666,0.47673352544373415,0.5633617859487853,,4,1
attention_depth,published_screens+protein_features,median,rank,50,0.0,25,42,3000,25,14,0.07233333333333333,0.4761344941655776,0.5681142177275431,,4,1
attention_depth,expression_summary+fitness_screens+protein_features,median,rank,50,0.25,60,42,3000,25,3,0.356,0.47606804166167266,0.5610073816760747,,4,1
attention_depth,expression_raw+fitness_screens+interactions,median,rank,50,0.0,25,42,3000,30,6,0.028666666666666667,0.4757532874868969,0.5618556701030928,,4,1
attention_depth,expression_raw+published_screens+interactions,median,rank,50,0.25,25,42,3000,34,5,0.07766666666666666,0.4752622731247944,0.5604329524954901,,4,1
attention_depth,expression_summary+fitness_screens+published_screens,median,rank,15,0.25,60,42,3000,24,3,0.49966666666666665,0.474560244735561,0.5672215108834827,,4,1
attention_depth,expression_raw+published_screens+interactions,median,rank,50,0.0,25,42,3000,34,5,0.012,0.4733958341544267,0.5568980050576005,,4,1
attention_depth,published_screens+protein_features,median,rank,15,0.25,60,42,3000,25,3,0.007333333333333333,0.4733527396823129,0.5651913875598086,,4,1
attention_depth,fitness_screens+published_screens+protein_features,median,rank,15,0.0,25,42,3000,33,4,0.0,0.4729937322554393,0.564650059311981,,4,1
attention_depth,expression_raw+published_screens+interactions,median,rank,15,0.0,60,42,3000,34,5,0.007,0.472461655826975,0.5564289724873667,,4,1
attention_depth,expression_summary+published_screens+interactions,median,rank,50,0.0,60,42,3000,20,5,0.024666666666666667,0.47239734052152677,0.5539526832083094,,4,1
attention_depth,published_screens+interactions,median,rank,50,0.25,25,42,3000,16,11,0.13333333333333333,0.47204829843690665,0.5490943755958055,,4,1
attention_depth,published_screens+protein_features,median,rank,15,0.25,25,42,3000,25,3,0.0006666666666666666,0.4718164804115721,0.5625,,4,1
attention_depth,expression_summary+fitness_screens+protein_features,median,rank,50,0.0,25,42,3000,25,7,0.06133333333333333,0.47170542408089816,0.5645016462137086,,4,1
attention_depth,published_screens+protein_features,median,rank,50,0.25,25,42,3000,25,3,0.003,0.47162709211959436,0.5624813599761408,,4,1
attention_depth,published_screens+protein_features,median,rank,50,0.0,60,42,3000,25,3,0.0,0.47161876828361016,0.5621653777513385,,4,1
attention_depth,expression_summary+published_screens+interactions,median,rank,50,0.0,25,42,3000,20,5,0.015333333333333332,0.4715682591466468,0.5548239335814487,,4,1
attention_depth,expression_summary+fitness_screens,median,rank,15,0.0,60,42,3000,12,4,0.365,0.4707916808934158,0.5546506643806258,,4,1
attention_depth,expression_raw+published_screens+interactions,median,rank,50,0.0,60,42,3000,34,4,0.001,0.47001817335208407,0.5551820728291317,,4,1
attention_depth,expression_summary+fitness_screens+protein_features,median,rank,50,0.0,60,42,3000,25,4,0.075,0.468541853620244,0.5561985988425221,,4,1
attention_depth,expression_raw+fitness_screens+protein_features,median,rank,50,0.0,60,42,3000,39,4,0.11766666666666667,0.46767026571172465,0.5480829666876179,,4,1
attention_depth,expression_summary+expression_raw+interactions,median,rank,15,0.25,60,42,3000,26,7,0.16333333333333333,0.467597422305366,0.5507931150860614,,4,1
attention_depth,expression_summary+expression_raw+published_screens,median,rank,15,0.0,60,42,3000,34,5,0.09966666666666667,0.46756305108717444,0.5634502016754578,,4,1
attention_depth,fitness_screens+published_screens+interactions,median,rank,15,0.0,60,42,3000,24,5,0.03233333333333333,0.46726793096441993,0.5407110091743119,,4,1
attention_depth,published_screens+interactions,median,rank,50,0.25,60,42,3000,16,6,0.18233333333333332,0.4660691084899752,0.5378323108384458,,4,1
attention_depth,expression_summary+fitness_screens+interactions,median,rank,50,0.0,60,42,3000,16,6,0.187,0.4658367678282657,0.5470024831500533,,4,1
attention_depth,fitness_screens+interactions,median,rank,15,0.25,60,42,3000,12,5,0.10533333333333333,0.46548247700816625,0.5387500000000001,,4,1
attention_depth,expression_summary+fitness_screens+published_screens,median,rank,50,0.25,60,42,3000,24,4,0.413,0.4654535233072849,0.548440065681445,,4,1
attention_depth,fitness_screens+interactions,median,rank,15,0.0,60,42,3000,12,5,0.002,0.46542646571383206,0.5378809057869722,,4,1
attention_depth,expression_summary+fitness_screens+protein_features,median,rank,15,0.0,60,42,3000,25,4,0.023,0.46446616015990744,0.5517441860465115,,4,1
attention_depth,fitness_screens+published_screens+interactions,median,rank,15,0.0,25,42,3000,24,9,0.017666666666666667,0.46361627895171326,0.5345804988662132,,4,1
attention_depth,fitness_screens+interactions,median,rank,50,0.0,60,42,3000,12,5,0.042333333333333334,0.4621371725223446,0.532981530343008,,4,1
attention_depth,expression_raw+published_screens,median,rank,15,0.25,25,42,3000,30,7,0.16566666666666666,0.4613459028317423,0.5515151515151515,,4,1
attention_depth,expression_raw+protein_features+interactions,median,rank,15,0.0,60,42,3000,35,8,0.051,0.4606803106790081,0.537976583608526,,4,1
attention_depth,published_screens+interactions,median,rank,15,0.0,60,42,3000,16,6,0.030666666666666665,0.45934861721609865,0.5291375291375291,,4,1
attention_depth,fitness_screens+interactions,median,rank,15,0.0,25,42,3000,12,9,0.009666666666666667,0.4564224821321943,0.523524379811805,,4,1
attention_depth,published_screens+interactions,median,rank,50,0.0,25,42,3000,16,6,0.0,0.45614011926651804,0.5232590921905836,,4,1
attention_depth,published_screens+interactions,median,rank,50,0.0,60,42,3000,16,6,0.0,0.45614011926651804,0.5232590921905836,,4,1
attention_depth,expression_summary+protein_features,median,rank,15,0.25,25,42,3000,17,6,0.039,0.4541114264779055,0.5346912794398472,,4,1
attention_depth,expression_summary+expression_raw+interactions,median,rank,50,0.0,60,42,3000,26,7,0.084,0.4519536246051937,0.5274016763378465,,4,1
attention_depth,expression_summary+fitness_screens+protein_features,median,rank,50,0.25,25,42,3000,25,8,0.2856666666666667,0.45155385637115614,0.5310596833130329,,4,1
attention_depth,fitness_screens+interactions,median,rank,15,0.25,25,42,3000,12,7,0.052333333333333336,0.45148017181574096,0.5174069627851141,,4,1
attention_depth,expression_summary+expression_raw+interactions,median,rank,15,0.25,25,42,3000,26,7,0.12733333333333333,0.45073248161049934,0.5289421157684631,,4,1
attention_depth,expression_summary+protein_features+interactions,median,rank,50,0.0,25,42,3000,21,6,0.0033333333333333335,0.4496246888600574,0.5221187427240978,,4,1
attention_depth,expression_summary+protein_features+interactions,median,rank,15,0.0,60,42,3000,21,6,0.0,0.44848463278029255,0.5205240174672489,,4,1
attention_depth,protein_features+interactions,median,rank,50,0.25,25,42,3000,17,12,0.03766666666666667,0.4451082530057587,0.5139056831922612,,4,1
attention_depth,expression_summary+expression_raw+interactions,median,rank,50,0.0,25,42,3000,26,16,0.117,0.4450918618969836,0.5217983651226158,,4,1
attention_depth,expression_raw+interactions,median,rank,15,0.0,60,42,3000,22,8,0.031,0.4442129881820093,0.5202907328891581,,4,1
attention_depth,expression_summary+published_screens+interactions,median,rank,15,0.25,25,42,3000,20,7,0.17466666666666666,0.4436098409118688,0.5177737881508079,,4,1
attention_depth,fitness_screens+interactions,median,rank,50,0.0,25,42,3000,12,15,0.21466666666666667,0.44267618932567804,0.5435855263157895,,4,1
attention_depth,expression_raw+interactions,median,rank,15,0.25,25,42,3000,22,8,0.09966666666666667,0.4413362875027895,0.515538109257442,,4,1
attention_depth,expression_raw+published_screens+interactions,median,rank,15,0.25,25,42,3000,34,6,0.09766666666666667,0.44128636939164484,0.5118391177424587,,4,1
attention_depth,expression_raw+interactions,median,rank,50,0.0,25,42,3000,22,9,0.0023333333333333335,0.43219924739979393,0.5032563647128477,,4,1
attention_depth,expression_raw+interactions,median,rank,50,0.0,60,42,3000,22,7,0.0003333333333333333,0.43173089062656306,0.5025125628140704,,4,1
attention_depth,expression_raw+published_screens+interactions,median,rank,15,0.0,25,42,3000,34,11,0.11566666666666667,0.4314017173099135,0.5410557184750733,,4,1
attention_depth,published_screens+protein_features,median,rank,15,0.0,60,42,3000,25,6,0.022333333333333334,0.4277145401515073,0.49969192852741834,,4,0
attention_depth,expression_raw+interactions,median,rank,15,0.0,25,42,3000,22,9,0.006,0.42762214996166154,0.4957780458383593,,4,0
attention_depth,expression_summary+expression_raw+interactions,median,rank,15,0.0,60,42,3000,26,9,0.08166666666666667,0.4186286798084314,0.4811827956989247,,4,0
attention_depth,expression_raw+published_screens,median,rank,15,0.25,60,42,3000,30,4,0.35533333333333333,0.4132701839675214,0.486797887662026,,4,0
attention_depth,expression_summary+published_screens,median,rank,15,0.25,60,42,3000,16,4,0.4613333333333333,0.411365619976876,0.48049052396878483,,4,0
attention_depth,expression_raw+fitness_screens+protein_features,median,rank,15,0.25,25,42,3000,39,10,0.303,0.40816978993239134,0.4817261118450022,,4,0
attention_depth,expression_summary+protein_features+interactions,median,rank,15,0.0,25,42,3000,21,15,0.073,0.40348162858174846,0.4812754912866148,,4,0
attention_depth,expression_summary+fitness_screens+protein_features,median,rank,15,0.25,25,42,3000,25,10,0.3313333333333333,0.39798367913228305,0.47434119278779474,,4,0
attention_depth,fitness_screens+published_screens+interactions,median,rank,50,0.25,25,42,3000,24,13,0.4093333333333333,0.3966227410335728,0.46548773531089555,,4,0
attention_depth,expression_raw+published_screens,median,rank,50,0.0,60,42,3000,30,6,0.09966666666666667,0.3955244128688855,0.46347430968192943,,4,0
attention_depth,expression_raw+published_screens,median,rank,50,0.0,25,42,3000,30,8,0.06766666666666667,0.3878641669891028,0.452624403544649,,4,0
attention_depth,fitness_screens+protein_features+interactions,median,rank,15,0.0,25,42,3000,25,19,0.15533333333333332,0.38600902863498754,0.4840816326530613,,4,0
attention_depth,expression_summary+published_screens,median,rank,50,0.0,25,42,3000,16,16,0.196,0.38544577709261524,0.4462616822429906,,4,0
attention_depth,expression_raw+published_screens,median,rank,50,0.25,60,42,3000,30,5,0.364,0.385373953256318,0.44513457556935815,,4,0
attention_depth,expression_summary+expression_raw+protein_features,median,rank,50,0.25,25,42,3000,35,10,0.19133333333333333,0.3835400801057003,0.43142043142043146,,4,0
attention_depth,expression_raw+published_screens,median,rank,50,0.25,25,42,3000,30,7,0.201,0.3813876171586132,0.4392374900714853,,4,0
attention_depth,expression_summary+published_screens,median,rank,50,0.0,60,42,3000,16,7,0.20766666666666667,0.380746343788997,0.44292604501607713,,4,0
attention_depth,expression_summary+fitness_screens,median,rank,50,0.0,25,42,3000,12,15,0.397,0.3780453562402379,0.43390191897654584,,4,0
attention_depth,expression_raw+protein_features,median,rank,50,0.0,25,42,3000,31,12,0.076,0.3779270484215925,0.4182642035552457,,4,0
attention_depth,expression_summary+expression_raw+protein_features,median,rank,15,0.0,25,42,3000,35,15,0.059333333333333335,0.3764670843558231,0.42532353969919556,,4,0
attention_depth,protein_features+interactions,median,rank,50,0.0,60,42,3000,17,12,0.036333333333333336,0.3751599722642154,0.45092250922509225,,4,0
attention_depth,expression_summary+expression_raw+protein_features,median,rank,15,0.0,60,42,3000,35,6,0.04066666666666666,0.3725764486334666,0.4175824175824176,,4,0
attention_depth,expression_summary+expression_raw+protein_features,median,rank,15,0.25,25,42,3000,35,9,0.13766666666666666,0.3723953835908434,0.4121542656797818,,4,0
attention_depth,expression_raw+published_screens,median,rank,15,0.0,25,42,3000,30,8,0.019333333333333334,0.3719281307829371,0.42941952506596304,,4,0
attention_depth,expression_summary+expression_raw+protein_features,median,rank,50,0.0,60,42,3000,35,8,0.08,0.3718545361464393,0.41212558643089137,,4,0
attention_depth,expression_raw+protein_features,median,rank,15,0.0,60,42,3000,31,6,0.0036666666666666666,0.370622359114348,0.4148397976391231,,4,0
attention_depth,protein_features+interactions,median,rank,15,0.25,25,42,3000,17,23,0.05433333333333333,0.36747648512947223,0.4197617379117029,,4,0
attention_depth,protein_features+interactions,median,rank,15,0.25,60,42,3000,17,7,0.056,0.3664729767838197,0.4212750968650934,,4,0
attention_depth,expression_summary+expression_raw+protein_features,median,rank,50,0.0,25,42,3000,35,11,0.042666666666666665,0.3659860739073136,0.4032543332154227,,4,0
attention_depth,expression_summary+expression_raw+published_screens,median,rank,15,0.0,25,42,3000,34,16,0.16533333333333333,0.36294133357431285,0.39999999999999997,,4,0
attention_depth,published_screens+interactions,median,rank,15,0.0,25,42,3000,16,21,0.09166666666666666,0.357896637853002,0.4346123727486296,,4,0
attention_depth,expression_raw+fitness_screens+published_screens,median,rank,15,0.25,60,42,3000,38,5,0.556,0.3572899851222674,0.4,,4,0
attention_depth,protein_features,median,rank,50,0.25,60,42,3000,13,8,0.005,0.35541562786070086,0.3922342875946035,,4,0
attention_depth,expression_summary+expression_raw+published_screens,median,rank,15,0.25,25,42,3000,34,14,0.36533333333333334,0.3514062273436443,0.37916666666666665,,4,0
attention_depth,expression_raw+fitness_screens,median,rank,50,0.0,60,42,3000,26,8,0.45266666666666666,0.35091153354676247,0.3859223300970874,,4,0
attention_depth,expression_summary+expression_raw+published_screens,median,rank,50,0.0,60,42,3000,34,8,0.27066666666666667,0.3475096950270278,0.38353686114880137,,4,0
attention_depth,expression_raw+fitness_screens+protein_features,median,rank,50,0.0,25,42,3000,39,15,0.3506666666666667,0.3453549633100243,0.3828002097535396,,4,0
attention_depth,fitness_screens+published_screens+interactions,median,rank,50,0.0,25,42,3000,24,18,0.24766666666666667,0.3451358670634756,0.4120171673819743,,4,0
attention_depth,expression_raw+protein_features+interactions,median,rank,50,0.0,25,42,3000,35,20,0.147,0.34376852167740063,0.3793650793650794,,4,0
attention_depth,protein_features,median,rank,15,0.25,60,42,3000,13,12,0.049,0.3300916564658205,0.3600767754318618,,4,0
attention_depth,protein_features,median,rank,50,0.25,25,42,3000,13,18,0.013,0.3298413748672677,0.3670793882010197,,4,0
attention_depth,published_screens+protein_features+interactions,median,rank,15,0.0,25,42,3000,29,17,0.065,0.3286087949336906,0.36270566727605114,,4,0
attention_depth,expression_raw+protein_features,median,rank,15,0.0,25,42,3000,31,16,0.07433333333333333,0.32668991332380326,0.35285285285285284,,4,0
attention_depth,expression_raw+protein_features+interactions,median,rank,15,0.0,25,42,3000,35,15,0.043333333333333335,0.32632946283288267,0.3549316054715622,,4,0
attention_depth,protein_features,median,rank,15,0.25,25,42,3000,13,23,0.033666666666666664,0.3263062787276321,0.3528169014084507,,4,0
attention_depth,expression_summary+protein_features,median,rank,15,0.0,25,42,3000,17,16,0.08766666666666667,0.32593466625819495,0.352,,4,0
attention_depth,expression_summary+expression_raw+fitness_screens,median,rank,50,0.0,25,42,3000,30,20,0.43833333333333335,0.324037413612842,0.3758642363293526,,4,0
attention_depth,expression_summary+published_screens,median,rank,50,0.25,60,42,3000,16,6,0.537,0.3204095416076195,0.36913285600636436,,4,0
attention_depth,expression_summary+expression_raw+fitness_screens,median,rank,50,0.0,60,42,3000,30,8,0.4266666666666667,0.3136630069596246,0.38039673278879815,incidental,4,0
attention_depth,expression_summary+expression_raw+fitness_screens,median,rank,50,0.25,25,42,3000,30,12,0.5376666666666666,0.3129747410272318,0.3953823953823954,incidental,4,0
attention_depth,expression_summary+fitness_screens+published_screens,median,rank,50,0.0,25,42,3000,24,17,0.395,0.3102892865062953,0.3432258064516129,,4,0
attention_depth,expression_raw+fitness_screens+published_screens,median,rank,50,0.0,60,42,3000,38,8,0.2816666666666667,0.30897238635475116,0.33967789165446555,,4,0
attention_depth,expression_raw+fitness_screens+published_screens,median,rank,50,0.25,25,42,3000,38,10,0.45166666666666666,0.3082878054043709,0.3339831059129305,,4,0
attention_depth,expression_raw+fitness_screens+published_screens,median,rank,15,0.0,25,42,3000,38,15,0.24133333333333334,0.30767644528591725,0.3581661891117478,,4,0
attention_depth,interactions,median,rank,50,0.25,60,42,3000,4,14,0.06866666666666667,0.30415800317936753,0.33864207879295893,,4,0
attention_depth,interactions,median,rank,50,0.0,60,42,3000,4,16,0.071,0.2981738520044239,0.34006734006734,,4,0
attention_depth,expression_summary+expression_raw+published_screens,median,rank,50,0.0,25,42,3000,34,21,0.324,0.2938049374490745,0.320254506892895,,4,0
attention_depth,expression_summary+published_screens,median,rank,50,0.25,25,42,3000,16,15,0.454,0.290975277682896,0.32275489534098584,,4,0
attention_depth,interactions,median,rank,15,0.25,60,42,3000,4,14,0.244,0.2872974103692877,0.31771090281203745,,4,0
attention_depth,expression_raw+fitness_screens+published_screens,median,rank,15,0.0,60,42,3000,38,9,0.22233333333333333,0.2857606010209507,0.32345798931520153,,4,0
attention_depth,expression_summary+interactions,median,rank,15,0.0,25,42,3000,8,22,0.14466666666666667,0.28457033796874037,0.31303602058319036,,4,0
attention_depth,expression_summary+published_screens,median,rank,15,0.0,60,42,3000,16,7,0.2786666666666667,0.2804754624962037,0.3181818181818181,,4,0
attention_depth,expression_raw+fitness_screens+published_screens,median,rank,50,0.0,25,42,3000,38,14,0.312,0.2707375042192143,0.30769230769230765,,4,0
attention_depth,protein_features,median,rank,50,0.0,25,42,3000,13,26,0.035,0.2701501109378476,0.30633520449077783,incidental,4,0
attention_depth,protein_features,median,rank,50,0.0,60,42,3000,13,16,0.026333333333333334,0.2695406011806735,0.3036565977742448,incidental,4,0
attention_depth,expression_summary+expression_raw+published_screens,median,rank,50,0.25,25,42,3000,34,19,0.49066666666666664,0.26757675250983676,0.29739776951672864,,4,0
attention_depth,expression_raw+fitness_screens,median,rank,50,0.0,25,42,3000,26,19,0.41,0.26429269545413825,0.2841302841302842,,4,0
attention_depth,expression_raw+fitness_screens,median,rank,50,0.25,25,42,3000,26,10,0.6273333333333333,0.263438495749352,0.28270042194092826,,4,0
attention_depth,interactions,median,rank,50,0.25,25,42,3000,4,26,0.036333333333333336,0.2517845737559666,0.273950910530483,,4,0
attention_depth,expression_summary+published_screens+interactions,median,rank,15,0.0,25,42,3000,20,24,0.2753333333333333,0.23097599165997063,0.2479338842975207,,4,0
attention_depth,protein_features+interactions,median,rank,15,0.0,60,42,3000,17,16,0.13133333333333333,0.22750806034779658,0.2552255225522553,incidental,4,0
attention_depth,interactions,median,rank,15,0.25,25,42,3000,4,35,0.04533333333333334,0.19828905427224125,0.21351616062683643,incidental,4,0
attention_depth,expression_summary+expression_raw+fitness_screens,median,rank,15,0.0,25,42,3000,30,21,0.38066666666666665,0.19680890427320757,0.23929098966026588,incidental,4,0
attention_depth,interactions,median,rank,15,0.0,60,42,3000,4,19,0.17733333333333334,0.18546210199162536,0.19190751445086704,incidental,4,0
attention_depth,expression_raw+fitness_screens,median,rank,15,0.0,25,42,3000,26,25,0.4063333333333333,0.17551397746472955,0.19927536231884058,incidental,4,0
attention_depth,protein_features,median,rank,15,0.0,60,42,3000,13,18,0.07266666666666667,0.16640842998901148,0.19294117647058823,incidental,4,0
attention_depth,published_screens+protein_features,median,rank,15,0.0,25,42,3000,25,31,0.12066666666666667,0.16243089813558675,0.1701285855588526,,4,0
attention_depth,protein_features,median,rank,15,0.0,25,42,3000,13,33,0.041666666666666664,0.15196956417301052,0.15820759030635573,,4,0
attention_depth,interactions,median,rank,15,0.0,25,42,3000,4,49,0.06566666666666666,0.13734371659264902,0.14999999999999997,focal,4,0
attention_depth,protein_features+interactions,median,rank,15,0.0,25,42,3000,17,42,0.068,0.1370139356576881,0.19447779111644659,incidental,4,0
attention_depth,protein_features+interactions,median,rank,50,0.0,25,42,3000,17,38,0.10466666666666667,0.13291693100981777,0.16094986807387862,incidental,4,0
attention_depth,interactions,median,rank,50,0.0,25,42,3000,4,49,0.09033333333333333,0.09892639118340955,0.15405046480743692,incidental,4,0
