hff_tg_infection_log2fc	hff_tg_infection_padj	host_id	host_name
-0.03733535147	0.8275173035	P00395	MT-CO1
0.00362859447	0.9827533993	P00414	MT-CO3
-0.08243922373	0.7150086735	P02792	FTL
0.1147745661	0.4459660589	P00403	MT-CO2
0.1502007593	0.4571021266	P03901	MT-ND4L
0.01744059923	0.905888918	P00846	MT-ATP6
0.09756970141	0.4866816818	P03905	MT-ND4
0.08059094692	0.9013223393	P03928	MT-ATP8
0.107406864	0.3744460289	P00156	MT-CYB
-0.1301130158	0.4530107872	P03923	MT-ND6
0.06232620807	0.6257131279	P68104	EEF1A1
-0.05239724818	0.7103482803	P03915	MT-ND5
-0.01686720497	0.9363556201	P03886	MT-ND1
0.1082928612	0.6969538335	P03897	MT-ND3
0.08702120292	0.6156275307	P03891	MT-ND2
-0.03602523466	0.9410730381	P43235	CTSK
0.4662402129	0.07103897286	P03956	MMP1
0.03923215451	0.8575429652	P63313	TMSB10
-0.01279706539	0.952889335	P12110	COL6A2
0.001012043821	0.9975995912	P51884	LUM
0.1356226397	0.3271509141	P07996	THBS1
-0.07475020116	0.7233360596	P12109	COL6A1
-0.296256635	0.3405820177	P08123	COL1A2
-0.1625618871	0.4788456516	P02751	FN1
0.2191282944	0.1922265545	P62328	TMSB4X
0.1421196581	0.460148757	P02794	FTH1
0.02998508401	0.9408762768	P09382	LGALS1
0.01200423782	0.9603679227	P01033	TIMP1
0.6896714006	0.05930738447	P08254	MMP3
-0.03900581113	0.8337209932	P63261	ACTG1
-0.4481719387	0.3701649402	P02452	COL1A1
-0.02817386517	0.8866568039	P60709	ACTB
0.2572106555	0.194175425	P61587	RND3
0.006316631038	0.9829840816	P06703	S100A6
0.1502536125	0.3328249717	P61769	B2M
0.003666294563	0.9818553523	P62945	RPL41
-0.1122680643	0.6702043655	P08253	MMP2
-0.1009138916	0.6604568666	P22692	IGFBP4
0.004696057631	0.9792445655	P13639	EEF2
0.1205745709	0.414364926	P40429	RPL13A
0.007011743909	0.9717448196	P05556	ITGB1
-0.08005770181	0.597833428	P07602	PSAP
-0.04321025664	0.8727134136	P08962	CD63
0.09716475161	0.5595691972	P31949	S100A11
0.1007347279	0.6108015747	Q03135	CAV1
0.01565876002	0.9415596309	P07858	CTSB
0.08587593048	0.4278882581	P67809	YBX1
0.1006803364	0.6873561766	P08758	ANXA5
-0.03968265596	0.8439909332	P27797	CALR
-0.01508752423	0.9624701442	P24385	CCND1
-0.0251009747	0.8711118998	P04406	GAPDH
-0.1232144387	0.6969500746	P08670	VIM
0.06687233198	0.6199345851	P62280	RPS11
0.007644446518	0.9852703113	P25398	RPS12
-0.2209599378	0.3308141624	P09486	SPARC
0.007022282123	0.9596953811	P15880	RPS2
0.05658610326	0.837823988	P50281	MMP14
-0.1031267927	0.6316040622	P04156	PRNP
0.0491206878	0.7675505304	O43852	CALU
-0.2158719144	0.3666007787	P16035	TIMP2
0.181994103	0.2072688994	P08238	HSP90AB1
0.2291848412	0.1604282629	P08473	MME
-0.04416635965	0.7526200742	Q9UBP4	DKK3
-0.08911632496	0.5552830992	P05067	APP
0.04720303939	0.6769408489	P05388	RPLP0
0.1715083317	0.5250971987	P24593	IGFBP5
-0.2037532665	0.2424199462	P23142	FBLN1
0.05530978282	0.6148182786	P14625	HSP90B1
-0.4233743902	0.1224483687	Q8WUJ3	CEMIP
-0.2851128354	0.4508110904	P12111	COL6A3
0.009143456792	0.9639433611	P39023	RPL3
0.06273562892	0.6059189153	P62753	RPS6
0.03279575399	0.7893691964	P62424	RPL7A
0.01959107544	0.9135620021	Q15012	LAPTM4A
0.07272140736	0.6058366597	P62269	RPS18
0.06419058207	0.6070610394	P62906	RPL10A
-0.145338062	0.5645602633	P02461	COL3A1
0.1563264865	0.4508140995	Q01628	IFITM3
-0.1242069357	0.4373693401	P29373	CRABP2
-0.5438051202	0.11186379	O00767	SCD
-0.02327456774	0.8825969975	P14618	PKM
0.3807356021	0.0527542555	O00300	TNFRSF11B
0.09856789386	0.3487660469	P11142	HSPA8
0.006113412174	0.9689669225	P61247	RPS3A
-0.00798737252	0.9651398363	P26447	S100A4
0.1127384661	0.447848434	P15144	ANPEP
-0.004114107814	0.9831095262	P84098	RPL19
0.1420223308	0.4265505334	P10321	HLA-C
0.01881708634	0.8898773336	Q6NZI2	CAVIN1
0.2290080926	0.309392546	P01889	HLA-B
-0.1246251216	0.2728954864	P17302	GJA1
0.03746995942	0.8135265022	P18124	RPL7
-0.03270597551	0.8718121595	P21333	FLNA
-0.2202942841	0.06099645828	O00264	PGRMC1
-0.03654918605	0.825012124	Q16270	IGFBP7
0.1062271721	0.5036240875	Q9Y696	CLIC4
0.1219766079	0.3823776686	P62851	RPS25
0.2327185116	0.1621092069	P07900	HSP90AA1
-0.0540248783	0.7560998868	Q96QD8	SLC38A2
0.02911643892	0.8986534894	Q15121	PEA15
-0.183317397	0.6112434928	Q14956	GPNMB
0.07181865158	0.5566599934	P27824	CANX
-0.2082354348	0.4395407709	Q53TN4	CYBRD1
0.2088139307	0.1943247029	P40189	IL6ST
-0.09622819853	0.5464678667	Q06481	APLP2
0.05159487129	0.6502781376	P36578	RPL4
0.1107448546	0.460148757	P04439	HLA-A
0.1772821744	0.3542323555	P17096	HMGA1
0.6530214947	0.009697553156	P02795	MT2A
0.04968170123	0.7261901009	P10599	TXN
0.04095327602	0.8275173035	P61586	RHOA
0.2228067159	0.1816635752	P07437	TUBB
-0.02081473216	0.9430747579	P07711	CTSL
-0.007739819749	0.9598303515	P07951	TPM2
-0.1881818367	0.3676198726	Q8IUX7	AEBP1
0.6347241704	0.02244734065	P24821	TNC
-0.2924559245	0.2083540706	Q9HCU0	CD248
0.3989524769	0.02432109651	P15121	AKR1B1
-0.08231436764	0.6356226162	Q07065	CKAP4
-0.003521253846	0.9871602612	P35579	MYH9
0.008749729441	0.9445681905	P11940	PABPC1
-0.2116242933	0.454796923	Q09666	AHNAK
0.01875073986	0.8986534894	P62241	RPS8
0.07474775883	0.6204548932	P62917	RPL8
0.07423426082	0.5210130559	P38936	CDKN1A
0.01568003542	0.9294274164	P62701	RPS4X
0.1178047853	0.4071318645	P11021	HSPA5
0.04937754391	0.7636695359	Q16553	LY6E
-0.1650943911	0.5541927476	P24592	IGFBP6
0.1080643316	0.392868431	P27487	DPP4
0.1248498925	0.6763067155	P42677	RPS27
0.1018839332	0.5436265617	Q06830	PRDX1
0.0950016829	0.3336781262	P09651	HNRNPA1
0.01258940918	0.9498565402	P27348	YWHAQ
-0.02816358752	0.946152605	P04083	ANXA1
0.05926109093	0.8249710814	P07355	ANXA2
-0.1704313225	0.508639836	P98095	FBLN2
0.1444852616	0.3234032677	P0CG48	UBC
0.03635182923	0.8778917551	P0CG47	UBB
0.08983728535	0.4558910963	P06748	NPM1
-0.02836098161	0.8165229361	P07237	P4HB
0.01901694757	0.9218264438	P51149	RAB7A
-0.06152894654	0.7967671476	P09871	C1S
0.0745118217	0.5602898864	P67936	TPM4
0.07329361492	0.6362763832	P30050	RPL12
0.1098258194	0.527945266	P35625	TIMP3
0.1661624125	0.2728954864	P07737	PFN1
0.02164101886	0.9135620021	P13747	HLA-E
0.001821553932	0.9919505435	P78344	EIF4G2
0.009055651819	0.9549713939	Q05682	CALD1
-0.1400945689	0.6257131279	Q8N474	SFRP1
0.06176371683	0.7532748078	Q8WVJ9	TWIST2
0.07529345857	0.5660889968	O43920	NDUFS5
0.0003059747992	0.9985520525	P13693	TPT1
-0.02973348251	0.8576822089	Q9Y6B2	EID1
0.02013929244	0.9427103976	O94907	DKK1
-0.06763509993	0.6348673436	P30101	PDIA3
0.02683000435	0.9149006434	O00299	CLIC1
0.04777206656	0.7245817665	P62937	PPIA
0.02400486922	0.8675345243	Q9NRX5	SERINC1
0.04044849938	0.7378886236	O75534	CSDE1
-0.1457033009	0.4888223784	P60981	DSTN
0.05398230755	0.7832189718	P62913	RPL11
-0.0732092871	0.8043836864	P47914	RPL29
0.02882225296	0.8091768047	P46777	RPL5
0.09212892089	0.3786970195	P62633	CNBP
-0.1666824142	0.4318558071	P28799	GRN
0.04232871114	0.7974287815	P18085	ARF4
0.03568400339	0.8718121595	P05386	RPLP1
-0.1036591355	0.5310871041	Q96AY3	FKBP10
0.2735819335	0.3271509141	P06454	PTMA
-0.08760544356	0.7165377695	Q99536	VAT1
0.03176475637	0.7731000398	Q02878	RPL6
-0.163928682	0.3245900843	P11047	LAMC1
0.01443471593	0.9696346184	Q8TAD7	C12orf75
0.05255092396	0.7489728983	Q99967	CITED2
-0.1050376089	0.6182900821	P07585	DCN
-0.1639130223	0.306318403	Q9UBG0	MRC2
0.05568592181	0.6360221591	P06576	ATP5F1B
-0.003042523039	0.9929781312	P30044	PRDX5
-0.08784192797	0.6502781376	Q9NZM1	MYOF
0.07628246773	0.5787233398	O15342	ATP6V0E1
0.02735454328	0.8913260021	P24844	MYL9
-0.5624721563	0.1178892353	P00352	ALDH1A1
-0.05421250606	0.821262029	Q9NQC3	RTN4
-0.113376348	0.4431629172	P11279	LAMP1
0.01380131763	0.9350686267	P27635	RPL10
-0.1491598774	0.3483157016	P19021	PAM
0.1433949221	0.2232322069	P17844	DDX5
0.03746650117	0.7675505304	P04844	RPN2
0.05672390689	0.751754796	O14950	MYL12B
-0.03052870251	0.9578894489	P28300	LOX
0.117944952	0.5011227322	P60866	RPS20
0.01665960065	0.9135620021	Q12841	FSTL1
-0.2771760849	0.1660816417	Q07954	LRP1
0.1672139881	0.4331523595	P61353	RPL27
0.0811423524	0.7403872096	Q6NT89	TRNP1
0.0487367755	0.7457088108	P12236	SLC25A6
-0.1903527811	0.1837131924	P07942	LAMB1
-0.5212150811	0.2923196821	P55083	MFAP4
-0.0986979198	0.6184455978	Q15629	TRAM1
0.1633333547	0.4178156693	Q8N682	DRAM1
0.5720545555	0.01737624354	P52823	STC1
-0.06085318012	0.6086065669	P39656	DDOST
0.07716937118	0.6535934593	P62750	RPL23A
-0.05223420717	0.7106904631	P61619	SEC61A1
0.009868804497	0.9432063913	P35613	BSG
-0.09695951957	0.5160413548	Q6UVY6	MOXD1
-0.1696142814	0.3896234997	P20962	PTMS
0.09019439956	0.586550656	P42766	RPL35
-0.08519007998	0.6956733799	P23284	PPIB
0.7471471055	0.008766466099	P42224	STAT1
0.01486626714	0.9324805097	P61160	ACTR2
0.3866528528	0.08023088387	P05121	SERPINE1
0.1594216647	0.1278476922	P61978	HNRNPK
-0.01439200942	0.9383535307	Q9NV96	TMEM30A
0.007057773777	0.968980131	Q16881	TXNRD1
0.07086263944	0.6045492967	P63244	RACK1
-0.2714368764	0.2490394246	P46778	RPL21
0.06320826321	0.7052037996	P06733	ENO1
0.08586521087	0.6715131852	P00338	LDHA
-0.08450974417	0.6761837701	Q9UBR2	CTSZ
-0.1117945397	0.4580829095	P35442	THBS2
-0.07336239572	0.4763796572	Q14697	GANAB
-0.03527001875	0.8242612257	P27105	STOM
-0.1626312254	0.508639836	Q92743	HTRA1
0.0155330329	0.9248925542	P07203	GPX1
0.04912036963	0.6874229955	P61313	RPL15
0.009706500052	0.959556435	P16070	CD44
-0.003425723732	0.9879781537	Q13443	ADAM9
0.2653507953	0.2226485319	O00622	CYR61
-0.3389833367	0.2400182412	O95302	FKBP9
-0.07853378958	0.7369958807	P53801	PTTG1IP
0.08202997231	0.455330332	P62258	YWHAE
0.1780422924	0.57437377	P07093	SERPINE2
-0.004793906645	0.9809246887	Q99814	EPAS1
0.01792891141	0.9229101068	P61803	DAD1
0.06436628416	0.5938074075	P55061	TMBIM6
0.1798647979	0.3425598909	Q9H6B4	CLMP
-0.06963993491	0.579807744	P49458	SRP9
0.1680675082	0.2103930976	P08865	RPSA
0.04412748503	0.7262969667	Q9Y605	MRFAP1
-0.08661844505	0.457245372	Q00994	BEX3
0.07752703303	0.436735712	Q15014	MORF4L2
-0.02267000772	0.9229621242	O60565	GREM1
-0.03182480997	0.9051393496	P04792	HSPB1
-0.1501355775	0.4615402808	Q9NVA2	SEPT11
0.2224816927	0.2424199462	P21589	NT5E
0.04699981541	0.7245817665	P37108	SRP14
0.06861383647	0.5556466138	P24534	EEF1B2
0.06687430665	0.6856167307	P39019	RPS19
-0.0879814636	0.7419362942	P02545	LMNA
0.07467394199	0.5891044457	P62277	RPS13
-0.1560863759	0.4818432537	Q6UXH9	PAMR1
-0.008587371246	0.9729556408	Q8WUW1	BRK1
-0.03083250219	0.8645586086	Q9H6X2	ANTXR1
0.07872063114	0.6755277131	Q969Q0	RPL36AL
0.07747494422	0.6320259491	P23396	RPS3
0.1817775173	0.3196949956	Q13501	SQSTM1
0.03482820883	0.7576681775	O15260	SURF4
0.2703361174	0.02771210211	Q07820	MCL1
0.09593673342	0.5164494219	P18669	PGAM1
-0.1863830674	0.4021073008	Q9H3M7	TXNIP
0.001842925227	0.9946330907	P58546	MTPN
-0.1365202161	0.5777046465	Q9Y6C2	EMILIN1
0.02648057706	0.8378945641	P20290	BTF3
-0.07437653586	0.5930146597	P23588	EIF4B
0.1582495791	0.2622898406	P62942	FKBP1A
-0.01855429377	0.9039384878	Q15019	SEPT2
-0.05565506179	0.5965231123	P13667	PDIA4
-0.03357883604	0.869754882	P30086	PEBP1
-0.1245674531	0.4508140995	P15586	GNS
-0.03830028533	0.7958831068	Q15084	PDIA6
0.0005915981065	0.9979170651	P0C6T2	OST4
-0.08783586131	0.767204016	P61916	NPC2
0.04827816357	0.7893691964	P60660	MYL6
0.06353161257	0.5713508649	Q14152	EIF3A
0.1014145423	0.5284888625	P62841	RPS15
0.00572860312	0.9814344276	P62263	RPS14
0.05670702546	0.6206907372	P26038	MSN
-0.05419158197	0.8322780084	P17936	IGFBP3
0.07471606148	0.5603932549	Q15056	EIF4H
-0.05706870813	0.7933804193	P07686	HEXB
0.3109417418	0.1029419115	P31689	DNAJA1
-0.1361371731	0.4580829095	P51959	CCNG1
0.02547027608	0.825012124	P12956	XRCC6
-0.08009713817	0.5313853729	P49755	TMED10
-0.2394652794	0.5638732815	Q6YHK3	CD109
-0.08650697425	0.7053678745	P14209	CD99
-0.08917260683	0.7866977365	Q96D15	RCN3
0.1161273746	0.5340165115	P60174	TPI1
0.1421226853	0.4771785679	P37802	TAGLN2
0.002883566085	0.9880098976	O60493	SNX3
-0.03363352678	0.9263333948	O15503	INSIG1
0.02325474441	0.8741855554	Q9Y6H1	CHCHD2
-0.1094254376	0.5328274094	Q9NQX7	ITM2C
-0.1851809141	0.4895487437	P04216	THY1
0.05647303454	0.6144315774	P84077	ARF1
-0.05567128747	0.7379955264	Q969H8	MYDGF
0.2460326155	0.1121970344	Q8N131	TMEM123
0.1058441529	0.4193195382	O60613	SELENOF
-0.07649857534	0.4987716734	Q00341	HDLBP
0.01540645252	0.9155124234	P29353	SHC1
0.06126310494	0.6387040884	P19105	MYL12A
-0.1484935053	0.3666007787	P60033	CD81
-0.0279692449	0.8798700858	P05997	COL5A2
0.2376723429	0.3280766269	P78417	GSTO1
-0.1150544825	0.6085191108	A6ZKI3	RTL8C
-0.2211240143	0.3314722957	O75915	ARL6IP5
0.0618265858	0.6763067155	Q96CW1	AP2M1
-0.1194878878	0.5566599934	P17931	LGALS3
-0.4024498051	0.01169933542	Q4V9L6	TMEM119
0.2546785213	0.6909157607	P26022	PTX3
0.03435390872	0.7917026281	Q96TA1	FAM129B
-0.2612577856	0.3453360951	P21810	BGN
0.1096952165	0.4510695989	Q02543	RPL18A
-0.1910505505	0.4660674416	Q15800	MSMO1
0.04192624227	0.7506397656	P30041	PRDX6
0.1908510929	0.1224136838	P31431	SDC4
0.01828691703	0.8869236005	P50502	ST13
-0.00979198861	0.9512418491	Q15417	CNN3
0.1663218769	0.1705445677	P41567	EIF1
0.1629030623	0.3553500264	P62249	RPS16
0.08780711466	0.5984414767	P62979	RPS27A
0.1580901744	0.3839495852	P68371	TUBB4B
-0.05405673561	0.8378945641	Q9H299	SH3BGRL3
0.1404288644	0.3852447988	P62891	RPL39
-0.1066153234	0.4950528516	P33947	KDELR2
0.02859153347	0.8793020378	Q9UBI6	GNG12
-0.05454329028	0.6886977412	Q92841	DDX17
0.04359700973	0.6737087224	P63000	RAC1
-0.04613651514	0.8025488861	P14778	IL1R1
0.1371737796	0.3701649402	O00560	SDCBP
0.1327598385	0.4370797894	Q9NPE3	NOP10
0.006563368809	0.968980131	P54709	ATP1B3
0.03187312571	0.8025488861	Q9Y490	TLN1
1.447355656	0.06602968597	P09912	IFI6
0.03599389294	0.7197712314	Q9UHQ7	TCEAL9
0.7660509761	0.1140141282	P13164	IFITM1
-0.0360740285	0.8531501529	Q9GZX9	TWSG1
-0.08105029698	0.6266390493	Q01629	IFITM2
-0.1162642083	0.298171916	Q02809	PLOD1
-0.228137345	0.4851868455	Q14393	GAS6
0.01429906188	0.9204026978	P55072	VCP
-0.002516824099	0.992857651	Q9Y3A5	SBDS
0.03796718149	0.7882631963	P22090	RPS4Y1
-0.1234723725	0.5596265804	P09619	PDGFRB
-0.03300395053	0.8610394652	P29966	MARCKS
-0.06552824807	0.5930146597	P24390	KDELR1
0.09407121794	0.5921275668	P54852	EMP3
0.02798621594	0.8421276441	Q13530	SERINC3
-0.07266770443	0.4817017349	O43493	TGOLN2
-0.01829366919	0.9090327855	P62820	RAB1A
0.03176683045	0.8336795532	Q12884	FAP
0.04182150316	0.8120834355	Q9Y2B9	PKIG
0.2473874384	0.1788952529	O76061	STC2
0.004758330849	0.9729556408	P54368	OAZ1
-0.2134455436	0.2908762382	Q9NZN4	EHD2
-0.009012049721	0.9689669225	P13987	CD59
0.1361271032	0.3758565918	Q01105	SET
0.1917824979	0.3549073595	P19338	NCL
0.08454450894	0.5478912416	P83731	RPL24
0.02860783899	0.8912690971	Q04900	CD164
-0.005515161809	0.9803900912	Q99715	COL12A1
-0.04818065558	0.7150482031	Q00610	CLTC
-0.1377568882	0.5192771972	P05204	HMGN2
0.02657595176	0.928188868	P09936	UCHL1
-0.08158938792	0.686203932	Q9NRP0	OSTC
0.07256508263	0.6409153295	Q9H3K2	GHITM
0.1081047198	0.5349520566	P05387	RPLP2
0.2006755268	0.3972657423	Q16665	HIF1A
-4.741837446e-06	0.9999247552	P48444	ARCN1
-0.4119821393	0.08023088387	Q9UKU9	ANGPTL2
0.1488997143	0.3500650626	Q16832	DDR2
-0.1067585778	0.5984414767	P47974	ZFP36L2
0.02255079043	0.9342837509	Q71U36	TUBA1A
-0.2110109353	0.2728954864	Q12805	EFEMP1
0.2758177959	0.04037018914	Q92633	LPAR1
0.05155796293	0.6823221932	Q15363	TMED2
0.02526789983	0.8778830323	Q14247	CTTN
-0.01774153462	0.9220723756	O60814	HIST1H2BK
-0.07665324717	0.8266657159	Q01995	TAGLN
-0.01869672819	0.9107872303	P63104	YWHAZ
0.1331087858	0.4722238012	P46781	RPS9
0.1459025297	0.3479985843	P22626	HNRNPA2B1
0.05995160766	0.6036863727	Q8NI22	MCFD2
0.03298084206	0.8441130764	P26373	RPL13
0.04153899751	0.7378886236	Q9P0S9	TMEM14C
0.09323953945	0.566116563	P62910	RPL32
-0.5539601499	0.3800536579	P05413	FABP3
0.06885845849	0.4813778946	P50395	GDI2
-0.008103561066	0.9726832517	P12004	PCNA
0.05818374646	0.5997854057	P04843	RPN1
0.245585938	0.09565747545	Q9Y244	POMP
-0.007283185171	0.9693981918	Q9BVK6	TMED9
0.1415460993	0.3684574986	Q92688	ANP32B
-0.115585853	0.4508140995	P13473	LAMP2
-0.006287792148	0.984474055	Q16864	ATP6V1F
-0.05309611034	0.6871425818	Q9H1E3	NUCKS1
0.1499533623	0.2562880205	O15119	TBX3
0.06782725721	0.6404797007	P46782	RPS5
-0.08282126339	0.6257131279	Q16610	ECM1
0.158785963	0.357118372	O75348	ATP6V1G1
5.353434136	2.640303299e-06	P10145	CXCL8
-0.1542402049	0.6266390493	Q9UBX5	FBLN5
-0.05142520881	0.7530453173	Q92504	SLC39A7
0.06839127541	0.6293941936	O15121	DEGS1
0.1837758264	0.1934751995	P54821	PRRX1
-0.2999188613	0.3424072164	Q96JB6	LOXL4
-0.1484433098	0.3215299468	P52209	PGD
-0.1299040318	0.560167319	P37173	TGFBR2
0.05105252474	0.6307745249	Q13347	EIF3I
0.02906504685	0.9135620021	P41271	NBL1
-0.1626126858	0.6266573119	Q96CG8	CTHRC1
0.1212987562	0.2908762382	Q9UKY7	CDV3
0.2074840114	0.1868864385	Q9UNL2	SSR3
-0.1260576832	0.3443532137	Q13438	OS9
-0.06371110971	0.8379435181	Q9Y240	CLEC11A
0.03872199595	0.7363585846	Q15233	NONO
-0.01954593735	0.9131236825	P47756	CAPZB
-0.1508901049	0.4126266165	O75718	CRTAP
-0.03637032326	0.8037408227	O43707	ACTN4
-0.1174385333	0.6469857045	P17655	CAPN2
0.1118097156	0.3483157016	P62829	RPL23
-0.1420512816	0.4580829095	P48509	CD151
-0.1503847261	0.5313853729	Q9H4X1	RGCC
0.3594939045	0.05012622036	Q96NE9	FRMD6
0.07003299099	0.6194875714	P18077	RPL35A
-0.09155992318	0.6212712576	P04632	CAPNS1
-0.1438761416	0.4763796572	P21246	PTN
0.07449311483	0.5209008683	P27695	APEX1
0.1923347138	0.2242011161	Q9UHB6	LIMA1
-0.0139257898	0.9363556201	P23528	CFL1
0.05324104005	0.678581409	Q15836	VAMP3
-0.04478606842	0.7433990658	P18206	VCL
0.03071665305	0.8585881511	P48681	NES
0.04520386973	0.7178301721	P13010	XRCC5
-0.3885328669	0.2536398541	Q15113	PCOLCE
0.1630709458	0.2595704491	Q07352	ZFP36L1
2.448650731	1.104053771e-05	P13500	CCL2
0.2415847026	0.1274674802	P18848	ATF4
0.09645881934	0.3779681509	P51858	HDGF
0.08538203279	0.6487090757	P06756	ITGAV
0.2079498285	0.1728081977	Q99436	PSMB7
-0.05543467153	0.7727658155	P53396	ACLY
0.07419799362	0.6363912737	O60869	EDF1
0.03299287079	0.8440787413	Q9H444	CHMP4B
0.02118013007	0.9229101068	Q8WW12	PCNP
-0.03191864537	0.8832605376	P23634	ATP2B4
-0.00414002851	0.9832483038	P10644	PRKAR1A
0.1230393283	0.6532996502	P41221	WNT5A
-0.1252241218	0.3941464071	Q08431	MFGE8
0.1802963975	0.2728954864	P31153	MAT2A
0.1495572691	0.2191319217	P52597	HNRNPF
-0.271371151	0.2226538226	Q9NR99	MXRA5
0.01239764419	0.925093184	Q9NYP7	ELOVL5
0.2806406921	0.06125602065	P30411	BDKRB2
0.2407451725	0.05012622036	Q14494	NFE2L1
-0.2191464323	0.2536398541	Q15392	DHCR24
0.2892776326	0.04074010054	Q9P0K7	RAI14
-0.05767516238	0.8830655503	Q01581	HMGCS1
0.2077803694	0.2395521941	P63241	EIF5A
-0.1157314733	0.4367960031	P55268	LAMB2
0.008261867713	0.9671465472	Q12907	LMAN2
0.1086112716	0.3126009499	P21796	VDAC1
-0.03096780799	0.920375456	P10176	COX8A
0.144198972	0.2062674196	Q06124	PTPN11
0.04049665775	0.7197712314	P09211	GSTP1
0.2029123718	0.3303401756	Q8IWU6	SULF1
0.07362191859	0.5210587563	Q7Z429	GRINA
0.07956294787	0.7536184515	P63220	RPS21
0.04401010889	0.7335956262	Q15942	ZYX
0.03275870179	0.8241416848	Q04760	GLO1
0.03054593922	0.8273523431	P49257	LMAN1
0.07918632351	0.5787101748	P08133	ANXA6
0.0202039392	0.8866568039	Q96BY9	SARAF
-0.06440282588	0.7060927593	O15031	PLXNB2
0.2593623167	0.1648659745	P68363	TUBA1B
0.07268725632	0.7378886236	Q96FQ6	S100A16
-0.04053516922	0.821262029	O75368	SH3BGRL
0.2240181566	0.385802209	P10809	HSPD1
0.05507243025	0.6299049242	P98179	RBM3
0.1847898074	0.2493577003	P05141	SLC25A5
0.04903820974	0.7350695544	P52565	ARHGDIA
-0.3354193183	0.2174805156	O95980	RECK
0.07031721618	0.536913638	P62873	GNB1
0.0592782782	0.7765337184	Q01518	CAP1
0.03292241308	0.8556847045	P62266	RPS23
-0.2172124643	0.3357896918	Q9BRK3	MXRA8
-0.2061079208	0.1257591091	Q15582	TGFBI
0.006956167056	0.9654349746	Q13772	NCOA4
-0.1511857308	0.5562725719	P17405	SMPD1
-0.1781978401	0.4318558071	P10619	CTSA
-1.770819346e-05	0.9999247552	Q99497	PARK7
0.04735605989	0.7245817665	Q9Y3F4	STRAP
0.09604420031	0.5076385111	P61981	YWHAG
0.1696000495	0.3673106065	Q99729	HNRNPAB
0.07300405233	0.6844963336	Q13200	PSMD2
-0.06029411506	0.7413968011	Q14318	FKBP8
-0.08819802569	0.6212712576	O60664	PLIN3
0.03624426853	0.8483901372	P80723	BASP1
-0.0616696678	0.7582491706	Q9P0V9	SEPT10
0.07993818535	0.6442580609	P33176	KIF5B
0.005598926538	0.9813685852	P62899	RPL31
0.3569469984	0.1486625657	Q70EK8	USP53
0.3130681609	0.07052589958	Q14919	DRAP1
-0.1441619628	0.4423370129	Q8TED1	GPX8
-0.05399540714	0.7827350016	Q9NZV1	CRIM1
-0.03796411663	0.8711118998	P36969	GPX4
-0.1914039835	0.2306545314	Q9HCL0	PCDH18
0.02173589808	0.9002482223	Q14094	CCNI
-0.09841744783	0.4331792692	Q8IYN2	TCEAL8
-0.03823009439	0.8120834355	Q15293	RCN1
-0.05976932371	0.6769408489	Q7Z4F1	LRP10
0.1135233956	0.4868745668	Q9ULV4	CORO1C
0.003947379722	0.989509614	P62875	POLR2L
0.1279658161	0.2169539392	P07910	HNRNPC
-0.1102523093	0.5468821159	P48745	NOV
0.08053777409	0.5921275668	P51991	HNRNPA3
0.06310724858	0.6502781376	P28070	PSMB4
0.05584482952	0.6553264401	P46776	RPL27A
-0.07570387323	0.646558025	P51397	DAP
-0.08959979546	0.4491382482	P14314	PRKCSH
0.01413555373	0.9154016252	P09496	CLTA
0.07567610034	0.4580829095	P12814	ACTN1
-0.1387473469	0.461559502	Q9UHI8	ADAMTS1
-0.06931090111	0.6257131279	P11766	ADH5
0.08688065185	0.5204474855	P52907	CAPZA1
0.03483147435	0.9080932653	Q9Y4K0	LOXL2
0.09167507161	0.4278882581	P54727	RAD23B
0.2211554271	0.1926542425	O14818	PSMA7
-0.08059686021	0.5264414184	O95340	PAPSS2
-0.2176031762	0.2951450373	P35555	FBN1
0.03879287903	0.925093184	Q86UD1	OAF
-0.01838622062	0.9122650969	Q14240	EIF4A2
-0.01227806761	0.9305924004	Q9P2E9	RRBP1
-0.3249183584	0.4803926946	Q9NRN5	OLFML3
-0.2962826191	0.08804455421	Q08629	SPOCK1
-0.1375008351	0.2727960508	Q63ZY3	KANK2
0.07299357171	0.5594261814	Q04637	EIF4G1
0.01846052085	0.9479895712	P07305	H1F0
-0.08642685303	0.5567669534	Q9BWJ5	SF3B5
0.1616611237	0.2958390983	Q15365	PCBP1
0.1561334161	0.3622271209	P84090	ERH
-0.1348756433	0.3971788006	Q02818	NUCB1
0.2461467804	0.04299026547	O76080	ZFAND5
-0.0327322712	0.954155586	Q9NPB9	ACKR4
0.1038812115	0.7788079038	Q99969	RARRES2
0.02166201613	0.9051393496	O60238	BNIP3L
-0.06940759481	0.8352974908	Q6EMK4	VASN
-0.1586393426	0.2978263602	P16234	PDGFRA
0.08680247187	0.5254649009	P63165	SUMO1
-0.00771481388	0.9630907524	Q9HDC9	APMAP
0.1325862319	0.3495087046	Q9BQ61	TRIR
-0.3507635048	0.3412035591	P05090	APOD
0.08565265471	0.5666269138	Q9NZJ7	MTCH1
-0.1675850024	0.4395407709	Q15746	MYLK
0.09755545323	0.4171634991	P28074	PSMB5
-0.02352101115	0.8317198141	Q99732	LITAF
-0.1486259589	0.3891247169	Q8IV08	PLD3
-0.1206184779	0.4788456516	Q14847	LASP1
0.1589885552	0.4818957996	P0C0S5	H2AFZ
0.07346249537	0.7057872403	Q15185	PTGES3
0.09537542169	0.3424072164	Q15388	TOMM20
0.1256499085	0.3935732233	O95373	IPO7
0.3167778402	0.05708357709	P35318	ADM
0.02776955513	0.851427785	Q9HD45	TM9SF3
0.1065939795	0.3086917916	O75533	SF3B1
-0.1810305564	0.160811721	P15559	NQO1
0.02480206223	0.9002482223	P30085	CMPK1
-0.09364553029	0.6787167556	O60888	CUTA
-0.007935667321	0.9683801661	Q9Y3C5	RNF11
-0.2252564912	0.269993144	Q96FX8	PERP
0.01238969095	0.9257526929	P34932	HSPA4
-0.02422110654	0.8601866185	P42892	ECE1
0.09568188348	0.5478912416	Q96CV9	OPTN
-0.02606759725	0.8582783506	Q9UBU8	MORF4L1
-0.04027565138	0.823639353	P04181	OAT
0.06140518778	0.6234998195	Q12765	SCRN1
-0.1750248327	0.3298642732	Q9UNF1	MAGED2
0.1061486027	0.5356486981	P17676	CEBPB
-0.2345707593	0.1937701165	Q9Y5V3	MAGED1
0.3964136527	0.0181042227	P20020	ATP2B1
-0.1565484108	0.2836138996	O75976	CPD
0.0195898981	0.9143104375	Q07020	RPL18
0.09367964388	0.6965792266	P10301	RRAS
0.07675915027	0.723797207	P14854	COX6B1
-0.1101950898	0.4086446104	P14543	NID1
0.02431474767	0.8866568039	Q13162	PRDX4
-0.397741138	0.1495805606	Q9NZN3	EHD3
-0.03552855401	0.8543918758	P50454	SERPINH1
-0.2078762893	0.2664829115	P05155	SERPING1
0.1796068343	0.4527994985	P61513	RPL37A
-0.01127598568	0.9489737666	Q96DZ1	ERLEC1
0.1060045172	0.5313853729	Q15691	MAPRE1
-0.1245713922	0.5667979152	Q15035	TRAM2
0.04433875473	0.763883614	Q5TCZ1	SH3PXD2A
-0.0361909395	0.9211638584	P98082	DAB2
-0.3087669057	0.3453360951	Q14767	LTBP2
0.3169764767	0.1800202989	P54849	EMP1
-0.01280523409	0.9327876431	P63010	AP2B1
0.174996893	0.2666512941	P62826	RAN
0.2939184148	0.03061272359	P20042	EIF2S2
0.5998594162	0.008480467955	Q96PD2	DCBLD2
0.2078210023	0.208311868	Q9BUF5	TUBB6
0.310310415	0.07001756978	Q16666	IFI16
0.08079245514	0.4513743452	Q13433	SLC39A6
0.03106873525	0.8455030813	Q8TCJ2	STT3B
-0.04880818833	0.8771303032	O95967	EFEMP2
0.0115450253	0.954989223	P49207	RPL34
-0.003524882179	0.9883371428	Q7L523	RRAGA
-0.1661307134	0.5761594764	P25116	F2R
-0.08688246118	0.5556124532	Q16585	SGCB
-0.05578250415	0.6605956108	P07919	UQCRH
0.2168396228	0.1085607992	Q9H3L0	MMADHC
-0.1059406907	0.4660674416	P24468	NR2F2
-0.0876762093	0.6417126788	Q12797	ASPH
0.1887683835	0.1987792596	Q12905	ILF2
-0.06879711346	0.8099885082	Q15238	PSG5
-0.08433606167	0.4570715211	Q14165	MLEC
0.00838779739	0.9580910238	P61026	RAB10
0.1660996475	0.1733304834	O43776	NARS
0.16783954	0.2728954864	O14979	HNRNPDL
-0.03197589235	0.8299059525	O14595	CTDSP2
0.15830424	0.2704795124	P62861	FAU
0.3469063091	0.1996530256	P15407	FOSL1
-0.02859412879	0.8601866185	P13797	PLS3
0.02236878312	0.8912690971	P00558	PGK1
-0.06007450018	0.6823221932	P55795	HNRNPH2
0.05114239983	0.7087518808	O43164	PJA2
-0.08449356016	0.5665897618	Q96EI5	TCEAL4
0.08193201362	0.3935732233	P00441	SOD1
-0.1112560702	0.3718753605	Q14517	FAT1
-0.1075576485	0.3260079088	Q92542	NCSTN
0.01612941046	0.9181055392	Q12974	PTP4A2
0.1385233977	0.1946978695	P62699	YPEL5
0.1933632251	0.4232567633	P33552	CKS2
0.007155070142	0.9658742588	Q92575	UBXN4
-0.3127734556	0.2562880205	P20908	COL5A1
-0.4192853991	0.2666512941	Q8N2R0	OSR2
0.1099179784	0.4278882581	Q9NPA0	EMC7
0.2475314406	0.1057254745	P52630	STAT2
0.1559895244	0.2453450228	Q14439	GPR176
-0.01992328029	0.9062280924	P40939	HADHA
-0.06708610872	0.8163794623	P52292	KPNA2
0.1001280744	0.5714918919	Q8NC54	C5orf15
-0.02985155632	0.9329786657	P17568	NDUFB7
0.08098695769	0.6305701147	P62987	UBA52
-0.3603052126	0.05855445694	Q9UHG3	PCYOX1
0.2714605514	0.1796495864	Q9NP84	TNFRSF12A
0.06489581216	0.7457088108	P02786	TFRC
-0.03136598387	0.8439200497	O15243	LEPROT
-0.05649841025	0.7245817665	Q14766	LTBP1
0.04431287217	0.7666251244	P50991	CCT4
0.05163186893	0.6987260251	O60763	USO1
-0.1331702923	0.4656111591	P15104	GLUL
4.017418372	8.306700456e-06	P09341	CXCL1
0.09631304278	0.3568059512	Q9BWL3	C1orf43
-0.09414123934	0.5192771972	Q15149	PLEC
0.08108140049	0.5976146035	P46937	YAP1
-0.0927525545	0.5644665598	Q68CZ2	TNS3
-0.04054812603	0.8958738251	P48449	LSS
0.03038791322	0.8244625272	Q14444	CAPRIN1
-0.09999667595	0.4195227193	Q8NHP8	PLBD2
0.1481264495	0.3512281402	P62081	RPS7
-0.06753324163	0.7127344037	P01034	CST3
0.08090328295	0.4660674416	P62847	RPS24
0.02523431515	0.821262029	Q9Y678	COPG1
-0.007120737748	0.9661599984	Q14315	FLNC
0.02704445216	0.9161818009	Q96J84	KIRREL1
0.2359026352	0.08070618857	O14786	NRP1
0.1941012996	0.1018692944	Q9GZU0	C6orf62
0.1694970753	0.2654385051	P62495	ETF1
0.1977625972	0.2413013291	O94813	SLIT2
-0.05490399514	0.8275173035	P00387	CYB5R3
-0.09599062548	0.4362144956	O00479	HMGN4
0.09970662087	0.3684574986	P08648	ITGA5
1.766617199	0.01473291388	O14879	IFIT3
-0.05516471862	0.7480251553	Q9Y5X1	SNX9
0.03683971329	0.8266662881	P41091	EIF2S3
-0.02349363669	0.8923453444	Q16563	SYPL1
0.005617810916	0.9799782863	P46940	IQGAP1
0.02116607005	0.9204026978	Q12792	TWF1
0.1009635962	0.4318558071	P23458	JAK1
-0.146641748	0.5091844678	Q16363	LAMA4
0.01496585997	0.9453814928	P20073	ANXA7
0.08703221958	0.4405276541	Q9Y639	NPTN
-0.005186853217	0.968980131	P53621	COPA
0.008809762642	0.9666916134	P53618	COPB1
-0.02918820092	0.8381909843	P13674	P4HA1
0.1558774396	0.1733304834	P50990	CCT8
0.06446446525	0.6257131279	P37837	TALDO1
0.005878881896	0.9729556408	Q9H4A6	GOLPH3
-0.06735117346	0.6236357886	O94979	SEC31A
-0.1259934105	0.57437377	Q14534	SQLE
-0.08423238688	0.5576920024	P04062	GBA
0.04270558525	0.7996124287	P30530	AXL
-0.205628806	0.4818432537	Q08397	LOXL1
-0.06506874112	0.8085892295	Q9H3U5	MFSD1
0.0647957662	0.5997854057	P32969	RPL9
-0.03215198711	0.9135620021	Q6UW56	ATRAID
0.04170396854	0.8109666605	Q99471	PFDN5
0.2468146507	0.06469012768	Q06323	PSME1
-0.09771571292	0.5666269138	Q92973	TNPO1
0.2397106054	0.09638364074	P84243	H3F3B
0.02384592642	0.8770857141	P46779	RPL28
0.1978386531	0.07602848502	Q13637	RAB32
0.1003251462	0.4278882581	O15144	ARPC2
-0.04108535221	0.7542433797	Q9UH62	ARMCX3
-0.02174127089	0.8857050454	P00367	GLUD1
0.09946657557	0.3817524335	Q9H0D6	XRN2
0.04151678144	0.8379435181	P62316	SNRPD2
0.148976695	0.3822499207	P17980	PSMC3
-0.1391881856	0.536913638	P37268	FDFT1
0.1051356015	0.4886038214	P06753	TPM3
0.07140407581	0.6536866023	O94760	DDAH1
0.07153919724	0.6388207696	P35221	CTNNA1
0.233747829	0.2063698463	Q13563	PKD2
-0.1445983558	0.3105509001	Q9NZV5	SELENON
0.1653500072	0.2354744334	Q99832	CCT7
0.06958572832	0.6036863727	P62888	RPL30
0.04591864972	0.8539433784	Q9Y3B3	TMED7
-0.03229084535	0.8405942866	Q93063	EXT2
-0.03102843752	0.7991139235	P28370	SMARCA1
-0.05825465823	0.6551840347	P78552	IL13RA1
-0.01186762563	0.9593919794	P05023	ATP1A1
-0.1066337811	0.3676198726	Q13591	SEMA5A
-0.1198860936	0.4508140995	P35080	PFN2
0.0265389027	0.8848815011	Q9UQ35	SRRM2
0.5023723375	0.06417188451	P09038	FGF2
0.08581259392	0.4210163168	O95807	TMEM50A
0.06818735128	0.586550656	Q04917	YWHAH
-0.04667388409	0.797556579	Q92626	PXDN
0.146388991	0.2384376065	Q8WUM9	SLC20A1
0.1399187455	0.1955831446	P40227	CCT6A
-0.008275081059	0.9717448196	O60725	ICMT
0.1101031965	0.2901444676	Q08211	DHX9
-0.07108392533	0.7910143394	Q07092	COL16A1
0.1360362656	0.4504699597	Q16543	CDC37
-0.0001809457893	0.9988481818	Q99805	TM9SF2
0.1040863152	0.489352233	Q16394	EXT1
-0.03176734345	0.8749703391	P53680	AP2S1
-0.07867294042	0.675469351	Q9NRA2	SLC17A5
0.07011634013	0.6666445423	P08621	SNRNP70
-0.02612562126	0.8188215053	P31946	YWHAB
0.1453461956	0.2239626002	P20618	PSMB1
0.0750354495	0.6513059802	P49368	CCT3
-0.2167938312	0.3280766269	O43731	KDELR3
0.05849988933	0.7378886236	Q9P0U1	TOMM7
0.1017140022	0.6212027792	Q8TDX7	NEK7
-0.09997458022	0.4851868455	Q9P2E5	CHPF2
-0.06641109271	0.7231467921	P04899	GNAI2
0.08718420087	0.5835032922	Q14974	KPNB1
0.08870464621	0.5312791005	P30048	PRDX3
0.1648105667	0.5037352041	Q8WZ71	TMEM158
0.0809576612	0.5340165115	P61956	SUMO2
0.1643164398	0.2223474776	Q13492	PICALM
0.2345867609	0.3082252193	P35659	DEK
-0.04452456179	0.7408064179	P55854	SUMO3
0.008099213283	0.9541348917	P35606	COPB2
0.05879817587	0.6737087224	P61966	AP1S1
-0.006040436744	0.9701935357	P15529	CD46
-0.2079582958	0.2689532451	Q9HA38	ZMAT3
0.1129751399	0.4525953943	Q9Y2W1	THRAP3
0.08082461318	0.4599688396	O75937	DNAJC8
0.06981059836	0.6118789403	Q7L1Q6	BZW1
-0.05065371051	0.8694235978	Q14764	MVP
-0.04586587435	0.9248925542	P08727	KRT19
0.6537396956	0.009998857293	P00749	PLAU
-0.279087648	0.06602968597	P78539	SRPX
0.04033551638	0.7763239884	P60228	EIF3E
-0.1466777274	0.4989901196	O14773	TPP1
-0.02852386732	0.8866568039	Q5T9L3	WLS
0.1744851929	0.2390132706	Q9UQQ2	SH2B3
-0.1115634608	0.6076980152	Q9HB40	SCPEP1
-0.0352008683	0.797514316	P11717	IGF2R
0.1591201081	0.156938316	P49720	PSMB3
-0.02264217498	0.9055570047	P63167	DYNLL1
-0.04192901034	0.8637504839	P51617	IRAK1
0.001934078709	0.9956138049	P30536	TSPO
-0.01442190352	0.9208564567	P27816	MAP4
0.09703717647	0.4763796572	P17081	RHOQ
-0.0849234905	0.7457088108	Q9BZ11	ADAM33
0.06063715721	0.6536866023	Q13243	SRSF5
-0.2288400383	0.1913186936	Q8N2G6	ZCCHC24
0.05712444333	0.885709945	P48740	MASP1
-0.161493251	0.4461276765	P07339	CTSD
-0.1299119916	0.545802832	Q13907	IDI1
0.1198667045	0.4817017349	Q9Y3B4	SF3B6
0.1042397285	0.4118084399	P36543	ATP6V1E1
-0.2440441074	0.1528896733	O94955	RHOBTB3
0.137503245	0.6536866023	P62854	RPS26
-0.07537498164	0.5243004282	Q00325	SLC25A3
0.1159090375	0.6323234597	P49773	HINT1
-0.0007727039395	0.9979170651	Q969G5	CAVIN3
0.2431070194	0.2526579992	P05412	JUN
0.01348828836	0.9204026978	P00966	ASS1
0.05745216775	0.6360221591	P09429	HMGB1
-0.02771154896	0.8241416848	P22314	UBA1
0.1164618807	0.4803926946	O14925	TIMM23
-0.008519883496	0.9671465472	P61009	SPCS3
0.1683566918	0.3972101349	Q9BZF1	OSBPL8
0.1219259765	0.5093439642	P60468	SEC61B
0.2203850871	0.2420479646	P49767	VEGFC
-0.1160570119	0.5203727944	Q9Y287	ITM2B
-0.1423236259	0.4763796572	Q99439	CNN2
0.04381986527	0.8201056013	Q969X1	TMBIM1
0.05205686002	0.6106830048	O75083	WDR1
-0.1324186783	0.2727154178	Q5SSJ5	HP1BP3
0.04339053765	0.6806461872	P36542	ATP5F1C
-0.03219587546	0.8900374382	Q96A57	TMEM230
0.02141935576	0.8826547346	Q9GZQ8	MAP1LC3B
0.06520145399	0.6713287503	P15954	COX7C
-0.1207715202	0.4101110372	P78559	MAP1A
0.001420256735	0.9968461974	Q9NVJ2	ARL8B
-0.1327532048	0.4241304478	P11413	G6PD
-0.2328981312	0.1604282629	P49327	FASN
0.08492777874	0.506563561	Q99460	PSMD1
0.4337084352	0.02182036404	Q99988	GDF15
0.03710666584	0.7576681775	O00159	MYO1C
0.1008379309	0.5013189779	Q13442	PDAP1
0.03389163624	0.8352974908	P32321	DCTD
0.0337996639	0.8272372598	Q15545	TAF7
0.1792960976	0.1039234235	P07199	CENPB
0.2814016311	0.09043966458	O75807	PPP1R15A
0.142320376	0.2324230399	Q8IXL6	FAM20C
-0.05044663393	0.7783346535	Q9NU53	GINM1
0.01427825027	0.9496083985	P61927	RPL37
0.06503758007	0.6702473356	P23246	SFPQ
-0.05137885342	0.6520458606	Q8IWE2	FAM114A1
0.01137185563	0.9263333948	Q92499	DDX1
-0.153278904	0.4853272876	Q16658	FSCN1
0.05367039094	0.5902868323	Q7KZF4	SND1
-0.2381826435	0.1733304834	P17813	ENG
0.08135603455	0.5940266402	Q07666	KHDRBS1
0.1158810768	0.508639836	Q13185	CBX3
0.08984343789	0.6248902823	P17535	JUND
0.09211111767	0.5385671184	Q8NC51	SERBP1
0.225853806	0.3465909708	Q15543	TAF13
-0.05358711641	0.586550656	P12268	IMPDH2
0.0664795807	0.5930146597	P50914	RPL14
0.1241006398	0.4615402808	Q13247	SRSF6
-0.1587140785	0.3786970195	Q9ULI3	HEG1
0.05025911835	0.8252711406	Q9UBE0	SAE1
-0.06505766688	0.7768292943	P04035	HMGCR
-0.122581362	0.4612742493	Q969F1	GTF3C6
0.3605061586	0.09329450248	P55265	ADAR
0.05085613079	0.6969500746	Q9H0U4	RAB1B
-0.1797028138	0.455744346	Q9BZF9	UACA
-0.3947335194	0.3536630197	P18827	SDC1
-0.1506113955	0.4191989058	Q96DB9	FXYD5
0.1729464159	0.3039892102	P61960	UFM1
0.04031225368	0.8343333288	Q7Z7J9	CAMK2N1
-0.03078028633	0.8727134136	P38571	LIPA
0.07025007629	0.5596265804	O43681	ASNA1
0.1255649755	0.460148757	P31943	HNRNPH1
0.1736159414	0.4628168908	O15239	NDUFA1
-0.2085874132	0.3500650626	Q14938	NFIX
-0.03491052474	0.8163794623	Q9UN86	G3BP2
0.2175191605	0.3479985843	Q15834	CCDC85B
0.03549573667	0.8645586086	Q15404	RSU1
0.02855918664	0.8275173035	Q9BTV4	TMEM43
-0.1034396193	0.6146699633	Q04941	PLP2
0.02174682503	0.8650148952	P08240	SRPRA
-0.1323021319	0.6262478986	O75056	SDC3
-0.04468392132	0.821262029	Q9H3Y8	PPDPF
0.01272253626	0.9470364424	Q9Y262	EIF3L
-0.1003994113	0.7182364751	Q9Y5R8	TRAPPC1
-0.1373099455	0.7004301206	P60903	S100A10
-0.1143354316	0.5934654742	Q13308	PTK7
0.1838657764	0.07378125987	O14763	TNFRSF10B
-0.01356666823	0.9363556201	P62879	GNB2
0.03645036376	0.7882631963	O15371	EIF3D
-0.1759833127	0.2536084088	Q9BSK0	MARVELD1
-0.09087091155	0.475519482	Q9NQZ5	STARD7
-0.06287641352	0.8352974908	Q8IZ52	CHPF
-0.1200733414	0.4060709318	Q9BTY2	FUCA2
0.06883329682	0.6036863727	Q99623	PHB2
-0.0561272458	0.8120834355	P21399	ACO1
0.07349662216	0.610558394	Q14186	TFDP1
-0.1065705866	0.6375599786	Q5T4B2	CERCAM
0.1408744937	0.4222159009	Q9NWB6	ARGLU1
0.2607310197	0.1274674802	Q99985	SEMA3C
-0.119360155	0.2923590053	Q13641	TPBG
0.2191556732	0.06694532062	P41250	GARS
0.2174926484	0.2306545314	Q9UHV9	PFDN2
-0.1785643454	0.5572077851	Q8J025	APCDD1
-0.1519726285	0.7144797082	Q9BUD6	SPON2
0.09873578423	0.7700652686	P09603	CSF1
0.1508368398	0.5216693851	P14678	SNRPB
-0.07795349049	0.6266573119	Q9H0U3	MAGT1
-0.03427945723	0.8025488861	O75787	ATP6AP2
0.05001680346	0.7824841449	Q9BW60	ELOVL1
0.1721604949	0.1740130199	Q8N114	SHISA5
-0.03885595429	0.8941363471	O14519	CDK2AP1
0.236389071	0.2536084088	Q8N2R8	FAM43A
0.004775691897	0.9793050314	P16615	ATP2A2
0.05809629653	0.5965231123	P61204	ARF3
0.2104430076	0.3549073595	P17301	ITGA2
0.09849331474	0.4333178428	P11234	RALB
0.1736268819	0.1712847069	Q9NPJ4	PNRC2
-0.04981909431	0.7127344037	Q12772	SREBF2
0.02005652238	0.9255366756	O15145	ARPC3
-0.02909545588	0.9236133431	P08294	SOD3
0.1321712475	0.2086395884	P07814	EPRS
-0.002187638923	0.9904412369	Q9UNZ5	C19orf53
-0.05745757382	0.6532149554	O43251	RBFOX2
-0.05925058688	0.656577075	P28347	TEAD1
-0.06554514409	0.8393719058	Q00888	PSG4
0.1032536935	0.5009108462	O75531	BANF1
0.462082825	0.03202256152	Q96RD7	PANX1
0.1783423277	0.3151519706	P49748	ACADVL
0.03770177566	0.8266657159	Q9UEY8	ADD3
-0.007944885915	0.9495569765	Q9NSE4	IARS2
-0.2367936893	0.1778627189	Q96AQ6	PBXIP1
-0.01772900446	0.9181055392	Q13263	TRIM28
0.009279981406	0.9598966911	Q9UQ53	MGAT4B
-0.1581498502	0.3952474936	P98198	ATP8B2
0.07846673247	0.5330975744	Q96I23	PYURF
-0.05050881338	0.7803072205	Q8WVX3	C4orf3
0.1621901654	0.2923590053	P11387	TOP1
0.2201936068	0.3271509141	Q8NCT1	ARRDC4
-0.118990717	0.6409153295	Q96PE1	ADGRA2
0.8906944069	0.0002431893113	Q15043	SLC39A14
-0.1292834499	0.3819767967	Q8WUH6	TMEM263
0.03460540983	0.7949579244	P61106	RAB14
-0.0001309941529	0.9999247552	P32004	L1CAM
0.2506620818	0.440431595	O60488	ACSL4
0.2317556772	0.09565747545	Q96PQ7	KLHL5
0.008779033516	0.9625805299	O75436	VPS26A
-0.01635363649	0.9021778474	O00391	QSOX1
0.1141600763	0.386033927	Q96IX5	ATP5MD
0.1149517474	0.5829770981	P40261	NNMT
0.01777866886	0.8784749618	Q8TEL6	TRPC4AP
-0.3601605941	0.08350696945	O60427	FADS1
0.1359049031	0.2754608542	Q05519	SRSF11
0.008003322445	0.9634670422	P51572	BCAP31
0.05764470978	0.7582028461	Q9Y3U8	RPL36
0.007094478252	0.9803900912	Q15370	ELOB
0.118675664	0.508639836	Q9Y241	HIGD1A
0.09921851703	0.6205984906	Q9UNH7	SNX6
-0.1020017302	0.3445444393	Q96KR6	FAM210B
0.08922510924	0.4984694759	O00571	DDX3X
-0.03117688225	0.8251550218	P61019	RAB2A
0.0801069931	0.5572077851	Q9C0C2	TNKS1BP1
0.007423300346	0.9588943829	O15533	TAPBP
0.002120180343	0.9909327601	A1KXE4	FAM168B
0.06635001722	0.6604568666	Q15773	MLF2
-0.0003303267885	0.9985326892	Q02880	TOP2B
-0.04169972939	0.8691272754	Q15654	TRIP6
0.1017061795	0.4487890575	P28072	PSMB6
-0.1428119169	0.368553563	P23219	PTGS1
-0.113339925	0.3430286611	Q9NWD8	TMEM248
-0.2184111433	0.3413775187	P35052	GPC1
0.05925367144	0.5538014605	Q6PKG0	LARP1
-0.01470042579	0.9564931766	O75955	FLOT1
0.1835219284	0.4657549876	P29279	CTGF
-0.292285712	0.2622898406	O95864	FADS2
0.1147281387	0.3303401756	O43889	CREB3
0.0442316785	0.7697570848	O15498	YKT6
0.03898238081	0.8066772499	Q9UKK3	PARP4
-0.288262956	0.2223474776	Q7Z7M9	GALNT5
0.03122487193	0.8315785649	P62330	ARF6
-0.3313400345	0.275923399	P11166	SLC2A1
0.02098675669	0.9328773718	O43399	TPD52L2
0.04064922675	0.766666839	Q9UMY4	SNX12
0.1761059882	0.1662603618	P38646	HSPA9
-0.3662063856	0.2592219468	Q9UBM7	DHCR7
-0.1282761518	0.3675439207	O94985	CLSTN1
0.05099370296	0.8020751315	Q13620	CUL4B
-0.01147537459	0.9303539285	P05114	HMGN1
-0.04080940922	0.7983286994	Q96IK1	BOD1
-0.00480091837	0.9828586044	O95819	MAP4K4
-0.1307998472	0.443979361	P18084	ITGB5
-0.07663730347	0.7882631963	Q96AM1	MRGPRF
0.08329302707	0.482333323	P55010	EIF5
0.04429348436	0.7812184457	O95793	STAU1
0.1881920572	0.2159444484	Q96JP5	ZFP91
0.2005944149	0.1638807413	P15291	B4GALT1
0.07009146728	0.7393162889	Q9NVM1	EVA1B
-0.1239359674	0.6356226162	P49765	VEGFB
-0.1354468452	0.4586338409	P16278	GLB1
0.1628395435	0.1528896733	P61077	UBE2D3
-0.0299695594	0.8906757158	Q70UQ0	IKBIP
-0.01342976204	0.9204555565	Q9Y657	SPIN1
-0.0626369136	0.6820632268	O00461	GOLIM4
0.09189071807	0.5424476317	P49411	TUFM
0.08810108432	0.5312791005	O14977	AZIN1
-0.06831223149	0.686203932	Q9BSJ8	ESYT1
-0.1844866992	0.1878163869	P53804	TTC3
0.1634927053	0.3952474936	P41970	ELK3
0.03597314039	0.9008816749	P53794	SLC5A3
-0.2566877472	0.1033376166	P29401	TKT
0.248938686	0.1621092069	P11233	RALA
-0.1332206664	0.436735712	Q9NXF8	ZDHHC7
-0.03821159636	0.7958831068	P30084	ECHS1
-0.08857316749	0.6755277131	P01130	LDLR
0.1012345	0.502318866	P49591	SARS
0.04475824906	0.7388888911	Q03001	DST
0.04493216477	0.7454019413	Q96S97	MYADM
-0.06831876479	0.7117264812	Q5T0D9	TPRG1L
-0.07396222922	0.5363566553	Q99720	SIGMAR1
0.1302337316	0.279881176	Q9Y421	FAM32A
-0.01273334159	0.9495569765	P35268	RPL22
-0.01315873712	0.9172573608	O00410	IPO5
0.2069317298	0.1453776046	P48556	PSMD8
0.03395129541	0.8867637849	Q9NX76	CMTM6
-0.01258164904	0.9385165486	Q86UE4	MTDH
0.01560365439	0.9202092524	P54136	RARS
0.02147408848	0.925093184	Q9H0C5	BTBD1
-0.08738332861	0.6206907372	Q8TB61	SLC35B2
0.274912996	0.06626654463	P41252	IARS
0.02966219031	0.8588394626	P26368	U2AF2
0.2456686511	0.3158241815	Q9BQE3	TUBA1C
-0.001724840455	0.9936098051	Q9H3P7	ACBD3
-0.09091556444	0.6551900494	Q9UDW1	UQCR10
0.2385838078	0.1257591091	Q6NYC8	PPP1R18
0.1099762796	0.3884253577	Q92945	KHSRP
0.002262338742	0.9934570508	Q9HB63	NTN4
0.1380421653	0.3662027064	P17181	IFNAR1
-0.0636765429	0.7136659729	Q9Y282	ERGIC3
0.6202668571	0.04301981243	O14944	EREG
0.1587990442	0.1855429266	O60762	DPM1
0.3968363995	0.02932706672	Q9H7F0	ATP13A3
0.1171122996	0.4002057989	O15294	OGT
0.05639125162	0.7234944028	Q9H0R8	GABARAPL1
0.07902874615	0.7480251553	Q4U2R6	MRPL51
0.7010947884	0.04247301988	Q9BYS1	KRTAP1-5
-0.04486735819	0.7838449258	P30040	ERP29
0.01856476693	0.9204555565	Q9BVC6	TMEM109
-0.01775503878	0.905149239	Q9NX62	IMPAD1
0.2918229934	0.05918661039	Q9NZZ3	CHMP5
0.00871906013	0.963876079	Q9H425	C1orf198
-0.2791365521	0.3768678107	Q96BA8	CREB3L1
0.07274858512	0.5955663961	Q9GZZ1	NAA50
0.06748584967	0.685890438	P61158	ACTR3
-0.06162932632	0.6203406058	Q9BUJ2	HNRNPUL1
0.07003682012	0.7063863733	Q99442	SEC62
-0.0135812062	0.937723639	Q9UI30	TRMT112
-0.02077996208	0.9250123931	P41208	CETN2
-0.02654534212	0.8637504839	P07108	DBI
-0.08455175461	0.5468821159	Q14865	ARID5B
-0.3220473177	0.580026536	P11388	TOP2A
-0.04340000177	0.7733686234	P19438	TNFRSF1A
-0.002870383977	0.9879781537	Q969M3	YIPF5
-0.1086959414	0.3271509141	Q14118	DAG1
-0.1089344476	0.3969996246	Q15155	NOMO1
0.07862048915	0.5476388427	Q9UIJ7	AK3
1.236050582	0.02932706672	P18146	EGR1
0.01186956502	0.9659367273	Q7Z628	NET1
-0.03959882199	0.8166952735	Q13409	DYNC1I2
0.1481336443	0.5990488187	P61952	GNG11
-0.4283127254	0.05696096796	Q4LDE5	SVEP1
0.06754414342	0.6356226162	Q00765	REEP5
-0.02623200593	0.8546668521	Q9H8S9	MOB1A
0.0331884131	0.8090472369	Q96JJ7	TMX3
0.09873147277	0.5795790288	O60506	SYNCRIP
0.2059581509	0.09493453612	O75396	SEC22B
-0.03085006612	0.8726440644	Q99547	MPHOSPH6
-0.2955262583	0.2046753296	O75874	IDH1
0.06764497894	0.545581055	Q9NR31	SAR1A
0.04661299858	0.737234255	Q9Y2S7	POLDIP2
0.1044234928	0.2865871698	P30876	POLR2B
0.2716572397	0.06953403822	Q15785	TOMM34
0.06690913394	0.5572077851	Q7Z422	SZRD1
0.2340434306	0.1192613909	Q3MIP1	ITPRIPL2
0.007050994395	0.9661599984	Q7Z739	YTHDF3
0.02645271663	0.868894039	O43865	AHCYL1
-0.1071623308	0.3104984881	P40222	TXLNA
-0.09786774391	0.7489728983	P21926	CD9
0.04580110333	0.7530453173	Q8IWE5	PLEKHM2
0.02287535158	0.866062675	P46977	STT3A
-0.04492129667	0.8539433784	Q9P291	ARMCX1
-0.0114190338	0.9382496207	P20340	RAB6A
0.03917992856	0.8266662881	P55060	CSE1L
-0.2075709842	0.5603932549	P36955	SERPINF1
0.04770392495	0.6719941587	P24539	ATP5PB
0.03778066093	0.82929379	Q13439	GOLGA4
0.1198632781	0.5891791735	Q96C90	PPP1R14B
0.02853583463	0.8619791528	Q9Y6C9	MTCH2
0.03011124844	0.9021611223	Q01453	PMP22
0.01263179772	0.9322498948	Q9UBV2	SEL1L
-0.07384037081	0.737513953	P17900	GM2A
0.5161237344	0.01105444396	Q53GA4	PHLDA2
0.01596534759	0.954891417	O95164	UBL3
-0.3193595417	0.1242877154	Q9UPY5	SLC7A11
-0.02503998447	0.9138677561	Q04446	GBE1
0.08079583377	0.5969050873	P40616	ARL1
0.1557193398	0.2080290167	P42226	STAT6
0.09122567224	0.4193195382	P35998	PSMC2
0.1113655105	0.4021073008	P07954	FH
-0.0134833302	0.9334729082	P49137	MAPKAPK2
-0.0200844212	0.8904003434	O14681	EI24
0.07512044864	0.5644665598	Q96TA2	YME1L1
0.2385883266	0.1147501498	P00533	EGFR
-0.0405871783	0.7033491525	P48634	PRRC2A
0.02680626244	0.9039384878	Q12768	WASHC5
0.03846302713	0.7335956262	P46379	BAG6
0.09421983648	0.6404384685	P09234	SNRPC
0.09882741302	0.461559502	P84103	SRSF3
-0.03828035576	0.7923401921	Q9BXS4	TMEM59
0.04784685155	0.6982848842	P18583	SON
0.1413366527	0.1566998323	O00422	SAP18
0.005423891197	0.9829840816	Q96NC0	ZMAT2
-0.1237456562	0.4803926946	Q86U70	LDB1
0.584531767	0.01965141776	Q9BXJ1	C1QTNF1
0.02755311896	0.9378789764	Q13822	ENPP2
-0.05138998744	0.7454019413	P62140	PPP1CB
0.02023561791	0.9161010612	O60216	RAD21
-0.04656438918	0.7055689351	O75165	DNAJC13
-0.04473038105	0.7681473632	Q6P2Q9	PRPF8
0.01585838124	0.9149006434	P68036	UBE2L3
0.107457585	0.4468824364	P09497	CLTB
-0.01764989897	0.9250019258	Q9BS18	ANAPC13
0.07754771798	0.6843636117	P55036	PSMD4
-0.0004404242075	0.9975899627	O14672	ADAM10
0.02701241923	0.8241416848	Q5SR56	MFSD14B
-0.1680320622	0.4213595562	Q93077	HIST1H2AC
0.8761008876	0.003642306991	P43490	NAMPT
-0.1082832689	0.4804991585	Q9C0H2	TTYH3
0.1087944916	0.4615402808	P31930	UQCRC1
0.190261517	0.1363410674	Q99614	TTC1
0.002052002737	0.9904412369	Q8NBJ5	COLGALT1
0.1484449703	0.1535517679	Q9H832	UBE2Z
0.1964748386	0.1790210673	P19367	HK1
0.1128732731	0.6356226162	Q9NTX7	RNF146
-0.02683921687	0.8378945641	Q12923	PTPN13
-0.08676031382	0.6736484083	Q8WX93	PALLD
-0.003471422514	0.9863921034	O75844	ZMPSTE24
-0.04764025919	0.8581950346	O75159	SOCS5
-0.01116171654	0.9410730381	Q8WUM4	PDCD6IP
-0.08231181406	0.707623519	P51808	DYNLT3
0.06695503281	0.5546870572	Q96AG4	LRRC59
0.1219888261	0.3530736861	P55209	NAP1L1
0.1886330129	0.1941361261	P60510	PPP4C
-0.04913304163	0.8074854684	Q92572	AP3S1
-0.0360110316	0.7954636925	P25705	ATP5F1A
-0.08413633403	0.582938434	O96000	NDUFB10
-0.0006918036194	0.9975899627	Q6UX15	LAYN
0.1002538711	0.4585157162	P49588	AARS
-0.001379454045	0.9968897747	O14949	UQCRQ
0.01358418702	0.9470364424	P78527	PRKDC
-0.2088376197	0.294600772	P33908	MAN1A1
0.3599577801	0.2021245741	P19883	FST
0.4799175203	0.04983294839	Q8WV24	PHLDA1
0.009803030584	0.9541348917	Q7L5N1	COPS6
0.07699502465	0.6711551297	Q96EU7	C1GALT1C1
1.176143254	0.0006186339138	P46695	IER3
0.05306836533	0.6934141778	P52272	HNRNPM
0.08877897516	0.5164494219	Q9UJZ1	STOML2
-0.03455607326	0.8110247701	Q96HT8	MRFAP1L1
0.02016875163	0.8986266508	Q9UKV3	ACIN1
0.02085005546	0.8637504839	Q14596	NBR1
0.1109930635	0.5381313571	P62341	SELENOT
-0.06669303946	0.8006173753	Q5MNZ9	WIPI1
0.00516466441	0.9847715539	Q08380	LGALS3BP
0.08878136608	0.618583272	Q7LG56	RRM2B
-0.03009997867	0.8631097484	Q9ULH1	ASAP1
-0.09125112361	0.5951486453	P62256	UBE2H
0.0202396212	0.8797406326	P46108	CRK
0.2076624903	0.2143380094	Q01130	SRSF2
-0.06063493675	0.8539433784	Q06828	FMOD
-0.02307326071	0.8943829873	Q96BI3	APH1A
0.1079707905	0.4642524705	O00472	ELL2
-0.1065616642	0.7388888911	Q6AZY7	SCARA3
0.105449348	0.7178301721	O75508	CLDN11
0.122125042	0.4459660589	Q9BQJ4	TMEM47
0.106505098	0.4813778946	P15170	GSPT1
0.002857464362	0.9872382614	Q13045	FLII
-0.1106785338	0.6333765416	P14324	FDPS
-0.06503276311	0.6400841898	O60568	PLOD3
0.04352804355	0.7827350016	Q9BZZ5	API5
-0.2187798242	0.4962644922	Q76M96	CCDC80
0.08934553715	0.4306575344	Q99650	OSMR
0.0643561445	0.6060038977	P51452	DUSP3
0.1974369748	0.1515630491	P78371	CCT2
-0.03150277964	0.9108142334	Q9Y6Y9	LY96
-0.1191594335	0.3449606022	Q9P1Z0	ZBTB4
0.07927116141	0.5990488187	Q9UIG0	BAZ1B
-0.01415344206	0.9305924004	O43847	NRDC
-0.05797012241	0.7733686234	Q6P4E1	CASC4
-0.1491715628	0.4809425196	Q13642	FHL1
0.0118599446	0.9229101068	O60716	CTNND1
0.137631109	0.2236603013	Q14669	TRIP12
-0.06412241494	0.6596057949	Q9NZB2	FAM120A
-0.1209331021	0.5224291476	Q9NVD7	PARVA
-0.3037703005	0.3580806594	P48061	CXCL12
0.04238159124	0.8666151695	Q9NRX4	PHPT1
-0.04737264853	0.8265523656	P18433	PTPRA
0.1131180888	0.686203932	P51970	NDUFA8
-0.1372801774	0.4286263841	P39060	COL18A1
0.04218957112	0.7702084272	O60701	UGDH
0.1192322983	0.6066201908	P56211	ARPP19
0.09901406987	0.4404858033	O95140	MFN2
0.08463042471	0.670518852	P14406	COX7A2
0.2310536785	0.2727960508	Q14493	SLBP
0.1823621079	0.3187607369	Q99541	PLIN2
0.2963456944	0.04817704683	Q8IYM9	TRIM22
0.01295471991	0.9363556201	Q9GZM5	YIPF3
-0.05646922886	0.7275308847	P09958	FURIN
0.1316659641	0.3896234997	Q9NP97	DYNLRB1
0.05449693688	0.7488143693	Q13310	PABPC4
-0.1030110754	0.4818432537	Q9NXR5	ANKRD10
0.2775195431	0.1205756956	Q99612	KLF6
0.04117056037	0.8148193619	Q96K49	TMEM87B
0.1340636923	0.3622271209	Q9UHB7	AFF4
0.06075290831	0.7552240493	O94832	MYO1D
-0.03833551903	0.8360642186	Q9UHL4	DPP7
0.1607007148	0.3573351154	P11802	CDK4
-0.02095977602	0.9154016252	P45880	VDAC2
0.07242469875	0.6066201908	P13073	COX4I1
0.1283254865	0.3933510545	O60841	EIF5B
-0.1461671506	0.3819767967	O75131	CPNE3
2.133692253	0.003778435241	P05161	ISG15
0.09209525591	0.5184771338	Q9NZD8	SPG21
-0.06219031322	0.6064486408	Q9UPT9	USP22
-0.01214434408	0.9453814928	Q9NR56	MBNL1
0.1104236775	0.4373693401	Q13177	PAK2
-0.003100674825	0.9919001968	Q5ZPR3	CD276
0.2987227654	0.1371831293	Q96MT1	RNF145
-0.07991640956	0.5910715376	Q6UWU4	C6orf89
-0.03295533303	0.8822644677	P56556	NDUFA6
0.08757108038	0.6073630505	Q15005	SPCS2
0.1120594188	0.2801022275	P55084	HADHB
-0.06054979733	0.7700652686	O15173	PGRMC2
-0.09407222081	0.5999399927	O95573	ACSL3
0.0985126653	0.6057711492	Q9UJG1	MOSPD1
0.0005921210132	0.9975899627	Q641Q2	WASHC2A
-0.0024525735	0.9888220335	P61163	ACTR1A
0.03911972521	0.744260043	P50579	METAP2
0.03860359944	0.8025488861	P54259	ATN1
-0.04560743431	0.7238997445	Q16181	SEPT7
-0.0869378421	0.7438104874	Q9Y646	CPQ
0.103942144	0.4047761367	P17987	TCP1
0.3811310578	0.07420973705	Q9NR30	DDX21
0.02639588606	0.8412302841	Q96N66	MBOAT7
-0.01372424035	0.9416709779	Q9P1T7	MDFIC
-0.05548639127	0.8141863033	P36021	SLC16A2
-0.06935243669	0.6713287503	P30153	PPP2R1A
0.2669055894	0.05416448864	Q08AF3	SLFN5
0.001143994158	0.9966714461	Q13123	IK
-0.03673579163	0.8166952735	Q15036	SNX17
-0.2603182694	0.03918257116	Q7Z4H8	KDELC2
0.1657154429	0.3110186353	Q9UQN3	CHMP2B
-0.1025293512	0.4499644009	Q99653	CHP1
-0.1080519492	0.3701649402	Q8NBJ7	SUMF2
-0.2973345015	0.3329910681	P13612	ITGA4
0.2365116923	0.1372353702	P17861	XBP1
0.04566055176	0.8675345243	Q9Y2H6	FNDC3A
-0.09869245802	0.455330332	O75084	FZD7
0.08785909441	0.3952474936	Q92734	TFG
-0.03132614984	0.7838758429	P61020	RAB5B
0.05524664112	0.7063010208	P11362	FGFR1
-0.005183287473	0.9767939823	Q8TBQ9	TMEM167A
0.3097155565	0.4738377439	P21980	TGM2
0.003463597347	0.9832734954	Q9C0B5	ZDHHC5
0.068161926	0.6248902823	Q13616	CUL1
0.121414175	0.5878728124	P19623	SRM
0.1208568748	0.4180683016	Q96A33	CCDC47
0.3899977736	0.0508332718	Q13490	BIRC2
-0.2420463276	0.2562880205	P06396	GSN
0.01771206012	0.9040307011	Q9HD26	GOPC
-0.03400989647	0.837021326	P10768	ESD
0.04379551745	0.717342659	P35222	CTNNB1
0.00874832635	0.9597488548	Q14157	UBAP2L
-0.003552111014	0.9867579179	Q9NZM5	NOP53
0.1597919828	0.194175425	P20645	M6PR
0.01599725034	0.9184751948	Q9H8U3	ZFAND3
-0.03076519421	0.8381909843	Q15436	SEC23A
0.02655250823	0.8755246812	Q07812	BAX
-0.05897430889	0.5984414767	Q9NZC3	GDE1
0.05322236173	0.7165508222	Q8N0X7	SPART
-0.02722060219	0.8558403682	P38159	RBMX
0.08380336471	0.6604568666	Q96PV6	LENG8
0.01325758086	0.9258590817	Q14204	DYNC1H1
-0.04268536878	0.8128900423	Q08117	AES
-0.1371327273	0.6386898692	Q9P299	COPZ2
0.1119914613	0.3053856517	Q96KR1	ZFR
0.1927067908	0.3429339091	P21583	KITLG
0.06823617299	0.6388685557	Q99828	CIB1
0.04160337941	0.8575429652	Q9Y4E1	WASHC2C
0.1165864405	0.3265849349	O43143	DHX15
0.08523267865	0.5779594278	Q14320	FAM50A
-0.05319946734	0.7457088108	Q0ZGT2	NEXN
0.1307321056	0.436735712	P10606	COX5B
0.06551574857	0.7341004799	Q13573	SNW1
-0.03715995507	0.7570233525	P43034	PAFAH1B1
-0.1007420344	0.3260079088	Q9UBB4	ATXN10
0.130551392	0.4112559226	P47813	EIF1AX
0.1046402373	0.5203727944	Q96S94	CCNL2
0.04343954824	0.7051233733	Q3KQU3	MAP7D1
-0.1110208294	0.4241304478	Q8IWA5	SLC44A2
0.6999582994	0.008480467955	Q15007	WTAP
-0.05578782901	0.686203932	Q14195	DPYSL3
0.2379324727	0.06042670131	P56537	EIF6
0.1089264186	0.5595691972	Q92520	FAM3C
0.02805732928	0.8971796565	Q9UBW8	COPS7A
0.1984769776	0.3898387624	P62745	RHOB
0.00458972091	0.9773001118	Q15038	DAZAP2
-0.09703143156	0.4423627042	Q15904	ATP6AP1
0.03726756918	0.8275173035	Q15742	NAB2
0.04320631945	0.8483901372	P57679	EVC
-0.2378242851	0.3553500264	P35556	FBN2
-0.04646573683	0.7666251244	Q4KMQ2	ANO6
0.248281852	0.1728081977	Q9H9L7	AKIRIN1
0.1024210008	0.5103407403	Q9NR12	PDLIM7
-0.2203282077	0.3483157016	P30559	OXTR
-0.1224862722	0.623623141	Q6NZY7	CDC42EP5
-0.003778663324	0.9789364202	Q6IAA8	LAMTOR1
0.1003024253	0.51113606	P21283	ATP6V1C1
0.118535242	0.3453360951	P26599	PTBP1
0.0870276262	0.5976579749	Q9NYF8	BCLAF1
-0.06880620329	0.5968752274	O14828	SCAMP3
-0.05438919332	0.7238153079	Q9H0U9	TSPYL1
0.1923625894	0.1996530256	Q9Y5B9	SUPT16H
-0.104212369	0.4660674416	P01137	TGFB1
-0.1585926482	0.194175425	P31641	SLC6A6
-0.009355517323	0.9630907524	Q9NNW5	WDR6
0.0220660844	0.8968818493	O95406	CNIH1
0.01801514577	0.9021099942	O43896	KIF1C
-0.01017429797	0.9692001576	P31937	HIBADH
-0.2401988098	0.3684574986	Q9UBN6	TNFRSF10D
0.05752553795	0.6620007981	O43237	DYNC1LI2
-0.007398203856	0.9624701442	Q14789	GOLGB1
0.1846721336	0.2096069373	Q9Y508	RNF114
-0.0669009618	0.7420839216	Q8NEU8	APPL2
0.08818889997	0.6053540191	Q92508	PIEZO1
0.2192014139	0.3399322399	P63173	RPL38
-0.1128398504	0.3715433254	P32119	PRDX2
-0.07498708808	0.6017895374	P83916	CBX1
-0.2926012193	0.3858891048	Q14332	FZD2
0.02864774132	0.8441130764	P61923	COPZ1
-0.1543891859	0.1780592523	Q92896	GLG1
0.1245771703	0.3509383665	P31948	STIP1
0.07460474636	0.4514777746	Q96A73	KIAA1191
-0.07828501471	0.7811953521	Q7Z7A4	PXK
-0.002142313919	0.9912305704	O15372	EIF3H
-0.06920433438	0.6060038977	Q13547	HDAC1
0.004746619365	0.979892804	Q8IXL7	MSRB3
-0.08787450626	0.5556124532	Q6NUS6	TCTN3
-0.004015512054	0.9893343057	Q96DR4	STARD4
0.131062491	0.4479137881	Q14156	EFR3A
0.0129406189	0.9487061499	O43633	CHMP2A
0.05166229521	0.6873561766	Q07021	C1QBP
-0.1362217335	0.3511309357	Q8TCZ2	CD99L2
0.06489213513	0.6419264888	P46060	RANGAP1
0.4015303243	0.01275005573	Q8N9Z2	CCDC71L
0.09865584684	0.4987716734	P82664	MRPS10
0.03658943786	0.8071944596	Q96A54	ADIPOR1
0.4259098709	0.002498992227	P23381	WARS
0.7956126573	0.003740637601	P05362	ICAM1
0.04486593934	0.6746552757	P06132	UROD
-0.110192395	0.6465133703	Q8IVL6	P3H3
-0.06511951912	0.6184455978	O60502	OGA
0.0727419336	0.6123202137	O95297	MPZL1
0.04331216005	0.7175179546	Q9Y3I0	RTCB
-0.1489965905	0.517143082	P54802	NAGLU
-0.06135875451	0.6652376775	Q12873	CHD3
0.09771814324	0.3382735993	Q9GZR7	DDX24
-0.08498249939	0.8441130764	P10909	CLU
0.1427729115	0.584501253	P62857	RPS28
-0.0014967413	0.9956138049	P45974	USP5
-0.4131616683	0.2686034427	O00254	F2RL2
0.03312497685	0.8479055867	P62136	PPP1CA
0.2880826624	0.06988414765	P51965	UBE2E1
0.04084415645	0.7439300104	P36957	DLST
-0.04891114793	0.7196607802	Q9H7D7	WDR26
-0.07156030188	0.7060927593	Q7Z4R8	C6orf120
0.0206079087	0.9498948032	Q9H3H3	C11orf68
0.07337826	0.5203727944	Q16236	NFE2L2
0.05913156011	0.549461805	Q9H6K1	C6orf106
0.1568251756	0.2923196821	Q9UHA3	RSL24D1
0.05044758832	0.7413974435	Q9H063	MAF1
0.03250437832	0.8321341578	O43504	LAMTOR5
0.2093506424	0.2908762382	P17707	AMD1
0.0113251424	0.9701158897	O43181	NDUFS4
-0.03681552473	0.8119629061	Q969T4	UBE2E3
0.1269786553	0.3736164576	Q9UMS4	PRPF19
-0.07739486148	0.7410688145	Q9H467	CUEDC2
0.8906991506	0.1275216413	P48307	TFPI2
-0.0383715329	0.835271102	Q13561	DCTN2
0.07109601876	0.5693166095	Q9H074	PAIP1
0.09015109113	0.5644665598	P31942	HNRNPH3
0.002627976456	0.9953540032	Q6NUK4	REEP3
0.4645718422	0.2529520741	Q9BS40	LXN
0.008185721373	0.9817050546	P22087	FBL
0.0005042822825	0.9983994867	Q15326	ZMYND11
-0.01644103129	0.9135620021	P00519	ABL1
0.09487423889	0.5829373764	Q02952	AKAP12
-0.08332352219	0.758206443	Q15672	TWIST1
-0.1773822618	0.3105509001	P50995	ANXA11
0.3928970394	0.009852292926	O14933	UBE2L6
0.04543614469	0.7144960286	Q7Z6Z7	HUWE1
-0.05014220083	0.7441718415	Q9H1K1	ISCU
0.03256553328	0.8527010303	Q9BU23	LMF2
-0.1512850088	0.4667094618	P46926	GNPDA1
0.4110551779	0.04299026547	P24522	GADD45A
-0.0328807662	0.8584562463	Q16555	DPYSL2
-0.02687160762	0.9318196838	P08134	RHOC
-0.1840120348	0.412128561	Q5BJF2	TMEM97
0.00446503631	0.9820305086	Q99733	NAP1L4
-0.05014946209	0.7467002543	Q5T160	RARS2
0.01736270206	0.9250019258	Q14108	SCARB2
-0.1528338162	0.4197083542	P52848	NDST1
0.08712039489	0.5188034075	O43719	HTATSF1
0.6287022971	0.02971250059	P17275	JUNB
-0.03471712106	0.8475245058	Q9H694	BICC1
-0.006710077143	0.968980131	Q9NX40	OCIAD1
0.04479141019	0.8084821746	P19532	TFE3
0.07623130457	0.6843237753	Q8TAS1	UHMK1
-0.041996665	0.7985349183	P28290	ITPRID2
0.1518065683	0.3381636045	Q9BZL3	SMIM3
0.0864402125	0.542916391	Q9UQE7	SMC3
0.1280293371	0.4936575395	Q6P1L8	MRPL14
-0.280713044	0.2728954864	Q8WWI1	LMO7
0.1373095978	0.2119464661	Q9NP61	ARFGAP3
-0.3405183034	0.3298642732	Q7Z5L7	PODN
-0.3008834692	0.2174805156	P24043	LAMA2
-0.0199307559	0.8898773336	Q10471	GALNT2
0.1564922775	0.4580829095	Q9NQZ2	UTP3
-0.07171907941	0.4952211484	Q9Y6W5	WASF2
0.1239705456	0.3483169111	Q86Y82	STX12
0.08044563403	0.637295534	Q969S3	ZNF622
-0.03602420896	0.7838758429	O43432	EIF4G3
0.0722016283	0.6756364519	Q92804	TAF15
0.003195711791	0.9861883176	P49189	ALDH9A1
-0.05072373202	0.8025488861	O43583	DENR
0.07991752582	0.6236357886	Q9H307	PNN
0.2630921852	0.1009072306	P43686	PSMC4
0.145262117	0.436735712	P09001	MRPL3
0.3601282243	0.01791753383	P15260	IFNGR1
-0.1131344198	0.3918366416	P78318	IGBP1
-0.03477785489	0.8108025942	P47897	QARS
0.1448000649	0.250025967	P25788	PSMA3
-0.04373012909	0.7183590822	P54886	ALDH18A1
0.0892081036	0.6923339534	P23193	TCEA1
0.5209470478	0.01737624354	Q9P2E3	ZNFX1
0.1580708102	0.2174805156	Q8NE71	ABCF1
0.06621718742	0.7729590327	Q14934	NFATC4
0.0685433544	0.4833967146	Q9Y520	PRRC2C
0.09337027489	0.5178856649	Q9UMX0	UBQLN1
0.07165930507	0.6184455978	O95218	ZRANB2
-0.03287426698	0.8595524048	P11216	PYGB
-0.02147156993	0.9024402923	Q92598	HSPH1
-0.1346688828	0.4580829095	P38606	ATP6V1A
-0.03291690286	0.8135265022	P40763	STAT3
0.05648454224	0.7245783696	P30260	CDC27
-0.06828517602	0.8379435181	Q03252	LMNB2
-0.04658791717	0.7467002543	Q5TA31	RNF187
-0.03722434525	0.8082814898	P43307	SSR1
0.09551322507	0.4865895662	Q9Y693	LHFPL6
-0.09933724362	0.5687647981	Q6DD88	ATL3
0.1894034004	0.3126009499	Q8N6G5	CSGALNACT2
-0.0138550597	0.9422642881	Q9Y6X1	SERP1
-0.05982126279	0.5519324824	Q14667	KIAA0100
-0.004195659376	0.9879781537	Q71UI9	H2AFV
0.0448511579	0.7248322672	Q96BJ3	AIDA
-0.1067043002	0.5981910348	O60519	CREBL2
-0.3147168275	0.4163177838	Q9H1C3	GLT8D2
-0.05242889031	0.8275173035	P84101	SERF2
0.08870851688	0.5976579749	Q8N5W9	RFLNB
0.1450469379	0.1788873272	Q8TBA6	GOLGA5
0.1288077341	0.385802209	Q96H12	MSANTD3
0.1057414946	0.4580829095	P05455	SSB
0.08184062683	0.4998991835	Q8WU90	ZC3H15
-0.1947138112	0.3785392883	Q9UQK1	PPP1R3C
0.1464476353	0.1825092632	P98194	ATP2C1
0.06378117061	0.8352974908	O95183	VAMP5
0.008609892656	0.9714737913	Q13217	DNAJC3
-0.145618082	0.3634703787	P53007	SLC25A1
0.1317458728	0.4762804977	P61081	UBE2M
0.008033187179	0.968980131	P35637	FUS
0.0236682001	0.8538615483	Q15637	SF1
0.04530292525	0.8074260217	Q04323	UBXN1
0.2780692929	0.09296562157	Q9HAU4	SMURF2
-0.06853909683	0.5818874333	O94906	PRPF6
-0.08725086942	0.5999399927	Q9NPU4	C14orf132
0.1254612473	0.4571021266	Q9NX31	OSER1
0.03696924072	0.719318901	P67812	SEC11A
-0.06517436357	0.7339606249	Q9Y3D6	FIS1
0.01778418337	0.9051393496	Q15758	SLC1A5
0.03397113391	0.8176799336	Q9H2G2	SLK
-0.06969705424	0.6057711492	O75063	FAM20B
0.119519982	0.4468824364	Q7Z5G4	GOLGA7
0.05541332469	0.6349653333	Q9Y277	VDAC3
0.2030002561	0.177112557	Q9UBT2	UBA2
-0.07355855372	0.4813778946	Q6UWH6	TEX261
0.03183588456	0.9154016252	Q9H1J7	WNT5B
-0.02379390947	0.8368890567	Q6UXN9	WDR82
-0.07823966197	0.5899941759	Q9BV94	EDEM2
-0.07024620837	0.6409153295	Q5W0Z9	ZDHHC20
0.2152713767	0.0846277881	Q9P015	MRPL15
-0.004408875569	0.9793446792	Q9Y3B8	REXO2
0.02718538424	0.8992051545	Q9UMY1	NOL7
0.04184014585	0.7475079037	P40925	MDH1
0.0774909567	0.5981910348	Q9Y266	NUDC
0.2556729231	0.09744876395	P48643	CCT5
0.00649429591	0.9599064997	Q9NYU2	UGGT1
0.1499051395	0.4273200439	Q14103	HNRNPD
-0.07464083851	0.5434504472	P25685	DNAJB1
0.05997391842	0.7341004799	P07947	YES1
0.05564022258	0.6782417304	P62491	RAB11A
0.02011334113	0.9108142334	O00505	KPNA3
-0.05147192893	0.7574757489	Q9UBT7	CTNNAL1
0.1352587208	0.2496137219	Q9HC07	TMEM165
0.1568213558	0.1130276503	O43592	XPOT
0.006589128032	0.9861535734	Q9BVK8	TMEM147
-0.007641446768	0.9775972519	P22061	PCMT1
0.1118439698	0.5897057073	Q8IWB7	WDFY1
0.05343383397	0.6356226162	Q9NQ34	TMEM9B
0.1271784627	0.3971788006	Q96CS7	PLEKHB2
-0.01314649586	0.9294495461	Q9H2K2	TNKS2
-0.01074325307	0.9412737098	Q13042	CDC16
0.09218090023	0.5997322099	Q969E8	TSR2
0.1071900611	0.3913622495	Q12906	ILF3
0.03895158533	0.8275173035	Q9UGR2	ZC3H7B
0.007656058471	0.9730143523	Q96I99	SUCLG2
-0.035542834	0.8704129329	O43292	GPAA1
-0.1074175145	0.5203727944	P08172	CHRM2
0.2059911068	0.1498107579	Q16222	UAP1
0.02315062432	0.8275173035	Q9UGP8	SEC63
0.006712366619	0.9803900912	Q9UHD8	SEPT9
0.09502331296	0.5770474309	Q00839	HNRNPU
-0.1418289238	0.2891973267	Q9BT09	CNPY3
-0.1300267469	0.4814318719	P30305	CDC25B
0.09470415769	0.4440695847	P49792	RANBP2
-0.1151772002	0.5823233199	O94925	GLS
-0.03283630499	0.8317198141	Q99961	SH3GL1
-0.1281127094	0.4182232943	Q9BT67	NDFIP1
0.1280572317	0.5147775888	P15311	EZR
0.1875230131	0.3541064527	Q8NHQ8	RASSF8
0.2667755385	0.1445752374	Q6NTF9	RHBDD2
0.05776684264	0.8241416848	P16949	STMN1
0.09357826997	0.5457251813	P62714	PPP2CB
-0.1973278994	0.4413667857	P18065	IGFBP2
0.04556228931	0.7706223935	P25440	BRD2
0.05917075644	0.7558128386	O60296	TRAK2
0.09233643596	0.592574659	Q9UFW8	CGGBP1
-0.106042309	0.4608557126	O75071	EFCAB14
0.1437925943	0.1788873272	Q9H0U6	MRPL18
-0.02615485149	0.8576822089	P36873	PPP1CC
-0.03272327256	0.8539433784	O14980	XPO1
0.00256463703	0.9959676218	P23921	RRM1
0.1084296297	0.5036240875	Q2M389	WASHC4
-0.2814141182	0.3413505818	Q8WWB7	GLMP
0.1614539184	0.2728954864	Q53EP0	FNDC3B
0.2342406816	0.02754758689	O43286	B4GALT5
0.01195633067	0.9365637922	Q96S59	RANBP9
-0.1274788438	0.4988685632	Q8IUR5	TMTC1
0.04379998607	0.7608845268	Q13283	G3BP1
0.05704505091	0.6409153295	O60264	SMARCA5
-0.09557288226	0.4929093954	Q13454	TUSC3
0.2503702015	0.04926822713	O43795	MYO1B
0.2135354821	0.1486334593	Q9Y376	CAB39
0.01201677006	0.9495569765	Q9BZL1	UBL5
-0.1404113057	0.4188722731	Q9Y5J5	PHLDA3
0.06001895116	0.6536866023	O75821	EIF3G
0.1687031748	0.2528938418	Q8IXK0	PHC2
0.1190106996	0.2640770909	O43809	NUDT21
0.08323669404	0.5196736502	P60520	GABARAPL2
0.02746375013	0.8296738334	P40926	MDH2
0.02511300382	0.8639107189	Q9Y6M1	IGF2BP2
-0.1039293254	0.5468821159	Q9Y394	DHRS7
0.1034794089	0.3298642732	Q8ND56	LSM14A
-0.02591638015	0.8447355895	Q15427	SF3B4
-0.00610554762	0.968980131	P35269	GTF2F1
-0.08252103346	0.6602713776	P62079	TSPAN5
0.1134552483	0.3600572202	Q5MNZ6	WDR45B
-0.1114607957	0.5234523485	Q3T906	GNPTAB
0.1667482291	0.2103930976	O76094	SRP72
2.270598601	0.01063569085	P09914	IFIT1
0.1335861194	0.3928380083	Q06587	RING1
-0.07498280276	0.6059593492	Q16643	DBN1
0.1471281383	0.3082252193	P08195	SLC3A2
-0.241772506	0.5291271951	Q15041	ARL6IP1
-0.1328407297	0.4076707244	O60476	MAN1A2
0.1219355332	0.6058715734	Q9NQ92	COPRS
0.09997791052	0.2941162363	P48729	CSNK1A1
0.1107194437	0.4065425607	O75832	PSMD10
0.1894043105	0.2119464661	Q9H4M7	PLEKHA4
0.1905520159	0.1816635752	P55769	SNU13
-0.02300593578	0.8285421644	Q16531	DDB1
-0.03439445884	0.9127878854	Q9BW72	HIGD2A
-0.1053384132	0.371584381	P78356	PIP4K2B
-0.2239696205	0.4423370129	Q15274	QPRT
0.04551714782	0.8228995794	Q9NWL6	ASNSD1
0.2298300845	0.2236933026	P48723	HSPA13
0.1864828108	0.194175425	Q9UHY7	ENOPH1
0.03326637371	0.8329855353	Q14344	GNA13
0.2302980447	0.1866249515	P99999	CYCS
-0.2211250276	0.1570878901	Q15651	HMGN3
-0.1518649996	0.3057318103	O95479	H6PD
0.06020257796	0.7429727048	Q8WWX9	SELENOM
-0.1338459813	0.4781261848	Q13740	ALCAM
0.07908809992	0.5861869374	P51809	VAMP7
0.06316685765	0.7245783696	P82930	MRPS34
0.2117449901	0.458095437	P12034	FGF5
0.1495280186	0.3697570547	P30520	ADSS
0.1884678594	0.08350696945	Q96GC9	VMP1
0.6275139791	0.002175461632	Q13219	PAPPA
0.1050064927	0.5818874333	P82921	MRPS21
0.08998910929	0.3980912527	O14617	AP3D1
0.04934056452	0.7433225242	P43234	CTSO
-0.08187926837	0.7203874024	Q9BWM7	SFXN3
-0.07468441781	0.6350734018	Q96SB3	PPP1R9B
0.04327994675	0.6826463839	P37275	ZEB1
-0.09902285162	0.5618074117	Q14008	CKAP5
-0.1830069572	0.294600772	Q9NRW3	APOBEC3C
-0.08262047128	0.5641629439	Q15907	RAB11B
0.01679868543	0.9322672746	Q86VP1	TAX1BP1
-0.03393916283	0.8991457502	Q15075	EEA1
-0.02004845648	0.8895948974	Q13813	SPTAN1
0.007613599504	0.968980131	P84157	MXRA7
0.1747778376	0.1622355916	Q15046	KARS
-0.03416062669	0.8021899798	O95476	CTDNEP1
0.105112766	0.4580829095	Q49A88	CCDC14
0.05202555538	0.6634237758	Q8TB72	PUM2
0.1272272272	0.3819767967	Q8WVQ1	CANT1
-0.08574206652	0.5996442068	Q8WUP2	FBLIM1
0.2222405373	0.08564712886	O95433	AHSA1
0.032150606	0.8470464885	O75934	BCAS2
-0.02561011462	0.8463444632	Q9H1A3	METTL9
0.1296030349	0.3255013104	Q86XP3	DDX42
0.3569679851	0.0239591166	P26639	TARS
0.1513923373	0.3160627825	Q9NWD9	BEX4
-0.130237667	0.6356276892	P08603	CFH
0.06632147283	0.6538237989	Q9NPL8	TIMMDC1
0.05856170202	0.6553264401	O43390	HNRNPR
0.3259329526	0.1206849255	Q8IYN6	UBALD2
0.1812950493	0.5034725037	P32519	ELF1
-0.08651387461	0.50194114	Q14703	MBTPS1
0.1290935465	0.4086446104	Q15072	ZNF146
-0.09010118084	0.4459660589	Q6NUQ4	TMEM214
0.06938576671	0.6107594243	Q14498	RBM39
-0.007125644784	0.973295275	Q96DZ5	CLIP3
0.07642055345	0.7833742595	Q9H2L4	TMEM60
-0.001638576958	0.9975899627	P46821	MAP1B
0.07389074818	0.5488681758	O43768	ENSA
-0.157769191	0.4340670857	P49023	PXN
0.04957423451	0.670518852	Q9H8Y8	GORASP2
-0.1900190245	0.1279949704	Q15208	STK38
-0.104319745	0.5102202955	Q8WV83	SLC35F5
-0.1610869688	0.5602898864	Q8IZU8	DSEL
-0.1801607814	0.3320618983	O00115	DNASE2
-0.2079444306	0.3303401756	Q9P227	ARHGAP23
-0.01710705312	0.9541348917	P55287	CDH11
0.04601242306	0.765060299	P52298	NCBP2
0.06488904956	0.6969500746	P61758	VBP1
-0.01737008139	0.9004103466	O95197	RTN3
0.03484531952	0.8189029401	Q06210	GFPT1
0.07900402793	0.5705681497	Q99611	SEPHS2
0.02468822124	0.8531352384	P00505	GOT2
0.3606051043	0.0321428827	P30405	PPIF
0.1469740424	0.2133029909	P61011	SRP54
-0.03040577953	0.8498899951	Q15262	PTPRK
0.05424436358	0.7658777848	A4D0T7	SMIM30
0.1653428918	0.184983331	P46063	RECQL
0.03343314749	0.7932764984	Q9NP72	RAB18
0.05365932976	0.5667979152	O15066	KIF3B
0.141449751	0.1691138206	Q16851	UGP2
0.1194566808	0.4580829095	O15357	INPPL1
0.1708057877	0.2373745401	Q9Y5A9	YTHDF2
0.07164998155	0.8229838161	Q92882	OSTF1
0.1061767559	0.4530107872	P61599	NAA20
0.04126305354	0.7593062777	Q7Z7H5	TMED4
0.161555107	0.1264009752	Q01844	EWSR1
0.1077167943	0.495367539	Q16769	QPCT
-0.04786549801	0.6965792266	Q13542	EIF4EBP2
-0.0422155658	0.7245783696	P42025	ACTR1B
0.09882796835	0.5434504472	O00193	C11orf58
0.008620278989	0.9661599984	Q9NPI7	KRCC1
0.1006295137	0.4101110372	Q9NQG1	MANBAL
-0.1129057696	0.3789572641	P49069	CAMLG
0.09210711054	0.4508110904	P54725	RAD23A
0.03377137527	0.8759498202	Q8WVY7	UBLCP1
-0.06179024015	0.7007539107	Q96AW1	VOPP1
-0.04222494175	0.8251313222	Q8IYA7	MKX
-0.2183924135	0.3101862033	Q7Z3E5	ARMC9
-0.1345245847	0.3420212655	P55899	FCGRT
0.1748913473	0.3314132925	P11926	ODC1
1.520139547	0.000238589932	P05120	SERPINB2
0.05858622198	0.7901305356	P18859	ATP5PF
0.01482167324	0.9219400093	Q9HCN3	TMEM8A
0.1334626608	0.4809425196	Q00688	FKBP3
-0.007719859228	0.9701935357	Q04721	NOTCH2
0.02011200162	0.946152605	Q9BTT0	ANP32E
0.052081221	0.6513059802	Q15042	RAB3GAP1
-0.139151439	0.5232199094	Q9UKR5	ERG28
-0.2200152608	0.4521676369	Q9Y6G1	TMEM14A
0.007574042561	0.9646524357	Q8N3C0	ASCC3
0.1650904677	0.2036892904	O15355	PPM1G
-0.01391668414	0.9135620021	Q14671	PUM1
0.185724218	0.2305577617	Q9Y320	TMX2
1.046836547	0.0001047808398	P25963	NFKBIA
-0.07653333332	0.6602713776	Q9Y2Y6	TMEM98
0.02976290109	0.8363814286	Q14106	TOB2
0.01612211364	0.9380597977	Q9UNH6	SNX7
0.01968365246	0.9059922907	Q9UHY1	NRBP1
0.06632020808	0.4817017349	P61289	PSME3
-0.05740198188	0.6184455978	Q8N5U6	RNF10
0.1335777075	0.436735712	O95147	DUSP14
0.8958704814	0.002498992227	O75881	CYP7B1
-0.1507730928	0.4241304478	O60478	GPR137B
0.3868632103	0.01320796891	Q86WH2	RASSF3
-0.08846856331	0.6640409107	O43623	SNAI2
-0.02763515558	0.920375456	Q9BRU2	TCEAL7
0.1394513207	0.4678752238	O95168	NDUFB4
0.06334647558	0.6596829797	Q8NCA5	FAM98A
0.08144321512	0.6769408489	Q4ZIN3	TMEM259
-0.1179574325	0.6320259491	O60673	REV3L
-0.1138120258	0.3758565918	A0FGR8	ESYT2
-0.03016074713	0.9344453775	Q9Y2S6	TMA7
0.1072819309	0.4459660589	P12270	TPR
0.424043143	0.05181116076	O14684	PTGES
0.6336401345	0.01984314954	Q8TDB6	DTX3L
0.00983074065	0.9539983585	Q9BUL5	PHF23
0.430759832	0.1825164142	O60711	LPXN
0.700280665	0.04929526548	P19525	EIF2AK2
-0.02099129061	0.8958547509	Q8WVN8	UBE2Q2
-0.03110546576	0.9064091717	P78357	CNTNAP1
-0.05122425499	0.6583520541	Q9BTD8	RBM42
-0.3891563502	0.1733304834	Q9UN70	PCDHGC3
-0.1661643601	0.1647757138	P35580	MYH10
-0.0880002477	0.5209008683	Q8NBJ4	GOLM1
-0.08459273718	0.6191402546	P22304	IDS
0.1058711878	0.2792864954	Q9ULQ1	TPCN1
0.02554799607	0.8381909843	Q6UWJ1	TMCO3
-0.1143234729	0.3971788006	Q14185	DOCK1
-0.06142372023	0.6807403819	Q04771	ACVR1
0.09872740795	0.6377438564	Q9UKI2	CDC42EP3
0.1151611384	0.5037352041	Q9UH65	SWAP70
0.1127162754	0.455744346	O14867	BACH1
-0.1027339306	0.5127263082	Q96HE7	ERO1A
0.09383332582	0.7124307418	Q9UMX5	NENF
-0.01348005614	0.9602040081	Q07955	SRSF1
-0.03100760138	0.8120834355	Q9HAV5	EDA2R
0.2933605774	0.05608173285	Q86TB9	PATL1
0.03238205448	0.8848815011	Q10472	GALNT1
-0.0333696002	0.8188215053	O95926	SYF2
0.02513907719	0.8866568039	P47755	CAPZA2
0.09939247519	0.719318901	P51636	CAV2
-0.04068018366	0.8448708714	Q9P2C4	TMEM181
0.04244921167	0.7619307233	Q9H488	POFUT1
-0.1393761223	0.5835032922	P48426	PIP4K2A
0.01839498096	0.9403778808	P51571	SSR4
0.06564186964	0.7388888911	Q9NZJ4	SACS
-0.09688675184	0.4509026086	O43252	PAPSS1
-0.01590792697	0.917988707	Q9HC98	NEK6
0.03873408829	0.7429989571	Q9ULT8	HECTD1
-0.1220666668	0.5951970645	Q9BY27	DGCR6L
0.02176168825	0.9218833669	P55081	MFAP1
-0.09965006112	0.6148182786	Q9UBX1	CTSF
0.09424509096	0.4841390405	Q16706	MAN2A1
0.0504008071	0.6825300312	P62837	UBE2D2
-0.1416665376	0.4513743452	Q12947	FOXF2
0.01866226355	0.9081873789	Q7KZ85	SUPT6H
0.1245326828	0.4306575344	Q8IX12	CCAR1
0.07268862884	0.7882631963	Q9Y3D0	CIAO2B
-0.05768780052	0.6605956108	Q9NS93	TM7SF3
-0.04546405875	0.8771303032	P53004	BLVRA
-0.1634865916	0.1816635752	Q9H1E5	TMX4
-0.1905100329	0.1733304834	P10253	GAA
0.1300980852	0.3654446105	Q5VYK3	ECPAS
-0.2293755101	0.1893176526	Q9NS15	LTBP3
1.953034597	0.01356003222	Q14627	IL13RA2
-0.07006669068	0.4888223784	Q8N7H5	PAF1
0.06785858089	0.6184455978	Q8NBX0	SCCPDH
0.1088796662	0.5363566553	Q9Y295	DRG1
0.07985635728	0.5519324824	Q8N8Q9	NIPA2
-0.001296978783	0.9953540032	P54578	USP14
0.2160222502	0.09052304632	Q8N556	AFAP1
-0.06725204082	0.5884634969	P58335	ANTXR2
-0.1995135789	0.1639485602	P78337	PITX1
0.03010409581	0.8372962725	P49841	GSK3B
0.2786062835	0.06626654463	P38484	IFNGR2
0.1655609962	0.1639542339	Q96GF1	RNF185
0.0357116064	0.8249710814	Q9H3Z4	DNAJC5
0.1438874669	0.3201579303	Q9H992	7-Mar
-0.07395790751	0.536913638	P35611	ADD1
0.02283143409	0.8848455096	O75390	CS
0.08113167126	0.5232841639	Q9Y679	AUP1
0.06823268188	0.5336158703	Q96QU8	XPO6
-0.01743901577	0.9257526929	Q9Y371	SH3GLB1
-0.008684772754	0.9633740561	Q96RT1	ERBIN
-0.1557546643	0.1946978695	P53634	CTSC
0.06547359724	0.6903776204	Q9UBQ5	EIF3K
0.04193415329	0.7839119449	Q08AD1	CAMSAP2
-0.05898670416	0.675469351	Q9BPX6	MICU1
-0.4487946193	0.1231539622	P56730	PRSS12
-0.08876027646	0.5676812867	Q7Z5Y7	KCTD20
-0.2432386735	0.1631811913	Q96A56	TP53INP1
0.09417666831	0.5660889968	O75386	TULP3
-0.1711993969	0.2558425621	Q9HBR0	SLC38A10
0.2668963196	0.111366831	Q13610	PWP1
0.005020356814	0.9717448196	A0A6I8PU40	TUG1
-0.09081163228	0.536913638	Q8NC44	RETREG2
0.06108367577	0.6750417708	P10620	MGST1
-0.01179058414	0.9260345616	Q6PGP7	TTC37
-0.1468172894	0.4661738202	Q8ND90	PNMA1
-0.02472659842	0.8341156968	Q9BQI3	EIF2AK1
0.0108638112	0.9425380013	P22695	UQCRC2
-0.07776220749	0.5379292444	P26196	DDX6
0.611501345	0.007512398978	Q9UL46	PSME2
-0.1456552124	0.4366230351	A8MV65	VGLL3
0.08456895944	0.5925660319	Q8IZP0	ABI1
0.2332010908	0.1647942203	O00468	AGRN
0.1343762226	0.4299880363	Q15382	RHEB
0.1356235475	0.2704795124	Q13685	AAMP
0.4278437321	0.02111477794	P14921	ETS1
0.7105712426	0.008746121827	P28838	LAP3
0.0935370225	0.3675439207	Q9Y3D3	MRPS16
-0.09123495779	0.527945266	Q969E4	TCEAL3
-0.2821222831	0.6194875714	Q9ULW0	TPX2
-0.09859647495	0.6339761686	Q96F10	SAT2
0.071643805	0.6614327407	Q8IUX1	TMEM126B
0.0412466528	0.7874943554	Q9BY44	EIF2A
0.2193326352	0.3049118737	Q9BVP2	GNL3
-0.0697489521	0.6218872757	P26572	MGAT1
0.1251345965	0.3104984881	Q99714	HSD17B10
0.07458111149	0.7479846868	O15118	NPC1
0.1075293339	0.3487660469	O00483	NDUFA4
-0.01810124389	0.9094120907	Q96FJ2	DYNLL2
0.06738106198	0.584501253	Q14019	COTL1
0.008577854963	0.9580910238	Q13148	TARDBP
0.02901703378	0.8878630614	Q9UBQ0	VPS29
0.07987636245	0.7035217263	O00151	PDLIM1
0.03992405046	0.8822644677	Q07817	BCL2L1
-0.3632055759	0.04926822713	Q5KU26	COLEC12
0.1180702714	0.5215930722	Q9BQ90	KLHDC3
0.02930613349	0.8947158781	Q969U6	FBXW5
0.03613340379	0.7433213679	Q13619	CUL4A
-0.0503424783	0.7737059261	P53803	POLR2K
-0.04813785563	0.7982275681	P53667	LIMK1
-0.02422223792	0.9081873789	O95817	BAG3
0.1757210157	0.2094964002	P29558	RBMS1
0.007022053203	0.9768423857	O43805	SSNA1
0.07223778571	0.5572077851	Q96KG9	SCYL1
-0.02895358068	0.8640643216	Q15165	PON2
-0.1537079956	0.2036892904	Q53EL6	PDCD4
-0.2652091588	0.178491816	P07099	EPHX1
-0.01214549367	0.9304730229	Q13435	SF3B2
-0.1195293572	0.6877214502	P50616	TOB1
0.09671693498	0.5894858653	Q6YP21	KYAT3
0.08740718298	0.3790099785	Q9Y385	UBE2J1
0.04062527504	0.8439501844	P20674	COX5A
0.2775253413	0.01866912443	O75962	TRIO
-0.01067540994	0.9637489771	P36897	TGFBR1
0.2326044181	0.1621092069	P42574	CASP3
0.09039453975	0.5250948214	Q8TER5	ARHGEF40
0.04467476051	0.7341004799	Q7Z478	DHX29
-0.1026314652	0.5429967806	Q9H2H9	SLC38A1
0.06821177773	0.5072282	Q8NAP3	ZBTB38
-0.01652324775	0.9378789764	Q52LW3	ARHGAP29
-0.05461781088	0.7574757489	Q14119	VEZF1
0.06776280748	0.6823453067	P60983	GMFB
-6.574863867e-06	0.9999247552	O60637	TSPAN3
0.1606209426	0.3483074746	O15523	DDX3Y
-0.1032687072	0.443979361	Q99757	TXN2
-0.1323353937	0.3453360951	Q9Y3C8	UFC1
1.115525836	0.0181042227	Q9NR00	TCIM
0.1561851625	0.6212712576	P60602	ROMO1
0.01395839616	0.9427103976	Q9HD42	CHMP1A
-0.02346377291	0.8852564435	Q08379	GOLGA2
0.1791556581	0.3411661219	P62070	RRAS2
0.02049714825	0.9071489703	O75351	VPS4B
0.1039535877	0.3970532582	Q9Y5K8	ATP6V1D
-0.1914940282	0.1247228433	Q9H841	NIPAL2
-0.01429522873	0.9385165486	Q96H72	SLC39A13
0.03467051144	0.7649245459	O15258	RER1
0.05690415809	0.7004301206	P31150	GDI1
-0.05054473714	0.6789590353	P98160	HSPG2
-0.03703378378	0.7430764667	Q92544	TM9SF4
0.1371563993	0.4989901196	O75822	EIF3J
-0.1051237509	0.5566599934	Q96SA4	SERINC2
0.1598490652	0.3805967712	Q9Y3E0	GOLT1B
-0.3579933917	0.4794366488	Q14206	RCAN2
-0.04366053461	0.7106904631	Q9H4A3	WNK1
-0.09879620692	0.5089055682	P22307	SCP2
0.1316838286	0.3933919089	O75794	CDC123
0.1698574996	0.2536398541	Q9P2J5	LARS
-0.04167550318	0.8114013533	Q99941	ATF6B
0.08787466729	0.5951970645	P63146	UBE2B
-0.09743144326	0.4193195382	Q92538	GBF1
-0.07137274138	0.5787233398	Q5T5U3	ARHGAP21
0.1404114917	0.2792864954	O43676	NDUFB3
0.1618847413	0.4060709318	P60059	SEC61G
-0.0983149144	0.5828335593	O94916	NFAT5
0.0708380929	0.6087597339	Q01831	XPC
-0.1946013195	0.313988925	Q9H4L5	OSBPL3
0.06936639305	0.6463945214	Q14011	CIRBP
-0.01636285146	0.9290821743	Q8WUA2	PPIL4
-0.1082406323	0.7942639031	P26583	HMGB2
0.0982729605	0.5952993624	O95139	NDUFB6
-0.1885847255	0.2314146493	Q99081	TCF12
0.04549358783	0.6498168761	P28482	MAPK1
0.09927195336	0.4763796572	O15511	ARPC5
0.09677115448	0.6960931259	Q9P0P0	RNF181
-0.09651644749	0.6092032909	P55290	CDH13
0.02125690167	0.8867637849	O00754	MAN2B1
0.04336396032	0.8438824088	Q16512	PKN1
-0.04552126431	0.7192319941	Q9BY42	RTF2
-0.009367624255	0.9642013326	O43169	CYB5B
0.2677960316	0.4708662669	Q02388	COL7A1
-0.1010588064	0.4303006693	O95503	CBX6
-0.07499400332	0.4794366488	P62993	GRB2
0.1042576915	0.3271509141	Q15070	OXA1L
0.08299685759	0.5930146597	Q16186	ADRM1
0.1028381641	0.5808901361	P13196	ALAS1
0.1660896723	0.2100055802	P51665	PSMD7
0.2065107808	0.3488551486	Q99595	TIMM17A
0.0422191895	0.891420301	Q8TD55	PLEKHO2
0.2052985293	0.1785304752	Q9H8M1	COQ10B
-0.1953868212	0.385802209	O43739	CYTH3
0.2455293373	0.02487167628	O60739	EIF1B
-0.09154208394	0.3872711688	O75643	SNRNP200
0.1520349682	0.2864723513	Q8N3J9	ZNF664
-0.0334352786	0.8381909843	Q9BS26	ERP44
0.08975949045	0.4751665835	Q96EU6	RRP36
-0.08528777797	0.6323234597	P07384	CAPN1
0.0475659976	0.7531862212	Q8TBF4	ZCRB1
-0.04272684852	0.8135265022	Q9UBV8	PEF1
-0.09528246831	0.436735712	O75882	ATRN
0.4320066291	0.01169933542	O14737	PDCD5
0.009959288451	0.9689669225	Q13595	TRA2A
0.02383769172	0.8631767961	P61962	DCAF7
-0.121391885	0.3122010756	O75204	TMEM127
0.02388964995	0.8408346973	O75410	TACC1
0.4389751049	0.176630919	Q99500	S1PR3
-0.07671190642	0.5541927476	Q9UPN3	MACF1
0.09653890053	0.4508140995	Q96NT3	GUCD1
-0.06944313	0.6409153295	P43308	SSR2
0.08502301429	0.506506268	Q9H422	HIPK3
-0.09772714862	0.5726470545	Q8N436	CPXM2
0.5154705209	0.1528896733	P49006	MARCKSL1
0.1251773844	0.4407482623	Q92930	RAB8B
0.01659882534	0.9102142791	Q99594	TEAD3
0.04823348909	0.7949579244	Q9BXP5	SRRT
0.04984551385	0.6388207696	O14656	TOR1A
0.209363841	0.1788873272	P51151	RAB9A
0.03417018525	0.7832189718	P30419	NMT1
0.06937849491	0.7379955264	Q9BQ39	DDX50
0.03754914031	0.8208879381	P31939	ATIC
-0.0004416863496	0.9988481818	P29536	LMOD1
0.09099319337	0.5129328043	P01111	NRAS
0.02598033266	0.8848455096	O60927	PPP1R11
0.1020711393	0.5921275668	O75947	ATP5PD
-0.01302784384	0.9427103976	Q9NYB0	TERF2IP
0.1420828119	0.3216428226	P21281	ATP6V1B2
0.04364683845	0.8129242877	O95232	LUC7L3
0.09381116202	0.4021073008	O76021	RSL1D1
0.1030577326	0.5354334668	P14868	DARS
0.02596127001	0.9027047171	Q9Y3S2	ZNF330
-0.05934918718	0.7413695062	Q13557	CAMK2D
-0.004358292285	0.9861535734	Q86VI4	LAPTM4B
0.07418103306	0.6437448033	Q14644	RASA3
1.898642012	0.003293454808	Q15063	POSTN
0.1378756243	0.2990788512	O43242	PSMD3
0.0173576096	0.9088620657	Q96HY6	DDRGK1
0.05155212465	0.6847209538	Q9Y676	MRPS18B
0.09182012681	0.4888223784	Q969V3	NCLN
0.03043888602	0.821262029	P80303	NUCB2
-0.0363812315	0.7495256554	Q9NZ09	UBAP1
-0.04021897471	0.7748815971	Q8NFZ4	NLGN2
0.08454522305	0.4510695989	Q92843	BCL2L2
-0.101084616	0.5045262392	O75845	SC5D
0.03401607028	0.8337209932	P20339	RAB5A
-0.04116701527	0.8210658105	O14735	CDIPT
-0.01810261541	0.9051393496	Q9HAY2	MAGEF1
-0.1249177895	0.4403276927	Q7L311	ARMCX2
0.1036556163	0.5726470545	P32856	STX2
-0.01831629399	0.9023824295	Q5VTR2	RNF20
-0.001298247742	0.9968897747	Q15057	ACAP2
0.0841729745	0.4788456516	O60925	PFDN1
-0.09605729902	0.3420939654	Q6YN16	HSDL2
0.09680151209	0.4556537049	Q15276	RABEP1
0.3048176975	0.07103897286	P25445	FAS
0.01813323567	0.9217757754	Q6QNY1	BLOC1S2
0.03447304162	0.8406778479	Q13131	PRKAA1
-0.01915974362	0.9135620021	Q15631	TSN
-0.06123613752	0.6469857045	Q9Y227	ENTPD4
-0.1273772038	0.4952211484	Q9UJJ9	GNPTG
0.0481037216	0.7413974435	Q96I24	FUBP3
0.008839133683	0.9704363923	Q8N183	NDUFAF2
-0.262741635	0.6755277131	Q9NQW6	ANLN
-0.03587172902	0.9016023786	Q7Z6I8	C5orf24
0.1005693464	0.5556124532	O15460	P4HA2
0.03120840656	0.8441130764	O00165	HAX1
-0.2197511691	0.3603453813	P16104	H2AFX
0.1142356993	0.3264060035	Q00169	PITPNA
-0.06913897765	0.6883740171	P08572	COL4A2
0.04638043793	0.7240857238	Q7Z417	NUFIP2
0.06310315107	0.7234944028	Q7Z3B0	SMIM15
0.02119205286	0.8742738052	Q9BTU6	PI4K2A
0.1095634214	0.5072282	O00629	KPNA4
0.1474028746	0.3320618983	P05198	EIF2S1
0.1182754541	0.5334137676	Q86UP2	KTN1
0.07461235307	0.7706223935	O95070	YIF1A
-0.03620825419	0.7818996802	O94855	SEC24D
0.253910012	0.08822643015	Q9UBS3	DNAJB9
0.1620189432	0.3701647342	Q7L273	KCTD9
0.06729518471	0.6184455978	Q9UBF8	PI4KB
-0.13888262	0.3713881906	Q14254	FLOT2
-0.08384239022	0.4813778946	Q9H3F6	KCTD10
-0.1463472807	0.5203727944	O14817	TSPAN4
0.2813492554	0.06032819606	Q96BM9	ARL8A
-0.05615495787	0.7830403538	Q9H6Y7	RNF167
0.1168266459	0.2375722024	Q08722	CD47
0.03622899407	0.8080462021	O75663	TIPRL
-0.03661062492	0.8204863522	Q14203	DCTN1
0.3620511853	0.06960770763	P15036	ETS2
0.05683097762	0.7150086735	O75306	NDUFS2
-0.001770919435	0.9923004316	Q712K3	UBE2R2
0.06065489801	0.6540718258	P19388	POLR2E
-0.01961704437	0.9090342767	Q9Y6I7	WSB1
0.1690207103	0.2562880205	Q6I9Y2	THOC7
-0.04170161134	0.7917026281	O00401	WASL
0.2864039221	0.04050174526	Q99873	PRMT1
0.1384436736	0.3429683041	O60884	DNAJA2
-0.1436962541	0.3374912493	O95551	TDP2
0.04954182425	0.7439300104	Q6P5R6	RPL22L1
-0.08662529946	0.476638301	P84085	ARF5
0.128541674	0.5572077851	Q9NX14	NDUFB11
0.07359034457	0.5605830812	Q9UJK0	TSR3
0.01046449129	0.9448385403	P55055	NR1H2
0.01996531623	0.9311514373	Q92636	NSMAF
0.02168253204	0.8994629323	P82673	MRPS35
-0.041559751	0.8241416848	O14521	SDHD
-0.04811167801	0.7339606249	O95400	CD2BP2
0.217560743	0.184983331	Q16659	MAPK6
0.1273004564	0.331061762	O75347	TBCA
0.1230778746	0.4501996375	P33527	ABCC1
-0.04910730459	0.8120834355	Q9BPZ7	MAPKAP1
0.06436227657	0.7408064179	Q9NW15	ANO10
0.1455506119	0.171369249	Q9UQ80	PA2G4
-0.1369764078	0.3823776686	Q9UBU6	FAM8A1
0.1005082474	0.4758228189	P35241	RDX
0.003839724272	0.9877612123	Q96NB1	FOPNL
0.1180326918	0.3670920462	Q9BWE0	REPIN1
0.05916374615	0.6867726395	Q8N8Z6	DCBLD1
0.1437990927	0.7399629803	P41134	ID1
0.09867872845	0.4182232943	Q8N3U4	STAG2
0.2347478377	0.1236049061	P08574	CYC1
0.06072299925	0.7669806636	O94776	MTA2
0.05167475315	0.8141094192	Q70SY1	CREB3L2
0.04638744208	0.7882631963	Q5EBL8	PDZD11
0.07390302781	0.5962563098	Q9BVG4	PBDC1
0.332122187	0.05240392951	O75362	ZNF217
0.1062593122	0.5660889968	Q9Y281	CFL2
-0.02403253033	0.8645586086	Q9UKV5	AMFR
-0.0149697482	0.9305924004	Q96QK1	VPS35
-0.02099140518	0.8788108207	Q9UFB7	ZBTB47
-0.2018866376	0.3396792106	P17050	NAGA
0.08463002029	0.5254649009	O14657	TOR1B
0.01251229307	0.9237531978	Q9Y5S2	CDC42BPB
0.2297736142	0.1757589724	P46734	MAP2K3
0.0004203933435	0.9983664884	O96005	CLPTM1
-0.009714646399	0.9580910238	P09622	DLD
0.2837703033	0.300643209	Q16647	PTGIS
0.1163883333	0.4324120422	Q6IQ22	RAB12
-0.07868529548	0.7245783696	P14550	AKR1A1
0.2514254334	0.0846277881	Q9Y3B1	PRELID3B
-0.02834095363	0.9303539285	P04080	CSTB
0.03013372637	0.8448708714	O76071	CIAO1
0.01005560175	0.9410730381	Q93008	USP9X
0.03234237739	0.8121250551	Q99627	COPS8
-0.101716738	0.539675718	P22059	OSBP
-0.01561708714	0.9367594835	Q53HI1	UNC50
0.04830017029	0.646558025	Q14677	CLINT1
0.04216590475	0.7606031494	P19022	CDH2
-0.001176086103	0.9953540032	Q15532	SS18
0.09467539619	0.4947040564	Q9UPR3	SMG5
-0.1451675952	0.2647122352	Q9BQS8	FYCO1
-0.03380731848	0.8678359271	P78324	SIRPA
0.04963294006	0.7943355609	Q92783	STAM
-0.003410231412	0.9852703113	Q8IY63	AMOTL1
-0.08302430811	0.5874211523	Q9BXX0	EMILIN2
0.190948071	0.160811721	Q6IQ26	DENND5A
0.7090961535	0.05922027726	Q13794	PMAIP1
-0.03385041899	0.8604319852	Q9NRX6	TMEM167B
-0.0794853849	0.6114031403	P50148	GNAQ
-0.05884310737	0.5666269138	Q9Y5L0	TNPO3
0.04607431583	0.7319556321	Q5T4S7	UBR4
-0.01198887832	0.9496083985	A9YTQ3	AHRR
0.2387701574	0.07240642543	P48739	PITPNB
0.06803236248	0.5999399927	Q7L2J0	MEPCE
-0.01612746362	0.9312858721	Q03113	GNA12
-0.1600574576	0.2664829115	Q96J42	TXNDC15
0.04144929469	0.7827350016	P84022	SMAD3
0.09967617778	0.6320356118	Q9P258	RCC2
0.005981585888	0.9701158897	O15269	SPTLC1
-0.1148486429	0.436735712	Q68CQ7	GLT8D1
0.0245831373	0.8985019206	Q9UKA4	AKAP11
0.11527704	0.3930802641	Q9UER7	DAXX
0.05807319469	0.7684587313	P20337	RAB3B
-0.06116018571	0.767204016	Q9BT78	COPS4
-0.06563765521	0.5113048907	Q5VW38	GPR107
0.05908972534	0.5820355278	Q58WW2	DCAF6
0.7647703613	0.2728954864	P01024	C3
0.07366501497	0.7084205642	P42704	LRPPRC
0.1007845003	0.4580829095	P18031	PTPN1
0.02599941986	0.8899204027	Q96RQ1	ERGIC2
-0.009244311072	0.9646090114	Q9BX67	JAM3
-0.1228347615	0.4265505334	Q15738	NSDHL
0.1189900784	0.3077934492	Q96AC1	FERMT2
0.06342181768	0.5997854057	A5YKK6	CNOT1
-0.09280579419	0.5298167079	O94826	TOMM70
-0.1696887491	0.3768678107	Q9HD67	MYO10
0.05822992082	0.7485068487	Q00587	CDC42EP1
0.03155411659	0.8460606674	O75477	ERLIN1
-0.07136842037	0.5818874333	Q9UHD9	UBQLN2
-0.1310880376	0.4278882581	Q9NXJ5	PGPEP1
0.01529364648	0.9149006434	Q9UKB1	FBXW11
-0.03940125501	0.7076753338	Q49A26	GLYR1
-0.1054508608	0.3483157016	Q92543	SNX19
-0.2809539471	0.293638604	O95084	PRSS23
0.08296723075	0.5430329759	Q12972	PPP1R8
-0.003120307142	0.9879781537	P13489	RNH1
-0.1016664123	0.6112434928	Q6DKJ4	NXN
-0.111461075	0.3769477475	Q9P035	HACD3
-0.1011255785	0.5981910348	Q8TCT0	CERK
-0.02079209093	0.8968818493	O60337	6-Mar
-0.1495478315	0.5129386742	P21741	MDK
-0.07403113042	0.6714127142	Q9GZV5	WWTR1
0.008421531176	0.946152605	O95071	UBR5
0.05757860649	0.7418554459	Q14995	NR1D2
-0.02231632896	0.8752415171	Q01082	SPTBN1
-0.05793109671	0.6586105015	Q96B97	SH3KBP1
0.1273446093	0.4290029075	Q9H9Y2	RPF1
0.06861779101	0.821474671	Q9BZQ8	FAM129A
-0.2104837204	0.3077270242	Q99519	NEU1
-0.07085901968	0.7384971483	Q92643	PIGK
-0.08475228313	0.6419188283	Q92902	HPS1
-0.1430328039	0.3438587231	P15882	CHN1
0.07524090434	0.6490906252	P09874	PARP1
0.2407113685	0.1922265545	A1X283	SH3PXD2B
0.2139746761	0.276469551	A4D0V7	CPED1
0.01575365315	0.9363556201	Q14566	MCM6
0.1760085484	0.2728954864	Q12946	FOXF1
0.01320192221	0.9359147755	Q92611	EDEM1
-0.03248000632	0.9135620021	Q8NFW8	CMAS
-0.1146012645	0.3696480861	Q99829	CPNE1
0.04228214589	0.8305005703	Q96AE4	FUBP1
0.2071851334	0.1192613909	O95747	OXSR1
-0.04238370982	0.8097469558	Q9UL45	BLOC1S6
0.03510830477	0.7720530798	O60749	SNX2
0.3642784713	0.04817704683	Q6NW40	RGMB
-0.2484868179	0.08445364781	O43488	AKR7A2
0.1581896996	0.5312791005	P33993	MCM7
0.04762509494	0.6994242854	P16298	PPP3CB
0.006678139951	0.9726105116	Q9GZP1	NRSN2
-0.2555585423	0.2036892904	Q9P2B2	PTGFRN
0.01645492144	0.908316265	Q92616	GCN1
0.02239248275	0.9189639125	O43715	TRIAP1
0.0005116728328	0.9975899627	Q96BZ9	TBC1D20
0.1151043065	0.4129613601	P62166	NCS1
-0.2024004114	0.1778627189	P04040	CAT
0.1213605275	0.6510679318	P62304	SNRPE
0.04259271815	0.8097469558	P00390	GSR
0.04292880504	0.7882631963	Q99942	RNF5
0.110026906	0.400437224	P51003	PAPOLA
0.0716631157	0.5466498965	P67775	PPP2CA
-0.01690175913	0.9189639125	Q9BZE1	MRPL37
-0.05747481271	0.6590430505	P49754	VPS41
-0.1650949414	0.5203727944	Q13510	ASAH1
-0.06167873663	0.6802555237	Q15435	PPP1R7
-0.09435535577	0.6400841898	P55058	PLTP
0.1334401556	0.3050734883	Q9NUY8	TBC1D23
-0.05632430804	0.7261901009	Q9H2D6	TRIOBP
-0.02137878423	0.8650036278	Q9NZD2	GLTP
0.09819230619	0.4236742155	P50552	VASP
0.05795738102	0.6375208017	P78368	CSNK1G2
0.1019943715	0.5232551807	Q6DKI1	RPL7L1
0.02573752627	0.8478971799	O60271	SPAG9
-0.1718651087	0.2153593747	Q96MC5	C16orf45
-0.0598469119	0.7330773515	O76024	WFS1
0.1636292914	0.1132584983	Q9Y6N7	ROBO1
0.06279893619	0.7154649396	Q7Z699	SPRED1
-0.01938619986	0.8751746529	P26885	FKBP2
-0.04165485746	0.7650657036	P0CG13	CHTF8
0.00158168291	0.9953540032	P10646	TFPI
0.2831259049	0.0354977447	Q05209	PTPN12
0.08291652569	0.5509915995	P14866	HNRNPL
-0.01004364719	0.9596953811	Q13636	RAB31
-0.1299037288	0.3348122523	O94992	HEXIM1
-0.02991565209	0.9160529921	P54826	GAS1
-0.1050746724	0.3768678107	Q68CP4	HGSNAT
-0.03021606228	0.8558403682	Q6UB35	MTHFD1L
0.1688341893	0.2958390983	P55884	EIF3B
-0.02375628598	0.9000720627	Q6P6C2	ALKBH5
0.03168405452	0.8308906548	P68402	PAFAH1B2
-0.3485567794	0.1621092069	P01023	A2M
-0.07994215231	0.6715131852	Q12893	TMEM115
0.07337963999	0.678581409	Q96F24	NRBF2
-0.09124766994	0.3935732233	O60610	DIAPH1
-0.1586344992	0.279881176	Q9Y2E5	MAN2B2
0.06230270612	0.825968245	O43665	RGS10
-0.01779194017	0.9220723756	Q9UDT6	CLIP2
0.1000435361	0.5541927476	Q13523	PRPF4B
0.0005943446871	0.9975995912	Q03181	PPARD
0.5185394708	0.04817704683	Q13325	IFIT5
0.1228306461	0.5726470545	Q9H772	GREM2
0.1713720402	0.3509457112	P61221	ABCE1
0.06114442406	0.5999399927	P23526	AHCY
0.05692505236	0.6886600041	P51153	RAB13
-0.07711437001	0.6305701147	O43505	B4GAT1
0.2630503866	0.2242425877	Q9H0R5	GBP3
0.2015970999	0.2857372968	Q9NRX2	MRPL17
0.01448830349	0.9367594835	Q8WU17	RNF139
-0.1201592944	0.3684574986	Q8TB96	ITFG1
0.0836740589	0.527945266	Q68DK7	MSL1
0.02477499018	0.9350176755	Q9NWT8	AURKAIP1
0.2185491678	0.03625209744	Q9NRR8	CDC42SE1
-0.176765308	0.2988714248	Q14112	NID2
0.04995108601	0.7750973213	Q9NYJ8	TAB2
0.08541897697	0.7052037996	O60507	TPST1
-0.01276936343	0.9646524357	Q96CT7	CCDC124
0.1065485287	0.3110186353	P51398	DAP3
0.06284071691	0.7106904631	P62834	RAP1A
-0.2669315642	0.1920258873	P48163	ME1
0.05881109784	0.6602713776	Q92754	TFAP2C
0.3403616071	0.02249828271	Q9UK58	CCNL1
0.1810113856	0.3052393275	Q9H3N1	TMX1
0.989259	0.008480467955	Q460N5	PARP14
-0.005373364783	0.9867661318	P35610	SOAT1
0.1916526578	0.1695953697	Q9HD33	MRPL47
-0.1039364691	0.5572077851	Q5T7M9	FAM69A
0.1827163479	0.2727960508	P49721	PSMB2
-0.0521098889	0.738373648	O00746	NME4
0.01823081117	0.9222550947	Q9UIW2	PLXNA1
-0.2069814666	0.05607199301	P49759	CLK1
0.0891103738	0.354158453	Q7Z333	SETX
-0.1044804786	0.5072282	Q9UKA1	FBXL5
-0.06300037138	0.6350005314	Q07960	ARHGAP1
0.05563918891	0.8148504779	Q9BSY9	DESI2
0.2404606262	0.1008936493	Q5VY09	IER5
-0.1444113086	0.2094964002	Q9P2J3	KLHL9
-0.1422773569	0.2743117447	Q9Y4D7	PLXND1
0.1775453062	0.4021073008	P21673	SAT1
-0.1364855173	0.4660674416	P34741	SDC2
0.03162757456	0.8675345243	Q5SW79	CEP170
-0.1276404168	0.3127474382	Q15257	PTPA
0.04438973187	0.7871638478	Q71UM5	RPS27L
0.1357809582	0.447848434	Q15283	RASA2
-0.1082165172	0.6520458606	Q15172	PPP2R5A
-0.009639031845	0.9638070202	P29144	TPP2
0.1082902609	0.3605338839	P46976	GYG1
0.06683843122	0.7822328057	Q16774	GUK1
0.000649460207	0.9975899627	P36507	MAP2K2
0.03620664969	0.8244625272	Q7L7X3	TAOK1
-0.07636231465	0.6818972576	Q08257	CRYZ
0.07637962154	0.6068089134	Q9UM00	TMCO1
0.1609305203	0.206260283	Q99755	PIP5K1A
0.4525062015	0.06807736413	Q14201	BTG3
0.5431226184	0.001532525152	Q15025	TNIP1
0.1701452963	0.3160245553	Q16629	SRSF7
0.146804302	0.4354150921	P28066	PSMA5
0.02612704958	0.8848455096	Q9NZS9	BFAR
1.379336494	0.01952322795	O95786	DDX58
-0.04102395109	0.8640483756	Q96AT9	RPE
-0.03096926095	0.9204555565	Q9NRA1	PDGFC
0.05434862774	0.7758532169	Q96A35	MRPL24
-0.01381435644	0.9550315964	A1L188	NDUFAF8
-0.2415645454	0.04163021463	Q9H4A4	RNPEP
0.03827117603	0.8166952735	Q9UJW0	DCTN4
-0.03172739594	0.8196940585	Q9NTX5	ECHDC1
0.2194316161	0.346348884	P00492	HPRT1
0.09577544351	0.4973441414	Q96D46	NMD3
-0.06858687657	0.6729192152	O14662	STX16
0.1260992683	0.5429967806	P62318	SNRPD3
-0.1254327892	0.5999399927	P27361	MAPK3
-0.03275140711	0.7874320257	Q7Z434	MAVS
1.836923708	0.003439375398	Q8TCB0	IFI44
-0.7176389705	0.08587420699	Q5VWP2	TENT5C
-0.03343144132	0.8994683178	O75379	VAMP4
0.096029595	0.4579608053	Q06330	RBPJ
0.1913254757	0.4962400916	Q14978	NOLC1
-0.1207649715	0.7106904631	O43520	ATP8B1
-0.1311807768	0.2923590053	P12755	SKI
0.04723915304	0.7530453173	Q13190	STX5
-0.00496122539	0.9866659346	Q8NDN9	RCBTB1
-0.09498855202	0.603357468	Q13873	BMPR2
0.1233136487	0.4161939139	Q9UEE5	STK17A
0.3424256699	0.3502474347	P21291	CSRP1
0.03135785161	0.827889844	P49459	UBE2A
0.1742864414	0.2153593747	Q9NSD9	FARSB
0.1197894622	0.4185847441	P49756	RBM25
0.138085152	0.4728239115	Q13951	CBFB
0.04516847948	0.8275173035	Q8IZ07	ANKRD13A
-0.1175622494	0.6036863727	P52788	SMS
-0.3901991777	0.03261615473	O76074	PDE5A
0.2110149348	0.5009108462	P39748	FEN1
0.09961489507	0.4225575305	Q12874	SF3A3
-0.02349788203	0.8986534894	Q99549	MPHOSPH8
0.5431679731	0.007019003857	Q9H015	SLC22A4
0.1529511561	0.2923590053	Q9BY77	POLDIP3
-0.04069745652	0.8228155921	Q16513	PKN2
0.01089482956	0.9489119614	Q9NZ32	ACTR10
-0.004707577246	0.9768015257	Q15040	JOSD1
-0.001023895897	0.9968461974	Q9H1N7	SLC35B3
0.006239397899	0.9789566839	Q8TF01	PNISR
-0.08156232406	0.7367823426	P35754	GLRX
0.1119585112	0.4049102651	Q8TDY2	RB1CC1
0.09674474263	0.5984414767	Q96C19	EFHD2
-0.1613071609	0.1742962229	O95528	SLC2A10
-0.05834312218	0.5850235921	Q8N2K0	ABHD12
-0.1126376757	0.620985378	P12955	PEPD
0.01420750979	0.9367594835	Q00987	MDM2
-0.3243445426	0.2200409058	Q14693	LPIN1
0.2155361005	0.1152094156	O43293	DAPK3
-0.01542002839	0.94259151	O60353	FZD6
-0.0003488315949	0.9988481818	Q6UVK1	CSPG4
-0.2972782294	0.3362056158	Q9BWD1	ACAT2
0.02814590783	0.837021326	P08579	SNRPB2
0.1623879944	0.3125755628	Q15181	PPA1
0.1383505395	0.2865871698	P26006	ITGA3
-0.02023179273	0.8822644677	Q86XT9	TMEM219
0.1605392096	0.2923590053	Q13829	TNFAIP1
0.004894947673	0.9811154458	Q92541	RTF1
0.06444036404	0.6029843559	Q9BUQ8	DDX23
-0.0755645489	0.6350005314	P55735	SEC13
-0.04532124626	0.6702043655	P17029	ZKSCAN1
0.02600595826	0.8921895709	Q9UNS2	COPS3
0.1899927719	0.232694719	Q9NPA3	MID1IP1
-0.1495221644	0.5899941759	Q9NTJ3	SMC4
0.1234847323	0.294600772	Q96G23	CERS2
0.06242935114	0.7388888911	Q8TBC4	UBA3
-0.05971764327	0.571435333	O60331	PIP5K1C
0.1054129556	0.5595691972	Q9NVU7	SDAD1
0.4692877604	0.1161079458	Q9NYA1	SPHK1
0.02854958782	0.8138372461	Q16891	IMMT
-0.1077079144	0.6787820107	Q9Y680	FKBP7
-0.02155726257	0.9324485201	O75509	TNFRSF21
-0.03727062926	0.833728999	Q15459	SF3A1
-0.03227263133	0.8362537674	Q96RF0	SNX18
4.742361856	5.500717741e-05	P51671	CCL11
0.09569191037	0.4895487437	O15213	WDR46
-0.01542412665	0.9496083985	O14908	GIPC1
-0.02648965525	0.9025848645	Q5VTL8	PRPF38B
0.09605373179	0.4191989058	Q7L576	CYFIP1
0.09868306287	0.392868431	Q13459	MYO9B
-0.02283105394	0.8698365816	Q6PD62	CTR9
0.0707098569	0.6463945214	Q96RE7	NACC1
0.05899169055	0.5817705839	Q9BZV1	UBXN6
0.08038689076	0.6710737228	O95415	BRI3
0.2003573382	0.06781682578	Q14699	RFTN1
0.05960748096	0.7302917169	Q13464	ROCK1
-0.07774757692	0.5340165115	Q03111	MLLT1
-0.09061145274	0.663881753	P78543	BTG2
0.02643410873	0.8441130764	Q8WTS6	SETD7
-0.05751112182	0.7457088108	Q9NR83	SLC2A4RG
0.01504216301	0.9427103976	P46459	NSF
0.08475077611	0.582938434	Q658Y4	FAM91A1
0.2181357327	0.194175425	Q9Y2X3	NOP58
0.0212380101	0.8955158391	P24666	ACP1
-0.09193795941	0.5862022963	P20933	AGA
0.1823269161	0.2958390983	P25205	MCM3
-0.2932260927	0.297023855	Q9UPU7	TBC1D2B
0.2232490815	0.2285150525	Q7Z3E1	TIPARP
0.08936053857	0.5429967806	Q8WX92	NELFB
0.01117538663	0.9541348917	P49585	PCYT1A
1.48158078	0.01737624354	P35354	PTGS2
0.9138505681	0.02120982579	Q8IVG5	SAMD9L
0.07798676475	0.5363566553	Q92692	NECTIN2
0.04126212904	0.7882631963	A6NDU8	C5orf51
0.04140478777	0.7566329485	Q5T200	ZC3H13
0.3265008363	0.1277950214	Q15061	WDR43
-0.01797015159	0.8878630614	Q14914	PTGR1
-0.02353772932	0.9135620021	Q9Y2J4	AMOTL2
0.0788963186	0.5060332104	P61970	NUTF2
-0.1072338991	0.4320259791	O75116	ROCK2
-0.03953747936	0.8898773336	P62324	BTG1
0.1008901665	0.2991838603	P16989	YBX3
0.08550172543	0.6350005314	O95372	LYPLA2
0.8038198944	0.01952322795	P04732	MT1E
-0.0489565577	0.7872401414	Q5VW32	BROX
0.07849148398	0.6360221591	Q7RTV0	PHF5A
0.5983702363	0.008653999835	Q14258	TRIM25
0.150326269	0.1733304834	Q8IWT6	LRRC8A
-0.05600235403	0.7182364751	P20936	RASA1
-0.1217658713	0.2958390983	Q7Z7M0	MEGF8
0.03404470435	0.7832189718	Q92664	GTF3A
0.06460407932	0.7090621401	Q9Y217	MTMR6
-0.02164105944	0.8465281208	Q9Y5J6	TIMM10B
0.1709951241	0.20047672	P09493	TPM1
-0.01734079948	0.9184751948	Q96J02	ITCH
-0.05197894982	0.751754796	Q9UHC7	MKRN1
-0.02297287229	0.9031306869	Q92560	BAP1
-0.0785041891	0.5509915995	O75528	TADA3
-0.001750162635	0.9931223935	Q86U42	PABPN1
0.1579956121	0.371584381	Q9Y255	PRELID1
0.03206436234	0.8275173035	Q9ULJ6	ZMIZ1
-0.1120512986	0.4751665835	P21964	COMT
0.1437689537	0.5602898864	Q7LBR1	CHMP1B
0.137270576	0.6315227611	P52435	POLR2J
0.06649104199	0.6737087224	P40425	PBX2
0.06288637007	0.7008685999	O95478	NSA2
0.06466843884	0.6320356118	Q9NX24	NHP2
-0.5122486172	0.2521654412	Q8ND94	LRRN4CL
-0.100952243	0.6980388016	Q9H213	MAGEH1
-0.0457386001	0.7349768558	Q6WCQ1	MPRIP
0.00118211049	0.9975899627	Q6IBS0	TWF2
-0.06329132435	0.6346258215	O00203	AP3B1
0.1867195585	0.245814075	Q9Y285	FARSA
-0.07154940879	0.7408064179	Q96MX0	CMTM3
0.2520666306	0.1636196776	Q9BTE7	DCUN1D5
0.07644936231	0.6873561766	Q16594	TAF9
0.01578928081	0.9220723756	Q13151	HNRNPA0
0.02305254665	0.8875962928	O75179	ANKRD17
0.1916807758	0.1121877025	Q9NYS7	WSB2
0.06777510672	0.7901305356	O75475	PSIP1
-0.05100177029	0.7467002543	P22033	MUT
0.04591586109	0.7238153079	Q16698	DECR1
0.026750946	0.9378789764	Q9H061	TMEM126A
0.01497250169	0.9481113017	P61086	UBE2K
-0.1556029992	0.3314803387	Q969S6	TMEM203
0.176373917	0.3133386332	Q16854	DGUOK
-0.002222224384	0.9936222443	P35232	PHB
0.08395558706	0.6220326729	P51148	RAB5C
0.1678555284	0.2958390983	Q9Y6D0	SELENOK
0.08055373056	0.6156275307	Q96E22	NUS1
-0.09816423261	0.6437448033	Q86X27	RALGPS2
0.01680899882	0.9427103976	Q02218	OGDH
0.1628517034	0.1215326369	Q86WJ1	CHD1L
0.06080811858	0.6755277131	Q9UKZ1	CNOT11
-0.1624546637	0.1663004302	Q32P28	P3H1
-0.01318080014	0.9380215559	Q9NWQ9	C14orf119
0.161709282	0.4527994985	P22234	PAICS
-0.05274655937	0.9047776352	Q969W0	SPTSSA
0.01694038306	0.9498565402	Q9BWG4	SSBP4
-0.1521982047	0.3819767967	Q8WYQ9	ZCCHC14
0.4909104626	0.008480467955	P13726	F3
0.2090691529	0.309392546	O75380	NDUFS6
-0.01805379032	0.910523366	Q13838	DDX39B
-0.002695727094	0.991570778	O15431	SLC31A1
0.05914486194	0.6934141778	Q9UIF9	BAZ2A
0.1605307432	0.3952474936	Q9Y252	RNF6
0.001497884441	0.9936222443	P60484	PTEN
0.08140464974	0.5951970645	Q9UK73	FEM1B
-0.01400850889	0.9633740561	O15228	GNPAT
-0.02666478791	0.877770324	Q9Y3E7	CHMP3
-0.1373964588	0.2980430723	Q08209	PPP3CA
0.2514467088	0.1750612861	Q9P270	SLAIN2
0.07080066247	0.6763067155	P08910	ABHD2
0.2465145229	0.2640770909	O00469	PLOD2
0.3812823836	0.1396920915	Q16649	NFIL3
-0.1085294685	0.3789572641	Q8TD19	NEK9
0.1216185694	0.3348122523	P51790	CLCN3
0.04481832383	0.7464961601	P54819	AK2
-0.04877070613	0.867636412	Q9BVX2	TMEM106C
0.0322688624	0.8755246812	O43189	PHF1
0.1447854075	0.2051087404	Q15386	UBE3C
0.1888580183	0.09524674025	Q8IVM0	CCDC50
0.087182514	0.5666269138	Q9NZL9	MAT2B
0.01856647263	0.9071489703	Q9Y2A7	NCKAP1
-0.2224345982	0.5188034075	P00742	F10
0.07720141599	0.7429727048	P55263	ADK
0.1188767198	0.6396188276	Q92820	GGH
-0.07983931816	0.5356486981	Q9BX40	LSM14B
0.1346921544	0.4306311618	Q5JPE7	NOMO2
-0.01495727353	0.9221348468	Q8NFA0	USP32
-0.180518095	0.2670134029	P98153	DGCR2
-0.1051969462	0.3880969702	O43813	LANCL1
0.009906492674	0.950887064	Q969T9	WBP2
0.03505717109	0.8539433784	Q9UDY4	DNAJB4
0.04955129884	0.6931216144	Q96G74	OTUD5
-0.0510668734	0.8074854684	Q9P253	VPS18
0.09110276508	0.5464678667	P53999	SUB1
-0.154566755	0.3713881906	Q96QK8	SMIM14
-0.03465861583	0.8338943329	Q92997	DVL3
0.01326809568	0.9417973336	Q93073	SECISBP2L
0.009665066121	0.9708094759	Q9BWD3	RTL8A
-0.03143866319	0.8475113761	Q86YR5	GPSM1
-0.2269177349	0.2453520733	Q8IVB5	LIX1L
0.02002520923	0.917660713	P60891	PRPS1
-0.2284058634	0.5821649525	Q9BYX2	TBC1D2
0.08867328964	0.6538237989	O43491	EPB41L2
-0.07971012283	0.4052643736	P17612	PRKACA
0.08673952053	0.7747218686	Q86T20	SMIM29
-0.05675670608	0.6602713776	Q9H2Y7	ZNF106
-0.1122574014	0.460148757	P36941	LTBR
0.09115155694	0.4513743452	Q9UNM6	PSMD13
-0.02983266837	0.8707550753	Q8N3D4	EHBP1L1
0.09878914701	0.5340165115	Q08945	SSRP1
0.2250557172	0.288488809	Q86WC4	OSTM1
-0.05965396591	0.6722704516	O94874	UFL1
-0.04240344407	0.7758532169	Q5W0V3	FAM160B1
0.03604408693	0.84262106	Q9BYJ9	YTHDF1
-0.0350443897	0.7946442816	Q5VT25	CDC42BPA
0.08332396795	0.4591816348	Q96CS3	FAF2
-0.1433060819	0.4793512851	O00170	AIP
0.01837630702	0.9218833669	Q9BT88	SYT11
-0.02324430404	0.8822644677	Q86WR0	CCDC25
-0.08445944649	0.5884634969	Q53H80	AKIRIN2
-0.01986855418	0.9513101744	Q9H1Q7	PCED1A
0.1797220038	0.3487371575	O75394	MRPL33
0.02697051013	0.8867504439	O43684	BUB3
-0.03159848317	0.9328773718	Q8N392	ARHGAP18
0.06381861475	0.6667330411	P61244	MAX
-0.02173714114	0.8866568039	Q08378	GOLGA3
0.528536324	0.01018002859	Q16739	UGCG
1.004873533	0.01162861741	O15162	PLSCR1
0.08340688226	0.58340769	Q9H1B7	IRF2BPL
-0.04034296703	0.7296513575	P48651	PTDSS1
-0.08327602087	0.540053557	Q03167	TGFBR3
0.0874948231	0.6245183561	P62195	PSMC5
0.04510607888	0.7490966882	Q9NS69	TOMM22
0.1184369269	0.536913638	P15927	RPA2
-0.1208458569	0.4579608053	P50897	PPT1
-0.07653792626	0.602969336	P46527	CDKN1B
0.1015114873	0.4571021266	O75400	PRPF40A
0.02351404523	0.8344104496	P52948	NUP98
0.1609713029	0.4661738202	Q12796	PNRC1
0.4416555991	0.021123142	Q9BQ51	PDCD1LG2
0.04821877357	0.8591105756	Q5TGL8	PXDC1
-0.02053778077	0.8961240528	Q8IWW6	ARHGAP12
-0.04875360548	0.6906342083	O15027	SEC16A
-0.09363772628	0.5363885552	O14966	RAB29
0.0467679022	0.7832189718	Q9H5X1	CIAO2A
-0.03666303554	0.7264094257	Q86V24	ADIPOR2
0.4894220447	0.1102597341	P55040	GEM
-0.1616536103	0.5835032922	P53602	MVD
0.02135182272	0.8576822089	Q8NB46	ANKRD52
0.7713650362	0.3156319738	P62308	SNRPG
0.2540998487	0.0908998089	Q9H501	ESF1
0.07955903013	0.6789215954	Q99685	MGLL
0.040842194	0.8762661258	Q9UQ13	SHOC2
0.1492247541	0.3520277083	Q56P03	EAPP
-0.09854549888	0.508639836	P09131	SLC10A3
0.04130721416	0.8352974908	Q9BTT4	MED10
-0.04028687542	0.8410074022	Q9H1H9	KIF13A
0.06329353089	0.7576681775	P56134	ATP5MF
0.2082364769	0.07581146765	Q9Y4L1	HYOU1
0.02741822887	0.8718121595	Q9P055	JKAMP
0.1943472138	0.1363410674	P34897	SHMT2
0.02125621925	0.8405591983	Q6PD74	AAGAB
0.06929790767	0.694157617	P49798	RGS4
0.09557682051	0.5787233398	Q15642	TRIP10
0.06739488107	0.6553264401	Q9P2G1	ANKIB1
-0.07419201943	0.6916007947	P62736	ACTA2
0.02825347951	0.8837907438	Q96FX2	DPH3
0.0263457368	0.8717317394	Q6N075	MFSD5
-0.009386280133	0.9496083985	Q6P0Q8	MAST2
0.1715740519	0.2143380094	P12074	COX6A1
-0.05244753814	0.6750957699	Q96KA5	CLPTM1L
0.07479746262	0.5434504472	Q92922	SMARCC1
0.08911690977	0.4255286903	Q9Y6D5	ARFGEF2
-0.007473168184	0.9704363923	Q9H814	PHAX
0.1245888994	0.3971788006	Q13488	TCIRG1
-0.06148584926	0.7769017034	Q7LFL8	CXXC5
0.1125155759	0.3169011353	Q93009	USP7
0.007038859663	0.9726105116	Q06055	ATP5MC2
-0.2252223954	0.7413695062	P14635	CCNB1
0.01373205602	0.9257526929	O95782	AP2A1
0.02978326766	0.8549531996	O14730	RIOK3
0.00368994915	0.985394276	Q9Y519	TMEM184B
0.00846269312	0.9639433611	Q13546	RIPK1
-0.07590116943	0.5933116723	A6NIH7	UNC119B
-0.003993183026	0.9879781537	P04921	GYPC
0.01158791624	0.937923604	Q9BXF6	RAB11FIP5
0.1612908197	0.4048246944	Q9NV92	NDFIP2
0.06685996279	0.7185701206	P78316	NOP14
-0.01024087157	0.9322498948	P29084	GTF2E2
-0.02496409887	0.894379638	P21912	SDHB
-0.08442443827	0.5835032922	Q9BXW6	OSBPL1A
-0.1422772226	0.1843347256	Q9UJ14	GGT7
0.07132478795	0.6669836735	Q8NBU5	ATAD1
-0.1209546548	0.212161355	P54619	PRKAG1
0.02447845471	0.8968326595	P56381	ATP5F1E
-0.07853074745	0.7047508825	A0A0U1RRE5	NBDY
0.1033299394	0.4270457909	P61201	COPS2
0.1295220871	0.3628550402	Q99816	TSG101
-0.06415827383	0.6340928346	O15397	IPO8
0.1253519494	0.3776786255	Q9NX63	CHCHD3
-0.0580837498	0.7224951305	Q9H3Q1	CDC42EP4
0.2448488898	0.04744569794	P52789	HK2
-0.08449707465	0.6348673436	P45973	CBX5
0.03760805764	0.8848455096	P06400	RB1
0.1363706937	0.5590789361	Q9BV87	CNPPD1
0.1251938465	0.3562255843	O95391	SLU7
-0.08461239538	0.551119522	Q9GZU7	CTDSP1
-0.007546645554	0.9642013326	P08237	PFKM
0.02009648687	0.8602031417	Q7Z7E8	UBE2Q1
-0.003221738915	0.9871602612	Q8N3C7	CLIP4
0.1099164971	0.436735712	Q5GLZ8	HERC4
0.0538497294	0.7792307145	P53367	ARFIP1
0.01414948893	0.9324194938	Q9BZQ6	EDEM3
-0.1035083441	0.5166669864	Q9BR76	CORO1B
0.3888500705	0.004182264488	P19838	NFKB1
0.002478459146	0.9923254722	P19634	SLC9A1
0.7358978514	0.01018002859	P32455	GBP1
0.2796508262	0.04151221057	Q9BYM8	RBCK1
0.132399179	0.3280766269	O43617	TRAPPC3
-0.2264965254	0.1629754111	Q9NZP8	C1RL
0.1843875261	0.3195068938	Q5VZF2	MBNL2
0.1527767643	0.2002484544	Q8WWM7	ATXN2L
-0.003298900851	0.9919505435	Q8IXM3	MRPL41
-0.09201763602	0.5787233398	Q9P2K8	EIF2AK4
-0.01197342346	0.953432911	Q9H7F4	TMEM185B
-0.1581329172	0.1279796393	Q8IYS2	KIAA2013
-0.1118187603	0.4565273032	Q86X55	CARM1
0.04023641441	0.8248663143	Q9BRK4	LZTS2
0.1866765259	0.1453210868	P19419	ELK1
0.1751654623	0.2018948338	Q96ST2	IWS1
-0.03630554369	0.7846942131	Q13596	SNX1
-0.1384723448	0.5363566553	Q7Z2X4	PID1
-0.04794413544	0.7663325163	P46109	CRKL
-0.2322255057	0.1239054149	P20594	NPR2
0.118344854	0.2846987066	Q6Q0C0	TRAF7
0.2312357331	0.06509727902	Q9UPU9	SAMD4A
0.02382928763	0.9385165486	Q96I36	COX14
-0.1194171898	0.508639836	Q99593	TBX5
0.04549212626	0.737141085	Q9GZP4	PITHD1
-0.1118306399	0.536913638	Q9BV57	ADI1
-0.1366359171	0.2395521941	Q13405	MRPL49
0.03279223924	0.8287435279	Q96CC6	RHBDF1
-0.002559816745	0.9872382614	O00303	EIF3F
-0.007792199975	0.9686899862	P13497	BMP1
0.1643195269	0.1298742507	P25789	PSMA4
0.103571233	0.5595691972	P63098	PPP3R1
0.2248557903	0.2469146976	Q9NYV6	RRN3
-0.03226686833	0.7830403538	Q66K14	TBC1D9B
0.01187961279	0.9513101744	O14548	COX7A2L
0.04111411006	0.7901305356	Q9UBU9	NXF1
0.1360971789	0.592574659	Q14573	ITPR3
0.01448212074	0.9410442853	Q8N4V1	MMGT1
0.01959022181	0.8968326595	Q12849	GRSF1
0.1548505372	0.2190290123	Q5JRX3	PITRM1
0.08673262915	0.6346258215	Q9Y546	LRRC42
0.05667017228	0.7746836775	O15126	SCAMP1
0.03814785385	0.8381909843	Q96QT4	TRPM7
-0.02951685018	0.8650036278	O43837	IDH3B
0.08807159278	0.5590332056	Q8IWR0	ZC3H7A
-0.02671110685	0.8782878843	P17858	PFKL
-0.003749719721	0.9852703113	Q9HBL0	TNS1
0.1573921026	0.3004246323	Q63HN8	RNF213
-0.04265204747	0.8241416848	P27694	RPA1
0.09184397799	0.6218872757	Q9H993	ARMT1
0.09235026042	0.4342297364	Q16576	RBBP7
-0.04962991772	0.7867086252	O96011	PEX11B
0.1646045584	0.5284820161	Q9UBK9	UXT
0.01152248843	0.9378789764	Q13617	CUL2
0.02725240973	0.9135620021	O43567	RNF13
0.1545353895	0.2958390983	Q15286	RAB35
0.09137348113	0.4278882581	O14787	TNPO2
-0.005647602189	0.9791428103	Q8TC12	RDH11
0.0963646547	0.48908333	Q13242	SRSF9
0.05035308036	0.7489728983	Q8N138	ORMDL3
0.3040921036	0.1519369903	P52926	HMGA2
0.2014571798	0.1479571742	P09543	CNP
0.04474450829	0.7197883672	Q9Y2T2	AP3M1
0.4524701717	0.009852292926	Q9BX10	GTPBP2
0.307153446	0.08703374709	O75317	USP12
-0.1834353868	0.4492140743	Q9NYL2	MAP3K20
-0.00548266349	0.985010819	Q53QV2	LBH
0.008430127268	0.9599064997	Q8IX01	SUGP2
-0.02706852286	0.7947752815	Q9Y597	KCTD3
0.03512685395	0.8986266508	P29372	MPG
-0.1150595595	0.5752771291	Q14554	PDIA5
-0.1031942186	0.4395407709	Q99717	SMAD5
-0.09719585306	0.6351670327	O95450	ADAMTS2
0.1154450056	0.4380557652	P51812	RPS6KA3
-0.1557271452	0.2479637624	Q7Z5L9	IRF2BP2
0.1099456928	0.5160413548	Q9BY32	ITPA
0.04347385808	0.7769002014	P60604	UBE2G2
0.03179351852	0.8848815011	Q9P1Z2	CALCOCO1
-0.05966983163	0.57437377	P08047	SP1
0.020427397	0.8898773336	Q6P996	PDXDC1
0.2468798867	0.08023088387	Q9UHN6	CEMIP2
-0.04055597122	0.8447355895	Q14145	KEAP1
0.2859812641	0.2414904927	O00567	NOP56
0.09574536963	0.4884726564	Q6ZW31	SYDE1
0.004734160471	0.9762023743	P25490	YY1
-0.07261284086	0.6931216144	O00443	PIK3C2A
0.1228135098	0.4984075477	Q96PZ2	FAM111A
-0.210231485	0.5215930722	P55001	MFAP2
0.341242379	0.1379602305	Q9P1F3	ABRACL
-0.1325482106	0.3449606022	Q9H7S9	ZNF703
0.2537359743	0.184983331	Q641Q3	METRNL
-0.06940966046	0.6731302185	P50402	EMD
0.02831381205	0.8242612257	Q15393	SF3B3
0.09576019455	0.3970532582	Q8WZA1	POMGNT1
0.1301080105	0.3570832036	Q9P0S3	ORMDL1
0.9646050087	0.02120982579	P80217	IFI35
0.2534402635	0.2593931636	Q99811	PRRX2
0.1916233445	0.2552861562	O15427	SLC16A3
0.3522275387	0.02244734065	P46934	NEDD4
-0.112459531	0.2803040762	O15439	ABCC4
-0.1194642918	0.4992727903	Q14999	CUL7
0.3160799666	0.09945244633	Q9BQE5	APOL2
0.1139350152	0.3386415966	Q9NPQ8	RIC8A
-0.2188299189	0.3634703787	P40426	PBX3
0.03445786441	0.7838449258	P18615	NELFE
-0.09756558798	0.3449606022	P08651	NFIC
0.006643419242	0.9786331398	Q6ZXV5	TMTC3
0.05471563979	0.6949255915	Q86YT6	MIB1
-0.1269673724	0.4851868455	P17252	PRKCA
-0.05716772248	0.6472849444	Q96AG3	SLC25A46
0.2950955117	0.1647942203	P27658	COL8A1
0.1446798221	0.4813778946	Q9NQS3	NECTIN3
-0.02624642774	0.8747849372	P46939	UTRN
-0.0283238823	0.9220723756	Q99538	LGMN
-0.1586762261	0.414364926	Q96GM1	PLPPR2
0.03127890647	0.8986534894	Q9Y5J1	UTP18
0.0884637164	0.5542125422	Q9NWH9	SLTM
0.05936771394	0.6969500746	P50548	ERF
0.1654471292	0.3169011353	Q8N5M9	JAGN1
0.150606782	0.5203727944	Q13886	KLF9
0.04621418725	0.8118620472	P62487	POLR2G
0.09069594012	0.3696480861	P04049	RAF1
-0.03085983883	0.8650036278	Q9NYF5	FAM13B
0.01588991947	0.9003521172	Q96JC1	VPS39
0.09371664102	0.5556124532	Q9NS37	CREBZF
0.09112547558	0.3489119447	O00429	DNM1L
0.06335076564	0.7066098864	Q9NP64	ZCCHC17
0.2618295714	0.0342501414	Q9NY27	PPP4R2
0.03941596577	0.7800422159	Q92604	LPGAT1
-0.01616798307	0.9356924894	Q9UII2	ATP5IF1
-0.135297821	0.3314362614	Q9BRX8	PRXL2A
-0.00257305875	0.9930350112	Q9Y3L5	RAP2C
0.06352830332	0.7429989571	Q12904	AIMP1
0.07176299874	0.5769417667	P47985	UQCRFS1
0.0490429173	0.7055003614	Q96K76	USP47
-0.03896657589	0.8576822089	Q9Y2Q3	GSTK1
0.1643461774	0.5141248198	P27701	CD82
0.08147342853	0.4930092294	Q9H1J1	UPF3A
0.1856959389	0.2923590053	Q15397	PUM3
0.02938866379	0.8301341557	Q16626	MEA1
0.07232149922	0.5336758117	Q9H7N4	SCAF1
-0.2583297777	0.1733304834	Q9Y2D8	SSX2IP
-0.08792281441	0.686203932	Q9BWQ6	YIPF2
-0.02448753397	0.9108142334	P31483	TIA1
0.06681241223	0.6245183561	Q8TCT8	SPPL2A
0.05746002083	0.7763432088	P07741	APRT
0.01304266326	0.9260376264	Q12982	BNIP2
0.148431899	0.3323632214	P63172	DYNLT1
-0.02834961579	0.8711118998	Q15011	HERPUD1
-0.1382492637	0.3841426383	P56817	BACE1
0.02776064652	0.8397512368	Q86VP6	CAND1
0.09839975094	0.6108015747	P15151	PVR
0.02306087267	0.8296324191	P63208	SKP1
0.1138380962	0.3298642732	Q9P2D0	IBTK
-0.1740089097	0.3457403213	Q8NBR6	MINDY2
-0.01931831018	0.9204998901	O75607	NPM3
-0.02308755208	0.8986534894	Q9UPQ8	DOLK
0.008676505071	0.9696346184	P13798	APEH
0.01681909175	0.9247107751	Q8N4C8	MINK1
-0.004130477	0.9919505435	P42263	GRIA3
0.4175209664	0.004797767167	Q9NP80	PNPLA8
-0.05890390938	0.7891885526	Q8WUN7	UBTD2
-0.0003926793743	0.9985326892	Q9H999	PANK3
-0.08720356156	0.6443063798	Q15170	TCEAL1
0.6604348144	0.005065392969	O15403	SLC16A6
-0.01707939943	0.9039026937	O95190	OAZ2
0.03813651854	0.8362537674	Q8TF40	FNIP1
-0.04308126054	0.7335956262	Q01085	TIAL1
-0.06320605705	0.7556127062	Q6NUM9	RETSAT
0.01397779064	0.9383535307	Q8N720	ZNF655
-0.05021615109	0.7829748994	Q0VGL1	LAMTOR4
0.03723248343	0.8082814898	O14562	UBFD1
0.08668353172	0.6445962472	Q9Y6N5	SQOR
-0.06312397258	0.6185705354	Q96PE2	ARHGEF17
0.1223016253	0.5787233398	Q3KQV9	UAP1L1
0.1208376136	0.5602898864	O14561	NDUFAB1
-0.01819539395	0.9141340515	O60684	KPNA6
0.02071596327	0.9260345616	Q9HCE0	EPG5
0.1922539281	0.2640770909	Q9NWB7	IFT57
-0.007693907255	0.9756242478	Q8WVX9	FAR1
0.005376518484	0.9733558695	Q6AI12	ANKRD40
0.07624755322	0.541001015	O43660	PLRG1
0.3576521815	0.2015832854	Q96IP4	TENT5A
-0.06458384127	0.7429727048	P48735	IDH2
-0.07358650234	0.6248902823	Q8N357	SLC35F6
0.04524999471	0.8053856954	P82932	MRPS6
-0.05759492475	0.6379110223	P55786	NPEPPS
-0.07704728225	0.4580829095	Q9NRY4	ARHGAP35
0.1198575872	0.6184455978	Q9Y4Z0	LSM4
-0.01885525563	0.9222550947	Q9NRF9	POLE3
-0.04820074341	0.7454019413	O94763	URI1
-0.4251948464	0.4886038214	Q15818	NPTX1
-0.05781880381	0.737234255	Q8WVC0	LEO1
0.5418288539	0.01965141776	P30825	SLC7A1
0.08834932633	0.4645099593	Q9Y6Q9	NCOA3
0.1039541749	0.3744460289	Q9H553	ALG2
-0.05113210525	0.7047508825	Q8ND76	CCNY
-0.06789644024	0.5823233199	Q9ULV3	CIZ1
-0.07489334535	0.4710219067	P35237	SERPINB6
-0.2503144053	0.06276951292	Q13425	SNTB2
0.0850171539	0.4888223784	Q7Z5K2	WAPL
0.09100956192	0.7229319444	O94782	USP1
0.02627954028	0.8439909332	Q9UIA9	XPO7
0.02025347397	0.9328579352	Q9BQP7	MGME1
0.02863416222	0.851722872	O95487	SEC24B
0.0005921331324	0.9980304586	Q15366	PCBP2
0.02504405056	0.8832605376	P13498	CYBA
0.03427390262	0.8600621314	Q9UHD2	TBK1
0.01364950267	0.9597488548	Q9UHQ9	CYB5R1
-0.2399083322	0.4813778946	Q8WWK9	CKAP2
-0.02928803015	0.8181898409	Q15714	TSC22D1
0.1491134995	0.2678898039	Q13506	NAB1
0.1395515404	0.3083965335	Q14694	USP10
0.08638709075	0.5457251813	P49790	NUP153
0.06537948888	0.7848169145	Q9Y3A6	TMED5
0.07292090828	0.4791593463	Q9H000	MKRN2
0.1480048267	0.4306972486	P23258	TUBG1
0.01331706343	0.946152605	O60499	STX10
0.08021348027	0.5381313571	P49005	POLD2
-0.008723387143	0.968980131	Q96F05	C11orf24
0.228573989	0.4847280022	Q12988	HSPB3
0.2910312199	0.03147167097	Q92974	ARHGEF2
0.1317633803	0.3819236123	P33991	MCM4
-0.0246851906	0.9015921521	O15234	CASC3
-0.2530677487	0.3207748376	Q15021	NCAPD2
0.2082358607	0.1866249515	Q9Y6M5	SLC30A1
0.1077423422	0.4940866511	Q8NDC0	MAPK1IP1L
-0.05231716945	0.7393162889	Q9H330	TMEM245
0.03890839006	0.8229470066	P18850	ATF6
-0.1997184267	0.1891449271	Q8TC71	SPATA18
0.02557715078	0.8866568039	O95365	ZBTB7A
-0.1477767069	0.6115513772	Q8WU76	SCFD2
-0.2527679863	0.686203932	Q96KB5	PBK
-0.04786861248	0.7369958807	Q9P013	CWC15
-0.02504504115	0.8656649009	Q9P2X3	IMPACT
-0.1138108428	0.4518077915	Q9NX70	MED29
0.05370262952	0.8025488861	P15408	FOSL2
0.0610375766	0.6435661927	Q8TEY7	USP33
-0.3420160179	0.1242877154	Q8WUJ1	CYB5D2
-0.1021006536	0.5218196028	P13861	PRKAR2A
-0.01249635323	0.9324194938	Q2TAL8	QRICH1
0.2472229165	0.08876503801	P84095	RHOG
0.1575530219	0.4255286903	P55145	MANF
-0.3057540676	0.1057254745	Q9H2M3	BHMT2
0.0845783632	0.5196736502	Q9UJP4	KLHL21
0.03386411553	0.7618317415	P54105	CLNS1A
0.2825716072	0.09524674025	P11831	SRF
-0.1733245143	0.436735712	P00750	PLAT
0.09986813071	0.5603069538	P22415	USF1
0.1494779091	0.1986398303	Q9Y2X9	ZNF281
-0.08293987968	0.6323234597	Q12929	EPS8
-0.06863624701	0.8443337712	Q9NX08	COMMD8
-0.1378290017	0.4370797894	P55345	PRMT2
0.08272549769	0.6741282171	P82094	TMF1
-0.02916426341	0.8986266508	P40692	MLH1
-0.07679368467	0.6634237758	Q7LGC8	CHST3
0.5741651962	0.05206266328	P28562	DUSP1
-0.1744656499	0.1401599805	Q9H2G4	TSPYL2
0.1173892201	0.4395407709	Q567U6	CCDC93
2.231709086	0.003642306991	P20591	MX1
0.08092653608	0.6722704516	Q569H4	PRR16
0.1407226212	0.4060821936	O75494	SRSF10
-0.08215079752	0.4933771813	Q969X5	ERGIC1
-0.04079291776	0.7981584046	P14927	UQCRB
0.01363067097	0.9352984257	P13804	ETFA
0.0668159102	0.6804832775	Q96F85	CNRIP1
-0.03405086213	0.8114013533	Q9GZZ9	UBA5
0.1517250888	0.3549073595	Q8IZQ5	SELENOH
0.01987262787	0.9350686267	Q9UNX3	RPL26L1
-0.09104601869	0.5009108462	Q8WVM7	STAG1
-0.03136309315	0.8118620472	Q16401	PSMD5
0.1144654012	0.4998991835	Q9Y2Q5	LAMTOR2
0.148738357	0.5854076394	Q13541	EIF4EBP1
-0.06031011797	0.6627749982	Q9C0K7	STRADB
-0.05650295904	0.6931216144	P49427	CDC34
-0.002510719061	0.992857651	Q9H4G4	GLIPR2
-0.007127724149	0.9767939823	Q9UIL1	SCOC
0.2602822084	0.1392976292	Q9UKJ5	CHIC2
-0.1029657438	0.3386415966	Q13085	ACACA
-0.09351536608	0.5566599934	P09525	ANXA4
-0.05272501831	0.7480114113	Q9H173	SIL1
-0.04878218632	0.6960761254	Q9NVW2	RLIM
-0.1427099177	0.7900831963	O75095	MEGF6
-0.0269889782	0.9039958929	Q969T7	NT5C3B
0.03214657364	0.8108225938	P51114	FXR1
-0.06362568796	0.549774896	Q9H2P0	ADNP
-0.007259524334	0.9893343057	O95295	SNAPIN
-0.0078039335	0.9768015257	Q9NVT9	ARMC1
0.6577163789	0.06720198282	P19474	TRIM21
0.004433593012	0.9817050546	Q5J8M3	EMC4
-0.002992684127	0.9920817601	Q969V5	MUL1
-0.132027942	0.2683350436	P42785	PRCP
-0.007947751994	0.9723770665	Q96CQ1	SLC25A36
-0.02598757101	0.8762661258	O00267	SUPT5H
0.2506907496	0.1733304834	O00232	PSMD12
-0.05655360672	0.7874320257	O15120	AGPAT2
-0.02652533733	0.8441130764	Q8IZD2	KMT2E
0.05932673432	0.5839662372	Q8TAT6	NPLOC4
0.03719613173	0.8021249132	Q8IXB1	DNAJC10
0.08202709482	0.6965792266	P50750	CDK9
-0.07165377232	0.5572085702	Q9HAF1	MEAF6
0.1882057371	0.1471349777	Q8N1G2	CMTR1
-0.03096136474	0.84262106	Q96M27	PRRC1
-0.05757046456	0.646538895	Q9NWM8	FKBP14
0.09870183302	0.4318558071	Q9H4B6	SAV1
0.68307467	0.008445114864	Q00653	NFKB2
0.1068272854	0.364325056	Q9NW68	BSDC1
0.01269995589	0.9217757754	P21266	GSTM3
0.03280719087	0.8252508899	Q5JRA6	MIA3
0.0496496409	0.7245783696	Q29RF7	PDS5A
-0.1669589487	0.3738537303	P13631	RARG
0.0127477633	0.9238582441	Q9NZN5	ARHGEF12
-0.08826867357	0.8222116724	O95865	DDAH2
0.4673323228	0.008480467955	Q5VYS8	TUT7
-0.04321159086	0.7838758429	Q96G79	SLC35A4
0.1063627879	0.4332929737	O95394	PGM3
-0.005099373168	0.9717448196	Q15154	PCM1
0.1309593715	0.2865871698	Q12899	TRIM26
-0.01547753226	0.9434064069	Q15599	SLC9A3R2
0.1021367353	0.5448867856	Q13724	MOGS
0.1151814846	0.3424072164	Q92599	SEPT8
0.01021054163	0.9625805299	P09669	COX6C
0.1324732904	0.1754361166	Q9BZJ4	SLC25A39
-0.1244161509	0.3303401756	P30533	LRPAP1
-0.08436388275	0.6029843559	Q96BX8	MOB3A
0.1167914071	0.4071301666	Q6PML9	SLC30A9
0.04247782704	0.8100310249	P29466	CASP1
0.01665997291	0.9248925542	Q8TAD4	SLC30A5
0.1009754056	0.6388207696	Q5FYB0	ARSJ
-0.1329432102	0.5747822515	Q6P499	NIPAL3
0.0165523871	0.9363556201	Q9UNW1	MINPP1
0.06620679365	0.6756364519	P24311	COX7B
0.04780545043	0.8082814898	Q13427	PPIG
-0.1408927664	0.3346825167	O75110	ATP9A
-0.05557729248	0.7055980324	P15289	ARSA
-0.07638635141	0.6213753394	Q8IYB3	SRRM1
0.04068013424	0.7367823426	Q9C0A6	SETD5
0.05354020546	0.6969500746	Q9UP95	SLC12A4
0.05862275403	0.6323234597	Q9P0L0	VAPA
0.145787575	0.4225575305	Q99470	SDF2
-0.6486887192	0.4236742155	Q05707	COL14A1
0.002849525916	0.9871602612	Q9P2T1	GMPR2
-0.1507689683	0.5925660319	Q86WV6	TMEM173
0.3872200936	0.02249828271	P43304	GPD2
-0.04751841387	0.7266096301	Q7Z4V5	HDGFL2
0.6085257296	0.003346758895	Q9Y2D1	ATF5
-0.1243019625	0.3353407455	O75954	TSPAN9
-0.04573959161	0.7696861042	Q14257	RCN2
0.06185309006	0.5968752274	O14981	BTAF1
-0.0781066937	0.663881753	Q9NV70	EXOC1
-0.09157366018	0.5232841639	Q92900	UPF1
0.01340387117	0.937723639	Q9Y2W2	WBP11
-0.03602276363	0.8138372461	Q06136	KDSR
-0.03749144119	0.8467290051	O15270	SPTLC2
0.05071640259	0.7103482803	Q96QR8	PURB
0.0362391515	0.8727134136	P83111	LACTB
0.214649463	0.1595359862	Q8IVH8	MAP4K3
0.01390754487	0.9229101068	Q5PRF9	SAMD4B
-0.004388592818	0.9843643119	P28702	RXRB
0.05485041127	0.6604568666	Q9NPR9	GPR108
0.1078402478	0.4138945318	Q7L2H7	EIF3M
-0.2193370617	0.1638807413	A1L4H1	SSC5D
0.1490408988	0.3872711688	Q13564	NAE1
0.08132632788	0.6184455978	O14579	COPE
-0.06108072568	0.7505778007	O95425	SVIL
0.05529453706	0.6206907372	Q8WYL5	SSH1
-0.1547087049	0.6737087224	P30043	BLVRB
0.04964737186	0.7636081691	P48201	ATP5MC3
-0.0423184697	0.7117264812	Q86YF9	DZIP1
0.4401055737	0.09980018572	P49903	SEPHS1
0.07246463132	0.7335956262	Q9Y324	FCF1
0.009351025384	0.9651398363	Q9P0V3	SH3BP4
0.5722153709	0.08350696945	Q16678	CYP1B1
-0.08811969165	0.8285421644	P40121	CAPG
0.1108890103	0.4525953943	Q9NTK5	OLA1
0.05095085423	0.7060927593	Q9BWS9	CHID1
0.1745078822	0.1467303743	Q04206	RELA
0.05919545011	0.6375208017	Q07157	TJP1
-0.07683113416	0.6754112156	Q14192	FHL2
-0.03265680807	0.827889844	Q16539	MAPK14
0.04614760044	0.7838758429	Q9Y4K4	MAP4K5
0.09415698011	0.5787233398	Q9UKF6	CPSF3
0.04645596663	0.685890438	Q6FIF0	ZFAND6
-0.09781583307	0.4508110904	Q9NPJ6	MED4
0.01007700064	0.9387052976	Q5VZL5	ZMYM4
0.2579754248	0.09424936305	P56192	MARS
-0.1039320626	0.3779681509	Q99590	SCAF11
0.3183472671	0.2592219468	Q7L0Y3	TRMT10C
-0.04519149269	0.7890554698	O15084	ANKRD28
-0.1772977883	0.3739140855	Q09013	DMPK
0.1260674993	0.3807809551	P42285	MTREX
-0.1012715773	0.4840281788	O94885	SASH1
-0.1227511863	0.3185456222	Q99798	ACO2
0.1038891692	0.5166669864	Q6P3W7	SCYL2
0.07202377173	0.7264960621	P02462	COL4A1
0.07339521306	0.5874211523	O75431	MTX2
0.01448701072	0.9334729082	Q8N3X1	FNBP4
0.5044761957	0.02278528738	Q03518	TAP1
-0.02387376734	0.9257526929	O14530	TXNDC9
0.04828478679	0.6348673436	Q10567	AP1B1
-0.1054269713	0.3531551604	Q9Y2I1	NISCH
0.04383850679	0.7507090413	P61457	PCBD1
0.02904080698	0.8148193619	Q9UBF6	RNF7
-0.01505920582	0.9378789764	Q9NRM7	LATS2
-0.01666485083	0.9039958929	Q9NR48	ASH1L
0.1076567225	0.458095437	Q8IW45	NAXD
-0.06304649468	0.7923401921	Q8TB22	SPATA20
0.06564627177	0.686203932	P06280	GLA
0.1263003819	0.473156423	Q03701	CEBPZ
0.2300716632	0.06601025286	O76003	GLRX3
-0.1015305184	0.5468821159	Q14696	MESD
0.08467027016	0.5254649009	O75391	SPAG7
0.06767417789	0.6388207696	Q96QD9	FYTTD1
0.1716211941	0.2958390983	Q8IY18	SMC5
0.1032428923	0.5013189779	Q9BRG1	VPS25
0.14894746	0.3298642732	Q9H9J2	MRPL44
0.04252351774	0.827889844	Q92522	H1FX
0.073439732	0.6398248389	Q09161	NCBP1
0.1132997644	0.3421468799	O00231	PSMD11
-0.1787196066	0.1847160133	Q6IN85	PPP4R3A
-0.0648091153	0.7471933896	O60909	B4GALT2
0.08452525164	0.5921275668	P98170	XIAP
0.003815040414	0.9809260446	Q12766	HMGXB3
-0.004188653414	0.9863921034	Q2PZI1	DPY19L1
-0.04877005929	0.6921691731	Q13423	NNT
0.1566765379	0.1946978695	O14807	MRAS
-0.02939802449	0.8561759996	Q9C0D3	ZYG11B
0.0201835331	0.925093184	Q9NXH8	TOR4A
-0.02508672858	0.8623638279	Q8TCT9	HM13
0.07115508923	0.542916391	Q13137	CALCOCO2
0.02183698274	0.9371713246	Q15126	PMVK
0.06185393774	0.663881753	Q9UBB5	MBD2
-0.04032905876	0.8411919122	Q9Y397	ZDHHC9
0.1559877887	0.2592219468	O60381	HBP1
0.02489506408	0.86701407	Q9Y225	RNF24
-0.1218954026	0.2190290123	Q9UGV2	NDRG3
0.1162664681	0.3823776686	P17028	ZNF24
0.03689657191	0.9378789764	O95997	PTTG1
-0.1575689332	0.1660816417	P13716	ALAD
0.09671116213	0.6300742346	Q6NUK1	SLC25A24
-0.1018818423	0.5225361933	Q14582	MXD4
0.01341051922	0.9564931766	P32780	GTF2H1
-0.06596160911	0.6965792266	P49821	NDUFV1
-0.04727628431	0.7311206837	Q9NVA4	TMEM184C
-0.310718875	0.2592219468	P45877	PPIC
0.09442196871	0.584501253	O14524	NEMP1
0.009113822936	0.9762023743	Q9Y3C6	PPIL1
0.06144796199	0.6854553537	Q5H9R7	PPP6R3
-0.05867628315	0.7136174558	Q96DB5	RMDN1
-0.02067588255	0.9123732698	Q9GZU8	FAM192A
0.1545734766	0.2536398541	Q86WP2	GPBP1
0.1486113068	0.2226485319	Q9BSI4	TINF2
0.004020685848	0.9856753095	O43313	ATMIN
-0.1130992905	0.5590789361	Q9UK45	LSM7
0.0923499631	0.4263539729	Q9P0I2	EMC3
0.4109936244	0.01791753383	O43597	SPRY2
0.06058779661	0.5531741504	Q9NR09	BIRC6
-0.1662078889	0.3884253577	Q17RB0	RTL8B
0.2244595947	0.2728954864	Q9P266	JCAD
-0.3057652564	0.3318846681	Q92484	SMPDL3A
-0.1357178535	0.4700042667	Q9H2K0	MTIF3
0.05102361852	0.6971206641	Q96MU7	YTHDC1
-0.01553142524	0.9479895712	O43318	MAP3K7
-0.05361783945	0.6323234597	Q12789	GTF3C1
-0.004704065615	0.9794721063	P51798	CLCN7
0.05425004928	0.7231467921	Q8IWB9	TEX2
-0.0896193203	0.6910063022	Q3ZAQ7	VMA21
-0.0813480964	0.4865895662	Q96JQ0	DCHS1
-0.004268664689	0.9803900912	Q9BQ70	TCF25
-0.01837735837	0.9382496207	Q8WUB8	PHF10
0.04260385526	0.7669806636	Q96B36	AKT1S1
0.05226281009	0.7891885526	P53582	METAP1
0.13651698	0.3314362614	Q9NV12	TMEM140
0.06732450689	0.6558227332	Q14CW9	ATXN7L3
-0.2894276097	0.3612205683	Q8IWU5	SULF2
3.720740501	6.801704967e-05	Q9Y258	CCL26
0.150809064	0.2250676618	P61224	RAP1B
0.03808615867	0.8848455096	Q8WVN6	SECTM1
0.1712435607	0.460148757	Q6ZMY3	SPOCD1
-0.002608538806	0.992857651	Q13885	TUBB2A
-0.1732338261	0.1913205335	P31271	HOXA13
-0.07116444253	0.6909001237	Q8N3S3	PHTF2
-0.08320704933	0.5036010044	P41743	PRKCI
-0.159815518	0.3913622495	Q9UKM7	MAN1B1
0.2011159131	0.5436865354	P26651	ZFP36
0.05378359787	0.656577075	Q8N6R0	METTL13
-0.1089462858	0.603357468	P40123	CAP2
0.3984541731	0.02487167628	P28062	PSMB8
0.04792098159	0.8381909843	O60931	CTNS
0.2046915784	0.1498107579	P16333	NCK1
0.1030317424	0.4327344337	P11169	SLC2A3
0.1673783574	0.1658067545	O95456	PSMG1
0.08814085981	0.8148193619	Q9H2X8	IFI27L2
0.07504459099	0.6387040884	Q16254	E2F4
0.2523943667	0.1629754111	Q9BTE3	MCMBP
-0.06045282034	0.7060927593	P11177	PDHB
-0.05704989995	0.6718646311	P34925	RYK
0.1234099586	0.3414037589	O00541	PES1
-0.1395392273	0.4927493617	Q8NBK3	SUMF1
0.06040678676	0.6112434928	Q8IWA4	MFN1
0.04187171393	0.9238162419	Q9H8V3	ECT2
-0.1239555806	0.7230862246	Q9H7C4	SYNC
0.02178382417	0.9163443854	Q8N6T3	ARFGAP1
0.09396514259	0.4818432537	Q08J23	NSUN2
0.05065781178	0.6769408489	Q9NUM3	SLC39A9
-0.1453871891	0.7716970478	P04183	TK1
0.02755185199	0.8961240528	Q9Y608	LRRFIP2
0.1009330568	0.4927493617	P42566	EPS15
0.06881959156	0.5576920024	Q9NUQ6	SPATS2L
-0.1712562593	0.4306575344	Q9H857	NT5DC2
0.05349558483	0.8228995794	Q86SJ2	AMIGO2
0.08945477933	0.6348673436	P26640	VARS
0.1203243792	0.487928449	Q9NVZ3	NECAP2
0.01412796365	0.9260376264	Q9Y6A9	SPCS1
-0.1198872849	0.5056247681	P33316	DUT
0.03473113909	0.7847922035	P04150	NR3C1
0.05665460782	0.7693579965	Q8WVK7	SKA2
0.1069612901	0.3498360583	Q92879	CELF1
-0.0440843055	0.8097469558	O60828	PQBP1
-0.1032435759	0.4483298935	P17480	UBTF
-0.1992670701	0.08116236927	O14503	BHLHE40
-0.01889460889	0.9154016252	Q8TAQ2	SMARCC2
0.1600692264	0.3563305218	O14495	PLPP3
-0.1359454127	0.314511072	Q6UXD5	SEZ6L2
0.0804804501	0.670518852	Q9UHQ4	BCAP29
-0.5824266005	0.02664518233	Q8WY64	MYLIP
0.04401819391	0.7438104874	O60341	KDM1A
0.3056767751	0.1639542339	Q9H4M9	EHD1
-0.09289196773	0.6189859576	Q9UBS8	RNF14
0.3684583512	0.3973983423	Q02535	ID3
-0.07799160523	0.5594261814	Q9UK61	FAM208A
0.06110554606	0.744118034	Q9BUL8	PDCD10
-0.02005233841	0.9051393496	P52655	GTF2A1
0.05260090396	0.686203932	Q9UPN7	PPP6R1
0.04452564694	0.8538615483	Q8NCJ5	SPRYD3
0.0118778089	0.9221348468	P27540	ARNT
0.5216483723	0.008480467955	Q92982	NINJ1
0.38091938	0.02444090568	Q99683	MAP3K5
-0.07564128383	0.6619847744	Q9NZ81	PRR13
-0.07467365014	0.6350954015	Q99943	AGPAT1
0.06898232616	0.7063010208	Q09028	RBBP4
0.1546528397	0.1726277679	O00423	EML1
0.1800004325	0.3110186353	Q9NWT1	PAK1IP1
-0.0009544764698	0.9975899627	Q9P2X0	DPM3
-0.06871586878	0.5434504472	Q8N684	CPSF7
-0.009656689029	0.9564931766	Q9Y3Q8	TSC22D4
-0.1312981582	0.3598968989	O94903	PLPBP
0.09005240851	0.4418756404	P04920	SLC4A2
-0.1933148245	0.2302523282	P17041	ZNF32
-0.02289662076	0.8880888195	O94901	SUN1
0.02257223694	0.8826547346	O43747	AP1G1
0.1195384027	0.4469866403	Q9NTZ6	RBM12
0.08986778819	0.4551594401	P53990	IST1
-0.02099124733	0.9068257834	Q9UI12	ATP6V1H
0.1430148613	0.4699202229	O75554	WBP4
-0.06431835888	0.6969500746	O95816	BAG2
-0.09119038759	0.6641779306	Q5HYK7	SH3D19
-0.05250303662	0.7239452213	Q7Z7L7	ZER1
-0.1559763374	0.2654385051	Q8NDI1	EHBP1
-0.03128990029	0.7896325535	Q5JTV8	TOR1AIP1
0.2841351862	0.07550685779	Q14140	SERTAD2
0.2638005156	0.06417188451	Q15437	SEC23B
-0.03988155917	0.7341004799	Q15345	LRRC41
0.1483748587	0.4818432537	Q9UNQ2	DIMT1
-0.03448906218	0.8724130979	Q15853	USF2
0.2970866951	0.2368729195	Q32MZ4	LRRFIP1
0.1720105465	0.2294466129	Q8TAE8	GADD45GIP1
0.01591835151	0.9535063143	Q53G59	KLHL12
0.08970942156	0.4746903198	P36915	GNL1
-0.1121897455	0.6834792632	P16403	HIST1H1C
0.3697047443	0.02904597724	Q16828	DUSP6
0.03463787939	0.8082814898	Q9Y2G3	ATP11B
1.851389846	0.01996577313	P09913	IFIT2
0.1566437267	0.4049102651	O94929	ABLIM3
0.3251899402	0.06099645828	Q86W92	PPFIBP1
0.1878824673	0.2137051319	Q92600	CNOT9
0.4494829586	0.0230564048	Q99836	MYD88
0.01266431794	0.9315662051	Q92539	LPIN2
0.1258150684	0.2666512941	Q9BTA9	WAC
0.01246066732	0.9296550971	Q9Y2K7	KDM2A
-0.09664753951	0.5072282	Q9Y4C2	TCAF1
0.002756443378	0.992857651	Q9NWY4	HPF1
0.1789587645	0.1825164142	Q9BYI3	FAM126A
-0.179072361	0.2736687989	O60504	SORBS3
0.08551996578	0.6194875714	Q16875	PFKFB3
-0.02748753177	0.9385165486	O95897	OLFM2
0.0167996553	0.9407611454	Q969W1	ZDHHC16
0.2241561629	0.436735712	O43474	KLF4
-0.02835119819	0.8042031486	O43306	ADCY6
-0.1282049448	0.2971167569	Q8N660	NBPF15
0.03272452832	0.8707550753	O75420	GIGYF1
0.03119948531	0.919692097	Q8IYU8	MICU2
0.05737203563	0.6882250608	Q9H981	ACTR8
0.04784230986	0.7037471452	P15336	ATF2
0.3315972326	0.08350696945	O60934	NBN
-0.01258257847	0.9292336547	Q5MIZ7	PPP4R3B
-0.114135612	0.3606966622	Q93052	LPP
0.02399719528	0.8968326595	Q9NQX5	NPDC1
-0.03586428064	0.837021326	Q92925	SMARCD2
0.03870937722	0.7388888911	Q96DX7	TRIM44
-0.05352650534	0.6502781376	O75439	PMPCB
0.08009370517	0.6165827165	Q9BX73	TM2D2
0.1923403202	0.1946978695	O15525	MAFG
0.04767233201	0.8784749618	Q9Y5J9	TIMM8B
-0.1023842835	0.390987265	P43155	CRAT
0.2123217711	0.1363410674	Q08357	SLC20A2
0.07589310445	0.512751588	Q9NRZ7	AGPAT3
-0.03999213858	0.8053856954	P14735	IDE
-0.226737332	0.509848739	Q9NWW0	HCFC1R1
0.2487610901	0.2434653989	Q11201	ST3GAL1
0.02677255249	0.8678049934	O43290	SART1
-0.04496319774	0.7413760037	Q9Y618	NCOR2
0.2867387629	0.2980430723	Q7Z2W4	ZC3HAV1
0.01000742984	0.9562754625	Q7LBC6	KDM3B
-0.3280018606	0.02415542131	Q96DG6	CMBL
0.2829794107	0.02487167628	Q9NQE9	HINT3
0.7570405533	0.01018002859	P50479	PDLIM4
0.2228329335	0.1847160133	P10515	DLAT
-0.1247673425	0.5336758117	O94766	B3GAT3
0.04935835707	0.6348673436	Q9UPN6	SCAF8
0.03050343971	0.8148504779	Q70CQ2	USP34
-0.01453881155	0.9290821743	Q15424	SAFB
0.05762279926	0.7262916088	Q02447	SP3
0.05924138682	0.7004301206	Q7L7V1	DHX32
-0.06376105334	0.6873561766	H0YL14	TMEM250
-0.1010348354	0.4813778946	Q92466	DDB2
0.123867149	0.5160413548	Q86YI8	PHF13
0.05134793231	0.7138140657	Q12846	STX4
0.07860702829	0.57437377	Q86UL3	GPAT4
0.1158412067	0.3318846681	O75506	HSBP1
0.1167390438	0.3216428226	Q14997	PSME4
0.1260809713	0.3570832036	Q9UNE7	STUB1
0.1546232459	0.3139689147	P41223	BUD31
0.1310573665	0.5021815393	Q14331	FRG1
0.1415923524	0.2529520741	Q6ICC9	RTL6
0.1930099681	0.3676198726	Q5TC84	OGFRL1
-0.02531380323	0.9198645756	Q96KC8	DNAJC1
0.1460092979	0.4254242565	Q9BUI4	POLR3C
-0.08241633558	0.5223493548	P42356	PI4KA
0.06680280248	0.7552967249	O00442	RTCA
0.06222010095	0.7707423816	P59998	ARPC4
-0.1640136588	0.1868864385	O94905	ERLIN2
0.07503190015	0.6348673436	Q99848	EBNA1BP2
0.1438900157	0.3126009499	Q9BYG3	NIFK
-0.001785184399	0.9927755751	O95163	ELP1
0.4634373902	0.009950026455	P23497	SP100
-0.0209835835	0.9077619429	Q96CX6	LRRC58
0.1612069585	0.184983331	P61088	UBE2N
-0.1208601339	0.4332929737	Q9Y366	IFT52
-0.05029620242	0.7658777848	Q13905	RAPGEF1
0.01740197081	0.9002482223	Q9Y6Y8	SEC23IP
0.04694858488	0.9081873789	Q68D86	CCDC102B
-0.006149769091	0.9775972519	Q99426	TBCB
0.09779654423	0.4161939139	Q9HAC8	UBTD1
0.1969312588	0.1647942203	Q9Y673	ALG5
0.2530199348	0.3541262141	Q96BD6	SPSB1
0.1890327878	0.2245519378	P43487	RANBP1
0.1308771062	0.4861342406	Q12965	MYO1E
-0.2056865275	0.1510495751	O75629	CREG1
-0.0541726328	0.663881753	O60687	SRPX2
0.09197612897	0.6502781376	O00139	KIF2A
-0.1610165167	0.2407967721	Q6UX72	B3GNT9
-0.3058172383	0.07335271262	Q8IZJ1	UNC5B
0.01127239936	0.9598303515	O94868	FCHSD2
0.1894002265	0.1706743236	Q5SRE5	NUP188
0.0005413188738	0.9975899627	Q9NYZ1	TVP23B
0.2072772268	0.09216851226	O94806	PRKD3
0.05754209899	0.7381975952	Q9Y6E2	BZW2
0.01373772373	0.9184654291	Q15311	RALBP1
0.06310607616	0.7829748994	Q8N806	UBR7
0.03236740085	0.8275173035	Q14814	MEF2D
-0.1252559324	0.4763796572	Q9H4I2	ZHX3
0.1807702027	0.1692821159	Q9UHX1	PUF60
0.08961109423	0.7234842064	Q9HAV0	GNB4
0.03164097741	0.8634689872	Q71RC2	LARP4
-0.1180526029	0.3757200174	Q4J6C6	PREPL
-0.2420159887	0.3059521341	P31270	HOXA11
-0.03895965549	0.9090152271	Q14392	LRRC32
-0.239178002	0.4570260488	O14558	HSPB6
-0.0721395587	0.6234643477	P51784	USP11
0.1085053913	0.4987716734	P30626	SRI
0.1589260351	0.2562880205	Q14241	ELOA
0.2181959702	0.1647942203	Q00534	CDK6
-0.03804875979	0.7749269278	Q9P0W2	HMG20B
-0.08522870212	0.6346258215	Q86W34	AMZ2
0.2660424425	0.2595109234	Q9H2G9	BLZF1
0.05412723814	0.8289710689	Q00537	CDK17
0.04695781458	0.7341004799	Q92576	PHF3
0.02329811655	0.8848815011	Q8NBM4	UBAC2
-0.0271473316	0.8531352384	P40855	PEX19
0.1280348131	0.3998268992	P26358	DNMT1
0.03818130959	0.827571378	Q9HB71	CACYBP
-0.1675130818	0.6823221932	Q96FE7	PIK3IP1
-0.04116963682	0.7245783696	Q9H4A5	GOLPH3L
0.05337311678	0.7542221275	O00471	EXOC5
1.030794608	0.01899051176	Q5K651	SAMD9
0.1285074152	0.4585157162	O43678	NDUFA2
0.07853064178	0.5752571551	Q9P2B7	CFAP97
-0.2598530484	0.6278337839	Q9H0H5	RACGAP1
0.1419162314	0.1607312037	P53701	HCCS
-0.07174746996	0.7315807474	Q8NCW5	NAXE
-0.0105755302	0.9580910238	Q9UNN8	PROCR
0.01923398153	0.9218264438	Q7Z6K3	PTAR1
-0.05067555516	0.7848169145	P16152	CBR1
0.02684468445	0.8986534894	Q9Y5X2	SNX8
-0.1851747508	0.1843347256	Q04828	AKR1C1
-0.3278111973	0.1636196509	Q9Y6F6	MRVI1
0.04699377719	0.670518852	Q7L014	DDX46
-0.02685401935	0.8619229861	P53992	SEC24C
0.03004174167	0.8506483231	Q8IXX5	TMEM183A
0.1236404381	0.3605388552	Q8NI27	THOC2
0.07056589679	0.527945266	O43148	RNMT
0.04654894081	0.8114013533	Q92963	RIT1
-0.1564967679	0.3246150433	Q9Y253	POLH
0.008199710788	0.9700430614	Q8WYP3	RIN2
0.01472877728	0.9285737172	Q04727	TLE4
-0.1515150412	0.4289624761	Q9UM54	MYO6
0.04108992934	0.749487566	Q9UFF9	CNOT8
0.2174650776	0.1475244685	P56559	ARL4C
0.001083242661	0.9968897747	Q9BRZ2	TRIM56
-0.02551406568	0.8832605376	Q8N0U8	VKORC1L1
-0.03713153669	0.7356994719	Q92530	PSMF1
0.06436639092	0.5726470545	Q9BYC9	MRPL20
-0.1558228758	0.278192814	Q92609	TBC1D5
-0.07284462097	0.7259835906	Q96S82	UBL7
0.06641301945	0.6604568666	Q9NW64	RBM22
-0.02835753174	0.8299059525	Q13017	ARHGAP5
-0.006567218203	0.9859755989	Q9UIJ5	ZDHHC2
0.05025120359	0.784935626	Q99437	ATP6V0B
0.1749358227	0.268090485	Q96SB4	SRPK1
-0.1271490092	0.3894022098	Q96KE9	BTBD6
-0.1090701839	0.7490407674	Q96GP6	SCARF2
0.07327693534	0.5745772936	Q9HC44	GPBP1L1
0.6604687793	0.1143053537	Q9Y617	PSAT1
0.04484109934	0.6802555237	Q9Y243	AKT3
-0.1607304635	0.2605544561	Q16589	CCNG2
0.1871670628	0.20047672	Q9NQ31	AKIP1
-0.05730687187	0.8181898409	P56557	TMEM50B
0.07736902925	0.6603337311	Q9UKX7	NUP50
0.04926529483	0.8617121301	O00743	PPP6C
0.07459463172	0.5216693851	P21127	CDK11B
0.03099995674	0.9040307011	P50613	CDK7
0.1805964538	0.2413013291	O14640	DVL1
0.2473505585	0.1592995435	Q96B96	TMEM159
0.04832602929	0.6388207696	Q13049	TRIM32
0.04814432371	0.739564015	Q10570	CPSF1
0.2813587039	0.1363410674	Q9NX46	ADPRHL2
0.1108103856	0.4660674416	Q9Y2K1	ZBTB1
0.6498068079	0.02510489326	Q96AH0	NABP1
0.1644927948	0.3374912493	O60832	DKC1
0.0319519229	0.8531352384	Q9UEU0	VTI1B
-0.02626169289	0.917988707	Q96B67	ARRDC3
5.746804962e-05	0.9999247552	Q8N766	EMC1
-0.04892449857	0.7369958807	P52756	RBM5
0.05739902172	0.6931216144	Q02750	MAP2K1
0.2443164516	0.04947095929	Q92844	TANK
0.3252081792	0.02444090568	P54577	YARS
0.04465045429	0.8707844036	Q9H1C7	CYSTM1
0.5181837182	0.01473291388	Q96A46	SLC25A28
0.1759240155	0.1847160133	Q8IY47	KBTBD2
-0.08751205298	0.5468821159	Q9HAB8	PPCS
0.1195399808	0.5567669534	Q8NHV4	NEDD1
-0.06507296437	0.7320038609	Q8NBQ5	HSD17B11
-0.03839749218	0.8917666622	Q9NYL9	TMOD3
-0.1864612295	0.5508839217	Q6UWY5	OLFML1
-0.1198039369	0.6317706074	P62072	TIMM10
0.07363161542	0.551119522	P36776	LONP1
-0.4105767121	0.05295191879	Q9NS68	TNFRSF19
0.03265795216	0.8576822089	O96019	ACTL6A
-0.01502802952	0.9380215559	Q6Y1H2	HACD2
0.1985665255	0.4241304478	Q9UHE8	STEAP1
0.08683228494	0.6185074816	P52657	GTF2A2
0.1125689697	0.4605488629	Q9NYK5	MRPL39
-0.02443252646	0.8556879529	Q92551	IP6K1
0.07810013501	0.7040820975	Q15022	SUZ12
-0.04123191461	0.8443337712	Q9NS23	RASSF1
-0.08198103436	0.5713508649	O15327	INPP4B
0.04443376384	0.8020751315	Q08170	SRSF4
-0.03196384999	0.8822644677	Q8TAB5	C1orf216
-0.02892935754	0.8188279867	Q6IA86	ELP2
-0.03761881804	0.7229641503	P61421	ATP6V0D1
0.1523580806	0.4974117806	P48059	LIMS1
0.07359460087	0.4926256304	Q8TF05	PPP4R1
-0.1035129729	0.371584381	Q86WA8	LONP2
0.09142155888	0.3374868389	Q15648	MED1
0.01325135243	0.9696346184	Q8IX30	SCUBE3
-0.03403981575	0.79228842	Q5F1R6	DNAJC21
0.2492440014	0.02754758689	Q9H4B4	PLK3
0.07909962444	0.586550656	P62191	PSMC1
0.1030148386	0.393575687	O75170	PPP6R2
0.1263796097	0.2803040762	Q9Y5M8	SRPRB
0.03787100998	0.8253001446	O60313	OPA1
-0.03133937592	0.8421310201	O15127	SCAMP2
0.0210365947	0.9061330007	Q9Y5X3	SNX5
0.02212893216	0.8727134136	P49902	NT5C2
0.04451189041	0.8188279867	O43427	FIBP
-0.1881433747	0.4521676369	Q8N129	CNPY4
0.01804726123	0.9350176755	Q9UNF0	PACSIN2
0.0531763766	0.7423282001	Q14728	MFSD10
0.1302014029	0.4946291923	P08581	MET
0.2700659077	0.1293104655	Q13118	KLF10
0.09620908632	0.4884726564	O00186	STXBP3
0.06497039528	0.5203727944	P38919	EIF4A3
0.5901233666	0.007019003857	P25774	CTSS
-0.1145914497	0.3604486512	Q6XZF7	DNMBP
-0.1696084203	0.2137051319	Q9NV79	PCMTD2
0.03790164214	0.7471981943	Q9HAU5	UPF2
-0.08332125819	0.5595691972	Q9HAD4	WDR41
0.2308271205	0.04301981243	Q9NS56	TOPORS
-0.1081635916	0.4060821936	Q7Z388	DPY19L4
0.3313842158	0.1257591091	Q5SWA1	PPP1R15B
0.1022471786	0.6498771006	Q9BQE4	SELENOS
0.1139728724	0.2635814473	P52306	RAP1GDS1
0.03823993787	0.8378945641	O15374	SLC16A4
-0.01125062762	0.9528271491	Q9HCD5	NCOA5
0.0874923829	0.4894975886	Q96QC0	PPP1R10
0.007707150732	0.9606322106	Q92628	KIAA0232
-0.0128275768	0.9498565402	Q9HA65	TBC1D17
-0.2484715557	0.2100055802	Q8N3E9	PLCD3
-0.1597058143	0.2236933026	Q9Y2G5	POFUT2
-0.0698981196	0.7489320009	Q96HH9	GRAMD2B
1.030483054	0.00033501267	Q9BUX1	CHAC1
0.09335563959	0.6148182786	Q08752	PPID
0.08622850846	0.5504159134	Q5BJD5	TMEM41B
-0.1003493488	0.4242976158	P10398	ARAF
-0.04655174663	0.6356226162	Q9UPU5	USP24
0.06269998242	0.6212712576	Q9Y6G9	DYNC1LI1
-0.08193953913	0.5751222378	Q14232	EIF2B1
0.06819326194	0.5874211523	Q8N8S7	ENAH
-0.06797246942	0.719318901	Q9H3S7	PTPN23
-0.06599461981	0.6255935788	Q15434	RBMS2
0.06866443637	0.7432407955	O75935	DCTN3
0.274797429	0.1407640532	P07738	BPGM
-0.1919220311	0.3817524335	Q6ZSZ6	TSHZ1
0.02486320135	0.869754882	Q86SQ0	PHLDB2
0.1978845693	0.2018948338	P53985	SLC16A1
-0.07526905038	0.6953585782	Q9HBZ2	ARNT2
-0.01560062141	0.9108570433	Q14966	ZNF638
-0.01722409838	0.9135620021	P06744	GPI
0.07910130456	0.6166575407	O43294	TGFB1I1
-0.06100629214	0.7103482803	O15417	TNRC18
0.005450342223	0.9847715539	Q9Y4I1	MYO5A
0.05481613995	0.7172802386	Q969L4	LSM10
0.08231692789	0.6388207696	O43414	ERI3
-0.09643950119	0.4306972486	Q14980	NUMA1
0.1211425215	0.3823776686	Q8IZL2	MAML2
0.1772537074	0.1739479306	Q9NZ08	ERAP1
0.06340506396	0.6994242854	Q9H4L7	SMARCAD1
-0.09690547469	0.5779070785	Q9Y5W7	SNX14
0.04967857159	0.8150009696	Q9Y230	RUVBL2
0.1431417296	0.4657549876	Q9HCG8	CWC22
0.05389477737	0.7231467921	Q6PIY7	TENT2
0.02411226345	0.9365637922	Q8N5G0	SMIM20
0.129663173	0.4107507318	O75352	MPDU1
0.05105697095	0.7342663041	Q4G0J3	LARP7
0.4770899328	0.1047553615	Q24JP5	TMEM132A
-0.0390541101	0.8752415171	Q9NRV9	HEBP1
0.06154261097	0.6894772142	Q6ZS17	RIPOR1
-0.01009173638	0.9596953811	Q14683	SMC1A
0.05499443274	0.6461171035	P31040	SDHA
0.103269373	0.582938434	Q15814	TBCC
-0.03381408676	0.8554340612	P11441	UBL4A
0.01482789762	0.9444142936	Q6P587	FAHD1
-0.1784586571	0.1500321875	Q9H668	STN1
-0.04867150324	0.7846942131	P62253	UBE2G1
0.2336806786	0.1897323777	Q01813	PFKP
-0.1594616131	0.3952474936	Q969Y0	NXPE3
0.1271436992	0.436735712	Q16763	UBE2S
-0.1897378317	0.1706743236	Q9BYC5	FUT8
-0.1355081899	0.5999399927	Q96DD7	SHISA4
0.07842671738	0.6225782482	O95905	ECD
0.005267407775	0.9768213775	Q01968	OCRL
-0.08232111669	0.6883285134	Q53GQ0	HSD17B12
-0.01648615248	0.9311020724	P48147	PREP
-0.1130905763	0.5921275668	Q7Z3D4	LYSMD3
-0.07457701461	0.4691622773	Q7Z309	FAM122B
-0.36117838	0.03664552744	P36956	SREBF1
0.101450162	0.2988714248	Q9ULC3	RAB23
-0.002699317117	0.9847715539	P51659	HSD17B4
1.902844438	7.65467957e-05	P98066	TNFAIP6
0.028934289	0.8788108207	Q8NHP6	MOSPD2
-0.1413115515	0.3105509001	Q9H792	PEAK1
-0.05854847286	0.8986534894	Q08AG7	MZT1
-0.001646870404	0.9968461974	P57723	PCBP4
-0.3381824085	0.5705681497	P46013	MKI67
0.02771296094	0.8568874792	O15042	U2SURP
-0.01831860623	0.9512294543	P37023	ACVRL1
-0.1011617441	0.5074614985	Q13371	PDCL
-0.0399810486	0.9039384878	O15116	LSM1
-0.08133526238	0.5751222378	O15194	CTDSPL
0.0370264871	0.7812179139	Q53GS9	USP39
0.0003516145967	0.9985326892	Q9UKM9	RALY
0.6416529717	0.002498992227	P09086	POU2F2
-0.02609105637	0.8475245058	Q96BP3	PPWD1
0.01243695798	0.9260345616	P78332	RBM6
0.007579776628	0.9602040081	Q86UU0	BCL9L
-0.2503505679	0.414364926	Q96HG1	SMIM10
0.01170727779	0.9602040081	O95486	SEC24A
-0.008144659253	0.952889335	Q96P70	IPO9
-0.3282439587	0.1429341563	Q13394	MAB21L1
-0.03177113873	0.8090472369	Q9H7E9	C8orf33
-0.0635898506	0.7124307418	Q9H9E3	COG4
-0.07405798492	0.8968818493	O95229	ZWINT
0.1051268841	0.3481757288	Q15562	TEAD2
-0.06209317754	0.5976579749	Q8WUM0	NUP133
0.01930878007	0.9263333948	P56945	BCAR1
0.09013187172	0.363386225	Q5VWN6	FAM208B
0.126338892	0.4533231749	Q04837	SSBP1
0.04181004454	0.837021326	O95563	MPC2
0.04613925586	0.7433143359	P41229	KDM5C
0.07118575039	0.6667330411	Q9ULX3	NOB1
-0.2041596945	0.3110186353	Q14527	HLTF
0.04052573159	0.8097469558	Q9HBF4	ZFYVE1
0.1996674068	0.08798390273	Q13625	TP53BP2
0.5295266305	0.05121132077	Q8NI08	NCOA7
0.2264056499	0.2182800885	Q8IWK6	ADGRA3
0.05717859252	0.685890438	P49915	GMPS
0.005175114158	0.9726105116	Q93062	RBPMS
0.01186585432	0.9323982173	Q9H0E2	TOLLIP
0.1270512329	0.3174133769	A6NHR9	SMCHD1
0.0397908957	0.8244625272	Q8WVK2	SNRNP27
-0.1926773305	0.1798014853	P27986	PIK3R1
-0.01396668369	0.925093184	Q9NTJ5	SACM1L
0.05200380062	0.7165377695	O14974	PPP1R12A
0.1129028953	0.3330846268	Q9BW61	DDA1
0.3498623223	0.1171754949	Q01804	OTUD4
-0.105268881	0.5355436896	Q9BY78	RNF26
-0.01649403832	0.9285737172	P39210	MPV17
0.01878069643	0.9086890059	Q9GZY8	MFF
0.01215068009	0.9791428103	Q3YBM2	TMEM176B
-0.03457948751	0.8179964513	Q9BW91	NUDT9
-0.01637015299	0.9305924004	Q15643	TRIP11
0.02441233602	0.8445588567	Q9NZL6	RGL1
-0.05636066079	0.7327153156	O94817	ATG12
0.1351310734	0.2595109234	Q9BRR6	ADPGK
-0.331944102	0.2562880205	Q49MI3	CERKL
-0.06773146793	0.646558025	Q86X10	RALGAPB
-0.01875344898	0.9161010612	Q01850	CDR2
-0.1948674359	0.3738528689	P50583	NUDT2
-0.01675697439	0.9127878854	Q9NZI7	UBP1
0.1036351384	0.3744460289	P49674	CSNK1E
-0.1726307524	0.6091913747	Q15125	EBP
0.04359016822	0.7436976428	Q86U86	PBRM1
0.01587749745	0.9203884892	Q00536	CDK16
0.119411327	0.3231570892	Q9NX94	WBP1L
0.0595123703	0.7556082378	Q96AB6	NTAN1
-0.007455448647	0.9795686798	P55809	OXCT1
-0.006723415684	0.9816827209	Q7L4S7	ARMCX6
-0.0150106165	0.9283488033	P46100	ATRX
0.09470260021	0.4332929737	Q8IVJ1	SLC41A1
-0.005982083108	0.9797527924	Q7RTV5	PRXL2C
0.01790563672	0.9367594835	Q01970	PLCB3
0.02698356094	0.8904003434	Q9UI09	NDUFA12
-0.006394302316	0.9767939823	O94864	SUPT7L
0.06635330808	0.6931216144	Q9BSE4	HERPUD2
-0.3080868883	0.1941361261	P02649	APOE
-0.001646062745	0.9968897747	Q8WUT9	SLC25A43
-0.1594802851	0.2356796658	O00764	PDXK
-0.04443885149	0.8878630614	Q9P0J1	PDP1
0.01130474736	0.959556435	C9JJ37	BTBD19
0.004913133696	0.9818519394	Q9BQ15	NABP2
0.1524601125	0.2037059572	P62877	RBX1
0.05472842157	0.6972287596	Q13823	GNL2
0.04407760153	0.7493857251	Q9BUP3	HTATIP2
0.1739595728	0.1908068312	Q9NVP1	DDX18
-0.1086426681	0.4865916311	Q765P7	MTSS1L
0.04723275841	0.7874320257	P29992	GNA11
0.5268156402	0.008445114864	Q9ULX9	MAFF
0.2045119158	0.1621092069	Q06190	PPP2R3A
0.142696342	0.385802209	Q9Y5T5	USP16
0.1096418129	0.4265505334	Q9NY93	DDX56
-0.07646152097	0.5891044457	Q9BYD2	MRPL9
-0.2650138365	0.6769951925	O00762	UBE2C
-0.2330593095	0.6380798658	O14498	ISLR
0.1353242774	0.551119522	Q9Y5L4	TIMM13
-0.02013004314	0.8619229861	Q6Y7W6	GIGYF2
-0.01087210454	0.9701971355	O75608	LYPLA1
-0.08401345489	0.6814203633	Q7LGA3	HS2ST1
0.01433531554	0.9282801735	Q9H2M9	RAB3GAP2
0.1563903588	0.4851868455	Q14653	IRF3
0.04153669598	0.8381909843	Q96I51	RCC1L
0.05545302814	0.7084205642	Q9BPZ3	PAIP2
0.1602387647	0.1286091422	Q9Y5A7	NUB1
0.04487793844	0.7841922256	Q9BQD3	KXD1
0.03934656447	0.8101090706	Q92620	DHX38
-0.006413425694	0.968980131	O75143	ATG13
0.05856703894	0.8362537674	Q06546	GABPA
-0.01943929473	0.9143104375	Q8IY81	FTSJ3
0.0118743571	0.9289352951	Q9UJX4	ANAPC5
0.07273518413	0.7617773078	Q86SE9	PCGF5
-0.06935391533	0.5501773923	Q96AT1	KIAA1143
-0.004136558413	0.9809260446	Q6UX65	DRAM2
0.02517807083	0.8838914619	Q27J81	INF2
-0.02093825557	0.8922866402	Q5VWQ8	DAB2IP
-0.04207067039	0.8397512368	P05783	KRT18
0.2747329556	0.04967656878	Q9NQC7	CYLD
-0.1034858726	0.6184455978	Q86VY9	TMEM200A
-0.04564582766	0.6714127142	P19387	POLR2C
-0.06089842953	0.6713287503	Q9HBM6	TAF9B
-0.08801367584	0.4642900142	Q9C037	TRIM4
-0.01149988885	0.9716948396	P29317	EPHA2
0.05744244259	0.7470807703	Q969U7	PSMG2
-0.3669975145	0.3105509001	Q96SM3	CPXM1
-0.06490713267	0.7700652686	Q14563	SEMA3A
0.07990464737	0.4888223784	Q96EK7	FAM120B
0.2973669717	0.1085607992	Q9NZT2	OGFR
-0.1107954838	0.4929093954	O14641	DVL2
0.09042450546	0.5891791735	Q5VVJ2	MYSM1
-0.2329765557	0.1257591091	Q92729	PTPRU
0.03707831129	0.8176799336	Q9NYU1	UGGT2
0.01720584941	0.9363094806	Q96MG8	PCMTD1
0.0006764374116	0.9974073346	O75592	MYCBP2
0.04249086933	0.8684914569	Q86VX2	COMMD7
-0.00925201425	0.9879781537	Q14680	MELK
-0.002045684974	0.9909585543	Q9UHB9	SRP68
-0.005360146175	0.9828442393	Q96CX2	KCTD12
0.08207814608	0.7423282001	Q14197	MRPL58
-0.09446033071	0.5109600154	Q13503	MED21
-0.002594477303	0.9912305704	Q9UHA4	LAMTOR3
0.1896675648	0.206260283	Q9H0G5	NSRP1
-0.00263290915	0.9880657962	P26440	IVD
-0.03130539604	0.8053856954	Q9UJ04	TSPYL4
0.04852334307	0.714029971	Q8N543	OGFOD1
-0.1091397874	0.4324298571	P28827	PTPRM
-0.05092657373	0.7060927593	P19174	PLCG1
0.09851811719	0.4265505334	O95376	ARIH2
-0.05960099737	0.8012367668	O95347	SMC2
-0.02174364469	0.8643016026	Q15776	ZKSCAN8
-0.1049622231	0.6248902823	Q9BPW8	NIPSNAP1
-0.01292319742	0.919692097	O94888	UBXN7
0.1171503311	0.3676198726	O43765	SGTA
0.2460756228	0.09216851226	Q00403	GTF2B
0.6222598218	0.01306590995	O43353	RIPK2
-0.06147689267	0.5787233398	Q7Z392	TRAPPC11
0.00395060789	0.9828442393	Q9BSF8	BTBD10
-0.07300668119	0.7245817665	P24752	ACAT1
-0.2910496148	0.1363410674	O15217	GSTA4
0.06115636625	0.6969500746	Q6ZNE5	ATG14
-0.03180309472	0.8228155921	Q9BZK7	TBL1XR1
0.04851477359	0.6931216144	Q02078	MEF2A
-0.01998110108	0.8956312693	Q96DE0	NUDT16
0.1030003371	0.5861869374	P61604	HSPE1
-0.002579393984	0.9872382614	Q8N6S4	ANKRD13C
0.03004896852	0.8531352384	Q15652	JMJD1C
-0.04123257061	0.7397179379	P48730	CSNK1D
-0.2613538445	0.6287946846	P52732	KIF11
-0.08808156839	0.5667979152	O60293	ZFC3H1
0.05001723263	0.7827350016	Q9NWU2	GID8
-0.149794288	0.4000583727	Q32M45	ANO4
-0.09691116713	0.6087597339	Q8TBN0	RAB3IL1
0.0494122347	0.7063863733	Q96I25	RBM17
-0.003095000275	0.9841109391	O76031	CLPX
-0.01906865553	0.9150201128	Q9UKY1	ZHX1
0.1433678799	0.2174805156	Q9HCU9	BRMS1
-0.1322792355	0.4354150921	Q9NYM9	BET1L
0.09544701048	0.3958506663	Q9Y2Y9	KLF13
0.0099792233	0.9708094759	Q5T686	AVPI1
0.1260341177	0.3169011353	O00487	PSMD14
0.04774611148	0.7947752815	Q9H6R6	ZDHHC6
-0.02598702856	0.9157167536	Q16829	DUSP7
-0.03679128868	0.7908542707	Q96LT4	SAMD8
0.1846818016	0.1946978695	P51825	AFF1
0.0151114578	0.9498565402	Q96PU8	QKI
0.0562037691	0.7076753338	Q7Z698	SPRED2
-0.03510648249	0.8848815011	O60231	DHX16
0.1156280786	0.6472849444	P46736	BRCC3
0.02332381185	0.885709945	P62333	PSMC6
-0.07049582551	0.5451089451	O75376	NCOR1
0.1586114235	0.2841120328	O95544	NADK
0.1888347183	0.3952637495	Q8TCG2	PI4K2B
-0.2227838009	0.2536398541	Q9NR19	ACSS2
-0.1055361298	0.4940866511	P23511	NFYA
0.001000147622	0.9972554637	P53597	SUCLG1
0.04280870227	0.7489728983	P28331	NDUFS1
-0.0671173641	0.6266573119	Q8N5D0	WDTC1
0.03284525758	0.8065800026	Q6UB99	ANKRD11
0.1528016991	0.1365469053	O94972	TRIM37
0.2449451569	0.436735712	P49716	CEBPD
0.02398559301	0.9324805097	Q8N108	MIER1
0.08988456883	0.5709810749	Q8WWY3	PRPF31
0.09963713279	0.5331990684	Q9NQP4	PFDN4
0.008010120085	0.9487061499	Q13107	USP4
0.01699397075	0.8923453444	Q8NF37	LPCAT1
-0.09676300884	0.5072282	Q96MU8	KREMEN1
0.02303921535	0.9188511306	P41236	PPP1R2
-0.08297870658	0.6804100772	Q9HA72	CALHM2
0.1849172287	0.3108192289	P49321	NASP
0.06383451531	0.8152188999	Q9BYN8	MRPS26
0.2384097668	0.171333936	Q9BZE4	GTPBP4
0.05799618361	0.685890438	P32189	GK
0.0371067492	0.8258148958	P20338	RAB4A
0.138411495	0.3105509001	Q7Z3B4	NUP54
-0.1680479099	0.4746903198	Q96SL4	GPX7
0.01536603609	0.9408124624	O75616	ERAL1
0.06211165025	0.6502781376	P62995	TRA2B
-0.01372274352	0.9427103976	Q86VS8	HOOK3
0.024292306	0.9094120907	P61326	MAGOH
0.1035496778	0.436735712	Q99607	ELF4
0.09074822635	0.4580829095	Q96RV3	PCNX1
0.04460028444	0.7341004799	A7E2V4	ZSWIM8
0.0558780138	0.6593108881	Q709C8	VPS13C
-0.07371451522	0.6621167173	O75154	RAB11FIP3
0.06859824688	0.5931764742	Q9P2B4	CTTNBP2NL
-0.02548030163	0.9204555565	Q8IV38	ANKMY2
0.00155997114	0.9956138049	Q8IX18	DHX40
0.07124120535	0.6191402546	Q8WTP8	AEN
0.08964514939	0.549461805	Q9BUT1	BDH2
0.1100555838	0.6528374656	P52434	POLR2H
0.07147872863	0.6469857045	Q5BJH2	TMEM128
0.1261715074	0.482333323	Q86TU7	SETD3
0.05926706155	0.6296133167	Q86YP4	GATAD2A
0.0860569889	0.3963616628	P31749	AKT1
-0.1035568045	0.7197712314	Q8NHU3	SGMS2
0.0006965642136	0.9975899627	Q9NP77	SSU72
-0.1053691166	0.4751665835	Q6ZMP0	THSD4
-0.0448777706	0.6864657415	Q8NDV7	TNRC6A
-0.1429101552	0.5595691972	Q8N2S1	LTBP4
-0.1562707476	0.1740267281	Q8IX21	SLF2
0.01089828624	0.9342967649	Q9Y3I1	FBXO7
0.4948337539	0.05465328799	Q96MK2	RIPOR3
0.03706173719	0.7976601006	P35251	RFC1
-0.08900491008	0.5877488254	Q96RK0	CIC
0.2252986894	0.07313059978	P15924	DSP
0.2004712329	0.1075109181	O43524	FOXO3
0.0900911375	0.6566479004	Q9UKK9	NUDT5
-0.1741902386	0.2664829115	Q9C040	TRIM2
0.07608707979	0.6958333032	Q9NSC5	HOMER3
0.0682450482	0.8092269368	O60356	NUPR1
-0.08984596939	0.4265505334	Q92545	TMEM131
-0.2518904595	0.0779113931	Q8WWI5	SLC44A1
-0.02250529376	0.9342967649	Q9Y333	LSM2
-0.2669716917	0.1955831446	P81133	SIM1
-0.1887462048	0.7503340031	P49454	CENPF
-0.03196954903	0.8186705867	O95831	AIFM1
-0.02601135877	0.9248925542	Q9Y3D8	AK6
0.01358556228	0.9528271491	O75324	SNN
-0.03586911667	0.8285421644	Q96EK5	KIF1BP
-0.06375551409	0.8090472369	Q96GV9	C5orf30
0.1217329168	0.2547198033	P30622	CLIP1
0.1237803579	0.4101110372	Q9Y3A2	UTP11
0.04371336338	0.7001835192	Q96Q15	SMG1
0.05091639838	0.6953585782	Q9BZH6	WDR11
-0.1025138259	0.551119522	Q8NB37	GATD1
0.1004693323	0.4513743452	O95453	PARN
0.08126660924	0.7199090303	P18846	ATF1
0.05855580384	0.6847209538	P49757	NUMB
-0.02544224706	0.8535439846	Q9NY33	DPP3
0.05475312949	0.6502781376	Q13033	STRN3
0.07171350855	0.6934141778	Q9Y6M4	CSNK1G3
0.03796496623	0.868894039	Q8NFZ5	TNIP2
-0.04304157755	0.8266662881	P20839	IMPDH1
-0.03604676728	0.8251550218	Q9UBQ6	EXTL2
0.1195445505	0.309392546	O43824	GTPBP6
-0.292135646	0.04163021463	Q8WWM9	CYGB
-0.09859674373	0.4717711919	P56377	AP1S2
-0.0426347446	0.8187888673	P27708	CAD
-0.03752791776	0.8266662881	Q8IY17	PNPLA6
0.07955218501	0.8025488861	O00399	DCTN6
-0.09602016063	0.591195612	Q9UEE9	CFDP1
0.1603022826	0.3214043823	Q86T03	PIP4P1
0.1067101384	0.3662027064	Q8N488	RYBP
0.02430624587	0.8441130764	Q86V48	LUZP1
0.2021440627	0.08350696945	P57682	KLF3
0.2505324391	0.4000217982	P35638	DDIT3
-0.01000795444	0.9479895712	O60318	MCM3AP
0.1952065803	0.3958506663	O75695	RP2
0.06847889004	0.6469857045	Q9ULD4	BRPF3
-0.1196458842	0.4405276541	O14832	PHYH
3.090543362	2.640303299e-06	P80162	CXCL6
0.06215462298	0.527945266	O95248	SBF1
-0.06088045638	0.7556082378	Q504T8	MIDN
-0.1839128895	0.4660674416	Q12882	DPYD
0.0274752478	0.8419250169	Q9Y2F5	ICE1
0.1280614643	0.2908762382	Q96T76	MMS19
-0.02328344769	0.8568874792	O15085	ARHGEF11
0.05829154864	0.8275173035	Q9NQZ7	ENTPD7
0.02274157394	0.8410028915	Q8IWV8	UBR2
-0.008391305552	0.9747181874	Q9UBD5	ORC3
0.2668691177	0.08955124943	P22102	GART
-0.1973688823	0.3549073595	Q8TB40	ABHD4
0.2602783652	0.08955124943	P11473	VDR
-0.1333130181	0.3102567721	Q8N755	PQLC3
0.1810583097	0.3303401756	Q16644	MAPKAPK3
-0.03907877746	0.868894039	Q71RG4	TMUB2
-0.06777240279	0.6787820107	Q9UL26	RAB22A
-0.08933783134	0.5592326648	Q9ULH0	KIDINS220
0.02314414045	0.9039026937	Q9H583	HEATR1
-0.155667759	0.3542503003	Q9C0E8	LNPK
-0.08788069372	0.5999399927	O43909	EXTL3
0.1993219837	0.3017963375	Q29980	MICB
-0.486539833	0.02510489326	Q7Z2K6	ERMP1
0.0004445354234	0.998266943	Q9Y6D6	ARFGEF1
-0.1752705576	0.4129613601	Q8NCL4	GALNT6
-0.01859742466	0.9149006434	Q8NFZ0	FBH1
-0.0525142355	0.8524091849	Q8WZA0	LZIC
-0.02589589392	0.8915207029	Q96C01	FAM136A
-0.03565218196	0.8928136962	P04818	TYMS
0.05812535784	0.7245817665	Q8NEW0	SLC30A7
-0.0911964631	0.5129328043	O00748	CES2
0.04368461026	0.7655810706	Q8WXF1	PSPC1
0.09519455273	0.551119522	P51580	TPMT
-0.02070779833	0.8775035675	Q9NVG8	TBC1D13
0.1911457611	0.5036010044	Q7Z2D5	PLPPR4
0.00316035179	0.9928569479	Q92917	GPKOW
0.1391904485	0.4615402808	C9JLW8	MCRIP1
0.0917611924	0.6873561766	Q96FZ2	HMCES
0.02663264926	0.8436731339	Q99459	CDC5L
-0.281142302	0.4449086802	Q9BPX1	HSD17B14
-0.04228092313	0.7332690683	Q9P2R6	RERE
-0.1063657335	0.6130667294	Q9BQ48	MRPL34
-0.2596030944	0.1004846098	P41220	RGS2
0.1084922611	0.436735712	O95136	S1PR2
0.1479600786	0.176956362	P78317	RNF4
-0.005087517324	0.9791428103	Q9H3U1	UNC45A
0.1859630728	0.3211687432	P51116	FXR2
0.1706027377	0.2302523282	Q9H8M7	MINDY3
0.01678185614	0.9088620657	O94842	TOX4
-0.07279896163	0.575898578	Q9ULJ7	ANKRD50
0.02558473425	0.8878630614	Q93034	CUL5
0.118137335	0.8173074267	P33764	S100A3
-0.1353010604	0.4112559226	A0AVI4	TMEM129
0.2119750952	0.09552996452	Q86TB3	ALPK2
-0.1836626183	0.6707830916	P06493	CDK1
0.0608656345	0.5605830812	Q9Y6W3	CAPN7
0.0318108964	0.820094034	Q92621	NUP205
0.1259930818	0.5362729108	O00148	DDX39A
0.2496419879	0.03927826566	Q9BZR9	TRIM8
-0.03248496804	0.8983349809	Q9NRG0	CHRAC1
-0.1635070261	0.1529208466	Q14642	INPP5A
0.01971847218	0.9209830251	P40337	VHL
0.1496829194	0.3884253577	Q9H7D0	DOCK5
0.04217829183	0.8362537674	Q9ULC4	MCTS1
-0.1613058945	0.2666512941	O60518	RANBP6
-0.04609288866	0.8385807083	Q02318	CYP27A1
-0.00555267469	0.9764720557	Q9Y5J7	TIMM9
0.006470747601	0.9790245614	P48960	ADGRE5
0.06153529273	0.7607968137	Q86UA1	PRPF39
-0.1899840442	0.2226485319	Q9UQL6	HDAC5
-0.002594774039	0.987342269	Q96DW6	SLC25A38
-0.100165252	0.4167034887	Q6ICG6	KIAA0930
0.105175804	0.5808901361	Q9H013	ADAM19
-0.01970340248	0.9111430861	Q5T8D3	ACBD5
0.04230041177	0.7507650543	Q96HC4	PDLIM5
-0.08659303545	0.4468824364	Q13363	CTBP1
0.02857146863	0.8441130764	P11801	PSKH1
-0.1139067043	0.4791688506	Q9NYG2	ZDHHC3
0.1357479424	0.4663867669	Q9NY35	CLDND1
0.009815455452	0.9671465472	Q9NVF7	FBXO28
-0.01759928838	0.9008528171	Q9Y3P9	RABGAP1
0.01771041949	0.9081873789	Q96T51	RUFY1
0.02629299656	0.927702637	Q02978	SLC25A11
0.05822209147	0.6513059802	Q9BXK5	BCL2L13
-0.1685410263	0.4988685632	P07225	PROS1
0.04153087962	0.8537967156	Q96EK6	GNPNAT1
0.06268326753	0.6432902145	Q13643	FHL3
0.01635643842	0.8986534894	Q8IXH6	TP53INP2
0.06351900201	0.855248204	O43598	DNPH1
-0.1536952229	0.3780188093	O75563	SKAP2
-0.05161478041	0.6553264401	Q5VZ89	DENND4C
-0.1506825504	0.4580829095	Q09328	MGAT5
-0.06714960676	0.5595691972	Q08999	RBL2
-0.01002248287	0.9489119614	Q9BYW2	SETD2
-0.003130582119	0.989509614	P82914	MRPS15
-0.1690149525	0.4603666695	Q9NXF7	DCAF16
-0.083913574	0.4340670857	Q9Y2M5	KLHL20
0.09818130915	0.612832199	Q8WXH5	SOCS4
0.05205145745	0.827968549	Q7L804	RAB11FIP2
-0.008836644849	0.9471815659	P49406	MRPL19
-0.03662112231	0.8418005644	Q9NQR1	KMT5A
-0.1581706763	0.3271509141	Q53GS7	GLE1
0.09573284242	0.5777729751	A0AVT1	UBA6
-0.05772259975	0.6029046591	Q7Z7G8	VPS13B
-0.02557684413	0.8742911979	Q96GX2	ATXN7L3B
0.03207325181	0.8695797299	O96006	ZBED1
0.08193941794	0.5009108462	Q9H3C7	GGNBP2
-0.06555116522	0.7523099808	O95721	SNAP29
-0.07217874963	0.5160413548	Q9UKT8	FBXW2
-0.2217079047	0.159805059	P36871	PGM1
0.0679843895	0.6800390519	Q96K78	ADGRG7
0.121576544	0.6388207696	Q6PL18	ATAD2
0.027341677	0.8986880335	Q6ZUX7	LHFPL2
-0.0812718097	0.5744096829	P0CK96	SLC35E2B
-0.05025853913	0.724175159	Q9Y2D4	EXOC6B
0.3274256803	0.2958390983	P48454	PPP3CC
0.04426298463	0.8154726052	Q9H910	JPT2
0.02348968172	0.9002634746	P37840	SNCA
-0.04026214626	0.7480251553	Q9NQ50	MRPL40
-0.09356865669	0.5457251813	P58215	LOXL3
0.08281103122	0.5593035592	Q6X4W1	NSMF
0.1675014387	0.2626291889	Q63HQ0	AP1AR
-0.00272511082	0.9879781537	Q12888	TP53BP1
0.1309390384	0.3731019966	P61964	WDR5
0.0007862798503	0.9975899627	Q9HA47	UCK1
0.189811969	0.2907867012	Q6RW13	AGTRAP
0.03958459102	0.7584589839	Q01433	AMPD2
0.1890538192	0.2231537876	Q7KYR7	BTN2A1
-0.07542602708	0.6206907372	Q16630	CPSF6
0.156649162	0.341776321	Q9BYC8	MRPL32
0.02704167738	0.9248925542	Q9P0J6	MRPL36
0.1227411909	0.5784559389	Q9NQS1	AVEN
0.2035333065	0.4318558071	Q8TE76	MORC4
0.09365235924	0.6060038977	P13051	UNG
-0.06427262007	0.7413695062	Q92934	BAD
0.03638167589	0.8362537674	Q5JSH3	WDR44
0.003118405785	0.9879781537	Q8WY36	BBX
0.1079269813	0.3988165164	Q8WV19	SFT2D1
0.2451513399	0.05120092718	Q9Y5Q0	FADS3
-0.112028359	0.5654375952	P25686	DNAJB2
-0.02244102765	0.8785742381	Q96GM5	SMARCD1
-0.01900909505	0.8992051545	O43257	ZNHIT1
0.2298305377	0.1400583495	Q7Z2Z2	EFL1
0.009071853844	0.9630907524	P51610	HCFC1
0.02414997066	0.9040307011	Q9NY61	AATF
-0.06563182063	0.6212712576	Q8WUH1	CHURC1
0.0671314201	0.6303676676	Q9ULA0	DNPEP
0.2176527999	0.110191082	P48382	RFX5
0.1680296579	0.2478318662	Q8TDD1	DDX54
0.002102756542	0.9936222443	Q9BXJ8	TMEM120A
-0.005377375413	0.9870406171	P46199	MTIF2
0.08426868284	0.4942190303	Q9HBM0	VEZT
-0.0121464717	0.9482213702	O43670	ZNF207
-0.2034516917	0.1135036367	Q16787	LAMA3
-0.07686575302	0.6737087224	Q5VUB5	FAM171A1
-0.04896149928	0.7166215197	Q96A65	EXOC4
0.1397120049	0.392868431	O14545	TRAFD1
0.1708373732	0.2207983717	Q8IZH2	XRN1
0.04887235506	0.7337714742	Q13084	MRPL28
-0.07562572133	0.5821649525	Q9H0E9	BRD8
-0.01739538429	0.9360498212	Q7L0J3	SV2A
0.0326888388	0.8531352384	Q96S66	CLCC1
-0.02421330204	0.8968818493	Q14296	FASTK
0.1291146259	0.3164759046	Q9UK41	VPS28
-0.01633657085	0.9127878854	Q3L8U1	CHD9
-0.04981071428	0.6873561766	Q96A49	SYAP1
-0.0008735645908	0.9975899627	Q12986	NFX1
0.04942361714	0.658741495	Q15717	ELAVL1
-0.110437952	0.5563877862	Q9BUV8	RAB5IF
0.08011655543	0.5329187491	Q13889	GTF2H3
0.09196694193	0.5152519385	Q8WUA8	TSKU
0.07640701771	0.6212712576	Q8NBN3	TMEM87A
0.006395055936	0.968980131	O75970	MPDZ
-0.04847365392	0.7185403507	O00507	USP9Y
0.02667533876	0.8993182456	Q14194	CRMP1
0.07305424501	0.630312368	Q9P1Q0	VPS54
0.05259853579	0.7520830803	Q8N2Y8	RUSC2
0.1176311253	0.647968659	Q96GA3	LTV1
-0.2431708808	0.3243151635	Q9H7M9	VSIR
0.08686799872	0.4947040564	Q13444	ADAM15
-0.01188989664	0.9597488548	Q5JVS0	HABP4
-0.1324834322	0.4728239115	P43353	ALDH3B1
-0.08801393065	0.5431811169	Q13018	PLA2R1
-0.1481680218	0.6356226162	Q8NCC3	PLA2G15
0.003180462224	0.989509614	Q01780	EXOSC10
0.1049060536	0.5595691972	Q9Y263	PLAA
-0.007812746181	0.9809796061	P13807	GYS1
-0.1694135505	0.2153593747	Q07889	SOS1
-0.04111270256	0.8176061346	Q5TEA3	C20orf194
0.2257725475	0.09671871119	O14964	HGS
0.04444904461	0.7369958807	Q9UBS9	SUCO
-0.2269603109	0.08390270793	Q92567	FAM168A
-0.01494868568	0.9824455238	P61024	CKS1B
0.2354088955	0.0702994438	Q8NI37	PPTC7
-0.1192283604	0.4468824364	Q96P48	ARAP1
1.052424832	0.02278528738	Q03169	TNFAIP2
-0.02181262112	0.9263333948	Q8N8D1	PDCD7
0.1976678361	0.4553951978	P42684	ABL2
-0.001019450183	0.9968897747	Q9Y2I7	PIKFYVE
-0.04823391209	0.7980465103	Q8WUI4	HDAC7
0.1935887611	0.3237800432	O95219	SNX4
0.3629674503	0.02244734065	Q9Y236	OSGIN2
0.0508594398	0.8275173035	P31323	PRKAR2B
-0.2379947169	0.1660816417	Q8TEQ0	SNX29
-0.1388556788	0.4976443494	Q7Z449	CYP2U1
0.08145199256	0.5595691972	Q9Y2H0	DLGAP4
0.1532936716	0.3315439166	Q8TC07	TBC1D15
-0.1658873614	0.4854168383	Q68BL7	OLFML2A
0.09164378561	0.5458140617	P43088	PTGFR
-0.06225084741	0.7973568352	Q92791	P3H4
-0.3014581551	0.5785480202	Q53EZ4	CEP55
-0.08908360367	0.5474202372	Q9UH99	SUN2
0.1174264835	0.3938181689	Q9HC38	GLOD4
-0.03194278733	0.8367966271	Q9H0V9	LMAN2L
-0.1337279842	0.5777046465	O14494	PLPP1
-0.0668948952	0.7247578615	Q8TBX8	PIP4K2C
0.03236661615	0.8251313222	Q9BS91	SLC35A5
0.08050825213	0.4338793661	Q4ADV7	RIC1
0.1842551968	0.1678725555	Q9Y6M7	SLC4A7
0.1626559819	0.3453360951	Q15369	ELOC
0.1891211033	0.4060821936	Q2NL82	TSR1
0.1347178293	0.4265505334	Q96SZ5	ADO
-0.00992723458	0.9597488548	Q8WWQ0	PHIP
-0.01521587139	0.9263333948	Q8NDT2	RBM15B
0.05039919569	0.7127344037	Q9H089	LSG1
-0.1482449994	0.3819767967	P78362	SRPK2
-0.08737358664	0.4878719658	Q5JSL3	DOCK11
0.07420656451	0.5541927476	Q15006	EMC2
-0.007262193927	0.9762023743	Q9BSD3	RHNO1
0.1122510191	0.5566599934	Q13127	REST
0.1895314877	0.2057582817	Q9HCE1	MOV10
-0.04776299972	0.8189029401	Q8NG27	PJA1
-0.08206094021	0.6414546022	Q7L9L4	MOB1B
-0.000628393089	0.9975899627	Q09472	EP300
0.02456455068	0.8826547346	Q9UKN5	PRDM4
-0.004077558804	0.9879781537	Q9NYJ1	COA4
1.743079119	0.0006792245016	P01584	IL1B
-0.1157242772	0.3744460289	Q9HAJ7	SAP30L
-0.08616691212	0.7183590822	Q8TDZ2	MICAL1
-0.3704691013	0.4854839853	P20248	CCNA2
0.1168732853	0.584501253	Q9UPQ7	PDZRN3
0.04030424196	0.8319365036	P35240	NF2
-0.06183346339	0.7261901009	P51688	SGSH
0.01911859327	0.9120520823	Q8WVM8	SCFD1
-0.07997536713	0.6356226162	Q9GZR2	REXO4
0.2582568241	0.1561608623	Q96BY2	MOAP1
0.002832201676	0.9903444068	O95069	KCNK2
0.004630630225	0.9826277886	P62244	RPS15A
1.426394221	0.02249828271	Q2M2W7	C17orf58
0.09132865044	0.5436865354	Q9UGU0	TCF20
-0.004079416333	0.9755666293	Q9BRL7	SEC22C
-0.1958449454	0.4527994985	Q8NCH0	CHST14
0.09811879903	0.5833538194	P05496	ATP5MC1
-0.02521817049	0.9154016252	Q96G28	CFAP36
0.1414538073	0.3532274957	Q96EP5	DAZAP1
-0.06280661545	0.6355409902	Q8TDM6	DLG5
0.05976197161	0.7429727048	Q4G148	GXYLT1
-0.07415292474	0.5638732815	Q96DX4	RSPRY1
-0.3259956335	0.06602968597	P10589	NR2F1
0.01487672434	0.9450018817	Q9H0A0	NAT10
-0.2437344251	0.2100055802	O43310	CTIF
-0.08404826042	0.6918848661	Q5T447	HECTD3
0.08005400839	0.5586756408	P08174	CD55
-0.129312101	0.5616850293	Q0D2I5	IFFO1
0.08086167095	0.5488681758	Q92564	DCUN1D4
0.2427149207	0.2226485319	Q8IV03	LURAP1L
-0.1109174731	0.7112566953	Q92478	CLEC2B
-0.02757529168	0.905888918	O75676	RPS6KA4
2.665763883	4.937656713e-05	P05231	IL6
-0.0470343415	0.7901305356	Q8WV41	SNX33
0.4374863846	0.01922015963	Q4L180	FILIP1L
-0.003472248447	0.9879781537	Q9Y224	RTRAF
0.1549210502	0.3487660469	Q6P161	MRPL54
-0.1976577993	0.3271509141	Q9UKU6	TRHDE
0.1042926952	0.4771785679	O14776	TCERG1
-0.02037777952	0.9039177087	Q9UHY8	FEZ2
-0.01448784762	0.9229101068	Q92733	PRCC
0.004247282802	0.9803900912	O60266	ADCY3
-0.0008605605191	0.9968897747	O60930	RNASEH1
0.1729068695	0.1312920549	Q6DCA0	AMMECR1L
-0.3400330832	0.4017090434	P51888	PRELP
0.0130082735	0.9597488548	Q9BXJ9	NAA15
0.104831029	0.6064486408	Q9BVK2	ALG8
0.02296107992	0.9088620657	Q9BQ52	ELAC2
0.8781613995	0.008653999835	Q8IY21	DDX60
0.3439402404	0.07001756978	P53611	RABGGTB
-0.03336439232	0.8434116831	P23769	GATA2
0.1923185704	0.1946978695	Q99747	NAPG
0.08312829697	0.6249406885	Q9NV64	TMEM39A
-0.1722791903	0.6088574838	Q99584	S100A13
0.01420943423	0.9579878559	P56378	ATP5MPL
0.1051432751	0.571435333	Q9NRR5	UBQLN4
0.04367972279	0.8306188213	Q9P0T7	TMEM9
-0.01809522081	0.9135620021	O00506	STK25
0.0433671664	0.9381832857	P31350	RRM2
0.1424504969	0.3105509001	P11586	MTHFD1
0.1228538748	0.5531741504	Q03989	ARID5A
-0.1309517072	0.5933189687	Q6ZV50	RFX8
-0.2117882165	0.1375736627	Q8N4Q0	ZADH2
0.08118871552	0.7917026281	Q9NV35	NUDT15
0.02984505767	0.7996124287	P19784	CSNK2A2
-0.03088626938	0.8289710689	Q8WUU5	GATAD1
0.03298701085	0.922939368	Q7Z7N9	TMEM179B
-0.05908597473	0.7210608322	O60783	MRPS14
-0.07491890217	0.7542221275	Q8NHZ8	CDC26
0.02734539701	0.8893446439	O75569	PRKRA
0.02899831214	0.8843016152	Q8NC42	RNF149
0.07881041834	0.5595691972	Q96KP1	EXOC2
-0.01355156355	0.954900978	Q8NCY6	MSANTD4
0.0621822892	0.6789590353	Q5JPI3	C3orf38
0.03265994772	0.8062571993	Q9UPT5	EXOC7
-0.14060327	0.2958390983	Q13332	PTPRS
0.2416843862	0.1621092069	Q9C035	TRIM5
-0.02429432204	0.8922866402	Q13057	COASY
0.1121567101	0.5458140617	P24863	CCNC
-0.08311409204	0.6171045195	Q92618	ZNF516
-0.008220509611	0.9818553523	Q9Y548	YIPF1
-0.1295089503	0.4225575305	Q5JTJ3	COA6
0.2374112096	0.2100055802	Q8WTT2	NOC3L
0.03926720011	0.7832189718	Q2TAY7	SMU1
0.2406729586	0.1955831446	Q7Z7L1	SLFN11
0.0230478895	0.8456104408	Q96SU4	OSBPL9
-0.1501784727	0.4210163168	Q6VY07	PACS1
0.1265385716	0.545802832	A0JNW5	UHRF1BP1L
-0.1234237622	0.6401511085	Q5VXT5	SYPL2
-0.057796854	0.6953585782	P41161	ETV5
-0.03440556469	0.8046504958	Q96DE5	ANAPC16
0.09124978273	0.7049541682	Q86X95	CIR1
0.008406048712	0.9671465472	O14972	VPS26C
0.1455445355	0.3156070798	Q9Y305	ACOT9
-0.1843552759	0.4940866511	O95571	ETHE1
-0.133566182	0.406002495	O60503	ADCY9
0.07678471945	0.5693166095	Q9UHV7	MED13
0.1098848628	0.551119522	Q9H5J8	TAF1D
0.09173147647	0.571435333	Q13043	STK4
-0.007973866277	0.9582194869	O15037	KHNYN
0.02450636442	0.9059922907	Q9BQI5	SGIP1
0.02237980356	0.8712089532	Q9UPW0	FOXJ3
0.06290175945	0.5618074117	O00566	MPHOSPH10
1.624975121	6.853524339e-05	P21580	TNFAIP3
-0.2195327642	0.5104876814	Q9UHI5	SLC7A8
0.03020441254	0.8458212052	Q6KC79	NIPBL
-0.2748827615	0.536913638	Q8TAL6	FIBIN
0.1495892266	0.4461276765	Q969G6	RFK
0.04318973264	0.8556688266	Q9Y2R0	COA3
-0.03444440532	0.8350672224	Q8NEB5	PLPP5
-0.04668544447	0.7457088108	P36404	ARL2
0.1219994506	0.3970532582	Q6AWC2	WWC2
0.2369895417	0.09296562157	Q13114	TRAF3
-0.08711852754	0.7245783696	Q9P241	ATP10D
0.009912349957	0.9523368861	Q9UL54	TAOK2
0.06194724491	0.6605956108	Q12979	ABR
0.1221236655	0.1941516731	Q9UPY3	DICER1
-0.07164021003	0.5313853729	Q8N6D5	ANKRD29
-0.3460427996	0.4122182916	Q8IVF2	AHNAK2
-0.0270445608	0.8650036278	P51553	IDH3G
-0.07341570467	0.6066201908	Q13362	PPP2R5C
0.02812676754	0.8387009089	Q6NUT3	MFSD12
-0.1321885281	0.4021073008	Q16204	CCDC6
0.001692643541	0.9923004316	P53365	ARFIP2
0.04614010744	0.7439300104	Q8N6H7	ARFGAP2
-0.07232935125	0.6725103828	Q1KMD3	HNRNPUL2
0.2614485213	0.3645618097	P11908	PRPS2
-0.04816343909	0.7936414061	P36551	CPOX
0.7734806569	0.02249828271	Q8IXQ6	PARP9
0.1083995076	0.447848434	Q8IW50	FAM219A
-0.07159716754	0.5908755673	Q9NXW2	DNAJB12
-0.02588603129	0.9065460189	P08236	GUSB
-0.001826552439	0.9975899627	Q9P0B6	CCDC167
0.03772095212	0.8219556166	P08559	PDHA1
-0.1664562731	0.4840281788	P40424	PBX1
0.1140995769	0.4571095661	Q9Y2U8	LEMD3
-0.03452987309	0.8785645454	Q92747	ARPC1A
-0.08022354588	0.5666269138	Q7L775	EPM2AIP1
0.04488066345	0.7138140657	O75190	DNAJB6
-0.09715659205	0.4813778946	P04637	TP53
0.1006799241	0.4459660589	Q8TBC3	SHKBP1
-0.01681537725	0.927702637	Q9Y4F5	CEP170B
-0.05705599753	0.7495583799	O00213	APBB1
-0.07549004905	0.7957596825	P35270	SPR
0.1076201975	0.50194114	Q5T3F8	TMEM63B
-0.06272714226	0.5457251813	Q92624	APPBP2
0.1739310331	0.297023855	Q86XN8	MEX3D
0.04800099106	0.686203932	Q9H6R4	NOL6
-0.05324018802	0.6323820174	Q9BZ95	NSD3
0.1308831953	0.514142618	Q9Y3T9	NOC2L
0.0861503388	0.3920693829	Q8WUX9	CHMP7
0.01903960732	0.9327876431	P30049	ATP5F1D
-0.06825622094	0.5602898864	Q4G0F5	VPS26B
-0.05328689094	0.7515636722	Q8TBP0	TBC1D16
0.1316487845	0.5009108462	Q9NY12	GAR1
-0.01976299668	0.9157167536	Q69YN4	VIRMA
0.02811688293	0.8976099041	Q9UKT7	FBXL3
0.1714848823	0.1595359862	Q9H175	CSRNP2
0.3751077769	0.09052304632	Q86V86	PIM3
0.007129012799	0.9717448196	Q9NX20	MRPL16
0.2436312022	0.171369249	Q14149	MORC3
-0.05119565219	0.8702608571	Q96IF1	AJUBA
-0.06761503417	0.7341004799	Q9UMS0	NFU1
-0.04174814194	0.8228995794	Q9BSV6	TSEN34
0.007854930654	0.9767939823	Q01196	RUNX1
0.06523514046	0.545802832	Q9H446	RWDD1
0.1797217922	0.2961679874	O43781	DYRK3
0.1625047434	0.1772631449	O95562	SFT2D2
0.07572924656	0.7827350016	Q13207	TBX2
0.1247414567	0.2958390983	Q9Y312	AAR2
-0.01328232323	0.9688666629	Q9BTX3	TMEM208
-0.03493208253	0.7822151502	Q9BSJ2	TUBGCP2
0.01243829243	0.9651057758	Q8IZV5	RDH10
0.01280288796	0.9451415437	Q9UHH9	IP6K2
-0.02889481349	0.919692097	Q9BUW7	C9orf16
0.1840464029	0.3675134298	Q96BP2	CHCHD1
0.07058353316	0.7060927593	Q16740	CLPP
-0.2085808442	0.2991641954	O60551	NMT2
0.4554360174	0.006455296995	Q8IV20	LACC1
-0.05748343752	0.603680126	Q9Y2I8	WDR37
0.2562769923	0.1080083919	Q15013	MAD2L1BP
0.1130888462	0.3884253577	Q15287	RNPS1
0.03407091472	0.8176208511	Q9UL63	MKLN1
0.009723977184	0.954989223	Q14692	BMS1
0.3127321984	0.2282077539	Q15050	RRS1
-0.06676328696	0.7339606249	O75151	PHF2
0.5756876184	0.01791753383	Q5H9U9	DDX60L
-0.06410336931	0.6967314248	Q15751	HERC1
0.05760751078	0.7343382663	Q99698	LYST
0.2162576294	0.2072688994	Q9H5Q4	TFB2M
1.696426525	0.00700401672	Q9Y6K5	OAS3
-0.1413706537	0.184983331	Q9UJY4	GGA2
0.1153163987	0.3918366416	Q9NZ45	CISD1
-0.0511233198	0.7494869354	Q8N6I1	EID2
-0.04794034838	0.7917026281	A8MTT3	CEBPZOS
-0.2457928785	0.4771785679	O14965	AURKA
-0.1772839018	0.1631811913	Q9NR11	ZNF302
0.1440463071	0.3294126751	Q92547	TOPBP1
0.06479858124	0.6756364519	Q8TDR0	TRAF3IP1
0.01553543529	0.950887064	P57086	SCAND1
0.05435430198	0.8275173035	P01112	HRAS
0.02989042934	0.8631767961	O15379	HDAC3
-0.2476532756	0.3298642732	Q9NRQ2	PLSCR4
0.1425446982	0.3015631152	P12081	HARS
0.03609349684	0.8091768047	Q9UJV9	DDX41
-0.0195658094	0.9316488885	Q99759	MAP3K3
-0.1004266702	0.551119522	Q8N573	OXR1
0.1422851032	0.5036010044	P82909	MRPS36
-0.245372618	0.3359010054	Q8TAC2	JOSD2
0.03649109159	0.8237810007	Q9UL15	BAG5
0.07836373794	0.5215930722	Q9Y4P8	WIPI2
0.01214676318	0.959839186	Q15018	ABRAXAS2
0.1046322354	0.6244056968	Q8IWA0	WDR75
-0.007625187082	0.9729457782	Q14739	LBR
-0.1050514324	0.5448035508	Q9HA64	FN3KRP
-0.1551493597	0.3744460289	P09601	HMOX1
0.0215608045	0.9135620021	P51692	STAT5B
-0.07466059151	0.5622819616	Q9NWK9	ZNHIT6
0.02968018427	0.8856109302	Q9NX47	5-Mar
0.003223122486	0.9847715539	Q86Z02	HIPK1
0.107810292	0.6798763423	P48060	GLIPR1
-0.1102508048	0.3764480047	Q2LD37	KIAA1109
0.06623192554	0.6432902145	Q16825	PTPN21
0.5357056153	0.02510489326	Q01201	RELB
0.156388226	0.2606720184	Q9NWS0	PIH1D1
-0.1165932956	0.737234255	Q9Y5S1	TRPV2
-0.0988866513	0.6123121315	Q16514	TAF12
0.0539159338	0.7485239596	Q9UN30	SCML1
-0.2078431367	0.1609307363	O14683	TP53I11
0.02757209541	0.8797406326	Q9NP79	VTA1
0.00230061874	0.9919001968	Q9H7B2	RPF2
0.1523254986	0.5328274094	Q03405	PLAUR
-0.06557434139	0.678581409	Q96DU7	ITPKC
0.3990751785	0.02568887523	P49281	SLC11A2
0.03836990833	0.7882631963	Q96FV3	TSPAN17
-0.2006059802	0.3954750897	Q5T9C2	FAM102A
-0.01399876584	0.9275643406	Q5VZE5	NAA35
-0.02650765534	0.9691086061	Q6UWF9	FAM180A
0.1353764185	0.3817524335	O15033	AREL1
-0.07494687182	0.7003203106	Q96L58	B3GALT6
0.01138660445	0.9268480575	Q9H7L9	SUDS3
0.02092159229	0.946152605	Q5XKP0	C19orf70
-0.07152312675	0.6475077246	Q8N4J0	CARNMT1
-0.04151016367	0.8108225938	Q14151	SAFB2
0.05362377984	0.7235382598	Q6UB98	ANKRD12
-0.02006231854	0.9026305949	Q8WVV9	HNRNPLL
-0.05427018402	0.7634127723	Q9GZR1	SENP6
0.2765432272	0.05068187458	P14316	IRF2
0.0010128918	0.9975899627	O75817	POP7
0.06877652875	0.5817159144	Q8N584	TTC39C
0.166318219	0.3768678107	Q8WU79	SMAP2
-0.007035835284	0.9826277886	Q6ICB4	PHETA2
-0.06047933867	0.7261901009	P22694	PRKACB
-0.01600565418	0.9408762768	Q9Y576	ASB1
0.1509701304	0.2536084088	Q8NFC6	BOD1L1
0.01314008415	0.927702637	Q8IVD9	NUDCD3
-0.1396258969	0.350448918	Q9Y3C0	WASHC3
-0.00837802672	0.9598966911	Q14139	UBE4A
-0.07159471546	0.7278862268	Q9BRV3	SLC50A1
-0.1166959362	0.2683350436	Q6ZVM7	TOM1L2
0.009218358868	0.9578894489	Q9UKJ3	GPATCH8
0.01932983409	0.9481113017	Q9Y5U9	IER3IP1
0.1730597644	0.3271509141	Q9HD15	SRA1
-0.04897934976	0.6741282171	Q12770	SCAP
0.04553761257	0.7279237143	Q9NUQ8	ABCF3
0.03909278292	0.8378945641	P09012	SNRPA
-0.04621947846	0.9334286213	O75762	TRPA1
-0.01537025465	0.9229101068	Q9NZ63	C9orf78
-0.1564191948	0.3518959193	Q9BWU1	CDK19
-0.007435338583	0.9768518287	Q8N1G4	LRRC47
1.049636866	0.0001898609701	Q01432	AMPD3
0.9940784467	0.0230564048	Q14142	TRIM14
0.08607931538	0.5902339405	Q96G21	IMP4
-0.1031188977	0.5891044457	P30740	SERPINB1
-0.1482946662	0.6228607098	Q8N8N0	RNF152
-0.03477185173	0.9040307011	Q8IVL1	NAV2
-0.08899627685	0.6668890285	P54289	CACNA2D1
-0.04810119862	0.825968245	Q9BTM1	H2AFJ
-0.01500860593	0.9168370843	Q99707	MTR
0.1503302385	0.5556124532	Q12983	BNIP3
-0.1188085934	0.5362729108	Q9UID3	VPS51
0.1831184378	0.3336781262	Q9UKD2	MRTO4
0.2068047692	0.1320338503	P17948	FLT1
-0.07129061208	0.6969500746	Q9Y6X2	PIAS3
0.12388307	0.5655310821	P61165	TMEM258
0.1210147765	0.3488551486	Q6ZT07	TBC1D9
-0.1069304623	0.5595691972	P35226	BMI1
0.03608990266	0.797514316	Q9NV58	RNF19A
0.006166065951	0.987077125	Q9HB90	RRAGC
0.1420397309	0.4167034887	Q8WUH2	TGFBRAP1
-0.1822395906	0.2174805156	Q9BX70	BTBD2
0.1401263567	0.2051087404	Q96C92	ENTR1
0.08630136097	0.38160108	O14647	CHD2
0.1337854417	0.3973294419	Q9C009	FOXQ1
-0.08190679151	0.6876224843	Q5VZM2	RRAGB
0.01259403192	0.9382496207	Q15678	PTPN14
-0.02046255249	0.9135620021	A8MT69	CENPX
0.07988076645	0.5752571551	Q8N680	ZBTB2
0.1623476266	0.2170007812	Q9P2R3	ANKFY1
-0.2208235932	0.2018948338	Q8WUF8	FAM172A
0.07108047903	0.7047508825	P51157	RAB28
-0.1144318807	0.3271509141	P09960	LTA4H
0.1089887369	0.5232199094	Q9BQE9	BCL7B
0.1823529851	0.1504407179	Q6ICB0	DESI1
-0.1883414192	0.08749755311	Q86SK9	SCD5
0.1367570286	0.2801022275	Q96FW1	OTUB1
0.1763529117	0.2437487077	Q13614	MTMR2
-0.09131690987	0.5831559932	P09417	QDPR
-0.03809531089	0.8082814898	A2RRP1	NBAS
-0.1994283925	0.1510495751	Q86VZ6	JAZF1
0.09016756973	0.5898454154	Q96K17	BTF3L4
-0.06721407657	0.6046243583	Q9BUN8	DERL1
0.05197083441	0.7495256554	O75167	PHACTR2
0.4283391481	0.154082875	P47712	PLA2G4A
-0.1102566084	0.275923399	Q86UV5	USP48
0.06494919576	0.8275173035	Q6PCB6	ABHD17C
-0.09699520879	0.4561631185	Q9UKG1	APPL1
-0.043599984	0.7832189718	Q15477	SKIV2L
-0.04115776914	0.8266662881	P81408	FAM189B
0.07324170886	0.660988762	O00330	PDHX
-0.3133479793	0.02049366878	Q9UJT9	FBXL7
0.2031470387	0.06042670131	Q9NQW7	XPNPEP1
0.09453965525	0.4798164488	Q8WYP5	AHCTF1
-0.1361368735	0.371584381	Q6NXT4	SLC30A6
0.1849814843	0.3605388552	Q6ZSJ8	C1orf122
0.06047672458	0.8601866185	Q96T88	UHRF1
0.06580503458	0.6513059802	Q9HC35	EML4
-0.01887582552	0.8948055248	Q8TD16	BICD2
0.170727351	0.3280766269	P29597	TYK2
0.1052503462	0.5197070746	Q9UNI6	DUSP12
0.003086727097	0.9856534015	Q96AE7	TTC17
0.03473432511	0.866588714	Q8WW43	APH1B
-0.02001483348	0.9115510568	Q9Y222	DMTF1
0.1695697461	0.1868864385	Q86V20	SHLD2
0.01767066314	0.9579878559	Q9H8H0	NOL11
-0.1069463156	0.3738528689	Q68E01	INTS3
-0.03930366695	0.8002235338	P15923	TCF3
0.02742118684	0.8082814898	Q9H7U1	CCSER2
0.3951657624	0.02664518233	P31629	HIVEP2
0.002679119376	0.9928569479	Q96S44	TP53RK
0.05545520662	0.7471933896	Q9BZ67	FRMD8
-0.1180502199	0.5632776164	Q9BUV0	RSRP1
0.04736029028	0.7087518808	P37198	NUP62
0.0481120421	0.8095375177	Q3SY69	ALDH1L2
-0.0704008815	0.6461171035	O75150	RNF40
0.015713444	0.9371713246	Q8TBR7	FAM57A
0.08916801446	0.545802832	Q5QJE6	DNTTIP2
0.03658427146	0.7335956262	Q9BZJ0	CRNKL1
0.0849330021	0.5930146597	Q8WUY8	NAT14
-0.005496926281	0.9809260446	Q9BTM9	URM1
-0.007583425661	0.968980131	Q8N163	CCAR2
0.04866397269	0.7454019413	Q96RN5	MED15
-0.08236357985	0.8025488861	Q9Y4G2	PLEKHM1
-0.07472487291	0.6424620378	Q8TCE6	FAM45A
-0.0482657702	0.8025488861	Q8N442	GUF1
-0.05245012582	0.6348673436	Q8IUD2	ERC1
0.04495235699	0.7335956262	Q86XK2	FBXO11
0.063203921	0.5787233398	Q9UNZ2	NSFL1C
0.09976240502	0.3958506663	Q8TAF3	WDR48
0.09240478393	0.4193195382	Q9GZM8	NDEL1
-0.01470379677	0.9155240979	Q01658	DR1
-0.002345057544	0.9946132977	Q53LP3	SOWAHC
0.08007342697	0.551119522	O75820	ZNF189
-0.04643148746	0.8059893913	P48029	SLC6A8
0.1671139926	0.1510495751	Q8N4C6	NIN
0.001233524933	0.9988481818	Q5BLP8	C4orf48
0.09729157555	0.4021073008	O94822	LTN1
0.1290335585	0.3160245553	Q7L4I2	RSRC2
-0.1261204853	0.7004301206	Q9BT43	POLR3GL
0.008429824727	0.9661599984	O94973	AP2A2
0.07436371587	0.6287946846	P52594	AGFG1
0.05401032465	0.6826463839	Q9NXG2	THUMPD1
0.4475501741	0.08100889268	P01106	MYC
-0.06395951099	0.7128265692	Q9BRQ0	PYGO2
0.171137442	0.3429339091	Q9Y5Z0	BACE2
-0.2268394045	0.3562255843	Q63HR2	TNS2
-0.1705401774	0.392868431	Q9Y4B5	MTCL1
-0.0007746820242	0.9975899627	P30414	NKTR
-0.1157935728	0.4508274202	P50416	CPT1A
0.01536155747	0.9353517486	Q8NCF5	NFATC2IP
-0.08497688002	0.4951347469	Q7L099	RUFY3
0.02091511649	0.9061330007	O94966	USP19
-0.06628062038	0.6857244401	O43172	PRPF4
-0.1052669105	0.4865121135	Q7Z3J2	VPS35L
-0.1284206981	0.5013189779	Q6XUX3	DSTYK
0.06700151493	0.5707864694	Q6FI81	CIAPIN1
0.3370850304	0.09851937235	Q9Y4A8	NFE2L3
0.01120175636	0.9635340198	Q96JJ3	ELMO2
0.1118465703	0.3939006964	Q14457	BECN1
0.1937537672	0.1660816417	Q8TCY9	URGCP
0.08682738644	0.4639648415	Q8IWJ2	GCC2
0.1603513148	0.1866249515	Q96T58	SPEN
-0.2202723959	0.3511309357	Q9Y2X0	MED16
0.02123540773	0.9143104375	O43752	STX6
0.02101295391	0.8860911382	P42345	MTOR
0.1541333169	0.1202383344	P49768	PSEN1
-0.01689575844	0.9385165486	Q8IWD4	CCDC117
-0.01652942509	0.9154016252	Q9H845	ACAD9
-0.002476281987	0.9909327601	Q00577	PURA
-0.1449091461	0.2263476401	O15484	CAPN5
0.1220097905	0.4851868455	Q9UBI9	HECA
0.02857860954	0.9128476345	Q96EZ8	MCRS1
-0.109754163	0.378462106	P35227	PCGF2
-0.3374845561	0.06192186231	Q9BV35	SLC25A23
-0.08427353806	0.6390106235	Q5T5C0	STXBP5
0.02356110876	0.8869236005	Q9Y6G5	COMMD10
-0.1931588877	0.2970970938	O95155	UBE4B
0.1982946466	0.07443256937	O15056	SYNJ2
-0.0002145805947	0.9993738575	Q0JRZ9	FCHO2
-0.1836668911	0.1132159714	O43657	TSPAN6
-0.3241578587	0.1667946705	P06737	PYGL
0.08074325648	0.5667979152	Q5SWH9	TMEM69
-0.127356018	0.4140407907	O43264	ZW10
-0.1218613152	0.458095437	O94923	GLCE
0.05613299854	0.8778830323	P0C1Z6	TFPT
1.076324004	0.01954353951	Q8WYA1	ARNTL2
-0.01591011062	0.9407611454	Q13232	NME3
0.07245799921	0.6060038977	Q9Y2C4	EXOG
0.1433102044	0.3549073595	Q9H147	DNTTIP1
0.09683326042	0.4314362367	Q96S55	WRNIP1
0.07248174214	0.6769408489	Q8NEZ2	VPS37A
0.1450068979	0.4021073008	O60563	CCNT1
0.2308301749	0.2633941405	Q9Y2G9	SBNO2
-0.1041672562	0.5009108462	Q92552	MRPS27
-0.06544296612	0.6085191108	Q9UJW9	SERTAD3
0.07264108727	0.6969500746	Q5T6F0	DCAF12
-0.009690323868	0.9364576955	Q86VR2	RETREG3
0.1118553644	0.4097942121	Q9HCI6	KIAA1586
0.1225751229	0.4375212695	Q96B45	BORCS7
0.1964858872	0.3419384972	Q15546	MMD
0.1153409834	0.4177725548	Q96JM3	CHAMP1
0.1361754544	0.3675439207	Q8IXI1	RHOT2
0.1641083707	0.3713755677	Q9Y5K6	CD2AP
-0.07466094998	0.797556579	Q96MK3	FAM20A
0.1201247824	0.4817017349	Q6PJW8	CNST
0.06402666221	0.6741282171	Q9NWF9	RNF216
0.07088177461	0.5662547586	Q9H2U1	DHX36
-0.0536946594	0.8383402022	O95243	MBD4
-0.08264241304	0.5312791005	Q9UKI8	TLK1
-0.04870735455	0.8020751315	Q9HCU5	PREB
-0.01936122753	0.9108570433	O75072	FKTN
-0.02174607678	0.8962143934	Q9ULK4	MED23
-0.06655580054	0.6218872757	Q9H9E1	ANKRA2
0.1529354942	0.189160266	P53677	AP3M2
0.1572779715	0.3602541381	Q9Y2F9	BTBD3
0.1290200295	0.5976579749	O75326	SEMA7A
0.01165522895	0.9299148533	Q969F9	HPS3
-0.03036171695	0.870741898	Q9H2C2	ARV1
0.1435850288	0.5408600338	P98175	RBM10
-0.06487031841	0.6199345851	Q9Y2E4	DIP2C
0.03930464062	0.8433652868	Q5VU43	PDE4DIP
-0.2413344102	0.1958800297	Q86SR1	GALNT10
0.1966355545	0.4021073008	Q92830	KAT2A
-0.04312045283	0.7378886236	Q8NCM8	DYNC2H1
0.0009863029906	0.9968461974	Q8N201	INTS1
0.3100100726	0.2100055802	Q96D31	ORAI1
-0.002508280709	0.9885637701	Q92540	SMG7
-0.1491540281	0.2852692998	O94964	SOGA1
0.2519202469	0.08100889268	O94851	MICAL2
0.1282948238	0.3788393789	Q9BUE6	ISCA1
0.2053935036	0.2075850065	Q96JP0	FEM1C
-0.0676244219	0.6266573119	P62952	BLCAP
0.3281382849	0.1825164142	Q9NRL2	BAZ1A
0.04086769128	0.8362537674	Q9HCM1	KIAA1551
-0.05868961504	0.7076753338	Q13618	CUL3
0.1773796376	0.6808281101	Q9NX00	TMEM160
-0.1960800612	0.1545830933	Q9H2H8	PPIL3
0.02264379666	0.8440787413	Q9H4P4	RNF41
0.2605802048	0.2302523282	P12643	BMP2
-0.1127062816	0.2547198033	O00273	DFFA
0.04918091181	0.7830403538	P63279	UBE2I
0.7754216914	0.1226196758	O14682	ENC1
-0.02378015051	0.8898745537	Q5NDL2	EOGT
0.1407875371	0.1743162781	Q9P0J7	KCMF1
0.331631417	0.5296544486	Q02363	ID2
0.0451996262	0.7772992289	Q15334	LLGL1
-0.118127021	0.2701256947	Q969E2	SCAMP4
0.01353186579	0.9471732569	O60336	MAPKBP1
0.3150109386	0.3216428226	P53805	RCAN1
0.0823112297	0.6969500746	Q02040	AKAP17A
-0.3189428769	0.2088470259	P20700	LMNB1
0.009244217186	0.9580910238	Q8IUH5	ZDHHC17
0.2050530572	0.276469551	Q9GZS1	POLR1E
-0.1072395552	0.3454724369	Q5TC12	ATPAF1
0.07952134904	0.6624385775	Q58A45	PAN3
-0.03602237073	0.8275173035	Q13153	PAK1
1.41144123	0.008766466099	Q9BYX4	IFIH1
0.04201801839	0.8621476117	P58397	ADAMTS12
-0.03613833736	0.9143104375	P23919	DTYMK
-0.06356818116	0.8210787191	Q9HBU6	ETNK1
0.09924162109	0.4022513441	Q9NYF3	FAM53C
0.04814208401	0.722638279	O43422	THAP12
-0.02194853214	0.9094200594	Q9BVT8	TMUB1
0.06845201812	0.6470639	Q96D70	R3HDM4
0.03249314297	0.831635865	O95714	HERC2
-0.02778673922	0.8084821746	Q5T2E6	ARMH3
-0.08569129636	0.630312368	Q9Y4L5	RNF115
-0.1204360634	0.2728954864	P49750	YLPM1
0.02182540935	0.8762661258	P27448	MARK3
0.04604638713	0.8011425759	Q7Z7H8	MRPL10
0.04506625986	0.8479055867	Q96G25	MED8
0.1164133939	0.5184966798	O95758	PTBP3
0.009875231727	0.9700430614	O14744	PRMT5
-0.008613117285	0.9444142936	Q5JVF3	PCID2
0.0119610585	0.9733558695	P51668	UBE2D1
0.03563419453	0.7611108516	Q9P2I0	CPSF2
-0.1127809355	0.4781261848	Q12830	BPTF
-0.04198912135	0.8181898409	Q9HC62	SENP2
0.1088405357	0.514142618	Q9NVI7	ATAD3A
0.009998321204	0.9471815659	Q9UEG4	ZNF629
0.1089236416	0.5967870287	P10155	TROVE2
-0.01120179758	0.9580910238	O95772	STARD3NL
0.03148005558	0.8372962725	Q7Z6E9	RBBP6
0.08167222884	0.7001835192	Q9H6T3	RPAP3
-0.05721839664	0.603680126	Q9BRL6	SRSF8
-0.09149130221	0.4489924948	Q12959	DLG1
0.214018285	0.2242011161	Q05932	FPGS
0.0297428525	0.8392539016	Q96RP9	GFM1
0.004224423436	0.9809260446	Q96JI7	SPG11
0.05037161486	0.7449895634	Q9Y3Y2	CHTOP
0.07591151798	0.5598372451	Q9Y2U5	MAP3K2
0.1829144572	0.1797366299	Q9Y6Y0	IVNS1ABP
-0.01618676587	0.9415596309	Q8NI36	WDR36
0.1023798229	0.4468947827	P48200	IREB2
0.162940813	0.6755277131	P21781	FGF7
-0.05150485486	0.670518852	Q6ZT12	UBR3
0.1587986111	0.4112559226	Q9HCG7	GBA2
0.08573446272	0.4865895662	Q9HBD1	RC3H2
0.06090988314	0.7512881407	P57088	TMEM33
0.09454976947	0.418414559	Q9Y315	DERA
-0.02991040079	0.8249710814	Q9Y4F3	MARF1
-0.237268471	0.4193195382	Q6UWH4	FAM198B
-0.201927477	0.3676198726	Q9Y5U8	MPC1
-0.3175128076	0.5618074117	Q53FP2	TMEM35A
0.0528210461	0.9328773718	Q9Y242	TCF19
-0.197430915	0.6551324131	Q6P4F7	ARHGAP11A
0.1209876143	0.3727032184	Q9UHA2	SS18L2
0.199472821	0.1869986855	Q9C004	SPRY4
0.06026421351	0.6808281101	Q6P1X5	TAF2
0.007389756643	0.9700255909	Q86XR8	CEP57
0.2686290388	0.2590707757	Q9UBM1	PEMT
-0.02752713147	0.8848455096	P30291	WEE1
-0.1032922255	0.3634703787	Q9NQC1	JADE2
0.2258317832	0.09884283941	P62314	SNRPD1
-0.07715692708	0.7429727048	Q9BSL1	UBAC1
-0.08388784351	0.6375208017	Q9UEW8	STK39
0.07788471513	0.7864660148	Q9NSC2	SALL1
-0.06201068178	0.6316040622	Q9BTX7	TTPAL
0.2325256592	0.08116236927	Q9BZX2	UCK2
-0.05730734411	0.8044004494	P56589	PEX3
0.04601404926	0.740122091	Q7Z3T8	ZFYVE16
0.08830138466	0.5056247681	Q13613	MTMR1
0.01294930579	0.9204555565	Q14155	ARHGEF7
-0.048307551	0.7495583799	P17014	ZNF12
-0.1110018561	0.549461805	Q99523	SORT1
0.07696034867	0.6909157607	Q99570	PIK3R4
-0.09906964535	0.5938074075	P15848	ARSB
-0.4844721802	0.02682372516	Q96I59	NARS2
0.06867099524	0.7705891754	Q5VV67	PPRC1
0.08629990303	0.7063863733	O14544	SOCS6
-0.1158583473	0.5981265773	Q9H269	VPS16
-0.1740832846	0.1531755423	P61225	RAP2B
-0.04296335648	0.868894039	Q9GZT9	EGLN1
-0.1533534225	0.3611116253	Q8NCW6	GALNT11
0.08018358993	0.6108015747	Q9NVM9	INTS13
-0.06760102831	0.6390106235	Q9BX95	SGPP1
-0.05099139127	0.8097469558	Q9H0L4	CSTF2T
0.7061257754	0.008653999835	P13995	MTHFD2
-0.04557474907	0.7378886236	Q9H6A9	PCNX3
0.2891454241	0.02111477794	P06241	FYN
-0.09443959031	0.5089055682	Q13608	PEX6
0.02392092408	0.9290323807	O60669	SLC16A7
0.0004843550817	0.9983664884	Q6IQ21	ZNF770
0.03685300913	0.7803615852	Q92503	SEC14L1
0.01163697698	0.9471815659	P48637	GSS
0.2138871518	0.171333936	Q969X6	UTP4
0.04869290373	0.8832605376	O14543	SOCS3
0.04746183389	0.7552240493	P11117	ACP2
0.3540974884	0.1184017312	P55210	CASP7
-0.08181436723	0.6737087224	O75074	LRP3
0.1809100204	0.3132247843	O43677	NDUFC1
0.02916879354	0.8771303032	Q96CS2	HAUS1
-0.116895972	0.3185456222	O95271	TNKS
0.1196822733	0.436735712	P52294	KPNA1
-0.2048774654	0.1282703474	O43166	SIPA1L1
-0.01827208002	0.9204026978	Q8WU20	FRS2
-0.1740254169	0.1843347256	Q9NYD6	HOXC10
0.1629093712	0.341776321	Q8N3F8	MICALL1
-0.005958870651	0.9814095012	Q8WXA9	SREK1
-0.1066354071	0.545802832	P63027	VAMP2
-0.3192237955	0.01737624354	Q92519	TRIB2
-0.03901857029	0.7063863733	Q8TEV9	SMCR8
-0.2078415092	0.341178868	Q9NUM4	TMEM106B
0.6634461624	0.08955124943	Q16690	DUSP5
0.07646182686	0.5910715376	Q9UK97	FBXO9
0.08204209514	0.5738732008	P49760	CLK2
0.1082858375	0.4924184556	Q9NYV4	CDK12
0.02332959537	0.9081873789	O75581	LRP6
0.1413840702	0.2051087404	P53041	PPP5C
0.05051049798	0.6536866023	Q96BF6	NACC2
-0.09557655486	0.5232199094	Q9BUM1	G6PC3
-0.02500158214	0.8644086357	P22681	CBL
-0.01556407515	0.927702637	Q5T8P6	RBM26
-0.2013338263	0.1384232405	O75323	NIPSNAP2
-0.04367862861	0.7604717113	O43639	NCK2
-0.09386522331	0.5449440211	Q6TFL4	KLHL24
-0.172706033	0.1728081977	Q96A29	SLC35C1
0.2381491214	0.04744569794	Q9BRS8	LARP6
0.08925925265	0.4940866511	Q9NXF1	TEX10
0.1416106401	0.4178156693	Q9HAH7	FBRS
0.352269999	0.04232546264	Q14164	IKBKE
0.1049338891	0.7055980324	Q9H160	ING2
0.01079708093	0.9671465472	Q9H0K1	SIK2
-0.07294186039	0.6108015747	Q8IX04	UEVLD
0.590399489	0.01169933542	Q9BWW8	APOL6
-0.1222042079	0.507604823	Q9H5H4	ZNF768
0.04445326696	0.8797406326	Q99608	NDN
-0.08218038861	0.6886600041	Q99622	C12orf57
-0.1572398726	0.2250676618	Q9BRR3	TMEM246
0.1957423922	0.5056247681	Q86YL7	PDPN
0.04151542088	0.7896325535	Q13526	PIN1
-0.01460549448	0.9342837509	Q9UET6	FTSJ1
-0.008306700576	0.9601794684	Q7Z460	CLASP1
0.210540519	0.1971589964	O94768	STK17B
0.08887000545	0.7262097517	P49810	PSEN2
-0.1047423712	0.3830045153	Q9NRH3	TUBG2
0.3476250917	0.03554915596	Q6R327	RICTOR
0.1288567508	0.4086446104	O94804	STK10
0.0197765774	0.9188511306	Q9UIS9	MBD1
-0.005812285556	0.9738603427	O95336	PGLS
0.02100720324	0.8924035216	O75886	STAM2
0.1943018021	0.3196949956	Q13277	STX3
0.2481995071	0.1595359862	Q15653	NFKBIB
0.008986280887	0.9651057758	Q9Y375	NDUFAF1
-0.143735682	0.7636081691	Q02241	KIF23
0.1027330906	0.4277451801	Q5VT06	CEP350
-0.128531614	0.5164494219	Q6PKC3	TXNDC11
0.04866202811	0.8374071618	Q9Y6A4	CFAP20
-0.06199257087	0.5313853729	O95299	NDUFA10
0.2473643692	0.2400182412	Q96QB1	DLC1
0.1543265354	0.189160266	Q9BZL4	PPP1R12C
-0.08149661035	0.6956733799	P13645	KRT10
-0.02237753266	0.8826547346	Q9H1B5	XYLT2
0.1256165621	0.3169011353	Q8WY91	THAP4
-0.08899916013	0.7573247809	P27707	DCK
0.1536138216	0.3488551486	P52701	MSH6
0.07011755278	0.4962644922	Q8NBZ7	UXS1
0.06574585121	0.5894443185	Q8WXG6	MADD
0.02582772989	0.8778830323	Q9H1I8	ASCC2
0.03197871994	0.8120834355	A3KN83	SBNO1
0.1727732161	0.342779288	Q6PK04	CCDC137
0.009232274591	0.9671465472	O14880	MGST3
0.006652677783	0.9749978288	Q9Y5P4	COL4A3BP
-0.06623082402	0.6589913757	Q9UGI8	TES
0.07394657994	0.7060927593	Q8NB49	ATP11C
0.07637804058	0.7327041311	Q8WWH5	TRUB1
0.02177404978	0.8678359271	O94829	IPO13
0.03237219791	0.8120834355	Q8TF74	WIPF2
-0.05016612845	0.6543622733	O75367	H2AFY
-0.1116360294	0.4222159009	Q9NPG3	UBN1
-0.08204098545	0.6445962472	Q8WUJ0	STYX
-0.2730442377	0.2424199462	P54760	EPHB4
0.03442100222	0.862589591	Q9NVN8	GNL3L
0.09697119387	0.4398773539	O43823	AKAP8
0.1085921951	0.545802832	Q9UPN9	TRIM33
-0.04061039987	0.7178301721	O43741	PRKAB2
0.1467191181	0.1778627189	Q5U5Q3	MEX3C
-0.07966763971	0.579807744	Q96CP2	FLYWCH2
0.1024528695	0.4601376826	Q6UXH8	CCBE1
0.1572923522	0.586550656	Q9HBH5	RDH14
0.04754367314	0.7111443192	O75449	KATNA1
0.113655803	0.4395407709	Q9BPX5	ARPC5L
0.0882448251	0.4257439184	P54920	NAPA
0.1873357135	0.2387748978	O60675	MAFK
0.03778357185	0.8766894358	P58004	SESN2
-0.199226037	0.2236933026	Q9H2U2	PPA2
0.1120205742	0.4492140743	Q7L2E3	DHX30
-0.1618105112	0.4405276541	Q15555	MAPRE2
-0.08048602879	0.7069720681	E0CX11	STMP1
0.07466583433	0.5821649525	P28328	PEX2
-0.02206069704	0.9154016252	Q8N567	ZCCHC9
0.06334677365	0.542916391	Q9NTN3	SLC35D1
0.1844636683	0.2327929008	P57105	SYNJ2BP
0.07095069421	0.6212712576	Q969K3	RNF34
0.02096306992	0.9120475188	Q96JK2	DCAF5
-0.019511698	0.9218833669	P48507	GCLM
0.1778173726	0.1819800945	Q96EB6	SIRT1
0.0352727037	0.86781979	Q9UGU5	HMGXB4
-0.05212205059	0.8539433784	Q8WXC6	COPS9
0.04324557339	0.8392539016	Q8TBM8	DNAJB14
-0.1055067084	0.5436486618	P23470	PTPRG
-0.1868440652	0.3785392883	P54652	HSPA2
0.03882358942	0.7758532169	Q96EC8	YIPF6
0.1421169898	0.457245372	Q9BQG0	MYBBP1A
0.02009835211	0.9260345616	Q14684	RRP1B
0.03761940864	0.8405942866	Q9GZT8	NIF3L1
0.1971504324	0.1954239455	O94967	WDR47
-0.0598319061	0.6873561766	P10588	NR2F6
0.08123946531	0.6066201908	O75943	RAD17
0.101166247	0.5216693851	Q96SY0	INTS14
-0.09310171134	0.8163794623	A0A096LP01	SMIM26
-0.003529416231	0.9870406171	Q9BV36	MLPH
0.02956212101	0.8392405609	Q9Y5S9	RBM8A
-0.05671323192	0.6827551778	Q9H270	VPS11
0.1408473428	0.4519779332	Q14690	PDCD11
-0.137146832	0.4278882581	P82933	MRPS9
-0.05459620092	0.7010549972	Q6PID8	KLHDC10
-0.1113284045	0.6597770436	Q9P016	THYN1
-0.3135618438	0.184983331	P04066	FUCA1
0.04129677744	0.756116495	P83876	TXNL4A
-0.003571595858	0.9847715539	Q93074	MED12
-0.05387930863	0.8986534894	P00374	DHFR
-0.01735546209	0.928097324	Q7Z3C6	ATG9A
-0.2033469335	0.4423370129	P52758	RIDA
0.1218675605	0.3817524335	Q6NW34	NEPRO
-0.07350507883	0.514142618	Q8TF72	SHROOM3
0.213752008	0.1257591091	Q9NT62	ATG3
0.01209402099	0.9318196838	O94983	CAMTA2
-0.2801219723	0.5279197425	O15392	BIRC5
-0.0718234501	0.6212712576	Q8N4N3	KLHL36
0.05141505507	0.7985349183	Q96P16	RPRD1A
0.3045093116	0.0607356089	Q16778	HIST2H2BE
-0.181022327	0.1866249515	Q14681	KCTD2
-0.07260384574	0.6562595181	Q9H2K8	TAOK3
-0.004002268081	0.9854389526	Q9H7Z7	PTGES2
0.0256193274	0.8381909843	Q8NEZ3	WDR19
-0.007410839313	0.9717308163	Q9Y2C2	UST
0.04933490084	0.7584535761	Q9UIU6	SIX4
0.0354544294	0.835271102	P42336	PIK3CA
-0.04210081999	0.8087045747	O75521	ECI2
-0.1549552485	0.2595109234	O00409	FOXN3
-0.06796932295	0.5984414767	Q8IZQ1	WDFY3
-0.08070631417	0.551119522	Q495W5	FUT11
0.1992737348	0.4448209725	P13984	GTF2F2
0.1686942975	0.374118356	P36383	GJC1
0.08070231974	0.586550656	Q9NWM3	CUEDC1
0.04383544468	0.9146490828	Q9H2J4	PDCL3
0.2431118325	0.2723522753	Q9BTL4	IER2
0.06750084036	0.5468821159	Q6IPR3	TYW3
-0.03720569146	0.9257526929	Q03014	HHEX
0.1903177662	0.2593931636	P49441	INPP1
0.03736397396	0.8275173035	Q15526	SURF1
0.08891189259	0.5999399927	Q16612	NREP
0.1071020081	0.3459653075	Q15008	PSMD6
0.6046059619	0.3676198726	P15514	AREG
0.08056976862	0.5726470545	Q9ULG1	INO80
-0.07920154609	0.6502781376	P39687	ANP32A
-0.05112978998	0.7340074729	P63302	SELENOW
0.161659774	0.3417781777	Q9NPC3	CCNB1IP1
0.04726970941	0.7413974435	Q8WUD6	CHPT1
-0.05628956284	0.6843289814	Q9P265	DIP2B
0.1914800081	0.2018948338	Q9BU61	NDUFAF3
0.0562148087	0.7947752815	Q9NVH1	DNAJC11
0.05601798975	0.7943963879	Q9NWS6	FAM118A
-0.2142453289	0.2727960508	Q6UWL2	SUSD1
-0.1377635646	0.3988165164	P51797	CLCN6
0.08429525731	0.5787233398	Q8N5G2	MACO1
-0.1399938384	0.4289891468	Q7Z7F0	KHDC4
-0.3317593952	0.06032819606	O15370	SOX12
0.0583266361	0.7560506257	Q5SWX8	ODR4
0.07335129501	0.5429967806	Q9P275	USP36
0.01951715145	0.9602040081	Q9C005	DPY30
-0.07936855753	0.5805421048	P10586	PTPRF
-0.1409390898	0.3479985843	Q9BWW4	SSBP3
0.1755208526	0.5160413548	Q96EX3	WDR34
-0.06708192755	0.7234944028	Q9H2P9	DPH5
0.0009642941391	0.9959676218	P29375	KDM5A
0.06459360749	0.6475077246	Q13098	GPS1
0.001125804966	0.9968897747	Q9UBH6	XPR1
0.05880920291	0.6409153295	Q147X3	NAA30
-0.07130678073	0.6811178494	Q12852	MAP3K12
-0.2067981053	0.4039254452	Q92845	KIFAP3
-0.05285815451	0.7908542707	Q12800	TFCP2
0.05716077391	0.7560506257	Q9BX79	STRA6
0.2955170271	0.08427300509	P50452	SERPINB8
0.07045377373	0.5224703647	Q9BUA3	SPINDOC
0.001999869124	0.9919363196	P28288	ABCD3
0.4592089085	0.09638364074	P25940	COL5A3
0.1245341079	0.4989901196	Q9NRX1	PNO1
0.04329320534	0.7542433797	Q8IYH5	AC118549.1
0.07096867003	0.6205984906	P55198	MLLT6
-0.03875301349	0.8483901372	O95260	ATE1
0.09331280822	0.4580829095	O15156	ZBTB7B
-0.05666204788	0.6722662586	Q9ULE0	WWC3
0.344268006	0.2437001593	Q6PIU2	NCEH1
0.1042116697	0.3271509141	Q96PU4	UHRF2
-0.030714156	0.8704129329	Q86SQ9	DHDDS
0.05292682786	0.767204016	Q5VUJ6	LRCH2
-0.03830355631	0.8097469558	P14649	MYL6B
-0.0144458642	0.9596953811	Q9NRN7	AASDHPPT
0.2251991644	0.20800833	P0DJ93	SMIM13
-0.01011485159	0.9597488548	Q16537	PPP2R5E
0.1463400911	0.4160547081	P56749	CLDN12
0.03883434027	0.8020751315	Q9Y4C8	RBM19
-0.08821581938	0.6485338517	Q96K30	RITA1
0.06663523729	0.6934141778	Q9NV56	MRGBP
-0.02143112245	0.8898773336	Q9NVK5	FGFR1OP2
0.1463258556	0.4335907435	P09661	SNRPA1
-0.08756843748	0.6763067155	Q9Y6R0	NUMBL
-0.05497908126	0.7030435356	Q86VW2	ARHGEF25
-0.05299992466	0.7094833769	Q9NYI0	PSD3
0.0938090269	0.4840281788	Q9HBH9	MKNK2
-0.08166071082	0.5113048907	Q9UBB6	NCDN
0.1566668014	0.2526579992	P12757	SKIL
-0.01398144659	0.9221348468	Q8NC56	LEMD2
0.02221496743	0.8898773336	O95214	LEPROTL1
-0.02990321463	0.8204863522	Q9P2N6	KANSL3
0.1912202142	0.436735712	Q96BH1	RNF25
0.03998860786	0.7746421872	O75489	NDUFS3
-0.0271087609	0.8576822089	Q9BTE1	DCTN5
-0.04656744807	0.825968245	Q8NFH3	NUP43
0.09518918381	0.4817017349	Q05086	UBE3A
0.07395343794	0.8406778479	Q96H79	ZC3HAV1L
-0.2318494508	0.09638364074	Q86T24	ZBTB33
0.05804622141	0.5934654742	Q8IXJ9	ASXL1
-0.1071182709	0.4989901196	P16435	POR
0.05709311332	0.8035069478	Q9P0M9	MRPL27
0.1237126132	0.5064634153	Q53ET0	CRTC2
-0.3198636576	0.6397966518	Q15398	DLGAP5
0.003932081325	0.9861883176	Q9NZE8	MRPL35
0.1949035106	0.2961679874	Q3MHD2	LSM12
0.03860944171	0.8595524048	Q9BQQ3	GORASP1
0.007133448867	0.9624701442	Q9NSK7	C19orf12
-0.01659126109	0.9378789764	Q68CL5	TPGS2
0.03440357592	0.9002482223	Q53FA7	TP53I3
0.009233061324	0.9495569765	O14686	KMT2D
-0.008193981939	0.9700430614	O60784	TOM1
0.08862161961	0.6915297251	Q9NTJ4	MAN2C1
-0.23334733	0.4388905511	P57738	TCTA
0.6855794152	0.05922027726	Q8TCS8	PNPT1
-0.04656577483	0.7117264812	Q86SX6	GLRX5
0.03095497065	0.801759596	Q9BRX2	PELO
0.1923656878	0.2475413412	Q9H1C4	UNC93B1
0.1564944951	0.2051087404	O75884	RBBP9
-0.02433657419	0.8848815011	O43815	STRN
0.1840205734	0.2606724534	Q96GG9	DCUN1D1
0.125696707	0.549461805	Q3B726	TWISTNB
0.08793445487	0.4225575305	P45985	MAP2K4
-0.04044192235	0.7548882883	Q9H788	SH2D4A
-0.1312494522	0.5357626807	P49746	THBS3
-0.135972794	0.3776906706	O75575	CRCP
-0.1218130019	0.4459660589	Q13309	SKP2
-0.0573837297	0.6388207696	Q13315	ATM
0.2676717618	0.3500650626	O43818	RRP9
0.1746672761	0.1312920549	Q8TEJ3	SH3RF3
0.03294825517	0.8747715209	Q8IWZ6	BBS7
-0.2253015486	0.2000750875	Q8TE77	SSH3
-0.1568804981	0.3102567721	Q93100	PHKB
-0.08843120851	0.5362729108	Q969N2	PIGT
0.1037217407	0.5667979152	Q9P1Y6	PHRF1
-0.2467763018	0.2190290123	Q9Y4F9	RIPOR2
0.04077551837	0.7457088108	Q52LJ0	FAM98B
-0.03896953013	0.8020103981	Q9HAB3	SLC52A2
-0.02622926668	0.9059922907	Q6V1X1	DPP8
-0.1254630744	0.406161535	Q96N46	TTC14
-0.1369218028	0.1796495864	Q9UKL0	RCOR1
0.009901290983	0.9541348917	Q7Z6M2	FBXO33
0.07941427236	0.4895535132	P51911	CNN1
-0.07838119339	0.4751665835	Q9NQG6	MIEF1
-0.0757172722	0.7165377695	Q96GE9	DMAC1
-0.05387894861	0.8082814898	Q9NRG1	PRTFDC1
0.05537431695	0.7958831068	Q14160	SCRIB
0.2006833492	0.06907336366	Q8IWV7	UBR1
0.2166904026	0.3455422479	Q9UHV2	SERTAD1
0.1265559473	0.3764480047	Q96GS6	ABHD17A
0.1180536211	0.538974862	Q9P2K6	KLHL42
-0.7748634714	0.03056195353	Q9GZP0	PDGFD
-0.1144034325	0.5434504472	Q96CN7	ISOC1
-0.03401182469	0.9298576271	Q8N7F7	UBL4B
0.2360245252	0.2226485319	Q9P287	BCCIP
-0.04026705425	0.7593062777	Q92966	SNAPC3
0.1253862096	0.3190706145	Q9Y6M9	NDUFB9
-0.2601613387	0.09261706274	P51531	SMARCA2
0.1194325967	0.4953412727	Q9BSC4	NOL10
-0.005870205928	0.9794721063	Q9P003	CNIH4
0.1824850275	0.2461417432	Q9Y426	C2CD2
-0.1386657762	0.2528938418	Q9BRV8	SIKE1
-0.03785346505	0.8120964237	Q8TCT6	SPPL3
0.05686408343	0.7917026281	Q96DI7	SNRNP40
0.08118980673	0.3970532582	Q15029	EFTUD2
0.03787457198	0.8275173035	Q9UQR1	ZNF148
0.1121990417	0.3341770033	Q96RR4	CAMKK2
0.07812180491	0.6409153295	Q96HI0	SENP5
-0.1062159144	0.5183690146	Q5VU97	CACHD1
0.1302340529	0.2046753296	Q96AQ8	MCUR1
0.07258230551	0.5506754447	P43378	PTPN9
0.0597479109	0.6257728966	P63151	PPP2R2A
0.01125716575	0.9250019258	Q76L83	ASXL2
0.09450727975	0.6647203429	Q9Y2Z4	YARS2
0.07538490364	0.6737087224	Q9H0P0	NT5C3A
0.09819578249	0.7154649396	Q8NDZ4	C3orf58
-0.03998958483	0.8025488861	P49590	HARS2
0.06194910897	0.7830403538	Q9NPF0	CD320
-0.03003889372	0.9198325393	P48357	LEPR
0.03378761652	0.8025488861	Q5VSL9	STRIP1
0.1424824561	0.2075850065	O95104	SCAF4
0.003593389507	0.9879781537	Q9BW62	KATNAL1
-0.0002522362696	0.9988481818	Q8TF42	UBASH3B
-0.09627415371	0.4265505334	Q92793	CREBBP
-0.02701727514	0.9193522279	P62310	LSM3
-0.1570460948	0.4590917395	Q86WW8	COA5
0.333822145	0.1621092069	Q9HCN8	SDF2L1
0.003287758961	0.9903444068	Q9NYS0	NKIRAS1
-0.006155557776	0.968980131	Q99643	SDHC
-0.06743734212	0.6191402546	Q15020	SART3
-0.00177141297	0.9975899627	Q5SRI9	MANEA
0.03908617248	0.873728857	O43772	SLC25A20
-0.07759003546	0.7336292563	Q9Y3B7	MRPL11
0.09875346362	0.4895487437	O43572	AKAP10
0.1065108764	0.8234951332	Q8IV32	CCDC71
0.2498909046	0.06115523172	Q9UG56	PISD
-0.100013187	0.5506754447	P23229	ITGA6
0.08608194271	0.5607988706	Q8NG68	TTL
0.07927192648	0.7439300104	Q9GZV4	EIF5A2
-0.1666008664	0.1804220112	Q9H497	TOR3A
0.227390649	0.164959003	Q96DM3	RMC1
0.0534722456	0.8275173035	Q96AD5	PNPLA2
0.07232859745	0.6737502574	Q8NE86	MCU
-0.06079550341	0.8114013533	Q9GZU1	MCOLN1
0.1637628442	0.2373745401	Q8N9N8	EIF1AD
0.08321118722	0.6184455978	O14713	ITGB1BP1
0.03162840177	0.8721153619	Q9Y2L1	DIS3
0.1891687806	0.3082252193	Q86VR8	FJX1
0.1533485674	0.1754361166	Q6ZP29	PQLC2
0.07587552084	0.6054804182	Q6PIJ6	FBXO38
-0.08470077323	0.4332929737	O94952	FBXO21
-0.134526507	0.5835032922	A0JLT2	MED19
0.06387125329	0.6761837701	Q9NPI1	BRD7
0.08461213894	0.6737087224	Q8N5M4	TTC9C
0.03003308674	0.8711974125	Q86VN1	VPS36
-0.02420461003	0.9255366756	O75691	UTP20
0.02752049552	0.8727134136	Q96KM6	ZNF512B
0.09331110201	0.4191539863	Q52LR7	EPC2
-0.0362081267	0.7973568352	P98161	PKD1
0.05510454044	0.8120834355	Q8N2I9	STK40
-0.221572953	0.06693362342	Q96RU3	FNBP1
-0.0230248061	0.8924035216	Q8IXH7	NELFCD
0.1679296098	0.4508140995	Q9BQC6	MRPL57
-0.01112710788	0.9801736227	Q8WYQ3	CHCHD10
0.2196277218	0.1535517679	Q9UBL6	CPNE7
-0.1030336017	0.4813778946	Q9Y6J0	CABIN1
0.3880058159	0.184983331	Q9NYY3	PLK2
-0.1865176181	0.2563398003	Q9UM63	PLAGL1
-0.1191623031	0.3675439207	Q6P1M0	SLC27A4
0.1521890672	0.2226485319	Q969Q6	PPP2R3C
0.03652166372	0.7449558342	Q93050	ATP6V0A1
0.1182599436	0.457245372	Q00059	TFAM
-0.05201488088	0.7827350016	Q9Y2V2	CARHSP1
0.0606497406	0.6931216144	Q9UIV1	CNOT7
0.01367409308	0.9367594835	Q92546	RGP1
0.2001027774	0.3666965973	Q92597	NDRG1
-0.03659170545	0.8828362045	Q6PEV8	FAM199X
0.106244058	0.5714918919	O14929	HAT1
0.005390057317	0.9762023743	Q13586	STIM1
0.1257335414	0.4209957078	Q9NVV0	TMEM38B
0.08432982007	0.6876224843	O95999	BCL10
-0.07767650748	0.5715493941	Q8IZA0	KIAA0319L
0.0628146135	0.7882631963	Q9BVC5	C2orf49
0.05913323552	0.7666251244	Q9UJX2	CDC23
0.01761790475	0.9178258905	Q8TEW0	PARD3
0.3491672647	0.126765598	Q96GX5	MASTL
0.06647907225	0.5160413548	Q96Q42	ALS2
0.04763407559	0.756584125	Q86X52	CHSY1
0.009987781931	0.9701158897	Q9Y388	RBMX2
0.2347815561	0.3160245553	O95388	WISP1
-0.08203372777	0.6915297251	O95382	MAP3K6
-0.01980732961	0.9385165486	Q96RS0	TGS1
0.09989352588	0.4766578083	Q9H6Z4	RANBP3
-0.06134252087	0.5884634969	Q96GQ5	C16orf58
0.2840070902	0.5037352041	Q7RTV3	ZNF367
0.06257002673	0.869754882	Q9BXV9	GON7
-0.05251789552	0.7229319444	Q969S0	SLC35B4
-0.1425595875	0.4449086802	Q99962	SH3GL2
-0.09140362497	0.7698034091	Q06945	SOX4
0.01988587421	0.9250019258	O43395	PRPF3
-0.3367758364	0.2242425877	Q8IXV7	KLHDC8B
0.1209486175	0.4513743452	Q32P44	EML3
0.1717250762	0.206260283	Q86UU1	PHLDB1
-0.1411263865	0.3739140855	P38435	GGCX
0.2195099589	0.1401711151	Q5UIP0	RIF1
-0.2041463854	0.436735712	Q9BSG0	PRADC1
0.05734410858	0.7853478823	Q15819	UBE2V2
-0.01674854199	0.9051393496	P41240	CSK
-0.02030316925	0.9086293615	Q9GZP9	DERL2
0.4080573444	0.009012448064	Q5TEC3	ZNF697
-0.01621182725	0.93180998	Q9ULE3	DENND2A
-0.08893827	0.6086065669	Q9Y5Z7	HCFC2
-0.1737345145	0.3920693829	P22570	FDXR
-0.05307086206	0.723592948	O60645	EXOC3
0.1273199816	0.5735723386	P18754	RCC1
0.04138815518	0.8369827279	P36405	ARL3
0.02735525741	0.8841073283	Q5VW36	FOCAD
-0.02843265919	0.8848455096	Q9NRG9	AAAS
-0.07957352772	0.6782417304	Q96PN7	TRERF1
0.01824024942	0.9154016252	Q9UKV8	AGO2
-0.01986688981	0.9138805865	Q0VDG4	SCRN3
0.3191233089	0.03939747057	O75113	N4BP1
0.0125554616	0.9357245558	Q8WYA6	CTNNBL1
0.1864556241	0.3483157016	Q9C0D9	SELENOI
-0.1202229206	0.6741894771	Q53H82	LACTB2
0.005989640128	0.9815420532	Q53GT1	KLHL22
0.1637631038	0.4182543709	O75896	TUSC2
-0.03591150945	0.8582482109	Q9H741	C12orf49
-0.02466063112	0.8968326595	Q8TAM2	TTC8
0.05429203616	0.6823221932	P50570	DNM2
0.0009798923575	0.9957206676	P54098	POLG
-0.3209564028	0.1772631449	Q8TDB4	MGARP
-0.3103957852	0.08955124943	O94919	ENDOD1
0.02448766213	0.8894925154	O60524	NEMF
0.02521280955	0.9087273306	P56545	CTBP2
-0.05139123338	0.7568550467	Q9Y223	GNE
0.04467089329	0.7564411583	Q9HA77	CARS2
0.08536277487	0.6532149554	Q96MW1	CCDC43
-0.04181224578	0.8242612257	P78347	GTF2I
0.02934039193	0.8406076103	O43674	NDUFB5
-0.04820382735	0.7441718415	Q7Z2E3	APTX
-0.00250301942	0.992857651	Q14738	PPP2R5D
-0.2264308372	0.4551594401	O15347	HMGB3
0.1395065224	0.5458661697	P23025	XPA
0.0506787892	0.8502268271	Q9UK76	JPT1
-0.02387329917	0.8837907438	Q08AE8	SPIRE1
-0.1383831434	0.8138372461	Q9BPX3	NCAPG
0.1566730858	0.6409153295	Q9H8M9	EVA1A
0.1464126836	0.5362729108	Q9BQT9	CLSTN3
-0.1871764314	0.5933116723	O43508	TNFSF12
0.1673999645	0.2801022275	Q8IUR6	CREBRF
0.0381518209	0.8620194502	Q8IZM9	SLC38A6
0.1107423954	0.5818569695	O14668	PRRG1
0.03463043861	0.8711118998	Q86U44	METTL3
-0.1724210679	0.1621092069	Q96T83	SLC9A7
0.1463097486	0.7128265692	Q71F23	CENPU
0.07617342501	0.4605488629	O75182	SIN3B
0.004638151846	0.9838753298	P49593	PPM1F
-0.4165177182	0.06127297948	P02511	CRYAB
-0.1706849773	0.1379602305	Q96S52	PIGS
0.04990504138	0.8922866402	O15209	ZBTB22
0.08959642095	0.6621092279	P09104	ENO2
0.2800333998	0.04229951	Q05655	PRKCD
0.06646125446	0.6409153295	Q86Y38	XYLT1
0.3707046198	0.03939747057	Q92537	SUSD6
-0.05540806529	0.7000466518	Q14154	DELE1
-0.09708577805	0.5789868405	Q969W3	FAM104A
0.1491446451	0.2663772882	Q9H869	YY1AP1
0.06794641254	0.8097469558	O00154	ACOT7
-0.07727721816	0.5312791005	Q3SXM5	HSDL1
0.09436424522	0.4865121135	Q9UI43	MRM2
0.06425770688	0.6969538335	Q7Z5L2	R3HCC1L
-0.06464826194	0.5976579749	Q9Y5Q8	GTF3C5
-0.271046095	0.3429339091	Q9BRQ5	ORAI3
-0.1717800701	0.433776983	Q9BQA1	WDR77
-0.05559878161	0.7106904631	Q9UM11	FZR1
0.0007748999317	0.9975899627	Q9BVI0	PHF20
0.07075095437	0.6162240354	P23443	RPS6KB1
0.03048879791	0.8936285995	Q6UXH1	CRELD2
0.2355398456	0.289343872	P35548	MSX2
0.2976145115	0.3932932755	P10124	SRGN
0.05903148832	0.8143114106	Q9H410	DSN1
-0.0108905728	0.9593761033	Q7Z3K3	POGZ
-0.05117074472	0.6756527813	O75940	SMNDC1
0.02558413549	0.8743667301	Q9UKN8	GTF3C4
-0.1033047503	0.7122689093	Q9NUJ1	ABHD10
-0.02527358863	0.9209830251	Q9NUP9	LIN7C
-0.06307613825	0.7284595423	Q9BXM7	PINK1
0.1506326552	0.4459660589	Q9NRK6	ABCB10
-0.01858705567	0.950887064	Q9UBF2	COPG2
0.1536438818	0.2666512941	Q53GL0	PLEKHO1
0.1640276855	0.5605830812	O75438	NDUFB1
-0.0497615307	0.7969055337	Q9BRA0	NAA38
0.2896997571	0.04581477953	O43184	ADAM12
0.08579468495	0.6088574838	Q6NW29	RWDD4
-0.07326537006	0.5036240875	P31751	AKT2
-0.45336225	0.3447212252	Q12834	CDC20
0.115344827	0.3803418138	P49840	GSK3A
0.01863329241	0.8848815011	Q4KMP7	TBC1D10B
0.07921221588	0.6715131852	Q7L1W4	LRRC8D
0.1306979456	0.4265505334	Q8NHV5	MOSMO
-0.06220457486	0.6789215954	P14373	TRIM27
-0.08143082062	0.6469857045	P36894	BMPR1A
-0.03908854592	0.8866568039	Q9NW07	ZNF358
-0.001219138305	0.9953540032	O75746	SLC25A12
-0.03249012919	0.8372962725	Q32MH5	FAM214A
0.0699141628	0.704521743	Q6PCD5	RFWD3
-0.09592880013	0.4591816348	Q96K37	SLC35E1
0.02465015797	0.8581950346	Q9P215	POGK
-0.06175709869	0.669863335	Q9BV44	THUMPD3
0.03270113729	0.7734734719	Q3KNV8	PCGF3
-0.0307366521	0.9154016252	Q9HB07	C12orf10
0.09554522416	0.4728239115	O75828	CBR3
0.09015671865	0.5839662372	Q969S9	GFM2
-0.01964529325	0.9108142334	C9JLR9	C11orf95
0.06256172098	0.6717611656	Q9UKK6	NXT1
0.06310845102	0.6513059802	Q6ZUT6	CCDC9B
0.08144583349	0.6348673436	Q05048	CSTF1
-0.06387663141	0.658741495	Q9HCE3	ZNF532
0.04230879952	0.8102744862	O75319	DUSP11
0.07153003473	0.5313853729	O60333	KIF1B
-0.1673265873	0.3196058646	O00462	MANBA
0.06104484532	0.7664693935	O75618	DEDD
-0.02675350365	0.9137105512	Q15428	SF3A2
-0.04591601529	0.8087045747	Q86X02	CDR2L
0.1111183135	0.544379868	Q8N2K1	UBE2J2
-0.0008651687923	0.9968461974	Q5VUA4	ZNF318
0.01812537009	0.9479895712	Q9NYG5	ANAPC11
0.04685159204	0.8402359854	Q8N5N7	MRPL50
-0.1009233002	0.4509652676	Q9UFN0	NIPSNAP3A
0.1091383808	0.5665897618	Q92769	HDAC2
0.1585864422	0.4395407709	Q96BR5	COA7
0.00925180309	0.9713289941	Q9Y5B6	PAXBP1
0.2498269488	0.2215238506	Q7LFX5	CHST15
-0.1207020018	0.5255636591	Q8IXJ6	SIRT2
0.0514287047	0.7506397656	Q15569	TESK1
-0.02078624357	0.9062280924	Q99797	MIPEP
0.003106932867	0.9859525011	Q76FK4	NOL8
-0.05356906758	0.851489591	Q96E29	MTERF3
-0.0228246143	0.8822644677	Q92800	EZH1
-0.01785949338	0.9120520823	Q8NCN5	PDPR
0.0258838596	0.8975258337	Q8N3R9	MPP5
0.004556058905	0.9893343057	Q8N983	MRPL43
0.000434095553	0.9983994867	Q9NYY8	FASTKD2
0.04566911743	0.9169970614	Q8TF66	LRRC15
-0.05586874372	0.8285421644	Q504U0	C4orf46
0.1420808645	0.5013189779	Q9BTL3	RAMAC
-0.07117925986	0.6348673436	Q7RTS9	DYM
-0.1230453869	0.6360221591	Q5VST6	ABHD17B
-0.1126215163	0.5767325415	Q69YZ2	TMEM200B
0.06526066837	0.6614327407	Q4LE39	ARID4B
0.09464172307	0.4273200439	Q9UBS4	DNAJB11
0.06556241058	0.7438104874	P54851	EMP2
-0.06724195272	0.5637825297	O95405	ZFYVE9
0.1396812807	0.2531041601	Q9Y4B6	DCAF1
-0.1320366939	0.7063863733	P82980	RBP5
0.01589031995	0.9289352951	Q6P1J9	CDC73
0.1819621168	0.2769011862	Q9H223	EHD4
-0.3053714647	0.1322749931	O00212	RHOD
-0.06349731439	0.6597770436	Q9NXE4	SMPD4
-0.03083294117	0.7980124712	Q3BBV2	NBPF8
0.01653196291	0.9120515298	Q05397	PTK2
1.365737103	0.0009897687924	P15018	LIF
-0.1410541754	0.584501253	P30872	SSTR1
0.02571495941	0.8450597036	Q9H0F6	SHARPIN
-0.08257826443	0.7733686234	Q9UBY5	LPAR3
0.02543122713	0.8138372461	Q9UJU6	DBNL
0.1799589268	0.1535517679	Q53T94	TAF1B
0.1168555849	0.6166575407	P24941	CDK2
0.2291683243	0.1043525569	Q9Y561	LRP12
0.1826375032	0.5004682997	Q16611	BAK1
-0.07532177453	0.6667330411	P10114	RAP2A
0.1044043687	0.4508140995	P07992	ERCC1
0.08209310377	0.549774896	Q96JB2	COG3
-0.03550290414	0.7429727048	Q9UN37	VPS4A
0.0499459551	0.7021211818	Q9Y4W6	AFG3L2
-0.02447422624	0.8822644677	O94777	DPM2
-0.08970306803	0.6882250608	A1L0T0	ILVBL
0.1179620098	0.3776906706	O00716	E2F3
-0.06718748395	0.6796302929	Q6ZNA4	RNF111
-0.1021433991	0.5903986442	Q9H9S4	CAB39L
0.1199765482	0.3918820951	O95602	POLR1A
0.1292283711	0.8441130764	Q5EE01	CENPW
-0.08824878529	0.5254649009	P55197	MLLT10
-0.1838641668	0.3792558855	P08069	IGF1R
-0.0608274902	0.6761837701	Q5BJF6	ODF2
0.06404313711	0.5746223972	Q99615	DNAJC7
-0.04268859009	0.7025516506	Q9UHP3	USP25
-0.08392281524	0.5754100817	Q9H019	MTFR1L
0.1053529371	0.5818874333	Q9Y2R9	MRPS7
-0.09997544525	0.3530736861	Q96GQ7	DDX27
0.05310749641	0.7262097517	O15516	CLOCK
-0.04381749544	0.8443337712	Q15843	NEDD8
0.08550713154	0.544379868	P38432	COIL
-0.05628362385	0.7056439403	Q92802	N4BP2L2
-0.06171773902	0.6356276892	Q5TAQ9	DCAF8
-0.0402509542	0.8099061861	Q9H0E3	SAP130
0.1392505244	0.4987245055	P25786	PSMA1
-0.06893135936	0.8995831451	P24310	COX7A1
-0.1142464319	0.3169011353	P61764	STXBP1
0.0302846219	0.8412302841	Q92888	ARHGEF1
0.008851372574	0.9761145712	Q13445	TMED1
0.2026433359	0.1638807413	Q693B1	KCTD11
-0.2357351003	0.1766932085	Q9UKG9	CROT
0.1637405761	0.3769477475	A6NFI3	ZNF316
-0.07925922467	0.4895487437	O75683	SURF6
0.01842398864	0.9135620021	Q00613	HSF1
0.0992525572	0.5203727944	O15155	BET1
0.1478989862	0.586550656	Q96MF7	NSMCE2
0.1004262047	0.4660674416	Q13330	MTA1
-0.03197126263	0.8936285995	P05106	ITGB3
-0.05792151092	0.7097616762	P33121	ACSL1
0.1583684647	0.3474573461	Q9BVL2	NUP58
0.09237569262	0.551119522	Q9NVX0	HAUS2
-0.1305091645	0.436735712	P04626	ERBB2
-0.3038587874	0.2383712173	Q9P2P1	NYNRIN
0.007743606938	0.9659367273	Q63HM2	PCNX4
0.09615921857	0.6248902823	Q8NHY2	COP1
0.08577577694	0.7231467921	Q9NPD8	UBE2T
0.185128924	0.3314722957	Q96LR5	UBE2E2
0.04252913082	0.797556579	Q9NXV6	CDKN2AIP
0.06722839248	0.5595691972	P82650	MRPS22
-0.05501702795	0.6499653533	O75448	MED24
-0.04206378563	0.8244625272	O60573	EIF4E2
0.1105101756	0.5525468946	Q9Y484	WDR45
-0.08091476565	0.436735712	Q7L1V2	MON1B
-0.125500208	0.4468824364	P35475	IDUA
-0.1622608256	0.5735723386	Q96EK4	THAP11
-0.02864877705	0.7982275681	P21359	NF1
-0.008314093282	0.962760949	P78410	BTN3A2
0.1300888362	0.3550170494	Q8N490	PNKD
-0.07126314631	0.7026001042	Q8TBP5	FAM174A
0.02354690914	0.9128476345	Q9UMS5	PHTF1
0.02729206425	0.9109914238	Q9UH92	MLX
-0.06331313538	0.6755277131	Q92630	DYRK2
0.2101140271	0.1448406683	P41162	ETV3
0.1499683619	0.3713995625	Q9BYD6	MRPL1
-0.3905098621	0.1085545044	Q05193	DNM1
-0.09097680049	0.5952993624	O60902	SHOX2
0.1567472715	0.1680900726	Q96N96	SPATA13
0.02370197629	0.9218833669	Q9NUD5	ZCCHC3
0.07997215678	0.5593035592	P35568	IRS1
-0.09041174523	0.4320259791	Q9NWT6	HIF1AN
-0.1591486083	0.4439288847	Q8N1B4	VPS52
-0.1344652434	0.3315439166	P10827	THRA
-0.08349194625	0.8035128815	Q9NQS7	INCENP
0.2458685185	0.06678310452	Q69YL0	NCBP2-AS2
0.04009039131	0.7591910927	Q9BTC0	DIDO1
0.03932375797	0.8138372461	O95273	CCNDBP1
0.1743604294	0.3958506663	Q6UW63	KDELC1
0.01873848935	0.9204555565	Q9NVC3	SLC38A7
0.1012429198	0.8020751315	P03999	OPN1SW
-0.04606082563	0.7853478823	Q9UJ70	NAGK
-0.09903467608	0.4824711624	O95429	BAG4
0.2526684681	0.06573727822	Q8NF64	ZMIZ2
0.1750030761	0.1647942203	Q92615	LARP4B
-0.02931363264	0.8393719058	Q9UP83	COG5
0.2113323501	0.3231570892	Q9NXH9	TRMT1
0.02766586241	0.870741898	Q9UBQ7	GRHPR
0.04068497267	0.8241416848	Q8N8R7	ARL14EP
0.02043844781	0.8958738251	Q9ULC8	ZDHHC8
0.00773535675	0.9662117182	Q86TI2	DPP9
0.2265346367	0.1265527486	Q6IQ49	SDE2
-0.07851171985	0.6386898692	P29218	IMPA1
0.08970663099	0.5572077851	Q9UBL3	ASH2L
0.08479219738	0.5969578322	Q8N128	FAM177A1
0.1419454948	0.4716270403	P17174	GOT1
0.1686649718	0.4340670857	Q9UPT6	MAPK8IP3
2.249151024	0.001500749942	P80098	CCL7
0.06330855531	0.7393162889	O95696	BRD1
-0.1540688624	0.4763796572	Q96B54	ZNF428
-0.4123318123	0.5590789361	O95235	KIF20A
0.08750578876	0.4987245055	P15884	TCF4
0.1289267277	0.5232841639	O96008	TOMM40
0.03338512022	0.8841073283	Q8TCC3	MRPL30
-0.04645334258	0.831193457	Q9H4F1	ST6GALNAC4
-0.04771990711	0.8508514501	Q9HA92	RSAD1
0.02530188576	0.8675349707	Q9Y6X9	MORC2
-0.03318853813	0.7840084086	Q12802	AKAP13
0.1036190056	0.3819767967	Q96N67	DOCK7
-0.3260055535	0.5595691972	Q8IZT6	ASPM
0.0127837873	0.9708094759	Q0VDF9	HSPA14
-0.04224068081	0.868894039	A6NJ69	IGIP
0.132349507	0.5854076394	Q02790	FKBP4
-0.0005074772737	0.9985326892	Q9UIQ6	LNPEP
0.007724700039	0.968980131	Q96SN7	ORAI2
0.07728323925	0.6086065669	Q8IWS0	PHF6
0.0966061299	0.6684866498	Q96H35	RBM18
-0.01066542006	0.9661599984	Q9NUQ7	UFSP2
0.0172595537	0.937585569	Q96K83	ZNF521
0.2248066568	0.3511309357	Q12894	IFRD2
-0.01681068869	0.9135620021	Q9Y4P3	TBL2
-0.06385035024	0.8120834355	P62805	HIST1H4I
-0.08394993636	0.4495660351	Q5QP82	DCAF10
0.07387013164	0.5733003375	O43734	TRAF3IP2
-0.4160358195	0.09851937235	Q9BSN7	TMEM204
-0.06542534395	0.8043836864	Q8N4L2	PIP4P2
-0.09963340237	0.675469351	Q9P021	CRIPT
-0.01446065565	0.9189639125	Q9NUN5	LMBRD1
-0.1271694106	0.5787233398	O60704	TPST2
-0.01807692285	0.9294274164	Q9NZ56	FMN2
0.05419416449	0.7335956262	O00255	MEN1
-0.06797141489	0.603680126	Q6ZSS3	ZNF621
0.04532505687	0.7495583799	O95861	BPNT1
1.268905369	0.0001047808398	Q9BYH8	NFKBIZ
-0.08168057974	0.5595691972	Q9UPV9	TRAK1
0.06171211199	0.704298981	Q9NVR2	INTS10
0.07623277157	0.6243666009	Q96RU2	USP28
0.2006397274	0.4685930064	Q9NZL4	HSPBP1
-0.2040474923	0.3894022098	Q14657	LAGE3
-0.02497330423	0.8727134136	O43791	SPOP
0.06773758682	0.824150961	Q03933	HSF2
0.1048318177	0.5752571551	O15212	PFDN6
0.1563923327	0.3952474936	Q9Y3M8	STARD13
0.1012023921	0.4751665835	A6H8Y1	BDP1
-0.03633550889	0.7957596825	Q92585	MAML1
0.2457801981	0.1897271162	O00470	MEIS1
-0.06568469028	0.6261514347	P54803	GALC
0.01317736485	0.9225610343	P51522	ZNF83
-0.03797850672	0.756116495	Q15291	RBBP5
-0.07914900399	0.5590789361	Q9H5V9	CXorf56
-0.1297427859	0.2475578147	Q92813	DIO2
-0.3407729716	0.0671101678	Q6P995	FAM171B
-0.1160470967	0.433776983	Q9NRD0	FBXO8
0.0005833779408	0.9975899627	Q9NYP3	DONSON
0.1291874675	0.3770150319	Q9NSY0	NRBP2
0.07088511956	0.6969538335	Q9P0R6	GSKIP
-0.01362138753	0.9324485201	Q6P1Q0	LETMD1
0.06494023629	0.6246793635	Q9NRR4	DROSHA
-0.06071886268	0.6672224994	Q9Y535	POLR3H
0.0581143679	0.7868336041	Q9BVM2	DPCD
0.002472808147	0.9879781537	Q14584	ZNF266
-0.01610269611	0.9062280924	Q92870	APBB2
-0.01633632577	0.9332534116	Q96RK4	BBS4
-0.04713656677	0.741612006	Q8WVD5	RNF141
0.2971218959	0.08116236927	Q9NYZ2	SLC25A37
0.09047614344	0.4431629172	Q5XG87	TENT4A
0.1512857523	0.2341748938	Q7RTP0	NIPA1
0.2330432785	0.3420939654	Q5T3J3	LRIF1
-0.1274729627	0.4234204353	P98174	FGD1
0.2171886503	0.2236933026	Q9BUB7	TMEM70
0.2731232751	0.05295191879	P61968	LMO4
-0.2526685623	0.06417188451	Q15349	RPS6KA2
0.03294436745	0.8634689872	O14733	MAP2K7
0.1290810004	0.5235649909	Q9H9A6	LRRC40
-0.001159744874	0.9969774391	Q9HBV1	POPDC3
-0.005640463778	0.9803900912	Q9Y4A0	JRKL
0.1497284979	0.5047851332	Q8IVP5	FUNDC1
0.1508687452	0.4685930064	Q7L5A3	FAM214B
0.1424655545	0.3708978913	Q13630	TSTA3
-0.008898753087	0.9698101943	Q9NUP1	BLOC1S4
-0.1944222946	0.3733194181	Q6ZSC3	RBM43
-0.08757723515	0.7278862268	Q8IV48	ERI1
-0.1069626019	0.3896234997	Q92558	WASF1
-0.145809996	0.1807231432	Q86YS7	C2CD5
0.05940498402	0.6065640741	Q9BPY3	FAM118B
0.04021083021	0.7495256554	O00214	LGALS8
0.05014370317	0.7413968011	Q9UPZ3	HPS5
-0.0233310544	0.8866568039	Q9Y4A5	TRRAP
0.1458906674	0.4650087932	P35250	RFC2
0.03020224695	0.8585881511	O75340	PDCD6
-0.07330514719	0.7229319444	Q92569	PIK3R3
0.06907453708	0.6737087224	Q14159	SPIDR
-0.08071263355	0.540512921	Q8WV22	NSMCE1
0.03445873549	0.9110820939	Q9H8G2	CAAP1
-0.01453998806	0.9322498948	Q8TEB1	DCAF11
0.09997433722	0.3345694983	Q9NRL3	STRN4
-0.06642988428	0.6590430505	Q9C0F3	ZNF436
-0.02067979396	0.9332534116	Q9NR33	POLE4
0.2231213886	0.1639313495	P48552	NRIP1
0.2818921107	0.09704463561	P49662	CASP4
0.08484565095	0.6085191108	Q9NY97	B3GNT2
0.06130376448	0.7490407674	Q8N8R5	C2orf69
0.02168025491	0.8866568039	Q96T23	RSF1
0.06189466071	0.7316640843	Q9H4I9	SMDT1
-0.1581677816	0.5340165115	Q8IYD1	GSPT2
0.04535386288	0.7807158697	Q96S38	RPS6KC1
0.08014640945	0.603680126	Q9NRY2	INIP
0.07791690442	0.7441718415	Q96HQ2	CDKN2AIPNL
-0.03867966078	0.7894921199	O14874	BCKDK
-0.02889155277	0.8878630614	Q49AG3	ZBED5
0.0331753113	0.8695797299	O00458	IFRD1
0.1710898371	0.2545077538	Q06787	FMR1
0.06948533924	0.6146476501	Q9UDV7	ZNF282
-0.03760602557	0.8244625272	Q9Y383	LUC7L2
-0.01568344673	0.9377813826	Q6ZN54	DEF8
0.06541754996	0.5501327434	Q96BY7	ATG2B
0.1199258654	0.5796704565	Q9H582	ZNF644
-0.2934087301	0.2958390983	Q9Y2H5	PLEKHA6
0.08362211051	0.8084821746	P30154	PPP2R1B
-0.1410503008	0.3819767967	Q9HAT2	SIAE
-0.04422592416	0.7914159668	Q9P203	BTBD7
-0.1483566577	0.4727623176	Q99447	PCYT2
0.03923030442	0.7840029361	O95674	CDS2
0.01112150538	0.9541348917	Q9NXK8	FBXL12
0.123972365	0.2506472205	Q86VY4	TSPYL5
-0.06108567316	0.7439300104	Q9BRP8	PYM1
0.0423255087	0.7947752815	Q8IYW5	RNF168
0.08688980529	0.6554129523	Q8TE02	ELP5
0.03292326623	0.9039026937	Q9P0U4	CXXC1
-0.07332644699	0.615136723	Q8ND04	SMG8
0.1484678138	0.4533231749	P49917	LIG4
0.1232560554	0.4506652131	Q6ZRP7	QSOX2
-0.06071048008	0.7891885526	Q09019	DMWD
0.2330037077	0.3086917916	P62306	SNRPF
0.02559121555	0.917660713	Q15544	TAF11
-0.02104802567	0.9378789764	Q5TAT6	COL13A1
0.02330687902	0.8900374382	Q9C0I1	MTMR12
-0.04061377867	0.8240185979	Q9BTE0	NAT9
0.1783410954	0.3160627825	P53814	SMTN
-0.0447792116	0.6872149651	Q9P0K8	FOXJ2
-0.1953163087	0.2871442746	Q8NE00	TMEM104
-0.006322692547	0.9841109391	Q9H490	PIGU
0.01610737847	0.9541706157	Q96P50	ACAP3
0.01835252134	0.9181055392	O15111	CHUK
0.1910127004	0.2671133248	Q9NXV2	KCTD5
-0.1881131152	0.797514316	Q86VI3	IQGAP3
-0.1051774231	0.586550656	Q96IK0	TMEM101
-0.1345248642	0.257549132	O95199	RCBTB2
-0.02333540774	0.8848815011	Q9BWU0	SLC4A1AP
0.1080731018	0.5541927476	Q9NR46	SH3GLB2
0.3117941884	0.20047672	Q8IVL0	NAV3
-0.2619135621	0.3807788877	P12644	BMP4
0.0748189666	0.5177937765	Q96FS4	SIPA1
0.1197128716	0.4605488629	Q9HCE7	SMURF1
0.007737110885	0.9692001576	Q7Z5J4	RAI1
0.05265004837	0.6999071971	Q9NR50	EIF2B3
0.0602866073	0.8191278103	Q9NS00	C1GALT1
0.1338478831	0.4926256304	Q17RY0	CPEB4
-0.2077485882	0.4763796572	Q9H6D8	FNDC4
0.07032035038	0.6731302185	Q0P5N6	ARL16
0.1350161714	0.4788456516	Q9BXB4	OSBPL11
0.01803012721	0.9413702358	Q9UQ03	CORO2B
0.03897454001	0.8392405609	Q8WTW3	COG1
0.1037405349	0.5498410483	Q96N19	GPR137
0.03883087307	0.821262029	O75153	CLUH
0.55897096	0.1413706557	O15524	SOCS1
-0.05149246468	0.719318901	Q9H3H5	DPAGT1
0.04873025171	0.7536184515	Q53FT3	HIKESHI
-0.353658639	0.07879477544	P58012	FOXL2
0.200815717	0.2531157146	Q9BVJ6	UTP14A
0.2846252599	0.2592219468	Q9Y6W6	DUSP10
0.04877882261	0.837021326	Q9P2Y4	ZNF219
0.2524038027	0.07581146765	P05423	POLR3D
-0.272384588	0.3211687432	O95025	SEMA3D
0.03210853804	0.9257526929	Q9Y3T6	R3HCC1
-0.1515092455	0.2226485319	O75123	ZNF623
0.07938063771	0.650821551	Q86XA0	METTL23
0.03959267904	0.8090527071	P52735	VAV2
0.04148606863	0.9108142334	Q6NZ67	MZT2B
-0.1088419978	0.6731768843	O95633	FSTL3
0.2434848943	0.07891072393	Q96RS6	NUDCD1
0.1070713751	0.5637825297	Q12769	NUP160
-0.1066712764	0.4751665835	Q9BSR8	YIPF4
-0.1433104998	0.4225575305	Q9NXR7	BABAM2
0.3161760028	0.0246255362	O60315	ZEB2
0.08733397629	0.5752771291	Q7Z6J0	SH3RF1
-0.1606077888	0.3511309357	O43759	SYNGR1
0.01527515876	0.9444142936	O00291	HIP1
0.07327073062	0.7399629803	O95619	YEATS4
-0.02149934709	0.9430747579	O75446	SAP30
-0.1469526647	0.2592219468	Q5VWJ9	SNX30
0.1060720961	0.5999399927	P11310	ACADM
-0.0632791704	0.6017895374	P0C7T5	ATXN1L
0.2351409129	0.4101110372	Q99708	RBBP8
0.07228373964	0.6804832775	O94921	CDK14
0.04315781228	0.8118620472	Q9Y547	HSPB11
0.004254512081	0.9899271646	Q96GN5	CDCA7L
0.2187772104	0.1009072306	P55957	BID
0.01016666539	0.9598303515	Q8IY31	IFT20
-0.1393617928	0.6015672741	Q96T68	SETDB2
-0.009469208462	0.9852703113	Q86XI2	NCAPG2
0.004907660961	0.984474055	Q99687	MEIS3
0.03597307089	0.8059430169	O43462	MBTPS2
-0.07071574167	0.6517969619	Q86UB2	BIVM
-0.0592396546	0.6843289814	P42765	ACAA2
-0.05831164171	0.8275173035	Q9UIC8	LCMT1
0.07288511827	0.5542982585	Q86U38	NOP9
-0.09039801078	0.6475077246	Q30201	HFE
0.03054693055	0.8095375177	Q9H6S0	YTHDC2
-0.06252414923	0.739129011	Q6ZN18	AEBP2
0.08442369673	0.7347431926	Q9BXR0	QTRT1
0.07155552288	0.7467002543	Q9Y3A3	MOB4
0.05996046367	0.6921691731	Q5HYI8	RABL3
-0.004255098127	0.9833571282	P36896	ACVR1B
0.08281230482	0.7296513575	Q15051	IQCB1
-0.02924861789	0.8705304931	Q9H0X4	FAM234A
0.02886500207	0.8822644677	Q15390	MTFR1
0.02587911828	0.9289352951	Q5HYK3	COQ5
-0.09528838309	0.6360221591	Q92562	FIG4
-0.02332386211	0.8788791132	Q9UBW7	ZMYM2
0.01515623299	0.9542654583	Q8N5I4	DHRSX
0.08790367297	0.5668612345	Q9Y2L5	TRAPPC8
0.09253396492	0.6463945214	Q92797	SYMPK
0.05472122143	0.797556579	P32314	FOXN2
0.09248685726	0.7996124287	A7E2F4	GOLGA8A
-0.1501147378	0.3236263766	Q9P2H3	IFT80
0.2726186785	0.1778627189	Q96E35	ZMYND19
0.1196276552	0.5934654742	Q96DE9	CXorf40B
-0.3820281246	0.09783063814	Q86XI6	PPP1R3B
0.2226808021	0.2903949783	Q9UIL8	PHF11
0.06931634671	0.6356226162	Q5T1M5	FKBP15
-0.1307374688	0.3817524335	Q8IZ81	ELMOD2
-0.2059401678	0.8575429652	A0A0B4J200	TRBJ2-3
-0.01397812596	0.9208245001	P42858	HTT
1.393419521	0.008578910581	Q8IVU3	HERC6
0.06043247674	0.7559877769	O00257	CBX4
0.06436217784	0.6580171009	Q86YD1	PTOV1
0.06464549914	0.5951970645	Q8WXF8	DEDD2
0.104619536	0.5064534705	Q16342	PDCD2
-0.01772177836	0.9639433611	Q99542	MMP19
0.006483043145	0.9861883176	A6NCJ1	C19orf71
-0.03632105224	0.8219556166	O95759	TBC1D8
-0.1450706647	0.3110186353	Q9Y294	ASF1A
-0.04889652971	0.7316640843	Q9NS73	MBIP
0.2839470184	0.2438640611	O14646	CHD1
0.04323065696	0.7423282001	P35813	PPM1A
-0.02476774622	0.9294274164	Q9BY08	EBPL
-0.06732837466	0.6841803699	Q9NUG6	PDRG1
0.05920309617	0.8798700858	Q9Y6K8	AK5
-0.01825252461	0.9081873789	Q08AM6	VAC14
0.01485958238	0.9469773629	O00217	NDUFS8
0.2052399572	0.3185456222	P11474	ESRRA
0.09750117203	0.5196736502	Q5BJH7	YIF1B
0.05343383337	0.8046504958	Q9P2E8	4-Mar
0.169500632	0.3921165635	O43255	SIAH2
-0.1763922007	0.7243821017	Q6P2C8	MED27
-0.08205439661	0.5828335593	Q8N2F6	ARMC10
-0.1820633758	0.454796923	P28358	HOXD10
-0.02859865987	0.839303382	Q9BZI7	UPF3B
-0.04747162873	0.8837094894	Q9NVS2	MRPS18A
0.1531112791	0.1673234814	Q8TD26	CHD6
-0.03406391386	0.9154016252	Q96MI6	PPM1M
0.03700618537	0.7231467921	P28324	ELK4
0.04771514055	0.7507090413	Q07890	SOS2
0.03167731471	0.9335379566	Q16527	CSRP2
0.003128404094	0.9879781537	Q14849	STARD3
-0.08293239926	0.7710666673	P49184	DNASE1L1
-0.07933095435	0.5820237377	Q92785	DPF2
-0.03302169016	0.9059922907	Q86XJ1	GAS2L3
-0.03548892485	0.8189700543	Q7Z569	BRAP
-0.064677187	0.7261354721	Q9H4Z3	PCIF1
0.09300849393	0.5600779666	Q7Z4Q2	HEATR3
-0.0577083588	0.63102634	Q8NDX5	PHC3
-0.07676626736	0.5894443185	Q9NU23	LYRM2
-0.0419893317	0.8179056732	Q9ULM3	YEATS2
-0.006440122469	0.968980131	Q96IJ6	GMPPA
-0.3184081373	0.2021245741	P42773	CDKN2C
-0.08076176312	0.6218872757	Q15067	ACOX1
0.03964256198	0.8378945641	Q9NXS2	QPCTL
-0.06804646246	0.5562725719	O00499	BIN1
-0.02354906694	0.8986534894	P30519	HMOX2
-0.07827033254	0.5556124532	Q9UGH3	SLC23A2
-0.1191267489	0.3296155229	Q9UJX3	ANAPC7
-0.09251051661	0.5343887419	Q6ZMI0	PPP1R21
0.007329477332	0.9828442393	Q86TS9	MRPL52
0.2011354751	0.2125346813	Q9BSB4	ATG101
0.0334137831	0.8141094192	Q14687	GSE1
-0.01278272422	0.9624701442	P01116	KRAS
0.04161071843	0.8553642545	Q8TD43	TRPM4
0.07581464022	0.6900060987	Q68D85	NCR3LG1
-0.08677629552	0.6997956241	O15050	TRANK1
0.4581013862	0.2119464661	Q9UJM3	ERRFI1
0.06380923124	0.7384090263	Q6P4H8	FAM173B
0.0003684360333	0.9985326892	Q86TM6	SYVN1
-0.08431285068	0.7248322672	Q96IU4	ABHD14B
0.2720528386	0.03113384689	Q9ULJ3	ZBTB21
-0.04259462448	0.7882631963	Q96GD3	SCMH1
0.07200278161	0.6782417304	Q9BSH4	TACO1
0.04293287905	0.7750973213	O75175	CNOT3
-0.1701530085	0.3479985843	Q92859	NEO1
-0.103113494	0.5546870572	P47224	RABIF
-0.1868503291	0.1855429266	Q5JS37	NHLRC3
-0.02521664635	0.9086495739	Q8NHH9	ATL2
0.2878790338	0.3685869838	P35869	AHR
-0.09576190887	0.6017895374	P41214	EIF2D
0.04922621987	0.6763067155	Q9NYA4	MTMR4
-0.06179124154	0.7315807474	O75964	ATP5MG
-0.01459696936	0.9323982173	Q96TC7	RMDN3
-0.1889257415	0.09638364074	P10275	AR
-0.002471669476	0.9921546443	O60513	B4GALT4
-0.163117347	0.4503442725	Q9Y6J8	STYXL1
-0.04136290083	0.8164802159	Q5VT52	RPRD2
0.07919018015	0.643420037	P57060	RWDD2B
-0.002215845739	0.9956138049	P51805	PLXNA3
0.2539501962	0.319854954	Q7Z5Q1	CPEB2
0.1111822776	0.4525953943	Q9BRS2	RIOK1
-0.068945032	0.551119522	O43516	WIPF1
-0.2024922351	0.08656046162	P21675	TAF1
-0.07511649182	0.5634967727	Q14353	GAMT
-0.2621401615	0.4119321671	O75030	MITF
-0.007328647302	0.9828586044	Q9H4I3	TRABD
0.07465266734	0.5802831143	Q96SB8	SMC6
-0.1321075857	0.355548337	Q96A26	FAM162A
-0.07426144361	0.6769537832	Q86X83	COMMD2
0.2486476151	0.06719584543	O75626	PRDM1
-0.111534336	0.6969500746	Q9Y573	IPP
-0.1360533475	0.4163177838	Q8NC60	NOA1
0.1255094479	0.514142618	P43119	PTGIR
0.9798582167	0.01329827709	Q9Y272	RASD1
0.160825189	0.5042016966	Q9P0N8	2-Mar
0.06264598384	0.7238153079	Q9H1X3	DNAJC25
-0.0525357608	0.6589365778	Q7Z3U7	MON2
0.1576308348	0.2191319217	Q99933	BAG1
-0.05472370687	0.84262106	P58876	HIST1H2BD
-0.1112682177	0.3954750897	Q92614	MYO18A
0.0118597652	0.9580910238	Q8IYT2	CMTR2
-0.1207168877	0.5216693851	Q9NZV6	MSRB1
-0.0603208884	0.7000406019	Q92581	SLC9A6
-0.002672821937	0.9936222443	P36406	TRIM23
-0.03509445867	0.8071944596	Q9H1Y0	ATG5
0.1831358873	0.2865871698	O15519	CFLAR
0.007061027312	0.9829225745	Q8N9I9	DTX3
-0.06065168994	0.8097469558	Q14526	HIC1
-0.005934239901	0.9799761455	Q8IWC1	MAP7D3
-0.08910487599	0.4813778946	Q9BVS4	RIOK2
-0.07917259822	0.5157853238	P49116	NR2C2
-0.12917232	0.5450279841	Q92831	KAT2B
0.05870796812	0.6632103957	Q92685	ALG3
-0.1167478233	0.436735712	Q9H765	ASB8
-0.004367497511	0.9867458172	O96028	NSD2
-0.06699267559	0.6823221932	O60671	RAD1
-0.04287718538	0.7882631963	Q13487	SNAPC2
-0.02996332763	0.8797406326	Q9NQ29	LUC7L
-0.1286104401	0.4525953943	P98172	EFNB1
-0.02848355565	0.8581259138	P54284	CACNB3
0.1317673959	0.4082665064	Q6IBW4	NCAPH2
0.0003568699896	0.9985520525	Q9Y6B6	SAR1B
0.0486050815	0.6432902145	Q14562	DHX8
-0.07533146023	0.6719941587	Q6P2E9	EDC4
0.08290144522	0.756584125	Q9Y5U2	TSSC4
0.03731199425	0.8416646744	Q3YBR2	TBRG1
0.04326083965	0.6877841382	O60244	MED14
0.1182263697	0.527945266	Q12996	CSTF3
-0.2567437502	0.07279853189	O60243	HS6ST1
-0.05881512236	0.7838758429	Q9UL49	TCFL5
-0.08327265308	0.6667330411	Q9Y6F1	PARP3
-0.6322423609	0.01160408045	Q2KJY2	KIF26B
0.02554951957	0.8922866402	A8CG34	POM121C
-0.00280522962	0.9909585543	O75385	ULK1
0.03182281761	0.8634165912	P15309	ACPP
0.1409661848	0.3093420902	Q9NRW7	VPS45
0.09431758144	0.5897057073	Q8N7R7	CCNYL1
-0.06430934177	0.6826463839	Q96HD1	CRELD1
0.1389297804	0.4798571426	Q9HCS7	XAB2
-0.3251744673	0.4813778946	Q5JTB6	PLAC9
0.1418022716	0.2836138996	O60885	BRD4
0.09607004807	0.5835032922	P33240	CSTF2
0.0228225777	0.8798661068	Q86YH6	PDSS2
0.007610269205	0.9697467709	P29692	EEF1D
0.08527152673	0.4952625707	Q9NXX6	NSMCE4A
-0.115681217	0.4998991835	O75398	DEAF1
0.04691362257	0.82015121	Q9Y6V7	DDX49
0.09141713923	0.6212712576	Q5T4F4	ZFYVE27
-0.09447911602	0.5576247853	Q6UX04	CWC27
-0.02297747722	0.9085802479	Q6ZUT1	NKAPD1
-0.0201676991	0.8842834508	Q8NEY1	NAV1
0.01666874239	0.9683801661	Q9NVI1	FANCI
-0.00440525393	0.9908921211	Q6P179	ERAP2
0.04517132521	0.797556579	Q9Y265	RUVBL1
0.01095193862	0.9504299979	Q5H8A4	PIGG
0.06632991492	0.7250836218	Q68D10	SPTY2D1
-0.1649638807	0.7185403507	Q08050	FOXM1
0.5533805578	0.01105287952	O00221	NFKBIE
-0.04906599201	0.8275173035	Q9H0M0	WWP1
-0.02407502552	0.8762661258	Q7Z3K6	MIER3
-0.005257618383	0.9872382614	Q9BTX1	NDC1
0.063433662	0.7311081109	O60583	CCNT2
0.0866544295	0.5575917855	P19447	ERCC3
0.03011302298	0.8447355895	Q63HK5	TSHZ3
0.03237205432	0.8120834355	O43396	TXNL1
0.1403272934	0.2606724534	P60002	ELOF1
0.07479610864	0.6667330411	Q06265	EXOSC9
0.1592790474	0.3789572641	Q5JUR7	TEX30
-0.07232298268	0.7541715236	Q9Y4H2	IRS2
0.08761400158	0.4817017349	P49848	TAF6
-0.01941095397	0.9135620021	O60308	CEP104
0.1633882403	0.6666939827	O14508	SOCS2
0.08075322874	0.5872516985	O95835	LATS1
0.04286967173	0.8848455096	Q96PY5	FMNL2
-0.02853096784	0.827571378	Q9NQG5	RPRD1B
-0.2067915046	0.1891961889	P57729	RAB38
0.2092375681	0.2153593747	Q9UGQ3	SLC2A6
0.09662951723	0.5036010044	Q9Y296	TRAPPC4
-0.05550549771	0.7838758429	Q8IU81	IRF2BP1
-0.5605228924	0.206260283	Q15198	PDGFRL
0.2287752071	0.3298642732	Q9UNS1	TIMELESS
0.004355002132	0.989916661	Q969P5	FBXO32
-0.1217961505	0.5203727944	O75147	OBSL1
-0.2196638343	0.1209915224	Q9Y6P5	SESN1
0.0953831769	0.3984370691	P24386	CHM
0.09515454938	0.5990488187	P12931	SRC
-0.06207524081	0.7027325068	O94913	PCF11
0.03388548885	0.8421276441	Q9BYD1	MRPL13
-0.08378990653	0.5984414767	Q14202	ZMYM3
0.1461185827	0.2717372615	Q96KP4	CNDP2
-0.05910023949	0.7379955264	P50443	SLC26A2
0.05407721004	0.6882660148	P45984	MAPK9
-0.08436823684	0.7944418781	Q9BT30	ALKBH7
0.005545492695	0.9717448196	P51532	SMARCA4
0.3164577735	0.04370816561	Q86Y07	VRK2
-0.1137094573	0.5874211523	Q9ULW3	ABT1
-0.02825979979	0.8806816027	Q96RT7	TUBGCP6
0.1124926035	0.4173097955	Q9H6S1	AZI2
-0.04708681001	0.7245783696	P0DMW3	SMIM10L1
-0.2691435346	0.156938316	Q9Y5F8	PCDHGB7
0.1846168896	0.1018692944	Q92890	UFD1
0.07564944022	0.5284820161	Q9H9B4	SFXN1
-0.008736967412	0.968980131	P78381	SLC35A2
-0.3807156104	0.1072985254	P51648	ALDH3A2
-0.09104735078	0.7632257803	Q9UL33	TRAPPC2L
-0.2390722826	0.1299524102	Q9BVL4	SELENOO
-0.000507642673	0.997990702	P20226	TBP
-0.1119868448	0.4388861815	Q86SF2	GALNT7
0.04097879758	0.8782981933	Q9UHW5	GPN3
-0.003787734438	0.9879781537	Q9Y3D2	MSRB2
-0.07215815525	0.5706749248	Q8IXQ5	KLHL7
0.1339515836	0.4988307774	P0DMQ5	INAFM2
-0.07711221306	0.6046276965	O60508	CDC40
-0.02306076518	0.8994802344	Q9BQ49	SMIM7
0.1745005705	0.508639836	P40938	RFC3
-0.04433156586	0.8623638279	Q9BX59	TAPBPL
-0.3528769243	0.09565747545	Q8WUG5	SLC22A17
-0.0387116737	0.8084821746	Q6ZPD9	DPY19L3
0.3685756657	0.01866912443	O00178	GTPBP1
-0.4217724354	0.05068187458	P43657	LPAR6
-0.1710024401	0.4086446104	Q96NT0	CCDC115
-0.1420302184	0.2274431909	P50747	HLCS
-0.1646902477	0.436735712	Q7Z4H9	FAM220A
-0.03046451058	0.8234951332	Q9UDY8	MALT1
0.1835649938	0.4318558071	A5D8V6	VPS37C
0.04941376717	0.8325874574	O95477	ABCA1
0.02572420301	0.8707550753	Q9Y5U4	INSIG2
-0.1244650206	0.3502474347	Q9HCJ1	ANKH
0.08364317667	0.5628607787	Q5T0F9	CC2D1B
-0.1585276106	0.313405453	P25208	NFYB
-0.06409168668	0.6864657415	O75354	ENTPD6
0.05343184019	0.7832189718	Q9Y399	MRPS2
-0.1775650961	0.2923196821	Q9NWZ3	IRAK4
-0.0490348972	0.7339606249	Q53HC0	CCDC92
0.02107230666	0.919103755	Q9ULM6	CNOT6
-0.10410183	0.5467811228	O43147	SGSM2
-0.004323205869	0.9792445655	Q96EY7	PTCD3
-0.004773922248	0.9790245614	Q13136	PPFIA1
-0.03402694147	0.8118620472	Q9H920	RNF121
0.08859923603	0.7423282001	Q8N6N3	C1orf52
-0.08582355075	0.536097179	O15211	RGL2
0.1719568566	0.4418756404	Q8TBE9	NANP
0.03696984126	0.8311072338	Q9Y584	TIMM22
0.09631076948	0.3622271209	Q9Y450	HBS1L
0.1083328285	0.3622271209	Q86XL3	ANKLE2
0.05973415787	0.6609126053	Q9ULX6	AKAP8L
0.3416512992	0.0181042227	Q9Y4C4	MFHAS1
0.08760117986	0.6684866498	P49336	CDK8
0.02329466038	0.8645586086	Q10713	PMPCA
0.09676743774	0.5912863128	O00481	BTN3A1
0.7772415009	0.04234520542	Q02297	NRG1
-0.004495217427	0.9761336417	Q9H204	MED28
-0.1309738954	0.3666007787	Q8N587	ZNF561
0.04170362177	0.9222341788	O95857	TSPAN13
0.09265418314	0.5894443185	Q8N157	AHI1
0.1121672288	0.4342297364	Q9HCN4	GPN1
0.04554047201	0.6647203429	Q8IZL8	PELP1
0.1875347365	0.2540047253	P10109	FDX1
0.04719193675	0.7645503083	P0DPF3	NBPF9
-0.0425570663	0.9000720627	Q8TDY4	ASAP3
1.315609425	0.0002431893113	O95832	CLDN1
0.09143789992	0.6646873536	O15247	CLIC2
-0.02085994435	0.8852564435	O43149	ZZEF1
-0.01068727383	0.968980131	Q99567	NUP88
-0.09433228989	0.4687972954	Q86WX3	RPS19BP1
0.08198789376	0.6356226162	P34947	GRK5
0.09179974937	0.6770547108	Q9NWN3	FBXO34
-0.07646820083	0.7084205642	O60831	PRAF2
-0.08400954164	0.6921691731	P06865	HEXA
0.1008704654	0.5395831567	Q96S16	JMJD8
-0.05977950636	0.5381641861	Q9UMZ2	SYNRG
-0.1705949932	0.2664829115	P22830	FECH
-0.08115226905	0.5981910348	P48995	TRPC1
0.08740244972	0.5157155461	Q16206	ENOX2
0.1172837595	0.4101110372	Q8NB14	USP38
0.03680820762	0.8242612257	Q4V328	GRIPAP1
0.02782065176	0.862636257	Q2KHM9	KIAA0753
-0.03869101241	0.8483901372	Q5TGY3	AHDC1
-0.0754157576	0.642941166	Q5T0N5	FNBP1L
-0.130615362	0.5192771972	Q4VC44	FLYWCH1
-0.06514607331	0.6321722878	Q9H875	PRKRIP1
0.2290102364	0.4209957078	Q13895	BYSL
0.1400544687	0.364325056	Q14137	BOP1
-0.009005593185	0.9630907524	O00425	IGF2BP3
0.07301389614	0.7317773986	P51948	MNAT1
-0.2681046506	0.1257591091	Q9ULK6	RNF150
0.1978196273	0.4788456516	P49247	RPIA
0.07596577824	0.603680126	Q9NPA8	ENY2
-0.2222264526	0.6715131852	Q8NEM2	SHCBP1
0.001015908759	0.9975899627	O43760	SYNGR2
-0.100663279	0.5969050873	P35573	AGL
-0.005143612994	0.9777480318	Q13485	SMAD4
0.07841630028	0.7022473017	Q8N8E2	ZNF513
-0.05715944001	0.8025488861	Q99496	RNF2
0.2917479029	0.2036892904	P41226	UBA7
0.05475434575	0.7060927593	Q96II8	LRCH3
-0.05069052032	0.7803157417	O95625	ZBTB11
-0.109131258	0.527945266	Q96RQ3	MCCC1
0.01263103908	0.9385165486	Q5R3I4	TTC38
-0.1155701542	0.549461805	Q969P0	IGSF8
-0.2491579584	0.3488551486	Q6ZMZ3	SYNE3
0.06081380305	0.5831559932	Q86UE8	TLK2
0.1330824871	0.3483074746	Q8N9V3	WDSUB1
0.05166004004	0.7495583799	P78524	ST5
0.3091599267	0.07190139197	Q9HAV7	GRPEL1
-0.1456608906	0.1804921788	Q86YV9	HPS6
-0.2101605465	0.6863901816	Q9BW19	KIFC1
-0.04370019309	0.7248322672	Q14191	WRN
-0.1291738352	0.4197083542	P50542	PEX5
-0.08895562783	0.5969050873	Q9BRF8	CPPED1
0.323933648	0.07755494515	Q15583	TGIF1
-0.01237094953	0.9417973336	Q92805	GOLGA1
0.05732342471	0.7457088108	P32322	PYCR1
0.130007783	0.4318558071	Q96Q83	ALKBH3
-0.06205025088	0.7087518808	Q9GZT6	CCDC90B
0.065311318	0.7882631963	Q9UBS5	GABBR1
0.03876956987	0.8543918758	Q96PQ6	ZNF317
0.02032116262	0.9340978643	P49643	PRIM2
0.1544478885	0.3488551486	O00635	TRIM38
0.04093897315	0.8120834355	O00141	SGK1
-0.09691127669	0.4265505334	Q9H4G0	EPB41L1
-0.005011966612	0.9735437076	Q6VMQ6	ATF7IP
0.03324784719	0.8788108207	Q9P206	KIAA1522
-0.03190449379	0.8869236005	Q8TBF5	PIGX
0.3151008309	0.09638364074	Q9HBL7	PLGRKT
0.3242149643	0.1075109181	Q8NHU6	TDRD7
0.2696924254	0.3216428226	Q9P0M6	H2AFY2
0.01151647877	0.9809246887	Q96EH5	RPL39L
0.1761515334	0.6397966518	P62273	RPS29
-0.08770694119	0.6801063487	P20062	TCN2
-0.01684745546	0.9363556201	Q8N264	ARHGAP24
0.779152004	0.1253938416	P24001	IL32
-0.2703087392	0.3570832036	Q9H4E5	RHOJ
0.1477070127	0.6461171035	O75496	GMNN
0.08367272026	0.6346915837	Q9NUE0	ZDHHC18
0.04849036472	0.7536184515	Q15173	PPP2R5B
-0.07259046165	0.7413974435	Q03393	PTS
-0.02827054198	0.9154016252	Q9GZN8	C20orf27
-0.01480324137	0.9334729082	Q9NWV4	C1orf123
-0.09517651141	0.6445962472	Q9BXC9	BBS2
0.1947917145	0.4936575395	P63218	GNG5
-0.4084483537	0.4650122842	Q53HL2	CDCA8
0.100800749	0.7378886236	Q9BXL8	CDCA4
0.2790849363	0.2124018506	Q96M96	FGD4
-0.05042922102	0.7330773515	Q8NEN9	PDZD8
0.2054208249	0.1652966085	P57764	GSDMD
0.02318173011	0.8737966658	O95292	VAPB
0.1061804295	0.4599688396	Q96ST3	SIN3A
-0.0220997768	0.8848455096	P31260	HOXA10
0.09922429026	0.586550656	Q7Z4H7	HAUS6
0.01643906137	0.9489284509	Q15650	TRIP4
0.01531757445	0.9413702358	Q96JH7	VCPIP1
0.09897115551	0.4240128072	Q8IXI2	RHOT1
0.03289472575	0.7940932023	Q96N11	C7orf26
-0.07826727013	0.5877978413	Q9Y297	BTRC
0.615341055	0.001532525152	Q9C0D7	ZC3H12C
-0.0169084814	0.9189639125	P29374	ARID4A
0.04147224986	0.8120179252	Q6GMV2	SMYD5
-0.02030418117	0.9135620021	Q9Y2U9	KLHDC2
-0.01147970277	0.9651398363	O60447	EVI5
0.06308358544	0.825968245	Q8IYM2	SLFN12
-0.1752485959	0.7231467921	Q96Q89	KIF20B
0.02734476458	0.9716948396	O14777	NDC80
-0.1341469002	0.4191989058	Q6DJT9	PLAG1
0.1147094846	0.370198354	Q9NWQ8	PAG1
-0.006655210892	0.9690196329	Q15034	HERC3
0.01455410003	0.9470364424	Q15906	VPS72
0.01006376164	0.968980131	Q6P3X3	TTC27
-0.05035431964	0.7210608322	Q7L5Y9	MAEA
-0.2893214153	0.2226485319	Q8N1B3	CCNQ
-0.07133710327	0.6163495414	O14513	NCKAP5
-0.02139662066	0.8737966658	Q9P2R7	SUCLA2
-0.2277051572	0.1009072306	Q9P2K1	CC2D2A
0.003203031887	0.9909327601	Q9UHR5	SAP30BP
-0.00307331233	0.9879781537	Q13671	RIN1
0.1141706088	0.4222159009	Q9UK00	C3orf18
0.01381533182	0.9410730381	Q562E7	WDR81
-0.003003756388	0.9903444068	Q9UNN5	FAF1
0.06798187927	0.690739336	Q75N03	CBLL1
-0.07915244787	0.6811178494	Q6YI46	TMEM64
0.03519477175	0.8243936389	P50539	MXI1
-0.1819772625	0.2988714248	P19793	RXRA
0.2426371788	0.2280251287	O14901	KLF11
-0.0312348295	0.9081873789	Q16718	NDUFA5
0.008072029639	0.9639433611	Q9H7P9	PLEKHG2
0.1190065082	0.5572077851	Q9Y3C4	TPRKB
0.5210833626	0.04645546536	Q8TBH0	ARRDC2
-0.036881281	0.9021099942	Q99598	TSNAX
0.1614391534	0.4006355285	Q9HCC0	MCCC2
-0.1414118291	0.5468821159	Q9H094	NBPF3
-0.01411246397	0.9410730381	Q9UK59	DBR1
0.07571033593	0.6782417304	Q9BRQ8	AIFM2
-0.004865425732	0.9815420532	O14827	RASGRF2
-0.002730078073	0.9904412369	Q9H0R3	TMEM222
0.0830692418	0.6741282171	Q86SQ7	SDCCAG8
0.05294849604	0.7208159308	Q9Y232	CDYL
-0.2271494534	0.2562880205	Q8WTX9	ZDHHC1
0.03522534077	0.8733083167	Q9NRN9	METTL5
-0.05287211985	0.7842234459	Q8IZC6	COL27A1
-0.1687667997	0.3938181689	Q13976	PRKG1
-0.05322273667	0.6934141778	B0YJ81	HACD1
-0.09566840153	0.5281258736	Q5UCC4	EMC10
0.09107957402	0.6191402546	Q8N5T2	TBC1D19
0.2591556499	0.04299026547	P24394	IL4R
-0.08776878337	0.7539243166	O95873	C6orf47
0.05170017498	0.7350695544	O15078	CEP290
0.0770752913	0.7433990658	Q14166	TTLL12
-0.08919671863	0.6906342083	Q9NRF2	SH2B1
0.06868819699	0.7122689093	Q9BZ23	PANK2
0.05089226564	0.6447427093	O60306	AQR
0.05899308359	0.6736484083	Q9NPG8	ZDHHC4
0.03116204379	0.8266662881	Q9BUB4	ADAT1
0.03775500317	0.9000720627	P27987	ITPKB
0.2389158738	0.1540995055	Q96NB3	ZNF830
-0.3326197873	0.527945266	Q99661	KIF2C
-0.2329183241	0.3105509001	P25391	LAMA1
-0.0237921743	0.870741898	O14497	ARID1A
0.2434139954	0.2373745401	Q13105	ZBTB17
0.001473785393	0.9975899627	Q9NPB8	GPCPD1
0.01659443609	0.9555855241	Q8N0T1	C8orf59
-0.1496551071	0.4161939139	Q8IXQ3	C9orf40
0.159446237	0.3817524335	P18621	RPL17
-0.09138277841	0.4236742155	Q96L73	NSD1
-0.03473769645	0.8447355895	Q9BRT3	MIEN1
0.04228902218	0.8025488861	Q32NB8	PGS1
-0.06884098702	0.5921275668	Q9Y512	SAMM50
0.04634709818	0.7325328544	Q6IMN6	CAPRIN2
-0.0007069936655	0.9974463077	Q9H1K0	RBSN
-0.01621874018	0.950887064	Q8N137	CNTROB
0.1544980136	0.3669674191	Q9NPI6	DCP1A
-0.07331723535	0.6995604828	Q9H9Y4	GPN2
0.05527730994	0.7942639031	Q5BKU9	OXLD1
0.04350419286	0.8163315281	Q5TA45	INTS11
-0.03705537399	0.8479055867	Q7Z2H8	SLC36A1
-0.0266516328	0.8968818493	P78383	SLC35B1
0.02476222421	0.8955158391	Q9UBB9	TFIP11
-0.0616966125	0.6763067155	Q9UF56	FBXL17
-0.08164744374	0.6058366597	Q5HYC2	KIAA2026
-0.07684366217	0.6713287503	Q9UJX6	ANAPC2
0.1564692696	0.3062905668	Q96B26	EXOSC8
-0.02292696096	0.8626304357	Q75QN2	INTS8
-0.06962623705	0.723592948	O95613	PCNT
-0.03322732217	0.8775230473	Q7Z6K5	ARPIN
-0.107897089	0.5087775138	Q96F63	CCDC97
-0.04924278034	0.8205650982	Q6UWY0	ARSK
0.1957772358	0.1800202989	Q9Y5Q9	GTF3C3
-0.08525295431	0.5013189779	Q9P2W9	STX18
0.0965271512	0.5312791005	Q96EY1	DNAJA3
-0.09006047442	0.6184455978	O60241	ADGRB2
0.03636178046	0.8370698856	Q86VM9	ZC3H18
0.05972754578	0.6260631573	Q96KC2	ARL5B
0.1589784683	0.3775500221	Q9UJA2	CRLS1
0.1530584533	0.4580829095	O15235	MRPS12
0.09163170125	0.5296544486	Q9H2X6	HIPK2
-0.2079477559	0.1984449098	Q9NXU5	ARL15
-0.01462431114	0.9323192394	Q86V87	FAM160B2
-0.1141892292	0.3976945342	Q9UM22	EPDR1
-0.03418861608	0.8254538088	P41182	BCL6
0.07929451446	0.512751588	Q96F86	EDC3
-0.01224387637	0.9580910238	Q6L8Q7	PDE12
0.002632429409	0.992857651	O75971	SNAPC5
0.04006545054	0.7636841242	P78312	FAM193A
-0.05637253115	0.6713287503	Q9H0V1	TMEM168
0.1065374443	0.5666269138	Q9UPQ4	TRIM35
-0.069884099	0.7530453173	P05549	TFAP2A
0.03708518146	0.7947752815	Q9Y485	DMXL1
0.2137937871	0.2465855129	Q9Y221	NIP7
0.0156883049	0.9330150561	O43709	BUD23
-0.04962622011	0.7846942131	Q8WVC6	DCAKD
0.2185496025	0.309392546	P10826	RARB
-0.06940656164	0.6826463839	Q8TEB9	RHBDD1
0.07686419407	0.6769408489	Q9ULD9	ZNF608
0.2201149563	0.3973294419	Q96S19	METTL26
-0.08834686268	0.5160413548	P37235	HPCAL1
0.02680557261	0.8806638138	Q86W56	PARG
-0.1139653476	0.5113048907	P54253	ATXN1
0.01413380617	0.9303539285	Q8N697	SLC15A4
0.1319267537	0.487484901	Q9NW38	FANCL
0.06632145091	0.7317773986	Q8N9T8	KRI1
0.1097186361	0.3819767967	Q9NYH9	UTP6
0.122255378	0.4763796572	Q9UNL4	ING4
-0.1305382098	0.8120834355	Q8IYA6	CKAP2L
0.1785216698	0.2226485319	O95470	SGPL1
-0.1681353075	0.3169011353	P49407	ARRB1
-0.02989697633	0.8408842426	Q9Y5W8	SNX13
-0.05596090331	0.7629513718	O15400	STX7
-0.004774063526	0.987981931	Q8N960	CEP120
-0.1894558553	0.2495613613	Q5T0T0	8-Mar
0.009955423448	0.9579878559	Q92610	ZNF592
0.1475043322	0.3520277083	Q6ULP2	AFTPH
-0.1255347717	0.5519324824	Q9NR63	CYP26B1
0.07777253094	0.5607218386	Q86TI0	TBC1D1
0.2463842832	0.1874996069	Q9H098	FAM107B
0.06289271755	0.6894678752	Q15831	STK11
0.1472299454	0.364325056	Q49AR2	C5orf22
0.006540152507	0.9717448196	Q9Y6E0	STK24
0.05650359106	0.8707550753	Q13901	C1D
-0.3497232284	0.1089564508	Q6ZUU3	FOXL2NB
-0.006106438986	0.9761336417	Q9Y2X7	GIT1
0.1353248811	0.2538093206	Q96BY6	DOCK10
-0.02472413585	0.9039026937	Q9HCE5	METTL14
0.09504474689	0.5787233398	Q96PB1	CASD1
0.03351732898	0.8468865148	Q9NRR3	CDC42SE2
0.05147932773	0.8196940585	Q96CP6	GRAMD1A
0.204414383	0.336466269	Q8WUD1	RAB2B
0.01584538492	0.9498565402	Q6P4A7	SFXN4
-0.2351519148	0.3211576365	Q86W42	THOC6
-0.06016109732	0.7525244133	Q96LW4	PRIMPOL
-0.437484696	0.3169011353	O95965	ITGBL1
0.03489365813	0.9039958929	Q9H900	ZWILCH
-0.1393808098	0.8321341578	Q96HE9	PRR11
0.0003168676186	0.9988481818	Q9NXD2	MTMR10
-0.1193117512	0.4089196613	Q8N3Y1	FBXW8
0.1061299704	0.6074507363	Q9Y4W2	LAS1L
0.00839298589	0.9706000057	Q5XUX0	FBXO31
-0.05085581276	0.7433213679	Q9P2K3	RCOR3
0.2977503004	0.2046753296	P19256	CD58
0.1590567383	0.481737587	Q96G03	PGM2
0.01314603818	0.9732483278	Q7L2Z9	CENPQ
0.406170298	0.09216851226	Q96S65	CSRNP1
0.05981395799	0.6395376582	Q8IVV7	GID4
-0.07189563639	0.6348673436	Q6PK18	OGFOD3
0.01486131093	0.9658742588	Q5BKZ1	ZNF326
0.1392330042	0.3185456222	Q9NV06	DCAF13
-0.07435355042	0.4493880339	Q8N9B5	JMY
-0.06538725509	0.7669806636	Q96E09	FAM122A
-0.07582978959	0.6062452165	Q8N5Z5	KCTD17
0.06677751553	0.7229319444	Q9NUU6	OTULINL
0.05777229167	0.7357238169	Q9NXE8	CWC25
0.09496603495	0.7832189718	Q96AV8	E2F7
-0.03526190425	0.868894039	Q9H8N7	ZNF395
0.2394161713	0.1080083919	Q8IWE4	DCUN1D3
0.07039178965	0.5665897618	P13994	CCDC130
0.01408762375	0.9481113017	Q7Z408	CSMD2
0.1807663805	0.1706466463	Q8WYK2	JDP2
-0.05856810875	0.8049251618	Q96DA6	DNAJC19
-0.1234704674	0.4126805186	O00142	TK2
-0.2841351983	0.3549073595	Q9Y6U3	SCIN
0.1194158081	0.5152311469	Q8NBL1	POGLUT1
-0.04544616592	0.7419362942	Q8N3P4	VPS8
0.0362494675	0.8650148952	Q6ZN19	ZNF841
-0.04106818623	0.7429727048	Q9P2D3	HEATR5B
-0.1040528232	0.7919622861	P61236	YPEL3
0.1573748733	0.2682182224	Q9NR45	NANS
-0.1510455171	0.1582493842	Q96SN8	CDK5RAP2
-0.07112994472	0.5434504472	Q8WUA4	GTF3C2
0.05758873095	0.7441718415	Q9UL01	DSE
-0.07672732604	0.7342663041	Q6IPR1	ETFRF1
0.08809943699	0.5934654742	O75369	FLNB
0.01074217865	0.9602040081	Q16134	ETFDH
-0.1219865208	0.6017895374	Q9H6S3	EPS8L2
0.3893060194	0.09582743404	P14210	HGF
0.08086999777	0.6225782482	Q9GZT3	SLIRP
-0.01679446916	0.9128476345	Q3YEC7	RABL6
0.04793122586	0.8686074885	O43281	EFS
0.4412424373	0.2560124452	Q6SJ93	FAM111B
0.09071555559	0.7809056922	Q969K7	TMEM54
-0.166281756	0.3738528689	Q6UXM1	LRIG3
0.01824509864	0.9595328603	Q96EA4	SPDL1
-0.1584481626	0.7414280293	O95067	CCNB2
0.02949305316	0.9004103466	Q4VXU2	PABPC1L
0.06820303416	0.7697393673	Q9H9L4	KANSL2
-0.1151408164	0.549461805	Q86WK9	PAQR7
-0.1274928766	0.3654446105	Q96Q45	TMEM237
0.1891960759	0.371584381	Q8WYN0	ATG4A
0.05923089281	0.6409153295	Q9NZM3	ITSN2
0.2865588163	0.1728081977	O95198	KLHL2
0.2923074964	0.1638807413	Q9H6F5	CCDC86
0.09154146024	0.5593035592	Q2TB10	ZNF800
0.006922950535	0.9689669225	Q9BX74	TM2D1
-0.1824054882	0.1648430101	Q9HAU0	PLEKHA5
-0.1014022504	0.4571021266	Q6PII3	CCDC174
-0.1019774968	0.837021326	Q8WXS3	BAALC
-0.04123215066	0.728928968	Q5THJ4	VPS13D
-0.5556077365	0.7750973213	B5ME19	EIF3CL
-0.1255888134	0.8479055867	P56385	ATP5ME
0.3027589483	0.2057582817	Q9NUQ2	AGPAT5
0.02753300256	0.8352974908	Q9HB19	PLEKHA2
-0.0144584666	0.9380215559	Q96SL1	DIRC2
-0.007994121717	0.9622623006	Q9BZE0	GLIS2
-0.1897490795	0.2424199462	Q96CN9	GCC1
-0.16331003	0.2191319217	O14957	UQCR11
0.008698804588	0.9752120516	Q9BV38	WDR18
-0.02220817159	0.9322498948	Q9NW97	TMEM51
-0.1052602979	0.544379868	O60942	RNGTT
0.1204817077	0.3333676552	Q9BVG8	KIFC3
0.07092659434	0.6918500105	Q92665	MRPS31
0.005719361946	0.9671465472	P25098	GRK2
0.4072744294	0.01473291388	P49796	RGS3
0.04619258165	0.6592948342	Q7L8L6	FASTKD5
0.1092089249	0.5566599934	Q1RMZ1	BMT2
-0.1475638323	0.3701647342	Q7L5N7	LPCAT2
-0.01998046779	0.9295087916	Q9NX38	FAM206A
-0.09095527078	0.6432902145	Q5SVQ8	ZBTB41
0.08704684519	0.4973769841	O14920	IKBKB
-0.2006853036	0.2354378316	P50549	ETV1
0.1225762295	0.6375599786	Q96EQ0	SGTB
-0.01077557929	0.9606322106	Q6NUQ1	RINT1
-0.06575207766	0.6007026272	Q68DQ2	CRYBG3
0.02186744781	0.9355521059	Q8WWC4	MAIP1
-0.09265608059	0.6877214502	Q8TBE1	CNIH3
-0.2044396689	0.189160266	Q13555	CAMK2G
-0.05521101417	0.7593062777	Q9Y3Q3	TMED3
-0.05736837316	0.7055689351	O95983	MBD3
-0.1085454559	0.3970532582	Q8TF47	ZFP90
-0.04246781967	0.6873561766	Q14686	NCOA6
-0.1283935349	0.4531595814	Q9H5J4	ELOVL6
-0.00841924832	0.9651057758	Q9Y4P1	ATG4B
-0.1001997663	0.4362011115	Q96LB3	IFT74
0.03209217036	0.9036397716	O75815	BCAR3
-0.03943315168	0.9021778474	Q9H944	MED20
-0.0773513072	0.7429727048	Q9H081	MIS12
0.03653191436	0.8002235338	P16220	CREB1
-0.03885739573	0.8489129223	Q9UPT8	ZC3H4
-0.08419218237	0.6624262765	O95935	TBX18
-0.03936703856	0.8499550376	Q96PK6	RBM14
0.09127179418	0.8204609286	Q9NVP2	ASF1B
0.09398410618	0.4225575305	Q9Y2R4	DDX52
0.09406730093	0.6299049242	P56962	STX17
-0.08552672349	0.4241304478	Q9BZC7	ABCA2
-0.03327307773	0.8775230473	Q9Y6I9	TEX264
-0.03923852466	0.8986266508	Q7Z7F7	MRPL55
0.3925591016	0.09923539568	P39900	MMP12
-0.1097713948	0.571435333	Q12891	HYAL2
-0.1787187584	0.5329187491	Q5TA50	CPTP
1.136581707	3.565972765e-05	Q5D1E8	ZC3H12A
-0.001107934367	0.9962344841	Q9NVE5	USP40
-0.2326202866	0.05922027726	O95390	GDF11
-0.1090974433	0.4844939269	O95785	WIZ
0.7198234541	0.03662318981	O60682	MSC
-0.1403056731	0.5763642756	Q9P0P8	C6orf203
-0.05444009549	0.6958333032	Q9NZJ5	EIF2AK3
-0.02299965572	0.837021326	Q9Y570	PPME1
-0.06853231388	0.8230868687	O15541	RNF113A
-0.2724278949	0.341776321	Q13424	SNTA1
-0.06487181009	0.8595524048	Q8TAM1	BBS10
-0.05848801971	0.8120745347	P48167	GLRB
-0.1149930286	0.3634703787	Q7Z2T5	TRMT1L
-0.01811287776	0.9427103976	Q9UJH8	METRN
0.08157190385	0.4813778946	Q9H930	SP140L
-0.03218173913	0.7917026281	Q96L91	EP400
-0.1074213238	0.5000657607	O43314	PPIP5K2
0.1794880099	0.1257591091	Q13825	AUH
-0.04529113037	0.8343333288	Q5T7V8	GORAB
0.04257048185	0.7838758429	Q9H9T3	ELP3
-0.3672207998	0.1739479306	P0DP58	LYNX1
0.0002622495613	0.9988481818	Q96DN6	MBD6
0.1696616505	0.418414559	Q9GZN1	ACTR6
0.1191382384	0.4373693401	O95671	ASMTL
0.1526796236	0.5835032922	O00194	RAB27B
-0.01604662146	0.9363556201	Q9HCJ5	ZSWIM6
-0.1860007395	0.3713755677	Q502X0	MORN2
-0.05277747341	0.851489591	Q8N668	COMMD1
-0.0791511858	0.644292328	Q9BVS5	TRMT61B
-0.1018232176	0.3399322399	Q96KQ7	EHMT2
0.0930229343	0.6398248389	Q9NWZ5	UCKL1
-0.001658164445	0.9953540032	P82675	MRPS5
-0.02361485311	0.9131236825	Q9BVC4	MLST8
-0.0349338093	0.8242612257	Q7L3B6	CDC37L1
0.05340632082	0.7168179192	Q9H9S5	FKRP
-0.08413628368	0.5365156018	P10746	UROS
0.1359771636	0.4813778946	Q9H3E2	SNX25
-0.1237933345	0.4944932081	Q8IWF2	FOXRED2
0.05162013213	0.7446384975	Q13144	EIF2B5
0.06635237218	0.7279237143	Q96RL7	VPS13A
0.6314827386	0.08100889268	O76011	KRT34
0.1917609725	0.3484386921	Q13111	CHAF1A
0.1485662721	0.2801022275	Q6DKK2	TTC19
-0.06679247829	0.6152413204	O95298	NDUFC2
-0.1120725734	0.571435333	Q6P0N0	MIS18BP1
0.008904842009	0.9580910238	Q7Z6K1	THAP5
-0.02602979147	0.8797406326	Q9NVA1	UQCC1
0.07456199201	0.7545293153	Q9UKS6	PACSIN3
0.09101910749	0.6835441764	Q13491	GPM6B
-0.0006283498922	0.9975899627	Q8IZR5	CMTM4
-0.03199015173	0.9033266526	Q8TAG9	EXOC6
0.04218847914	0.7457088108	Q13769	THOC5
-0.04178355615	0.7666251244	P49354	FNTA
-0.07252989043	0.6513059802	Q96C36	PYCR2
-0.1901241267	0.2536398541	Q9NQ89	C12orf4
0.04841767372	0.8141094192	Q96EY4	TMA16
0.03662644397	0.7479520104	Q8NEY8	PPHLN1
0.02765405646	0.8419250169	Q9BRH9	ZNF251
0.03983087746	0.7901305356	Q2TAZ0	ATG2A
0.1700303769	0.1818001063	Q9NUH8	TMEM14B
0.01427523576	0.9086495739	O15040	TECPR2
0.01324239434	0.9596326485	Q13569	TDG
-0.05448782976	0.8284334971	C9JCN9	HSBP1L1
0.1265824812	0.3327277475	Q9H6V9	LDAH
-0.209594126	0.1788873272	Q8TF46	DIS3L
-0.0930564825	0.6502781376	Q3ZCT1	ZNF260
-0.19889812	0.1905355376	Q5T7W0	ZNF618
0.006432684866	0.9786098277	Q5VTE6	ANGEL2
0.03838079602	0.7882631963	P56181	NDUFV3
-0.1028151566	0.4853404325	Q96L34	MARK4
-0.1205198604	0.551119522	Q6VN20	RANBP10
-0.1307900567	0.3634476408	Q86VP3	PACS2
0.08230706996	0.7007539107	P52799	EFNB2
-0.07618524799	0.6066201908	Q8NEZ4	KMT2C
-0.1209582578	0.5638239932	Q9BWV1	BOC
0.07650557119	0.6191402546	Q9UPM8	AP4E1
0.2458653169	0.3605338839	Q13155	AIMP2
0.292540707	0.08001940004	P29590	PML
-0.01138926945	0.9541770661	O15014	ZNF609
-0.02894977096	0.8866568039	Q8N5B7	CERS5
-0.01622113548	0.9218833669	P42694	HELZ
-0.1097428864	0.5943431299	Q5VW22	AGAP6
0.05041101142	0.827968549	Q9H0A8	COMMD4
0.04398284657	0.8416046782	Q9HC24	TMBIM4
0.05641384751	0.7060927593	Q9UBT6	POLK
0.1772282333	0.4462292585	Q01094	E2F1
0.1280851018	0.3263918929	Q8WV92	MITD1
0.07304057331	0.7255152833	Q96BT3	CENPT
-0.03739484307	0.8707550753	O60729	CDC14B
-0.3098390189	0.2428784032	O75094	SLIT3
0.03712867575	0.7669806636	Q13535	ATR
-0.03771795717	0.8643686691	Q8TB52	FBXO30
0.1656681877	0.4265505334	Q9H5V8	CDCP1
0.01876855537	0.905888918	Q9UQD0	SCN8A
0.6600073773	0.01329827709	Q9NR61	DLL4
0.009392387955	0.9599064997	Q14571	ITPR2
-0.1559599662	0.4388162267	Q96D09	GPRASP2
-0.03807159814	0.8455030813	Q9NQC8	IFT46
0.1235416106	0.4884726564	Q6IQ32	ADNP2
0.01954606506	0.9120520823	Q86W33	TPRA1
0.08809818614	0.5605830812	Q8IYB8	SUPV3L1
-0.04881346199	0.7858265715	Q9UPS6	SETD1B
-0.02596348717	0.9188511306	P51159	RAB27A
0.009147874466	0.9644195703	Q9BQA9	CYBC1
-0.01344534566	0.9222341788	Q9HD20	ATP13A1
-0.04253852414	0.8727134136	Q2M1P5	KIF7
0.03883481642	0.8439909332	Q9Y5T4	DNAJC15
0.08625592263	0.6266390493	Q8TF68	ZNF384
-0.03699334648	0.8878630614	O43924	PDE6D
-0.002466461997	0.992857651	Q15696	ZRSR2
0.2614278378	0.04299026547	Q15759	MAPK11
-0.01599815973	0.9294274164	Q3KP31	ZNF791
-0.08384134004	0.7183590822	Q8N300	SVBP
-0.01953717115	0.8992715088	P49641	MAN2A2
-0.02768891458	0.8439909332	Q8TDQ7	GNPDA2
-0.09390033995	0.5595691972	Q9UP38	FZD1
-0.03164938304	0.8617241699	P31269	HOXA9
-0.3334949647	0.4444802442	Q8NCD3	HJURP
0.01523841118	0.9683012868	Q8NEF9	SRFBP1
0.04136617136	0.703600669	Q9C0D5	TANC1
0.05158899098	0.7441718415	Q6GQQ9	OTUD7B
0.1790904936	0.2535151486	O14593	RFXANK
0.0978914515	0.6397966518	Q8IZM8	ZNF654
0.123165709	0.4025377611	Q8N3F0	MTURN
0.1041867494	0.6802548674	Q15131	CDK10
-0.09313269914	0.5884634969	Q8TCF1	ZFAND1
0.04741591942	0.7536184515	Q15475	SIX1
0.2220632151	0.2099420086	Q9UBK8	MTRR
-0.1481722846	0.3724017873	P34059	GALNS
0.01541164764	0.9437908862	Q92871	PMM1
0.1609557602	0.1666099185	P49589	CARS
0.03804723139	0.8082814898	Q8NEB9	PIK3C3
-0.1235196497	0.4771785679	Q95460	MR1
0.006051463288	0.9852703113	O95178	NDUFB2
-0.1829880865	0.4017177358	O14939	PLD2
-0.1173258452	0.5997854057	Q9Y3Y4	PYGO1
0.04622847419	0.7480114113	O60291	MGRN1
-0.1277757505	0.3574331889	Q8N9A8	CNEP1R1
0.0542605536	0.827889844	Q969Z0	TBRG4
0.1520099274	0.3216428226	Q99856	ARID3A
-0.01531479659	0.9478467188	Q7Z3E2	CCDC186
0.360443065	0.2707821707	P36959	GMPR
0.01843563073	0.9453814928	P37231	PPARG
0.03160805928	0.797514316	Q92905	COPS5
0.07768737031	0.5013189779	Q9NZN8	CNOT2
0.007557262404	0.968980131	Q9NRP7	STK36
-0.07458579755	0.8751746529	Q8TCG1	CIP2A
-0.1108229616	0.580176006	O75425	MOSPD3
0.004122240624	0.987981931	Q9BU79	TMEM243
0.1386992258	0.3260079088	Q7Z401	DENND4A
-0.0681936483	0.7106904631	Q5T0B9	ZNF362
-0.04632507667	0.8798700858	Q58EX7	PLEKHG4
0.0214063309	0.9198325393	Q9Y6N1	COX11
-0.03354067517	0.8841073283	Q49MG5	MAP9
-0.02951331386	0.8499188629	Q9NV66	TYW1
-0.1582708274	0.3420939654	Q9Y613	FHOD1
-0.3761865561	0.03564992424	O43679	LDB2
0.1216659063	0.5752771291	Q96T60	PNKP
-0.3366425034	0.1371831293	O75764	TCEA3
0.08155636035	0.6605956108	Q9H305	CDIP1
0.05825827919	0.6623716489	Q86Y37	CACUL1
-0.180334768	0.1238759285	Q6DN90	IQSEC1
0.06585606312	0.5281258736	Q14BN4	SLMAP
-0.009711666841	0.950887064	Q5QJ74	TBCEL
0.2348497926	0.3976945342	Q9H773	DCTPP1
-0.2016313055	0.3731019966	Q01973	ROR1
-0.08683107883	0.6212712576	Q9H0F5	RNF38
0.1035809342	0.4813778946	Q92968	PEX13
0.1119314173	0.52792414	Q15528	MED22
-0.06029244363	0.6763067155	Q9H0X9	OSBPL5
-0.1485335263	0.5009108462	Q9Y600	CSAD
0.06615626408	0.627750555	P17010	ZFX
-0.04954162923	0.8289710689	Q8TBP6	SLC25A40
0.4502758041	0.06687519418	Q6ZMZ0	RNF19B
-0.03441569502	0.7865910959	P82663	MRPS25
-0.06474245194	0.8080462021	Q6STE5	SMARCD3
0.1011661378	0.5189591439	Q10587	TEF
-0.1615869525	0.6951055611	Q9Y6A5	TACC3
-0.2505757661	0.1107376528	Q15596	NCOA2
0.1580952629	0.2119464661	Q6AI08	HEATR6
0.01944597052	0.9360498212	P20585	MSH3
-0.1936456612	0.4021073008	Q9BUE0	MED18
-0.1245386913	0.3897712936	Q9C0J9	BHLHE41
-0.07975183279	0.5468821159	Q8TBF2	PRXL2B
0.07602575426	0.8241416848	O15438	ABCC3
0.1312071665	0.4884799624	P33992	MCM5
-0.06891231988	0.7649084653	Q6P9B9	INTS5
-0.1794943851	0.586550656	Q9BQB6	VKORC1
0.0186878158	0.9021778474	Q8TBE0	BAHD1
-0.008234566904	0.9692001576	Q9NU22	MDN1
0.3968607342	0.260922984	Q9NZJ0	DTL
-0.00285061032	0.990336571	P30281	CCND3
0.1072031178	0.4367960031	O60765	ZNF354A
-0.149269352	0.5356486981	Q8NFH4	NUP37
0.08655909047	0.5363885552	O75665	OFD1
-0.0552651912	0.7946395883	Q0VAQ4	SMAGP
-0.07173523934	0.6931216144	Q13164	MAPK7
-0.02236203641	0.9189639125	Q9NP66	HMG20A
-0.03437995918	0.8082814898	P51608	MECP2
0.04072039595	0.8332045654	Q629K1	TRIQK
0.5447614304	0.04151221057	Q9NUL5	C19orf66
-0.03486754057	0.8502440813	Q6PI78	TMEM65
0.1402502102	0.6911840727	B4DH59	NBPF26
0.09306771541	0.592574659	Q86WN1	FCHSD1
0.01060619163	0.9602040081	Q8NFG4	FLCN
-0.0741030509	0.6536866023	Q9NZC9	SMARCAL1
-0.001124604208	0.9975787345	P35914	HMGCL
0.07901531813	0.6506281695	Q9NRM2	ZNF277
0.02582045724	0.9256477011	Q96PE7	MCEE
0.05693843061	0.795023068	Q9NQT5	EXOSC3
-0.112146598	0.6323234597	Q8N568	DCLK2
0.1141198164	0.7404740268	Q15910	EZH2
-0.08077274327	0.7536184515	Q13011	ECH1
-0.04995360384	0.7464961601	Q8WWN8	ARAP3
0.06746734132	0.6234643477	Q9ULU4	ZMYND8
-0.08429354237	0.4508140995	Q9BTW9	TBCD
-0.08505768995	0.5945725997	Q96K19	RNF170
2.261679955	0.003740637601	P02778	CXCL10
-0.06959069904	0.7470807703	Q5FWF5	ESCO1
-0.07564739791	0.6676831289	Q8NFU5	IPMK
0.007462493811	0.9708094759	Q9BRD0	BUD13
-0.01935780983	0.9089254617	Q86UY6	NAA40
0.1252472867	0.3074748874	Q13129	RLF
-0.1854321828	0.3632160526	Q7L3V2	RTL10
0.06014983569	0.8059893913	Q9BSJ5	C17orf80
-0.01650354983	0.9290323807	Q86UD5	SLC9B2
-0.1069121022	0.6652376775	Q9P0T4	ZNF581
0.1426866867	0.5751222378	P49736	MCM2
0.01872998863	0.9161818009	O60921	HUS1
0.3379222421	0.03056195353	P54687	BCAT1
0.1204066025	0.6876224843	Q96LW7	CARD19
0.1326645588	0.436735712	Q9Y3A4	RRP7A
0.167975895	0.3718314709	Q9HAV4	XPO5
0.04147307667	0.8160149193	Q15750	TAB1
-0.08871122582	0.4987716734	Q9Y2V7	COG6
-0.07985308083	0.6340416648	Q8IY95	TMEM192
0.1174795365	0.4817017349	Q9H6R0	DHX33
0.02122430461	0.9318196838	Q96Q11	TRNT1
-0.02251912566	0.911737607	Q9NV31	IMP3
-0.07832666584	0.5823753541	Q96IZ7	RSRC1
-0.1131517993	0.4933771813	Q8WUZ0	BCL7C
0.04731017226	0.7261901009	O43299	AP5Z1
0.2272238069	0.3817524335	P49703	ARL4D
-0.08495449596	0.6613068083	Q9H4M3	FBXO44
0.01910369743	0.9318196838	Q0VDI3	TMEM267
0.04371307626	0.8678049934	Q8N2U9	PQLC1
0.0438168956	0.7255152833	Q9NUA8	ZBTB40
0.0878694599	0.6827551778	Q9Y3B2	EXOSC1
0.01254388259	0.9294274164	Q7L8J4	SH3BP5L
-0.09868487362	0.7439300104	Q86XE3	MICU3
-0.07926462668	0.9564931766	Q99613	EIF3C
-0.1353682065	0.514142618	Q9C000	NLRP1
-0.160287328	0.3713995625	O60674	JAK2
0.1487140082	0.2319708703	Q8N3Z6	ZCCHC7
0.1467113331	0.508639836	O00478	BTN3A3
0.1735184289	0.2575828468	O43150	ASAP2
0.1974717726	0.5541927476	P30837	ALDH1B1
0.1087574674	0.3303401756	Q9BQ65	USB1
0.1974059557	0.194146339	Q9Y2L9	LRCH1
0.03159553767	0.8296332145	Q8TEP8	CEP192
1.203777567	0.005065392969	Q9BYK8	HELZ2
0.1200055163	0.4888429701	Q9UPY6	WASF3
-0.004474347388	0.9872382614	Q9P278	FNIP2
0.01863370874	0.9204026978	Q9UHW9	SLC12A6
0.0774977881	0.6001018673	Q6PCT2	FBXL19
0.08665572439	0.6536866023	O43156	TTI1
0.01043830789	0.9624701442	Q9Y6A1	POMT1
0.08519178027	0.6602713776	Q14558	PRPSAP1
-0.1706077441	0.1126324189	P49711	CTCF
0.09786584178	0.744260043	O75223	GGCT
-0.04533866964	0.6967314248	Q9HCK5	AGO4
0.094130035	0.4167034887	Q96RT8	TUBGCP5
-0.01813716173	0.925093184	Q13029	PRDM2
0.157086796	0.3983456452	Q96RL1	UIMC1
0.0206071253	0.8986266508	Q9HCK8	CHD8
0.03646441435	0.7939611953	P85037	FOXK1
-0.03779606704	0.8020751315	Q8N302	AGGF1
0.1686885284	0.4241304478	Q14207	NPAT
-0.1006607874	0.6713287503	Q8TDY8	IGDCC4
-0.0005053411085	0.9980304586	Q01167	FOXK2
-0.04756419881	0.9218264438	Q96B01	RAD51AP1
0.04253708322	0.7127344037	O60281	ZNF292
0.2461585808	0.1337439774	Q9NUQ3	TXLNG
-0.1067713551	0.5330975744	Q9BQG2	NUDT12
0.1594296608	0.5087775138	Q5W111	SPRYD7
-0.1237972483	0.4161939139	O75956	CDK2AP2
-0.04638228788	0.7666251244	Q96GJ1	TRMT2B
-0.05158761882	0.7467002543	Q9UI95	MAD2L2
-0.05721619537	0.7150086735	Q13867	BLMH
0.1447734463	0.4601376826	Q8IVB4	SLC9A9
0.2491267458	0.1074055747	Q9NU19	TBC1D22B
-0.06480362253	0.7926458933	Q8IXM6	NRM
0.06331660116	0.8727134136	Q96H22	CENPN
-0.0681437759	0.5036010044	Q86US8	SMG6
-0.005116161365	0.9795686798	P08754	GNAI3
-0.1872793875	0.2630588517	Q9UPZ9	ICK
-0.1594009665	0.2094964002	Q9NZ01	TECR
0.03267029452	0.8285421644	Q8WXW3	PIBF1
0.2190518007	0.3453360951	Q9BXS9	SLC26A6
-0.3293387122	0.1078654734	P81274	GPSM2
-0.1186123792	0.6350954015	P07311	ACYP1
-0.02620234551	0.8992715088	Q9C0E2	XPO4
0.08963923668	0.5595691972	O75064	DENND4B
-0.09157026048	0.6435661927	Q8TEW6	DOK4
0.1464527457	0.5434504472	Q92995	USP13
0.02847643442	0.8867637849	O15047	SETD1A
0.02023427397	0.9294274164	Q9BW66	CINP
-0.06859129037	0.6931216144	Q9NW81	DMAC2
-0.2618109524	0.364325056	Q9UKX5	ITGA11
0.479119149	0.02555168063	Q9Y4C5	CHST2
-0.3383536215	0.1271856357	Q13002	GRIK2
0.0345439763	0.9208564567	Q16619	CTF1
0.2563820643	0.206260283	Q8N6M9	ZFAND2A
-0.07191003044	0.8441130764	O75911	DHRS3
0.06339677467	0.6953585782	O95628	CNOT4
-0.04273108391	0.7495583799	Q9Y2K5	R3HDM2
0.2921104487	0.1656064412	Q9BYE7	PCGF6
-0.03960127217	0.8441130764	Q16850	CYP51A1
-0.3102544775	0.0303505883	Q9HCK4	ROBO2
-0.1661616561	0.2562880205	Q8NBF2	NHLRC2
-0.4450528314	0.1376969177	Q9BTA0	FAM167B
-0.1018983022	0.5854076394	P45954	ACADSB
0.2826199536	0.1120985686	Q96JA1	LRIG1
-0.03963326245	0.8321341578	Q12931	TRAP1
0.2021971643	0.2713394168	Q9Y4K1	CRYBG1
-0.06146143028	0.7107296834	Q96PX1	RNF157
0.1405150121	0.1535517679	Q8NFZ3	NLGN4Y
0.1475915131	0.3666965973	Q9BV86	NTMT1
0.1728905755	0.2015422522	O43615	TIMM44
-0.08891408186	0.5808852701	O75208	COQ9
-0.006850032114	0.9843643119	Q4G0N7	FAM229B
0.001412257018	0.9968461974	Q8NB78	KDM1B
0.0291165017	0.8379435181	Q7L5Y1	ENOSF1
0.01041501743	0.9624701442	Q9BTY7	HGH1
0.02803592554	0.9295087916	O14618	CCS
0.2670091282	0.1855429266	Q14061	COX17
-0.0702096909	0.7060927593	A3KMH1	VWA8
0.2399242362	0.1528896733	Q9BUZ4	TRAF4
0.03872978121	0.8410074022	P25054	APC
-0.23085209	0.2396617244	Q9BZM1	PLA2G12A
0.05845627216	0.6843289814	Q2VPB7	AP5B1
0.1068413692	0.6014154688	Q9Y4R8	TELO2
0.08857802357	0.7623776244	Q96FZ7	CHMP6
0.003551303659	0.9824178252	Q92574	TSC1
0.00160035385	0.9968897747	Q96J01	THOC3
0.008733044383	0.9469773629	Q9H1Z4	WDR13
0.2877303615	0.3489119447	P40306	PSMB10
-0.08744581491	0.5752771291	O75925	PIAS1
-0.09132036548	0.6266573119	O75197	LRP5
-0.02529892589	0.8808309597	Q8NCP5	ZBTB44
0.1236624035	0.4678752238	Q8WYQ5	DGCR8
-0.3224227946	0.606610465	P27449	ATP6V0C
-0.03795929578	0.8704129329	Q8TEQ6	GEMIN5
0.01164922612	0.9652139325	Q9GZQ3	COMMD5
-0.02087563612	0.9127878854	Q9P260	RELCH
0.02961339962	0.8306188213	O14727	APAF1
1.417528752	0.007019003857	P28845	HSD11B1
0.07751306638	0.7333324119	Q6P9B6	TLDC1
-0.2830916188	0.5510636564	O43683	BUB1
-0.239663297	0.1132584983	Q7KZN9	COX15
0.1372861842	0.4000583727	O43325	LYRM1
0.002312686969	0.9956138049	Q9UGN5	PARP2
0.09869446373	0.762842187	Q6QNK2	ADGRD1
-0.04348507488	0.8059893913	O14770	MEIS2
-0.02177380428	0.9246439999	Q9P2M4	TBC1D14
0.06808349393	0.738373648	O95202	LETM1
0.04197186607	0.8704129329	P35367	HRH1
0.08771651894	0.4678752238	Q68CQ4	UTP25
0.02580445353	0.9220723756	Q9NUD9	PIGV
-0.1952356074	0.1535517679	Q15788	NCOA1
-0.3369810991	0.1268584875	Q9H1U4	MEGF9
0.01411265454	0.9371713246	Q8NBI6	XXYLT1
-0.03987659276	0.7947752815	Q6IEG0	SNRNP48
0.04944663361	0.7812398829	Q13572	ITPK1
-0.05277546952	0.7106904631	O95630	STAMBP
-0.05066320524	0.8217795352	Q96GY0	ZC2HC1A
0.0443714862	0.686203932	Q9NWQ4	GPATCH2L
-0.145347689	0.4810665325	Q8N6U8	GPR161
-0.07481421682	0.5829770981	Q9HCG1	ZNF160
-0.1869160594	0.7388888911	O60566	BUB1B
0.223880504	0.2923590053	Q9NX58	LYAR
0.01333684769	0.9402998013	Q9NZ52	GGA3
0.09947621127	0.5129328043	Q9HCI7	MSL2
0.1196776474	0.3125028425	O94886	TMEM63A
0.1305940268	0.4888223784	P08048	ZFY
0.05219523169	0.6911840727	O15530	PDPK1
0.1394774067	0.2908762382	Q15916	ZBTB6
0.02412469558	0.9294495461	O75381	PEX14
0.108053812	0.5976756525	Q9NZQ3	NCKIPSD
0.04367013346	0.8727134136	Q8WTV0	SCARB1
0.08023635576	0.5630802309	Q2M1Z3	ARHGAP31
0.09499434232	0.6823221932	Q96NT1	NAP1L5
-0.01988418782	0.9000720627	P49447	CYB561
-0.04261253456	0.9334729082	Q9H3R5	CENPH
-0.04148771577	0.8479055867	Q68DH5	LMBRD2
0.1276931179	0.3308365053	P17030	ZNF25
0.03426450619	0.9050661378	Q6QNY0	BLOC1S3
-0.07390006722	0.8702342153	Q7Z4W1	DCXR
-0.08685287941	0.6275125858	P78314	SH3BP2
-0.1219109786	0.5835032922	Q9NNZ3	DNAJC4
-0.0176085075	0.922939368	Q99633	PRPF18
0.1924536812	0.2752861698	Q96GX9	APIP
0.05242824906	0.7060927593	P78536	ADAM17
-0.1858189456	0.3675439207	Q14678	KANK1
0.8929031908	0.0002431893113	O43187	IRAK2
0.108505115	0.4998991835	Q9NTM9	CUTC
0.04990010097	0.8284334971	Q96H96	COQ2
-0.1254996156	0.4185847441	A0A1B0GUI7	BRD3OS
-0.2930195551	0.6188182513	Q16667	CDKN3
0.08944240447	0.5371792564	Q9NQQ7	SLC35C2
0.1725015397	0.2242425877	Q9Y314	NOSIP
-0.2103763374	0.1431640109	Q9NWC5	TMEM45A
-0.1554807752	0.7842234459	P08949	NMB
-0.1270243001	0.551119522	Q8NBR0	TP53I13
0.2352762575	0.2536084088	Q9UJA5	TRMT6
-0.06013771463	0.8167182271	Q9BXK1	KLF16
0.03349066761	0.8413981534	Q9Y2G8	DNAJC16
-0.02125168032	0.9071661992	O15344	MID1
-0.1450039341	0.4107507318	A4FU01	MTMR11
0.001641307215	0.996439901	Q6UW68	TMEM205
0.04682344528	0.8378945641	P68543	UBXN2A
0.001225298384	0.9950562423	P57740	NUP107
-0.1020563134	0.6818972576	Q9BQ95	ECSIT
-0.218669901	0.4387852819	Q9BRJ7	NUDT16L1
0.04243350032	0.8841073283	Q8WXX5	DNAJC9
0.003493657426	0.9879781537	Q9UJ78	ZMYM5
-0.05105173293	0.704298981	P49959	MRE11
0.06632256676	0.704298981	O95639	CPSF4
0.08144852255	0.6060038977	Q9H0B6	KLC2
0.02958896809	0.868894039	Q86V85	GPR180
0.02391861407	0.9135620021	Q99583	MNT
-0.05251016318	0.7564411583	Q9UI10	EIF2B4
-6.98759385e-05	0.9999247552	Q9UJJ7	RPUSD1
0.3933162675	0.01473291388	Q96RU8	TRIB1
0.05422799628	0.7238153079	Q9NPE2	NGRN
-0.3106710518	0.1453828841	Q8N2H3	PYROXD2
-0.08609683398	0.5850235921	Q96CM3	RPUSD4
-0.03552610954	0.7883269558	Q13356	PPIL2
0.1000647856	0.3382735993	Q5W0Q7	USPL1
0.1018554187	0.3780188093	Q2NL67	PARP6
-0.002477674047	0.9919505435	P49770	EIF2B2
0.4054523068	0.3858891048	Q86TG7	PEG10
-0.001795828741	0.9975899627	Q10588	BST1
0.2392851996	0.3328249717	Q9UJS0	SLC25A13
0.08452127541	0.5990488187	Q96EV2	RBM33
0.0005096078379	0.9985326892	Q0PNE2	ELP6
0.1015455464	0.7101569618	Q15628	TRADD
-0.001161381535	0.9953540032	Q14CZ0	C16orf72
-0.0281205243	0.9363556201	P15153	RAC2
0.01281756816	0.9535062432	Q9Y496	KIF3A
0.06858740955	0.6257131279	Q6N069	NAA16
-0.2991221434	0.04603382512	Q9NTX9	FAM217B
-0.05513251673	0.8266662881	Q9P121	NTM
0.04173365413	0.7327153156	Q92529	SHC3
0.01101572193	0.968980131	Q86VG3	C11orf74
-0.06819300954	0.6437448033	Q9NSD4	ZNF275
0.05182826401	0.8188215053	Q96CN4	EVI5L
-0.09211864878	0.6615828293	Q16762	TST
0.1264463275	0.6420648041	O75635	SERPINB7
0.0581318611	0.7489728983	Q9Y580	RBM7
0.568359705	0.02244734065	P53567	CEBPG
-0.2476833659	0.1920258873	Q96HE8	TMEM80
-0.02903032665	0.8616797767	Q8NDX6	ZNF740
-0.03426291782	0.8118620472	Q9UBZ9	REV1
0.01286699282	0.9365637922	Q8WTS1	ABHD5
0.07200632889	0.7815501215	A0A0B4J2F0	PIGBOS1
-0.07722258734	0.7560147214	Q9UBP9	GULP1
0.04538612074	0.8690469893	O00562	PITPNM1
-0.0168125234	0.96037529	Q9H8W4	PLEKHF2
0.04325649324	0.7669806636	Q96LI5	CNOT6L
-0.06007329875	0.6029843559	Q9H079	KATNBL1
-0.201013277	0.3091633407	P50607	TUB
0.2742650111	0.05104452415	Q6BCY4	CYB5R2
0.01169510143	0.9602040081	Q9BWN1	PRR14
0.0641420627	0.7245783696	Q99543	DNAJC2
0.0009684385861	0.9975265714	Q9UNK9	ANGEL1
-0.03844750687	0.8362537674	Q8TDD5	MCOLN3
0.02944859343	0.8440787413	Q8IWT0	ZBTB8OS
0.1005844381	0.5984414767	Q9Y3X0	CCDC9
-0.05560872444	0.6876224843	Q96H78	SLC25A44
-0.04096630893	0.8165229361	Q8NEM7	SUPT20H
-0.04034920135	0.8082814898	Q8NEZ5	FBXO22
0.03283044913	0.8907067131	O15266	SHOX
-0.006303884741	0.9743069996	O94830	DDHD2
0.1734386781	0.2497792216	O43808	SLC25A17
-0.02776410018	0.8977442188	Q13228	SELENBP1
0.08290965936	0.7106904631	Q9UQC2	GAB2
-0.07191990325	0.6702473356	O60268	KIAA0513
0.05299105377	0.7818996802	Q8N9Q2	SREK1IP1
0.2345230965	0.2841120328	P61254	RPL26
0.4331122532	0.02771210211	Q03519	TAP2
0.06192651757	0.6065640741	Q8NBZ0	INO80E
0.01654569859	0.9425380013	Q9H5V7	IKZF5
0.04225108938	0.8994683178	Q9BUK0	CHCHD7
0.09296327512	0.6236404755	Q9HAZ1	CLK4
0.1469807519	0.3082252193	Q9UMX3	BOK
0.08550090342	0.5894443185	Q9HD23	MRS2
-0.03079485228	0.837823988	Q96K12	FAR2
0.04536334078	0.8575429652	P42695	NCAPD3
-0.03103900146	0.8266662881	Q96IY1	NSL1
-0.1061541227	0.5506754447	Q9UM47	NOTCH3
-0.02563569042	0.8837907438	P61006	RAB8A
0.08913233242	0.6475164362	Q7Z6M1	RABEPK
-0.03927315452	0.8702342153	Q04743	EMX2
0.06199503213	0.7063863733	Q3T8J9	GON4L
0.3100741717	0.09493453612	Q96RU7	TRIB3
-0.1740047513	0.5196736502	Q96FN9	DTD2
0.276431182	0.3436699684	Q9Y2H1	STK38L
0.09792878588	0.4726759546	Q9BW27	NUP85
0.2366377082	0.1595359862	Q9BXY0	MAK16
-0.05572458494	0.8100242611	Q969T3	SNX21
-0.02109626006	0.9382382914	Q8N539	FIBCD1
0.008768500047	0.9651398363	Q6ZW05	PTCHD4
0.02303544069	0.856651142	Q9H799	CPLANE1
-0.0243624392	0.9039026937	Q5HYI7	MTX3
-0.05189243058	0.6722704516	P10071	GLI3
0.0488479098	0.7530453173	O43402	EMC8
-0.1210506254	0.8483901372	O75330	HMMR
0.09103477483	0.5203727944	Q9HBL8	NMRAL1
0.0858369056	0.5346238956	Q3ZCQ8	TIMM50
0.102365019	0.5434504472	Q8N2W9	PIAS4
0.1380762624	0.3058659336	Q96T21	SECISBP2
-0.2080920175	0.08822435347	Q96AY4	TTC28
0.05550979325	0.6823221932	Q99996	AKAP9
-0.1186371461	0.436735712	Q9NPF5	DMAP1
-0.05566313309	0.801494031	Q9Y644	RFNG
-0.07417024081	0.7060927593	Q15032	R3HDM1
-0.01103944318	0.9683012868	O14782	KIF3C
0.003592989281	0.992857651	Q8IWL3	HSCB
0.01089295186	0.9605625297	O95455	TGDS
-0.08063831685	0.6227993397	Q3MIS6	ZNF528
-0.04993322425	0.7454232041	Q9UJX5	ANAPC4
-0.03524622321	0.7570233525	Q9Y4G8	RAPGEF2
0.02456889532	0.9165394034	Q9NTI5	PDS5B
-0.08122420639	0.6513059802	O00116	AGPS
-0.09155945089	0.4318558071	Q96GZ6	SLC41A3
-0.06686278975	0.7122689093	Q9NWX5	ASB6
-0.1147065409	0.6387040884	Q6MZP7	LIN54
0.26893905	0.08350696945	Q86WI3	NLRC5
-0.3362908097	0.4225575305	Q13361	MFAP5
0.5056405904	0.3549278758	Q7Z7G0	ABI3BP
0.01246406461	0.9574833228	O14709	ZNF197
-0.03081156121	0.8797406326	Q9Y3A0	COQ4
-0.08871022078	0.6876224843	Q96JM7	L3MBTL3
-0.09602388242	0.5625005332	Q96FM1	PGAP3
-0.1412280901	0.3077934492	O15440	ABCC5
-0.08651618723	0.608922356	Q2KHR2	RFX7
-0.01011286806	0.9602040081	Q9BWC9	CCDC106
0.1506416173	0.3271509141	Q9NWX6	THG1L
-0.3362492688	0.2282451474	Q5R3F8	ELFN2
-0.27722436	0.1535517679	Q14714	SSPN
0.002092650939	0.9912171934	O14802	POLR3A
0.04828730403	0.7248062956	O60830	TIMM17B
0.3485851075	0.164959003	Q8IUC6	TICAM1
0.1513903116	0.5179829982	Q8TDN6	BRIX1
-0.1791060526	0.7261901009	A0A0A0MRZ9	IGLV5-52
-0.05411472563	0.6804832775	Q969X0	RILPL2
-0.3123381657	0.05922027726	Q86UP3	ZFHX4
-0.01375494345	0.9473397665	Q6UW02	CYP20A1
-0.004862967996	0.9877612123	Q9NX04	C1orf109
0.09270581664	0.4779096208	Q96F46	IL17RA
0.1158029273	0.5457251813	Q8TF30	WHAMM
-0.01749651751	0.9043903053	Q2TAA2	IAH1
-0.2500655531	0.341215434	Q9Y534	CSDC2
-0.04905463317	0.8150009696	O95749	GGPS1
-0.1048250294	0.5363885552	Q9NVH0	EXD2
0.1726688085	0.2342064552	Q86YC2	PALB2
-0.110465632	0.4974117806	Q86UB9	TMEM135
0.003344530528	0.992857651	Q9NST1	PNPLA3
-0.02956659816	0.8118620472	Q7Z3V4	UBE3B
0.1761242273	0.4167034887	Q8N5L8	RPP25L
-0.06576029014	0.7081664324	Q99504	EYA3
0.1394806683	0.4242269129	Q6P1R4	DUS1L
-0.02943076177	0.9168901703	Q9BW85	YJU2
0.07056751426	0.6755250323	Q9BY84	DUSP16
-0.04191550405	0.8546668521	Q6V0I7	FAT4
0.004600129418	0.9880657962	Q9Y478	PRKAB1
-0.01802464713	0.9375467395	O15304	SIVA1
-0.1082556773	0.4118084399	Q6UWE0	LRSAM1
-0.04340654955	0.8746478198	Q9Y3M2	CBY1
0.05287814728	0.7122689093	Q9UHI6	DDX20
0.01055898606	0.9479895712	Q16670	ZSCAN26
-0.01813847436	0.968980131	Q14807	KIF22
-0.1250848577	0.5665897618	Q9UK33	ZNF580
0.1249729245	0.4813778946	Q9BR61	ACBD6
-0.02391575848	0.9359384572	Q15572	TAF1C
0.2187089844	0.3858891048	Q9NRD1	FBXO6
-0.00733748999	0.9809260446	Q9Y2K6	USP20
0.3064706132	0.07998183624	Q5SRD1	TIMM23B
-0.05658952868	0.6589913757	Q9H0C3	TMEM117
-0.2987054203	0.3483157016	Q9H6H4	REEP4
0.07280880423	0.5787233398	A0A1W2PQ72	HSPA14
-0.3398315976	0.3160245553	P25067	COL8A2
0.1635731272	0.2070782666	Q9H6Y2	WDR55
-0.01794837263	0.9431601607	Q9BRJ6	C7orf50
0.0362027357	0.8187888673	Q6Y2X3	DNAJC14
-0.2376868143	0.1128083916	Q99569	PKP4
-0.186838403	0.3064223015	Q6PJG9	LRFN4
-0.07020739934	0.5628607787	Q99973	TEP1
0.0445829009	0.7335956262	Q9Y3P4	RHBDD3
-0.009683146311	0.9691437411	Q6PI47	KCTD18
-0.1138472565	0.4988307774	O15297	PPM1D
-0.09942077528	0.5013189779	Q9Y4Y9	LSM5
0.05785015638	0.7063863733	P55199	ELL
0.0961420226	0.5641629439	O60512	B4GALT3
-0.1228703297	0.3234528036	Q8IZ21	PHACTR4
-0.06185244091	0.7564411583	Q155Q3	DIXDC1
-0.06890768414	0.6931216144	A0A0U1RRL7	MMP24OS
-0.2401899287	0.4112559226	Q86YV5	PRAG1
0.05764287509	0.7231467921	Q9ULT0	TTC7A
-0.007239723698	0.9642332576	Q9H0R1	AP5M1
-0.1240116863	0.5576920024	Q5T6L9	ERMARD
0.03413319863	0.8097469558	Q69YN2	CWF19L1
0.05764562998	0.8392539016	Q15054	POLD3
-0.08929504018	0.512829767	Q643R3	LPCAT4
0.08338481597	0.7245783696	O60232	SSSCA1
-0.0282422603	0.8837907438	O00463	TRAF5
-0.01006507017	0.9602040081	Q9H0M5	ZNF700
0.111147376	0.4984694759	Q9BY66	KDM5D
0.0461717512	0.7576681775	Q9BSQ5	CCM2
0.0204164704	0.9198325393	Q5T6V5	C9orf64
-0.03435164107	0.8595524048	Q4W5G0	TIGD2
0.1472751895	0.4367960031	Q92833	JARID2
0.014867019	0.9283819467	Q9HAP2	MLXIP
0.0753160403	0.5074614985	Q8NBF6	AVL9
0.0002531125762	0.9989480323	Q969V6	MRTFA
-0.03377818232	0.86781979	P52741	ZNF134
0.03754448641	0.8558403682	Q96BU1	S100PBP
-0.120175991	0.5164494219	Q8IYI6	EXOC8
0.5629099481	0.01160613089	P11309	PIM1
-0.08329646736	0.5160413548	O00418	EEF2K
0.1564395851	0.3216428226	Q8TBK6	ZCCHC10
0.2876113395	0.4374728893	Q8IWB1	ITPRIP
0.1275975789	0.2263476401	Q9ULI2	RIMKLB
-0.05441925751	0.7255152833	Q86XZ4	SPATS2
-0.1435577237	0.7882631963	A8MQT2	GOLGA8B
-0.1054009715	0.3382735993	Q68EM7	ARHGAP17
0.09142090758	0.4788456516	Q8NDA8	MROH1
0.02311640964	0.8841073283	Q9BV73	CEP250
-0.01635419426	0.9362455607	Q9UHD1	CHORDC1
0.1323969739	0.5835032922	O15381	NVL
0.1042582179	0.3345974097	P78406	RAE1
0.03611475646	0.928862767	Q3LIE5	ADPRM
-0.06101021696	0.6615828293	Q2MV58	TCTN1
0.08476005094	0.5622198171	Q9UHB4	NDOR1
0.07734064838	0.6536866023	Q9NYL4	FKBP11
-0.09597956525	0.5891791735	Q2TBE0	CWF19L2
0.1722754412	0.3132247843	P78346	RPP30
0.00795768165	0.9720592224	Q9UMN6	KMT2B
0.08926164788	0.7434529797	O00411	POLRMT
0.09158675345	0.4423627042	Q14C86	GAPVD1
0.08413852037	0.5594992168	Q9BRA2	TXNDC17
0.008846238222	0.9666916134	Q15059	BRD3
0.08292074143	0.6218872757	Q9BZL6	PRKD2
-0.4311294219	0.08408100482	Q9NUC0	SERTAD4
0.067156857	0.670518852	Q9NSI6	BRWD1
-0.03779662621	0.8471568462	Q5VXU3	CHIC1
0.1072435287	0.3784888352	Q96EM0	L3HYPDH
0.02832445551	0.8852564435	Q6NXE6	ARMC6
-0.2133261259	0.4484569979	Q9H492	MAP1LC3A
0.315900304	0.2589547273	P15692	VEGFA
-0.05451747629	0.7488143693	Q96MG7	NSMCE3
-0.06164973413	0.6253820019	Q9ULL5	PRR12
0.1906638219	0.6068089134	Q9NWM0	SMOX
-0.06843253935	0.6963603752	Q6ZSS7	MFSD6
0.07523619696	0.738373648	Q9BZG8	DPH1
-0.05318223471	0.6580171009	Q8TEW8	PARD3B
-0.02461595252	0.9157167536	O15182	CETN3
-0.1633818006	0.4038063906	P18887	XRCC1
-0.1571727865	0.5519324824	Q9ULZ9	MMP17
0.01316649816	0.9434064069	Q9GZU3	TMEM39B
0.03291388509	0.869754882	Q9UPY8	MAPRE3
-0.1994751478	0.3132247843	Q8N2G8	GHDC
-0.146502835	0.4395407709	Q9NR34	MAN1C1
-0.06593368068	0.649800086	Q96PV0	SYNGAP1
0.3345976078	0.2929249113	Q9H9A7	RMI1
0.08507378298	0.5197070746	O14976	GAK
0.01094672422	0.9580910238	Q9Y5V0	ZNF706
-0.107991101	0.6621092279	Q13884	SNTB1
0.01749431794	0.9520313886	Q92990	GLMN
2.045176172	0.005065392969	P29728	OAS2
-0.1042232517	0.3958506663	Q12767	TMEM94
-0.01114390395	0.9602040081	Q92989	CLP1
-0.02823891651	0.8483901372	Q9UPG8	PLAGL2
0.1420532755	0.3086917916	Q6NT16	SLC18B1
0.2396172822	0.4508274202	Q96AP4	ZUP1
0.2596434531	0.2536084088	Q9UBZ4	APEX2
-0.06599695587	0.5835032922	Q6PJ69	TRIM65
0.0792036282	0.7063863733	Q9C0C4	SEMA4C
0.2419651917	0.2015422522	O15105	SMAD7
-0.08454333368	0.7413968011	O76095	JTB
1.153015512	0.007782702375	Q6GPH4	XAF1
0.2698568472	0.1742832382	O00329	PIK3CD
-0.1184688109	0.4556537049	Q8NAV1	PRPF38A
-0.04407769511	0.7245817665	Q03164	KMT2A
-0.1228361608	0.5835032922	Q9UI08	EVL
-0.05966736138	0.7395597511	Q9BRU9	UTP23
0.01206037508	0.9334729082	O75044	SRGAP2
-0.1035562145	0.6225782482	Q9H9C1	VIPAS39
-0.03321230628	0.8822644677	Q9UNX4	WDR3
0.07905425807	0.7024943391	Q9H1D9	POLR3F
-0.1914934764	0.118406918	Q6ZMG9	CERS6
0.03082047788	0.821262029	Q5TGY1	TMCO4
-0.04783877266	0.8280664559	Q9UNA4	POLI
0.0828368365	0.6315227611	O14602	EIF1AY
-0.04845754561	0.9135620021	Q8WV48	CCDC107
0.09701461448	0.4553951978	Q8WWZ7	ABCA5
-0.0005062285389	0.9990687546	Q5I0X4	C6orf226
-0.1631060042	0.1868864385	Q6ZN30	BNC2
-0.2371731108	0.623390408	O95239	KIF4A
0.002912855285	0.9909327601	Q9BVG9	PTDSS2
-0.02060157979	0.946465776	Q9NUP7	TRMT13
-0.1860423766	0.2210533174	Q99704	DOK1
0.07677796931	0.5988802781	Q68DK2	ZFYVE26
0.07077290472	0.7255152833	P78330	PSPH
0.1725627119	0.1673234814	O75312	ZPR1
0.02297507105	0.8483901372	Q9NUN7	ACER3
-0.2673703927	0.269993144	P55212	CASP6
0.04581404021	0.7262916088	Q9P2Y5	UVRAG
-0.02158944865	0.925093184	Q9UNK0	STX8
-0.1745775753	0.3483074746	Q9H7X7	IFT22
0.1465147062	0.4278882581	Q9H0C8	ILKAP
-0.02409991015	0.8968818493	Q676U5	ATG16L1
-0.08106246417	0.6605956108	O43513	MED7
-0.08358046983	0.7229319444	O75293	GADD45B
0.04874363073	0.7882631963	Q8WVS4	WDR60
0.6041766011	0.009352314774	O95760	IL33
0.2399109166	0.08887485529	Q11206	ST3GAL4
-0.1293015844	0.2801022275	Q12816	TRO
0.04052097233	0.8898773336	P57768	SNX16
0.03916255521	0.7520830803	Q7Z6B0	CCDC91
0.03552221978	0.8011425759	A8MW92	PHF20L1
-0.03290393755	0.873045915	Q9Y2B5	VPS9D1
0.8649952083	0.005065392969	Q01650	SLC7A5
-0.02424929724	0.8866568039	Q12872	SFSWAP
-0.0229304457	0.9039026937	Q6P158	DHX57
0.01108187239	0.9631199458	Q9BSM1	PCGF1
6.956732182e-05	0.9999247552	Q6UY14	ADAMTSL4
-0.01558184572	0.950887064	Q8NCE2	MTMR14
0.1864051594	0.4787223819	Q9NX09	DDIT4
-0.05704499667	0.686203932	O75716	STK16
-0.02118116914	0.8822644677	Q15139	PRKD1
0.04535708101	0.7388888911	Q8TDJ6	DMXL2
-0.09195477805	0.5999399927	Q9UID6	ZNF639
-0.04105045232	0.9434064069	Q96FF9	CDCA5
-0.02201911333	0.9039384878	Q8N122	RPTOR
0.1220465665	0.368553563	Q96P47	AGAP3
-0.1545279173	0.3420212655	Q8N6M3	FITM2
0.07944010389	0.6248902823	P52739	ZNF131
-0.1205328096	0.6153193914	Q96PL5	ERMAP
0.08337653679	0.7000466518	O75717	WDHD1
0.04646074558	0.7766861325	Q9BZE2	PUS3
-0.1165292125	0.6148182786	P57775	FBXW4
0.1042800083	0.4337177882	Q9NRA8	EIF4ENIF1
0.008772403707	0.9767939823	Q6Y288	B3GLCT
-0.06264043427	0.6345122915	Q8IWZ8	SUGP1
-0.03475601627	0.8118620472	Q9GZS3	WDR61
0.04514663663	0.8071944596	Q6NTE8	MRNIP
-0.05156080529	0.7419362942	Q8N612	FAM160A2
-0.003815330091	0.989509614	Q5PSV4	BRMS1L
0.1540085755	0.4660674416	A6NDG6	PGP
-0.008043346737	0.9690597731	P17036	ZNF3
0.07573173321	0.6153193914	Q9H5K3	POMK
0.08697652696	0.6788290483	P17152	TMEM11
0.2511682958	0.1322749931	Q16831	UPP1
-0.01501226263	0.9229101068	Q9UMX1	SUFU
-0.1156405072	0.527945266	O75493	CA11
-0.02267058568	0.9135620021	Q5RKV6	EXOSC6
0.04578024879	0.9320213183	A6NFY7	SDHAF1
-0.02369573688	0.8848815011	Q8NAC3	IL17RC
-0.2045936921	0.3727032184	Q9Y448	KNSTRN
-0.1783307024	0.4833967146	O60486	PLXNC1
-0.1186350862	0.4405276541	Q9BSF4	TIMM29
0.01382170087	0.925093184	Q69YQ0	SPECC1L
-0.09072420246	0.5232551807	Q8TDN4	CABLES1
0.001585239222	0.9968461974	Q9UJF2	RASAL2
0.2166647535	0.2562880205	Q9Y3E1	HDGFL3
-0.06878955463	0.6873561766	Q9UI26	IPO11
-0.07211987113	0.7208159308	Q5U5X0	LYRM7
-0.02410774009	0.8742911979	Q6UN15	FIP1L1
0.009893531763	0.9829840816	Q96IK5	GMCL1
0.02412933631	0.8898773336	Q9UL25	RAB21
-0.1272171648	0.5515200517	Q8WXK3	ASB13
0.8038878547	0.02912855174	Q9Y3Z3	SAMHD1
-0.06367952139	0.7413968011	Q9P2J9	PDP2
-0.09192095198	0.5902868323	Q9H7Z6	KAT8
-0.05256310766	0.7429727048	O95249	GOSR1
0.02882319591	0.8868679743	O15054	KDM6B
-0.08840089135	0.6804100772	Q32M88	PGGHG
0.09927708249	0.7333324119	C9JVW0	INAFM1
0.06139918806	0.7705217394	Q14CX7	NAA25
0.2230501616	0.06099645828	P45983	MAPK8
0.001037587281	0.9975265714	O15514	POLR2D
0.4965554222	0.09666732244	P36222	CHI3L1
0.210188777	0.3356446635	Q6KCM7	SLC25A25
0.468686927	0.01791753383	P56199	ITGA1
0.0892509392	0.5434504472	Q13601	KRR1
-0.0465348575	0.9154016252	Q9UKT4	FBXO5
0.01546822299	0.9495569765	Q06278	AOX1
-0.1990848329	0.6969500746	Q9BZD4	NUF2
-0.07950535486	0.6392905619	Q96FV2	SCRN2
-0.09680026591	0.6057711492	Q8IW00	VSTM4
0.06080126567	0.8138372461	P56182	RRP1
0.08868748602	0.7958831068	Q9NVV9	THAP1
-0.157763867	0.4185847441	Q96GK7	FAHD2A
0.1482980072	0.4214916592	Q15554	TERF2
-0.05613925434	0.8601866185	Q969H6	POP5
0.2956803808	0.4052468082	Q9H967	WDR76
-0.06554202977	0.8189700543	Q13158	FADD
0.01624932172	0.9633840925	Q9UJY1	HSPB8
-0.1121551728	0.7368123162	Q6UW01	CBLN3
-0.1806070995	0.2119464661	Q5TFE4	NT5DC1
0.019888219	0.9039958929	O60907	TBL1X
-0.04442734332	0.7979476716	Q9H9L3	ISG20L2
0.04660245006	0.8118620472	Q9BQ67	GRWD1
0.008824947617	0.9541348917	Q9BT22	ALG1
-0.06489020131	0.6036863727	Q5H9S7	DCAF17
0.07350688963	0.5595691972	Q86XN6	ZNF761
-0.08026560293	0.8738523753	P05026	ATP1B1
-0.009857512181	0.9803900912	Q8N6S5	ARL6IP6
-0.1829022863	0.2453450228	Q6NV75	GPR153
-0.03586013815	0.831635865	P51523	ZNF84
-0.1937804564	0.2908762382	Q96ME7	ZNF512
-0.08532640913	0.6934141778	P54277	PMS1
-0.06647163526	0.7700652686	O75864	PPP1R37
-0.07713092526	0.5805421048	Q96H20	SNF8
-0.1077431194	0.5434504472	Q14135	VGLL4
-0.02211376482	0.9248925542	P55085	F2RL1
-0.1287566091	0.2413013291	Q9Y5Z4	HEBP2
0.01998782603	0.9135620021	O75694	NUP155
-0.0202440201	0.9309428395	Q16526	CRY1
0.09141616162	0.5921275668	Q9BV68	RNF126
-0.1604229545	0.6818552045	Q9H306	MMP27
0.1902204748	0.4431629172	Q8N6T7	SIRT6
0.006538123419	0.968980131	Q86WG5	SBF2
-0.0969037124	0.6406482298	Q9Y5G0	PCDHGB5
-0.2384821858	0.5196736502	P13686	ACP5
0.1688478342	0.3540654093	Q7L211	ABHD13
-0.1309000523	0.8234951332	Q96R06	SPAG5
-0.1242995105	0.4049102651	Q9Y2H2	INPP5F
0.1013920744	0.536913638	Q9GZL7	WDR12
-0.02953470739	0.827571378	Q07869	PPARA
1.064869615	0.001532525152	Q9C0K1	SLC39A8
-0.1562699277	0.2519470149	Q9NP92	MRPS30
-0.03062547952	0.8822644677	Q9NW08	POLR3B
0.213128219	0.2555826546	P15531	NME1
0.06694290145	0.7310330256	Q5BKY9	FAM133B
-0.0687947224	0.609915233	Q8IWI9	MGA
0.02893063012	0.895175025	Q9ULJ1	ODF2L
-0.0747443008	0.6257131279	Q99592	ZBTB18
-0.06709330291	0.5884634969	Q9Y4X5	ARIH1
-0.03563079618	0.8742911979	O00237	RNF103
-0.06772529741	0.8367966271	Q6ZV89	SH2D5
0.1089653155	0.5439659526	Q9NYR9	NKIRAS2
0.2158222022	0.1868864385	Q8IZ69	TRMT2A
-0.04787295393	0.6602713776	Q86W11	ZSCAN30
0.0009406662382	0.9968897747	Q8WXI9	GATAD2B
0.00340076143	0.9879781537	Q6P1N0	CC2D1A
-0.2224054483	0.7593062777	P55273	CDKN2D
-0.03884579898	0.7591025729	Q8WVT3	TRAPPC12
-0.1376410109	0.7503962534	Q13257	MAD2L1
0.0213395938	0.9290323807	Q8ND24	RNF214
-0.1473849614	0.4126337002	Q86YB7	ECHDC2
0.0135107899	0.9448385403	Q7Z7B1	PIGW
-0.1112181725	0.447848434	Q9UNT1	RABL2B
0.03465774391	0.8623638279	Q9UKV0	HDAC9
-0.1405185363	0.4824711624	Q9BQ04	RBM4B
0.1285142985	0.3610163021	Q9Y2E8	SLC9A8
-0.003804620569	0.9880657962	Q8TAV0	FAM76A
-0.1373510918	0.6317706074	P58557	YBEY
0.03312774332	0.8694235978	Q5T280	SPOUT1
0.08156487542	0.5599143065	Q9P0U3	SENP1
0.2686677351	0.2236933026	Q96EP0	RNF31
0.0250100411	0.9328773718	P42126	ECI1
-0.2889545377	0.6360221591	Q02224	CENPE
0.04799798512	0.7729590327	Q9H115	NAPB
-0.1415314598	0.4771785679	Q8NB59	SYT14
-0.08484150461	0.8707550753	P09238	MMP10
-0.02575716838	0.8695122546	Q9Y2L8	ZKSCAN5
-0.1146404781	0.8120834355	Q96GD4	AURKB
-0.01394619804	0.9498565402	Q5SZJ8	BEND6
-0.1504107953	0.4938200968	A7MCY6	TBKBP1
0.2909291229	0.03791912114	P16157	ANK1
-0.1115404635	0.6191402546	Q9NRH1	YAE1
-0.09784871814	0.5835739034	P23743	DGKA
0.04895629725	0.7995216124	O75461	E2F6
0.08498872332	0.6442172236	Q9Y4X0	AMMECR1
0.1216022664	0.4449086802	Q9BVV7	TIMM21
-0.1307949554	0.3574331889	O15254	ACOX3
0.04958317162	0.6804100772	Q86TJ2	TADA2B
0.05869028047	0.8275173035	Q32P41	TRMT5
-0.2632243849	0.1905355376	Q96HH6	TMEM19
0.09061706245	0.4661565286	Q4FZB7	KMT5B
-0.04855557063	0.8711118998	Q9BXB1	LGR4
0.06228162869	0.6804100772	P18405	SRD5A1
0.1300477483	0.4962644922	Q9Y3E5	PTRH2
-0.009756388661	0.9623558802	Q02386	ZNF45
-0.04629190038	0.7926458933	P27815	PDE4A
-0.08645160598	0.3858891048	Q96B42	TMEM18
-0.04664911122	0.9218833669	O76062	TM7SF2
-0.05434935252	0.7278862268	Q9UL18	AGO1
-0.1449920877	0.5234499342	Q8TDH9	BLOC1S5
0.09935988098	0.5835032922	Q7Z3D6	DGLUCY
-0.2628232661	0.1528896733	P05408	SCG5
-0.04094636402	0.9021099942	Q9ULG6	CCPG1
0.1054892976	0.6674094726	Q8IVQ6	ZDHHC21
0.05535448303	0.8053856954	Q8IY37	DHX37
-0.06244330633	0.6194875714	Q2M2I8	AAK1
0.08776271619	0.6384328023	Q9H7H0	METTL17
0.2324717048	0.1397281599	O60292	SIPA1L3
-0.03047038356	0.8566025796	O60287	URB1
-0.09792796614	0.4953412727	O95847	SLC25A27
-0.04882787105	0.7182714867	Q9Y2M0	FAN1
-0.1323126044	0.436735712	Q96FJ0	STAMBPL1
-0.1534122173	0.2314146493	Q969S2	NEIL2
-0.05234124837	0.7293762748	Q5TC82	RC3H1
0.6136803386	0.01541416322	Q96C10	DHX58
-0.06379954608	0.7311081109	Q8WV37	ZNF480
-0.01033374349	0.9640839921	P13056	NR2C1
-0.008279527334	0.9564931766	Q2T9K0	TMEM44
-0.07906924215	0.4960776817	P98173	FAM3A
-0.1996136353	0.1167087905	P16930	FAH
0.1120074372	0.5434504472	P52824	DGKQ
0.1274026473	0.5874211523	Q8N4Q1	CHCHD4
-0.2264766817	0.6608393636	Q5T6X4	FAM162B
0.04236990418	0.8082814898	Q9UGI0	ZRANB1
-0.07571133972	0.6857244401	Q9NXG6	P4HTM
-0.3021396575	0.2589547273	P39059	COL15A1
0.07212922863	0.6172551114	Q9NS86	LANCL2
-0.3197973296	0.5328274094	Q9NYZ3	GTSE1
0.09978047096	0.4060821936	Q86XN7	PROSER1
0.2217601162	0.1424556382	Q70IA8	MOB3C
-0.06777798375	0.7165508222	Q96BD5	PHF21A
0.05670528854	0.7369405462	P09884	POLA1
0.06302242028	0.7343225446	Q17RB8	LONRF1
0.04978502171	0.629799433	Q92794	KAT6A
-0.1849060382	0.1607312037	Q04724	TLE1
0.02102408401	0.8869236005	Q96HA1	POM121
-0.07757651209	0.670518852	Q13472	TOP3A
-0.1521035509	0.5519324824	P53384	NUBP1
-0.08602445443	0.5013189779	Q6UUV7	CRTC3
-0.03292279021	0.7750973213	Q7L592	NDUFAF7
-0.008996130185	0.9794721063	Q9NS18	GLRX2
-0.005959373942	0.9823401259	Q9BT40	INPP5K
-0.00340566137	0.9828442393	Q8IWY8	ZSCAN29
-0.1732192916	0.3261929473	P0CF97	FAM200B
0.2289353772	0.1866249515	Q8WVE0	EEF1AKMT1
-0.02254822267	0.9692001576	O75865	TRAPPC6A
-0.2477351297	0.4431629172	Q68BL8	OLFML2B
0.2157390577	0.4840281788	Q5VVH2	FKBP1C
-0.02961948053	0.9154016252	P35249	RFC4
0.1492491268	0.4107395323	Q96HS1	PGAM5
-0.104734318	0.4499644009	Q86TG1	TMEM150A
-0.001447591755	0.9975899627	Q8NFJ5	GPRC5A
-0.04942579221	0.827889844	Q8IZD4	DCP1B
0.05445969763	0.7032633349	Q5VTB9	RNF220
0.0058902137	0.9809260446	Q9Y276	BCS1L
-0.06846790433	0.6608393636	Q8NB50	ZFP62
0.6009125038	0.003293454808	Q9Y616	IRAK3
-0.0942527723	0.551119522	Q96EH3	MALSU1
-0.1634686937	0.3479985843	O00512	BCL9
0.01668730362	0.9414795734	Q9UJ83	HACL1
-0.1819882481	0.4461276765	Q6P1X6	C8orf82
-0.1014788116	0.4787223819	Q9NQ48	LZTFL1
-0.06553670991	0.6934141778	Q9BYD3	MRPL4
-0.1623537865	0.336466269	P0DTL6	CYHR1
0.01127419425	0.9382382914	Q99700	ATXN2
-0.008235272998	0.968980131	Q6IPM2	IQCE
-0.07588685692	0.6360221591	Q17R98	ZNF827
-0.02629547426	0.8573108312	Q96CW5	TUBGCP3
-0.1193521302	0.4738531908	Q03426	MVK
-0.05298786217	0.7917026281	Q9C0C9	UBE2O
0.152079477	0.5512834254	P43250	GRK6
0.05544363096	0.8118620472	O43167	ZBTB24
0.102449711	0.5861869374	Q8WYA0	IFT81
0.1621371263	0.3805967712	Q96A19	CCDC102A
-0.1542163928	0.1786073124	Q86XA9	HEATR5A
0.007864796073	0.9813685852	P10243	MYBL1
0.05726564899	0.8037408227	Q9BW92	TARS2
-0.07363555756	0.6876224843	Q6ZRI6	C15orf39
-0.008469874656	0.968980131	Q15723	ELF2
-0.0846704676	0.5891044457	Q99501	GAS2L1
0.1540187529	0.4021073008	Q9Y5K5	UCHL5
-0.1379043609	0.378462106	Q9H9Q2	COPS7B
-0.03108478512	0.8329883283	Q8NBJ9	SIDT2
0.01762576411	0.9318196838	Q5THK1	PRR14L
-0.04413503123	0.8228995794	Q9NUJ3	TCP11L1
-0.00301838915	0.9953540032	Q53H54	TRMT12
0.03422152058	0.8479055867	P51957	NEK4
-0.03925411586	0.8118620472	Q9NYW8	RBAK
-0.276957598	0.2536084088	Q7L7L0	HIST3H2A
0.06248651196	0.8508514501	Q9P031	CCDC59
0.03159000327	0.8447251579	Q9UKE5	TNIK
0.06479725486	0.5795790288	Q8WVM0	TFB1M
0.07202987434	0.5661509251	Q5JTD0	TJAP1
0.02846671037	0.8483901372	Q9NW82	WDR70
0.09405763817	0.447848434	Q9H9A5	CNOT10
0.05587469805	0.7996124287	P09110	ACAA1
-0.08603547981	0.8275173035	Q14D04	VEPH1
0.18529824	0.3160361075	O43464	HTRA2
0.06551163508	0.68387761	Q6IQ16	SPOPL
-0.1210142201	0.3225008411	Q86Y13	DZIP3
0.2384247777	0.4675505587	Q8N6M0	OTUD6B
0.007184683623	0.9775972519	P52747	ZNF143
-0.001819315425	0.9956138049	P51178	PLCD1
-0.09851005354	0.5536263811	O43913	ORC5
-0.05827566887	0.6475077246	Q13322	GRB10
0.03607490881	0.8082814898	Q6ZTN6	ANKRD13D
0.1499364972	0.3973983423	Q6PH85	DCUN1D2
0.1242387793	0.4673177258	Q96LW1	ZNF354B
-0.05677782111	0.7678407959	Q9C0C7	AMBRA1
0.04806008658	0.8141094192	Q9Y4E5	ZNF451
-0.05266858534	0.8112283962	Q6PHR2	ULK3
0.09982677628	0.6320259491	O14757	CHEK1
-0.003514778717	0.992857651	Q96LK0	CEP19
-0.1265248823	0.4267019185	P46020	PHKA1
-0.0573651529	0.7943355609	Q6U7Q0	ZNF322
0.03080093576	0.9501463119	Q9NYP9	MIS18A
-0.0548237648	0.8737966658	P13682	ZNF35
0.1964627705	0.3549278758	Q9BWG6	SCNM1
-0.2752102121	0.3921165635	O95057	DIRAS1
0.006318795348	0.9711798941	Q06730	ZNF33A
-0.2280435693	0.1407640532	Q8N8Q1	CYB561D1
-0.0469642421	0.7165291922	Q8NBP0	TTC13
-0.002839985218	0.9888220335	Q9Y6R4	MAP3K4
0.1342548328	0.3971788006	O43298	ZBTB43
0.2962250488	0.01811670588	A2RUS2	DENND3
0.08148526976	0.5997854057	O43934	MFSD11
0.02020641904	0.8727134136	Q96AJ9	VTI1A
-0.04483516775	0.797556579	Q96SK2	TMEM209
-0.01974101579	0.8713989401	Q5T5Y3	CAMSAP1
0.0908574212	0.6275125858	Q92622	RUBCN
0.1994111808	0.2562880205	O00124	UBXN8
0.005076842346	0.9828442393	Q8N441	FGFRL1
-0.0685102616	0.6114031403	Q14188	TFDP2
0.006566923449	0.9803900912	Q9BRT2	UQCC2
0.06439443845	0.7584589839	Q9H8K7	C10orf88
0.0476086212	0.8447355895	O75387	SLC43A1
0.07297974741	0.6445962472	Q9H9H4	VPS37B
0.07084547703	0.6676831289	Q9Y5W9	SNX11
-0.225333536	0.1361400907	Q6UXT9	ABHD15
0.02716327278	0.8576822089	P40818	USP8
0.001541356766	0.9961802124	Q92667	AKAP1
-0.1394831421	0.5424476317	Q6P9G9	ZNF449
0.2522986823	0.3952474936	Q99741	CDC6
-0.07288530872	0.6348673436	O75164	KDM4A
-0.04069573054	0.7441845345	P35658	NUP214
-0.08995290426	0.433776983	Q8N8L6	ARL10
-0.0465329395	0.7829748994	Q5TF58	IFFO2
0.2774846172	0.1894871048	Q9UBD9	CLCF1
-0.1351171179	0.4875908471	Q9NX61	TMEM161A
0.006403418443	0.9871602612	Q96SF7	TBX15
0.00724112256	0.9813685852	Q9HB09	BCL2L12
-0.05299933591	0.6886977412	Q9NWV8	BABAM1
-0.2891250071	0.06028414815	Q8NDL9	AGBL5
-0.03846381764	0.8431235066	Q5HYW3	RTL5
0.09900415276	0.4469866403	P06730	EIF4E
0.01323656603	0.9729049728	Q3SXY8	ARL13B
-0.08184691477	0.5696276739	Q86VZ5	SGMS1
0.06590751894	0.6316040622	P16591	FER
-0.06335246299	0.7433213679	Q9UBC1	NFKBIL1
-0.1113016123	0.6348673436	Q9BTZ2	DHRS4
1.637172781	0.007782702375	Q13489	BIRC3
0.0236976525	0.9031306869	Q13428	TCOF1
0.1689897485	0.4060821936	Q9Y4C1	KDM3A
-0.01036512967	0.9580910238	O75880	SCO1
0.07201086172	0.527945266	Q16842	ST3GAL2
0.1324717707	0.5160413548	Q13115	DUSP4
-0.05984196169	0.6536866023	Q9Y3R5	DOP1B
0.01123571162	0.9385165486	O14978	ZNF263
0.1265072745	0.3574331889	O00244	ATOX1
0.02825853998	0.8917666622	Q9Y6X3	MAU2
0.103900807	0.7004301206	Q13868	EXOSC2
-0.08053336379	0.5356486981	Q5VWC8	HACD4
0.01237672415	0.9423105324	Q96ST8	CEP89
-0.01801835058	0.9456294899	O15504	NUPL2
-0.0458322677	0.8975762237	O75600	GCAT
0.07297139676	0.6164160781	A4D1U4	KIAA1147
0.07276490969	0.6714127142	Q7Z4L5	TTC21B
-0.0426694712	0.8090472369	Q8WXA3	RUFY2
-0.03687799852	0.7339606249	Q9H8E8	KAT14
-0.07898281279	0.6152413204	O60330	PCDHGA12
0.03539484835	0.8797406326	Q9NP73	ALG13
-0.1517969615	0.319854954	A2RTX5	TARSL2
0.01737032694	0.9450018817	Q92696	RABGGTA
0.01938312242	0.9039384878	Q6IA69	NADSYN1
0.1719999565	0.5835032922	Q8NFF5	FLAD1
0.154776283	0.3196949956	Q7KZI7	MARK2
-0.2125991554	0.2736687989	Q5T6S3	PHF19
0.4056341999	0.1049337078	O60678	PRMT3
0.06220932149	0.6735021579	Q05D32	CTDSPL2
-0.1398958039	0.6066855117	Q9NZ72	STMN3
-0.09189627875	0.5689236588	Q8N5C7	DTWD1
-0.1374682238	0.4229307143	Q9BV20	MRI1
0.02691431746	0.8762661258	O95352	ATG7
0.1565982645	0.4163177838	Q96EE3	SEH1L
-0.07807377118	0.5232199094	P43268	ETV4
-0.102004503	0.4468824364	Q2TAK8	MUM1
0.09860139697	0.6152413204	Q9UBV7	B4GALT7
0.005938874048	0.9683801661	Q9Y6I3	EPN1
0.1807578529	0.4722238012	Q86TN4	TRPT1
-0.04504413469	0.7383326776	Q8N5C6	SRBD1
-0.0987807181	0.6165827165	Q9UDR5	AASS
-0.0475261316	0.7213719071	Q6PI48	DARS2
0.02920800675	0.910523366	O43716	GATC
-0.07443673878	0.6640409107	Q4G0N4	NADK2
-0.02670899172	0.8837907438	Q9H871	RMND5A
0.1428180649	0.4368705333	Q9UJV3	MID2
-0.2282489471	0.2998607067	P13611	VCAN
-0.03239292971	0.9454127837	Q9BVJ7	DUSP23
-0.123785158	0.7163685584	O95922	TTLL1
-0.08833207116	0.4278882581	O95825	CRYZL1
-0.1311323287	0.8616797767	Q9HBM1	SPC25
0.1534041438	0.2372372352	Q8IWF6	DENND6A
-0.1274460412	0.5219163093	P78364	PHC1
0.01472129248	0.9471115714	Q06203	PPAT
0.2317978539	0.5562751771	Q6UWP8	SBSN
-0.2185942824	0.4840281788	Q562F6	SGO2
-0.04800521577	0.6611530119	Q96SW2	CRBN
0.1171063376	0.5198545316	Q8N4S0	CCDC82
0.07543553773	0.7882631963	P20393	NR1D1
-0.05938903897	0.7315807474	Q9Y6K0	CEPT1
0.01503229083	0.937923604	Q9H1A4	ANAPC1
0.2432730599	0.1595359862	Q86TC9	MYPN
-0.03979655711	0.9024256467	Q9NPJ8	NXT2
0.1797669444	0.3327277475	P51946	CCNH
0.163579244	0.5096081899	Q15024	EXOSC7
0.06196018335	0.7393162889	Q9UJW7	ZNF229
0.02859942531	0.9150201128	Q6UXV4	APOOL
-0.02544160476	0.9120520823	Q8IUW5	RELL1
0.07496463711	0.7247578615	Q13398	ZNF211
0.2102946795	0.07390416912	Q9P032	NDUFAF4
0.3728219234	0.1132584983	Q13887	KLF5
-0.2251438653	0.2192605404	O14745	SLC9A3R1
-0.04820096428	0.7545293153	P50851	LRBA
0.05601903177	0.7245783696	Q9Y3D9	MRPS23
0.1448206049	0.4085897624	Q9NPI0	TMEM138
-0.07123200818	0.86781979	O95751	LDOC1
0.002537568099	0.991642115	Q9GZY4	COA1
0.3394337872	0.1528896733	Q96CP7	TLCD1
-0.07422437053	0.7326556924	Q6P1R3	MSANTD2
-0.06982695103	0.6713287503	Q6IC98	GRAMD4
0.1515730062	0.8046504958	Q9NSI2	FAM207A
-0.1343649385	0.2232322069	Q9Y4K3	TRAF6
-0.02438565808	0.9208564567	Q8TCX1	DYNC2LI1
0.07566087606	0.627957222	O60443	GSDME
0.01934516543	0.9305924004	P51570	GALK1
-0.09251415648	0.8362537674	Q9UH17	APOBEC3B
-0.07294562776	0.7055980324	Q5VZK9	CARMIL1
0.1254175303	0.3479985843	Q6PJT7	ZC3H14
-0.1213028199	0.3271509141	Q8TAA9	VANGL1
-0.004503263271	0.9809260446	B2RTY4	MYO9A
-0.120375081	0.4725979601	Q8TD17	ZNF398
0.08925610593	0.6798249265	Q8N2M8	CLASRP
0.1727186125	0.6388207696	Q8N5K1	CISD2
-0.02940722443	0.8986534894	Q9H672	ASB7
0.03924175398	0.9363556201	Q15645	TRIP13
-0.173172081	0.3483157016	Q9NUD7	C20orf96
0.1135131336	0.6387040884	Q9Y689	ARL5A
-0.3117738837	0.07240642543	Q96IV6	FAXDC2
2.078946128	0.008653999835	P00973	OAS1
0.08729076007	0.5778382758	Q13015	MLLT11
-0.2148410475	0.194175425	Q75T13	PGAP1
-0.01374311083	0.9602040081	Q7Z5H3	ARHGAP22
0.03589832484	0.9088620657	P0C7P0	CISD3
0.07678701265	0.6594579167	Q9UK80	USP21
-0.08665686158	0.767204016	Q8IYS1	PM20D2
0.02077270367	0.9470364424	P42575	CASP2
0.04689910823	0.8362537674	Q53R41	FASTKD1
0.0118779848	0.9378789764	O95872	GPANK1
0.3105576111	0.164959003	P49753	ACOT2
-0.1972852267	0.3230383047	Q14141	SEPT6
0.05013121766	0.7913359422	Q53FV1	ORMDL2
0.04121816767	0.7766760437	Q9NWH2	TMEM242
-0.05372640286	0.7491011264	Q9C0B0	UNK
0.04756493643	0.7413968011	Q9UPV0	CEP164
-0.06141641748	0.6249406885	P83436	COG7
-0.06044925715	0.7716970478	Q96M94	KLHL15
-0.1360655711	0.4085897624	Q9NWW6	NMRK1
0.1040580533	0.5381641861	O75529	TAF5L
-0.1210940126	0.6538805069	Q96EY8	MMAB
-0.08578025359	0.8176208511	Q9NPH2	ISYNA1
-0.5378008217	0.04817704683	Q969I6	SLC38A4
-0.3908832721	0.06295308026	Q96C23	GALM
0.02194402944	0.8868679743	Q8N9N2	ASCC1
-0.3092060449	0.1891449271	Q8N6I4	TMEM251
0.0700484327	0.7608845268	Q5JPH6	EARS2
-0.1140627418	0.4678752238	Q9NXC5	MIOS
-0.1497713523	0.4112559226	Q3SYG4	BBS9
0.1643122115	0.4318162672	Q9H6W3	RIOX1
-0.005369075758	0.9851752049	Q9NQV8	PRDM8
-0.01470335213	0.9237531978	Q9UGL1	KDM5B
0.0452432353	0.7330773515	P54278	PMS2
-0.07975225419	0.5962563098	Q6PCB5	RSBN1L
0.05130631408	0.8244625272	Q8N1G0	ZNF687
-0.1006060443	0.3780188093	Q99418	CYTH2
0.06381922033	0.7071825668	Q9UJY5	GGA1
-0.07981282112	0.5898514331	Q86U28	ISCA2
0.2412561715	0.1788873272	Q9Y3C1	NOP16
0.02813129617	0.8610394652	P49815	TSC2
0.1379292297	0.3058659336	Q96NW4	ANKRD27
-0.02488980374	0.8826547346	Q9H4L4	SENP3
0.004906948138	0.9828442393	O60256	PRPSAP2
0.1147614713	0.4663867669	Q7Z5U6	WDR53
0.1857783845	0.2980430723	Q8WVD3	RNF138
0.01512996368	0.9498565402	Q5T2D3	OTUD3
-0.0292612924	0.8413981534	Q9H8Y5	ANKZF1
0.04984329301	0.7680016171	Q9NPD3	EXOSC4
0.01188806713	0.9490699702	Q53F19	NCBP3
0.1730420067	0.3216428226	Q86UK5	EVC2
-0.1467914794	0.4525953943	O77932	DXO
0.1604770462	0.3817524335	Q9UIY3	RWDD2A
0.8198304231	0.05012622036	P16871	IL7R
0.01478962718	0.9198645756	Q8TAD8	SNIP1
-0.07123756	0.7495583799	Q56VL3	OCIAD2
-0.02349855513	0.9209830251	Q9NRH2	SNRK
0.01660740181	0.9097266407	Q9P246	STIM2
-0.10693105	0.592859844	Q9NXK6	PAQR5
0.01673277585	0.9204555565	Q5T8A7	PPP1R26
-0.02935041863	0.8968818493	Q13395	TARBP1
0.5214574085	0.02347019761	P46663	BDKRB1
0.02573012557	0.9135620021	Q8TEH3	DENND1A
-0.2803301385	0.1916244669	P10721	KIT
-0.05263482004	0.670518852	O95900	TRUB2
0.1547949469	0.3207359047	P55196	AFDN
-0.03803226018	0.8101090706	Q9BVN2	RUSC1
0.1457950299	0.545802832	O96015	DNAL4
-0.08965588523	0.6877214502	Q86XF0	DHFR2
0.07508405158	0.6811260195	P52888	THOP1
0.004717650726	0.9853268183	Q9UHF7	TRPS1
0.2921949109	0.3265047866	P00167	CYB5A
-0.01173051024	0.9379804786	Q9HCH0	NCKAP5L
-0.1661230887	0.5519324824	O14798	TNFRSF10C
-0.09856156816	0.7243821017	Q13214	SEMA3B
0.0543488885	0.6707586784	Q9H7X0	NAA60
-0.08656435979	0.6953585782	Q9BVI4	NOC4L
0.02075280266	0.9355521059	P18074	ERCC2
-0.06928523986	0.8053856954	C9J7I0	UMAD1
-0.01391608161	0.9624701442	A1XBS5	FAM92A
-0.01903596596	0.9178258905	Q96HW7	INTS4
-0.211585041	0.4189090618	Q9NYN1	RASL12
0.1193962301	0.6789052373	Q8TCD5	NT5C
0.2085690136	0.4788456516	P10244	MYBL2
-0.09401811849	0.5618074117	Q5VWQ0	RSBN1
-0.152033311	0.4200590953	Q96DT6	ATG4C
-0.1040210799	0.4833967146	Q9NQG7	HPS4
0.2563011853	0.1132584983	Q96PV7	FAM193B
0.1770979282	0.392868431	O43829	ZBTB14
0.1185326342	0.3718314709	Q13496	MTM1
-0.02276501241	0.9051393496	Q9NWS8	RMND1
-0.1483174017	0.4048246944	Q8TEA7	TBCK
-0.2469117084	0.3817524335	Q92629	SGCD
-0.05435191567	0.7882631963	Q8WVL7	ANKRD49
-0.01645248682	0.9664499917	Q7Z2W9	MRPL21
-0.007171201271	0.9803900912	P35790	CHKA
-0.08298072932	0.5174018999	Q32NC0	C18orf21
0.1572976019	0.3713995625	Q8N1W2	ZNF710
0.104108343	0.551119522	Q9BYT1	SLC17A9
-0.03233395809	0.8733810078	Q9UGM6	WARS2
-0.15634267	0.4813778946	Q96EN9	REX1BD
-0.07558444749	0.6184455978	Q96AJ1	CLUAP1
-0.0331039603	0.8616797767	Q12980	NPRL3
0.1281315393	0.4933771813	Q2V2M9	FHOD3
0.03041932775	0.8866568039	Q9H116	GZF1
-0.03486141272	0.8607314452	Q96PY6	NEK1
0.02204883634	0.9135620021	Q49AM3	TTC31
0.163683041	0.3446843463	Q8TED0	UTP15
0.05963741852	0.8321341578	Q96EV8	DTNBP1
-0.056154472	0.6257131279	Q86W50	METTL16
-0.07512431417	0.5274009308	Q9ULD5	ZNF777
-0.136279015	0.5034457594	Q5T3U5	ABCC10
-0.02964498084	0.9150201128	Q8WWX0	ASB5
0.04625610713	0.7750973213	Q9H4K7	MTG2
0.08735086477	0.5893577682	Q9BWK5	CYREN
0.1602415877	0.3912729694	Q6DD87	ZNF787
0.05321159791	0.7737059261	Q8NCN4	RNF169
0.02850260396	0.8986266508	Q96GX1	TCTN2
-0.0667964004	0.6886977412	O75132	ZBED4
0.07532915055	0.6553264401	Q96AB3	ISOC2
0.06263738093	0.6116508498	Q14872	MTF1
-0.02709936863	0.9147865069	Q5TAG4	NBPF12
-0.05958281282	0.94259151	Q8IX90	SKA3
0.07046918331	0.5501327434	Q13393	PLD1
-0.2381646628	0.3345694983	P09972	ALDOC
-0.2016407248	0.2063698463	Q5SW96	LDLRAP1
-0.03512551599	0.9290821743	P50749	RASSF2
0.05902635376	0.6502781376	O94915	FRYL
-0.1018972994	0.3424072164	Q9H6K4	OPA3
-0.1116970632	0.562182777	P43005	SLC1A1
-0.04426401969	0.8244625272	Q9UG01	IFT172
-0.04878018287	0.8631767961	Q9H5I1	SUV39H2
0.1736486391	0.374118356	Q8TB05	UBALD1
0.08539784648	0.7795656856	Q5T953	IER5L
-0.2010749732	0.2175928919	O43426	SYNJ1
-0.0001762493701	0.9991011237	Q9UBS0	RPS6KB2
-0.06478875722	0.7103482803	Q6P4R8	NFRKB
-0.01406147511	0.9295087916	Q96HN2	AHCYL2
-0.1387026394	0.4508140995	O95149	SNUPN
0.1629327277	0.3511309357	Q9Y4H4	GPSM3
0.3836061262	0.1140599626	Q13287	NMI
0.0401789994	0.7758532169	Q9BWH2	FUNDC2
0.09223957229	0.418414559	Q02086	SP2
-0.02547658274	0.9446280933	Q9H867	VCPKMT
-0.08559788097	0.5593035592	Q3V6T2	CCDC88A
0.09421077248	0.505686715	Q9Y2K2	SIK3
-0.05441675985	0.646558025	O95251	KAT7
0.06925475548	0.6627010708	Q6NXT1	ANKRD54
0.141461517	0.4289624761	Q9NVH2	INTS7
0.111190256	0.5336758117	O75840	KLF7
-0.2844085894	0.1842015065	Q5HYW2	NHSL2
-0.123887723	0.5037123835	Q0IIM8	TBC1D8B
-0.1506117797	0.3602541381	Q53T59	HS1BP3
-0.008088687905	0.9598303515	Q9BUY5	ZNF426
-0.08370660382	0.6469857045	P57772	EEFSEC
-0.2790736388	0.4101110372	Q7Z304	MAMDC2
0.06973821194	0.5999399927	Q14676	MDC1
-0.1926792265	0.6046710953	Q15003	NCAPH
-0.1990514537	0.1739479306	Q9GZR5	ELOVL4
0.03322821339	0.7369958807	Q9H936	SLC25A22
0.1581567482	0.414364926	Q9Y289	SLC5A6
0.00661785881	0.9716948396	Q13416	ORC2
-0.07503830781	0.7996124287	Q86YN1	DOLPP1
-0.08484808248	0.6388207696	Q93075	TATDN2
0.0414345922	0.7947752815	Q8NDF8	TENT4B
-0.01994917678	0.928188868	P26374	CHML
0.009816111045	0.9330150561	Q8IUR7	ARMC8
-0.07778531952	0.7381975952	Q5SVZ6	ZMYM1
-0.04652055353	0.7896325535	Q15047	SETDB1
-0.06945297203	0.7429727048	Q86Y25	ZNF354C
0.08137588993	0.8020751315	Q499Z4	ZNF672
0.03539257686	0.9061330007	P61925	PKIA
0.05696908057	0.7116053091	Q92993	KAT5
0.04016621089	0.8968818493	Q9BT73	PSMG3
0.3322714966	0.04301981243	O43175	PHGDH
0.05571836204	0.7536184515	Q9BT49	THAP7
-0.2297220331	0.6806461872	Q5TB30	DEPDC1
-0.05369178484	0.6415900671	O00308	WWP2
0.1306119387	0.2704795124	P42702	LIFR
0.5414605423	0.005400425121	O95379	TNFAIP8
-0.07885647249	0.8808309597	Q9NSV4	DIAPH3
-0.3883682662	0.3236263766	P24347	MMP11
0.09945898302	0.5036873652	O60879	DIAPH2
0.194973429	0.4491382482	Q9HAW4	CLSPN
0.9383751807	0.04234520542	Q9H0J9	PARP12
0.05998076121	0.7921894716	Q86XP1	DGKH
0.05464483284	0.9128476345	P52815	MRPL12
0.171571724	0.5556124532	Q96PZ0	PUS7
0.1704018993	0.2881171434	Q96I76	GPATCH3
-0.2010546814	0.2535151486	Q9BSA9	TMEM175
-0.1202970525	0.5503211488	Q96HR3	MED30
-0.05720907929	0.7623776244	Q08345	DDR1
0.0163812743	0.9305721031	Q13686	ALKBH1
-0.0757328013	0.5509628105	Q8WUA7	TBC1D22A
0.08625330092	0.5468821159	Q9Y4B4	RAD54L2
-0.09666656286	0.4265961129	Q14588	ZNF234
-0.03508158451	0.8617787986	Q86UD4	ZNF329
0.03746526595	0.9135620021	Q96PM9	ZNF385A
-0.1293914089	0.6036863727	Q8IY26	PLPP6
-0.08086613917	0.6505137911	Q9H5N1	RABEP2
0.05103525745	0.7831985812	O95707	POP4
-0.06078294917	0.827571378	Q9Y463	DYRK1B
-0.02876027103	0.8441130764	Q68DI1	ZNF776
0.01011952395	0.9608117557	Q0VG06	FAAP100
-0.1487373738	0.5519324824	P56270	MAZ
0.2447262404	0.1159029141	Q9UBN4	TRPC4
-0.03664490305	0.8793020378	Q15633	TARBP2
0.02436667383	0.8470464885	O14653	GOSR2
-0.0411741175	0.8244625272	Q99808	SLC29A1
0.1899353397	0.2803040762	Q6PIW4	FIGNL1
0.04963506015	0.7457088108	P23508	MCC
-0.001875866063	0.9953540032	Q9HAU8	RNPEPL1
0.02865019985	0.868894039	Q96BN8	OTULIN
0.02658319454	0.9323982173	Q9UGC7	MTRF1L
0.3576418759	0.02330520236	Q9BVA6	FICD
-0.03372462441	0.8748689458	P10276	RARA
-0.2703882798	0.5508839217	P09544	WNT2
-0.04979826982	0.7495583799	Q96BM1	ANKRD9
0.08493745454	0.6594579167	Q9P2L0	WDR35
-0.2137493325	0.2959294814	Q96MP8	KCTD7
-0.3061418673	0.02771210211	Q9NXR1	NDE1
0.005043654294	0.9931795567	Q92674	CENPI
-0.0714299734	0.6356226162	P78411	IRX5
0.1000249057	0.527945266	O75808	CAPN15
0.3512330552	0.01528382721	Q9Y2E6	DTX4
0.1622206028	0.5157155461	Q8TAA5	GRPEL2
-0.06521509897	0.5874211523	Q8WVP7	LMBR1
0.07041679893	0.7830403538	Q7Z4G1	COMMD6
0.01369737099	0.9294274164	Q8NFM4	ADCY4
0.001428890779	0.9975899627	Q7Z6J2	GRASP
-0.1227542732	0.5629470216	O15375	SLC16A5
-0.1084199666	0.4193195382	Q9HCD6	TANC2
-0.08333229405	0.7182364751	Q9UMR5	PPT2
-0.01632071587	0.9323192394	Q5T653	MRPL2
0.2255217329	0.3312631426	P17812	CTPS1
0.1232842854	0.5160413548	Q9Y5Y5	PEX16
0.09965520238	0.4580829095	Q5XPI4	RNF123
0.07148476327	0.7183590822	Q8WV99	ZFAND2B
0.3249724693	0.05385094237	Q9NYK6	C21orf91
-0.04778546132	0.6736484083	Q96BN6	FAM149B1
0.0668045377	0.8993610035	B1AKI9	ISM1
0.1531331792	0.4257439184	Q9NW61	PLEKHJ1
-0.03763361469	0.8975258337	Q9BPZ2	SPIN2B
-0.1208548001	0.4483298935	Q9Y2H8	ZNF510
-0.03299833652	0.8793020378	Q15031	LARS2
0.1746657801	0.2674424757	Q8TBE7	SLC35G2
-0.05623196285	0.7060994712	Q96IT1	ZNF496
0.2716929973	0.1949354403	Q53GI3	ZNF394
-0.07369864236	0.7233208969	Q9UBU7	DBF4
0.03885771719	0.8895948974	Q6PF06	TRMT10B
-0.08017583265	0.4185847441	P55082	MFAP3
-0.1151122728	0.5698959938	Q07912	TNK2
0.07393430951	0.5821649525	Q9Y4G6	TLN2
0.6277116347	0.0467823474	Q9HB58	SP110
-0.03566624979	0.8843016152	Q9NRY5	FAM114A2
-0.1648608857	0.5255151105	Q8NDC4	MORN4
0.03249359569	0.8992715088	Q6UX01	LMBR1L
0.1629182198	0.1510495751	Q6W2J9	BCOR
-0.1009251803	0.4987716734	Q8NG11	TSPAN14
-0.06213237609	0.8087232774	Q7Z4N8	P4HA3
-0.09953273573	0.5166669864	Q8TDG4	HELQ
0.07185299186	0.5010944323	Q9Y2Z0	SUGT1
-0.2710470307	0.2728954864	Q5VY43	PEAR1
0.1441516677	0.3334767963	Q9Y666	SLC12A7
0.02876902723	0.8986266508	P68366	TUBA4A
0.09572518571	0.6287946846	Q8N3T1	GALNT15
0.08773317021	0.6348673436	Q12981	BNIP1
-0.1004237933	0.5203727944	P16260	SLC25A16
-0.151903718	0.3611116253	O14772	FPGT
0.2089114947	0.4803926946	Q9HBW9	ADGRL4
-0.3414057093	0.03711388369	Q9ULF5	SLC39A10
0.01815088152	0.954989223	Q9UIM3	FKBPL
-0.01559506335	0.9149006434	Q15811	ITSN1
-0.01733776552	0.9508850636	P36508	ZNF76
-0.1167917747	0.5312212416	Q96EG1	ARSG
0.0922456147	0.3738528689	O95834	EML2
0.115456216	0.6378354236	Q9BVA0	KATNB1
0.02006281398	0.9180228484	Q96BT7	ALKBH8
0.369142875	0.1629754111	Q8N3J5	PPM1K
0.04240215104	0.7245783696	Q5T036	FAM120AOS
0.170618679	0.6121493785	Q4VC31	CCDC58
-0.02372801397	0.9385165486	Q8IXZ2	ZC3H3
0.1989856201	0.2961679874	Q96FX7	TRMT61A
0.02956775613	0.870741898	Q9NPF4	OSGEP
-0.07698698154	0.6987260251	O60826	CCDC22
-0.2215524014	0.2096986249	O60936	NOL3
0.1190178512	0.6945212527	P28749	RBL1
-0.1551116328	0.3260079088	O00623	PEX12
0.02270958248	0.9218833669	P33897	ABCD1
0.01369040361	0.9305924004	Q96E39	RBMXL1
-0.02737303714	0.8381909843	Q9UKA2	FBXL4
0.03300201244	0.8711118998	Q9P000	COMMD9
-0.08088999663	0.6720929669	Q49AN0	CRY2
0.06978830263	0.7648944849	P40937	RFC5
-0.03216174088	0.7848254788	Q66LE6	PPP2R2D
0.1169335417	0.6883740171	Q66K64	DCAF15
0.02776234566	0.8797406326	O75177	SS18L1
0.2393448257	0.3454724369	Q96JW4	SLC41A2
0.05252487864	0.8804157472	O43447	PPIH
-0.1051030218	0.5113048907	O60858	TRIM13
-0.1533716261	0.5572077851	Q6ZVK8	NUDT18
-0.006620702221	0.9717448196	Q14689	DIP2A
0.1350848808	0.7408064179	Q4G0I0	C16orf91
-0.03608097658	0.8645586086	Q9UKU7	ACAD8
-0.06414565366	0.7542221275	Q15560	TCEA2
-0.01464837336	0.9442748747	O60303	KIAA0556
-0.02639930165	0.8986534894	Q86UP0	CDH24
0.08151677525	0.646558025	Q5T6F2	UBAP2
0.1444152755	0.3952474936	Q86WA9	SLC26A11
0.07069933967	0.7090621401	Q9H9Y6	POLR1B
-0.1525392173	0.2075850065	Q8NFP9	NBEA
-0.1750143726	0.7315807474	Q69YH5	CDCA2
-0.1298843597	0.3676198726	P51815	ZNF75D
0.02203992965	0.8941363471	Q5C9Z4	NOM1
0.1885019821	0.4209957078	Q5HYJ3	FAM76B
0.03929542117	0.8143199079	O60343	TBC1D4
-0.2532970203	0.4195227193	Q9H8H3	METTL7A
-0.0228305028	0.9218833669	P55011	SLC12A2
-0.2814302928	0.3047346582	Q86V97	KBTBD6
0.3461030473	0.04074010054	Q8IVF7	FMNL3
-0.05378299245	0.8543918758	Q7Z695	ADCK2
0.4377785672	0.2562880205	O94808	GFPT2
0.03905545832	0.9430747579	Q8TBB6	SLC7A14
-0.003714894625	0.9872382614	Q99487	PAFAH2
-0.005089663217	0.987342269	Q9NYT6	ZNF226
-0.1799485597	0.7369405462	P33981	TTK
0.05078149769	0.8601929569	Q96LD4	TRIM47
-0.04489889324	0.6992955193	Q8N3V7	SYNPO
0.1232658014	0.7063863733	P57077	MAP3K7CL
-0.1349887941	0.386033927	P0CJ78	ZNF865
-0.01042132335	0.9305924004	Q5TAX3	TUT4
-0.09967162587	0.454796923	Q12999	TSPAN31
-0.03338432119	0.8558403682	P82912	MRPS11
0.07208060653	0.7536184515	Q9BU19	ZNF692
0.02277965004	0.8986534894	P07948	LYN
0.2570700328	0.3805967712	Q9NZH0	GPRC5B
-0.06840611964	0.8275173035	Q8N4B1	PHETA1
-0.01660725068	0.9382496207	O95208	EPN2
0.2262499374	0.0702994438	Q9P2Q2	FRMD4A
-0.1429228059	0.2980430723	Q8TDR2	STK35
-0.1765024438	0.3570832036	Q15772	SPEG
0.1606232529	0.4178156693	Q9BRQ3	NUDT22
0.2750552153	0.04299026547	O95167	NDUFA3
-0.1156485937	0.3225008411	Q99952	PTPN18
-0.1139915289	0.455330332	P49419	ALDH7A1
-0.2236132061	0.1257591091	Q9UPQ0	LIMCH1
0.129786879	0.5232841639	Q8WXS8	ADAMTS14
-0.1146467343	0.7245783696	O14578	CIT
-0.1482226863	0.5787101748	Q8N5J2	MINDY1
0.03765548096	0.8968818493	P48047	ATP5PO
-0.08918884328	0.6334266339	Q04656	ATP7A
-0.1378363074	0.3105509001	P59768	GNG2
-0.04357352206	0.8716469634	P50748	KNTC1
0.1276033271	0.2923196821	Q9NQR4	NIT2
0.006598198173	0.9718996281	Q15361	TTF1
-0.4071926775	0.08054066349	Q9HCJ6	VAT1L
-0.00451754825	0.9909327601	Q969K4	ABTB1
-0.0657082844	0.6469857045	Q96RY7	IFT140
-0.1807242209	0.2373745401	Q658P3	STEAP3
-0.04139813187	0.7868111477	Q8TBZ3	WDR20
-0.05812240395	0.8637504839	Q96G27	WBP1
-0.2804160204	0.1582493842	Q5VV52	ZNF691
-0.04312352106	0.837021326	Q8IUD6	RNF135
-0.03697951543	0.7982275681	Q96BW1	UPRT
-0.464892901	0.370198354	Q9H4H8	FAM83D
-0.2139176778	0.5831909121	Q13336	SLC14A1
0.1543593117	0.2684287159	Q9NQY0	BIN3
0.1034221402	0.6622121934	Q96ND0	FAM210A
0.08419447203	0.4813778946	Q5T1V6	DDX59
-0.03556333425	0.9208564567	Q8TA86	RP9
0.1277274434	0.4284910127	Q8N5C8	TAB3
0.02846174434	0.870741898	Q5W0B1	RNF219
-0.02578818631	0.9021778474	Q9UGJ0	PRKAG2
0.1552381685	0.5488681758	P29275	ADORA2B
-0.05319916353	0.8241416848	Q01459	CTBS
0.03785663232	0.9051393496	Q8IVS2	MCAT
-0.132811998	0.5787233398	P56937	HSD17B7
-0.1826250667	0.2457932072	Q8IVE3	PLEKHH2
0.05907595446	0.8244625272	Q86U90	YRDC
-0.07563096968	0.5984414767	Q96HY7	DHTKD1
0.05816744437	0.8867504439	Q9BS16	CENPK
-0.1059748681	0.5264414184	Q5JWR5	DOP1A
-0.2062513135	0.1673234814	P43251	BTD
0.06103382	0.7882631963	Q6UWB1	IL27RA
-0.1268547686	0.2354378316	Q9NX78	TMEM260
0.07649099594	0.4728239115	P68400	CSNK2A1
-0.07819247012	0.5381641861	Q6ZUS6	CCDC149
0.153032862	0.3341795064	O15550	KDM6A
0.04805368225	0.7466870646	Q8N1F7	NUP93
0.04020004696	0.8275173035	Q8NCC5	SLC37A3
-0.1551854411	0.1639313495	Q96FN4	CPNE2
-0.03102484145	0.845084114	O14863	SLC30A4
0.1418396191	0.2438640611	Q96N64	PWWP2A
-0.02144303821	0.9204026978	P57678	GEMIN4
0.1658204905	0.3330846268	Q2TAC2	CCDC57
0.09230808192	0.6994300152	Q8WVR3	C7orf43
-0.007897478547	0.9748900511	Q9Y5Y2	NUBP2
-0.02149150963	0.9322498948	Q9NS91	RAD18
-0.0339112597	0.8275173035	Q96B02	UBE2W
0.476026412	0.01965141776	O60462	NRP2
-0.03370197716	0.8835091138	Q9H9S3	SEC61A2
0.03671726631	0.7051233733	Q9C0J8	WDR33
0.01339468497	0.9700430614	Q8NEV1	CSNK2A3
0.1383818675	0.6731302185	P04180	LCAT
-0.2009828431	0.1690061827	Q2M2Z5	KIZ
-0.4887846601	0.1407640532	Q15102	PAFAH1B3
-0.7475656568	0.02710188911	Q08AI6	SLC38A11
-0.02630128593	0.8866568039	P42568	MLLT3
-0.003785752458	0.9879781537	Q7L945	ZNF627
0.4950124346	0.04100180047	P32456	GBP2
-0.1199717236	0.3995168121	Q96LJ7	DHRS1
0.1004323362	0.4265505334	Q9C0C6	CIPC
0.3815547439	0.1836743613	Q9Y3C7	MED31
0.09222231306	0.6170426221	Q9NRC1	ST7
0.08999301414	0.5567622933	Q8NHQ9	DDX55
-0.03359567814	0.7771461974	Q9UK99	FBXO3
0.1206168228	0.7947752815	Q8WWF1	C1orf54
0.06682524525	0.6761837701	P43897	TSFM
0.01003626813	0.9671465472	Q12948	FOXC1
-0.0303778076	0.8519807515	O43157	PLXNB1
-0.2266655799	0.1363410674	P14923	JUP
-0.08694548659	0.686203932	Q9BTN0	LRFN3
0.02617452295	0.9016023786	Q92535	PIGC
-0.001347303655	0.9975899627	Q96LA8	PRMT6
0.01745585928	0.9222550947	Q5D0E6	DALRD3
-0.005441033467	0.9833571282	Q9H8T0	AKTIP
-0.1780576481	0.1735812446	Q68DC2	ANKS6
0.2256225498	0.1346984341	Q9H939	PSTPIP2
-0.05358032482	0.836947922	Q86X76	NIT1
0.08995094383	0.5910715376	Q8WV44	TRIM41
-0.1924489957	0.1621092069	P51512	MMP16
-0.1901175328	0.1769731487	B2RBV5	AC093323.1
0.08468767779	0.5519324824	Q96IZ5	RBM41
0.07601701866	0.7347431926	Q9Y237	PIN4
-0.0246904775	0.8610394652	O43303	CCP110
-0.08273653401	0.6304212812	Q9NSA3	CTNNBIP1
0.08738714713	0.630312368	Q9Y6J9	TAF6L
0.5422616851	0.1184017312	P41439	FOLR3
0.2625976179	0.2153593747	Q16533	SNAPC1
0.04923979875	0.7317773986	Q96QT6	PHF12
0.08478055788	0.436735712	Q9NPJ3	ACOT13
-0.2169670827	0.081388796	Q13432	UNC119
0.01938386273	0.9268132067	Q86UT8	CCDC84
-0.02068967139	0.9344453775	Q9UBE8	NLK
0.1168458536	0.495367539	O75907	DGAT1
-0.04070553222	0.8634165912	Q96SZ6	CDK5RAP1
0.1521862367	0.3479985843	Q567V2	MPV17L2
-0.0893893002	0.5259092232	Q6YBV0	SLC36A4
-0.04287963772	0.7940932023	O76064	RNF8
0.05127789686	0.7454019413	Q6P1Q9	METTL2B
-0.02687311411	0.8499550376	Q9BXS5	AP1M1
-0.04070589343	0.8905601167	Q5U3C3	TMEM164
-0.07399703772	0.7309973016	Q9Y6Q2	STON1
-0.06176051951	0.6755277131	Q5JTZ9	AARS2
0.03782479744	0.8082814898	Q96FV9	THOC1
0.09713582758	0.7197712314	Q99986	VRK1
-0.1242256684	0.545802832	Q96C34	RUNDC1
0.1109070381	0.5010944323	Q9NZ43	USE1
-0.04363785648	0.7901305356	Q9UJ68	MSRA
0.2364279802	0.2536398541	Q9BQC3	DPH2
0.01904634874	0.877770324	Q71F56	MED13L
-0.08706827714	0.592859844	Q8TCP9	FAM200A
-0.1002523809	0.5519324824	Q9UKT5	FBXO4
-0.2604059819	0.1621092069	Q86T65	DAAM2
-0.4013888726	0.3935732233	P53350	PLK1
-0.1209269007	0.5234523485	Q96EY5	MVB12A
-0.06868049849	0.663881753	Q9BW83	IFT27
0.1251768693	0.5968752274	Q9H1U9	SLC25A51
-0.0841387185	0.8275173035	Q96HP8	TMEM176A
0.07853122805	0.6763067155	Q9P107	GMIP
0.1400147421	0.371584381	Q9Y5Z9	UBIAD1
0.1712164883	0.4998991835	P20749	BCL3
0.01636384595	0.9471815659	Q8TCG5	CPT1C
0.1303467843	0.4449086802	Q8N1E6	FBXL14
0.05710944316	0.8229838161	O75027	ABCB7
-0.06799806107	0.8284334971	Q8N1S5	SLC39A11
-0.08229740845	0.8559163659	Q86WB0	ZC3HC1
-0.1069212223	0.4928055733	Q86UA6	RPAIN
0.07846416237	0.6798763423	Q6PJG2	ELMSAN1
-0.2438540361	0.2865871698	P23560	BDNF
-0.1148359046	0.337027975	Q96JG6	VPS50
0.01451636674	0.9258023358	Q96B18	DACT3
-0.02702285125	0.9039958929	Q9UG63	ABCF2
-0.1140737465	0.4122943019	Q6P1K1	SLC48A1
-0.1563737453	0.374118356	Q99676	ZNF184
-0.08124051485	0.4987716734	Q9H819	DNAJC18
-0.1321116863	0.4461276765	Q8NHQ1	CEP70
0.2053551293	0.1772631449	Q8NEA6	GLIS3
0.0325706792	0.8508514501	P55347	PKNOX1
-0.1782588536	0.3958506663	Q9Y4R7	TTLL3
0.06206506231	0.670518852	O60285	NUAK1
-0.05766855134	0.8596578862	Q96DP5	MTFMT
-0.1663329212	0.5872516985	Q9Y2S2	CRYL1
-0.09558342487	0.4874812647	Q9BWH6	RPAP1
-0.1520258026	0.4345048738	Q9NUL3	STAU2
-0.3033716595	0.2953575808	O75444	MAF
0.07949932143	0.7229319444	Q6PI26	SHQ1
-0.305095872	0.3211576365	Q9BSH5	HDHD3
-0.1102034197	0.5037352041	P54274	TERF1
-0.01016083794	0.9713289941	Q9BQK8	LPIN3
-0.1146674521	0.551119522	P62068	USP46
-0.01320643146	0.9299148533	Q8N1G1	REXO1
0.2781083174	0.0483232996	Q8IYB1	MB21D2
0.2250565943	0.2420479646	Q9NPC4	A4GALT
0.01894135107	0.9313868972	Q8IUZ5	PHYKPL
0.05874553322	0.6472849444	Q9H8M2	BRD9
-0.1093770419	0.3758565918	Q8TBM7	TMEM254
0.1186431543	0.4959680808	Q9Y6G3	MRPL42
-0.06232860351	0.7081664324	Q8NAN2	MIGA1
0.1752710931	0.2865871698	Q16676	FOXD1
0.002488333429	0.9904412369	Q9Y4F4	TOGARAM1
-0.1972751469	0.2623625634	Q8N565	MREG
0.1061945688	0.8882510911	Q9HBH7	BEX1
0.004216216944	0.9871602612	Q3MII6	TBC1D25
-0.1622818796	0.2327929008	Q8N2H4	SYS1
0.0416222935	0.7939525786	Q9BU89	DOHH
-0.03573335441	0.8825969975	Q14114	LRP8
0.07542048637	0.4936575395	Q9Y5B0	CTDP1
-0.117634613	0.5622198171	Q5SVS4	SLC25A30
0.2892112315	0.1862742723	Q14376	GALE
-0.07102439989	0.6589913757	Q5TDH0	DDI2
0.008416008605	0.9735889688	Q6P4F1	FUT10
-0.009149820168	0.9720592224	P81877	SSBP2
0.05315070328	0.7183590822	A1A4S6	ARHGAP10
-0.05276553317	0.7343382663	O15063	KIAA0355
0.1929214117	0.2836138996	Q96A72	MAGOHB
0.09251820259	0.3896234997	Q12913	PTPRJ
-0.2125720534	0.1660816417	Q14CS0	UBXN2B
0.06755740849	0.6731302185	Q05BQ5	MBTD1
0.04902768393	0.6794564185	Q92979	EMG1
-0.05195839246	0.8600612638	Q9NVR5	DNAAF2
0.04158389769	0.8601929569	Q8TF50	ZNF526
0.1380909177	0.4851281685	Q96NY9	MUS81
-0.02719005888	0.8860911382	O15015	ZNF646
0.1170758163	0.3592712519	Q9Y4E8	USP15
0.01787235254	0.9154016252	O95848	NUDT14
-0.06206067314	0.8251313222	Q15561	TEAD4
0.08238080565	0.4615402808	Q9NWU5	MRPL22
-0.1539174491	0.3727032184	Q9UBY8	CLN8
0.05708175913	0.6802555237	O96017	CHEK2
0.01198419032	0.9389447106	P50213	IDH3A
-0.1228723106	0.4813778946	Q9NRG4	SMYD2
-0.06083004681	0.5356486981	Q5TBA9	FRY
0.008616782867	0.9829273941	Q9BUL9	RPP25
0.8595233066	0.09884283941	P08476	INHBA
0.09074608762	0.630312368	Q08623	PUDP
0.4029074392	0.06493345427	Q16822	PCK2
0.04120652755	0.8229838161	P43246	MSH2
-0.02705951229	0.9039177087	P98177	FOXO4
0.2256219224	0.3206048802	Q96K21	ZFYVE19
1.480838084	0.04568121832	Q10589	BST2
0.09237815774	0.6085191108	Q96RE9	ZNF300
0.004952002749	0.9840467726	O15062	ZBTB5
-0.02369144144	0.9057968273	Q6AI39	BICRAL
0.5038783251	0.02111477794	Q86WT6	TRIM69
-0.0388506408	0.8275864038	Q13188	STK3
0.05513209485	0.8118620472	Q5SZL2	CEP85L
0.07603936189	0.6472849444	Q9BTV6	DPH7
-0.2096666829	0.4306972486	Q96RP7	GAL3ST4
-0.004269903569	0.990336571	Q5VWZ2	LYPLAL1
-0.1667480054	0.3454724369	P28698	MZF1
0.1258719838	0.4862834104	Q8IWX8	CHERP
-0.09261410477	0.8408842426	Q96RW7	HMCN1
-0.002245722738	0.9943994042	Q8IXT5	RBM12B
0.05344975742	0.7168259748	Q9UGP4	LIMD1
-0.1789995908	0.3343897204	Q9UI14	RABAC1
-0.4184160957	0.1621092069	Q7L9B9	EEPD1
-0.006217380842	0.978119964	Q15937	ZNF79
-0.04022912488	0.7441718415	Q8TCN5	ZNF507
0.1397480227	0.7666251244	Q16637	SMN1
0.8257789789	0.01952322795	Q9HCC6	HES4
1.52629346	0.03625209744	Q9UMW8	USP18
0.2688665721	0.02932706672	Q13950	RUNX2
0.006058778527	0.9666916134	Q5T7W7	TSTD2
-0.05940749237	0.7392734071	Q02083	NAAA
0.008210923594	0.9700430614	Q8TEQ8	PIGO
-0.07861140463	0.6170426221	Q16836	HADH
0.04783293245	0.7495583799	Q5VVQ6	YOD1
-0.301826071	0.5362729108	Q8NG31	KNL1
0.5191889401	0.005614632131	Q8WVV5	BTN2A2
0.04535960397	0.8388899754	O75586	MED6
-0.1669922747	0.3971788006	Q9HAN9	NMNAT1
0.1025657299	0.6266390493	Q9NY74	ETAA1
0.02697314015	0.9091097033	Q96AZ1	EEF1AKMT3
-0.158358727	0.508639836	Q9BR11	ZSWIM1
-0.02254775291	0.9624701442	Q96I45	TMEM141
-0.160469581	0.2112344873	Q8NF99	ZNF397
-0.1869357484	0.2132755574	Q96K75	ZNF514
-0.1403077085	0.3216428226	Q96S99	PLEKHF1
0.01425392026	0.9385165486	Q13126	MTAP
0.0100211541	0.968980131	Q9NP87	POLM
-0.07700757705	0.8443337712	Q9Y303	AMDHD2
-0.1396698117	0.3108192289	Q9ULH7	MRTFB
-0.1184482451	0.3713881906	Q8IYT8	ULK2
-0.110253232	0.6262478986	Q8WV15	TMEM255B
0.1572939251	0.453515434	P55201	BRPF1
-0.01639168757	0.9385165486	Q6UUV9	CRTC1
0.08059189215	0.5862022963	P17706	PTPN2
-0.1405484736	0.2592219468	P55789	GFER
0.1824335571	0.510173059	Q15527	SURF2
-0.07237544765	0.7828476448	Q9H6R7	WDCP
0.1577555645	0.4039254452	A8MXV4	NUDT19
-0.1046866253	0.4635083092	Q2NKX9	C2orf68
-0.1460566671	0.6085191108	P28360	MSX1
-0.08469701256	0.5420065847	P51689	ARSD
-0.2507013549	0.1227797659	Q9UQC9	CLCA2
-0.01681939464	0.9016778864	Q86U06	RBM23
0.1502181802	0.4049102651	Q9H0R6	QRSL1
0.1293858279	0.5566599934	Q9UJA3	MCM8
-0.07169347487	0.7419009027	A8MRT5	NPIPB5
0.09581454345	0.514142618	Q99575	POP1
-0.2192598992	0.2296400848	P42898	MTHFR
0.04712177444	0.8091768047	Q07866	KLC1
-0.160826936	0.5519324824	Q9H2F3	HSD3B7
0.09861066579	0.6362763832	P57081	WDR4
0.4232809829	0.3160245553	Q9NRM6	IL17RB
0.2101576658	0.3158389606	Q9NS84	CHST7
-0.1225688591	0.3715433254	Q5VWG9	TAF3
0.3797228781	0.02688331166	Q8NBI5	SLC43A3
-0.009938072249	0.9454127837	Q9HCP0	CSNK1G1
-0.2395790216	0.1009072306	P53708	ITGA8
-0.05483717741	0.7437911591	Q6UX98	ZDHHC24
0.03263399543	0.8761038566	Q66K74	MAP1S
-0.02326613701	0.9394769719	Q9BTK6	PAGR1
0.01110819763	0.9671465472	Q15438	CYTH1
-0.02658638679	0.8175494964	O15151	MDM4
-0.09134789572	0.5307154969	Q6PJG6	BRAT1
0.09706071038	0.5787233398	Q6NYC1	JMJD6
-0.09785119236	0.5829770981	Q86UT6	NLRX1
0.05823376369	0.7433225242	Q96GE4	CEP95
0.06229562363	0.5602898864	Q15796	SMAD2
0.093644267	0.6070684838	Q96CB8	INTS12
0.06617098608	0.7842234459	O15169	AXIN1
-0.1552419847	0.7248322672	Q86TX2	ACOT1
-0.009433126582	0.9718996281	Q9NRW4	DUSP22
-0.0375773366	0.9108228049	Q9NQ35	NRIP3
-0.07316439929	0.5096736475	P17026	ZNF22
-0.00216540521	0.992857651	Q9HCE6	ARHGEF10L
-0.1078365951	0.7187985441	P78345	RPP38
-0.02039639214	0.9135620021	Q2M3G4	SHROOM1
-0.246191103	0.2707821707	O75437	ZNF254
-0.1251544842	0.4342297364	Q9H3S5	PIGM
0.003137694152	0.9903444068	Q9HCX3	ZNF304
-0.07506020052	0.7116053091	Q5W5X9	TTC23
-0.1776691644	0.2644527655	Q96EF6	FBXO17
0.2893425437	0.3921165635	Q12952	FOXL1
0.0455031699	0.8285421644	Q8N0V3	RBFA
-0.3329040523	0.536913638	P49450	CENPA
-0.3341815859	0.04229951	Q9NWZ8	GEMIN8
-0.1046981843	0.3738528689	Q14161	GIT2
-0.1602311321	0.5468821159	Q19AV6	ZSWIM7
-0.164139935	0.2532551562	Q8N0Z9	VSIG10
-0.03391189915	0.9047776352	Q9H5Z1	DHX35
0.04460107273	0.7326556924	P17032	ZNF37A
0.1077250383	0.714029971	P42772	CDKN2B
0.05661018391	0.8053856954	P22413	ENPP1
0.04690729958	0.7593062777	P48506	GCLC
-0.2102348484	0.1401711151	Q05823	RNASEL
0.0257601241	0.8602031417	Q8N5Y2	MSL3
-0.06385207842	0.6931216144	P18858	LIG1
-0.04949794895	0.8082814898	Q96IZ6	METTL2A
-0.151904967	0.540512921	Q8IX05	CD302
0.04132190464	0.8682662402	Q9UPS8	ANKRD26
-0.06634964812	0.5891044457	Q96DH6	MSI2
0.01249330149	0.9454127837	Q9NYB9	ABI2
-0.08210932564	0.6419264888	Q9Y365	STARD10
-0.03810089499	0.8702342153	Q9UKA8	RCAN3
-0.04855206625	0.7632257803	Q5JUW0	KRBOX4
0.01611648653	0.9456947475	Q96AC6	KIFC2
-0.1999742207	0.6972287596	P16671	CD36
0.02395786883	0.9265764072	O15287	FANCG
-0.09225015982	0.8086524626	Q32P51	HNRNPA1L2
-0.008173279065	0.9566217559	Q6ZS30	NBEAL1
-0.06322023343	0.630312368	P42338	PIK3CB
-0.1087117437	0.5381684095	Q9Y2D9	ZNF652
0.1303244673	0.443979361	Q7Z4H3	HDDC2
0.0531234737	0.6702043655	O60658	PDE8A
-0.06628425224	0.7973568352	Q8NBS9	TXNDC5
-0.0671551927	0.5515765296	P62380	TBPL1
-0.06061643009	0.7060927593	Q8IWT3	CUL9
-0.05241569267	0.7187053775	P11274	BCR
-0.03631017572	0.7647114705	Q9NX07	TRNAU1AP
0.07980327845	0.6729192152	P16383	GCFC2
-0.08165010586	0.6433138932	Q8NAF0	ZNF579
-0.1054104917	0.8025488861	Q8NBT0	POC1A
-0.1351618312	0.5000657607	Q9Y5N5	N6AMT1
0.3988271063	0.2094964002	Q8TDW0	LRRC8C
-0.2133172501	0.1898264973	O94844	RHOBTB1
0.02283224601	0.9324805097	Q9H977	WDR54
0.01767475974	0.9155567049	Q8NC96	NECAP1
0.09296285549	0.6460471704	Q9Y3B9	RRP15
0.09610657289	0.6982276491	Q96BM0	IFI27L1
-0.01156960671	0.9599064997	Q4L235	AASDH
0.01605369468	0.9475337385	Q8WUD4	CCDC12
-0.02970677942	0.8576251135	Q9H0W8	SMG9
0.07239543816	0.8622981071	O43324	EEF1E1
-0.1676006108	0.6507366117	Q8TAP8	PPP1R35
0.01335793544	0.935628786	Q5T890	ERCC6L2
-0.3263859504	0.08684647002	Q5T8I3	FAM102B
0.08792300142	0.6971206641	Q6P2P2	PRMT9
-0.1882681887	0.2727960508	Q03013	GSTM4
-0.0210128008	0.9222341788	Q96K62	ZBTB45
0.2142476849	0.06099645828	P15822	HIVEP1
-0.08188311018	0.6788290483	Q9UBC2	EPS15L1
0.1213096968	0.5566599934	O15067	PFAS
-0.2011958262	0.5232841639	Q14626	IL11RA
-0.01890966686	0.9194348392	Q6P582	MZT2A
0.2425292368	0.4947040564	O75419	CDC45
-0.1729292876	0.2477899615	O43933	PEX1
-0.0694320378	0.7059104528	O75752	B3GALNT1
0.005185917117	0.9805109794	Q13952	NFYC
0.009500464054	0.9602040081	Q9NUJ7	PLCXD1
-0.1181234039	0.2717372615	Q13936	CACNA1C
-0.09922310481	0.3738528689	Q9NRJ4	TULP4
-0.05431065149	0.7985801132	Q5SY16	NOL9
0.07437381006	0.683770197	Q96IZ0	PAWR
-0.06812693947	0.6871425818	Q9UPQ9	TNRC6B
-0.09893301585	0.644292328	Q15052	ARHGEF6
0.1241992231	0.4278882581	Q8NFI3	ENGASE
-0.1409966283	0.3082252193	Q8IU60	DCP2
-0.008724208749	0.9599064997	O94887	FARP2
-0.2024359331	0.3039807912	Q9NPB0	SAYSD1
0.001905022239	0.9934570508	Q9HB75	PIDD1
0.009477851708	0.9661918038	Q7L4E1	MIGA2
-0.4242770427	0.330906805	Q6PGN9	PSRC1
-0.009976521801	0.9766982583	A0PJW6	TMEM223
0.2780768745	0.6268467741	Q9UHR6	ZNHIT2
0.1294150513	0.6409153295	P17677	GAP43
0.0832266593	0.68387761	Q96BR6	ZNF669
0.02803645914	0.8848815011	O94889	KLHL18
-0.03083070699	0.8678049934	Q86Y56	DNAAF5
-0.1868111849	0.3250687956	Q8TCU6	PREX1
-0.03042152792	0.8441130764	Q9UBP0	SPAST
0.4425962723	0.04705153904	P28065	PSMB9
-0.04218890898	0.8466239683	Q8IZK6	MCOLN2
-0.10013829	0.5777729751	Q6P2D0	ZFP1
-0.0133711359	0.9829840816	P0C7U0	ELFN1
-0.05190554613	0.7388888911	Q9BRK0	REEP2
0.3039805221	0.176956362	Q0P6H9	TMEM62
0.09733709433	0.5894443185	O00311	CDC7
-0.09769519906	0.8275173035	O00444	PLK4
0.1877548585	0.5413587118	Q96GM8	TOE1
-0.009456988347	0.9567638238	Q6P1N9	TATDN1
0.05529730755	0.7874320257	O00628	PEX7
0.3559412845	0.1826304502	P25101	EDNRA
-0.06307714191	0.7991139235	Q96GR4	ZDHHC12
-0.01312721144	0.9624701442	Q96AX9	MIB2
-0.1225941019	0.6811156713	Q9BYS8	LRRC2
-0.04519529712	0.7245783696	Q9UQ90	SPG7
-0.0007385382435	0.9975899627	Q8NFB2	TMEM185A
-0.07389408345	0.4988307774	Q9Y2I6	NINL
0.09035320637	0.6473061275	Q9Y291	MRPS33
0.3888198193	0.2328763911	Q15743	GPR68
0.0356811354	0.873728857	O75382	TRIM3
-0.0791970534	0.7017378532	Q9P2F9	ZNF319
-0.01181479592	0.9450018817	Q96L93	KIF16B
0.06798329448	0.6823221932	Q3B7T1	EDRF1
-0.08011778417	0.4580829095	Q9C0B1	FTO
0.005127588547	0.9829225745	Q7L1T6	CYB5R4
0.01310067562	0.9388824498	Q9NUW8	TDP1
-0.1847939547	0.4025950539	Q6P1A2	LPCAT3
-0.03898141631	0.8367966271	Q8N3J2	METTL4
0.3118663004	0.1800202989	Q01151	CD83
0.01834515703	0.9257096337	Q8TC41	RNF217
-0.04460729191	0.6755250323	Q9H0H0	INTS2
0.01995107147	0.9135620021	P48553	TRAPPC10
0.09729726479	0.6174353605	P29083	GTF2E1
0.3744211586	0.05882420768	O75460	ERN1
-0.06634379062	0.8114013533	Q9HC77	CENPJ
-0.1880508965	0.278192814	Q8N3R3	TCAIM
-0.07094695224	0.5884634969	Q9H825	METTL8
0.1544022686	0.3817524335	Q16775	HAGH
0.1098020505	0.5113048907	O95777	LSM8
-0.1034098772	0.4788456516	Q96BQ5	CCDC127
-0.02673667003	0.8441130764	Q96SQ5	ZNF587
-0.04805528734	0.7775294112	Q9H0K6	PUS7L
0.1240705338	0.6601666988	Q8N5Z0	AADAT
0.008983768787	0.9598966911	Q86VW0	SESTD1
1.625242542	0.0001047808398	P42830	CXCL5
0.04751440843	0.8853631574	Q86XK3	SFR1
-0.2230858722	0.1774988999	Q86VQ6	TXNRD3
-0.06675195177	0.6365545039	Q70Z53	FRA10AC1
-0.09656445347	0.4318558071	Q9Y4X4	KLF12
-0.2858348327	0.03407121732	Q96HL8	SH3YL1
0.2655839522	0.3727032184	P42229	STAT5A
-0.005838865375	0.9813685852	O15079	SNPH
-0.1020857094	0.6064450222	Q147U1	ZNF846
-0.01471277177	0.9367594835	O14936	CASK
-0.1409515663	0.2536084088	Q9BYT8	NLN
-0.05378529257	0.7234944028	Q9BVV6	KIAA0586
-0.02000110693	0.905255131	Q9UKY4	POMT2
0.07204188286	0.6356226162	P11172	UMPS
-0.1048368794	0.6364081985	Q969M1	TOMM40L
0.09619839725	0.6619847744	A5PLN9	TRAPPC13
0.04133785571	0.8025488861	Q38SD2	LRRK1
-0.2688031107	0.1471349777	Q9P2F8	SIPA1L2
0.2680421794	0.458095437	Q96L50	LRR1
0.07083555332	0.5957291419	Q8N999	C12orf29
-0.03338198387	0.8607314452	Q9BV79	MECR
0.2146353498	0.2841120328	Q9P2N5	RBM27
0.1382994539	0.460148757	Q86XI8	ZSWIM9
-0.1220632471	0.5976579749	Q8N465	D2HGDH
-0.126241863	0.4232567633	Q8N9B4	ANKRD42
0.08442669421	0.650821551	P52736	ZNF133
0.1485661911	0.5457251813	Q70IA6	MOB2
-0.0116671909	0.9512546202	Q5SQN1	SNAP47
-0.08221806321	0.7142663144	Q8IUI8	CRLF3
-0.1593555549	0.3454724369	Q14264	ERV3-1
0.08210648686	0.6064486408	Q08AN1	ZNF616
-0.0233585315	0.925093184	Q68CP9	ARID2
-0.1826461614	0.3817524335	Q6ZNA5	FRRS1
-0.1519776853	0.6078051942	Q9UHJ9	PGAP2
-0.02157841539	0.8775035675	Q8IUF1	CBWD2
-0.04687564044	0.8181898409	Q99689	FEZ1
0.01401959353	0.9602040081	Q96HR8	NAF1
-0.09637017267	0.5876244497	P51956	NEK3
-0.2412025996	0.4590150776	P28356	HOXD9
-0.08083922313	0.7946395883	P04424	ASL
0.02084641184	0.8975762237	Q9NVU0	POLR3E
0.07718633814	0.6887655519	Q16635	TAZ
0.03783620511	0.7926458933	Q9BUB5	MKNK1
-0.1782936206	0.374118356	Q01974	ROR2
0.01294970615	0.937923604	Q99807	COQ7
0.1463147203	0.6763067155	Q96JG9	ZNF469
0.1143406501	0.3884253577	Q52LA3	LIN52
0.03299070183	0.8851636349	Q9NPC7	MYNN
0.06853358173	0.8439909332	P0CG30	GSTT2B
-0.1828604594	0.2479637624	Q96FB5	RRNAD1
0.1420903864	0.2175928919	A6ND36	FAM83G
-0.1209919643	0.5744444966	Q8IYL3	C1orf174
-0.03275817928	0.8898773336	P31277	HOXD11
-0.3632951981	0.09525478487	Q96I13	ABHD8
0.1593596059	0.3676198726	Q12933	TRAF2
0.03198269459	0.8727134136	P41212	ETV6
-0.02495427554	0.9127878854	Q9BRT6	LLPH
-0.02116208637	0.8797406326	O43556	SGCE
-0.00486177565	0.9872382614	Q9NVV5	AIG1
-0.00755675254	0.9739318472	Q5VV17	OTUD1
0.03672020009	0.8266662881	Q6ZVD8	PHLPP2
-0.05212093684	0.7540237574	Q9C0D4	ZNF518B
-0.1048707985	0.4708900713	Q659A1	ICE2
0.4097587486	0.02487167628	P10914	IRF1
-0.01008572802	0.9635340198	Q9P0N5	TMEM216
0.04051481299	0.7480199927	Q8TCT7	SPPL2B
0.09020001017	0.544379868	P78352	DLG4
-0.08657376658	0.4936575395	Q96BN2	TADA1
-0.08063502573	0.562182777	Q8WZA9	IRGQ
-0.1021092365	0.5808901361	Q9BW71	HIRIP3
0.08328752723	0.738373648	Q06547	GABPB1
0.05734021516	0.6074834157	O75122	CLASP2
-0.01156928025	0.9385165486	Q7Z412	PEX26
0.1978313476	0.1510495751	Q7Z736	PLEKHH3
-0.101987052	0.7470760406	Q6NS38	ALKBH2
-0.147899343	0.1800202989	P52746	ZNF142
0.06118019107	0.6953585782	O75157	TSC22D2
-0.02383165232	0.9410730381	Q9H0A9	SPATC1L
-0.0455845324	0.8352974908	Q96CS4	ZNF689
0.1592946914	0.5113048907	Q5VTM2	AGAP9
-0.00321636259	0.9870406171	Q9UPP1	PHF8
-0.006857471935	0.9711243236	Q5T4T1	TMEM170B
0.1641567084	0.3819767967	Q8TF20	ZNF721
-0.001640507722	0.9956138049	Q9Y619	SLC25A15
0.06340046478	0.7413974435	Q9NVE7	PANK4
0.1598161949	0.5590332056	P36639	NUDT1
0.02180751844	0.9260376264	Q9Y343	SNX24
0.04939620099	0.8165714963	O15539	RGS5
-0.007127711238	0.968980131	Q9H6D3	XKR8
-0.1416713895	0.6755277131	Q6PCE3	PGM2L1
0.0400816543	0.8623638279	Q71SY5	MED25
-0.1314583138	0.4272416115	Q9BQ24	ZFYVE21
-0.01606814387	0.937723639	Q96QG7	MTMR9
-0.04775725103	0.6761837701	Q86T29	ZNF605
0.130140148	0.5355436896	O60779	SLC19A2
-0.03604039723	0.8203931418	Q9BTC8	MTA3
-0.05830963709	0.7229319444	Q96LL9	DNAJC30
-0.08726880579	0.6949283898	Q8TEZ7	PAQR8
0.05871507805	0.6714127142	Q6YHU6	THADA
-0.1366861958	0.4872022582	Q7L622	G2E3
0.103534781	0.4403693947	Q9P2H5	USP35
0.1945474314	0.3938181689	Q6RFH5	WDR74
-0.2326340133	0.1132584983	O15230	LAMA5
-0.2585954768	0.2226485319	Q8N4T8	CBR4
0.0613266084	0.6714127142	Q1MSJ5	CSPP1
0.002022930127	0.9962344841	Q9Y330	ZBTB12
0.1340117279	0.6066201908	O75061	DNAJC6
-0.08358326517	0.4601376826	Q9Y4F1	FARP1
-0.2201842808	0.3880969702	Q9NPC8	SIX2
-0.06880120766	0.6621092279	P16455	MGMT
0.1249710808	0.4197083542	P0C2W1	FBXO45
0.04977067875	0.7375362831	Q96B23	C18orf25
-0.06475081128	0.6409153295	Q6PJI9	WDR59
-0.3966877716	0.1647942203	Q96AH8	RAB7B
0.1344295134	0.3058659336	Q96JC9	EAF1
0.04443371156	0.8639107189	Q96G46	DUS3L
0.2452832198	0.1636196776	O43570	CA12
0.1209578502	0.3958506663	Q9HBI1	PARVB
-0.05202178316	0.717757015	Q8N5C1	CALHM5
0.1926495724	0.4306972486	O75953	DNAJB5
-0.08696008025	0.7536184515	Q5M7Z0	RNFT1
-0.3126630491	0.02664518233	P10828	THRB
-0.2194777727	0.2035612724	O15382	BCAT2
-0.1561489443	0.3078781891	Q8N6N6	NATD1
-0.09473501789	0.5648952087	Q6IQ20	NAPEPLD
0.103396308	0.6956733799	Q14691	GINS1
0.0499147311	0.8607314452	Q8NCU8	MTLN
0.3964274135	0.1866249515	P24864	CCNE1
0.167938801	0.495367539	Q9NZJ6	COQ3
-0.284215623	0.05918661039	Q86WK6	AMIGO1
0.09098235133	0.6621092279	Q96JB5	CDK5RAP3
0.1141297867	0.4660674416	Q8N8U2	CDYL2
-0.08331789658	0.5434504472	Q8IUF8	RIOX2
-0.01800007035	0.9047776352	Q6NUN9	ZNF746
-0.01125466814	0.9738603427	Q9UHL9	GTF2IRD1
-0.1238020613	0.2961623192	Q6NVY1	HIBCH
-0.06709405141	0.6388207696	Q5VV42	CDKAL1
-0.07324139223	0.7771705491	Q15119	PDK2
-0.07157115815	0.6184455978	Q96PE3	INPP4A
-0.02389341704	0.869754882	O43929	ORC4
2.326163507	3.571264645e-05	P19875	CXCL2
0.08168734733	0.6558200619	Q96JN8	NEURL4
-0.1533590315	0.419025478	Q9Y283	INVS
0.1213612004	0.2319708703	P10072	HKR1
0.1680163046	0.3336781262	Q8NEJ9	NGDN
-0.0832774534	0.4626332713	Q12824	SMARCB1
-0.004227446434	0.9813685852	Q13099	IFT88
-0.007295891587	0.9809260446	Q8TAU3	ZNF417
-0.2309731664	0.3064223015	Q9UK23	NAGPA
0.1911971668	0.3295356846	Q9H1K6	TLNRD1
-0.2209774963	0.5262589855	P09668	CTSH
-0.05273432207	0.8251313222	Q8IW35	CEP97
-0.1673564996	0.5677072305	Q00535	CDK5
0.05085637649	0.8251550218	Q9UHQ1	NARF
-0.3456022194	0.5351080214	P51955	NEK2
0.02973742952	0.9137105512	P38398	BRCA1
0.06100210166	0.7936414061	Q9BY50	SEC11C
-0.1726916699	0.1791575441	Q9H0W5	CCDC8
-0.2284326067	0.0801169534	Q9H246	C1orf21
0.05595618847	0.6185705354	O14639	ABLIM1
0.03190318626	0.7666434568	O14678	ABCD4
-0.02986921045	0.8892371379	Q9BTV7	CABLES2
0.01746043844	0.9184654291	Q9NUX5	POT1
0.2027690968	0.2107173938	Q6PJF5	RHBDF2
0.1088914379	0.4483298935	P53778	MAPK12
0.004890193274	0.9861535734	P53671	LIMK2
-0.2350355167	0.3606966622	Q9P2K2	TXNDC16
-0.0386466876	0.8798700858	Q9HB96	FANCE
0.08674469793	0.6902931358	Q9BXW7	HDHD5
1.38199683	0.008653999835	Q92985	IRF7
-0.1551242178	0.3960679061	Q9NVR7	TBCCD1
-0.06710618831	0.7388888911	Q9UL40	ZNF346
-0.1715100267	0.5602898864	Q96AQ1	CCDC74A
-0.00826395942	0.9580910238	Q14004	CDK13
-0.08603710763	0.5199005806	Q9BXP2	SLC12A9
0.05651520033	0.7489728983	P56645	PER3
-0.06712806438	0.6385177399	Q8WV07	LTO1
0.0875787703	0.6087597339	Q5JTH9	RRP12
0.2908652562	0.3062905668	Q9GZN2	TGIF2
-0.09250309759	0.5510636564	O14795	UNC13B
0.05120478464	0.7832189718	Q6PL24	TMED8
0.1129090415	0.4508140995	Q96D71	REPS1
-0.03170141071	0.7949579244	Q8NF91	SYNE1
-0.08933040664	0.7008685999	Q3KRA6	C2orf76
0.01612373219	0.9597163431	P0DMB2	C8orf88
-0.2656220383	0.1140599626	Q96JN2	CCDC136
-0.2072562338	0.5312791005	Q96I82	KAZALD1
0.06182032641	0.6362763832	O60347	TBC1D12
0.06118728036	0.6668890285	Q92536	SLC7A6
0.04641380164	0.7229319444	Q969R5	L3MBTL2
0.08864868631	0.6212027792	Q5SXM2	SNAPC4
0.003077572607	0.9909585543	Q8N5I2	ARRDC1
-0.01511566509	0.9350686267	Q14790	CASP8
-0.04977082397	0.821262029	O95361	TRIM16
-0.05020799338	0.6510679318	Q5VIR6	VPS53
0.006668407004	0.9867872419	Q8NA92	THAP8
-0.2461560391	0.1023057836	Q69YG0	TMEM42
0.1858624662	0.3998268992	Q9BX63	BRIP1
-0.1213743654	0.3684136527	Q9HCS4	TCF7L1
0.001812947583	0.9956130532	Q13106	ZNF154
0.01573954546	0.9597163431	Q04695	KRT17
0.06563251516	0.6065640741	Q8TB03	CXorf38
-0.2807375864	0.5312791005	Q6T310	RASL11A
-0.1687838994	0.154369891	O43439	CBFA2T2
-0.02685505922	0.8898773336	Q02156	PRKCE
-0.166866846	0.5821649525	Q8NEF3	CCDC112
0.1349849833	0.4261597537	O75818	RPP40
0.09859795381	0.6127267882	Q96C55	ZNF524
0.09774731349	0.6184455978	Q8NCG7	DAGLB
0.01743469658	0.9260345616	Q9Y2Y1	POLR3K
-0.03079557655	0.905888918	Q96JS3	PGBD1
-0.0731910047	0.7438104874	Q9UPW5	AGTPBP1
-0.04088443442	0.8447355895	Q86VZ2	WDR5B
0.103436154	0.3938181689	Q96AA3	RFT1
-0.05632576485	0.7262916088	Q5RL73	RBM48
0.04995195406	0.663881753	Q8IWU2	LMTK2
-0.1687162677	0.4125478357	P17544	ATF7
-0.09728244057	0.4953682296	Q9H5U6	ZCCHC4
0.009544504562	0.9729049728	Q9H8P0	SRD5A3
0.3524776122	0.06099645828	Q13751	LAMB3
-0.08912335777	0.6953585782	O00559	EBAG9
0.09982910023	0.6206907372	Q9NSY1	BMP2K
0.06414446705	0.686203932	Q9H040	SPRTN
-0.189156081	0.5072282	A6NGC4	TLCD2
-0.2992470332	0.06935437841	Q6ZNB6	NFXL1
0.03629350049	0.8244625272	Q2KHT3	CLEC16A
0.06172918301	0.7787939386	Q9UDV6	ZNF212
-0.009674814903	0.9598303515	Q9UNP9	PPIE
0.1358324708	0.5595691972	Q96BZ8	LENG1
0.0201428658	0.9305924004	Q8IWY9	CDAN1
0.06639121386	0.7536184515	Q86YL5	TDRP
0.00793537402	0.9642683303	Q9H1P3	OSBPL2
-0.03112127592	0.8742911979	Q8IZ83	ALDH16A1
0.06539539484	0.6787820107	Q2MJR0	SPRED3
-0.1048626002	0.4513743452	Q6ZU65	UBN2
0.1271239544	0.5326944565	Q96QA6	YPEL2
-0.01825346984	0.9204026978	Q96EX1	SMIM12
0.09614635694	0.5969578322	Q8IZD6	SLC22A15
-0.3742165315	0.2060230685	Q93045	STMN2
-0.1340469934	0.2827287719	Q92625	ANKS1A
0.09984265978	0.5618074117	Q9Y483	MTF2
0.1282020647	0.6352548754	P51606	RENBP
0.03127798967	0.8071944596	A5PLL7	TMEM189
-0.03738300885	0.8241416848	Q5VZI3	TMEM268
-0.01879686977	0.9137105512	Q53RD9	FBLN7
-0.07015300608	0.6069166301	P85299	PRR5
-0.02313574131	0.9322498948	Q8IYX8	CEP57L1
0.1013788435	0.5336758117	Q9Y692	GMEB1
0.0676327541	0.6970182545	Q9NWW7	C2orf42
0.04253474404	0.9172573608	Q7Z5R6	APBB1IP
-0.05281079367	0.7335956262	Q86XS8	RNF130
-0.1026228939	0.6257131279	P46531	NOTCH1
0.06132777516	0.7658997416	Q9NQV6	PRDM10
-0.1372087572	0.3727032184	Q9Y6D9	MAD1L1
-0.1064519545	0.5891044457	Q5T5P2	KIAA1217
-0.09272139102	0.5976579749	Q9NTG7	SIRT3
-0.01548557657	0.927702637	Q8IXQ4	GPALPP1
-0.04891781966	0.8120834355	O60825	PFKFB2
-0.04011647127	0.7081719432	Q13627	DYRK1A
-0.05737398219	0.5835032922	P54252	ATXN3
-0.01364847017	0.9701158897	Q9P086	MED11
0.01015421489	0.9555855241	P98196	ATP11A
-0.06122056372	0.6812121142	Q8TB24	RIN3
-0.08024534486	0.647968659	O94856	NFASC
0.005579334754	0.9748240068	Q96SE7	ZNF347
0.5459899614	0.04817704683	Q9P273	TENM3
0.01634433183	0.9295087916	Q9UKD1	GMEB2
-0.1620982441	0.3779206944	Q8IYY4	DZIP1L
0.06413255084	0.7787939386	Q13505	MTX1
-0.05249131282	0.8237506899	P79522	PRR3
-0.01807458226	0.9541348917	Q6P087	RPUSD3
-0.2804939803	0.1639542339	Q6NVV7	CDPF1
-0.1453132387	0.3780188093	Q96MD7	C9orf85
0.05708432028	0.8443337712	Q03060	CREM
0.4201063126	0.05012342139	Q5VYS4	MEDAG
-0.006445189895	0.9604458165	Q00013	MPP1
-0.03285426839	0.920375456	Q9NQB0	TCF7L2
-0.03014110483	0.8711118998	P51687	SUOX
-0.0777764873	0.514142618	Q8NBI2	CYB561A3
-0.1920497201	0.5203727944	Q15858	SCN9A
0.1857822609	0.2153593747	Q8NAA4	ATG16L2
0.1368434134	0.4188722731	Q01543	FLI1
-0.1563969512	0.5541927476	O95169	NDUFB8
-0.1723382611	0.3884253577	Q9BTF0	THUMPD2
-0.08615607437	0.5519324824	Q5JY77	GPRASP1
-0.4805403719	0.05759146824	O43609	SPRY1
0.1246233667	0.5157155461	Q15464	SHB
-0.06857994771	0.6445962472	Q96ER3	SAAL1
0.2612892494	0.1257591091	P67870	CSNK2B
0.06190207853	0.7495899697	P04440	HLA-DPB1
-0.1059316352	0.5152311469	Q9NRF8	CTPS2
-0.1561424623	0.4193195382	Q7Z3Q1	SLC46A3
0.03992038471	0.8352974908	O00161	SNAP23
-0.02747547964	0.8754974786	O14734	ACOT8
0.06322453143	0.6225782482	Q12788	TBL3
-0.02867120059	0.9303539285	Q5SQH8	C6orf136
0.1336253277	0.4388162267	Q14CZ7	FASTKD3
-0.09340599245	0.5541927476	Q53F39	MPPE1
0.06023883046	0.8097469558	Q66GS9	CEP135
0.03557775161	0.8898745537	Q5JXC2	MIIP
0.02911807893	0.8682452269	Q9UBN7	HDAC6
-0.2280354903	0.2666512941	Q9HCH5	SYTL2
-0.01857182737	0.9032978163	O75414	NME6
-0.1245557	0.4840281788	Q8NBF1	GLIS1
-0.184087397	0.6356226162	Q86VE0	MYPOP
-0.05918067555	0.8217795352	Q96M11	HYLS1
0.05650589194	0.6551840347	Q504Q3	PAN2
0.05541571419	0.7918427258	Q9UMF0	ICAM5
0.02338167303	0.9127878854	Q9H3J6	C12orf65
-0.07184339425	0.5829770981	Q15048	LRRC14
0.01418578733	0.9382496207	Q9UP65	PLA2G4C
-0.1678364612	0.3424072164	O75077	ADAM23
0.0009364809676	0.9975899627	Q96NM4	TOX2
0.1314362659	0.5600307506	Q15573	TAF1A
-0.3901730092	0.3680211627	P42261	GRIA1
-0.1017317674	0.3695581954	Q96E52	OMA1
-0.0176329884	0.9367594835	Q07326	PIGF
0.06000136735	0.7794927396	P07195	LDHB
0.3866474114	0.09216851226	Q9UBP6	METTL1
-0.2460198223	0.1206849255	Q8TAC9	SCAMP5
0.2060356825	0.2865871698	Q15389	ANGPT1
0.04436677281	0.8041506495	Q17R31	TATDN3
0.114316485	0.4048246944	Q8WV16	DCAF4
-0.009223915024	0.959556435	O60683	PEX10
-0.00838631233	0.9662117182	Q9HBE1	PATZ1
-0.09186813814	0.6174353605	Q13163	MAP2K5
0.01120581296	0.9454069065	Q8IYU2	HACE1
0.0828869721	0.6204441461	O15264	MAPK13
-0.1218213249	0.4265505334	Q8WYH8	ING5
-0.1731260434	0.2980430723	Q8N2H9	PELI3
1.349994406	0.01420379027	P27469	G0S2
-0.03793719796	0.8120745347	Q8TDP1	RNASEH2C
-0.04087382734	0.7803615852	Q4AC94	C2CD3
-0.007504477125	0.9692001576	Q96CU9	FOXRED1
-0.05794458301	0.8445588567	Q96F45	ZNF503
0.06985203559	0.6526918818	Q8WU10	PYROXD1
-0.1287229724	0.2958390983	Q13480	GAB1
0.01486196663	0.9363556201	Q9NUT2	ABCB8
-0.1121494642	0.3847861556	Q96Q07	BTBD9
0.04552554399	0.8188279867	Q9UHK0	NUFIP1
-0.07484429762	0.6737087224	A6NED2	RCCD1
-0.03636860217	0.84262106	Q96S21	RAB40C
-0.08707747347	0.514142618	Q3BBV0	NBPF1
0.01838509129	0.9031306869	Q96JA3	PLEKHA8
0.09703739551	0.4589645527	Q9H6J7	C11orf49
-0.03801238689	0.8936285995	Q9NWR8	MCUB
-0.05891705462	0.8275173035	Q9Y6K9	IKBKG
-0.08371530948	0.4508140995	Q96D53	COQ8B
-0.1093888253	0.6502781376	P21953	BCKDHB
0.01713454976	0.9541348917	Q7Z6L0	PRRT2
-0.0276150775	0.8634165912	P78415	IRX3
-0.04606093532	0.7737059261	O15321	TM9SF1
-0.06982595619	0.7069598065	Q9NVX7	KBTBD4
0.02157214521	0.8996335412	Q3B7J2	GFOD2
-0.3619968725	0.5681081216	P69849	NOMO3
0.2369373169	0.3708978913	Q96ES6	MFSD3
-0.01223181026	0.9817050546	Q9Y5N6	ORC6
0.02591187363	0.8860911382	Q9H8H2	DDX31
-0.02152817225	0.924702859	P43351	RAD52
-0.05386555049	0.8162621458	Q96B77	TMEM186
-0.2703786675	0.1192613909	Q5TB80	CEP162
-0.1311422127	0.42038336	Q9H7B4	SMYD3
-0.1829301399	0.3679318898	Q8NDW4	ZNF248
-0.1835930906	0.6877214502	Q15058	KIF14
0.3641938439	0.03918257116	Q8ND30	PPFIBP2
-0.05772562048	0.7957596825	O00400	SLC33A1
0.06308237478	0.7441845345	Q8IVC4	ZNF584
-0.0229214587	0.9122650969	Q6AZZ1	TRIM68
0.07637256825	0.6299355269	Q9H974	QTRT2
-0.01355505903	0.9382382914	Q14442	PIGH
0.1048336746	0.6432902145	P32019	INPP5B
-0.1175498576	0.4409481638	Q9BYZ6	RHOBTB2
-0.05073611698	0.7015790549	Q13023	AKAP6
0.02966691024	0.9040307011	Q09FC8	ZNF415
-0.1251805046	0.4331695449	Q9UC07	ZNF69
-0.06671639819	0.7231467921	Q16656	NRF1
-0.00534232243	0.9872382614	P51814	ZNF41
-0.04536611135	0.8233622492	Q9BQ31	KCNS3
0.008771333791	0.9726105116	Q8TD31	CCHCR1
-0.09005755292	0.7004301206	Q8N3Z3	GTPBP8
0.07102137467	0.6619847744	Q8IU85	CAMK1D
-0.09718248401	0.3718753605	O75648	TRMU
0.2377617578	0.5216693851	Q9Y3B6	EMC9
0.3458276448	0.1819061251	Q9NQT4	EXOSC5
0.3116772128	0.2562880205	Q9P2W1	PSMC3IP
-0.09183674444	0.663881753	Q969P6	TOP1MT
0.05050905537	0.8381909843	Q12887	COX10
0.06127756943	0.8483901372	O95258	SLC25A14
-0.1532310049	0.3822499207	Q96G75	RMND5B
-0.05753370287	0.7106904631	Q96G01	BICD1
0.2258885729	0.2869420138	Q9Y663	HS3ST3A1
-0.009427596076	0.9574946192	Q9BWV3	CDADC1
-0.08627842412	0.7327153156	Q96IW7	SEC22A
-0.1211498772	0.6982838907	P23763	VAMP1
0.1251550635	0.3662027064	Q9Y662	HS3ST3B1
-0.02992738103	0.9155124234	O14569	CYB561D2
-0.0007662582363	0.9985045106	Q8TAW3	ZNF671
-0.1363082107	0.6755277131	O95715	CXCL14
-0.05135978114	0.7404741976	Q9NVH6	TMLHE
0.2987897234	0.2373274084	Q9BUK6	MSTO1
0.09386299199	0.7229641503	Q5U5R9	HECTD2
0.08814813074	0.8303949825	Q9H7C9	AAMDC
0.09561811512	0.6769408489	Q6ZN55	ZNF574
0.0407680437	0.858286796	Q5XKK7	FAM219B
0.0413823932	0.8607914952	Q9C0B7	TANGO6
-0.06637526828	0.5861869374	P08397	HMBS
-0.1669048779	0.3738528689	Q0VD86	INCA1
0.01807450979	0.9127878854	O95461	LARGE1
-0.01924658541	0.9081873789	Q96E16	SMIM19
-0.003588252071	0.9828586044	Q7Z589	EMSY
1.625825183	0.006353616061	P20592	MX2
-0.05775648229	0.606610465	Q2YD98	UVSSA
-0.05826361092	0.6886977412	Q96N77	ZNF641
0.01616493398	0.9407611454	Q5H9R4	ARMCX4
0.02487465719	0.911737607	Q6P1L6	ZNF343
0.02303735188	0.9294274164	Q8WY98	TMEM234
-0.1369389434	0.5938074075	P49795	RGS19
0.1180808958	0.3662027064	Q9NVN3	RIC8B
-0.1174756771	0.3943322813	Q9Y697	NFS1
-0.2534803701	0.3713755677	Q6E0U4	DMKN
-0.1124155822	0.5336758117	Q86T75	NBPF11
-0.1790148621	0.3671588583	Q8NE01	CNNM3
-0.1077068858	0.5787233398	Q969R8	ITFG2
0.117189584	0.579807744	Q14146	URB2
-0.08477464571	0.6816067459	Q6ZYL4	GTF2H5
-0.1250831701	0.6204548932	Q6NUJ5	PWWP2B
-0.2797848917	0.1894871048	Q9Y5H3	PCDHGA10
-0.07346252837	0.6728546097	Q8N8Z8	ZNF441
-0.1882061859	0.4267476988	Q9P0L2	MARK1
0.09973231049	0.5925492494	Q6P3S6	FBXO42
-0.01336691411	0.9579738682	Q99571	P2RX4
-0.1120256923	0.4374285886	Q52M93	ZNF585B
-0.09734189249	0.6194875714	A8MPS7	YDJC
0.03726246839	0.9098183689	Q8N0S6	CENPL
-0.04446792166	0.8837094894	Q969Z3	MARC2
-0.06686513156	0.6427541808	Q03188	CENPC
-0.1314324615	0.4987716734	Q9H607	OCEL1
-0.09693786167	0.7261901009	Q9NZ42	PSENEN
-0.115285632	0.3998268992	Q8NHY6	ZFP28
-0.01449896156	0.9726105116	Q6UW49	SPESP1
-0.2153121736	0.2036892904	Q96G61	NUDT11
0.03770330365	0.8539433784	Q6ICL3	TANGO2
0.05010831449	0.9443153567	Q96BD8	SKA1
-0.02928808161	0.8867504439	Q9UFG5	C19orf25
-0.2714106967	0.2827287719	Q13133	NR1H3
0.001864020011	0.992857651	Q9C0D2	CEP295
-0.08122398598	0.620985378	Q92521	PIGB
0.03747985817	0.7882631963	O94892	ZNF432
-0.08252365455	0.7564274305	Q86YD5	LDLRAD3
-0.1620571497	0.3941464071	P78504	JAG1
-0.2493240926	0.1266575857	Q2T9J0	TYSND1
0.123580068	0.4021073008	Q8N8J6	ZNF615
0.1202692712	0.5831559932	Q9HAC7	SUGCT
0.03906587271	0.9222550947	Q9UQ84	EXO1
-0.006378170686	0.9879781537	Q8N8E3	CEP112
-0.003892631133	0.9879781537	Q96BR1	SGK3
0.05278604545	0.663881753	Q8NCR0	B3GALNT2
-0.01374581715	0.9748240068	Q9H816	DCLRE1B
-0.2154730862	0.1911392121	O95685	PPP1R3D
-0.2228156917	0.4213595562	Q14656	TMEM187
-0.1886336004	0.1983728257	Q9BST9	RTKN
-0.05643116409	0.8118620472	Q8WTW4	NPRL2
0.1482783809	0.6409153295	Q8N8U9	BMPER
-0.1187704612	0.5600779666	Q15697	ZNF174
-0.1012531383	0.5805421048	Q2QGD7	ZXDC
-0.1288837768	0.8006173753	Q9BSJ6	PIMREG
0.1188257377	0.5346238956	Q13795	ARFRP1
0.0738660246	0.8266662881	Q96DN2	VWCE
-0.008941274759	0.954989223	Q8NAT1	POMGNT2
-0.0378222404	0.8321341578	Q9NWU1	OXSM
-0.0080919176	0.9852703113	Q8WXF7	ATL1
-0.1088129856	0.5203727944	Q9Y5G9	PCDHGA4
-0.1192825999	0.4320604139	P59780	AP3S2
0.2305419451	0.1740130199	Q8TEK3	DOT1L
-0.0127044169	0.964821972	Q9Y6X8	ZHX2
-0.1574137959	0.3105509001	Q86V21	AACS
-0.01375618619	0.9605625297	Q96T37	RBM15
0.1295882824	0.6033121448	Q8N0Z8	PUSL1
0.01866970654	0.9305924004	Q02045	MYL5
-0.001703876654	0.9946330907	Q9Y2G7	ZFP30
-0.08520220564	0.5618074117	O43301	HSPA12A
0.04177195551	0.7957596825	Q6ZWT7	MBOAT2
0.1461621486	0.4404858033	Q53HC9	EIPR1
0.04616093384	0.8797406326	Q6PJP8	DCLRE1A
-0.2264624739	0.4060821936	P82970	HMGN5
0.008712380101	0.975760618	Q96P71	NECAB3
-0.0743471019	0.5884634969	Q9UIF8	BAZ2B
-0.08920549187	0.5997854057	Q13574	DGKZ
-0.3971683743	0.04817704683	P51690	ARSE
-0.07663437378	0.5493886874	Q86VE9	SERINC5
0.04109310303	0.8605652902	P61218	POLR2F
-0.0295268756	0.9051393496	P05166	PCCB
0.1427715894	0.3971788006	Q8N1F8	STK11IP
0.05307272337	0.7940163248	O95201	ZNF205
-0.2583538328	0.2536084088	Q5SRE7	PHYHD1
-0.03123024508	0.8586102535	Q8WVJ2	NUDCD2
-0.03451266814	0.8228155921	Q8IXS8	FAM126B
-0.01005963533	0.9549713939	Q9BSU1	C16orf70
0.04633325475	0.7471981943	Q9ULR0	ISY1
0.1493630096	0.6148182786	Q8NFV4	ABHD11
-0.1082668841	0.3286474514	O95427	PIGN
0.1551376106	0.4086446104	Q6ZV73	FGD6
-0.246665794	0.1895151178	P12107	COL11A1
-0.00629620012	0.984474055	Q8WXE0	CASKIN2
0.2191627576	0.3574331889	O60906	SMPD2
-0.1060205538	0.4101110372	Q9HCM3	KIAA1549
0.05279369323	0.7177073144	Q9H3R0	KDM4C
-0.01341105933	0.9303539285	Q8IUH3	RBM45
-0.2010372734	0.2182800885	Q6ZRR5	TMEM136
-0.2099378807	0.145617963	Q06455	RUNX1T1
0.008959063767	0.9726105116	Q15147	PLCB4
-0.1181166358	0.4513743452	Q9HAS0	C17orf75
0.2599073093	0.4418756404	Q5U4P2	ASPHD1
0.0781674979	0.6390106235	A0A087WUL8	NBPF19
-0.035543195	0.8837907438	Q8IUH4	ZDHHC13
-0.07397646611	0.6248902823	Q5VT97	SYDE2
0.5419336046	0.05882420768	P41279	MAP3K8
-0.3271202565	0.04467594845	Q99527	GPER1
-0.0902275075	0.6602713776	Q9UNY4	TTF2
0.00987980249	0.9550315964	Q7Z6B7	SRGAP1
-0.2090582292	0.296599946	Q99835	SMO
0.004328418578	0.9870406171	Q9H9P5	UNKL
-0.06646690697	0.7296513575	O95931	CBX7
-0.241268058	0.194146339	Q9P109	GCNT4
-0.1127831933	0.6946961197	Q6ZW61	BBS12
-0.05795470736	0.7114551513	Q6J4K2	SLC8B1
-0.1294775341	0.3242491863	Q92889	ERCC4
-0.2837761618	0.1946978695	Q9P232	CNTN3
0.245060954	0.2031459315	Q9UK53	ING1
-0.09476222241	0.6506281695	Q9UBY9	HSPB7
0.1754222863	0.3921398379	Q9NRR6	INPP5E
-0.03898907831	0.9135620021	O95757	HSPA4L
0.2282455613	0.4487890575	Q6TDP4	KLHL17
0.1414212833	0.4468947827	Q9H6P5	TASP1
0.04841414736	0.8044004494	Q9Y3D5	MRPS18C
-0.1293947199	0.3817524335	O75564	JRK
0.1470940653	0.4320259791	Q8TCB7	METTL6
-0.1338930073	0.5997854057	Q9NX01	TXNL4B
-0.07875500996	0.7606031494	O60239	SH3BP5
0.05083068773	0.7818996802	Q9H0I2	ENKD1
0.0117541553	0.963876079	P98169	ZXDB
0.4378992585	0.08023088387	Q9H211	CDT1
-0.04110411724	0.8480700176	Q96NG5	ZNF558
0.08740785669	0.8443337712	P49788	RARRES1
-0.1147955889	0.737234255	Q5T9S5	CCDC18
0.579046463	0.002175461632	Q01484	ANK2
0.0263628603	0.8581259138	Q9BRN9	TM2D3
0.2704418781	0.4527994985	Q96RK1	CITED4
0.07247191734	0.7783346535	Q96LR9	APOLD1
-0.1392979873	0.6594579167	O95704	APBB3
0.07580769357	0.6657603233	P41227	NAA10
0.119143171	0.646538895	P28340	POLD1
-0.06689171811	0.7882631963	Q5SQI0	ATAT1
-0.5702836586	0.01155263613	Q8TD20	SLC2A12
-0.08103042423	0.5879823956	Q9UH36	SRRD
0.005262116872	0.992857651	Q9BQ69	MACROD1
0.02092056038	0.9133460174	Q9Y5B8	NME7
0.06337353894	0.8285421644	Q8NE79	BVES
0.1885819345	0.1128083916	O76054	SEC14L2
3.178477943e-05	0.9999247552	Q9NXN4	GDAP2
0.2127159273	0.3412035591	Q96CG3	TIFA
0.007742572952	0.9706532439	Q8N8R3	SLC25A29
0.2054411532	0.5306794513	Q9H840	GEMIN7
0.325276949	0.2589547273	Q13261	IL15RA
0.02344262096	0.8756300541	Q9H9J4	USP42
-0.1235156476	0.4830594457	O75298	RTN2
0.1262114894	0.6957407344	Q9UL19	RARRES3
-0.2265492977	0.4413667857	P10075	GLI4
0.08184383431	0.5519324824	Q8N8Q8	COX18
0.2483207822	0.06587502784	Q8N1W1	ARHGEF28
0.08151108662	0.6234900435	Q9P1W9	PIM2
0.03082287484	0.9039026937	Q9UPQ3	AGAP1
-0.104946235	0.7427498405	P28161	GSTM2
0.09679192442	0.7848169145	Q96AP0	ACD
-0.3782319957	0.121505165	P31512	FMO4
-0.01651774486	0.948303468	A0PK00	TMEM120B
-0.05807736376	0.6394405366	Q8NEL9	DDHD1
-0.2517010993	0.1922265545	Q6PI77	BHLHB9
-0.05545651332	0.7970002587	Q70CQ3	USP30
0.2556210359	0.2094964002	Q9UMS6	SYNPO2
0.05714745108	0.7378886236	Q96IV0	NGLY1
0.003580230675	0.9871602612	O75912	DGKI
-0.08639205624	0.5556124532	Q76I76	SSH2
0.0278087275	0.8943829873	O43309	ZSCAN12
0.02727182119	0.8939430515	Q8IZ73	RPUSD2
0.06351942993	0.7233360596	Q9Y473	ZNF175
0.04083145195	0.9189639125	Q9BR77	CCDC77
-0.03379307957	0.9039026937	Q9Y664	KPTN
-0.2108817164	0.300643209	O75290	ZNF780A
0.04279695417	0.8321341578	Q8WW01	TSEN15
0.0001021671673	0.9999247552	O00287	RFXAP
-0.01826428294	0.9324194938	Q68CZ6	HAUS3
0.1733598362	0.5684209503	Q8WUB2	FAM216A
-0.077252737	0.7548882883	Q9UHN1	POLG2
0.07273910063	0.6025390683	Q86YB8	ERO1B
-0.09210161665	0.6624262765	Q9Y5P6	GMPPB
-0.0644164946	0.7806611859	Q9UBI1	COMMD3
-0.004356526745	0.9819907013	Q6NX49	ZNF544
0.08812774114	0.6715131852	Q03936	ZNF92
0.3519074382	0.2100055802	Q96RR1	TWNK
-0.0819657933	0.6472849444	Q9UQF2	MAPK8IP1
0.3017335342	0.2053654696	Q6BDS2	UHRF1BP1
0.1652878071	0.3675134298	Q7L0R7	RNF44
0.127544686	0.5976579749	Q6P1K2	PMF1
-0.4196013624	0.08145389712	O95502	NPTXR
-0.269252416	0.2497792216	Q8TER0	SNED1
-0.1439173924	0.3568901371	Q9NPI8	FANCF
-0.05150716889	0.7439300104	Q9BT04	FUZ
0.2311874723	0.4988307774	Q96FK6	WDR89
-0.1453338608	0.5951970645	Q9NS87	KIF15
0.02913902725	0.9189639125	Q6P2H3	CEP85
0.1148955567	0.5637825297	Q9UJT0	TUBE1
-0.05447829213	0.8234951332	Q8N7B6	PACRGL
-0.1214279822	0.3190706145	Q92796	DLG3
0.02419103871	0.8727134136	O14512	SOCS7
-0.04818847552	0.825968245	Q96LT9	RNPC3
0.04412586861	0.8138372461	Q96EN8	MOCOS
0.0008781931742	0.9968897747	Q8WUQ7	CACTIN
-0.2977984192	0.05104452415	Q9NVF9	ETNK2
0.1333166485	0.4580829095	Q96E11	MRRF
-0.09066667405	0.7047508825	Q9BRY0	SLC39A3
-0.2183039588	0.2760278731	P08887	IL6R
-0.0117335928	0.9445681905	Q9NW75	GPATCH2
-0.1623785069	0.6409153295	Q96HJ3	CCDC34
0.03441833407	0.8195102618	Q9UM82	SPATA2
0.1104903259	0.4137437699	Q9UK39	NOCT
0.01594002283	0.9204555565	Q9NVD3	SETD4
0.008417429805	0.9673813963	Q7Z6L1	TECPR1
0.0950565003	0.5553983869	Q66K89	E4F1
1.252798576e-05	0.9999247552	A6NJ78	METTL15
-0.02960587318	0.9392968775	Q9BU20	CPLANE2
-0.03592184788	0.8797406326	Q6PDB4	ZNF880
-0.1749383622	0.5179829982	Q5XKR9	FAM104B
0.001738388943	0.993143361	Q8NHM5	KDM2B
-0.07097072472	0.6714127142	P51826	AFF3
0.397079389	0.01677159608	Q53S33	BOLA3
-0.05798261498	0.6776226934	O96013	PAK4
0.1049420565	0.7122689093	Q8WUY1	THEM6
0.08909353784	0.8275173035	O95568	METTL18
0.6510006688	0.4395407709	P20809	IL11
0.05102369474	0.8229470066	O95754	SEMA4F
-0.1233139752	0.6789052373	Q9H082	RAB33B
-0.1497092345	0.4998991835	P78382	SLC35A1
-0.07042533558	0.5969050873	Q86WZ6	ZNF227
-0.05370454382	0.7378886236	O43529	CHST10
-0.09646822496	0.7277081429	Q9BU64	CENPO
-0.1478897798	0.3236263766	Q9BVG3	TRIM62
-0.1707528079	0.3738528689	Q6ZWL3	CYP4V2
-0.1588912143	0.3675439207	Q96ER9	CCDC51
0.1037232424	0.6058366597	Q9NWW5	CLN6
0.1386019537	0.3935732233	Q16584	MAP3K11
0.0880879471	0.562182777	Q5JSJ4	INTS6L
0.02598181649	0.8994683178	P59190	RAB15
-0.2780041591	0.1946978695	Q9BQF6	SENP7
0.09218790361	0.5787233398	P49842	STK19
0.02055258869	0.963876079	Q14249	ENDOG
0.01223229194	0.968980131	Q6GMV3	PTRHD1
-0.3440196323	0.2226485319	Q9BU40	CHRDL1
-0.158576446	0.171369249	O94876	TMCC1
-0.1851802672	0.2528938418	O75570	MTRF1
-0.09287607449	0.5583282472	Q969H0	FBXW7
-0.03520612726	0.8275173035	Q9BT92	TCHP
-0.1046914462	0.5984414767	Q969J2	ZKSCAN4
-0.298946747	0.3105509001	Q9UNA0	ADAMTS5
0.1938704961	0.08955124943	Q969M7	UBE2F
0.09083076798	0.3685869838	Q7Z4G4	TRMT11
-0.03790273778	0.8120650495	Q9H4Z2	ZNF335
0.01783554977	0.9091816849	Q6NXT6	TAPT1
0.02257938992	0.8837907438	P25325	MPST
-0.007930201229	0.968980131	Q8WVE7	TMEM170A
-0.3653624218	0.1045178056	Q9BXI9	C1QTNF6
0.09681433771	0.5884634969	P62312	LSM6
-0.05040139939	0.8118620472	Q9HCK1	ZDBF2
0.2747325269	0.243998063	P00491	PNP
0.08888467129	0.5624399312	Q9H3P2	NELFA
0.1691915843	0.1902182899	Q9HC36	MRM3
0.06412301313	0.7882631963	P28289	TMOD1
0.02137227394	0.9237531978	Q99728	BARD1
-0.05580504807	0.7833742595	Q9HCK0	ZBTB26
-0.05809575137	0.7939525786	P51817	PRKX
-0.1686833904	0.1268584875	P11182	DBT
0.1660945334	0.3902591589	Q5T5M9	CCNJ
0.03567928772	0.8054503715	Q96FG2	ELMOD3
-0.04149347683	0.8737966658	Q9NPJ1	MKKS
-0.01873311931	0.9229101068	Q14153	FAM53B
0.02281835373	0.946152605	P20783	NTF3
0.02994730178	0.9086495739	Q96P11	NSUN5
-0.1518653184	0.6713287503	Q56A73	SPIN4
-0.1713653566	0.3110186353	Q7Z7C8	TAF8
1.900481299	0.01791753383	Q53G44	IFI44L
0.06243229362	0.6469857045	Q6RI45	BRWD3
0.3336278473	0.02788867091	Q05195	MXD1
-0.0347013693	0.9169970614	P00813	ADA
2.471985646	0.0002946337073	P50221	MEOX1
-0.4063831642	0.3110186353	Q9H2S1	KCNN2
0.05327866757	0.8229838161	O43159	RRP8
-0.08877877762	0.6133466774	Q96QZ7	MAGI1
0.2334925754	0.1778627189	Q2TAM9	TUSC1
-0.07491057227	0.5632776164	P59923	ZNF445
0.255532485	0.4106624039	Q9BWT1	CDCA7
0.111407516	0.8352974908	Q5VUM1	SDHAF4
-0.04654374168	0.6956733799	Q9Y6R6	ZNF780B
-0.02804805873	0.9149006434	Q96EE4	CCDC126
-0.2117372589	0.2075850065	O15198	SMAD9
0.1779329756	0.09867824831	Q9H6L2	TMEM231
0.04572245272	0.7945356581	A6NIN4	RNF227
-0.115282721	0.5192771972	Q53SF7	COBLL1
0.1413370059	0.3738528689	P17035	ZNF28
0.1067148117	0.4247173021	Q9NUQ9	FAM49B
0.175142782	0.4028852056	Q99743	NPAS2
0.1818465495	0.3622271209	Q96FT9	IFT43
-0.2649667634	0.3357896918	A8K0Z3	WASHC1
0.02050915716	0.9334729082	Q96F07	CYFIP2
-0.000716940743	0.9975899627	Q6IE81	JADE1
-0.1386721868	0.6969538335	Q6SA08	TSSK4
0.232756555	0.1666099185	Q96KS9	FAM167A
0.04619679756	0.7342663041	Q96PU5	NEDD4L
0.3272118623	0.009418730122	Q8N531	FBXL6
0.1054277906	0.514142618	O75530	EED
-0.05452972033	0.6230160752	A2VDJ0	TMEM131L
-0.3135624057	0.06567403663	Q9BX82	ZNF471
0.1616412638	0.1617054107	Q5T9A4	ATAD3B
-0.0861317551	0.5835032922	O95881	TXNDC12
-0.2252543898	0.1977255683	Q9UI36	DACH1
-0.0440060101	0.9250019258	A0A2R8Y4L2	HNRNPA1P48
0.10565837	0.5595691972	Q9NV88	INTS9
-0.01774241981	0.9174242692	Q96IG2	FBXL20
0.05742524518	0.7335956262	P49763	PGF
0.01760795974	0.9414236874	O95396	MOCS3
-0.1540387974	0.4940874744	Q15468	STIL
-0.06133898151	0.6059593492	P53609	PGGT1B
-0.001955190098	0.9952467338	Q9NVS9	PNPO
-0.06918558997	0.7882631963	Q9UPN4	CEP131
-0.1145671241	0.4884726564	P16219	ACADS
0.06913225216	0.5219163093	Q9H8W3	FAM204A
-0.02041133975	0.8856089569	Q6EMB2	TTLL5
0.1384750411	0.414364926	Q8N961	ABTB2
0.2446193728	0.1033376166	Q00796	SORD
-0.1754065473	0.5839632903	Q8WWV3	RTN4IP1
0.1077401011	0.6475164362	Q02779	MAP3K10
-0.01218385841	0.9646524357	Q96BW5	PTER
-0.2600854355	0.03736012353	O14775	GNB5
-0.1070353687	0.4580829095	O94953	KDM4B
-0.09353068609	0.495367539	Q96SK3	ZNF607
-0.02467361769	0.8852564435	Q13352	ITGB3BP
-0.03502686364	0.9031306869	A4D1P6	WDR91
0.08342511691	0.6500734287	Q07864	POLE
0.150920488	0.5164494219	Q9NXW9	ALKBH4
-0.1145885268	0.7339606249	P22466	GAL
0.02586030219	0.8886068121	Q969Q5	RAB24
-0.01245712529	0.9602040081	P30039	PBLD
0.1065232331	0.6032875652	Q5T1C6	THEM4
1.106457295	0.01015137587	P19971	TYMP
-0.1602553663	0.3493777076	Q8TCA0	LRRC20
0.1787196644	0.231993652	Q99767	APBA2
-0.1862084791	0.3142774211	Q96C03	MIEF2
0.07523248695	0.7958775043	Q9NRZ9	HELLS
-0.0327587624	0.8993165897	P48067	SLC6A9
-0.02981415179	0.8771303032	P38935	IGHMBP2
1.559568999	0.0179025749	Q96J88	EPSTI1
-0.1713392911	0.3624228759	Q9GZT4	SRR
-0.09542452349	0.5362729108	O60721	SLC24A1
-0.05743933271	0.797556579	A0AUZ9	KANSL1L
-0.2591271448	0.412128561	Q8IYD9	C18orf54
-0.3611697478	0.294600772	Q99618	CDCA3
-0.1925620233	0.3211576365	O75146	HIP1R
-0.08286564353	0.8074854684	Q96BI1	SLC22A18
-0.04783931963	0.797556579	P17025	ZNF182
-0.02850771105	0.8498899951	Q8IY22	CMIP
0.05551305219	0.7495256554	Q9NZL3	ZNF224
2.311833199	0.0001047808398	P09919	CSF3
-0.10671168	0.3952474936	Q9NUS5	AP5S1
-0.00998962717	0.9624701442	O43296	ZNF264
0.02553032634	0.9189639125	A0AVF1	TTC26
-0.05786994248	0.7001835192	Q6JQN1	ACAD10
0.05227942125	0.7874320257	Q14147	DHX34
0.06374464532	0.6388207696	Q86TP1	PRUNE1
-0.04819238277	0.8457680322	O15535	ZSCAN9
-0.04167083281	0.7337714742	Q96MT8	CEP63
0.1429028994	0.5284820161	Q7Z398	ZNF550
-0.1325936467	0.5837496367	Q7L8A9	VASH1
-0.08959069605	0.8082814898	P49747	COMP
-0.02999467813	0.9357057033	Q96CN5	LRRC45
0.1380895257	0.3162905504	Q659C4	LARP1B
-0.05314754689	0.827571378	Q8IV50	LYSMD2
-0.1970879537	0.2046753296	Q9Y2W7	KCNIP3
0.07488413004	0.7430397427	Q9UJU3	ZNF112
0.03113342458	0.8860911382	Q99417	MYCBP
-0.08858280353	0.7846942131	Q9BQD7	FAM173A
0.04400193017	0.7901305356	Q6NZY4	ZCCHC8
-0.1233730065	0.4751665835	Q9UGQ2	CACFD1
0.05313438922	0.8411919122	O95125	ZNF202
-0.07304896762	0.6460471704	Q96QD5	DEPDC7
-0.1095610555	0.3303401756	Q9HBG6	IFT122
-0.0456668809	0.7813210992	Q6GYQ0	RALGAPA1
0.1294106293	0.4890552634	Q9NVV4	MTPAP
-0.07794605841	0.5925492494	Q6AHZ1	ZNF518A
0.1297135242	0.4525953943	Q70EL1	USP54
-0.02720614209	0.905888918	Q9HBT7	ZNF287
0.01840279088	0.9135620021	Q5EBL4	RILPL1
0.06657361455	0.8947158781	Q9NSP4	CENPM
0.05465447759	0.7187053775	Q9BRR8	GPATCH1
-0.09764180069	0.4580829095	Q5H9F3	BCORL1
-0.003621979999	0.9878627621	O00189	AP4M1
0.12457962	0.2754608542	Q6NSZ9	ZSCAN25
0.1681791415	0.5752771291	Q5TI25	NBPF14
0.06120834131	0.6876224843	Q53TQ3	INO80D
-0.03288551296	0.9060804318	Q9UPM9	B9D1
-0.02919360513	0.9135620021	Q5I0X7	TTC32
0.02239348347	0.8878630614	Q8TBB0	THAP6
-0.05039650164	0.8120834355	Q96K58	ZNF668
-0.05216437052	0.8576822089	A6NNY8	USP27X
-0.01929372651	0.919692097	Q5T124	UBXN11
-0.2620135381	0.6064486408	Q96EK9	KTI12
-0.4881827226	0.2438640611	Q8NBT2	SPC24
0.03380712048	0.7914159668	Q9P2G9	KLHL8
0.08627088855	0.6348673436	Q53HV7	SMUG1
-0.0375870352	0.7875587576	Q9HCJ3	RAVER2
-0.344126004	0.01484671333	Q6N022	TENM4
0.04280857013	0.8306188213	Q92956	TNFRSF14
-0.03892905337	0.8059430169	P38570	ITGAE
0.0329017001	0.7824841449	Q9BRB3	PIGQ
0.002370965657	0.992857651	Q9H3H1	TRIT1
0.0280786509	0.8978194445	Q9H237	PORCN
-0.1578282428	0.656577075	Q9H0B8	CRISPLD2
-0.04578681909	0.738373648	Q96L92	SNX27
0.4675086837	0.0564106092	Q14586	ZNF267
-0.1365039529	0.436735712	Q96KR4	LMLN
-0.1931923107	0.2226485319	Q9NUK0	MBNL3
0.05671393854	0.7470760406	O94880	PHF14
0.09735072875	0.7011795838	Q9BVW5	TIPIN
-0.01394767935	0.9489119614	Q9H6D7	HAUS4
-0.0731460209	0.6967314248	Q9NR21	PARP11
0.0433526779	0.8441130764	Q8N883	ZNF614
-0.01557383112	0.9062280924	Q8NHS3	MFSD8
0.1700971824	0.8097469558	Q5JR98	TCTEX1D4
0.09971688156	0.7901305356	Q13418	ILK
0.1602132147	0.2226485319	Q8TET4	GANC
-0.05083962277	0.8036844522	Q96MH7	C5orf34
0.09905992431	0.592574659	Q9Y487	ATP6V0A2
-0.1826319358	0.1922265545	Q96Q05	TRAPPC9
0.05688887041	0.8497746696	Q9H0F7	ARL6
-0.0463977478	0.6958333032	Q92766	RREB1
-0.05290535403	0.6404384685	Q6NT76	HMBOX1
0.07999206522	0.6394405366	Q8WU58	FAM222B
-0.1088911407	0.5583282472	Q9H4B0	OSGEPL1
-0.0660703626	0.7807158697	Q96H40	ZNF486
0.04759242749	0.869754882	Q70HW3	SLC25A26
0.3524572012	0.2653768528	Q86WQ0	NR2C2AP
-0.1351486266	0.3260804421	Q7Z6M4	MTERF4
1.201156678	0.09296562157	Q9UII4	HERC5
0.1356282209	0.7214917249	O15160	POLR1C
0.06213908983	0.650821551	Q96FA3	PELI1
-0.1152461496	0.6276719491	Q96QE4	LRRC37B
0.1860468333	0.3169011353	O94761	RECQL4
-0.1814974474	0.3374912493	Q9NRU3	CNNM1
-0.085333778	0.6903660883	Q6P280	ZNF529
-0.1727723979	0.3958506663	P46091	GPR1
-0.06400773843	0.6604285024	Q5ST30	VARS2
-0.1003974174	0.7011795838	P30542	ADORA1
1.053809124	0.001532525152	Q99801	NKX3-1
-0.1758254257	0.1955831446	Q9UGP5	POLL
0.004494623385	0.9887958825	Q9BRT9	GINS4
0.08445786918	0.4747327753	Q96HP0	DOCK6
0.07247232566	0.7958831068	Q02742	GCNT1
0.05468673964	0.7954391144	Q9NNW7	TXNRD2
-0.2054385399	0.5346238956	Q9BYD9	ACTRT3
-0.006901342267	0.9803900912	Q5S007	LRRK2
0.07466461724	0.5593035592	Q96RY5	CRAMP1
-0.01875966283	0.9143104375	P51508	ZNF81
-0.1835171947	0.3817524335	Q96LR2	LURAP1
-0.1222023855	0.6108015747	Q96QE2	SLC2A13
-0.212838324	0.3216428226	Q8N335	GPD1L
0.002412869922	0.992857651	Q06418	TYRO3
-0.06894133754	0.6379337045	Q5T011	SZT2
0.01079174735	0.9640839921	Q9UHC1	MLH3
-0.2240766191	0.0601475816	P29400	COL4A5
0.0463070741	0.7060994712	Q14746	COG2
-0.1046064691	0.464812721	Q2M3W8	ZNF181
-0.08044928824	0.6531483042	Q969J3	BORCS5
0.008693801604	0.9809260446	Q17RY6	LY6K
-0.1339127443	0.404748907	Q9ULS6	KCNS2
-0.0899216772	0.6969500746	Q9NZR1	TMOD2
-0.03964590568	0.8616797767	P55039	DRG2
-0.3109564288	0.1267100037	Q99576	TSC22D3
-0.08283872812	0.6432902145	Q99550	MPHOSPH9
0.104513148	0.6640409107	Q9NVQ4	FAIM
-0.1150269459	0.584501253	Q96A25	TMEM106A
-0.1086530183	0.6162240354	P05787	KRT8
-0.04731196989	0.7240857238	P63096	GNAI1
-0.08128900292	0.8090472369	Q9Y2Q9	MRPS28
-0.01342236849	0.9648482661	Q9Y248	GINS2
0.02824753097	0.8822644677	Q9NQ11	ATP13A2
-0.09320829445	0.6416327221	Q7Z3B1	NEGR1
-0.07112502657	0.6553264401	Q76N32	CEP68
0.3756924856	0.07262522018	Q8IY33	MICALL2
-0.01262232699	0.9635340198	P35244	RPA3
-0.02795634793	0.920375456	Q96QU6	ACCS
-0.1459564983	0.649800086	Q63HM9	PLCXD3
0.05672418301	0.6889612364	Q15797	SMAD1
0.1461191286	0.517143082	Q8WZ19	KCTD13
0.1026169479	0.5823233199	Q14679	TTLL4
-0.03310331223	0.8411602711	Q05481	ZNF91
0.5837392815	0.06400529553	Q96DX8	RTP4
0.009226295104	0.9828442393	A9UHW6	MIF4GD
0.03614980256	0.8986534894	P78549	NTHL1
0.09698059015	0.7369405462	Q9NVR0	KLHL11
-0.05213411827	0.8616581307	Q9Y5L2	HILPDA
0.2306438283	0.1498107579	Q9C099	LRRCC1
-0.1473559541	0.6320356118	P78334	GABRE
-0.06463265701	0.5436865354	Q8IXW5	RPAP2
-0.272062789	0.433776983	Q9BR10	SPATA25
-0.03580254734	0.8228995794	Q4G0X4	KCTD21
-0.05356729448	0.7103482803	Q8TCJ0	FBXO25
0.09970505427	0.5306794513	Q4LDG9	DNAL1
-0.04258612713	0.9155124234	Q8N4Z0	RAB42
0.09340917103	0.6994242854	O14732	IMPA2
-0.4215498297	0.08100889268	P52895	AKR1C2
0.3782049373	0.2536084088	Q8WVE6	TMEM171
0.01360091068	0.9624701442	O43900	PRICKLE3
-0.1412103325	0.3053856517	A6NHX0	CASTOR2
0.09829373716	0.5984414767	Q9Y2X8	UBE2D4
-0.1013269269	0.5267418728	Q6IQ55	TTBK2
-0.01447235196	0.954989223	Q9BQW3	EBF4
0.1785723604	0.3984370691	Q9BU70	TRMO
0.1149042521	0.2536084088	Q96PM5	RCHY1
-0.05463216191	0.7433213679	Q9Y530	OARD1
-0.2354031271	0.4374728893	Q9H8J5	MANSC1
-0.2598357971	0.2051841018	Q8IWR1	TRIM59
0.106031015	0.4318558071	P23368	ME2
-0.0868915775	0.6818972576	Q5JTW2	CEP78
-0.05804378236	0.7101131781	Q9BWT3	PAPOLG
-0.02721537362	0.910421737	P51795	CLCN5
0.1240787117	0.2902945762	Q96CB9	NSUN4
-0.02788156168	0.8848455096	Q8IYR2	SMYD4
0.08655948065	0.640083361	Q9H2F5	EPC1
-0.06339565399	0.7051233733	P16083	NQO2
0.1377889215	0.4504637208	Q9NUL7	DDX28
-0.1094816669	0.6122020061	Q9BYG4	PARD6G
0.05926399644	0.8020751315	Q9HBI5	C3orf14
-0.1178582417	0.3236263766	O94898	LRIG2
-0.2964470112	0.1835036418	Q96B33	CLDN23
-0.1572214192	0.4895487437	Q58DX5	NAALADL2
-0.1233469095	0.6763067155	Q96S79	RASL10B
0.01002763102	0.9866659346	Q86TL0	ATG4D
-0.02387286707	0.9318196838	A2RU14	TMEM218
0.1941648489	0.2991641954	Q495B1	ANKDD1A
-0.1820193617	0.4405276541	Q9H6L4	ARMC7
-0.1298896073	0.371584381	Q9NXG0	CNTLN
0.009398606437	0.9742179617	Q16560	SNRNP35
-0.06018938722	0.8101801306	O60279	SUSD5
-0.0008791072671	0.9975899627	Q9ULV1	FZD4
-0.1294767482	0.3685869838	Q9Y5H2	PCDHGA11
0.01454995173	0.9425380013	P0C7X2	ZNF688
-0.149993213	0.551119522	Q96Q40	CDK15
0.03977547138	0.8986534894	Q9BU02	THTPA
-0.06669225888	0.6843289814	O60290	ZNF862
0.159547012	0.2562880205	Q8NDZ6	TMEM161B
0.04115929839	0.8262938802	Q9NX18	SDHAF2
0.3291075716	0.08737061416	P30511	HLA-F
0.1934900138	0.3260855329	O60299	LZTS3
0.06647468293	0.8090796999	Q96C86	DCPS
0.05464990895	0.8097469558	Q9UHF1	EGFL7
-0.1082607935	0.3271509141	Q96MW5	COG8
-0.02202433904	0.905888918	A4D1E9	GTPBP10
-0.05951851197	0.8046504958	Q5TZA2	CROCC
0.09555115952	0.4564580294	Q53H12	AGK
0.1163933916	0.2309963296	Q8TCU4	ALMS1
-0.04191324151	0.8350075016	Q6UWU2	GLB1L
0.01100811253	0.968980131	Q9UPR0	PLCL2
-0.07949885745	0.6385177399	Q99675	CGRRF1
0.1529963532	0.4999149251	P58317	ZNF121
0.03570388352	0.8154187056	O15305	PMM2
0.03569673649	0.8181492389	O60220	TIMM8A
0.02683593707	0.9039026937	Q03924	ZNF117
0.07361039343	0.6824981835	Q3MIX3	ADCK5
-0.1383031938	0.4395407709	Q13426	XRCC4
-0.05353949614	0.8778830323	Q9HAW0	BRF2
0.04757211384	0.8244625272	P50453	SERPINB9
-0.2193051415	0.2592219468	Q8NAV2	C8orf58
-0.2035890116	0.1796495864	Q07699	SCN1B
0.1565123	0.5930146597	Q96MX3	ZNF48
-0.4345594952	0.1132584983	F2Z333	FNDC10
-0.0150607895	0.9597488548	Q8TC05	MDM1
-0.03414728854	0.8329855353	Q8IZL9	CDK20
-0.2511070153	0.1407640532	A0MZ66	SHTN1
-0.1303344182	0.3500650626	Q9C0F1	CEP44
-0.14597054	0.3803661829	Q9NTW7	ZFP64
0.1464837866	0.5726470545	Q13112	CHAF1B
0.5830236933	0.007757925744	Q5FYB1	ARSI
0.1050442488	0.6463945214	Q9NRC8	SIRT7
-0.07558556466	0.7481759044	A5PL33	KRBA1
-0.1176701539	0.6066201908	Q08AG5	ZNF844
-0.03520630535	0.7947752815	Q9H095	IQCG
-0.01760818748	0.9328773718	Q96GI7	FAM89A
-0.1077291637	0.7237507645	Q8NI77	KIF18A
0.02052834956	0.9250019258	Q2NL68	PROSER3
-0.3814136873	0.455330332	Q92765	FRZB
0.07595550502	0.527945266	Q9HD40	SEPSECS
-0.08574722801	0.5839759471	Q93015	NAA80
-0.295658548	0.5595691972	Q8N6K0	TEX29
0.9708446099	0.08612555484	Q8N1L9	BATF2
-0.08248170858	0.7095925607	Q14940	SLC9A5
-0.1239182284	0.4461276765	Q6T4R5	NHS
-0.05122673934	0.8752415171	Q9Y247	FAM50B
-0.2599280759	0.1561232074	Q9Y6I8	PXMP4
-8.089402522e-05	0.9999247552	Q5T2S8	ARMC4
0.01402367351	0.9315662051	Q68DE3	USF3
-0.189575879	0.355389699	Q8N448	LNX2
0.1089442281	0.3633970345	Q96EP1	CHFR
-0.008883553661	0.9574946192	O75928	PIAS2
-0.02374640313	0.8958738251	Q6ZS86	GK5
-0.1121667342	0.6054760103	Q86SQ4	ADGRG6
-0.001098406473	0.9953540032	Q9C0G0	ZNF407
0.1556111297	0.6552326662	O95159	ZFPL1
-0.2500213036	0.2865871698	Q9Y467	SALL2
0.02479581469	0.9050661378	Q9Y592	CEP83
-0.1069305082	0.8378945641	Q86Y91	KIF18B
0.002730224701	0.9903444068	Q9H9G7	AGO3
-0.07488942318	0.5891044457	Q9Y4E6	WDR7
0.2831914126	0.1582493842	Q9C0B9	ZCCHC2
-0.2251573177	0.2562880205	Q92613	JADE3
0.04503498514	0.8445588567	Q6P3W2	DNAJC24
0.3598080584	0.1729308006	Q6ZMJ4	IL34
0.2912442444	0.1866249515	Q9BSK2	SLC25A33
0.1988632644	0.2813796297	Q9Y606	PUS1
-0.04208069539	0.7933308376	Q12851	MAP4K2
-0.1742299635	0.1206849255	Q8WYB5	KAT6B
-0.002795208288	0.9961654305	O43820	HYAL3
-0.1538683455	0.6001018673	Q9BWM5	ZNF416
-0.09744882066	0.6356226162	Q68EN5	KIAA0895L
0.06189371659	0.6409153295	Q9NVM4	PRMT7
-0.08125693461	0.459479118	Q6NZ36	FAAP20
0.04972320954	0.8234951332	Q8NC69	KCTD6
-0.2683076652	0.2673230955	O60547	GMDS
-0.07750237675	0.7988787723	Q9BV23	ABHD6
-0.119437995	0.5692422873	P07902	GALT
-0.04160147996	0.848782523	Q8IUW3	SPATA2L
0.192183133	0.3645618097	Q9BYV6	TRIM55
0.2121320765	0.2535151486	Q96H55	MYO19
0.07854571848	0.7245817665	O75674	TOM1L1
-0.1272663609	0.5990488187	Q96P64	AGAP4
0.0546886284	0.7807158697	P53816	PLA2G16
-0.02597268909	0.9342837509	Q8N365	CIART
-0.07984967636	0.6432902145	Q4W4Y0	C14orf28
-0.2346170008	0.1132159714	Q96A61	TRIM52
-0.1542914797	0.4060821936	Q8N6T0	C11orf80
0.05967683966	0.825012124	Q12934	BFSP1
-0.1063292135	0.7165508222	P52740	ZNF132
0.002851297619	0.9941471715	Q6QAJ8	TMEM220
0.006316846481	0.9782247978	Q96C57	C12orf43
-0.3220282619	0.05104452415	Q9UJX0	OSGIN1
0.4857448648	0.007019003857	Q9UKP5	ADAMTS6
0.07419516187	0.7919622861	P05230	FGF1
0.1241474004	0.4221324552	Q9HD34	LYRM4
-0.07763274353	0.8091986266	Q9P2Z0	THAP10
0.4619501021	0.03554915596	Q53GL7	PARP10
0.05646336139	0.7729590327	P17022	ZNF18
-0.01508676771	0.9601794684	Q9H609	ZNF576
0.04180241402	0.7582491706	Q9HB21	PLEKHA1
-0.03939035452	0.9229101068	Q9BVQ7	SPATA5L1
-0.2034448339	0.3952474936	Q86YJ6	THNSL2
-0.2417124281	0.3424072164	A8K8V0	ZNF785
-0.03824566768	0.9077658257	Q2TB18	ASTE1
-0.1667667106	0.3184781813	Q9HCJ0	TNRC6C
0.1235777389	0.4728239115	Q9H9F9	ACTR5
0.008475352784	0.9642332576	Q9BV10	ALG12
-0.09263888652	0.6148182786	Q86UW6	N4BP2
-0.1539114713	0.2901444676	Q5BKX5	C19orf54
0.1081114172	0.5897057073	Q8IZU9	KIRREL3
-0.002243795525	0.9938818619	Q9NX05	FAM120C
0.06113163508	0.6596829797	O75909	CCNK
0.003700560669	0.9852703113	Q9H7E2	TDRD3
-0.0218731604	0.9368170102	P12277	CKB
0.1060146548	0.5541927476	Q6V9R5	ZNF562
-0.06026187134	0.6824981835	Q9Y6K1	DNMT3A
-0.1009948153	0.3819767967	Q96CM8	ACSF2
-0.1451221211	0.4324120422	Q6IQ19	CCSAP
-0.0853488616	0.5981910348	Q9Y6I4	USP3
0.06797416596	0.6826463839	O75356	ENTPD5
0.04290801446	0.8215041246	Q96HV5	TMEM41A
-0.0237632741	0.9161818009	Q9HCM7	FBRSL1
-0.1250453467	0.4886038214	Q96GC5	MRPL48
-0.07497933885	0.5894443185	Q8IYI8	ZNF440
0.1879544038	0.2119464661	P17019	ZNF708
-0.1294660993	0.460148757	Q8ND82	ZNF280C
-0.1647129379	0.2319708703	Q8NBW4	SLC38A9
-0.06980529613	0.7053678745	Q9H0W9	C11orf54
0.1851647337	0.2664829115	Q9BX69	CARD6
0.09825569304	0.4571095661	Q5T5J6	SWT1
-0.05081308637	0.7441718415	Q9Y2Z2	MTO1
0.0194724911	0.9221348468	Q96FZ5	CMTM7
-0.07962090535	0.5925492494	Q9UN71	PCDHGB4
0.004801419732	0.9909327601	Q70EL2	USP45
-0.005226370116	0.9829273941	Q17RS7	GEN1
-0.04240342634	0.8172907096	Q96ME1	FBXL18
-0.02443010207	0.9143104375	P46019	PHKA2
0.01115674052	0.975328694	Q7Z6J9	TSEN54
-0.0843683281	0.5835032922	O00258	WRB
0.03326855294	0.8117886372	Q9NW13	RBM28
0.07781036118	0.5959565246	O14607	UTY
-0.03629626798	0.9047776352	Q2NKJ3	CTC1
0.248300101	0.150218348	P43007	SLC1A4
-0.2978429101	0.4025950539	A8MQ27	NEURL1B
-0.001959652074	0.9912171934	O60307	MAST3
0.4622318687	0.3132247843	P10451	SPP1
-0.08775482213	0.6199345851	Q9NQH7	XPNPEP3
-0.01984420301	0.9218833669	Q5T4D3	TMTC4
-0.1255571442	0.4007710276	Q8N5S9	CAMKK1
-0.1608864713	0.4933771813	P21506	ZNF10
-0.0550948449	0.7985395564	Q9NR81	ARHGEF3
-0.1270799706	0.6483938397	Q86VD9	PIGZ
-0.1475008699	0.4601376826	A6NKB5	PCNX2
-0.1096220111	0.3739140855	Q8NDP4	ZNF439
-0.0507700752	0.6876224843	Q8N9N7	LRRC57
0.01216165071	0.9686899862	Q9NXS3	KLHL28
0.08267710043	0.7245817665	Q13191	CBLB
0.1598050458	0.3785392883	Q92947	GCDH
0.09299761498	0.7087518808	Q13216	ERCC8
-0.1171626314	0.7388888911	Q9NRP4	SDHAF3
0.06030197444	0.640083361	Q9HB20	PLEKHA3
-0.07216761579	0.7081664324	Q9NRA0	SPHK2
0.1617239927	0.532272153	Q64LD2	WDR25
0.03416299514	0.9039026937	P41247	PNPLA4
-0.1671555351	0.5357626807	Q86VD7	SLC25A42
-0.003609626177	0.9872382614	Q8IYB5	SMAP1
-0.1656837878	0.3512597719	O94827	PLEKHG5
0.01274553751	0.9507985762	Q15771	RAB30
0.07731824963	0.6156275307	O14791	APOL1
-5.737239609e-05	0.9999247552	Q63HM1	AFMID
-0.04057538679	0.8666151695	P19086	GNAZ
-0.03556121694	0.8556264817	Q9UL36	ZNF236
0.2999097958	0.3265047866	Q9NP50	SINHCAF
0.0170472434	0.9155124234	Q8TEA8	DTD1
0.09582332819	0.4884726564	Q9UJW8	ZNF180
-0.01500681276	0.9135620021	Q15911	ZFHX3
-0.04547451887	0.8084821746	Q6ZUT9	DENND5B
0.09658715855	0.5893577682	Q6PID6	TTC33
-0.04732795168	0.8841073283	P60606	CTXN1
0.01528762499	0.9597488548	P63252	KCNJ2
-0.1167183663	0.5436265617	P52737	ZNF136
-0.04893624085	0.8321341578	Q6ZRF8	RNF207
-0.0007371550093	0.9975899627	P15056	BRAF
-0.07050433675	0.6374415177	Q9Y2G2	CARD8
-0.09900122061	0.6676831289	Q5EG05	CARD16
-0.1322563338	0.7850901052	P62807	HIST1H2BC
0.06952142943	0.8336795532	Q6PJE2	POMZP3
-0.3635217739	0.07125191294	Q8NFM7	IL17RD
0.02572353993	0.9135620021	Q7Z2F6	ZNF720
-0.2019119942	0.644292328	Q15726	KISS1
0.1400465189	0.5313853729	P00568	AK1
-0.09983217497	0.6131028306	Q9Y2P7	ZNF256
-0.1021731214	0.6540756633	P10074	ZBTB48
0.2928469262	0.2951450373	Q9BPU9	B9D2
0.03012759672	0.8604597972	O43307	ARHGEF9
0.2572953557	0.2242425877	Q9ULQ0	STRIP2
-0.1938749203	0.2723522753	Q02252	ALDH6A1
-0.128011322	0.4605488629	Q86VQ1	GLCCI1
0.2650637584	0.171333936	Q8TBZ5	ZNF502
-0.06559093891	0.7245783696	Q96AX1	VPS33A
-0.01433426879	0.9218980331	P49761	CLK3
-0.04232552393	0.7882631963	Q96IQ9	ZNF414
0.08505600247	0.6356226162	P78560	CRADD
-0.3458708377	0.01248422419	Q9Y625	GPC6
0.2829444275	0.2623625634	Q5VUE5	C1orf53
-0.1638556028	0.4021073008	Q3KNW5	SLC10A6
-0.1932237925	0.3884253577	Q9BU76	C1orf35
0.07414494789	0.8097469558	Q6UX40	TMEM107
-0.01017212268	0.9666916134	Q9H6X4	TMEM134
-0.08069807869	0.580026536	Q9NQX6	ZNF331
-0.0635009775	0.7686610964	Q96E14	RMI2
-0.03859546235	0.8397512368	Q969W8	ZNF566
1.023180203	0.0179025749	O95992	CH25H
-0.05909851977	0.6185074816	Q15649	ZNHIT3
0.1219369091	0.7247578615	O95631	NTN1
0.09278150659	0.5203727944	Q8IV63	VRK3
0.00192695826	0.9968461974	Q96DF8	ESS2
0.1013639106	0.5525468946	Q9HCM4	EPB41L5
-0.4034964182	0.22163155	Q8N2U0	TMEM256
-0.1312265718	0.4519779332	Q8N5F7	NKAP
-0.06664651975	0.685890438	Q96D03	DDIT4L
-0.08165298658	0.712507551	Q9NPR2	SEMA4B
-0.03722783668	0.8671199692	Q6NSJ2	PHLDB3
0.0414199956	0.7833949267	Q9UHR4	BAIAP2L1
0.09114903874	0.5715122642	P52738	ZNF140
-0.3447956112	0.278192814	Q9HC57	WFDC1
-0.06849608022	0.6356226162	Q9BSD7	NTPCR
0.02986383172	0.8963596986	Q5TAP6	UTP14C
0.1326013908	0.4129613601	Q9NX74	DUS2
0.07746184274	0.7186690003	Q86SZ2	TRAPPC6B
-0.1207695691	0.5013189779	Q5JPF3	ANKRD36C
0.08742657936	0.5468821159	Q9UFC0	LRWD1
-0.2215921229	0.5976579749	Q8N3Z0	PRSS35
-0.4443924177	0.1638973663	P31213	SRD5A2
-0.06680938865	0.6212712576	O94988	FAM13A
-0.3433673412	0.1740130199	Q99619	SPSB2
-0.01151547595	0.9708094759	Q9UKF7	PITPNC1
-0.1504886962	0.6639823289	Q12815	TROAP
-0.1457661057	0.275923399	Q96DB2	HDAC11
0.02631323582	0.93180998	Q96QE5	TEFM
0.1728068807	0.4508110904	Q6PJ61	FBXO46
-0.02931720134	0.8794927468	Q3ZCQ3	FAM174B
-0.1146950292	0.6115513772	Q9H324	ADAMTS10
-0.07791467565	0.8234951332	Q9BXN1	ASPN
0.07764033521	0.6906342083	P15735	PHKG2
0.02714198922	0.9128476345	Q96S15	WDR24
-0.2671515033	0.1354559607	Q9P2F6	ARHGAP20
0.0493662162	0.8702608571	Q8WY22	BRI3BP
-0.05548022985	0.8698365816	Q96S90	LYSMD1
0.03968812882	0.8006339791	Q7Z7A1	CNTRL
-0.04789270496	0.8091768047	Q9NVX2	NLE1
0.02493309703	0.9445407087	Q5VZY2	PLPP4
0.0704576938	0.7343382663	Q7Z2K8	GPRIN1
0.1884609034	0.2324230399	O15226	NKRF
-0.1467980185	0.4895535132	Q9HCM9	TRIM39
-0.08219921026	0.6737087224	P51530	DNA2
-0.1675040565	0.2666512941	Q5MCW4	ZNF569
-0.03843055954	0.8317198141	O15164	TRIM24
0.1030882438	0.4513743452	Q8TE69	CXorf40A
-0.07735375825	0.6409153295	O00522	KRIT1
-0.05728517548	0.7238153079	Q8NEK5	ZNF548
-0.08547165819	0.6146476501	O75688	PPM1B
0.1759013537	0.5157155461	Q9UJL9	ZFP69B
0.1773912419	0.3417781777	Q9Y256	RCE1
0.0149317893	0.9268480575	Q9ULI0	ATAD2B
-0.02728485858	0.9268480575	P60763	RAC3
-0.2146810677	0.3079923174	Q8IZ13	ZBED8
-0.3319261301	0.08350696945	O75192	PEX11A
-0.16125265	0.2094964002	Q96JF6	ZNF594
0.1648697279	0.4220090425	A2RUB6	CCDC66
0.01638032083	0.937923604	Q8IZD0	SAMD14
0.1062280559	0.6804100772	Q16798	ME3
0.0178737969	0.8880888195	Q9H9B1	EHMT1
0.5684353912	0.2836138996	O60894	RAMP1
-0.06864245444	0.7091700632	Q8NA72	POC5
-0.03678081626	0.8822644677	Q5HYK9	ZNF667
-0.1377474081	0.1891961889	Q2VPK5	CTU2
-0.0312816406	0.8778830323	Q13206	DDX10
-0.05444724427	0.8637504839	Q9BYN0	SRXN1
-0.0716367826	0.6915297251	O95059	RPP14
0.2352920057	0.4580829095	Q5T2R2	PDSS1
-0.096035692	0.6741894771	Q6PCB7	SLC27A1
0.2038410947	0.4138945318	Q01954	BNC1
-0.02556388076	0.9642013326	Q9Y3E2	BOLA1
-0.01159837604	0.9593764295	O60870	KIN
0.1867608616	0.2226485319	Q9Y6Y1	CAMTA1
-0.001220474803	0.9954939992	Q99551	MTERF1
0.04029210001	0.8242612257	P57076	CFAP298
0.04660552902	0.9135620021	Q92698	RAD54L
-0.02794720257	0.8718121595	Q8N8Q3	ENDOV
-0.2182170286	0.2260275284	P63267	ACTG2
-0.01685734405	0.9544436714	Q9UDW3	ZMAT5
-0.1094528982	0.670518852	Q86UX6	STK32C
-0.02188889449	0.9206119611	Q9UGC6	RGS17
0.04403243537	0.8640483756	Q8IUX4	APOBEC3F
-0.1493694905	0.737513953	Q07507	DPT
0.04599234615	0.7433213679	Q8IW41	MAPKAPK5
-0.06716772192	0.7720530798	Q9BSE2	TMEM79
-0.07476943574	0.7335956262	Q14863	POU6F1
0.1256572224	0.3278892856	Q9UL03	INTS6
-0.1115310834	0.6756527813	Q14CB8	ARHGAP19
0.102360103	0.4161939139	Q8IZE3	SCYL3
-0.07717618606	0.6363912737	P32298	GRK4
0.08524140966	0.7229319444	O75838	CIB2
-0.09050147786	0.6419349333	Q9UKC9	FBXL2
0.08293727353	0.6854022559	Q9NZB8	MOCS1
-0.06632270943	0.7245817665	Q9NQX3	GPHN
-0.1810888501	0.3126009499	Q9UGK8	SERGEF
-0.02539730393	0.9065460189	Q9UNY5	ZNF232
-0.02020639619	0.9078010784	Q8N0Y2	ZNF444
0.3713600042	0.2284909998	Q99558	MAP3K14
-0.2359465528	0.2865871698	P54764	EPHA4
-0.1967390398	0.5349520566	O95319	CELF2
0.05156838706	0.8445856825	Q8NFT2	STEAP2
0.129361935	0.4772868653	Q13233	MAP3K1
-0.1083945882	0.5590789361	P31321	PRKAR1B
0.2145089636	0.1607312037	Q9NZI8	IGF2BP1
-0.1111159107	0.5665897618	Q02410	APBA1
-0.2193775213	0.2118953011	Q99735	MGST2
-0.03936051712	0.767204016	Q96F44	TRIM11
-0.02596308674	0.9220932533	Q49AM1	MTERF2
-0.01115516099	0.9803900912	P15502	ELN
1.182923361	0.01018002859	P11161	EGR2
0.08199511833	0.8266657159	P78537	BLOC1S1
0.157244982	0.3744460289	Q9P281	BAHCC1
0.008708414754	0.9797527924	Q16600	ZNF239
0.05288085119	0.7674957765	Q96HA7	TONSL
-0.5414312295	0.08116236927	P58005	SESN3
0.06701220054	0.8097469558	Q96DT7	ZBTB10
-0.009171513153	0.968980131	Q8IVH2	FOXP4
0.1232950519	0.5891791735	Q86X53	ERICH1
-0.110013814	0.4840281788	O95789	ZMYM6
-0.0212395374	0.9385165486	Q12901	ZNF155
-0.2891783221	0.3289711714	P52798	EFNA4
-0.1251532719	0.6348673436	Q9Y5G6	PCDHGA7
-0.04490810935	0.7832189718	Q9NUU7	DDX19A
-0.1093395591	0.5056247681	Q2M296	MTHFSD
-0.1073395673	0.7326556924	Q9H008	LHPP
-0.04584607504	0.8188215053	Q96IR2	ZNF845
-0.2178137586	0.2000225036	Q717R9	CYS1
0.5759373474	0.02035328949	Q9NQ30	ESM1
0.004920205275	0.9813685852	Q9UK10	ZNF225
0.2532892698	0.1928811372	Q9H9D4	ZNF408
-0.1153113944	0.5752771291	O94762	RECQL5
-0.2842715164	0.1595359862	Q96LC9	BMF
-0.1077393325	0.597494563	Q6P4Q7	CNNM4
0.08782593982	0.6261514347	Q01415	GALK2
-0.1039942055	0.3413505818	Q12968	NFATC3
0.2047394809	0.4069642919	O96020	CCNE2
0.1670652253	0.562182777	Q9HCU8	POLD4
-0.03992785848	0.9363556201	Q14DG7	TMEM132B
-0.03138448277	0.8445856825	P06213	INSR
-0.2974050923	0.2901444676	P06899	HIST1H2BJ
-0.4028612643	0.03664552744	A0A1W2PQU2	KANTR
0.001256338545	0.9975899627	Q9H161	ALX4
0.007448062383	0.968980131	Q12962	TAF10
-0.1372877273	0.2450933225	Q9HCL2	GPAM
0.2002382058	0.3971788006	O43248	HOXC11
0.1190065487	0.495367539	Q9H892	TTC12
-0.06422975736	0.8118620472	Q9Y2B0	CNPY2
0.01110417293	0.975760618	Q8NHG7	SVIP
-0.1526181276	0.5976756525	Q8N5H3	FAM89B
0.04125988966	0.8458212052	Q8NFH5	NUP35
-0.2422902021	0.1660816417	Q15542	TAF5
0.03197910153	0.9189639125	Q6UXD7	SLC49A3
-0.0696559187	0.8046504958	Q9Y2Y0	ARL2BP
-0.1069821598	0.5708339482	Q8WXD5	GEMIN6
0.03112699365	0.8632601759	Q68DY9	ZNF772
0.1671395466	0.2803040762	A1L157	TSPAN11
-0.07958126919	0.6068089134	Q5FWF6	ZNF789
-0.02119280942	0.9161423293	Q9NXR8	ING3
-0.2405968622	0.1710186404	P11498	PC
0.2871821896	0.4459660589	Q8NC67	NETO2
-0.01470350217	0.9444142936	P31274	HOXC9
-0.0689257184	0.8020751315	Q8N3I7	BBS5
-0.1961180251	0.2562880205	Q9NS66	GPR173
0.2024333246	0.194175425	Q53H96	PYCR3
-0.05568014602	0.821262029	P06746	POLB
0.01743673166	0.9059922907	Q8ND25	ZNRF1
0.0977439618	0.4553951978	Q6ZW49	PAXIP1
0.160081736	0.3984370691	P52333	JAK3
0.07232634069	0.6148182786	Q8N9M1	C19orf47
-0.02236333958	0.9622623006	P48436	SOX9
0.007923670345	0.9770355785	O95995	GAS8
-0.02876193304	0.9286808027	Q7L3T8	PARS2
-0.05511182883	0.6882250608	Q9UBK7	RABL2A
0.3828543505	0.1405581149	Q9H7M6	ZSWIM4
-0.06462565534	0.6085191108	Q9ULD2	MTUS1
-0.2494263826	0.3169011353	Q9Y5G2	PCDHGB2
-0.005169380037	0.9852663633	A8MTZ0	BBIP1
0.008994237246	0.9829840816	Q9BVC3	DSCC1
0.04518994656	0.8793020378	Q5JVG2	ZNF484
0.1437025594	0.4912239054	Q9BUN5	CCDC28B
0.1061694945	0.6350005314	O95363	FARS2
-0.01649297591	0.9335379566	Q9BWF3	RBM4
-0.04866197363	0.7947752815	Q8TC44	POC1B
-0.03375618239	0.8886068121	Q8TDM0	BCAS4
-0.1179703941	0.5566853081	Q9NQX1	PRDM5
0.01347240265	0.9430310626	Q8TAP9	MPLKIP
0.06985255084	0.5726470545	Q6TCH7	PAQR3
0.3811646639	0.0548176243	Q8NB16	MLKL
-0.002058690798	0.9956138049	O95490	ADGRL2
0.07019934547	0.7573994459	Q6PII5	HAGHL
0.1013568273	0.6957407344	Q14012	CAMK1
0.01901069894	0.9155124234	O00220	TNFRSF10A
-0.1899182349	0.3506919561	Q9UKL6	PCTP
-0.1155779611	0.2578135777	Q92994	BRF1
0.1214946964	0.5594261814	Q9NQZ8	ZNF71
0.04425985315	0.7945356581	Q8IY57	YAF2
-0.1177761651	0.6388207696	Q9Y572	RIPK3
0.07475083669	0.5284888625	Q8TBC5	ZSCAN18
0.2797405653	0.5921275668	Q96RP3	UCN2
0.06614321824	0.8011425759	P51587	BRCA2
-0.1465399733	0.3971788006	Q9NNX1	TUFT1
0.1059023013	0.5951970645	Q9GZX5	ZNF350
-0.0648369314	0.6857244401	Q9NSK0	KLC4
0.2097157404	0.4997776661	Q8N6Y2	LRRC17
0.6982222492	0.01384415749	O95497	VNN1
0.03176493336	0.8996335412	Q96N20	ZNF75A
-0.07500541414	0.7882631963	Q9UK13	ZNF221
-0.060819029	0.6461171035	Q8NEM0	MCPH1
-0.1159685152	0.7004301206	Q2NKX8	ERCC6L
-0.1340114488	0.5831559932	P30038	ALDH4A1
-0.06618858977	0.7231467921	Q6ZMS7	ZNF783
-0.1399097797	0.2176683303	P34949	MPI
0.06534572085	0.7309973016	Q9Y5Y0	FLVCR1
0.1168670668	0.5037352041	Q9UK12	ZNF222
-0.08756860564	0.6202647013	Q17RN3	FAM98C
-0.06288911612	0.8352974908	Q8NCE0	TSEN2
-0.0927634626	0.6886977412	Q5T6C5	ATXN7L2
0.4610159954	0.02120982579	P20333	TNFRSF1B
0.1109821013	0.4600935639	Q96JN0	LCOR
0.07094992354	0.6317706074	Q49B96	COX19
0.03111280638	0.8928169692	A8K979	ERI2
0.09130463115	0.5197070746	O96018	APBA3
-0.01005780231	0.9557381227	Q9H2S9	IKZF4
-0.002114369865	0.9975899627	O43155	FLRT2
-0.00368171145	0.9879781537	Q96H86	ZNF764
0.05777816098	0.5925660319	Q9HAT8	PELI2
0.007338527318	0.9872382614	Q9UMR2	DDX19B
-0.1767162039	0.7090621401	Q9H6E4	CCDC134
0.01550784314	0.9541348917	P17017	ZNF14
-0.145559282	0.3645618097	A6NM11	LRRC37A2
-0.02415752882	0.9378789764	P56282	POLE2
-0.0805748127	0.6796026204	Q01826	SATB1
-0.09424758267	0.5951486453	Q8TD22	SFXN5
-0.02572700659	0.9155567049	Q6UB28	METAP1D
-0.1350758608	0.6994242854	Q9NWS1	PARPBP
-0.1166840396	0.5331990684	P50135	HNMT
-0.1632958451	0.6212027792	Q9BRQ6	CHCHD6
-0.08139482865	0.6873561766	Q96MY1	NOL4L
-0.02071971156	0.9248925542	Q6NSI8	KIAA1841
0.01272148031	0.9646058652	P57082	TBX4
0.8388428785	0.03939747057	Q13077	TRAF1
-0.009498486339	0.9606322106	Q96MH6	TMEM68
-0.1128353618	0.4021073008	A2AJT9	BCLAF3
-0.1510293532	0.5820355278	Q14674	ESPL1
0.3476728015	0.571435333	P60880	SNAP25
0.04305021316	0.7700652686	Q7Z3B3	KANSL1
-0.130045592	0.7035217263	O75474	FRAT2
-0.09336265191	0.3872711688	Q96PC5	MIA2
-0.1258284648	0.4940874744	Q8N5Y8	PARP16
-0.05483642364	0.7957596825	O14924	RGS12
0.2230083657	0.2923196821	P30304	CDC25A
-0.03273371795	0.8258148958	Q8N0Z6	TTC5
-0.03293732587	0.8228995794	Q96F81	DISP1
-0.1411055573	0.3079923174	Q9UNP4	ST3GAL5
-0.2262668672	0.3039807912	Q96KN4	FAM84A
-0.00821495209	0.968980131	Q9NWA0	MED9
0.003002328438	0.9934312456	P60006	ANAPC15
0.04327663867	0.9154016252	Q15004	PCLAF
-0.01674843421	0.9198325393	Q9NR20	DYRK4
-0.2161493833	0.3607494042	P61266	STX1B
-0.2819595321	0.0649005758	Q86V59	PNMA8A
-0.1311414203	0.4332929737	Q9P2D6	FAM135A
-0.1983151321	0.4499644009	Q96FL9	GALNT14
-0.01408939851	0.9305924004	Q96SD1	DCLRE1C
0.179699907	0.539675718	Q99638	RAD9A
0.04142413323	0.8573814037	Q96S06	LMF1
0.1855173275	0.2902945762	Q9H813	TMEM206
0.008289436801	0.9601794684	Q6ZW76	ANKS3
-0.1389437069	0.3334359838	Q9HBT8	ZNF286A
0.07635665802	0.5666269138	P36269	GGT5
0.1091755733	0.719318901	Q6IN84	MRM1
0.1598277432	0.5346238956	Q16623	STX1A
0.2401623619	0.2589547273	Q96G04	EEF2KMT
-0.01464020244	0.9382496207	Q96ED9	HOOK2
-0.07206983154	0.8258148958	P56746	CLDN15
0.07476395519	0.6886977412	Q2WGJ9	FER1L6
-0.002773446202	0.9953540032	Q8WVB3	HEXDC
0.1309971421	0.2427258405	Q8NHX9	TPCN2
0.02980523543	0.896594336	P52429	DGKE
-0.008831409477	0.9508850636	Q9BRP4	PAAF1
0.1013901765	0.5407564279	Q9UL58	ZNF215
-0.04487243863	0.7607968137	A6NIX2	WTIP
0.06601074527	0.7883269558	Q96IL0	APOPT1
0.07927344478	0.5385671184	O43151	TET3
-0.2025961138	0.2536084088	Q96NI8	ZNF570
-0.2151346745	0.3221800941	P0C025	NUDT17
0.299986538	0.2723522753	P49642	PRIM1
0.02985055792	0.9051393496	Q5SNT2	TMEM201
-0.08009312079	0.5744096829	P29074	PTPN4
0.149620059	0.6346258215	Q13415	ORC1
0.07613319312	0.5921275668	Q8N653	LZTR1
0.04799136908	0.8382038289	Q8NI60	COQ8A
-0.03031711465	0.9154016252	Q08426	EHHADH
-0.1031040007	0.707623519	O76027	ANXA9
0.01603849636	0.9671465472	Q6PG37	ZNF790
0.02441668874	0.8711118998	Q6UWP7	LCLAT1
-0.1075225849	0.4705778549	Q96A37	RNF166
0.380618861	0.01737624354	Q8IVL5	P3H2
0.1301071126	0.4705778549	Q8TAQ5	ZNF420
0.295541948	0.1660816417	Q6QHF9	PAOX
0.3436917983	0.2526849951	Q86YM7	HOMER1
-0.1473709936	0.4895535132	Q5VYX0	RNLS
0.007260626373	0.9826277886	Q8WTV1	THAP3
0.0618925303	0.7199090303	Q9Y5A6	ZSCAN21
0.1104489784	0.4526486092	Q9BUR5	APOO
0.1358076578	0.4278882581	Q8NC06	ACBD4
-0.08281537714	0.703600669	Q6ZUJ4	C3orf62
0.01260062068	0.9305721031	O15527	OGG1
-0.04570358263	0.8420329107	Q8N184	ZNF567
-0.06331076052	0.8539433784	P32121	ARRB2
-0.1230600356	0.3952474936	Q6UWZ7	ABRAXAS1
-0.1059743657	0.4521676369	Q96MF6	COQ10A
0.1430412575	0.4000583727	Q8TED9	AFAP1L1
0.02705430966	0.8727134136	Q16549	PCSK7
-0.1789198778	0.2562880205	P0DJJ0	SRGAP2C
-0.07938721959	0.6671642989	Q9H7J1	PPP1R3E
0.07909283835	0.7315923381	Q5TF39	MFSD4B
-0.2364478135	0.0812329756	Q8N7A1	KLHDC1
0.09903441012	0.7122689093	P36954	POLR2I
0.0648334909	0.8276879257	Q9Y3V2	RWDD3
-0.007787353181	0.968980131	Q8WZ73	RFFL
-0.03996684929	0.8203931418	Q8NHE4	ATP6V0E2
-0.0326158119	0.8986534894	Q8NBA8	DTWD2
0.1293498958	0.4651266523	Q96N21	TEPSIN
-0.4470957366	0.01452410624	O94900	TOX
-0.07529737712	0.8059430169	P0C7I6	CCDC159
0.07510805339	0.8084821746	Q8IZ26	ZNF34
-0.04728501657	0.8275173035	Q8TAX9	GSDMB
-0.2521075207	0.2314146493	Q6PEZ8	PODNL1
0.07561173356	0.7341004799	Q8N884	CGAS
-0.02761962536	0.8439909332	Q8N6M6	C9orf3
0.100632965	0.5448867856	Q3SY52	ZIK1
0.1420316475	0.670518852	P19235	EPOR
0.191576062	0.3530736861	O95755	RAB36
-0.04721258939	0.9039026937	Q8WU67	ABHD3
0.08494290298	0.6191402546	O94927	HAUS5
0.000270494073	0.9988481818	Q8TDW4	ST7L
0.07051581543	0.7066098864	Q17RP2	TIGD6
-0.2001472187	0.4663867669	Q8NG66	NEK11
-0.6076662508	0.01965141776	Q96P44	COL21A1
-0.07619002158	0.6969500746	Q6PKH6	DHRS4L2
-0.1652973719	0.5458661697	Q8IWG1	WDR63
-0.06344025946	0.7474768698	Q9BSG1	ZNF2
-0.0943495044	0.6266390493	Q9UQ49	NEU3
0.0107777165	0.9708094759	A6QL64	ANKRD36
-0.06285247594	0.6319620514	Q9P272	TRMT9B
-0.03035007201	0.8848815011	Q9HC96	CAPN10
0.1848371695	0.4289624761	Q16352	INA
-0.01959527927	0.9108142334	Q9P2P6	STARD9
-0.01109291376	0.9623991744	Q7Z3G6	PRICKLE2
-0.1038857083	0.2914933159	Q86WA6	BPHL
-0.0208332801	0.9322498948	Q8NBS3	SLC4A11
-0.1297394276	0.7252404955	Q3SXZ3	ZNF718
-0.06678994779	0.7178301721	Q9NXB0	MKS1
0.07334712454	0.8569644886	Q3ZCW2	LGALSL
-0.2552898338	0.2654385051	Q494X3	ZNF404
0.1778322954	0.4491382482	Q86YQ8	CPNE8
0.0271939085	0.8826547346	Q69YU5	C12orf73
0.02472265312	0.9248925542	O43463	SUV39H1
-0.06809010724	0.6469857045	O15060	ZBTB39
-0.09071456889	0.6873561766	P08708	RPS17
0.0362590673	0.8961240528	Q9Y6H5	SNCAIP
0.06664701381	0.7698046696	Q96CT2	KLHL29
-0.08457078255	0.6713287503	Q68D91	MBLAC2
0.287529184	0.1303297291	A2VDF0	FUOM
-0.01392163223	0.9711338116	Q8WXE1	ATRIP
0.002281312026	0.9936222443	Q7Z591	AKNA
0.1452569923	0.6409153295	Q96GW9	MARS2
0.1611221324	0.4998991835	Q8NCL9	APCDD1L
-0.01746488692	0.959556435	P61371	ISL1
0.02643032969	0.9218833669	Q5XUX1	FBXW9
-0.2141185071	0.4278882581	P41002	CCNF
-0.009599855139	0.954900978	P17097	ZNF7
-0.04089323402	0.8072552789	P38117	ETFB
-0.1945331567	0.4561631185	Q6P2H8	TMEM53
0.02705047577	0.8715717016	Q6VVX0	CYP2R1
0.03497590279	0.9132973906	Q9Y234	LIPT1
0.1625243211	0.3605338839	Q9BX46	RBM24
-0.02689457054	0.8841073283	Q9UIK4	DAPK2
0.06597554794	0.7666251244	Q8TBK2	SETD6
0.102124774	0.4508110904	Q7Z570	ZNF804A
0.2603808293	0.245814075	Q14244	MAP7
-0.1397919432	0.4278882581	P22670	RFX1
-0.1161232018	0.3520277083	Q8TAK5	GABPB2
0.2095223856	0.09705082412	Q9BXI6	TBC1D10A
0.04418925359	0.7347311368	Q0VGE8	ZNF816
-0.1406664361	0.5572077851	P23434	GCSH
-0.05349474124	0.6873561766	Q8N1I0	DOCK4
-0.2433506916	0.1135036367	Q5FWE3	PRRT3
-0.1186701008	0.4763796572	Q5TCQ9	MAGI3
-0.1964050452	0.6442425538	Q9NRQ5	SMCO4
-0.04322632036	0.7570233525	Q04726	TLE3
-0.1013462422	0.4558012347	Q8NB15	ZNF511
0.08509192683	0.6129774516	Q8TAF7	ZNF461
-0.001164682277	0.9975899627	P17038	ZNF43
-0.057788562	0.7901305356	Q96QP1	ALPK1
0.06353223562	0.7413968011	Q6IAN0	DHRS7B
0.06381022885	0.610558394	A7KAX9	ARHGAP32
-0.2211171223	0.1830500544	Q7Z5J1	HSD11B1L
-0.03849497001	0.8822644677	Q96N28	PRELID3A
0.5947209837	0.07891072393	Q9BRQ4	CFAP300
-0.07411544348	0.686203932	Q15118	PDK1
-0.04075694519	0.8352974908	Q96BR9	ZBTB8A
0.3283482042	0.1132584983	Q8TDF5	NETO1
-0.04558620617	0.8798700858	Q8N8A6	DDX51
-0.06063802487	0.7822328057	Q9BUU2	METTL22
0.02151774934	0.9299148533	Q5CZA5	ZNF805
0.07422498932	0.6400841898	Q9BSY4	CHCHD5
-0.08575351178	0.5381641861	Q86WT1	TTC30A
0.09914446198	0.5363566553	Q8WVB6	CHTF18
0.1002050149	0.4817017349	Q96FC9	DDX11
0.06053383169	0.6212712576	Q6P1M9	ARMCX5
-0.2998702755	0.1192613909	Q9NY64	SLC2A8
-0.08416085895	0.4265505334	Q8N0X2	SPAG16
0.1118922943	0.7355997559	Q16877	PFKFB4
-0.224470745	0.3196058646	P05165	PCCA
-0.03713122371	0.8637504839	Q9NZQ0	DNAJC27
0.1396853162	0.4997776661	Q6XQN6	NAPRT
0.1330509733	0.5298052398	Q9BZI1	IRX2
-0.04323598049	0.8095375177	Q86Y39	NDUFA11
-0.1770680438	0.6363390585	Q5JPI9	EEF1AKMT2
-0.1890321845	0.5525468946	Q9H1Z9	TSPAN10
-0.05167529663	0.8436235959	O75417	POLQ
0.2448933571	0.4513743452	Q6ZMT4	KDM7A
0.01237763797	0.947155407	P50336	PPOX
0.4675213679	0.1609425484	Q9H3W5	LRRN3
0.04248082276	0.9425380013	Q02153	GUCY1B1
0.2877074409	0.3817524335	O00180	KCNK1
0.09740634597	0.4182232943	Q4AE62	GTDC1
-0.2065422528	0.1424556382	Q9H479	FN3K
0.02552034275	0.8573213212	Q9BQ75	CMSS1
0.3898369011	0.1132584983	Q8IY34	SLC15A3
-0.1499721787	0.7142663144	Q9BXS6	NUSAP1
-0.2595830712	0.3776906706	P00746	CFD
-0.1971450796	0.6212712576	Q8IZ96	CMTM1
0.05484626883	0.6935981358	O94941	UBOX5
-0.2465380571	0.1535517679	P14384	CPM
-0.0142642732	0.9451415437	O15131	KPNA5
-0.07479802688	0.7891885526	Q6ZMY9	ZNF517
-0.1339780842	0.5988802781	Q8WVF1	OSCP1
0.1521534077	0.3110186353	Q8NG48	LINS1
0.01046809051	0.9720592224	Q8WXH0	SYNE2
0.1491580567	0.2606724534	Q70CQ1	USP49
-0.02123583838	0.9135620021	A4GXA9	EME2
-0.4786866087	0.2153593747	P22105	TNXB
0.3537290536	0.08726345171	Q14469	HES1
-0.4051091956	0.1566998323	O95810	CAVIN2
-0.0005526426052	0.9983733562	Q86UQ0	ZNF589
-0.1444147282	0.2961623192	A2RRH5	WDR27
-0.157194468	0.3995168121	Q4G0S4	CYP27C1
0.7525740833	0.03727170524	Q9NZQ7	CD274
-0.2142960245	0.1660816417	Q9Y6X0	SETBP1
0.1607566295	0.6662343791	Q13495	MAMLD1
0.05818114497	0.7733686234	Q96EW2	HSPBAP1
0.09684613471	0.5808901361	Q8N7M2	ZNF283
-0.02727168433	0.9371713246	Q9H1Y3	OPN3
0.05591574889	0.6909157607	Q9H649	NSUN3
-0.005536398256	0.9879781537	A8K855	EFCAB7
-0.03820479759	0.8435965056	O75191	XYLB
-0.1857104423	0.2438640611	Q8N394	TMTC2
-0.04353479339	0.8785734233	Q8N5M1	ATPAF2
0.002645995718	0.9904412369	Q8N823	ZNF611
-0.2214029794	0.1254479586	Q5JU85	IQSEC2
-0.02021902912	0.9451415437	P15621	ZNF44
-0.1295356465	0.4070985753	Q15223	NECTIN1
-0.1463980869	0.4167034887	Q8NEC7	GSTCD
-0.1168638269	0.3353407455	Q5VTY9	HHAT
-0.2562515465	0.3110186353	P15941	MUC1
-0.3304395055	0.01965141776	P49961	ENTPD1
0.2235373794	0.2015422522	Q6NZ63	STEAP1B
-0.1628036891	0.6118789403	P16870	CPE
0.02950521477	0.8986534894	O75346	ZNF253
-0.08112842029	0.6823221932	Q6P444	MTFR2
-0.02375666234	0.9189639125	Q5SV17	TMEM240
0.2676019124	0.1095219942	Q9BXY4	RSPO3
-0.2236884262	0.2717372615	Q8NHH1	TTLL11
0.07499319498	0.6432902145	Q5HYA8	TMEM67
-0.04556525915	0.9040307011	Q9BWT6	MND1
-0.1117195367	0.5370785997	Q53EV4	LRRC23
0.0009978081688	0.9985326892	P35030	PRSS3
0.02459165091	0.9120520823	Q9NRD5	PICK1
-0.006322258695	0.9879781537	Q8NDZ2	SIMC1
0.01624974795	0.9327876431	Q8NHG8	ZNRF2
0.06133500485	0.7527437652	P54198	HIRA
-0.1790348663	0.1836743613	A6NI79	CCDC69
-0.004038801901	0.9883371428	Q96F83	CLBA1
-0.1741727077	0.5595691972	Q96GS4	BORCS6
-0.07214981678	0.6467429033	Q8TB37	NUBPL
0.03376887712	0.8379435181	Q02446	SP4
0.05226335877	0.6736452406	Q96GC6	ZNF274
-0.09064883572	0.6064486408	Q9Y2B1	RXYLT1
0.05148691542	0.8135265022	Q96PC2	IP6K3
0.0269284462	0.9466972151	Q9BXW9	FANCD2
-0.05527617874	0.8392405609	Q13237	PRKG2
0.004259976459	0.9811154458	O00268	TAF4
-0.1298961305	0.4818957996	Q9P0W8	SPATA7
0.1100233123	0.6385177399	O75952	CABYR
-0.1226609373	0.549774896	O76075	DFFB
-0.2809017086	0.2562880205	Q9H7V2	SYNDIG1
-0.07339704024	0.8322780084	Q9BTP7	FAAP24
-0.3004447019	0.05836087679	Q9UC06	ZNF70
-0.09170292634	0.7750973213	E9PKD4	NPIPA5
0.2476144587	0.4039254452	Q0P5P2	C17orf67
0.05776824653	0.7571088779	O14628	ZNF195
-0.05034944581	0.6835441764	Q96MN5	TCEANC2
0.0486347789	0.8163929976	Q8N344	MIER2
-0.1244464862	0.4381799079	P58753	TIRAP
0.06050039804	0.7381975952	Q96NL6	SCLT1
0.06705604878	0.8621476117	Q96GA7	SDSL
-0.1397896239	0.5013189779	P0DMP2	SRGAP2B
-0.1115405083	0.3303401756	O15021	MAST4
-0.07357554809	0.6916007947	Q53H47	SETMAR
-0.005681861371	0.9829840816	Q13946	PDE7A
-0.06770096887	0.7351762031	Q9BV97	ZNF747
0.02165276528	0.9568919676	Q56NI9	ESCO2
0.184602678	0.3622271209	Q8TDC3	BRSK1
-0.295113874	0.08869268687	Q6PGQ7	BORA
-0.1746256513	0.6763067155	Q8TAT5	NEIL3
-0.004045894106	0.9885637701	Q96NJ6	ZFP3
-0.03373808118	0.8539433784	Q8NB90	SPATA5
-0.04533552179	0.8452586854	Q86XU0	ZNF677
-0.0214735994	0.9059922907	Q9ULK2	ATXN7L1
-0.0860924703	0.549461805	Q6NUN7	JHY
0.06819027476	0.558447915	P22083	FUT4
-0.153714514	0.3817524335	Q9H5F2	C11orf1
0.1814209525	0.3906153491	Q8N4S7	PAQR4
-0.04766731769	0.8370698856	Q9NZM4	BICRA
0.1841119633	0.6164560845	O43543	XRCC2
0.3494395535	0.0812329756	Q6P5S7	RNASEK
-0.1981085549	0.4947040564	Q8NB91	FANCB
-0.08885084459	0.6165827165	Q99572	P2RX7
-0.1119442267	0.5312791005	Q7Z4I7	LIMS2
-0.07360456405	0.6767094013	Q96NA8	TSNARE1
-0.09510035199	0.4405276541	Q9NXA8	SIRT5
0.004132742632	0.9878876614	Q12829	RAB40B
-0.02336109856	0.9204555565	Q9H790	EXO5
-0.1398490271	0.5808901361	Q9BTT6	LRRC1
-0.3224243468	0.1569589846	Q6ZNC8	MBOAT1
-0.05025185441	0.8266662881	Q9NRG7	SDR39U1
-0.0007417760989	0.9988481818	Q8WUX2	CHAC2
0.01949395677	0.9204026978	Q5HY98	ZNF766
-0.5613445259	0.06719584543	P54753	EPHB3
0.001445187412	0.9982285844	P01148	GNRH1
0.07158409553	0.7457088108	O75467	ZNF324
-0.215997297	0.2256066047	Q9P0L1	ZKSCAN7
-0.2319771582	0.4017177358	O00625	PIR
-0.0830401126	0.5891044457	Q96C28	ZNF707
0.2782572845	0.454796923	Q6P9A2	GALNT18
-0.3121345961	0.09232939069	Q8NBP7	PCSK9
-0.02702907392	0.8964646727	Q8NDD1	C1orf131
-0.05800662931	0.8229838161	Q92502	STARD8
0.1851427264	0.3105509001	O00327	ARNTL
0.03157685341	0.9312858721	Q8N350	CBARP
-0.2492943571	0.288488809	Q9P2H0	CEP126
0.5200292634	0.03363793738	Q5TEJ8	THEMIS2
-0.0221073518	0.9289352951	O14645	DNALI1
-0.03967951142	0.8119629061	Q9UHP7	CLEC2D
0.1297267335	0.5072282	Q8N5A5	ZGPAT
-0.1787829237	0.1772631449	Q8N139	ABCA6
0.07332378106	0.8185475824	Q9Y2R5	MRPS17
0.002691719493	0.9924939563	Q9Y672	ALG6
-0.01473956026	0.9671465472	A6NMK8	INSYN2B
0.1197648094	0.5666269138	P18440	NAT1
-0.2359455641	0.08587420699	Q8IY92	SLX4
-0.05231514312	0.7060927593	Q2M3R5	SLC35G1
0.05504763836	0.6388207696	Q1ED39	KNOP1
0.02371749514	0.9149006434	Q6NXR4	TTI2
0.008387092138	0.9729556408	Q9BUN1	C1orf56
-0.0895437229	0.6782417304	P55211	CASP9
0.07903371042	0.7182364751	Q6ZN04	MEX3B
0.2317753257	0.1257591091	Q70CQ4	USP31
0.06221080327	0.8878630614	Q96LL4	C8orf48
0.008514684794	0.9665327058	Q7RTP6	MICAL3
-0.1987572695	0.1639313495	Q96CX3	ZNF501
0.08143693412	0.6194875714	Q6ZWE6	PLEKHM3
-0.1733715208	0.4236742155	Q8N4U5	TCP11L2
-0.04582174411	0.8832605376	O14841	OPLAH
-0.07683737623	0.7340074729	Q5XG99	LYSMD4
0.2892864106	0.371584381	Q9NZU5	LMCD1
0.0904088028	0.3952474936	O60304	ZNF500
0.1827807674	0.4193195382	Q8WVI0	SMIM4
-0.2023673796	0.575718824	Q9ULZ3	PYCARD
0.1546311694	0.549461805	Q9BQE6	LBHD1
-0.06697518542	0.5254649009	Q68CZ1	RPGRIP1L
0.1236573411	0.5901985659	Q4VC05	BCL7A
-0.07470977576	0.603357468	P11171	EPB41
-0.1137810225	0.4449086802	P01031	C5
0.1505556839	0.4669583881	O15360	FANCA
0.4134205125	0.514142618	Q5TA79	LCE2A
0.03135699648	0.8717317394	Q8ND07	BBOF1
0.4331433914	0.05068187458	Q9H093	NUAK2
0.02577857702	0.905888918	Q9H777	ELAC1
-0.07816733262	0.5818874333	Q149N8	SHPRH
0.1473168403	0.3246150433	Q5JYT7	KIAA1755
-0.03731410023	0.8241416848	Q86X40	LRRC28
0.1072784047	0.647968659	Q96LZ7	RMDN2
-0.1542921375	0.3762167932	Q9HCL3	ZFP14
-0.04473419378	0.8379219805	Q8TB36	GDAP1
-0.05226756693	0.7429727048	Q9BZ29	DOCK9
0.1079829656	0.7832189718	Q96BD0	SLCO4A1
0.6806759346	0.2035612724	P23352	ANOS1
-0.06702175422	0.7296513575	Q99424	ACOX2
-0.224184079	0.09296562157	Q9H6R3	ACSS3
0.2562062347	0.07401520276	A4D1B5	GSAP
0.01651252504	0.968980131	Q12778	FOXO1
1.616167185	0.01150546785	O14625	CXCL11
-0.2769287982	0.2612532298	Q9UI17	DMGDH
-0.1651679821	0.4106624039	Q9H8G1	ZNF430
0.1637835797	0.6348673436	P26951	IL3RA
-0.05876288279	0.5602898864	Q8NFD5	ARID1B
0.00810312794	0.9708094759	Q9NVM6	DNAJC17
0.1368038758	0.3479985843	Q9UKA9	PTBP2
0.005891453042	0.9717448196	P49916	LIG3
-0.03958498469	0.8826547346	Q69YU3	ANKRD34A
-0.04513733323	0.7846942131	Q8NA42	ZNF383
-0.06775105766	0.7525468865	Q15928	ZNF141
-0.12372571	0.4745680053	Q66K79	CPZ
0.2524246897	0.4278882581	Q9UG22	GIMAP2
-0.2867590822	0.1131884952	A8MVW0	FAM171A2
-0.0168366445	0.9220723756	Q96JK4	HHIPL1
-0.09685447767	0.6657603233	O14904	WNT9A
-0.05763387589	0.6713287503	Q9P2J8	ZNF624
0.02344203421	0.9081873789	P58658	EVA1C
0.04650059892	0.8275173035	Q674X7	KAZN
-0.04780038018	0.9253829032	P13378	HOXD8
-0.0389148797	0.8257330589	Q9BQA5	HINFP
-0.1659330631	0.5893577682	Q8IVU9	CABCOCO1
0.03223366813	0.9051393496	Q86YJ5	9-Mar
0.1693501161	0.2119464661	Q96KV7	WDR90
-0.04746701509	0.8276879257	Q8NCU4	CCDC191
1.375518705	0.02244734065	Q5EBM0	CMPK2
-0.1118055239	0.436735712	O95716	RAB3D
0.02785038851	0.9154016252	Q6N043	ZNF280D
-0.04430272058	0.7262916088	Q14587	ZNF268
0.1270590745	0.6934141778	Q96HA8	WDYHV1
-0.08352803498	0.8388899754	P01591	JCHAIN
-0.03760092558	0.9198325393	Q16773	KYAT1
-0.1130535017	0.4771785679	Q8N8I0	SAMD12
0.0004536923408	0.9985045106	Q6N021	TET2
-0.05970410365	0.8229838161	Q96KS0	EGLN2
0.01387470545	0.959556435	Q7Z7A3	CTU1
-0.1968360433	0.2284909998	P0CJ79	ZNF888
0.1453087624	0.3884253577	Q6P6B7	ANKRD16
0.05728954627	0.7368123162	Q9P2D7	DNAH1
-0.2404741012	0.2754608542	Q9NWH7	SPATA6
0.05600458331	0.9096504435	Q14088	RAB33A
-0.07315879415	0.7480114113	O75373	ZNF737
0.1623314049	0.4998991835	Q96ES7	SGF29
0.05105914027	0.7229319444	Q5TEU4	NDUFAF5
0.3184365515	0.342250697	P11464	PSG1
-0.02614136523	0.9324805097	O43502	RAD51C
0.06091096928	0.8678359271	Q96MC6	MFSD14A
-0.1968561597	0.1848941825	A6NDV4	TMEM8B
-0.05520420026	0.8135265022	Q8WWG9	KCNE4
0.05103726837	0.7741043925	Q9Y6B7	AP4B1
0.1263618866	0.5336758117	O75486	SUPT3H
0.02795053241	0.9221348468	Q6UVJ0	SASS6
0.01945619647	0.94259151	Q9Y2B2	PIGL
0.04374718749	0.8878630614	P16415	ZNF823
0.2225039191	0.5835032922	Q6ZUK4	TMEM26
-0.123845411	0.371584381	Q3LXA3	TKFC
-0.003237790839	0.9940458128	Q6ECI4	ZNF470
-0.07145881471	0.6931216144	Q9P2S5	WRAP73
-0.05623894423	0.8097469558	Q96EL3	MRPL53
-0.04784205567	0.6823221932	Q03721	KCNC4
0.3087696442	0.4824566042	P30408	TM4SF1
0.2187045602	0.1891961889	Q9BYG0	B3GNT5
-0.1305091565	0.4508140995	Q8NBP5	MFSD9
-0.4916622046	0.01275005573	Q9NP59	SLC40A1
0.01874364745	0.9229101068	O00206	TLR4
-0.01525195553	0.9473819123	P17040	ZSCAN20
-0.3471187162	0.2236933026	P42330	AKR1C3
-0.09239895114	0.6199345851	Q6P5X5	C22orf39
0.1046613367	0.6731302185	Q9BS31	ZNF649
-0.03336983291	0.8242612257	Q13368	MPP3
-0.1866162771	0.3231570892	Q9Y5F9	PCDHGB6
0.03565222494	0.8559472511	Q5BVD1	C3orf52
-0.2161677666	0.1231539622	Q8N9R8	SCAI
0.07284657664	0.6969500746	Q96MP5	ZSWIM3
0.1353376725	0.5861869374	P12235	SLC25A4
-0.2268141609	0.1250167222	Q70EK9	USP51
-0.04392538492	0.737234255	Q9ULP9	TBC1D24
-0.06498510807	0.7553407243	O75525	KHDRBS3
0.194670171	0.2148856222	Q96SQ7	ATOH8
-0.1845971	0.1283450433	P10070	GLI2
-0.1794711508	0.3606966622	Q8WVZ9	KBTBD7
-0.1531121691	0.4743790436	Q8NES3	LFNG
-0.2020806765	0.4444802442	A0A2Z4LIS9	FOXO3B
0.06104952649	0.7011609641	Q9H2J7	SLC6A15
-0.01456684675	0.9543496287	Q96LT7	C9orf72
0.04521595128	0.7559877769	Q5VTQ0	TTC39B
0.2932782047	0.06960770763	P33402	GUCY1A2
-0.1354316554	0.3830045153	O00584	RNASET2
-0.1544236758	0.392868431	O75771	RAD51D
0.01377211264	0.9713289941	Q8N165	PDIK1L
0.05359757775	0.7758532169	Q9Y2D2	SLC35A3
0.1203627693	0.4469866403	O60237	PPP1R12B
-0.02855867987	0.8775035675	Q9UGT4	SUSD2
-0.03809145982	0.8420329107	A6NFY4	NEMP2
0.05044699477	0.8118620472	Q96MS0	ROBO3
0.08892862063	0.7947752815	Q7L590	MCM10
-0.101184359	0.367601596	Q9UQB8	BAIAP2
0.1963455366	0.5644665598	Q8N140	EID3
-0.07114070811	0.5851696351	Q96JX3	SERAC1
-0.07634788193	0.8539433784	O96024	B3GALT4
0.1408554124	0.2063698463	Q8IUQ4	SIAH1
0.1032441183	0.5968752274	Q96SL8	FIZ1
-0.04715148302	0.7560147214	Q5JVG8	ZNF506
0.002134861898	0.9909327601	Q96I34	PPP1R16A
-0.0897586162	0.7004301206	Q9BXM0	PRX
-0.3657261418	0.3662027064	A0A087WVF3	TBC1D3D
-0.2550983795	0.2470613336	P58505	C21orf58
0.01888793239	0.9004103466	Q02641	CACNB1
-0.08445169522	0.6348673436	Q24JQ0	TMEM241
-0.03252205992	0.831829767	O95359	TACC2
0.2627775285	0.1582493842	P25942	CD40
0.1172266385	0.5835032922	Q8TBB5	KLHDC4
0.08017547951	0.5962209252	Q9Y2P8	RCL1
-0.07702189839	0.6866696661	Q6ZT98	TTLL7
0.01287796974	0.959556435	Q6P1K8	GTF2H2C
0.02473562942	0.925093184	A0PJZ3	GXYLT2
-0.09107311951	0.5367830071	A4FU49	SH3D21
-0.1421155548	0.5468821159	Q9BWX1	PHF7
-0.04538119385	0.866062675	Q8N6R1	SERP2
-0.1184839755	0.545802832	Q9NXT0	ZNF586
0.1476646952	0.2075850065	Q63HK3	ZKSCAN2
0.02259769464	0.9260345616	Q96QE3	ATAD5
-0.1022529746	0.4412292098	Q9C030	TRIM6
0.02740913164	0.8616797767	Q14435	GALNT3
-0.03150556187	0.8780629061	Q330K2	NDUFAF6
0.1383974435	0.6320650441	B9EJG8	TMEM150C
-0.08751112489	0.5835032922	Q96LU5	IMMP1L
-0.08172399578	0.5468821159	P61129	ZC3H6
0.04212309508	0.8576822089	Q7Z340	ZNF551
-0.2883860477	0.2961623192	P20719	HOXA5
-0.05951578346	0.7700652686	Q684P5	RAP1GAP2
-0.1666965009	0.3970532582	Q8N283	ANKRD35
-0.2261363739	0.2103930976	O75129	ASTN2
0.07136865554	0.8007112983	Q969Y2	GTPBP3
-0.1982077513	0.3014201239	A6NCL7	ANKRD33B
0.1359312934	0.4777566399	Q92834	RPGR
-0.1137797385	0.5984414767	Q2Y0W8	SLC4A8
-0.11405366	0.5940911866	Q9NQ66	PLCB1
0.09674345975	0.7087518808	E7ETH6	ZNF587B
-0.1492797193	0.3271509141	Q9H972	C14orf93
0.03027750389	0.8273523431	Q8N988	ZNF557
0.108105012	0.514142618	Q8N4W9	ZNF808
-0.1398663	0.3263918929	Q17RM4	CCDC142
-0.04929927302	0.7582491706	Q6IPT4	CYB5RL
-0.0198655132	0.9407178603	P40617	ARL4A
-0.03077469188	0.826250813	O14910	LIN7A
-0.06218006088	0.6553354006	O43861	ATP9B
-0.3199137141	0.1723161154	O00534	VWA5A
-0.08836607648	0.7403872096	Q96AN5	TMEM143
0.1052921538	0.6969500746	Q0P6D6	CCDC15
-0.05208048735	0.7769017034	Q8WTR7	ZNF473
-0.01605569817	0.9602040081	O94986	CEP152
-0.1597307691	0.4571095737	Q53EQ6	TIGD5
0.2432257806	0.4988685632	Q7Z7K6	CENPV
-0.00020545757	0.9988481818	Q96JL9	ZNF333
-0.1392202469	0.5912863128	O95863	SNAI1
-0.02423411733	0.9250019258	Q6ZNA1	ZNF836
0.05776135142	0.6466504525	Q8N511	TMEM199
0.02995921959	0.9039384878	Q5QJU3	ACER2
-0.01867594337	0.917988707	Q86UY8	NT5DC3
-0.3110713861	0.09216851226	Q8TCD6	PHOSPHO2
-0.1131351571	0.6348673436	Q9NYF0	DACT1
-0.1502013405	0.4213595562	Q6NUT2	DPY19L2
-0.1808250908	0.386033927	Q969W9	PMEPA1
-0.01829857053	0.9039026937	A2RUC4	TYW5
-0.07979030503	0.6390106235	Q8IYB9	ZNF595
-0.118125616	0.5451089451	Q69YI7	NAIF1
-0.1635427369	0.2606724534	O43688	PLPP2
-0.007885653916	0.9799640148	Q96NA2	RILP
0.111852447	0.6761837701	Q2VIR3	EIF2S3B
-0.00889254123	0.9692001576	O43822	CFAP410
0.1060433223	0.4375212695	Q16760	DGKD
-0.09842277389	0.5829770981	Q96IU2	ZBED3
-0.07847345014	0.6064486408	Q8WV60	PTCD2
-0.01933684366	0.9383535307	Q6DHV7	ADAL
-0.1044708014	0.7047508825	Q9H300	PARL
-0.03353599917	0.9299148533	Q9BS34	ZNF670
0.168176345	0.2980430723	Q9BUT9	MCRIP2
-0.2885753959	0.2728954864	Q9ULL1	PLEKHG1
-0.1869824432	0.5250948214	Q2NL98	VMAC
0.02782566872	0.9189639125	P22794	EVI2A
0.07819680492	0.5660889968	Q92738	USP6NL
-0.05569724229	0.8381909843	P49356	FNTB
-0.1241835155	0.4728239115	Q8WXB4	ZNF606
0.0005132503658	0.9988481818	Q96IC2	REXO5
-0.1454991218	0.5034725037	Q9NP56	PDE7B
-0.1467373955	0.5449522309	Q5TKA1	LIN9
-0.1387922337	0.5997854057	Q99640	PKMYT1
-0.1778989727	0.5166669864	P21453	S1PR1
-0.009073392537	0.980951944	Q9BXJ5	C1QTNF2
-0.01141658309	0.9632899895	Q9UPW6	SATB2
-0.1561065298	0.2704795124	Q06732	ZNF33B
0.09033376317	0.765060299	Q8NCA9	ZNF784
-0.01985062701	0.9168370843	Q8N141	ZFP82
-0.2584981536	0.09923539568	Q8N187	CARF
-0.07934667703	0.8044004494	O14715	RGPD8
0.03988774331	0.9163443854	Q9HBH1	PDF
-0.1510221859	0.4851281685	Q8TEA1	NSUN6
0.01068293967	0.954900978	Q9BZE9	ASPSCR1
-0.03105520101	0.9039223483	Q8N5P1	ZC3H8
-0.1141731155	0.5898514331	Q7Z692	CEACAM19
-0.05840792124	0.667386266	P52744	ZNF138
-0.006334692721	0.9828442393	Q9BQI6	SLF1
0.01273670182	0.9579738682	Q9HCE9	ANO8
-0.1767894906	0.2510049736	Q8NHS4	CLHC1
0.1485967378	0.6931216144	Q9Y6R9	CCDC61
0.001813415449	0.9910963518	P09132	SRP19
-0.1389092525	0.3718314709	E7EW31	PROB1
0.02262623644	0.9189639125	Q96HQ0	ZNF419
-0.08471016819	0.7127344037	Q8N8Y5	ZFP41
-0.1554221259	0.3542503003	Q8N594	MPND
-0.05447756463	0.777030328	O14771	ZNF213
-0.0297234462	0.8788108207	Q86VX9	MON1A
0.09301155169	0.5203727944	Q9UHJ3	SFMBT1
0.0844594655	0.586550656	A2A3K4	PTPDC1
-0.4386643973	0.08070618857	Q9NZU0	FLRT3
-0.1206893454	0.6036863727	Q86VZ4	LRP11
0.02939678929	0.8711118998	Q9UN79	SOX13
0.0345072804	0.8021249132	Q68DA7	FMN1
-0.365363895	0.118406918	Q16587	ZNF74
-0.3242823189	0.2607934381	Q8N3G9	TMEM130
-0.1034022427	0.667386266	Q8IYQ7	THNSL1
-0.3234810982	0.2031459315	Q9H611	PIF1
-0.2063307773	0.571435333	P50876	RNF144A
0.07947486316	0.6857244401	Q96SI1	KCTD15
-0.03857050591	0.8068343669	Q7Z769	SLC35E3
0.1273415491	0.5157155461	P39905	GDNF
0.01198682979	0.9656230316	Q9HBW0	LPAR2
-0.05443782769	0.7076753338	Q9NQW1	SEC31B
0.007462317854	0.9711243236	Q7Z494	NPHP3
-0.04766227863	0.8273523431	Q32M78	ZNF699
0.02310306556	0.9127878854	Q9H7X2	C1orf115
-0.03021955254	0.9120520823	Q9UK96	FBXO10
-0.1624661365	0.6001018673	P10073	ZSCAN22
-0.2927122	0.1085545044	P49908	SELENOP
-0.07833334383	0.8091768047	Q8IUS5	EPHX4
-0.05488432824	0.7506397656	Q9UJC5	SH3BGRL2
-0.1435515353	0.4962644922	Q8WVP5	TNFAIP8L1
-0.06530955447	0.6931216144	Q5TC79	ZBTB37
0.08137495635	0.4895487437	Q8IYB7	DIS3L2
-0.1058112233	0.2627296025	Q9BSK1	ZNF577
-0.006399659188	0.9700430614	P07332	FES
-0.1622100516	0.3436699684	Q96MY7	FAM161B
0.01735423971	0.9624701442	Q86YA3	ZGRF1
-0.1119982307	0.6551900494	Q49AA0	ZFP69
-0.2130527099	0.2958390983	Q8TAX0	OSR1
-0.07963657306	0.7848169145	Q9UIF7	MUTYH
-0.1934214006	0.5326944565	Q8N393	ZNF786
-0.1868578599	0.3271509141	Q9Y2D0	CA5B
0.1533981489	0.4513743452	Q86T82	USP37
-0.1190550329	0.5744880912	Q8N2I2	ZNF619
-0.1576277469	0.362347357	Q8IVT5	KSR1
-0.09066325808	0.5726470545	Q6ICL7	SLC35E4
1.509114488	0.01169933542	Q8WXG1	RSAD2
-0.1487209396	0.3972657423	Q86YD3	TMEM25
0.05181800538	0.6286940932	Q9NZW5	MPP6
-0.05021016045	0.8275012334	O95081	AGFG2
0.003616127409	0.992857651	Q6UW78	UQCC3
-0.07725599942	0.7106904631	Q15915	ZIC1
-0.08803585479	0.4840281788	P35398	RORA
0.1307701274	0.7530453173	Q9BV81	EMC6
-0.04308760368	0.8353159426	Q8IYJ0	PIANP
0.01455794027	0.9339649085	Q3ZCX4	ZNF568
-0.02875161945	0.8711118998	Q8N0W3	FUK
-0.1037395223	0.6737087224	Q9BYW1	SLC2A11
0.06553575675	0.7106904631	Q6PF04	ZNF613
0.1003946314	0.7548882883	Q9BRX9	WDR83
-0.1194017053	0.4222159009	Q6XE24	RBMS3
-0.03769401045	0.8447355895	O75096	LRP4
-0.1716748541	0.5475771914	Q8N0U4	FAM185A
-0.003114861426	0.9933382839	P83369	LSM11
-0.01112980874	0.94259151	Q5T0U0	CCDC122
-0.1587049871	0.3320618983	P98077	SHC2
0.03747887803	0.9059109433	Q9NS62	THSD1
0.03225824163	0.7903288433	Q96LX8	ZNF597
0.03443125012	0.8974101187	Q9NXP7	GIN1
0.4874384909	0.1595359862	Q02930	CREB5
0.1594715696	0.3225008411	Q8N3A8	PARP8
-0.2149550798	0.4062820418	Q7Z4K8	TRIM46
-0.02638546298	0.8242612257	P14859	POU2F1
-0.2605742261	0.2380299879	Q4KMQ1	TPRN
0.1623645688	0.6790748671	P15374	UCHL3
-0.08546203306	0.571435333	Q9Y2V0	C15orf41
-0.1766258468	0.1754361166	Q96JY6	PDLIM2
-0.09129509524	0.4851868455	B4DX44	ZNF736
-0.2289174022	0.2923196821	Q9H0I3	CCDC113
0.5915268749	0.08955124943	Q8TE58	ADAMTS15
-0.0814903115	0.7958831068	Q9H469	FBXL15
-0.103640786	0.6502781376	P11049	CD37
0.140008137	0.4962400916	Q9BRR0	ZKSCAN3
-0.1098519886	0.4213595562	Q719H9	KCTD1
0.03349384839	0.806699073	Q5TGZ0	MINOS1
-0.1809448381	0.414364926	Q8N8L2	ZNF491
-0.08712701667	0.7673893136	Q66K66	TMEM198
-0.3143496485	0.1413706557	O75155	CAND2
0.7650977713	0.003642306991	O15075	DCLK1
-0.06676015072	0.6248902823	Q7L3S4	ZNF771
0.105354763	0.449689909	P98182	ZNF200
-0.1257783209	0.545802832	Q9UKP4	ADAMTS7
-0.1690924073	0.5310871041	Q76EJ3	SLC35D2
-0.1824027943	0.3412210987	P12821	ACE
-0.1001419189	0.6538805069	Q7Z2Z1	TICRR
0.009148557181	0.9624701442	Q0GE19	SLC10A7
0.000828372362	0.9978157527	O75251	NDUFS7
0.03461436838	0.8756300541	Q6P9G4	TMEM154
-0.006507682006	0.9817050546	P17021	ZNF17
0.05393078732	0.8231859837	Q86W54	SPATA24
-0.1510731885	0.363386225	Q96HA4	C1orf159
-0.1864831053	0.1341486968	P56524	HDAC4
-0.1667626186	0.3562255843	Q96BW9	TAMM41
-0.005698479584	0.9871602612	Q86VQ0	LCA5
0.04366071293	0.9000720627	Q9H6U8	ALG9
0.1131838615	0.3971788006	Q8N554	ZNF276
0.2146431855	0.4049102651	Q16540	MRPL23
-0.1027769862	0.5154920916	Q9H0M4	ZCWPW1
-0.1534136543	0.4173097955	P51693	APLP1
0.0334876151	0.9123732698	Q9NSG2	C1orf112
-0.1059685933	0.5157853238	O60346	PHLPP1
-0.0695279539	0.8290582784	Q9UBC3	DNMT3B
0.005420013825	0.9872382614	Q9UND3	NPIPA1
-0.2704704208	0.08100889268	P48751	SLC4A3
-0.04749605472	0.8798141154	Q6P3X8	PGBD2
0.002880510661	0.9872382614	Q6ZSY5	PPP1R3F
-0.05861963385	0.7573994459	Q9Y2J2	EPB41L3
-0.04880849501	0.8634165912	P34896	SHMT1
-0.001594881731	0.9959676218	P51511	MMP15
0.3028786759	0.1453210868	Q8TC76	FAM110B
0.0707702684	0.7261047539	Q8IXS2	CCDC65
0.00969814121	0.960721269	O75879	GATB
0.05965462524	0.9088620657	P07492	GRP
0.05078620227	0.7229319444	Q9UII5	ZNF107
-0.147525592	0.2654385051	Q8NFY4	SEMA6D
0.03460594723	0.9160529921	Q2M3C7	SPHKAP
-0.1457158338	0.5415956955	O15488	GYG2
0.04558216226	0.8068343669	Q9H6Q4	CIAO3
1.115146423	0.0004459411662	P18847	ATF3
0.07003781986	0.6388207696	O15534	PER1
-0.03855696156	0.7827350016	Q96JM2	ZNF462
-0.006117882627	0.992857651	Q3SXP7	SHISAL1
-0.08094219959	0.4449086802	Q96JK9	MAML3
-0.1593224552	0.294600772	Q9NQT8	KIF13B
0.9218549763	0.008057283037	Q96RQ9	IL4I1
-0.06761106875	0.8082814898	Q9BXM9	FSD1L
0.009175033969	0.9663293582	P14621	ACYP2
-0.2228488659	0.3701649402	P17039	ZNF30
0.1155973232	0.5808852701	Q9HC16	APOBEC3G
-0.3271870387	0.2958390983	O43482	OIP5
-0.2537509143	0.4071318645	Q9BW11	MXD3
0.2280272414	0.3110186353	O15091	KIAA0391
0.001379647405	0.9975860854	Q86VU5	COMTD1
-0.0635827248	0.6731302185	Q9NY57	STK32B
-0.05718635763	0.7732600326	P31268	HOXA7
0.08231415813	0.7439300104	P0DPI2	GATD3A
0.03634180288	0.8806816027	Q7Z6V5	ADAT2
-0.1455062707	0.2648092448	Q3KR37	GRAMD1B
-0.1260744702	0.2606724534	Q9P267	MBD5
-0.1449767973	0.2908762382	Q13275	SEMA3F
-0.1468800407	0.5113048907	Q9Y3D7	PAM16
-0.08796943992	0.7553407243	Q8N196	SIX5
-0.03978333691	0.8553642545	Q13253	NOG
-0.2024059481	0.196658936	Q86TW2	ADCK1
0.05500134317	0.8163794623	Q6ZSB9	ZBTB49
-0.008364712334	0.9767219941	P25106	ACKR3
0.04748950475	0.8878630614	P46089	GPR3
0.7230693735	0.03939747057	P01583	IL1A
0.03973892292	0.8581259138	O75843	AP1G2
-0.01688370778	0.9385165486	P05091	ALDH2
0.05483896572	0.8607314452	Q96NG8	ZNF582
-0.1287272911	0.5451089451	O00339	MATN2
0.1029622301	0.8392405609	P43026	GDF5
-0.1458499495	0.299341945	O60890	OPHN1
0.0287099481	0.9306678654	P04075	ALDOA
0.1127541831	0.436735712	Q9H6E5	TUT1
0.1553206454	0.4763796572	O95236	APOL3
-0.03926277633	0.8097469558	Q8IW93	ARHGEF19
-0.02929140868	0.910202645	Q9UL42	PNMA2
0.3284298692	0.164959003	Q13451	FKBP5
-0.2100814011	0.3064223015	Q9P202	WHRN
-0.02097806501	0.9215034475	P23942	PRPH2
-0.1112450626	0.3932932755	Q9H6U6	BCAS3
-0.06227373916	0.5921275668	Q9Y5P8	PPP2R3B
0.06254128406	0.8266662881	Q96G91	P2RY11
0.02549529788	0.8684914569	Q96P53	WDFY2
-0.1424193185	0.3110186353	Q9BQS7	HEPH
0.08297991745	0.650821551	Q8IUZ0	LRRC49
0.1131847044	0.4803926946	Q9NQZ6	ZC4H2
0.3422313984	0.3845018051	Q01469	FABP5
-0.03866472278	0.9129839714	Q3MJ62	ZSCAN23
-0.03180440119	0.8439909332	Q7Z5N4	SDK1
-0.02625987558	0.9511580544	Q99946	PRRT1
0.01144075232	0.9690196329	Q9HC52	CBX8
0.07828508279	0.7231467921	Q9BQ89	FAM110A
-0.09568635352	0.7327153156	Q6IV72	ZNF425
0.04989518136	0.8020103981	Q9NUI1	DECR2
-0.4105824963	0.3059521341	O14907	TAX1BP3
-0.121206153	0.5835032922	Q8IYD8	FANCM
-0.1109784221	0.3634703787	Q9H7P6	MVB12B
-0.08139028796	0.4534263909	Q96MX6	WDR92
-0.0570820396	0.7429727048	Q86W74	ANKRD46
-0.0478590006	0.863770992	Q8TE04	PANK1
-0.1116615833	0.6934141778	Q96D98	EID2B
-0.1449150636	0.3830045153	Q9NRZ5	AGPAT4
-0.06043785729	0.6814203633	Q5JVL4	EFHC1
-0.236734976	0.4449086802	Q8TEY5	CREB3L4
-0.1261446597	0.5795790288	Q8NBM8	PCYOX1L
0.1148245465	0.4278882581	O43542	XRCC3
0.1763615439	0.5519324824	Q86X67	NUDT13
-0.01932742537	0.9541348917	P28067	HLA-DMA
0.04308197349	0.7238997445	O43283	MAP3K13
0.7377253252	0.01952322795	Q9C002	C15orf48
-0.2813090136	0.06694532062	Q5K4L6	SLC27A3
-0.1502829922	0.3622271209	P24855	DNASE1
-0.04227383573	0.9021778474	Q9HBA0	TRPV4
0.2399906217	0.1535517679	Q8NDX9	LY6G5B
-0.1485618579	0.3833642222	O95263	PDE8B
0.2053963894	0.2728954864	Q7RTY0	SLC16A13
0.01154843769	0.9263333948	P15622	ZNF250
-0.1445786409	0.5458140617	Q8IZ08	GPR135
0.0610292345	0.7514219182	O60294	LCMT2
0.2700081376	0.2661976682	Q96EL2	MRPS24
0.01887640896	0.9535063143	Q5T7B8	KIF24
0.2175991008	0.4039792955	Q9H4T2	ZSCAN16
-0.1157889915	0.7127344037	Q7Z5W3	BCDIN3D
0.2837159284	0.542916391	A6NCE7	MAP1LC3B2
-0.1698752489	0.139196709	Q8N2Q7	NLGN1
0.1243122908	0.536913638	P54922	ADPRH
0.3595810102	0.08800953395	Q9BVA1	TUBB2B
0.2576521562	0.1582493842	Q8N7C4	TMEM217
-0.02652143932	0.9257870836	Q8N4P2	TTC30B
-0.08253540199	0.7395109298	Q86YE8	ZNF573
0.1423519112	0.5244750516	P36402	TCF7
-0.01490159528	0.9315351006	Q86V71	ZNF429
0.07367503585	0.6409153295	Q8NE22	SETD9
-0.1194574333	0.3489119447	Q9H6X5	C19orf44
-0.05110304797	0.7702084272	Q9NRP2	CMC2
-0.06546817408	0.6731302185	A8K0R7	ZNF839
-0.06818712566	0.6680549888	Q6P3S1	DENND1B
-0.2562328697	0.1340269493	Q5T8I9	HENMT1
0.1305378958	0.3872711688	Q6P5Z2	PKN3
0.1553844797	0.4998991835	Q8IYP9	ZDHHC23
0.06470772426	0.6676831289	Q9Y4D2	DAGLA
0.0599367649	0.7848040859	Q6VVB1	NHLRC1
-0.08893237702	0.4122182916	Q9NRB3	CHST12
0.3537270277	0.4367960031	P10600	TGFB3
-0.0002196168517	0.9988481818	O43361	ZNF749
-0.003870937562	0.9904412369	Q8WWL2	SPIRE2
-0.08143733204	0.7666251244	Q6UXP7	FAM151B
0.5324298526	0.02315184347	Q92570	NR4A3
-0.03694349517	0.8775035675	P16520	GNB3
0.03333172418	0.8595524048	Q8TAP6	CEP76
0.007916772846	0.968980131	Q9Y6U7	RNF215
0.02138890291	0.9059922907	Q9Y4D1	DAAM1
0.03190644026	0.9039026937	P56597	NME5
-0.003429017257	0.9867872419	Q2TAA5	ALG11
-0.1075507184	0.5451089451	Q9BRC7	PLCD4
-0.0950361983	0.4813778946	Q9BWT7	CARD10
-0.1608719732	0.3634703787	Q9BXT6	MOV10L1
0.1435202619	0.457245372	Q8N9Z0	ZNF610
1.551055831	0.04570514778	P32249	GPR183
-0.222877747	0.1946978695	Q9NSA2	KCND1
-0.02699193926	0.8797406326	P58340	MLF1
-0.07225079395	0.8004062997	Q86Y97	KMT5C
0.06980657625	0.6225782482	A8K8P3	SFI1
-0.08030034315	0.4439078593	Q8TF32	ZNF431
-0.09976834895	0.6362707613	Q8N6D2	RNF182
0.07181506307	0.5313853729	Q6ZN06	ZNF813
0.06109537973	0.6761837701	Q9C0H5	ARHGAP39
0.1666043326	0.3611116253	Q6BAA4	FCRLB
0.121007339	0.3271509141	Q2VYF4	LETM2
0.2271548367	0.1401599805	Q8N3J3	C17orf53
-0.003580118817	0.9870406171	O95684	FGFR1OP
0.003130537475	0.9903444068	P17020	ZNF16
0.01214963876	0.9673813963	Q9BUR4	WRAP53
-0.002987324297	0.9912780831	O94910	ADGRL1
-0.05059177703	0.7872401414	Q9BR84	ZNF559
-0.02595040565	0.9602040081	O94788	ALDH1A2
0.05219124594	0.905888918	Q9H0X6	RNF208
0.2601951339	0.194175425	Q9H8X2	IPPK
-0.1066899696	0.4513743452	Q9H8M5	CNNM2
-0.1212196005	0.545802832	Q8N6Q8	METTL25
0.2171973793	0.2356796658	P18054	ALOX12
1.715382648	0.002175461632	P04141	CSF2
-0.137766948	0.5984414767	Q53S58	TMEM177
0.0715617499	0.7042894561	O15069	NACAD
-0.2459402889	0.118406918	Q9P2N2	ARHGAP28
0.1357289645	0.731951795	Q8WUK0	PTPMT1
-0.01915522212	0.9680437676	Q6UXS9	CASP12
-0.03591879561	0.8860911382	O95998	IL18BP
-0.09147149898	0.6112434928	P54646	PRKAA2
-0.1102330971	0.5795790288	O14893	GEMIN2
-0.1198783867	0.3920693829	Q9BT17	MTG1
0.07293052435	0.7423282001	Q4KMZ1	IQCC
-0.1043318874	0.7335956262	Q9P1Z3	HCN3
-0.08977606395	0.5501327434	A2RUR9	CCDC144A
-0.1449256039	0.4459660589	Q9HCI5	MAGEE1
-0.05234797718	0.7454019413	Q8NI35	PATJ
-0.07673512789	0.8228155921	O43379	WDR62
0.4896213813	0.1929426304	Q9NR55	BATF3
0.01285036968	0.9687742446	Q9BS92	NIPSNAP3B
-0.01476719179	0.925093184	P29323	EPHB2
0.09467386616	0.6037116283	O15055	PER2
0.1407878703	0.5602898864	Q9BZE7	C22orf23
-0.008555792004	0.9625805299	Q9BY12	SCAPER
-0.02444058398	0.8822644677	Q8N3X6	LCORL
-0.1235665089	0.7161921122	Q92837	FRAT1
-0.07880417735	0.7828476448	Q96RD6	PANX2
0.0245267335	0.9039026937	O76090	BEST1
0.008358848826	0.9856753095	A6XGL0	YJEFN3
-0.2365192908	0.3786970195	Q5T6J7	IDNK
0.01884405878	0.9290323807	P17098	ZNF8
-0.1077807359	0.6667330411	Q9H7X3	ZNF696
0.01743934975	0.9204555565	Q8N5X7	EIF4E3
-0.04742167737	0.858760346	Q96MB7	HARBI1
0.1160448597	0.7531862212	Q8WV74	NUDT8
0.2530530963	0.3718314709	Q9Y6Z7	COLEC10
-0.09391417587	0.6076980152	Q96BK5	PINX1
0.2449146989	0.4236742155	Q9NPE6	SPAG4
-0.06647037701	0.5861869374	Q14839	CHD4
-0.03836030258	0.8275173035	P78563	ADARB1
0.1848070424	0.4685930064	Q6IS14	EIF5AL1
0.001191206626	0.9975899627	Q86UZ6	ZBTB46
-0.08044570093	0.6909157607	A0A1B0GTU1	ZC3H11B
-0.04123280338	0.8822644677	Q6DN14	MCTP1
0.03312537138	0.8895948974	B4DU55	ZNF879
0.0356850743	0.8556264817	Q6ZWJ1	STXBP4
0.02428203196	0.9040307011	Q9UGJ1	TUBGCP4
-0.05338578806	0.7341004799	O60309	LRRC37A3
-0.1875824747	0.1549803082	Q5VZ46	KIAA1614
0.08016259999	0.5965231123	O95620	DUS4L
-0.03207246423	0.8405591983	Q8WWT9	SLC13A3
-0.002392128787	0.9952555977	Q8NE62	CHDH
-0.02027829426	0.9593919794	Q08ER8	ZNF543
-0.1992048735	0.3446843463	Q9NQ88	TIGAR
0.02872232669	0.8242612257	Q96K80	ZC3H10
0.2132790093	0.2015422522	Q9Y4J8	DTNA
0.07536672105	0.536913638	Q86Z20	CCDC125
0.03577276084	0.8751173403	Q9Y4U1	MMACHC
-0.04472866148	0.9425380013	Q96GX8	C16orf74
0.08050541191	0.686203932	Q9C0D0	PHACTR1
0.1334938163	0.6351881615	Q8WUY3	PRUNE2
-0.1589272991	0.3190706145	Q9NYQ6	CELSR1
-0.1205861444	0.6871425818	H3BV60	TGFBR3L
0.05788405987	0.863770992	Q96DC7	TMCO6
0.01481410567	0.968980131	P15421	GYPE
-0.07186768122	0.686203932	Q12774	ARHGEF5
-0.09027068833	0.5592995392	Q9NQ36	SCUBE2
0.03542244383	0.8762661258	Q9P243	ZFAT
0.06353377024	0.7296513575	Q92824	PCSK5
0.00699810924	0.9851752049	Q86SG6	NEK8
0.2282907297	0.3374912493	Q2VPJ9	LRRC75B
0.05952874197	0.8822644677	Q9P217	ZSWIM5
0.210135339	0.426255929	W5XKT8	SPACA6
0.03436922964	0.9081873789	Q7Z4V0	ZNF438
0.009939527198	0.9690196329	Q3KQZ1	SLC25A35
-0.06261852386	0.8112283962	Q13683	ITGA7
-0.05858304115	0.686203932	Q9Y2T1	AXIN2
-0.1252868387	0.3314132925	P0CB38	PABPC4L
0.09126334049	0.6673007223	P09630	HOXC6
0.02611349874	0.9149008046	P0C0S8	HIST1H2AG
-0.0650868254	0.7479333163	Q86VH2	KIF27
-0.04757284635	0.8161790988	Q6PFW1	PPIP5K1
0.1275301826	0.7729590327	Q6UWS5	PET117
0.001846264317	0.9934312456	Q6UXB0	FAM131A
0.2503828031	0.2132755574	Q8N2A8	PLD6
-0.04897974847	0.8631767961	Q8IUX8	EGFL6
0.04792793236	0.9204026978	O95158	NXPH4
0.2174916473	0.4318558071	O95466	FMNL1
0.06933500844	0.7796141655	P83881	RPL36A
0.0002900781298	0.9988481818	Q9UBI4	STOML1
0.06970667593	0.7571543999	Q9H9P8	L2HGDH
-0.1476423552	0.1946978695	Q86XX4	FRAS1
-0.03938622209	0.9525102449	A6NGH8	ANKRD61
-0.07768290672	0.7775294112	Q96DC8	ECHDC3
0.2857153121	0.1448406683	P60842	EIF4A1
0.8235299838	0.1519369903	P05305	EDN1
1.38230587	0.001532525152	P19876	CXCL3
0.3058723481	0.07762281308	O60312	ATP10A
-0.389795355	0.1528896733	Q86XT2	VPS37D
-0.1945996672	0.1283450433	Q8NEM1	ZNF680
0.1660322078	0.5218196028	Q86Y78	LYPD6
0.002022593605	0.992857651	Q8IW19	APLF
0.2272071124	0.08955124943	Q9NPH3	IL1RAP
-0.03308256812	0.868894039	Q15813	TBCE
-0.2022933082	0.3250687956	Q8NFP4	MDGA1
-0.3805298733	0.1401599805	A1A4G5	LNP1
0.05607998473	0.6899373293	P40933	IL15
0.08039091563	0.6903660883	Q9P2K5	MYEF2
-0.0008861355628	0.9968461974	Q8IZN3	ZDHHC14
0.2306545017	0.4508110904	Q6NVU6	UFSP1
-0.2797467326	0.1140141282	Q6P2I3	FAHD2B
-0.129405021	0.3701649402	Q5BKX6	SLC45A4
-0.08867888002	0.6463945214	Q9P0S2	COX16
0.1376214281	0.5203727944	Q96E40	SPACA9
-0.1018862279	0.7367823426	Q0ZLH3	PJVK
-0.02068749062	0.9059922907	Q8TD23	ZNF675
-0.2709097364	0.1750612861	Q9NZC7	WWOX
-0.01867438178	0.9305924004	P27037	ACVR2A
-0.1785752321	0.4076707244	Q8IYT4	KATNAL2
-0.1918638749	0.2865871698	Q8TEU7	RAPGEF6
0.1504066916	0.4525953943	Q7Z624	CAMKMT
-0.2180471505	0.1257591091	Q96NH3	TBC1D32
-0.01642245373	0.9091860228	Q96MD2	C12orf66
-0.06986835519	0.8381909843	Q9HD47	RANGRF
0.3581940024	0.6168572712	P43354	NR4A2
0.04018095781	0.8135265022	Q9H078	CLPB
0.2265481347	0.3145343628	Q8N8J7	FAM241A
0.1914876642	0.4459660589	Q96NX5	CAMK1G
0.03222932044	0.797556579	Q9BYV8	CEP41
0.0421062602	0.7165508222	Q96HP4	OXNAD1
-0.03410094516	0.8848815011	Q96C12	ARMC5
0.051559207	0.797556579	Q8WW22	DNAJA4
0.1020927239	0.686203932	Q5UAW9	GPR157
0.1579879526	0.5000657607	P55851	UCP2
0.264181357	0.1791575441	Q00978	IRF9
0.02615347993	0.9250123931	Q9BZF3	OSBPL6
-0.1117668642	0.4962644922	A0AV02	SLC12A8
-0.03094212309	0.8869236005	Q86UW9	DTX2
0.07207914815	0.7917151754	Q9UM01	SLC7A7
0.1654427401	0.4006355285	Q9P289	STK26
0.02407373854	0.9756242478	A0A0B4J2E0	TRBV12-4
-0.1153170287	0.4660674416	Q13303	KCNAB2
-0.08889184201	0.6469857045	Q8IVH4	MMAA
-0.2632723935	0.3483157016	Q96AY2	EME1
-0.2139027316	0.2413013291	Q4VCS5	AMOT
0.04626154627	0.8258148958	Q8N7K0	ZNF433
-0.1293263205	0.2745880088	Q86XD8	ZFAND4
-0.04195959368	0.8928136962	Q7L0Q8	RHOU
-0.04744944895	0.8120834355	Q8TD30	GPT2
0.03622319639	0.8275173035	Q96C24	SYTL4
-0.2045490718	0.08822643015	P50895	BCAM
-0.07567402255	0.6998908856	P24278	ZBTB25
-0.1355708752	0.3847861556	Q96M86	DNHD1
0.05885828621	0.767204016	Q9UIG8	SLCO3A1
-0.314163656	0.3675018365	Q96A47	ISL2
-0.1652192749	0.2592219468	Q12889	OVGP1
-0.07316323547	0.806807266	Q16538	GPR162
-0.1086174388	0.279881176	Q99766	ATP5S
0.02270826999	0.9444142936	Q10469	MGAT2
0.03987092815	0.8348909712	Q14592	ZNF460
0.03375876572	0.8399886804	Q96FH0	BORCS8
0.04350324969	0.8866568039	Q5BKX8	CAVIN4
0.1308937264	0.5076385111	P14317	HCLS1
0.768484514	0.08100889268	Q06889	EGR3
-0.2059303012	0.42038336	O95837	GNA14
0.03189329953	0.8581950346	Q7Z353	HDX
-0.01710911728	0.9602040081	O43448	KCNAB3
0.1151332207	0.4166434634	Q9Y587	AP4S1
0.1726456255	0.4285496581	Q8NEH6	MNS1
0.2350053104	0.6527491592	P09237	MMP7
-0.07569238794	0.6987260251	Q9NV72	ZNF701
0.09496837245	0.4185847441	Q8NDW8	TTC21A
0.279573625	0.487928449	Q07343	PDE4B
-0.002526621179	0.9910963518	Q6PK81	ZNF773
0.6594710177	0.04301981243	Q9Y603	ETV7
0.08749034464	0.7335956262	Q3MIT2	PUS10
0.05095418602	0.6823221932	O14523	C2CD2L
-0.09641659617	0.6695628862	Q5BN46	C9orf116
0.05069789308	0.7916081447	Q14774	HLX
-0.1237935349	0.5072398801	P52742	ZNF135
0.3436326548	0.1411721225	O95072	REC8
0.1049750469	0.775446504	Q9BTV5	FSD1
0.4988881846	0.06115523172	Q92819	HAS2
-0.03986704958	0.8112283962	Q6P3V2	ZNF585A
0.001294793294	0.9968897747	Q5JTC6	AMER1
0.04021897847	0.8332045654	P57087	JAM2
-0.08861386648	0.6152413204	Q12791	KCNMA1
0.08281179631	0.7116053091	Q9BT25	HAUS8
-0.09566258324	0.9002634746	A0A1B0GVM5	ETDC
-0.02171031995	0.9222550947	Q9HA82	CERS4
0.01097921492	0.9597488548	Q7RTN6	STRADA
0.03241466957	0.8788791132	Q01664	TFAP4
-0.2124942723	0.1278476922	Q96ET8	TVP23C
-0.1837810087	0.5666269138	P0CI01	SPDYE6
-0.06780308422	0.8707105392	Q8TF76	HASPIN
0.1267106012	0.545802832	Q96CW6	SLC7A6OS
-0.2091918118	0.4822446278	P68431	HIST1H3E
0.07236900068	0.5677072305	Q9UQ07	MOK
-0.0623986419	0.6006601876	Q9H7Z3	NRDE2
0.02635553776	0.9203884892	Q96S86	HAPLN3
-0.02695666201	0.8907977179	Q9Y316	MEMO1
-0.03792093914	0.8025488861	Q9BY31	ZNF717
0.05004816531	0.8203931418	Q13888	GTF2H2
0.1785343731	0.3607494042	O43312	MTSS1
-0.07205302191	0.5751222378	Q9Y6H3	ATP23
-0.02354972815	0.9327876431	Q5SXM1	ZNF678
0.03186738061	0.8452182669	Q96MU6	ZNF778
-0.1259869398	0.5072282	Q5XKL5	BTBD8
0.3684243474	0.02244734065	O95800	GPR75
-0.1507695968	0.5243602588	Q6ZQX7	C17orf97
-0.1662508045	0.440431595	Q6IA17	SIGIRR
-0.02615063788	0.919118084	P0C875	FAM228B
-0.3288783082	0.0548176243	O60861	GAS7
0.1606769675	0.3271509141	Q68EA5	ZNF57
-0.09606620606	0.669137001	Q76LX8	ADAMTS13
0.03103692286	0.8616797767	Q8IYL2	TRMT44
-0.08181791656	0.5808901361	Q52LD8	RFTN2
0.1327068655	0.481737587	Q9ULT6	ZNRF3
-0.08948064536	0.4112559226	Q8WUR7	C15orf40
0.03717151018	0.9230746992	O43521	BCL2L11
0.1036933296	0.4508140995	Q2PPJ7	RALGAPA2
0.06722893156	0.7603662671	Q9UKS7	IKZF2
-0.02108241221	0.9143104375	P28715	ERCC5
-0.1051926286	0.670518852	Q13404	UBE2V1
-0.007277320732	0.9708094759	Q9Y5R4	HEMK1
-0.05025682775	0.6793089443	Q8WXB1	METTL21A
0.1006834001	0.4962400916	Q96T52	IMMP2L
-0.04495432009	0.7832189718	Q6P9A3	ZNF549
0.6515036411	0.01528382721	P30793	GCH1
0.403238944	0.3862084907	Q04864	REL
0.1511826681	0.4601376826	Q9H2F9	CCDC68
0.481160007	0.06506204292	Q6NUP7	PPP4R4
-0.0007750152145	0.9975899627	O75427	LRCH4
-0.07144354123	0.5458140617	Q6ZNG1	ZNF600
0.05368634334	0.7245783696	Q9C0I9	LRRC27
-0.1065941863	0.4888223784	Q5I7T1	ALG10B
-0.2473959096	0.2127737702	Q9Y5Q3	MAFB
-0.2300152094	0.3518272213	Q7RTU7	SCX
-0.1870506782	0.4340670857	Q9NX57	RAB20
-0.02185970357	0.9310735595	Q15109	AGER
-0.04791473882	0.8623638279	Q9P1U1	ACTR3B
0.2486844544	0.200300999	P78380	OLR1
0.1304786116	0.6191402546	P42680	TEC
-0.1455426626	0.5556124532	Q8IUA7	ABCA9
-0.01851378458	0.9385165486	Q9UL59	ZNF214
-0.05429572758	0.7582491706	Q4VC12	MSS51
0.01864198216	0.9334729082	Q3B820	FAM161A
0.01597297254	0.9157167536	O75161	NPHP4
0.04985515938	0.8123161872	Q96RG2	PASK
-0.05970364006	0.8500176058	Q9HCZ1	ZNF334
0.03986906138	0.8711118998	Q9Y5W3	KLF2
0.04671256285	0.8867637849	Q8NI38	NFKBID
0.2634268568	0.1733304834	P55042	RRAD
0.003429379545	0.9952467338	Q8NEA4	FBXO36
0.07906302476	0.6713287503	Q9NZ53	PODXL2
0.02213500996	0.9081873789	Q8IUC4	RHPN2
-0.07938064048	0.6965792266	Q8N865	C7orf31
-0.1904445483	0.549774896	Q5TGI4	SAMD5
-0.01136192457	0.9602040081	A2RU67	FAM234B
0.1442680888	0.3932932755	Q53HC5	KLHL26
-0.0211077454	0.9489284509	Q6AW86	ZNF324B
-0.01443838675	0.968980131	P30279	CCND2
-0.006985397579	0.9734251207	Q8TBZ6	TRMT10A
1.056924605	0.0107952057	Q9NSE2	CISH
0.6260046591	0.02912855174	Q9BZM5	ULBP2
-0.07376858333	0.7454019413	Q96MW7	TIGD1
-0.07623360899	0.6257131279	P43003	SLC1A3
-0.07502849527	0.7197712314	Q5SYE7	NHSL1
0.1710341106	0.6203406058	P47902	CDX1
0.6490047335	0.00700401672	Q9UNG2	TNFSF18
0.355513	0.4824566042	Q86W26	NLRP10
0.01222207459	0.9688666629	O75366	AVIL
0.1201625453	0.6085191108	Q6PH81	C16orf87
0.5799712323	0.021123142	Q96PP9	GBP4
0.4373444005	0.1871654746	P80297	MT1X
-0.05043019385	0.8623638279	Q9UH73	EBF1
0.05440570071	0.6980637564	Q96F25	ALG14
0.2268875654	0.4324774911	P22736	NR4A1
0.1351903515	0.5726470545	P37287	PIGA
-0.1215842234	0.3487660469	P48380	RFX3
-0.02833803258	0.9051393496	Q9UJT1	TUBD1
0.1714734627	0.4122182916	O14862	AIM2
0.2661903155	0.2175928919	Q8IY45	AMN1
0.2604092789	0.5891044457	Q92506	HSD17B8
0.2521472161	0.1835036418	Q96DY2	IQCD
0.3047493099	0.1647942203	P47895	ALDH1A3
0.2316941577	0.1579145936	Q9NPF2	CHST11
0.5912580875	0.07891072393	P47928	ID4
0.163685781	0.294600772	Q96K31	C8orf76
0.1915055439	0.1126324189	A6NI28	ARHGAP42
0.2035243751	0.5976579749	O95428	PAPLN
0.130380993	0.3216428226	Q9H5I5	PIEZO2
0.02601584473	0.8639107189	P43004	SLC1A2
0.00130235293	0.9936222443	P57071	PRDM15
1.406827477	0.008480467955	Q9NZC4	EHF
0.7466131953	0.04299026547	P13501	CCL5
0.00297923835	0.992857651	Q8TF62	ATP8B4
0.2230598707	0.5349312294	P43121	MCAM
0.3964795304	0.392868431	Q8NBE8	KLHL23
0.06920998505	0.6808281101	P60893	GPR85
0.1044912654	0.4477038741	O75173	ADAMTS4
-0.04511732098	0.8506483231	Q2VWP7	PRTG
0.2750045913	0.3298642732	P15907	ST6GAL1
0.3574496187	0.2132109818	Q7M4L6	SHF
0.3130721394	0.3039807912	P48764	SLC9A3
0.4847126628	0.2302523282	Q99075	HBEGF
0.2506727735	0.4844939269	Q9H0Z9	RBM38
0.2643634452	0.493189146	Q6NVV3	NIPAL1
0.05281999399	0.8273523431	P26012	ITGB8
1.003132726	0.05120092718	Q6P9F7	LRRC8B
0.1439967422	0.6320259491	O95274	LYPD3
0.1846222647	0.4747327753	Q9H461	FZD8
0.1141170828	0.8275173035	O95661	DIRAS3
0.5846962776	0.005800176953	P48775	TDO2
0.3350379753	0.04163021463	Q92908	GATA6
1.164405091	0.001532525152	P19320	VCAM1
1.033256738	0.08804455421	Q9BZM6	ULBP1
0.07118466779	0.8854054614	Q8TC92	ENOX1
1.015944439	0.09510866209	Q15646	OASL
0.1410622476	0.5281258736	Q8TDX6	CSGALNACT1
1.015090559	0.007803573743	P80075	CCL8
0.7896322007	0.008211064948	Q92959	SLCO2A1
0.6936558959	0.2231784351	A6NHQ4	EPOP
0.5629599786	0.002175461632	Q8NA29	MFSD2A
0.5504355726	0.07079241938	P01100	FOS
0.3011544276	0.2562880205	Q1L5Z9	LONRF2
0.7265915799	0.00592529922	Q13007	IL24
-0.2027957818	0.551119522	Q9NV29	TMEM100
0.4679721595	0.09638364074	O75558	STX11
0.5332709854	0.3980912527	O00219	HAS3
0.4492145339	0.05922027726	O15528	CYP27B1
0.5878538581	0.07620030885	P53420	COL4A4
0.530719419	0.4571021266	Q9NYQ3	HAO2
0.7356423425	0.1650146167	P22362	CCL1
0.4497500102	0.3303401756	P49675	STAR
-0.06050068339	0.9601794684	P01037	CST1
0.3986939676	0.4431629172	Q15782	CHI3L2
0.3576694544	0.6432902145	Q16548	BCL2A1
0.3628224777	0.4833967146	P07204	THBD
0.2152908413	0.8483901372	P61278	SST
