gene_id	bzsub_A_expr	bzsub_B_expr	bzsub_C_expr	bzsub_D_expr	bzsub_E_expr
TGME49_295110	4.774314811	0.5648869462	0.9586706432	0.6047472622	3.603333059
TGME49_215775	4.058559412	0.303289684	0.596188465	0.2945945233	1.789421966
TGME49_309590	2.851376613	0.126064959	0.2387104648	0.11181086	0.872576925
TGME49_306455	2.637741601	0.1022343033	0.1602697927	0.1616930964	3.951493687
TGME49_258660	2.09648124	0.1321974922	0.1984905751	0.1225997355	2.141122856
TGME49_295105	2.149160858	0.06658149856	0.1357421575	0.1301246727	2.846076144
TGME49_314250	3.182730318	0.2156365478	0.4537369659	0.5806959848	4.674137835
TGME49_311470	1.81997552	0.06090583771	0.1204219292	0.1365019832	1.706186704
TGME49_201860	3.806910033	1.341080908	1.322631773	0.5775288487	3.897070363
TGME49_315210	1.894792071	0.0526390702	0.1522222348	0.2685496595	1.916562099
TGME49_297960	1.484188221	0.04423246331	0.06050439491	0.0481686129	1.868898649
TGME49_202500	2.150933937	0.1233661344	0.3584483422	0.39425161	3.020151413
TGME49_214080	1.971659523	0.1620347017	0.137567172	0.07721539446	2.581860988
TGME49_300100	1.408746606	0.0684356053	0.07297127573	0.03842378327	1.43595038
TGME49_217520	1.464600814	0.08340853665	0.09530079083	0.07059247219	1.391891
TGME49_237180	1.374057333	0.03145726259	0.07883164419	0.04626851749	1.750920573
TGME49_314260	2.162127758	0.1922619997	0.3679868242	0.7115094778	2.304268802
TGME49_269340	1.302784051	0.02806184258	0.0747108915	0.0972248923	1.418465469
TGME49_247520	1.233182659	0.06120594768	0.0937029859	0.1025076872	0.5581583108
TGME49_315220	1.426843242	0.1009674566	0.1490526116	0.06087082264	1.192761737
TGME49_306060	1.28129842	0.04099090919	0.1522806756	0.03795375851	1.3872428
TGME49_268880	1.422953505	0.08575396385	0.2649305186	0.08482137378	1.294683815
TGME49_223920	1.11304901	0.01714009769	0.04238750266	0.03107815839	1.503280986
TGME49_249370	3.393132161	2.273281807	1.683378085	1.060835251	1.838077469
TGME49_294400	1.26089759	0.03245125895	0.1091709766	0.05870786308	1.636434334
TGME49_244250	1.164248351	0.09419607561	0.09730142235	0.1142632576	0.8336696381
TGME49_258360	1.126983617	0.03457590463	0.07330395739	0.1038495293	1.273539903
TGME49_268760	1.116972559	0.0626274317	0.1147061927	0.08075900125	0.9240907593
TGME49_225200	1.388702214	0.139049028	0.2292454369	0.2291567594	1.472319668
TGME49_261740	0.8180273538	0.0247915698	0.02773154935	0.02332290639	0.3826388463
TGME49_295125	0.9122273397	0.005081579292	0.04103595612	0.03523942731	1.00275047
TGME49_296015	0.8335738029	0.02604097228	0.02969263414	0.00864606224	0.7317683179
TGME49_308810	1.011180527	0.06479618438	0.0697759811	0.05323380721	1.10275276
TGME49_261750	1.03279908	0.0765325354	0.1215092252	0.0831220513	0.8164208121
TGME49_297070	0.9040362827	0.01889707907	0.0220921039	0.02272295917	1.38602054
TGME49_279420	0.8030722159	0.01978213654	0.05270997196	0.01789095147	0.5734195083
TGME49_308093	0.9957652984	0.04714808498	0.1361034296	0.1349948279	0.2207749339
TGME49_211290	0.603800264	0.01442853535	0.01649084734	0.009144142556	0.09705591483
TGME49_215530	2.171051241	0.3119354073	0.401288596	1.190097572	4.349694694
TGME49_282055	0.8080439467	0.0381858977	0.07356289894	0.04118205484	0.4192297247
TGME49_294790	1.385837377	0.1186393873	0.3270153733	0.2224167714	2.161587604
TGME49_282070	1.11335449	0.04300620961	0.1850067723	0.1465151084	1.656178376
TGME49_249570	0.9763633085	0.01583242482	0.0628362882	0.1087250995	1.859510074
TGME49_209985	0.9495158	0.02080646868	0.05626585921	0.01544360874	1.297088082
TGME49_220900	1.435997442	0.3817910048	0.2263007419	0.1626294539	2.153050144
TGME49_225150	1.120393219	0.1201323999	0.2113037546	0.1908388417	1.080917181
TGME49_237090	0.7235512841	0.02651043202	0.08952716668	0.07042814401	0.3181050202
TGME49_215785	0.5168964038	0.006750987939	0.04100087404	0.007372359308	0.1115661518
TGME49_295620	1.030914329	0.1191968383	0.238969275	0.08740732275	0.984901902
TGME49_305250	1.0301872	0.1280203646	0.1934822287	0.1646981171	1.142844987
TGME49_229010	1.138883124	0.1661025227	0.2277803221	0.2583058683	1.283347216
TGME49_308075	0.6390345102	0.06177696878	0.02886631353	0.01620176119	0.4700753205
TGME49_269885	0.5460005461	0.01208972972	0.01566735583	0.01492589742	0.4766906943
TGME49_308096	0.4372508753	0.01223111421	0.01091252393	0.008699484134	0.03755051912
TGME49_216000	1.198882004	0.2231503118	0.2137574226	0.09333030912	2.433082688
TGME49_203990	0.8876068045	0.04251025963	0.1132647131	0.08467156125	1.755484531
TGME49_259630	3.233462758	1.307543935	2.770089595	1.603051405	1.986344286
TGME49_210412	0.661205751	0.01224490591	0.01754421016	0.02098659308	1.220133201
TGME49_258580	0.8689181372	0.03708462296	0.04924422064	0.06837318219	2.109984326
TGME49_315490	0.8112747706	0.08181299948	0.1216297119	0.0434881971	1.086353672
TGME49_310010	0.6516029774	0.0268486648	0.04513216138	0.06257586125	0.8332080408
TGME49_316260	0.5230153383	0.00511377534	0.008724277337	0	0.6343213441
TGME49_243690	0.6558682125	0.01787446506	0.03223369782	0.06182185828	1.088367473
TGME49_202200	0.6641490899	0.02646957643	0.06294769366	0.06118609068	0.8883360153
TGME49_236960	0.7573322354	0.03409677235	0.09415509856	0.1462558048	1.18129277
TGME49_291960	0.4748916662	0.01661902626	0.0146490809	0.009577344559	0.4415287401
TGME49_321650	0.5066860632	0.009974280116	0.01794605802	0.02886896568	0.5874447777
TGME49_310235	0.5644423041	0.01663031349	0.02267410566	0.02053836313	0.8756575158
TGME49_308090	0.4074978843	0.01613268713	0.01009741053	0.006852112791	0.1827834948
TGME49_254870	0.8936014947	0.1652345502	0.2002964599	0.07700801049	0.8515782269
TGME49_252200	0.4580579653	0.0121369984	0.007135575758	0.02067355833	0.4148739817
TGME49_203930	0.5818434871	0.01836010506	0.009655008496	0.05529045856	1.012346449
TGME49_203790	1.63481579	0.9920722134	0.4563720194	0.4276366558	0.5093077501
TGME49_267070	0.7027232245	0.04008149935	0.1038383305	0.1229439707	0.7581121931
TGME49_210820	0.435467188	0.01019426581	0.02888070439	0.02004773628	0.3248206453
TGME49_240630	0.7139055326	0.04979047915	0.1065745256	0.0857801088	1.077647561
TGME49_318470	0.4834986688	0.004607873425	0.02477509009	0.01111863742	0.646334613
TGME49_312270	0.5892215499	0.01804687461	0.02226978646	0.02702651977	1.248412402
TGME49_295100	1.593807134	0.2967488615	0.8400748899	0.7397385128	1.282354159
TGME49_277720	0.5603252845	0.02520467505	0.06539973411	0.02784676751	0.7233934054
TGME49_224130	1.879273276	0.5316732957	1.228027514	0.3968964057	2.0450214
TGME49_312150	0.8362263928	0.1101952801	0.180916104	0.1084101063	1.200341573
TGME49_254880	0.5231289175	0.01521920376	0.04478944462	0.1185165431	0.3779300157
TGME49_278510	0.9244264879	0.2215373877	0.2002704362	0.1182384746	1.11060799
TGME49_318750	3.04603123	0.6983922075	3.087796201	1.612892382	0.369021086
TGME49_205250	0.5069960291	0.01482920691	0.02739115804	0.02017919681	0.7499678868
TGME49_306450	0.4952562889	0.00240410514	0.03987370795	0.04683717218	0.7347356076
TGME49_239020	0.4886419074	0.03833093197	0.07284064236	0.06586355238	0.3140243744
TGME49_315495	0.3193459133	0.009078357897	0.01479098903	0.008130368078	0.1188752249
TGME49_231640	1.479654873	0.6017005686	0.5943073049	0.3060420198	2.129646467
TGME49_234540	0.380154949	0.01100378727	0.01157912539	0.007824148408	0.4973187904
TGME49_209170	0.482118125	0.02444243394	0.04075550328	0.01317597716	0.7690011857
TGME49_253370	0.6240556093	0.1105304004	0.1355099391	0.03768368367	0.5541712541
TGME49_216140	1.820201436	2.411359754	3.055052664	3.291510049	1.347024158
TGME49_210420	0.3217862209	0.00259300301	0.01166789244	0.004781077538	0.3625419741
TGME49_280480	0.3389813405	0.004722530668	0.03222970134	0.01101405559	0.2543156906
TGME49_242330	1.105129753	1.680706299	1.712930252	3.234685411	2.200291348
TGME49_258370	0.2922756018	0.004928057174	0.02836789618	0.01258807784	0.09016959098
TGME49_305270	0.354857332	0.002485483375	0.01091402379	0.01329028915	0.5785505258
TGME49_264150	0.506922672	0.02962552216	0.1575905736	0.1507807607	0.0285303247
TGME49_258730	1.136257191	0.1666600339	0.5671277228	0.6187590405	0.9052502565
TGME49_262690	0.939822974	1.848006162	1.334528674	2.836610889	2.18522862
TGME49_314810	1.511997848	2.309582531	2.023270062	3.279339425	1.900012332
TGME49_320600	1.765820223	2.68074112	2.64655908	2.735481176	2.588460121
TGME49_264600	0.5571996235	0.05252613608	0.07692082842	0.08209868229	1.127646022
TGME49_201630	0.525726894	0.01146533582	0.06490505579	0.05886198478	1.405550166
TGME49_260820	1.112775899	0.2598545782	0.3400077843	0.3972839878	2.799350509
TGME49_265650	0.2762132964	0.004891214875	0.009679968405	0.0007628746054	0.2795511276
TGME49_318525	0.364776785	0.009656306574	0.02871897867	0.01628112142	0.5198579896
TGME49_313380	1.090660114	0.4169376172	0.3703190041	0.247837069	2.043274262
TGME49_207240	1.271620476	0.310381891	0.5305428665	0.7052212008	2.053017282
TGME49_238895	0.3829938546	0.00999823193	0.05646361642	0.03179815756	0.5581825063
TGME49_244080	0.3837175961	0.03040802023	0.03003159469	0.03486088795	0.5661813425
TGME49_231080	1.716789379	2.387592805	2.307677422	3.137543346	1.842458816
TGME49_299060	0.3405684691	0.0070082145	0.03437157334	0.008428857971	0.5692622726
TGME49_201850	0.413669547	0.05999875966	0.1038225082	0.07401851245	0.07266489532
TGME49_210370	0.3302368961	0.02139652597	0.02070572631	0.008495176111	0.4532743828
TGME49_234270	0.7482840709	0.1704429588	0.3206559725	0.07418653192	0.7841467929
TGME49_225320	0.309659843	0.01459925051	0.01144034521	0.004141684701	0.4603632276
TGME49_293540	0.373558521	0.0182349907	0.06452367466	0.017399358	0.4674249301
TGME49_245620	0.7289639405	1.54049546	0.9926976989	2.703745612	1.313573555
TGME49_258470	2.108636322	2.322755865	3.094323948	3.477503562	3.444652095
TGME49_245540	0.4501120932	0.05697030348	0.06009254419	0.1102687738	0.5448225814
TGME49_249340	0.4407234561	0.0739829119	0.08144862222	0.0527393082	0.479798801
TGME49_208910	0.3892561948	0.009195275056	0.02114125561	0.02614410596	1.01349246
TGME49_235690	0.7104080811	0.09409370906	0.1759734128	0.07722581867	2.229586025
TGME49_309810	1.562982873	2.429142461	1.993011883	2.860201636	1.978039664
TGME49_312330	0.8115524176	0.9716210781	1.878270067	2.680188549	0.7513175907
TGME49_225860	0.3731646342	0.04476322621	0.05602111699	0.03382359398	0.4511861933
TGME49_231070	0.4398578305	0.1237421164	0.06875501973	0.03684610804	0.4089310276
TGME49_234450	1.320769502	2.320071108	1.79005652	2.556874788	0.9974491607
TGME49_268870	0.3281879543	0.0122098475	0.05628316131	0.07551993622	0.2789477205
TGME49_283810	0.4181054124	0.05648405281	0.08808934387	0.150752917	0.2660954294
TGME49_238440	0.6648327577	3.269361114	0.6642850394	0.3680961298	0.3362662549
TGME49_201760	0.4458546069	0.04693733685	0.06595208424	0.06725882942	0.9212765655
TGME49_269730	0.6240947972	0.08763018624	0.3136108236	0.09966270986	0.5707618309
TGME49_232300	1.462703428	2.184035198	1.791314037	2.974949586	1.889276471
TGME49_271270	0.2642875546	0.007049609479	0.01955967387	0.02862270115	0.3489006963
TGME49_248480	1.785163416	2.480448186	2.218432084	3.193270945	1.497038619
TGME49_214070	0.2637812251	0.004265668336	0.004725056844	0	0.5341738614
TGME49_238150	1.422004406	0.3963259309	0.7763732599	0.9648009131	1.971812149
TGME49_288950	1.027761119	0.6576932571	0.402345065	0.105809528	0.8124233191
TGME49_258410	1.08471358	0.6703021257	0.4130995137	0.1342497502	1.292168352
TGME49_305520	0.7692158586	1.570166545	1.146971734	2.095841226	1.027955986
TGME49_235130	0.4741575126	0.1187319789	0.1387146185	0.03891668635	0.3862492186
TGME49_245460	2.200164716	3.103557073	2.656663733	3.079843117	1.396370965
TGME49_264990	0.4300943676	0.01776646107	0.05776768015	0.05540582733	1.337859124
TGME49_259240	1.302679815	2.343837729	1.670915934	2.46738397	1.409817318
TGME49_286450	2.609363764	3.642214391	3.362249535	3.329857182	1.765925
TGME49_218880	0.4847809822	0.03429527539	0.1408723347	0.1453839735	0.9099831871
TGME49_309560	0.9367107847	0.125768166	0.5200158951	0.673707166	0.8146549372
TGME49_312950	0.2067315548	0	0.006618511244	0.007165179911	0.2654248011
TGME49_289530	2.70436966	3.154314018	3.225835399	3.530815607	2.358154978
TGME49_247960	0.183029447	0	0.00850904359	0.003534957022	0.18217357
TGME49_285870	0.4304050054	0.02057430849	0.02468044529	0.03224219587	1.676886111
TGME49_288650	1.039989789	2.735523064	1.573316838	0.6848276308	0.3513453607
TGME49_300220	0.5805344005	0.1113416255	0.2229770403	0.193538337	0.6261524034
TGME49_248390	0.9240865398	1.671309327	1.181941995	2.446580143	0.9744227915
TGME49_263040	1.334956345	2.038411835	1.678830973	2.658392234	1.513676664
TGME49_209910	2.245739505	1.153540737	1.528401097	1.844530992	3.359857225
TGME49_297870	0.2679562245	0.00466202999	0.01602202188	0.005877363238	0.6134081528
TGME49_246940	1.641908496	0.8927349275	1.153350679	0.7669728732	1.294546777
TGME49_238010	0.7425518962	1.222973526	0.9750869244	2.570728977	1.657664488
TGME49_298010	0.2619790741	0.009164353824	0.05776518179	0.03720573028	0.1828845986
TGME49_228470	1.527707189	2.121104116	1.803296244	2.964319978	2.091144443
TGME49_205360	0.240654024	0.008547011114	0.01631124737	0.01549269336	0.3939675444
TGME49_208730	0.3517135391	0.3443219506	1.186500687	1.768178047	0.4600851216
TGME49_207440	0.4158267627	1.091536754	0.6388591395	1.615275547	0.9841618392
TGME49_232260	0.2855075275	0.01151083169	0.02823266012	0.06204492625	0.5186878008
TGME49_291850	1.426652197	2.214346986	1.557219969	2.902633282	1.584484895
TGME49_246710	0.2056994223	0.008422533692	0.02263261456	0.01882602973	0.1820711831
TGME49_248670	0.6972576582	0.0965130844	0.4046900969	0.185950956	0.9822648195
TGME49_319560	0.3399161897	2.094391179	0.4975820033	0.1836297273	0.2427083598
TGME49_204530	0.9316816216	3.163758158	1.211829338	0.4516284451	0.3520952228
TGME49_315510	0.5011503252	0.1258545617	0.1739081407	0.0633137095	0.6080723402
TGME49_264660	1.239832867	0.3856778767	2.710465668	3.666332834	1.116049048
TGME49_260190	0.386036143	1.587318361	0.5879434796	0.8565422803	0.4289067415
TGME49_254440	1.146843536	1.824001867	1.467251764	2.435161029	1.190953694
TGME49_252360	0.3076016719	0.1032053478	0.01851810319	0.003550715326	0.3559411322
TGME49_214810	0.3502307745	0.02187005014	0.09857595062	0.1182437594	0.3309699041
TGME49_294390	0.3493609903	0.06053155681	0.0627149312	0.08527497729	0.4273245715
TGME49_215910	1.235916206	2.622359442	1.931362483	1.177350234	0.3006344355
TGME49_221210	0.2820255966	0.7859809999	0.4852902592	1.468820306	1.507750579
TGME49_210600	0.6652955017	0.1898307296	0.3953152893	0.1424889819	0.2923416479
TGME49_267980	0.1725299051	0.01420715303	0.01612969389	0	0.1112694494
TGME49_238250	1.818601096	2.698282156	2.524457937	2.339461578	0.7919568504
TGME49_237210	0.2886987903	0.0243516572	0.04544375792	0.0292716615	0.4358315581
TGME49_205330	1.441406617	0.8465241342	0.8390481335	0.5457989679	1.92846805
TGME49_316280	0.2518030263	0.01154319224	0.03321650332	0.01677081548	0.4608298516
TGME49_262010	0.3588109021	0.04510009603	0.06704348296	0.06721626471	0.7131774039
TGME49_231630	0.876802043	0.3918319969	0.3625221582	0.09668197594	2.125883118
TGME49_213940	3.2495487	3.014919348	2.799432187	2.137777666	2.631410296
TGME49_219500	0.1841252245	0.01707682633	0.02404371246	0.006241040278	0.1100043335
TGME49_269460	0.3144752001	0.03407858719	0.04326537738	0.04370997131	0.688164447
TGME49_269920	0.5776556993	0.2016404433	0.1969510489	0.1880238544	0.5324892392
TGME49_280460	1.525871853	1.210587066	0.8670166141	0.7041465398	0.2369911096
TGME49_253130	0.3582460001	0.02304853707	0.03343906655	0.1021546968	0.9154380479
TGME49_207840	0.6010359165	0.9581342495	0.6813152365	2.639626265	1.438854309
TGME49_267400	1.006606115	1.594797767	1.247422189	2.366097114	1.796731523
TGME49_212980	1.182921239	0.5689664723	0.7236614293	0.3133743475	1.782508112
TGME49_312580	0.424539372	0.1204628208	0.113719017	0.06586728495	0.5551949574
TGME49_208740	1.273001422	1.441529483	1.781104057	2.748865236	3.030608236
TGME49_201520	0.1320361304	0.002419677266	0.00212396448	0.0112178692	0.0536526863
TGME49_259020	4.944552152	1.515947554	5.093483105	5.346674038	4.632332274
TGME49_212770	0.2625330861	0.004632644704	0.02041267936	0.008590301636	0.8743039406
TGME49_220270	0.4867882061	0.1204786702	0.1425706805	0.02285143309	1.240474937
TGME49_249720	0.1191527716	0.3770531801	0.2959579311	1.327552695	0.5853853081
TGME49_216460	0.2403912741	0.01960586806	0.03254644076	0.01232539162	0.4341390778
TGME49_226690	0.1567977746	0.001982959508	0.01149418511	0.003599196232	0.1926778033
TGME49_311880	0.3818550697	0.08570755165	0.1326711051	0.08334961976	0.3072091871
TGME49_305590	0.2411885589	0.009084001272	0.04557023732	0.03195460398	0.3665765125
TGME49_280380	0.9102568516	2.349272515	1.429999164	0.4721288053	0.2152732833
TGME49_214290	0.2407529593	0.3307923415	0.7692000584	1.509392312	0.06258225127
TGME49_310740	0.1285281323	0.002268964343	0.003957757304	0	0.1064155378
TGME49_278815	0.1788547859	0.01332403887	0.01399172495	0.02372592836	0.1803400988
TGME49_215460	0.7173091229	1.385146136	0.9113735403	1.928819637	0.8288900802
TGME49_232020	0.1736385411	0.007663767722	0.03274029395	0.01459642784	0.124549944
TGME49_236850	0.2915025887	0.007467524115	0.05469861869	0.04451747799	0.7505029587
TGME49_309930	1.11843375	0.0959511557	0.9275141036	0.9988894816	0.7748459511
TGME49_263050	0.8479256057	1.707222162	0.972373788	1.565942736	1.899594008
TGME49_236070	0.2255498346	0.7379884149	0.6804783132	0.5564799874	0.4301979028
TGME49_293720	0.7924585479	0.3215943991	0.3263772162	0.3480911547	1.368313605
TGME49_229250	0.2917633273	0.7551742753	0.4988296319	1.323476039	0.5201369896
TGME49_256030	0.2991133235	0.007423511695	0.01187153813	0.005492951829	1.27730684
TGME49_223790	0.50449869	0.2007132088	0.1938093395	0.1335355082	0.2812784095
TGME49_262933	0.263430285	0.0196355061	0.06484498018	0.08429480426	0.2826336238
TGME49_212780	0.2405056373	0.004259109751	0.01114647337	0.04695328898	0.6182360374
TGME49_232710	1.274523039	1.845483553	1.529133654	2.409320263	1.413826582
TGME49_205670	0.5375284828	0.195751177	0.1861418811	0.1608241662	0.6992251274
TGME49_223660	0.7045462981	1.002504221	1.171675257	1.862979308	1.028457581
TGME49_293430	0.3483930598	0.09247345783	0.04533299292	0.04543859326	0.7754426198
TGME49_203010	0.2885498609	0.03981655818	0.0596342652	0.02130027638	0.6140659564
TGME49_266435	0.1661510915	0.002490190939	0.004311477202	0.008625439998	0.3252323332
TGME49_247730	0.8649498843	0.2978504139	0.6447312107	0.3980355565	0.2090820126
TGME49_278920	0.1997942918	0.00951995256	0.0226220178	0.0267374088	0.3631779831
TGME49_213350	0.4179481376	0.8734130055	0.6023600702	1.731001752	0.3511713886
TGME49_252500	0.2923243339	0.0195397528	0.04081493248	0.02582090225	0.8881724338
TGME49_262950	0.2860309303	0.03696617771	0.04076271784	0.07875213289	0.6393605147
TGME49_215150	0.5771595279	0.1513454967	0.2599137339	0.2284264595	0.8852506311
TGME49_234550	0.760645489	1.195078476	0.9918978968	2.085541377	1.109623566
TGME49_258870	0.6696417082	1.56247571	1.221062787	0.8632893362	0.1163228533
TGME49_267500	0.7676299143	0.3459012006	0.3332069908	0.1687972428	1.773915301
TGME49_312660	0.2056218317	0.008781071407	0.02597607285	0.07220700536	0.2512385537
TGME49_226410	0.4337546235	0.8240823861	0.7583620795	1.472415884	0.4283105074
TGME49_211260	1.081986365	0.3226050051	0.7825703145	0.7182242831	1.17361511
TGME49_202420	0.1505508516	0.009457712666	0.002121894226	0.004560125738	0.2775760629
TGME49_230480	0.8809898913	0.08799361518	0.377428563	0.8001562157	2.473774878
TGME49_316400	1.432131592	0.3954255655	0.6999004311	1.522949836	3.861362832
TGME49_287970	0.2611636456	0.01146383906	0.01629526811	0.03464045541	0.8376388149
TGME49_312090	1.359548051	2.042094031	1.856828795	2.058857174	0.7398213587
TGME49_234250	0.4634285619	0.09580423581	0.2342847011	0.1179477299	0.5784522074
TGME49_284560	0.9957763326	1.508390204	1.184339808	2.408045739	0.912289481
TGME49_239760	1.705150785	2.246246494	1.992848738	2.785158513	1.505955015
TGME49_242340	1.850406713	2.269088247	2.030361237	3.140552796	2.486044954
TGME49_258230	0.2713808753	0.00236060019	0.02304911026	0.005237643994	1.113665835
TGME49_262710	0.2933229442	0.1331325156	0.4111679814	2.167165087	1.989019461
TGME49_215470	0.7302642308	1.318463154	0.9140234888	1.836893817	0.732784899
TGME49_276130	0.1850957941	0.02194342789	0.03150774616	0.01254020152	0.2577598333
TGME49_243930	0.1653157144	1.178694712	0.2077669382	0.1118652192	0.1587790991
TGME49_310240	0.1848148361	0.005587534196	0.02972207878	0.04435877835	0.247885728
TGME49_293360	1.979011267	1.212295216	1.429084112	1.571388351	2.483405494
TGME49_225120	0.3125733343	1.47905422	0.4255060813	0.2057143132	0.1590026458
TGME49_221250	1.679374172	1.256898338	1.442454916	0.3698728061	0.7074400267
TGME49_231140	0.7627636165	0.9468537787	0.9921916915	2.451248994	1.212434702
TGME49_277080	0.6645778417	2.162469624	0.9231762828	0.2355666344	0.1248784044
TGME49_225330	0.294266007	0.01987418075	0.07187854751	0.03982351047	0.7816302134
TGME49_251460	0.3406756404	0.08993153331	0.1466338161	0.07510317127	0.2411243397
TGME49_213580	1.550689115	2.391797586	1.913213134	2.119148918	0.8269876575
TGME49_220640	0.1256630788	0.8095444854	0.16160889	0.5368073555	0.09157456157
TGME49_240960	0.7414188738	0.5257064065	0.4066227854	0.1544373633	0.09120225275
TGME49_289150	0.2782036887	0.01434542689	0.07074677899	0.05269017566	0.7247335654
TGME49_305510	0.3382944352	0.0435566981	0.07638336779	0.1196792758	0.8720402578
TGME49_205650	0.4505809	0.0883284405	0.190761212	0.2397567661	0.5618029625
TGME49_218520	0.2038628811	1.091614843	0.3516953635	0.1766748888	0.07962327364
TGME49_292130	0.8132506873	1.368615889	1.104786095	1.654011222	0.6829308514
TGME49_220630	0.03063122159	0.3623673075	0.08238865738	0.613793569	0.08267417027
TGME49_244470	0.6305893595	0.2415618321	0.3728054348	0.1949763172	0.7199622715
TGME49_230350	0.1274081346	0.004412361117	0.002324642418	0.0007628746054	0.2510664749
TGME49_221400	0.5478044649	1.030141049	1.104371378	0.9727535151	0.1776898662
TGME49_249250	1.169506828	1.564196745	1.368728302	2.263883983	1.904589397
TGME49_229670	1.110894826	1.662802226	1.338749555	1.946350604	1.184159675
TGME49_253380	0.373836302	0.0566622535	0.1008526199	0.1259224871	1.007534121
TGME49_225080	1.965358543	2.250869617	2.192032062	3.206061757	1.832652334
TGME49_236860	0.1475855242	0.009080494906	0	0.00467608964	0.3547092932
TGME49_250710	0.2637857068	1.567113713	0.2791644584	0.1588859145	0.1497689358
TGME49_289360	0.1861480581	0.3222141293	0.5352991749	1.005939437	0.2224803476
TGME49_293870	0.856999577	0.9149731031	1.424871391	2.14014433	0.9312882366
TGME49_221530	0.2801357973	0.03310963482	0.07779250877	0.05800270271	0.5746133478
TGME49_226970	1.079005046	1.581574822	1.26010998	2.283389683	0.9956818901
TGME49_204340	0.1612265002	0.6655807067	0.2087761572	0.831817208	0.1585280942
TGME49_239600	0.2573603712	0.04245413742	0.1112498291	0.08574756971	0.01540544285
TGME49_204020	1.006428376	1.554361741	1.307874999	1.854720656	0.9224383457
TGME49_205170	0.1185495027	0.8308836208	0.1508620136	0.2981147045	0.2395559186
TGME49_222350	0.5062917083	0.1353137269	0.2704755565	0.1371585401	0.8331764561
TGME49_210095	0.09477590965	0	0.00443391983	0	0.108385819
TGME49_209000	0.3637552771	0.08875877823	0.1786585286	0.07685566556	0.4112834767
TGME49_258780	0.3328511688	0.06247081039	0.1243040218	0.05657124086	0.627060996
TGME49_208450	0.5358161739	2.005015683	0.541563763	0.192822795	0.1121488981
TGME49_205340	0.8213057497	1.541367394	1.051764825	1.371639809	0.7853203922
TGME49_227360	0.7417140755	1.117639158	1.072560408	1.679679658	0.7932051656
TGME49_232560	0.4629031787	0.03668186077	0.2192003858	0.3540973976	0.6900918384
TGME49_223050	0.2883743902	0.6929153594	0.5994238958	0.8300738877	0.1915707833
TGME49_257550	0.1678836501	0.009364256706	0.01652440087	0.01417214746	0.3967562309
TGME49_271970	0.8366948007	0.2183384163	0.3903438187	0.5607418665	2.59410752
TGME49_288440	0.5238349613	0.1646557655	0.2757383816	0.3466745654	0.2294950804
TGME49_214790	0.5964198196	1.202675051	0.9517385855	1.006662585	0.256955598
TGME49_260260	0.4243167374	0.7829244783	0.560573855	1.494945241	0.6015912033
TGME49_313640	0.08278475269	0.0708488688	0.420852648	0.8740266011	0.04368519093
TGME49_261570	0.4897357647	0.9799747885	0.6386669905	1.287075664	0.7837065261
TGME49_237800	0.2108532375	0.05902564112	0.08759267334	0.01226186218	0.01610915297
TGME49_213570	0.8732068868	1.720093932	1.10756898	1.284680443	0.3527964678
TGME49_216080	0.9622327031	0.4319357552	0.6716823105	0.5273082674	1.035520202
TGME49_291040	3.604773144	3.47095805	4.40344522	4.284332453	1.647975534
TGME49_275810	1.360141447	1.97224228	1.646270851	2.126378521	1.141153779
TGME49_259700	0.3279171398	0.04118499398	0.1574134815	0.1229465071	0.405980163
TGME49_228230	2.169655306	1.837768818	1.850275331	1.197388458	1.150285298
TGME49_243250	0.3452806948	0.07814992723	0.1315841902	0.04675026497	0.7960671606
TGME49_237880	0.06767612278	0.05791617527	0.1627680365	0.8973098411	1.293084864
TGME49_311800	0.4015926799	0.1727660422	0.1812689675	0.08935656558	0.3418092563
TGME49_221880	0.138323953	0.005833900383	0.02741800763	0.02409459711	0.1345204398
TGME49_260580	0.1534067309	0.009693967198	0	0.009637700319	0.4261695669
TGME49_299050	1.224200214	1.648085439	1.423453113	2.169541634	1.802873398
TGME49_225105	0.1608129933	0.004478260472	0.006309516	0.01735345377	0.4527575181
TGME49_200250	2.476420564	3.506657337	1.121761076	0.5103595591	0.8612690848
TGME49_304500	0.9090747725	1.909757788	1.160253664	0.8989836009	0.6816105956
TGME49_205680	0.09184797995	0.8704117043	0.08620045793	0.1095980478	0.04936734446
TGME49_295420	0.5999194664	0.3184395489	0.3613224558	0.1050755747	0.5182210775
TGME49_310490	2.133784501	2.354394198	1.967480058	3.601943858	3.559923068
TGME49_306500	0.1175707718	0	0.02534496302	0.01546009964	0.09902847768
TGME49_243210	0.4350944584	0.2396825674	0.1694829655	0.1604965058	0.1848425647
TGME49_247400	0.1883508383	1.211830811	0.1402460838	0.07966990612	0.1610714331
TGME49_306895	0.1616031371	0.00253062701	0.00496214977	0.01657815221	0.5021653609
TGME49_264900	0.9523249045	0.3479305899	0.6373023957	0.7545480633	1.068125751
TGME49_243570	1.394634864	1.982801422	1.837029425	1.921186504	0.8840266541
TGME49_210690	2.328538834	2.685373766	2.576871773	2.996903609	2.026369764
TGME49_269190	0.1679897189	0.2296441141	0.5826777281	0.8402783626	0.0717515302
TGME49_270250	3.406341201	4.843974861	3.714618359	2.481218986	1.430254561
TGME49_238380	0.8564122382	0.5915677096	0.4971319381	0.2525563059	0.8810412607
TGME49_314310	0.7526492243	1.406086632	1.235938576	0.8842459566	0.4744594831
TGME49_313780	0.1665116131	0.004260892397	0.01545180292	0.008851488508	0.5174971258
TGME49_253360	0.5320679673	0.1670717215	0.2816525002	0.3868625579	0.3329881338
TGME49_202620	0.3251206205	1.090702949	0.5205915354	0.4149129218	0.1036263617
TGME49_305950	0.148634856	0.01391161294	0.0422865788	0.05529503156	0.01635817026
TGME49_266080	0.6830731786	1.59899349	0.849303554	0.917392078	0.3248397996
TGME49_276210	0.2280547613	0.07146885934	0.0452138073	0.06503817595	0.2746972255
TGME49_286420	0.2820171737	0.4659139244	0.4567509617	1.216883775	0.599042936
TGME49_217900	0.2368596406	0.02416911744	0.04010105472	0.1572649482	0.390387655
TGME49_226570	0.1513055159	0.3797426389	0.2838862962	0.8849760634	0.1810216111
TGME49_243460	2.06089954	1.516435052	1.795365603	1.5323062	1.250101761
TGME49_231790	0.159946895	0.00412531595	0.01812360161	0.05530631564	0.2952102825
TGME49_289600	0.6063650117	1.746283618	0.8002213228	0.2912744059	0.09205763921
TGME49_220930	0.2630119523	0.01408214109	0.02581204976	0.04513507953	1.286488221
TGME49_232230	1.523323204	2.009975068	1.970628351	1.96637089	0.93617788
TGME49_266060	0.6745797171	1.239202864	0.9108478443	1.195635724	0.643987289
TGME49_227280	1.415149654	2.625373229	1.606901313	1.379122616	0.6185385078
TGME49_311840	0.4981948802	0.3713672153	0.1586513809	0.09257890181	0.5504285728
TGME49_203682	0.05408893693	0.6952027602	0.06104585942	0.02216712476	0.05045132745
TGME49_201785	0.4773802898	1.368355321	0.7900113278	0.2595020344	0.1213077097
TGME49_241000	0.1791285879	0.005055337131	0.006809479267	0.004399351779	0.7472924513
TGME49_227000	0.2495884531	0.01419138303	0.0642176876	0.08328276594	0.7311025243
TGME49_212290	0.6852281906	1.105869039	0.7130054261	1.864719897	0.7079330007
TGME49_222100	0.1006595153	0.006445359081	0.01005790719	0.003378810096	0.1478938574
TGME49_273320	1.251170162	1.955066613	1.755232084	1.25103873	0.665721828
TGME49_247220	0.6025260241	1.513651318	0.9085800736	0.4221516369	0.1741936691
TGME49_290040	0.4882575905	0.6696989913	0.8892774338	1.133338196	0.8179123183
TGME49_281960	0.4400554618	0.167976136	0.2281324315	0.1062100033	0.7022996337
TGME49_290700	0.7172815369	1.56391267	1.091345192	0.5395008621	0.1715288768
TGME49_236660	0.5010390697	0.1941610156	0.2544861811	0.3154475687	0.4453470782
TGME49_253820	0.2655646309	1.092772158	0.4079653762	0.122671264	0.03623852632
TGME49_218240	0.2661180387	0.01625836597	0.0623927379	0.1059120386	0.7918711447
TGME49_226420	0.8598427918	1.0516106	1.564699716	1.324773921	0.4528447125
TGME49_263700	1.793042771	2.302471902	2.087807096	2.465247217	1.357692084
TGME49_270380	0.8574552996	1.332584047	1.04225706	1.634848901	0.9631273776
TGME49_266070	1.715541287	2.171668905	1.799785906	2.565493963	2.126592721
TGME49_221990	0.2178903145	0.04030362482	0.05891436909	0.00368025911	0.6626800389
TGME49_209200	0.3571614273	0.03914450006	0.2182175893	0.1120583825	0.6451043044
TGME49_241180	0.4190648066	0.1313882261	0.2051419517	0.1537921113	0.6953368026
TGME49_295140	0.04807374817	0.002525656935	0	0	0
TGME49_230980	0.1275327208	0.0138484947	0.04717072475	0.01437098863	0.04138865696
TGME49_203290	3.332907546	2.703952297	4.306478718	4.205535125	2.257874882
TGME49_320050	1.472609213	1.860301025	1.527349261	2.58159996	2.060457207
TGME49_236060	0.2471126943	0.02130195225	0.04811089686	0.07371235452	0.8686834285
TGME49_315160	0.5581439996	0.3049261797	0.2705901279	0.2890420706	0.5049601182
TGME49_255260	0.7045155905	1.625423131	1.02405732	0.4866564005	0.2201303101
TGME49_260440	1.347752397	2.159538449	1.870958025	1.187571018	0.3240754117
TGME49_250690	0.449175313	0.1731054695	0.1324103612	0.1754825093	1.359457598
TGME49_226500	0.07974988741	0.3174691671	0.2198980915	0.4249642499	0.2734700434
TGME49_270520	0.2071432564	0.486864962	0.4239687272	0.7115401926	0.0429723896
TGME49_275670	0.2195086297	0.01260663997	0.03201358135	0.03221127582	0.900130127
TGME49_309990	0.9424025383	1.878605271	1.218884605	0.8552943275	0.4412191463
TGME49_243580	0.2802944395	0.7095027925	0.6330072126	0.3357681507	0.1069886607
TGME49_226040	0.8407130808	0.4120833035	0.4958944681	0.4892517947	1.57817199
TGME49_271090	0.08824350488	0.002256283153	0.00694053005	0.01277522008	0.09753292641
TGME49_249440	0.2895115393	0.0526997896	0.08901213433	0.07174062284	0.9512178659
TGME49_294560	0.1870417253	0.03809892538	0.02071520952	0.02977227968	0.4709335175
TGME49_262920	0.284851321	0.06188551206	0.1191427507	0.1658122145	0.2420838023
TGME49_207160	0.8491705632	0.2349776602	1.71528389	2.566931444	0.5083836065
TGME49_291050	0.280587391	0.08090731663	0.07168976052	0.1124516268	0.6812208273
TGME49_320190	0.5560326133	0.5971392185	1.242427336	0.9491386823	0.5836876214
TGME49_246720	0.2026039204	0.01915296066	0.04486660635	0.03503785806	0.6146479852
TGME49_248340	0.1536237528	0.3718373607	0.2892190306	0.6624903027	0.3463500806
TGME49_271930	0.8774314876	1.4089219	1.615747887	0.5790455534	0.9302584313
TGME49_248370	0.4494271677	0.6799813324	0.7077487147	1.138156347	0.5898937285
TGME49_257360	0.4213663798	0.1573791186	0.2400189037	0.2109815758	0.3113575824
TGME49_251680	1.363559395	1.987917547	1.782090462	1.551516553	0.7697323903
TGME49_233030	0.383712807	0.2615448457	0.07072785496	0.04434117536	0.9727991051
TGME49_217420	0.05095555281	0.002419677266	0	0	0.02867766603
TGME49_225540	1.913493041	2.792189638	2.288439731	1.669306415	0.6746929355
TGME49_217410	0.05524313848	0	0.00469743396	0.006700461223	0
TGME49_254620	0.936783507	1.219688386	1.176102161	1.780353259	0.9750141431
TGME49_205750	0.6182784175	0.2032006689	0.4227868064	0.4555659742	0.523661932
TGME49_221675	1.161611372	0.6161029907	0.7724463801	0.7665192034	1.903050092
TGME49_293500	0.07766647322	0	0	0	0.1830818247
TGME49_310790	0.3174184151	0.6797369413	0.6352149391	0.5372496428	0.3230700502
TGME49_249870	0.3590949286	0.067736589	0.1647795004	0.2109305962	0.6982040572
TGME49_307020	0.561733662	0.19566567	0.2685384131	0.4446049654	0.9027837962
TGME49_205558	0.8775632557	1.334190106	1.121095475	1.454542109	0.8589711697
TGME49_207210	3.517865762	1.327594342	4.363532837	3.445261486	0.8525363962
TGME49_254120	1.891973824	1.420120633	1.457041999	1.678091121	2.180762548
TGME49_247790	0.3021104037	0.06483302332	0.1038075087	0.2801227044	0.1143764764
TGME49_265330	0.6840505555	0.3806058023	0.3038383687	0.508776989	1.003551862
TGME49_289630	0.03296687713	0.380047544	0.1116121981	0.08280336799	0.02745940433
TGME49_315280	0.2286043164	0.06520258509	0.08983250898	0.05903569913	0.2707282763
TGME49_272520	0.03478259997	0.3761313696	0.09398085337	0.1592120047	0.01496471156
TGME49_209030	2.542910614	2.210762579	1.996001813	1.938801319	3.155640612
TGME49_254340	0.1175855358	0.004803691549	0.0171308035	0.03460522856	0.1586356061
TGME49_237170	0.1852256329	0.04683745322	0.08159435644	0.04327188621	0.04231088122
TGME49_243382	0.1638237895	0.05921835435	0.06257721027	0.0115928057	0.0400968153
TGME49_218410	0.3851158665	0.641178695	0.5605505991	1.114378572	0.2942246131
TGME49_217890	0.9564186161	0.9661300685	1.362959899	2.108951825	0.8541340003
TGME49_314240	0.7363154394	0.7051483239	0.4082760159	0.1476003991	0.1829959914
TGME49_323320	0.271024267	0.1887266151	0.09870865101	0.02416233778	0.02182963535
TGME49_214880	0.4061571072	0.1191730397	0.2984071155	0.09134547457	0.4992481403
TGME49_203630	0.1754442944	0.3502614773	0.2995063685	0.7575209753	0.3696581687
TGME49_300150	0.3441440409	0.1045189935	0.1632834706	0.2613923055	0.1844518345
TGME49_239100	1.063162129	1.425347864	1.357338192	1.733119506	0.869159532
TGME49_270350	0.07683171542	0.00233085926	0.002412973433	0	0.1380677515
TGME49_204440	0.2835721474	0.06864931624	0.1612945379	0.1170449311	0.1650764337
TGME49_258900	0.08333752089	0.002380671358	0.008407732497	0	0.1552725499
TGME49_213920	0.2576901845	0.02050581028	0.05652025978	0.08967565537	1.096633083
TGME49_275320	0.3207021589	0.08110442393	0.8550206571	1.201787626	0.3957522793
TGME49_306270	0.08113125309	0.6880374394	0.05567514256	0.04511515476	0.04179785197
TGME49_293770	0.2657441192	0.766755078	0.4133822073	0.3699922239	0.2932773077
TGME49_237190	0.081718842	0.002342352694	0.00239135716	0	0.224646046
TGME49_267620	0.1120478938	0.002125132119	0.02071751787	0.02049597621	0.2282823204
TGME49_280670	0.173149107	0.002562897941	0.007147359246	0	0.9497183193
TGME49_290000	0.5007479869	0.2898951556	0.2834855054	0.2673573759	0.09254210457
TGME49_210810	1.146521948	0.8207982561	0.883592297	0.5132186135	1.302155702
TGME49_216880	0.2309522753	0.4369893389	0.4018929639	0.7697686043	0.3232264353
TGME49_301420	0.1967125382	0.01424996455	0.03060638439	0.02592934022	0.9304827297
TGME49_215520	0.1624247873	0.008491668383	0.03374319329	0.06026492765	0.4146569818
TGME49_320150	0.1294616755	0.04800014212	0.03800471094	0.003850636779	0.02174872862
TGME49_239330	0.4461340085	0.7206500114	0.582031319	1.102800766	0.7554822564
TGME49_294670	0.2956567228	0.4747255765	0.4200603095	1.064120869	0.2868261815
TGME49_205490	0.6913807035	0.5609550938	0.4314290435	0.2095171818	0.3381383836
TGME49_288720	1.024357645	1.372410163	1.126977884	1.874835686	1.174756044
TGME49_273970	0.06717785902	0.002138561828	0.008533276691	0.004460233623	0.06690293623
TGME49_309040	0.5020067018	0.2060011268	0.2734092841	0.2872573347	0.8080361509
TGME49_222840	0.3685564688	0.7079651255	0.5897031551	0.7879283239	0.1999548001
TGME49_278130	0.147543741	0.02917694729	0.01059003179	0.003534957022	0.5118042844
TGME49_267680	0.3759336439	1.553778577	0.2955134981	0.09240552325	0.2154496369
TGME49_208030	0.08358409169	0.5651390799	0.1294743093	0.08591462752	0.04325650307
TGME49_267720	0.5883804456	0.3825935568	0.3397328076	0.3197568733	0.2906295381
TGME49_230210	0.3873324104	0.08693782668	0.1822091841	0.06786006225	1.693690632
TGME49_254720	0.6626056578	1.602502701	0.8590340178	0.3435625534	0.1995259862
TGME49_211630	0.5052235985	1.385433025	0.5844811141	0.3678562328	0.1419488423
TGME49_219750	0.6292373547	1.130402961	0.7610510472	0.815314806	1.49439524
TGME49_315470	0.1373295621	0.006624332073	0.00920416129	0.01268507723	0.5337680972
TGME49_244400	0.07001948579	0.01535174424	0.01108114996	0.005946383143	0
TGME49_248700	0.2850099291	0.4634564561	0.4930742523	0.8365751908	0.3205703233
TGME49_318230	0.2778958835	0.4791173056	0.5277232415	0.6776712438	0.4226678668
TGME49_209420	0.2110060297	0.5231819491	0.2511662017	0.7451577615	0.1779573971
TGME49_304900	0.4520317114	0.2066794372	0.2838763397	0.2279760556	0.3584715086
TGME49_232410	1.260150996	1.236992297	0.9037332705	0.5297807958	0.2764521182
TGME49_227600	1.102258766	1.552323871	1.400319556	1.591564458	0.6066183143
TGME49_313385	0.1058238758	0.2869452871	0.2676200077	0.403315033	0.100656147
TGME49_290600	0.1163833415	0.2073563806	0.261361234	0.5709521018	0.3614907172
TGME49_305330	0.104086465	0.09678529219	0.20259112	0.8086335072	0.256545546
TGME49_273860	0.2123271334	0.06164500978	0.04837637257	0.06395234045	0.5030221236
TGME49_233530	0.3144523816	0.1426393194	0.1502354948	0.1898174103	0.1355413127
TGME49_214210	0.8457816096	1.383817483	1.249700859	0.8974819885	0.2007906513
TGME49_231230	0.0921924905	0.009131212085	0.01200523861	0.0197729113	0.1337740116
TGME49_270200	0.2607317709	0.1043883115	0.1117074345	0.05486059201	0.4567812425
TGME49_289830	0.1948789097	0.5406319379	0.2688676993	0.5130099035	0.1872297493
TGME49_284420	0.08514628275	0.2408124806	0.2548074329	0.3885715602	0.07810613933
TGME49_283540	0.01496148282	0.2945837466	0.06836778802	0.0583062975	0.05929390502
TGME49_280570	2.878048905	2.239159556	3.228712037	4.301347567	4.352967192
TGME49_300000	0.6167214693	1.002066988	0.7422233226	1.305664825	0.3251676531
TGME49_225220	0.4615971197	0.2856864933	0.2557233411	0.1097482409	0.6514926826
TGME49_225160	0.2757145898	0.8990787939	0.4163812348	0.1317312032	0.06379881763
TGME49_227970	0.07473323198	0.08069921893	0.2464349403	0.5996920796	0.09339348993
TGME49_266460	0.2860111138	0.3022723444	0.4874295593	1.047296654	0.5649819992
TGME49_246590	0.1947458252	0.07339610598	0.05042064456	0.08617803405	0.1995459566
TGME49_229350	0.1885164925	0.009801407271	0.05234645675	0.1076904896	0.3872786913
TGME49_310220	0.06066713226	0.004289797818	0.002166739543	0.00503550599	0.07291833861
TGME49_288630	1.054509481	0.9055076286	0.6941990842	0.5692691148	0.778186175
TGME49_278882	0.03360324822	0.4604346045	0.03263062158	0.019063974	0.02019427157
TGME49_309120	0.5416626711	0.8889506024	0.7208449653	1.042457765	0.5038765637
TGME49_268980	0.443411623	1.344005582	0.4941813595	0.1757879134	0.1910851447
TGME49_294330	0.05317503936	0.5112361618	0.05450942086	0.01487271396	0.1803847785
TGME49_250770	0.5293624759	0.9944321842	0.7633592912	0.7555222871	0.2718773059
TGME49_313860	0.3968219326	0.2420130375	0.1994735336	0.1546579164	0.2535799042
TGME49_208370	0.7140651777	1.358541692	1.014438135	0.6533757161	0.2417032478
TGME49_291030	0.1658073484	0.01975551789	0.06245971977	0.09422190678	0.2006649035
TGME49_213280	0.4595418337	1.301363776	0.5877042949	0.1891327688	0.1176708286
TGME49_225290	0.09636111356	0.1492039001	0.337696843	0.4449588317	0.118704265
TGME49_228490	0.05178098468	0.3682682879	0.1415570683	0.06131307495	0.1581073672
TGME49_319870	1.160312137	0.7893626769	0.8393832329	0.7992722743	1.531819846
TGME49_310230	0.1089179995	0.01272511798	0.0205646546	0.02101459336	0.2199838062
TGME49_321620	0.5876303971	0.329527038	0.373331639	0.3637446717	0.4797155529
TGME49_201380	0.07863353745	0.322507347	0.23928739	0.1697453342	0.01064475617
TGME49_309080	0.07424981598	0.004832467173	0.007129970532	0.00844309736	0.1477653681
TGME49_205265	0.3797810229	0.1059840154	0.2072344306	0.2901386205	0.4191038833
TGME49_262860	0.3813834176	0.206170557	0.2512719577	0.1415199384	0.1252155994
TGME49_278990	0.1547484314	0.1780497076	0.2541144709	0.8510213626	0.4126818775
TGME49_291970	0.1547178856	0.04125892496	0.05055299062	0.09331251566	0.04626167115
TGME49_252640	1.381261887	0.2828419493	1.622682097	1.268265488	1.395329244
TGME49_242820	0.4529198941	0.1320749339	0.2208985843	0.2748096969	1.239145975
TGME49_222940	0.05952611983	0	0.007533755563	0.01181919123	0.02606802284
TGME49_271770	0.05233640523	0.01160539559	0.004529373769	0	0.01386409065
TGME49_217680	0.237753281	0.5722875707	0.4580931027	0.352262921	0.0681912316
TGME49_230160	0.1174235568	0.5923039665	0.218408175	0.07490006184	0.03963241272
TGME49_258770	0.3122955278	0.1281729114	0.1656935196	0.1545623878	0.2173952959
TGME49_218188	0.1538264871	0.02395985881	0.05821592865	0.03203639341	0.2798063165
TGME49_289620	0.1520220392	0.6934419124	0.1834546552	0.0468681009	0.1998526461
TGME49_247530	1.427238978	1.907697766	0.8165610547	0.2211222109	0.1662525072
TGME49_300290	0.1880793117	0.02502572018	0.06947336481	0.1441883805	0.2206758278
TGME49_242730	0.05848754243	0.2754574133	0.1681166675	0.1955058981	0.05092963326
TGME49_312570	0.2547300229	0.07814518289	0.07381428494	0.08550551877	0.7656917105
TGME49_226430	0.1375486089	0.1456283206	0.3002198205	0.7304863487	0.1953680935
TGME49_203310	2.617610011	4.273532567	2.913766954	1.092656559	0.8270859517
TGME49_246550	0.826115646	0.9356000167	0.3038002582	0.2794771943	0.8968088698
TGME49_318760	0.2930996078	0.02714183134	0.1950052224	0.2685285562	0.167520725
TGME49_311260	0.3325497622	0.02554549757	0.131686452	0.1810896062	1.482005232
TGME49_274160	0.1994009001	0.04777774884	0.08930017608	0.08656055579	0.2492340096
TGME49_219540	0.08725913598	0.2338169775	0.2848350767	0.274874751	0.03334677653
TGME49_204400	0.3001579404	0.5437216724	0.520147778	0.633500278	0.1970139339
TGME49_247440	0.6123052305	0.8500016637	0.9695533209	1.032172757	0.241296859
TGME49_307830	0.04041146675	0.2247843878	0.15549804	0.1419048962	0.1199995946
TGME49_244070	0.08632390892	0.007218776649	0.008105291902	0.0101054366	0.1842797769
TGME49_251540	2.218938003	2.664066223	2.585802301	2.220089651	0.6819337931
TGME49_226020	0.7635173841	1.686208288	0.7804555713	0.5823722663	0.556991602
TGME49_312630	0.7182191503	0.4739225615	0.4783838227	0.3739098451	0.8109148746
TGME49_310390	0.05163367589	0.4150517676	0.06390028587	0.08413806791	0.1111777357
TGME49_242240	0.09301971321	0.006669943322	0	0.008469211317	0.3057716196
TGME49_227620	2.822263127	3.876825206	3.152029172	2.215210246	1.743208982
TGME49_248880	0.1867659168	0.1034454628	0.4478524218	0.7490794887	0.4592971538
TGME49_314110	0.2231001911	0.1030780203	0.10736581	0.07888146069	0.07382514232
TGME49_243730	1.156369493	1.09243775	0.7917135791	0.5062357041	0.9037713447
TGME49_239790	0.09576932336	0.2773887467	0.1822650712	0.4152918641	0.06450830379
TGME49_294340	0.2283052611	0.4734479973	0.4807440954	0.2186964305	0.9082517779
TGME49_266750	0.1099615092	0.296527073	0.2120225139	0.4299283418	0.1120870946
TGME49_255190	0.1314976709	0.4633409627	0.2342545853	0.1358563464	0.3640439819
TGME49_220250	0.1283775323	0.4287064189	0.2364355152	0.2666934842	0.05870936445
TGME49_213550	0.2589146786	0.09220038233	0.1545407413	0.1124708432	0.1604816173
TGME49_288380	2.143909188	2.447399497	2.680182946	2.17235644	1.26541233
TGME49_212900	0.5107413057	0.2436190921	0.3984996335	0.2017354022	0.5814927691
TGME49_261710	0.4737381254	0.7146125145	0.6264851434	1.010522316	0.5705471323
TGME49_318560	0.1220747049	0.01966675727	0.04396323578	0.04120388129	0.1149795829
TGME49_213400	0.1244023761	0.01859334513	0.02644540866	0.07563406882	0.1902051591
TGME49_314080	0.1424601215	0.3728354144	0.2492390694	0.3994134306	0.1863263978
TGME49_295360	0.732646933	0.7471663321	1.610017262	0.5206215061	0.6984959149
TGME49_205480	0.0205484043	0.2086214996	0.1204649089	0.04364909407	0
TGME49_289980	0.361816595	0.163277245	0.2103501406	0.1850537142	0.4151143792
TGME49_245480	0.09753313873	0.01830834918	0.01899506843	0.004985763667	0.2357602278
TGME49_214800	0.09788660856	0.02184662073	0.04205667116	0.02570059521	0
TGME49_225730	1.088046826	1.087550916	1.338892187	1.908789614	1.740432751
TGME49_276920	0.1187757087	0.4051209537	0.1320525939	0.4199948735	0.1488861374
TGME49_262670	1.334656665	1.68522007	1.44271938	2.056146245	0.7780749293
TGME49_289690	1.64153417	1.867423946	2.359869429	1.7423777	0.3655278459
TGME49_223110	0.6415234948	0.2079556637	0.476304839	0.4701922244	1.332915365
TGME49_260620	1.338941936	1.201372292	1.099920331	0.6245680139	0.9976354905
TGME49_254330	0.05492972455	0	0	0.004855640575	0.1032171457
TGME49_220880	0.509039037	0.3205544086	0.3065578048	0.2976607589	0.4377408279
TGME49_211030	0.4483754625	0.3124765999	0.5804957435	1.459338212	1.425269115
TGME49_313050	1.117251668	0.7864957411	1.272883153	0.2312250419	0.08509755936
TGME49_253140	0.09688825402	0.004876734519	0.01872631647	0.0207042547	0.2357264551
TGME49_217570	1.348392319	1.812346674	1.288964007	1.936914541	1.850825648
TGME49_238240	0.60326403	1.020185219	0.8257462559	0.8755289328	0.1800345339
TGME49_267370	0.2385531419	0.0414812403	0.1422044663	0.1255540281	0.3456614045
TGME49_216180	0.4712979752	0.3922685669	0.7327456534	1.398267661	0.4734638403
TGME49_311870	0.09935305704	0.2476788866	0.2480885896	0.345772768	0.0812912492
TGME49_226860	0.2456756515	0.6057390377	0.4432694381	0.2346568079	0.1827285015
TGME49_312990	0.03562791086	0.2187066196	0.09707124542	0.1546937074	0.0277502788
TGME49_239560	0.07530673955	0	0	0.01577039898	0.2155794564
TGME49_245530	0.7388032012	0.4797748476	0.5883833742	0.465443654	0.1947724175
TGME49_221180	0.169990791	0.4938405767	0.3207262342	0.1572990189	0.2770510571
TGME49_263570	0.4772577742	0.3435124894	0.6721119963	1.362124552	1.506224774
TGME49_294200	0.1834254456	0.6839707979	0.1660318124	0.2437467513	0.2645498653
TGME49_288000	0.03130517432	0.3391525603	0.05620706699	0.01237365075	0.05042269406
TGME49_304890	0.3318399737	0.2049535108	0.1627385942	0.2091831304	0.1209795759
TGME49_219320	0.5788021281	0.2392858322	0.2884411286	0.308313764	2.202420182
TGME49_218780	0.09017616867	0.103800014	0.2179592113	0.5613776625	0.1107597109
TGME49_269330	0.3670414702	0.1079142271	0.2333499713	0.2558089026	0.4781307202
TGME49_236010	0.6700348005	0.5556738905	1.084465903	1.509669964	0.5894694177
TGME49_295960	0.2549807048	0.5985869184	0.5430623301	0.1848378021	0.05078309523
TGME49_257090	1.465667553	1.699348614	1.541309591	2.36937445	1.480865298
TGME49_204000	0.03558430337	0.00255426935	0.006888272019	0	0
TGME49_280580	1.394651866	0.2240895015	1.744553937	1.59556167	0.3041354291
TGME49_210787	0.02682163152	0.1413368645	0.1216112558	0.1653090145	0.1563967205
TGME49_221590	0.5625131065	0.9731849937	0.9073970899	0.5418461807	0.0711234707
TGME49_208430	0.1268018977	0.4078975833	0.2920755516	0.1541351812	0.05115478087
TGME49_242680	0.2448837558	0.4455145606	0.3947707659	0.5514833542	0.3406263809
TGME49_222380	0.02416663326	0.05102613817	0.1187817298	0.2285376175	0.2562942164
TGME49_293900	0.3019925742	0.7449907739	0.4989540505	0.1618439912	0.3381528284
TGME49_242570	0.2409481642	0.05887317098	0.141159501	0.05006304828	0.5806224694
TGME49_296121	0.01941359085	0.1882490601	0.03886734106	0.1789208386	0.01770094976
TGME49_266690	0.2074264363	0.2247662882	0.4089317337	0.7823174115	0.09184459345
TGME49_237250	0.6905258259	0.3333163699	0.4324831725	0.6975942014	0.8903157449
TGME49_265420	0.2920434492	0.01853944429	0.04601557633	0.1236492041	2.012376358
TGME49_206710	0.1208299557	0.01600884404	0.02769521563	0.02126405266	0.3532562266
TGME49_293760	0.1480812025	0.4929044996	0.2060060026	0.2423282895	0.1901962645
TGME49_300190	0.7792279558	0.959145465	0.9330935941	1.490093617	0.8880575577
TGME49_244120	0.04026931582	0.144818894	0.1812091904	0.1714517582	0.03881117837
TGME49_289370	1.096880513	2.685825122	0.8992536253	0.383887165	0.7067289954
TGME49_225300	0.2669158901	0.6823099849	0.3586569138	0.2346747422	0.7490935123
TGME49_288750	0.2266939932	0.3093090391	0.3025857658	0.7406166299	0.6780242297
TGME49_312690	0.1713253786	0.07465884967	0.09477958502	0.0285510869	0.03885130141
TGME49_309820	1.568602751	2.131088572	1.688160172	1.82455969	1.2571336
TGME49_253100	0.1153816	0.004923595817	0.01634194308	0.007290782314	0.4795983811
TGME49_240900	0.4850924741	0.3053842885	0.2814121456	0.3013777288	0.4391347203
TGME49_254820	0.002095156716	0.0292934234	0.08562507397	0.2135441544	0.01569075523
TGME49_214970	0.05078368379	0.07869413553	0.1065923931	0.4796093795	0.08601869644
TGME49_216720	1.2260138	1.980014225	1.614536886	0.7976432766	0.2885965306
TGME49_293300	0.3197891463	0.1494918267	0.1279857884	0.2525768486	0.455370165
TGME49_283780	0.6689725562	0.5845289112	1.333673878	1.033683525	0.1428323252
TGME49_295450	0.3475524453	0.1202811022	0.1354317566	0.2707756496	0.8736148682
TGME49_304955	0.1763277149	0.3716866696	0.3723676328	0.3551541624	0.05192148083
TGME49_225560	0.1301148784	0.2663585272	0.304927821	0.1558787461	0.7409949088
TGME49_230410	0.2056423806	0.3757371449	0.3836593132	0.48468719	0.07264722173
TGME49_285850	0.01760787508	0.1691495537	0.09529645417	0.08142037587	0.02740294728
TGME49_290170	0.2705736936	0.1023197144	0.1328702782	0.1363414551	0.445160331
TGME49_225050	0.0557799774	0.02733563683	0.1942190579	0.4174641827	0.1849630915
TGME49_316600	0.874514234	0.5559666212	0.6278580836	0.6248931805	1.257738851
TGME49_212920	0.1452239974	0.236468785	0.3145084211	0.4571810243	0.1344768473
TGME49_227380	0.5119090148	0.3152888451	0.8304019379	1.629908717	0.1971649889
TGME49_310040	1.082011391	0.7460901492	0.8132306714	0.8137579217	1.312282019
TGME49_278850	0.2265744426	0.06155510646	0.07811152422	0.1054559796	0.5932956914
TGME49_219742	0.03172692453	0.3313517701	0.04652142178	0.02575370869	0
TGME49_244110	0.4143561431	0.5438356716	0.6525799103	0.8037638309	0.5209843289
TGME49_261980	0.1791685754	0.07666508609	0.08880774512	0.07199406647	0.06970823486
TGME49_225340	0.1932148602	0.0392374066	0.08255626006	0.07286630276	0.4321847324
TGME49_257530	1.984563135	1.851010983	1.8290895	1.358294026	0.8357373771
TGME49_273930	0.854295021	0.5631195902	0.5296624376	0.6326215748	1.577054524
TGME49_251690	0.4027087405	0.6526937248	0.7594353634	0.4667817085	0.05886512787
TGME49_256760	1.031758229	0.8032669707	1.399570342	2.168598434	1.028918496
TGME49_321500	1.318001666	1.657729979	1.72991067	1.476408837	0.7345332438
TGME49_290030	0.2081338253	0.3827047655	0.3694844508	0.4787135637	0.1466582857
TGME49_312480	0.036081554	0.1748266795	0.09027541042	0.2287173188	0.012644722
TGME49_229930	0.1453583343	0.5935411406	0.179472348	0.07283361421	0.2016716325
TGME49_271610	0.2756289448	0.5481567824	0.5478087079	0.302302558	0.08939274943
TGME49_237530	0.1325569954	0.03635431424	0.06548854639	0.03783626908	0.083997138
TGME49_221190	0.08965898745	0.3135171314	0.2080341387	0.1416921523	0.06300790992
TGME49_221895	0.02070124055	0	0	0	0
TGME49_203820	0.9563379255	0.4830823206	0.7222942691	0.9591971342	1.227992917
TGME49_296010	0.4325609473	0.177434148	0.2548984849	0.3241639046	0.6468442111
TGME49_253600	0.1152616821	0.02311817811	0.04992484199	0.008863797262	0.1982893126
TGME49_462890	5.434296025	5.347131734	5.401697918	5.123199782	5.078495617
TGME49_273310	0.3901473378	0.7734262298	0.6197108821	0.2866310065	0.4626567072
TGME49_217550	1.035854307	0.7168212329	0.8167615703	0.7180093723	1.172489004
TGME49_306960	0.03967387282	0.0902991129	0.1079682695	0.3568831099	0.09005033474
TGME49_314220	0.3255100782	0.2339806759	0.1883134658	0.09265760735	0.1993125826
TGME49_203380	0.05842788032	0.1814239305	0.1448778908	0.2774565506	0.008318197561
TGME49_312160	1.096067212	1.332095438	1.429780165	1.379331345	1.047958255
TGME49_217510	1.845698205	1.672967235	1.648169041	1.065960061	1.367244485
TGME49_235150	0.01842489286	0.05897271186	0.09805206566	0.2374501356	0.06033929884
TGME49_216820	0.4240717948	0.9951480546	0.5167111841	0.3033825694	0.3554557315
TGME49_235970	0.142210152	0.3041362521	0.2005760094	0.4606017381	0.316223882
TGME49_267150	0.08980031241	0.004769794404	0.01354031408	0.004534475722	0.2897779309
TGME49_270510	0.1483391113	0.3366237011	0.3008681112	0.3001166634	0.07700351264
TGME49_293170	0.2249188403	0.0805617817	0.06925995403	0.1198621646	0.5797873235
TGME49_293780	1.834497526	1.069068993	1.829769094	1.736009286	1.921371218
TGME49_212270	0.6942442361	1.652944721	0.8001945168	0.2120962986	0.09824018866
TGME49_230470	0.09363848131	0.04664464636	0.02812163569	0.006863895783	0.01405560276
TGME49_308860	0.3078246543	0.1638946098	0.1353987723	0.055154848	1.050954119
TGME49_213660	0.5872818202	0.6233114899	0.6992204238	1.439096959	0.9219459095
TGME49_322000	0.04376935715	0	0.00188913636	0	0.08692296442
TGME49_231180	0.1412359301	0.08719871468	0.05953248976	0.01231403585	0.01672957824
TGME49_227810	0.1813991107	0.03967161831	0.05636928256	0.05388196861	0.6660109172
TGME49_226740	0.09426882118	0.32592113	0.1917870861	0.1072585315	0.3102461884
TGME49_273760	2.105638526	2.205048137	2.674671927	2.322947001	0.7765556378
TGME49_246178	0.3214497235	0.1432795433	0.2022595717	0.1387198711	0.3859250358
TGME49_222850	0.3906302942	0.6742348186	0.5656793431	0.5655501722	0.4087234094
TGME49_314820	0.1577955855	0.2380376331	0.2455961689	0.4862784474	0.6324061122
TGME49_239890	0.2034077538	0.7669649666	0.1043637448	0.176916021	0.3321817311
TGME49_212775	0.02211888443	0	0.00228954941	0	0
TGME49_305580	0.06161975944	0.004592368267	0.01307933371	0	0.1172058278
TGME49_250810	1.294381657	1.708635914	1.294453463	1.922005379	1.061536995
TGME49_217760	0.1624025918	0.4388915953	0.2895084775	0.2442169731	0.03868209104
TGME49_311730	0.03100313109	0	0.002412973433	0.004715999556	0.0134037879
TGME49_261950	0.05727483468	0.04429654178	0.1224175879	0.5342305631	0.09231525044
TGME49_201680	0.1929853472	0.3627804257	0.3337763825	0.4632350461	0.09911421797
TGME49_300130	0.1189392314	0.473798142	0.1873987935	0.09787531557	0.05809791763
TGME49_246950	0.2233718335	0.08204935759	0.05710262395	0.1043415571	0.6894300828
TGME49_243950	0.2511082648	0.4172063243	0.3164290977	0.687249988	0.4837650792
TGME49_286500	0.07560700629	0.008923367284	0.004787148415	0.006840120228	0.2478662611
TGME49_262630	0.5246263892	0.3399445301	0.4838608957	0.1769400116	0.08280519354
TGME49_312420	0.4177511725	0.8568790433	0.6281178823	0.3561380046	0.1402685479
TGME49_226755	0.05064969828	0.01207243268	0.01255771052	0.01222954905	0
TGME49_205700	0.8473405307	1.029850512	1.076488703	1.387495192	0.6213768388
TGME49_217360	0.07482161363	0.007182629781	0.004391000298	0.01745399095	0.2388038327
TGME49_254070	0.4883538487	0.2391360054	0.2844570368	0.492077261	0.4509529515
TGME49_251810	0.1102928136	0.2674231889	0.2171737229	0.345642844	0.06304317613
TGME49_319640	0.2325071708	0.7565145675	0.2895273147	0.07610548823	0.116410764
TGME49_313160	0.08626108727	0.1057385528	0.1825567994	0.4141504049	0.3072432154
TGME49_249380	0.2331754496	0.09291926853	0.09834692782	0.128655883	0.3991186
TGME49_237150	0.2612899976	0.4443545225	0.3029768314	0.6382721198	0.6223560983
TGME49_224840	0.3184683125	0.07080305582	0.1970689908	0.2386081881	0.5905492526
TGME49_218192	0.0972241438	0.01471636562	0.02947020834	0.01558823455	0.2384295071
TGME49_305090	0.1574468517	0.3557168551	0.2037090129	0.4716646749	0.2053279402
TGME49_202020	3.890617637	3.95202045	3.861604589	2.835126598	1.8573714
TGME49_248870	0.2384691591	0.1336397969	0.1206745393	0.0982041307	0.1613926798
TGME49_212200	0.06373785436	0.2204669983	0.1891536931	0.1131704027	0.101042133
TGME49_226720	0.2779695641	0.2078285895	0.5088770343	0.9179179837	0.2556314362
TGME49_289650	0.3252325079	0.5689188934	0.4591323972	0.6544729546	0.1083688168
TGME49_262560	1.179318091	1.237440427	1.531001456	1.720927503	1.239128071
TGME49_265840	0.08143299716	0.1389795003	0.1859199201	0.3919484965	0.1859147237
TGME49_253330	1.757916339	0.392540045	2.935423273	3.459064371	2.096487588
TGME49_207930	0.3246737351	0.8180928426	0.4457991699	0.2361849601	0.05910039436
TGME49_201880	0.3012760273	0.401121866	0.4085339627	0.7433329505	0.7085937313
TGME49_256060	0.399384982	0.6286598087	0.7089771905	0.4846855027	0.2388105026
TGME49_205470	0.6514075148	0.9390853952	0.931327885	0.8768626473	0.2463517161
TGME49_277730	0.1241050479	0.04611617542	0.05600901878	0.03758097761	0.1040470557
TGME49_272900	0.08358942336	0	0.02260915794	0.05483480363	0.1055278232
TGME49_241010	0.1614215735	0.04893772458	0.07810620377	0.02995477619	0.3180567066
TGME49_209500	0.5794331512	0.3571392801	0.4766317972	0.3265685268	0.3506225219
TGME49_239820	0.9382336669	0.2533540456	0.7054620593	1.163873187	2.156178181
TGME49_246540	0.07010176023	0.1336831742	0.06673704778	0.4069316522	0.5266343891
TGME49_258540	0.04654071424	0.2636560618	0.06383818696	0.1127887659	0.2018256955
TGME49_215895	0.04679280539	0.3259517087	0.0728726807	0.04908084264	0
TGME49_284180	0.719799381	0.5295643091	0.5302056737	0.4361708227	0.5316708214
TGME49_309720	0.1909218248	0.06014208225	0.09981298714	0.1020821948	0.2865156784
TGME49_247510	0.1848090438	0.2069855559	0.3094391887	0.6994564326	0.2043937685
TGME49_254660	0.139414349	0.1356133236	0.2650086483	0.4655547321	0.6831564119
TGME49_261250	0.2213055653	0.1822611982	0.203005801	0.8392893931	1.482083022
TGME49_271430	0.08185308504	0.01403142953	0.0306685585	0.02437590819	0.07538943268
TGME49_315150	0.1683142757	0.3297708598	0.2912153226	0.4183844768	0.1191217466
TGME49_312100	0.1322465122	0.02361015438	0.04535374681	0.004687378059	0.5179077729
TGME49_229390	0.0979385995	0.03027205211	0.03576382807	0.02071310217	0.06208988544
TGME49_237570	0.08001717368	0.1810545341	0.184617769	0.2902328782	0.1099939553
TGME49_316270	0.1565521214	0.03546171427	0.05585776411	0.1397744558	0.1167772024
TGME49_239800	0.299318482	0.1130967761	0.1728653689	0.08736944422	0.8553406146
TGME49_302007	2.516338245	2.410134589	2.34717001	1.766245978	1.774851351
TGME49_288680	0.2012798205	0.2760159052	0.4041127419	0.5157959911	0.04531350325
TGME49_224205	0.3599902242	0.1441638057	0.2559376231	0.23787869	0.3902498671
TGME49_219810	0.3354701118	0.6267398388	0.6213994001	0.2752699938	0.08526667205
TGME49_224000	0.1180488729	0.01454714311	0.007112242216	0.01176173194	0.6866082722
TGME49_240090	0.6304200569	1.442331814	0.7338404721	0.2547944238	0.1444991539
TGME49_209250	0.328628173	0.09452214558	0.1844358864	0.1786187351	1.038583168
TGME49_260490	0.06006001648	0.005782128838	0.01521919107	0.01393579422	0.05862091342
TGME49_292340	0.2377117417	0.1036006584	0.1425445355	0.1437946125	0.1279307667
TGME49_270240	1.971324739	0.705767095	2.150637705	2.583868875	1.213841557
TGME49_213790	0.1881228575	0.03240239705	0.08361821011	0.1493801386	0.3765310488
TGME49_240460	0.05918544261	0.005018511537	0.01654242112	0.02259496238	0.04754951501
TGME49_200010	0.1288838965	0.4438991156	0.1208095061	0.1269107831	0.5278697172
TGME49_220240	0.5252223858	1.386452611	0.5193442968	0.1781972726	0.07116527925
TGME49_209290	0.9897985515	1.344996895	1.1072144	1.337939477	0.7546508569
TGME49_215680	0.09325605477	0.02013873266	0.02742336701	0.03336554928	0.114079719
TGME49_224845	0.03984019725	0	0	0.008996303872	0.08897051826
TGME49_242850	0.219351606	0.07514113195	0.1134001017	0.1621759553	0.1812977788
TGME49_268640	0.05880119718	0.2191764439	0.1348010531	0.172639664	0.01129521284
TGME49_206510	0.2879764075	0.8611564084	0.3224130608	0.09543978149	0.1582964562
TGME49_302050	3.172996538	3.097352702	3.149431992	2.27999215	2.514082538
TGME49_268910	0.008935617359	0.07391382128	0.03883233344	0.1781990658	0.04601671247
TGME49_213520	0.415193142	0.322712006	0.2736805257	0.2296643929	0.07464630017
TGME49_232440	0.2942857774	0.2860095297	0.329220075	1.011356751	0.7537440806
TGME49_311100	1.079586184	0.9806911707	1.600518374	1.816986575	0.1221263642
TGME49_251800	0.1431188468	0.3087733007	0.2096739803	0.3789830358	0.1187413572
TGME49_246570	0.05963351966	0.1506283955	0.1101697775	0.3402247052	0.0530903249
TGME49_233470	0.0522424419	0.06867764693	0.1467356803	0.3401197036	0.02888840557
TGME49_278365	0.002036502116	0	0	0.02772662021	1.043566874
TGME49_263260	0.2434471483	0.1385106279	0.1278732353	0.1241464711	0.2038644569
TGME49_224520	0.04231399195	0.2091324355	0.05636373748	0.02904763029	0.7348606592
TGME49_305750	0.03827909412	0.1366069545	0.09708869836	0.169403634	0.1100943473
TGME49_217820	0.1234214354	0.2263489044	0.2057781496	0.4341646553	0.1078685816
TGME49_299210	0.1102222691	0.2705723328	0.1993352445	0.2792778513	0.03720026701
TGME49_247550	0.4302270357	0.6831455772	0.5362954782	0.7667287871	0.3962367406
TGME49_300090	0.03678509068	0	0.002512022702	0.004645503703	0.0510344076
TGME49_219700	0.04127910649	0.04709878462	0.1170315924	0.3915470097	0.02157633025
TGME49_205280	0.2478455316	0.189343026	0.1008430888	0.09462606014	0.1758899293
TGME49_282180	0.2359420597	0.1976639823	0.3618462284	0.7865068548	0.5374969568
TGME49_246700	0.017991384	0	0.003220548135	0	0
TGME49_226920	0.04642598656	0.1652006854	0.1498252947	0.1054904845	0.01780659661
TGME49_202040	0.3058739795	0.1348607786	0.160419152	0.2220854796	0.4230940729
TGME49_226000	0.1592449742	0.3878136236	0.185156867	0.3995790508	0.1748388612
TGME49_216730	0.1141932671	0.1645786232	0.232693166	0.4091516803	0.126979179
TGME49_219860	0.05139749492	0.05632648103	0.175316868	0.3084234074	0.01562001992
TGME49_268765	0.02333007557	0	0	0	0.03014886377
TGME49_291980	0.3752047466	0.1097543473	0.2330749597	0.4298114909	0.3536875835
TGME49_239752	0.5077483949	0.08375904052	0.4310166381	0.5486353534	0.7083339536
TGME49_213067	0.1872142767	0.1341731451	0.2541823736	0.9071252839	0.2336819631
TGME49_235540	0.1573797466	0.2860559145	0.2498424935	0.3955851344	0.2462682173
TGME49_216620	0.1505630303	0.006090457979	0.04209169046	0.07070741366	0.5482714985
TGME49_234530	0.7368778047	0.4335748647	0.654091447	0.5656442875	0.4591840778
TGME49_238880	0.09532515211	0.2110562716	0.2099288329	0.2842861095	0.08350233692
TGME49_221840	0.6250698011	0.4839217779	1.351176869	0.6901037913	0.2736957014
TGME49_226470	0.1530670593	0.4327874201	0.2535518304	0.1083195899	0.2319509782
TGME49_315770	0.241147049	0.1091907942	0.1073625165	0.0648290819	0.6317570288
TGME49_293740	3.170572147	3.546578246	3.025738394	2.181578003	1.083349776
TGME49_316900	0.0790429006	0.2303791471	0.1582461262	0.1673212773	0.09487237646
TGME49_206430	0.8796396518	0.4206857935	0.636446953	1.2104074	0.6564243465
TGME49_220330	0.02142396762	0.02405592609	0.1285712017	0.1895743994	0.0730648443
TGME49_289340	0.07879326252	0.01131511185	0.01632626976	0.02474439935	0.1830413963
TGME49_205180	0.2306977124	0.6724828389	0.18861762	0.2587021249	0.3770792577
TGME49_265260	0.8599621139	0.6964304679	0.7503365016	0.4572135616	0.3322489687
TGME49_203080	0.1837644569	0.244482553	0.2300735583	0.6907515863	0.2131240467
TGME49_262100	0.3060494205	0.1548297431	0.5011810652	1.078618359	0.3395140258
TGME49_246080	0.3600795663	0.2913817966	0.2084692609	0.1319169526	0.2262285736
TGME49_254370	0.07150160918	0.1737658511	0.1300927144	0.1900200035	0.3943158578
TGME49_267725	0.07172709825	0.2874373593	0.1511384525	0.07029593365	0.02333986504
TGME49_288945	0.2500918995	0.01627197839	0.08552852173	0.2822534854	0.7931743488
TGME49_321290	0.05672887386	0.1888080473	0.1090482631	0.2160069132	0.08616005997
TGME49_316330	0.1323450946	0.3531650702	0.2066007908	0.2239155075	0.1749755975
TGME49_223940	0.6893949423	0.7046839587	0.9733533404	0.9424648458	2.111894542
TGME49_231410	0.07128561791	0.1140724732	0.09369194345	0.3167216602	0.643742993
TGME49_256050	0.09698158252	0.1568761261	0.1698672612	0.4166879891	0.03807850206
TGME49_232250	1.229175573	1.34653715	0.8959710677	0.6156134666	0.4389335398
TGME49_289610	0.03603355629	0.1085299366	0.1283007554	0.1126399473	0.233512025
TGME49_270700	0.06488631846	0.2821289217	0.1426640169	0.04830706199	0.01390054422
TGME49_296000	0.2950424589	0.1780331679	0.1943700611	0.1605111909	0.120013757
TGME49_267420	0.5154077401	0.680756173	0.5797775751	0.961441832	0.9967581173
TGME49_234380	0.6063549366	0.3741969895	0.6124083048	0.2942642893	0.127905421
TGME49_202830	0.6631974333	0.5538170904	0.4108488957	0.5914236057	0.1181275005
TGME49_285240	0.1985532504	0.1762418274	0.2526352031	0.6345486547	0.9510779232
TGME49_290920	0.1251453429	0.3267103722	0.2497715805	0.17811076	0.01249469277
TGME49_226380	0.3106755167	0.6727660585	0.4586088264	0.2927740721	0.06515694527
TGME49_212850	0.2577372485	0.3762854539	0.4065779312	0.530580233	0.3618960251
TGME49_222330	0.06236953505	0.005023973018	0.01402507966	0	0.1896117194
TGME49_215010	0.2419224371	0.05164372238	0.1415522365	0.1983566645	0.433160147
TGME49_220940	0.01620860424	0.06210244323	0.07940491911	0.1752137818	0.01453338861
TGME49_274290	0.1458498601	0.3000835436	0.2851676368	0.2708155786	0.05519262588
TGME49_220500	0.5993849344	0.4654013533	0.399774823	0.4433064018	0.2783736735
TGME49_240600	0.07387333868	0.1032812678	0.1951296829	0.3221764694	0.01025093044
TGME49_238170	0.1220322898	0.02133031634	0.05389447522	0.02137997197	0.3400091722
TGME49_216860	0.7945479669	1.054319054	0.9034303506	1.243110889	0.8106993127
TGME49_275690	0.06875388057	0.06735291277	0.2504833019	0.2586781992	0.02861516881
TGME49_302000	2.872173825	2.738836284	2.679425622	2.231106894	2.60860103
TGME49_276140	0.4384738386	0.4348788762	0.5202570365	0.8763771402	1.690605161
TGME49_230070	0.1730890433	0.3314614043	0.3555817096	0.2288853632	0.1965858804
TGME49_223780	0.1432383782	0.01800127859	0.05090616281	0.07859081105	0.4447399891
TGME49_224020	0.5407897703	0.2516618944	0.3717314389	0.6177422957	0.4217425778
TGME49_246580	0.05441508541	0.1205593337	0.06990780149	0.3170905525	0.2139714045
TGME49_252310	0.08312575294	0.06386552903	0.1631019554	0.4701971234	0.1183397556
TGME49_279390	0.1920378478	0.2632390761	0.229951181	0.6869939316	0.2861682283
TGME49_227030	0.08143661074	0.1184725682	0.1416643008	0.1651378774	0.9923158132
TGME49_291910	0.1392335757	0.07283293165	0.09545616165	0.008923350959	0.01145738438
TGME49_205190	0.02358008614	0.1369743637	0.1067400234	0.03765936634	0.02295295601
TGME49_228110	0.0146215723	0.1135740806	0.09247844519	0.04914352204	0.02459815101
TGME49_236580	0.25246885	0.4504284903	0.3661477894	0.4808966966	0.09706621936
TGME49_220100	0.05848366483	0.2166184108	0.08364206165	0.1610467445	0.1287593151
TGME49_253710	0.03325991724	0.05763615871	0.05999652216	0.2825669097	0.1986071093
TGME49_258080	0.1242941154	0.06587859057	0.04854481772	0.06968988026	0.0127005609
TGME49_209130	0.07116694266	0.002204492968	0.0200860555	0.05228284197	0.04036507004
TGME49_288045	0.05068033449	0.002149296373	0.006143079679	0.008477338876	0.1036192882
TGME49_232550	0.5025080168	0.1271756282	0.3016040489	0.5732538735	1.245748268
TGME49_254420	0.04781548712	0.2125993891	0.1278950434	0.05119022158	0.01171103052
TGME49_231990	0.06855016498	0.007083313624	0.006797699039	0.01350779235	0.2211512476
TGME49_258060	0.1191071942	0.1642935973	0.1796620048	0.4626138737	0.2162685315
TGME49_262730	0.06196649722	0.007193848787	0.01886690605	0.01213611658	0.1080679483
TGME49_305160	0.4519620914	0.3123937318	0.4164163318	1.309001873	2.240235451
TGME49_253430	0.3111624921	0.3819921456	0.5143043223	0.6935377806	0.05137823604
TGME49_249890	0.0653935826	0.01219438209	0.02077648047	0.03465839228	0.0376016441
TGME49_297360	0.1362461786	0.06096432407	0.05104230543	0.09706858542	0.02456960002
TGME49_280400	0.06194110318	0.002460869801	0.02570601642	0.03984897929	0
TGME49_297400	0.5124073017	1.083081156	0.5949826159	0.3152252986	0.3246968142
TGME49_323100	0.6293242503	0.667853096	0.4439851926	0.1826064975	0.03817139728
TGME49_249850	0.581889347	0.2271347067	0.2682489309	0.5355973646	2.526495755
TGME49_204490	0.09841704445	0.1554068444	0.210249352	0.3371547677	0.04648493921
TGME49_261650	0.1894063274	0.04888844582	0.5281410839	0.5517066039	0.03709756188
TGME49_277770	0.2871944698	0.1989692183	0.2171231457	0.07540193876	0.06953340062
TGME49_247610	0.07113997645	0.1384714894	0.1327037036	0.3289178518	0.1741414679
TGME49_200700	0.1711738023	0.03716877033	0.115702629	0.1281916887	0.07439466097
TGME49_268950	0.04740473181	0.1305586361	0.1406242644	0.1738036898	0.04208217158
TGME49_263520	0.2133657607	0.09441860791	0.04464263447	0.02599798071	1.3459597
TGME49_315670	0.0360426177	0.119384237	0.1101934904	0.1357995772	0.05760999071
TGME49_318390	0.1006158086	0.03140868212	0.05469861891	0.03759846932	0.06490507743
TGME49_289900	0.01713463604	0.1179300959	0.05189908785	0.1002229955	0.01638892454
TGME49_300140	0.5520015563	0.8359849203	0.7704630129	0.6734600199	0.181856969
TGME49_310420	0.8139629933	0.9283053642	0.5216897475	0.1450674353	1.025081702
TGME49_248425	0.1103747467	0.0225383254	0.05464184745	0.08040975888	0.01274290476
TGME49_224610	0.07578539134	0.01371423735	0.03325607563	0.03289402391	0.06177438765
TGME49_313150	0.04665004012	0.1138244352	0.166930034	0.1218408323	0.05117468172
TGME49_218870	0.2075692732	0.06756537163	0.08607319259	0.2209275362	0.2151711954
TGME49_247470	0.2626861674	0.5622165786	0.3257838776	0.4175561691	0.09222962396
TGME49_289970	0.6723034496	0.5120269661	0.4270927802	0.3528737862	1.268159782
TGME49_225110	0.01335948713	0.09829580951	0.04076299047	0.07796949657	0.1258076964
TGME49_238073	0.06695618057	0.1170533931	0.09923848895	0.3669837285	0.09660448647
TGME49_315760	0.08711628855	0.2055176065	0.2486185781	0.06340436117	0.1691971333
TGME49_207600	0.1255474087	0.01837809211	0.08618190384	0.07334396144	0.06269659915
TGME49_219310	0.1281838731	0.09221376055	0.2974277389	0.4511413792	0.1800429826
TGME49_311510	0.1481601598	0.2516455423	0.3527436872	0.1815143695	0.1309415073
TGME49_264080	0.01613884862	0.01123330617	0.07057827385	0.2333502905	0.05904462219
TGME49_228120	0.323376945	0.4532885128	0.4416559983	0.6579475958	0.3797308025
TGME49_260540	0.05637125195	0.2333500099	0.108355996	0.03363375435	0.1897607339
TGME49_318430	0.06741434577	0.03765035599	0.08995072841	0.4105625627	0.6103950904
TGME49_265790	0.3514056113	0.6683662543	0.4532429846	0.3479020358	0.5786760385
TGME49_293560	0.1339615162	0.309591179	0.2349279666	0.2337034359	0.04554645438
TGME49_222220	0.6572733376	0.3750506275	1.014969793	1.518932614	0.7107542062
TGME49_211420	0.4903417364	0.7628725823	0.5221639191	0.8973426723	0.3761870979
TGME49_272010	0.04712720489	0.1382449619	0.08479459682	0.1852121855	0.1914394964
TGME49_287210	0.1050612204	0.07276891664	0.1698798517	0.4523704999	0.5623072996
TGME49_290660	0.3390970636	0.5847391008	0.4803787069	0.4572546001	0.1751198284
TGME49_208570	0.3894871508	0.04638023068	0.3382805722	0.5610254494	0.08841118923
TGME49_239420	1.259877951	1.212748858	1.039901043	0.8776084106	0.2831745272
TGME49_278030	0.2077025642	0.3650213288	0.4372151376	0.2010824619	0.08196149176
TGME49_285950	0.0462037082	0.1861238728	0.1027669562	0.1130387736	0.04638558657
TGME49_290580	0.1824646796	0.01918056765	0.1333398088	0.1847686371	0.1232275231
TGME49_243430	0.7174044853	0.6223605871	0.6055303592	0.3284097806	0.2235141816
TGME49_210840	0.2192754945	0.07822709029	0.1306767195	0.1973539095	0.1346534364
TGME49_218920	0.2039710852	0.1215974352	0.2600380895	0.8323971511	0.5632409966
TGME49_286710	0.2051600055	0.3296900794	0.2951836916	0.4748003527	0.2918596145
TGME49_257760	0.2888175379	0.1631552767	0.2412458657	0.07466688925	0.2267419903
TGME49_278530	1.633404944	2.301090863	1.724820912	1.504859148	0.9328876631
TGME49_242000	1.210686483	0.8822620317	1.068912634	1.006651553	1.090029631
TGME49_228160	0.1131026923	0.04667308523	0.07401879935	0.01167406635	0.01396194619
TGME49_314830	0.2276947524	0.390897024	0.3393978349	0.3878841905	0.2283120559
TGME49_310450	0.2251098705	0.05846160336	0.1341213537	0.09980471373	0.6707548009
TGME49_267450	0.006831924601	0.107336514	0.03885854304	0.04280239225	0
TGME49_306370	0.2407704299	0.1079966149	0.1525978422	0.06986787336	0.485584551
TGME49_294620	0.05223272213	0.09829394149	0.1324244793	0.2403211896	0.08795097181
TGME49_290200	0.1051349074	0.03452227506	0.03421815598	0.6127705161	1.19949786
TGME49_250840	0.2614214193	0.0453701976	0.1915118803	0.1905437853	0.5430411966
TGME49_202930	0.1327028242	0.3954971647	0.2274539821	0.09514178329	0.01638892454
TGME49_305780	0.01037840967	0.04052495135	0.07271396058	0.1206006122	0.02516786935
TGME49_266470	0.1989360497	0.284226356	0.2867543138	0.537096259	0.2146575913
TGME49_266120	0.1508088685	0.2061103189	0.2139142561	0.4051619859	0.5844275457
TGME49_201840	0.7571760213	0.5040465952	0.7770046875	0.4452333772	0.1269887516
TGME49_269780	0.03403142499	0.006672623552	0.004387435094	0.009732777462	0.01549867895
TGME49_300631	1.489377475	1.297066837	1.25162578	1.123096158	1.361100728
TGME49_291600	0.2833057193	0.3187818347	0.4317290049	0.6842669519	0.2937621977
TGME49_248990	1.716687859	2.416519223	1.895121247	1.497367025	0.6883525492
TGME49_222110	0.1325047236	0.3041386367	0.2034040629	0.2282594577	0.1959625696
TGME49_286750	0.3265392355	0.07872097935	0.1715172896	0.4219682183	0.5110940934
TGME49_293440	0.4145919145	0.3676217646	0.222843211	0.217721678	0.200099066
TGME49_218270	0.09449415235	0.004372334772	0.009139204511	0.03182481897	0.4303661398
TGME49_227150	0.02306764901	0.07199197204	0.08210048043	0.1864786528	0
TGME49_321710	0.01876626835	0	0	0	0.02861443912
TGME49_236840	0.008866739866	0.08574018571	0.05606121287	0.07027716487	0.02154614329
TGME49_310970	0.1067234868	0.2288906727	0.226929977	0.1312535717	0.2502648928
TGME49_313130	0.02531632488	0.1121917979	0.1085118953	0.078692364	0.02596978227
TGME49_214270	0.104958935	0.1091674512	0.1630833871	0.5076981274	0.157855382
TGME49_321600	0.1199019527	0.03083788025	0.02904904988	0.01272849353	0.509966655
TGME49_257040	0.2798810934	0.3297723451	0.46787673	0.6264975398	0.1267937242
TGME49_242860	0.09464730291	0.002485483375	0.002145018808	0.0178078943	0.5795787012
TGME49_268280	0.1955857077	0.05260777562	0.1636320574	0.1307326174	0.1078921367
TGME49_214560	0.06313142994	0.05288279836	0.1231781058	0.3845505192	0.2182951994
TGME49_246020	0.2645370378	0.1287704439	0.192496847	0.142703555	0.2154653671
TGME49_231160	0.833095012	0.378967109	0.5971041247	0.7804676545	2.287534017
TGME49_215260	0.02502735413	0.1168620075	0.08254343547	0.1078008538	0
TGME49_285930	0.08376468456	0.2510515961	0.1163690773	0.06501366465	0.5400475508
TGME49_233110	0.1532743772	0.3500359024	0.2244561033	0.1603105364	0.4463851698
TGME49_222192	0.03273733428	0.1601655387	0.1023442352	0.0409056746	0.01887580441
TGME49_243720	0.168222566	0.2360155214	0.3153851367	0.4335326029	0.06847805875
TGME49_309860	0.006100497233	0.02154143451	0.04261200259	0.1761544116	0
TGME49_295662	0.1086186562	0.5097655854	0.06509724849	0.03481523365	0.04631291735
TGME49_305980	0.007005783723	0.006074982574	0.03873184988	0.1956324069	0.02440749573
TGME49_230450	0.0245324248	0.118139337	0.06610490414	0.1271659785	0.01145738438
TGME49_226520	0.1334318131	0.2894822184	0.2324668671	0.2663803889	0.0425232582
TGME49_248510	0.02365509755	0.07879802245	0.08920526249	0.136852609	0.01269120559
TGME49_240730	0.06047919741	0.009733971644	0.01139607964	0.01718856755	0.1256116662
TGME49_221330	0.05120528918	0.09811817516	0.1508106613	0.2134892769	0.01496471156
TGME49_305850	0.1477197298	0.204506878	0.2146986183	0.5197857011	0.1345431031
TGME49_278878	0.1376248893	0.1006089234	0.06098010697	0.02207033697	0.06511299927
TGME49_233140	0.05792290128	0.08121716779	0.09868420885	0.3674913794	0.03514644708
TGME49_236190	0.0798729861	0.1562736287	0.1932313497	0.2059051542	0.04058913395
TGME49_232270	0.07675032167	0.3486739017	0.08363942804	0.05625244642	0.02885286304
TGME49_233920	0.1530596943	0.02696233977	0.1704941401	0.01281874292	0.01204068101
TGME49_218580	0.01591638405	0.08555527943	0.08014245191	0.07834129914	0.009097100562
TGME49_278800	0.05723220231	0.1121649065	0.1120647944	0.1959635487	0.308001309
TGME49_219730	0.01987744911	0.1275032459	0.04128177231	0.0532001214	0.1178601221
TGME49_245680	0.8853113461	1.270768376	1.097365763	0.8770121021	0.3648506159
TGME49_224932	0.2216931716	0.05612521216	0.1459944384	0.1781318247	0.3340810932
TGME49_223040	0.1274743	0.153959408	0.1530097351	0.5361173329	0.2499715179
TGME49_205390	0.05935871214	0.2075946637	0.1002938142	0.1304953833	0.1262788595
TGME49_297470	0.490202931	0.4198848431	0.2663026423	0.1854357573	0.8904574993
TGME49_206450	0.4595774664	0.3117672734	0.3406533129	0.3168420364	0.2530503866
TGME49_276980	0.07135536498	0.02054237719	0.05065510021	0.004264989038	0
TGME49_248630	0.171594731	0.07440704787	0.07383383355	0.1352357611	0.2215136996
TGME49_285250	0.2859610685	0.2018635965	0.1892508107	0.1228109338	0.1563659299
TGME49_214770	0.1299981467	0.1489242705	0.1519519039	0.4010619901	0.7556704697
TGME49_252880	0.2228763648	0.3370981986	0.3738511704	0.2569343713	0.6915006707
TGME49_225930	0.107330105	0.06933124623	0.3334289781	0.2923752448	0.07705332922
TGME49_258150	0.07792023559	0.08889309887	0.1888655024	0.2996565732	0.1709885454
TGME49_258170	0.1359630582	0.2288798815	0.2250203828	0.3515388569	0.1656899008
TGME49_221550	0.4934261856	0.2636929419	0.7715947191	1.269870062	0.7545620898
TGME49_202050	0.1288486549	0.1104399522	0.05740951365	0.00774822877	0
TGME49_248290	0.04311367328	0.08234288645	0.1214893631	0.2247418265	0.01232801807
TGME49_221295	0.3736058028	0.4321864792	0.5951841415	0.5276211119	0.8161428464
TGME49_213950	0.1573834135	0.042982355	0.05501256684	0.1124105877	0.4313905368
TGME49_223750	0.2356722785	0.1852967877	0.1731832709	0.04531303695	0
TGME49_311010	0.66377635	0.5080341865	0.5078406863	0.366004603	0.8526947303
TGME49_213490	0.04644842088	0.1357963013	0.08047294908	0.171065599	0.1318283017
TGME49_278080	0.6937771951	0.1437402722	1.480574821	1.369392699	0.2395511492
TGME49_311430	0.2043146273	0.3682821324	0.271395652	0.4443408889	0.07589070835
TGME49_270890	0.2133713716	0.1546914169	0.06559273595	0.1228821164	0.3378901686
TGME49_271880	0.4449046642	0.2383334616	0.3520523104	0.2684480024	0.5994033067
TGME49_231220	0.06499480747	0.01252784677	0.01944346678	0.02338500052	0.08698849085
TGME49_286740	0.09808076398	0.261107972	0.1955201261	0.1498461983	0.03679243224
TGME49_258110	0.1318604028	0.02792039421	0.08723748362	0.1172072192	0.0385525827
TGME49_311320	0.1900127941	0.07932708489	0.1304244073	0.06207166507	0.2433385518
TGME49_211600	0.08671160665	0.2555983437	0.1551585138	0.08340661099	0.1612061322
TGME49_202025	0.2752618888	0.1740293449	0.2100096305	0.1308149339	0.1135950564
TGME49_295030	0.6390424843	0.4668932897	0.6295486741	0.3054311345	0.1998712441
TGME49_241150	0.04767950354	0.05364950118	0.1674196694	0.2035299049	0.03497981561
TGME49_234430	0.2242599621	0.1282812889	0.1571815946	0.1333666314	0.06066384284
TGME49_222188	0.03547021349	0.002065072642	0.001756950852	0.004693056241	0.08674396868
TGME49_223672	0.04443164865	0.07215932591	0.1313211122	0.2228767158	0.02347095899
TGME49_214110	0.26517138	0.158889332	0.1719237714	0.1632792832	0.1202752836
TGME49_254690	0.1538333685	0.2315059652	0.2360911472	0.3964139468	0.2034473224
TGME49_229630	0.2245912939	0.3296465999	0.3488298957	0.4760524849	0.1001042388
TGME49_244500	0.1118653483	0.002121341705	0.002204146374	0.03305002454	0.7000754731
TGME49_250730	0.240585615	0.4993512009	0.3296368778	0.3203236527	0.04689563723
TGME49_257300	0.06323283332	0.211021807	0.1157869719	0.05984738339	0.226746888
TGME49_236110	0.04022224121	0.04824586565	0.09706425464	0.2465159875	0.1182511765
TGME49_260200	0.1407810454	0.3025615451	0.2372163778	0.2255671465	0.07672987021
TGME49_254030	0.185905	0.2812967164	0.1921993254	0.4432787607	0.6398430765
TGME49_242700	0.2682229852	0.1768519249	0.1915637747	0.1038864449	0.1366355812
TGME49_277510	0.2731787464	0.1743661483	0.1397579554	0.1594418285	0.3286290212
TGME49_264060	0.03143073748	0.09458013096	0.06684847541	0.1539940031	0.1550809255
TGME49_215440	0.3375733219	0.1848775921	0.2783662048	0.2224036449	0.1574435854
TGME49_311110	0.1372940152	0.1436276567	0.2204889599	0.5132891135	0.1250696683
TGME49_281570	0.1346554989	0.07546990601	0.06973538121	0.07057539408	0.0233600715
TGME49_272530	0.006942621823	0.07977773124	0.03075331077	0.0756052395	0.007080691972
TGME49_242670	0.04334333368	0.009342807429	0.008982637134	0.01800668359	0.02420028914
TGME49_216710	0.05123391764	0.02106989389	0.01374199895	0.01325576324	0
TGME49_200360	1.312951412	2.166855392	1.480297422	0.7137716797	0.2609657383
TGME49_216900	0.2377973996	0.3877893612	0.3837226465	0.362935882	0.1060134802
TGME49_267470	0.002872750983	0.02824475861	0.06013552926	0.08553492723	0
TGME49_225960	0.04590434782	0.008953604079	0.01832618333	0.01561969308	0
TGME49_219150	0.1755070809	0.3737728983	0.2679932947	0.2420372662	0.1408088488
TGME49_252210	1.12452233	0.3442011711	1.235970611	1.331876889	1.066961663
TGME49_243710	0.1699824144	0.1442780428	0.2815489977	0.5899124876	0.1746467752
TGME49_209710	0.036144114	0.05033454328	0.1027414951	0.2044576407	0.09970051178
TGME49_278940	0.1691660616	0.238601033	0.3614380385	0.2815416263	0.03384129371
TGME49_263000	0.04284758681	0.148102487	0.08254452319	0.1055722201	0.134096554
TGME49_218420	0.2464491003	0.3825401425	0.3785661147	0.413790415	0.2005725701
TGME49_248600	0.07899604271	0.1184241032	0.1163549599	0.3015472723	0.2383562399
TGME49_209700	0.1314655034	0.08282101681	0.1548205456	0.5319509409	0.6279247254
TGME49_233350	0.268007772	0.2630899758	0.2789358537	0.6839003678	1.060155516
TGME49_256025	0.1040959466	0.04511919361	0.05731111026	0.01385280752	0.1236648158
TGME49_244640	0.3118169419	0.1435069714	0.2213468109	0.1562829404	0.5910743427
TGME49_206460	0.5682516935	0.4170700502	0.4392246502	0.4297000843	0.2700539621
TGME49_213900	0.559562953	0.3871921313	0.405898554	0.4482642461	0.5358280659
TGME49_312200	0.9925843031	1.450478656	1.258723052	0.7607510456	0.4179858753
TGME49_201120	0.1753672191	0.1202583507	0.08694671986	0.08509735698	0.1040385864
TGME49_208560	0.01213578163	0.01229928389	0.07713730289	0.1576465857	0
TGME49_253690	0.2185365503	0.4746696025	0.2864496328	0.2371851448	0.2440522039
TGME49_210430	0.2731419596	0.06614178068	0.1661943584	0.2231880167	0.7288339645
TGME49_207710	0.3286928748	0.2322894202	0.5315934992	0.8872532874	0.2481017911
TGME49_215590	0.06838241414	0.1303891147	0.117667689	0.2578741034	0.1009785498
TGME49_315270	0.3938949451	0.4009595273	0.5397909716	0.9211756675	0.3219329893
TGME49_293040	0.1521988214	0.05887962656	0.0789434924	0.1105826982	0.1127217819
TGME49_266400	0.08363561316	0.2011702125	0.180701376	0.1244058082	0.1294104927
TGME49_265230	0.1002812843	0.04190118701	0.06526444184	0.04847568716	0
TGME49_300240	0.07201274442	0.01298890479	0.03933945131	0.039894697	0.04174615598
TGME49_242800	0.1864488402	0.3650381529	0.2859191054	0.2650950638	0.1259517824
TGME49_294240	0.05708844925	0.007293519703	0.001865488159	0.00355560364	0.2546370827
TGME49_202680	0.1269011232	0.2022317525	0.1870310399	0.2811169664	0.3912159581
TGME49_218950	0.01975705556	0.1136201475	0.0750037077	0.03321857932	0.03350409593
TGME49_201780	0.2313487181	0.5259780669	0.3642910512	0.1298132236	0.06538348751
TGME49_234950	0.05386652491	0.1153508424	0.1483320827	0.1570335471	0.02889402596
TGME49_249770	0.2046832735	0.2630077624	0.3037099674	0.4647729244	0.2737065717
TGME49_206440	0.1301577693	0.08672975595	0.08173470988	0.02079763509	0.01587226404
TGME49_224060	0.2875321913	0.1341733804	0.1341355377	0.26787887	0.506207148
TGME49_313710	0.102158958	0.006243411444	0.0541646514	0.1061417109	0.05789836596
TGME49_235340	0.1348779046	0.2977365913	0.1662829592	0.147436364	0.625057541
TGME49_259940	0.2775425717	0.1837298124	0.1813418651	0.05269061861	0.5423479212
TGME49_278040	0.1529130004	0.2650191942	0.2210040161	0.3720420579	0.08431743519
TGME49_299970	0.2133926092	0.07213317193	0.07481970991	0.07788110846	1.031769366
TGME49_236650	1.089477665	1.329571013	1.318699616	1.31705531	0.699515664
TGME49_255700	0.08793005133	0.001953424153	0.0158969676	0.04978375195	0.3537327571
TGME49_258820	0.2234423401	0.1449330735	0.2895615421	0.6071094138	1.146151129
TGME49_293050	0.156732502	0.08550675215	0.1020410329	0.06035087084	0.09817093822
TGME49_262130	0.02075808169	0.0580229753	0.06817955988	0.1340186662	0.08231984437
TGME49_248430	0.09368139825	0.03297028844	0.06260832652	0.04049244025	0
TGME49_278205	0.2944728344	0.1590446381	0.3922478625	0.9890840007	0.4787311058
TGME49_240210	0.2204442746	0.1433828554	0.1403268403	0.107789376	0.08640753764
TGME49_264610	0.7171379193	0.5074224923	0.606299297	0.6096892136	0.2875969201
TGME49_249970	0.1309980824	0.3339792978	0.1653268248	0.1591645441	0.1781785906
TGME49_234310	0.1307282083	0.1488688432	0.2246204747	0.4433396818	0.05672608894
TGME49_208780	0.03465592041	0.07677778416	0.07846003638	0.2037433052	0.03985944033
TGME49_297245	0.03187614475	0.02027892415	0.1213612249	0.2144785039	0.02780280603
TGME49_232940	1.46310447	2.514237857	1.500772493	0.618765008	0.9881088753
TGME49_300621	3.033655868	2.909880466	2.937555223	2.377124342	2.775878262
TGME49_264960	0.1048751259	0.05043329557	0.03949343574	0.07834101865	0.04032332634
TGME49_287480	0.07416710912	0.1079061617	0.1385291502	0.3065578962	0.08130326913
TGME49_291880	0.1509110362	0.4117441962	0.2129671401	0.0311192067	0.3669868707
TGME49_215400	0.04860673035	0.1871087327	0.07471805319	0.1350430368	0
TGME49_309740	0.06458373834	0.1022086275	0.1530501834	0.2066603415	0.1049185044
TGME49_305480	0.02782864539	0.1188654286	0.08182042283	0.05160571642	0.02780280603
TGME49_237810	0.01919086379	0.004659710826	0.002236330002	0	0
TGME49_269390	0.1524920081	0.06544853243	0.06737642033	0.07302044202	0.33782014
TGME49_245670	0.01321360731	0.01372971089	0.04898154463	0.1902150578	0.01549867895
TGME49_298970	0.1111366071	0.2273394275	0.1480011978	0.2578500622	0.0977769895
TGME49_219520	0.1273337032	0.2044864714	0.1811154113	0.3942655917	0.1194874391
TGME49_270975	0.03700002508	0.00980195754	0.006385851463	0	0.07386699736
TGME49_215220	1.764450358	2.767202453	2.086614522	0.7147556319	0.4601961777
TGME49_216040	0.06490222232	0.1627673663	0.1137547635	0.1571165884	0.1167638641
TGME49_205690	0.1055429878	0.02299205323	0.03119522493	0.04266196752	0.3558338782
TGME49_244320	1.327974086	1.64844346	1.336753012	1.771899298	1.208129588
TGME49_208340	0.7131946369	0.3465795328	0.6017734581	0.7656703236	0.8683314957
TGME49_304920	0.05766595581	0.1329480264	0.1795997201	0.08033609394	0.0263063991
TGME49_226260	0.4387710661	0.6457752304	0.6047663298	0.5909847884	0.1368235322
TGME49_280560	0.1019991372	0.1933551986	0.2185253914	0.1912805696	0.05091013849
TGME49_265542	0.009999520153	0	0	0	0
TGME49_311460	0.02536353508	0.001343648797	0.002388322073	0.007414174753	0.02401400809
TGME49_309185	0.1041049965	0.07151415484	0.04862003267	0.02102426135	0
TGME49_216980	0.1060042365	0.04125581568	0.04769956231	0.0813359403	0.01595151559
TGME49_218230	0.02975776003	0.05565253769	0.09122984058	0.1681235624	0.03068921406
TGME49_237540	0.2223123874	0.1445930192	0.1470528654	0.1148631227	0.162182642
TGME49_318310	0.05464822548	0.1342160495	0.1287809942	0.1426413123	0.008725886966
TGME49_248690	0.06994510745	0.0210420775	0.01816475159	0.01932749023	0.1213306487
TGME49_274120	0.1068190837	0.009266207565	0.0794129274	0.041886577	0.1303497257
TGME49_214610	0.1205191792	0.03493815371	0.05047892006	0.101135676	0.1382176873
TGME49_260205	0.1486583947	0.3085561827	0.2436627124	0.2266110757	0.06539477826
TGME49_305940	0.07315538411	0.1850687473	0.1534182706	0.1376905704	0.04109646415
TGME49_240280	0.04699445268	0.05930570962	0.1489737609	0.1308418954	0.188737647
TGME49_255460	0.01560209045	0.1662354304	0.01095237179	0.01853364127	0.02285158617
TGME49_290670	0.504559189	0.3863319575	0.9056620492	0.8818647737	0.1260780291
TGME49_266640	0.04776849358	0.1463918456	0.09879853363	0.1315231716	0.04100274037
TGME49_219710	0.02557060018	0.06833172238	0.06275901608	0.1490938992	0.07244666695
TGME49_289540	0.3732041772	0.5216291958	0.575046447	0.4834378365	0.1967692321
TGME49_245450	0.1319621634	0.08277315004	0.1370527347	0.5989351373	0.4770911447
TGME49_221320	0.01799124361	0.03533529956	0.05305031652	0.1903306031	0.06732577737
TGME49_235380	0.2243348571	0.1136338937	0.1008007197	0.1161550441	0.6265407975
TGME49_291890	0.02056870004	0.2001459691	0.01668320113	0.01278576134	0.02607594121
TGME49_290270	0.1082791808	0.214793759	0.2173440626	0.1935875132	0.04801235166
TGME49_248440	0.1213865758	0.07527967202	0.07068268537	0.0366844922	0.01129521284
TGME49_287180	0.03035050395	0.09314793851	0.07637669818	0.1299224494	0.01259871983
TGME49_247410	0.1242233963	0.1690424891	0.1856373805	0.4038397722	0.06959053105
TGME49_209860	0.03428598115	0.1314758698	0.07406126997	0.09553188938	0.01259871983
TGME49_233190	0.1681114808	0.2843583723	0.2504251766	0.3970720897	0.0588810953
TGME49_217750	0	0	0.02669854952	0.1329619848	0
TGME49_218280	0.02893009232	0.05888149802	0.03600991151	0.2468383656	0
TGME49_225820	0.1622223991	0.248610322	0.24440756	0.340315668	0.2817695606
TGME49_290640	0.1294830696	0.1184794766	0.2304857962	0.4670616595	0.05038325647
TGME49_227580	0.1753052725	0.05074330195	0.1777501762	0.08578937785	0.02310765258
TGME49_309890	0.1723773257	0.1091161834	0.1008044229	0.08774211927	0.161531648
TGME49_295350	1.198193755	1.788616876	1.245290033	1.148139445	0.3628131769
TGME49_254606	0.04361853134	0.1292851952	0.07723576432	0.1387765571	0.05123921459
TGME49_275460	0.3584390309	0.6929505915	0.6105323817	0.06319463007	0.05227967117
TGME49_254300	0.002979529446	0.04705774566	0.0422301867	0.05392037473	0
TGME49_228100	0.03574920909	0.07326607454	0.07124416155	0.1833076014	0.1267238132
TGME49_299000	0.07815167262	0.1787579499	0.1562407388	0.09496696598	0.2289049456
TGME49_308590	0.08823998677	0.02184788566	0.03668623431	0.05147412708	0.08669005668
TGME49_222930	0.01624436592	0.05333064202	0.07009397356	0.09399382942	0.04784653116
TGME49_205760	0.01654968496	0	0.002193742059	0	0.01477712181
TGME49_250360	0.06391043239	0.02155049392	0.02780230047	0.0299024221	0.01737955596
TGME49_203910	0.3112434348	0.1200057959	0.2283892908	0.2747606302	0.3284570945
TGME49_268350	0.09996925021	0.03170226382	0.04627721683	0.07505117418	0.08215543896
TGME49_268360	0.01682114942	0.004800024678	0	0	0
TGME49_262610	0.2693785453	0.1777889073	0.1660261789	0.1911376396	0.1416298309
TGME49_304740	0.3780405189	0.6823210878	0.5317385972	0.3112791232	0.118936759
TGME49_315780	0.5981331553	0.2797051958	0.411840205	0.4707808295	1.896063903
TGME49_271100	0.07026316078	0.2139874622	0.1483946174	0.06864247785	0.0144365844
TGME49_312390	0.1471271177	0.2330227908	0.2204010747	0.3372585683	0.2300614263
TGME49_305930	0.2114996799	0.5072072188	0.3260655972	0.1008598889	0.05754573056
TGME49_293820	0.4016707565	0.2255167638	0.3123372527	0.3228386478	0.3669486149
TGME49_211850	0.2725317684	0.1547556457	0.1024314783	0.09689285371	1.12357516
TGME49_246995	0	0.01872727874	0.03542188225	0.0779636511	0.01129521284
TGME49_249740	0.5158526903	0.718295376	0.5601491932	0.7786064276	0.6757308193
TGME49_273980	0.5450154932	0.6356888876	0.4071807411	0.07857901331	0.05587971761
TGME49_266050	0.1013883408	0.340460351	0.1352415709	0.05425758693	0.02866227005
TGME49_211890	0.0238886359	0.0590793742	0.1121022154	0.06769123277	0.008725886966
TGME49_267140	0.003400108433	0.002149296373	0.002440135203	0.00863650247	0.6991707133
TGME49_267130	0.06837410196	0.175373545	0.1216182209	0.1682223328	0.05664457811
TGME49_299980	0.1405204509	0.2748642395	0.1925095976	0.3067441185	0.06482531901
TGME49_207370	0.2133252545	0.3759508655	0.2681832211	0.4318234829	0.1179565767
TGME49_235990	0.07146824298	0.1654433001	0.1513561429	0.1571567338	0.02970240659
TGME49_209260	0.6817448761	0.8016338613	0.7775038655	0.9833633996	1.163615401
TGME49_245550	0.05283124212	0.004909656132	0.01210881094	0.02715819348	0.06544427005
TGME49_207120	0.08743603074	0.1501374132	0.2187126066	0.1445173744	0.03541232902
TGME49_288010	0.05883503507	0.3126901545	0.03308618895	0.02347972123	0.01217574614
TGME49_292080	0.123340285	0.2032084158	0.1942151716	0.3486299957	0.03259296492
TGME49_271000	0.07886959929	0	0.01299320372	0.005323000343	0.4318614176
TGME49_293680	0.06140067613	0.07715670176	0.1687520711	0.2037964089	0.05911593082
TGME49_321700	0.01340652055	0	0	0	0.01276660416
TGME49_315715	0.0128585537	0	0	0.004477206827	0
TGME49_229500	0.01186078769	0	0	0	0.01358240244
TGME49_261780	0.6224537082	0.9018154164	0.7651685689	0.6780797107	0.5097580471
TGME49_235170	0.07324179026	0.07449408635	0.1809150774	0.2598439228	0.04516439065
TGME49_315640	0.03933716129	0.1423344891	0.08508452589	0.0814349124	0.02816292106
TGME49_314000	0.04435111782	0.168676378	0.05702819445	0.02585748452	0.2607701297
TGME49_239590	0.05673248325	0.1835071613	0.1104096741	0.1141380149	0
TGME49_257470	0.03432542646	0.002361921234	0.002468370333	0	0.1001969066
TGME49_291670	0.008581496128	0.04404776737	0.07055918997	0.05275905353	0.011984625
TGME49_227260	0.02313355307	0.08081622383	0.09364195564	0.06517379856	0
TGME49_237890	0.01963784611	0.02495614632	0.08207178113	0.1483920272	0.02959964325
TGME49_245710	0.02023130039	0.06295687905	0.05386032981	0.1133035287	0.06872680427
TGME49_242380	0.04386662103	0.04174975714	0.07095199514	0.2633664264	0.152875195
TGME49_319920	0.06064097666	0.1090802001	0.132827378	0.1944874079	0.06015456795
TGME49_229990	0.1955952295	0.1733076734	0.221801724	0.6855968074	0.3972331872
TGME49_309160	0.03700779541	0.002217363569	0.002121894226	0	0.1254194478
TGME49_239885	0.03834641344	0.07916825527	0.1207471023	0.1264500344	0.03668903341
TGME49_207990	0.04537777103	0.1566506298	0.09711205959	0.08788570456	0.01417054249
TGME49_248680	0.09839455441	0.0361955615	0.03585768963	0.04661571399	0.1420776226
TGME49_227790	0.03388061681	0.08937293506	0.07336181982	0.1390458873	0.03716239551
TGME49_291640	0.05461682806	0.1272571953	0.08012875314	0.1565847476	0.2594444945
TGME49_216490	0.05522821594	0.1234365415	0.1080500329	0.1804004352	0.0536196492
TGME49_253510	0.03871611414	0.1213082895	0.1111306431	0.06141363299	0.05766089442
TGME49_200230	0.03659728375	0.02151441249	0.005663115556	0	0
TGME49_232650	0.06129983404	0.05015963211	0.1841370766	0.1959819496	0.101697427
TGME49_240880	0.04932018623	0.1787571418	0.09987057879	0.07295138167	0
TGME49_278975	0.0634730101	0.007241532774	0.01371750018	0.03717413249	0.1741090217
TGME49_246460	0.0227633814	0.04311840718	0.07433925919	0.1360835811	0.07474470424
TGME49_292245	0.02147867755	0.08443103382	0.04144701714	0.08715569724	0.1777628132
TGME49_254930	0.1311738392	0.05685701011	0.06918187586	0.08217352816	0.1559170314
TGME49_313330	0.02349517709	0.05688725171	0.115514477	0.05137332431	0.02316247136
TGME49_228080	0.02530125103	0.05721627842	0.07705607875	0.133889184	0.06602873431
TGME49_252400	0	0.04481228896	0.03504112391	0.0111165432	0.03060840591
TGME49_237070	0.02553476765	0.02075956394	0.05904583156	0.2180054496	0.1392889205
TGME49_228780	0.1217750584	0.06388312159	0.05540774717	0.05218573293	0.1468047688
TGME49_300285	0.06508950206	0.1121222735	0.1194208961	0.1999976581	0.1898806447
TGME49_235020	0.2741419923	0.09922507669	0.1957653954	0.2887500283	0.3093619258
TGME49_460240	0.1066540608	0.05300108434	0.03273109527	0.09266820813	0.06288573642
TGME49_274170	0.200623207	0.1338182249	0.1921908829	0.01603458545	0.02143048045
TGME49_285680	0.07954414876	0.1409315308	0.1014467113	0.2928836763	0.09624249167
TGME49_226960	0.2642652414	0.401224579	0.4032794683	0.4369005941	0.03517638025
TGME49_209680	0.05006583857	0.1269880965	0.1039477594	0.1187859307	0.06362958477
TGME49_286240	0.5637035975	0.6223118986	0.3913752996	0.1475779911	0.3286616208
TGME49_293730	0.08770523403	0.01691618508	0.00498481668	0.05737542412	0.3500248274
TGME49_275440	2.537213424	2.606142361	2.241933284	1.723236943	2.071149975
TGME49_312110	0.012920273	0.04106929096	0.0803950857	0.05996307661	0.02505241474
TGME49_240640	0.4720172226	0.3210539241	0.3288592003	0.3624616009	0.5954337373
TGME49_215350	0.1627398428	0.1335490645	0.2284206962	0.5603304575	0.2506961765
TGME49_205520	0.1106732451	0.05192725112	0.0815920379	0.01619325172	0.007257670521
TGME49_297120	0.1463906187	0	0.0240131401	0.0878207249	0.985647201
TGME49_234410	0.06044225724	0.1261785846	0.1235045802	0.1395244284	0.1366713472
TGME49_284310	0.0450609897	0.07168251361	0.1030241859	0.2021311248	0.03039258689
TGME49_215210	0.1461212717	0.3637185972	0.2237934713	0.1041250141	0.07948479561
TGME49_229950	0.1320369219	0.1367148721	0.1351559922	0.4526171733	0.610673514
TGME49_313230	0.2529193825	0.4643602825	0.2580121075	0.4307323349	0.269424707
TGME49_212220	0.1064215233	0.1271782861	0.1893773974	0.3200344787	0.1869716913
TGME49_225410	0.01550791536	0.01370982319	0.01885739028	0.05438676723	0.6262890474
TGME49_330000	0.5488820733	0.4423499728	0.3585888937	1.556376641	1.893999154
TGME49_207350	0.1595540939	0.0403358551	0.3952946553	0.4999182729	0.03825043347
TGME49_307045	0.04639119208	0.02331844137	0.1018683063	0.1720866543	0.4318826213
TGME49_305450	0.01341561616	0.05131533787	0.03902424959	0.1086127479	0.03970370249
TGME49_249300	0.03875634814	0.1469038604	0.09414158238	0.05598767676	0.02959837413
TGME49_319570	0.07482156116	0.1157392165	0.1651340819	0.2062921848	0.04321346467
TGME49_204320	0.01397998386	0.08942586377	0.05825810044	0.02150492209	0
TGME49_207480	0.006534004692	0.0378809517	0.02662736433	0.1034223694	0.01448473704
TGME49_205030	0.1189715459	0.233182512	0.1661475582	0.2477154324	0.1646097238
TGME49_219140	0.8678124671	1.147067137	0.9203153832	1.246039062	0.2297317503
TGME49_252320	0.151906243	0.2040367226	0.2763283995	0.3035865076	0.1037391508
TGME49_263080	0.243435684	0.3461701774	0.2586319005	0.5691834019	0.3534612286
TGME49_248770	0.02914894262	0.08685144379	0.09064222887	0.09732801539	0.03374333109
TGME49_258850	0.06637530773	0.126756588	0.1064386559	0.2360847432	0.07407467529
TGME49_223668	0.01768246437	0.1067507522	0.03101337432	0.06131737086	0
TGME49_205500	0.2361646272	0.38839926	0.3313967886	0.3950866142	0.07648702346
TGME49_269900	0.2150735489	0.1208459945	0.1528599501	0.1729396943	0.03054675905
TGME49_291020	0.1776357886	0.05403156867	0.1223630446	0.158837936	0.1510615438
TGME49_245560	0.5330308852	0.3148501656	0.4944641026	0.4247982452	0.3184738159
TGME49_321520	1.712179008	1.098864192	2.067674197	2.800872829	2.3117912
TGME49_205440	0.05636982183	0.04623846575	0.1245236242	0.2629949213	0.07608425201
TGME49_227960	0.1577743932	0.2156691536	0.200554612	0.3770079211	0.3518390505
TGME49_288500	0.04914411045	0.05980793774	0.07645200766	0.2858626937	0.06369860179
TGME49_244600	0.1197477548	0.2068203066	0.1874822808	0.2459990839	0.1469633853
TGME49_201820	0.02619257128	0.03202809094	0.08773222434	0.1471017223	0.05665095747
TGME49_315340	0.09911717594	0.1198075282	0.1505916548	0.3010189379	0.2724542655
TGME49_315500	0.1195774615	0.01328168675	0.0138453219	0.05206340375	0.7615314744
TGME49_315610	0.7622665152	0.4938497621	0.9315488002	1.17707907	2.998490302
TGME49_264420	0.5247352733	0.4121621196	0.5210997624	0.1312330166	0.3595928857
TGME49_221970	0.03942437811	0.1400549919	0.0804094317	0.06936371554	0.05137141857
TGME49_313080	0.2286251042	0.161151017	0.4088604702	0.5246285495	0.3557173618
TGME49_209790	0.02898683023	0.09913043095	0.08633953976	0.07759539077	0.01259871983
TGME49_214410	1.142788541	1.083498525	0.9856931614	0.8264367673	0.5208649675
TGME49_209830	0.02914733002	0.01483949757	0.00461388086	0	0.01479185862
TGME49_313590	0.02924606316	0.06163938768	0.1083400444	0.08059088296	0.07651682067
TGME49_258450	0.07178353177	0.009914620821	0.02923973422	0.05437122678	0.0657465908
TGME49_299240	0.04048981395	0.02318169577	0.006801686316	0.002390103775	0.01168868862
TGME49_287960	0.09940447677	0.01436969011	0.05572983231	0.07361611922	0.1278472787
TGME49_213700	0.02020108081	0.004185841917	0.002380790628	0.003827270441	0
TGME49_223258	0.04050464627	0.01838503854	0.01594069747	0	0
TGME49_267080	0.4927019188	0.6094986461	0.5563754509	0.7257860705	0.9664300384
TGME49_310400	0.01259681223	0.1011924029	0.02529887077	0.04595593177	0.01562001992
TGME49_208820	0.07175983372	0.02404261318	0.03564133866	0.03314087436	0.009396425141
TGME49_245428	0.02649454747	0.04544743193	0.1214758505	0.07514679198	0
TGME49_289380	0.2231828288	0.3989864624	0.3054789545	0.3254849954	0.03862806746
TGME49_297530	0.01423960086	0.05570858165	0.05656884045	0.07145820649	0.01229799211
TGME49_253570	0.03874265851	0.06555407322	0.08995068526	0.17356628	0.0396637123
TGME49_252220	0.1549165698	0.2013916581	0.2747916949	0.349081094	0.008410171473
TGME49_280518	0.8645697592	0.7391107111	0.7847060169	0.4779450903	0.5465012193
TGME49_214940	1.711869382	2.556897605	1.868904217	1.235805009	0.444563769
TGME49_244440	0.1608770106	0.3181784052	0.2468453883	0.2326228653	0.06428638767
TGME49_282220	0.06255520977	0.07896416163	0.1167873384	0.2465802737	0.1437307225
TGME49_211340	0.3777967051	0.1646448687	0.3551135643	0.3564457075	0.1651300092
TGME49_245432	0.1255731998	0.228406469	0.2303118985	0.1966364681	0.01129521284
TGME49_218070	0.01554461651	0.05836712861	0.05571714785	0.08749062937	0.011984625
TGME49_243790	0.01056686325	0.08021728097	0.0215277509	0.03034609924	0.1033343499
TGME49_251740	0.09118960747	0.004742482076	0.002464990177	0.007523732995	0.6780081571
TGME49_300040	0.2021459447	0.1150691902	0.1037844508	0.126951068	0.3515272842
TGME49_223610	0.1228961579	0.06166025908	0.07138492483	0.03995108488	0.1251225068
TGME49_221510	0.4309808253	0.5803273947	0.436044615	0.6235728384	1.164766555
TGME49_232190	0.1627320226	0.04946680433	0.06068563146	0.2231974565	0.1589920177
TGME49_318340	0.08027180071	0.1631558777	0.1365507682	0.1933998496	0.0339968614
TGME49_224460	0.2396502107	0.4278714921	0.2842076747	0.4004651906	0.1791079216
TGME49_237470	0.1284812874	0.1468056899	0.254872999	0.3322224964	0.02168926
TGME49_238180	0.07574632113	0.08081997847	0.1514301154	0.2097251373	0.2409565556
TGME49_236890	0.7249293456	1.250658854	0.8291888659	0.4222460311	0.314597461
TGME49_202890	0.04195709473	0.0529328159	0.07370890668	0.218166094	0.1259637298
TGME49_251840	0.3027563492	0.151693275	0.2278330852	0.2604375324	0.2490313508
TGME49_262970	0.6325430377	0.5962692178	0.4893019905	0.425797346	0.1460460871
TGME49_309760	0.5170668613	0.9183093637	0.5971125411	0.4548610961	0.1011264608
TGME49_237240	0.3952706382	0.5796918552	0.5639343869	0.3947046062	0.3175926106
TGME49_306020	0.09058243285	0.020710684	0.04529024849	0.04913597555	0.17672503
TGME49_291930	0.291294795	0.6331720645	0.323358156	0.2627503236	0.1023883734
TGME49_290890	0.1626309776	0.2634909271	0.2598788483	0.3005447336	0.03915555996
TGME49_249790	0.08997982724	0.06857995255	0.1499775901	0.3512739688	0.1882455174
TGME49_220230	0.01557874262	0.05813738649	0.08147132672	0.03319501615	0.009396425141
TGME49_247450	0.1512205375	0.2482840649	0.2072568382	0.322002932	0.146827934
TGME49_318690	0.02772673431	0.1035388753	0.09607158843	0.03164973148	0.0305725282
TGME49_255430	0.0368964763	0.05674347405	0.07913217865	0.1973409434	0.03844288358
TGME49_276990	0.2332505265	0.1553343588	0.1521272659	0.1497976808	0.1427027832
TGME49_318360	0.0836436884	0.1692369357	0.1316729234	0.1836895598	0.07893274108
TGME49_297760	0.05930619079	0.09933921037	0.0819109076	0.2485954513	0.08787920927
TGME49_243800	0.01097419967	0.02419876234	0.0364990997	0.1150541443	0.03471329458
TGME49_265280	0.01702004459	0.03976009931	0.05429328693	0.1292172078	0
TGME49_280550	0.03911250455	0.08640417704	0.08479129917	0.1534656388	0.05158417306
TGME49_306220	0.1484382586	0.295904818	0.2273708266	0.2235793447	0.05655517033
TGME49_253030	0.1525217886	0.0908860584	0.08552245384	0.1197783974	0.0389986478
TGME49_285150	0.1727628367	0.0446591719	0.09332823531	0.1193695502	0.5042527344
TGME49_289940	0.002788864615	0.03175391991	0.05100966434	0.03742705408	0
TGME49_263710	0.02094061151	0.04858763951	0.08103047877	0.07977970346	0.02230828941
TGME49_267050	0.3678855338	0.2723413052	0.5009825977	0.824672823	0.7520181218
TGME49_203710	0.07761972262	0.06899532904	0.1283319615	0.312623123	0.178443331
TGME49_254290	0.04782592456	0.002491766795	0.002365963442	0.02106516957	0.1685577121
TGME49_284660	0.2624337094	0.2953990289	0.3898488791	0.522195088	0.1635499608
TGME49_254940	0.3449223214	0.4598742804	0.4804565169	0.5186924229	0.2446585578
TGME49_313240	0.02355826658	0.07134786046	0.06150790761	0.09149147847	0.02172444321
TGME49_227820	0.09144905148	0.0259080938	0.03472589711	0.08414857525	0.05050692346
TGME49_226030	0.3537147189	0.2249383697	0.1334022339	0.3738406006	0.8269869424
TGME49_276110	0.01275240404	0.002139530969	0.03209854986	0.1815581118	0.06180140965
TGME49_275610	0.01335340616	0.002948451093	0.01189470434	0.09279629487	0.5486244251
TGME49_213690	0.06711490671	0.07113725589	0.1511966706	0.2099687697	0.114680686
TGME49_213392	0.08201432418	0.1214770618	0.1283603308	0.2531598536	0.1885606597
TGME49_298050	0.009749273099	0.02531707353	0.0664506549	0.07325666622	0.01229799211
TGME49_290840	0.0507798589	0.1092238484	0.118536324	0.125868328	0.01259871983
TGME49_244530	0.5434448723	1.108070544	0.6311103912	0.2022786939	0.05537420496
TGME49_218960	0.253105151	0.1879924354	0.1790756048	0.1372326472	0.1308210548
TGME49_222160	0.2235504661	0.188263288	0.3959544897	0.4516074155	0.2718677647
TGME49_221460	0.1407549802	0.2030945971	0.2035402555	0.339442098	0.1035011557
TGME49_264940	0.251938213	0.14101062	0.1826700321	0.2546279316	0.03745308915
TGME49_293790	2.827827647	3.11309477	3.630855219	2.275088695	0.7005749872
TGME49_291140	0.2946459146	0.3348258134	0.4495128829	0.4788910487	0.2875559409
TGME49_286690	0.02279318923	0.09688616538	0.05842468387	0.0662964874	0
TGME49_295730	0.149821648	0.1560971326	0.3342319771	0.2983270325	0
TGME49_313060	0.07203109327	0.1503694948	0.1449837158	0.1462360594	0.009396425141
TGME49_295950	0.1603507108	0.3200056189	0.2898151452	0.1272296466	0.03715040049
TGME49_306930	0.1621993822	0.0929912185	0.2736502529	0.4254540211	0.5744341134
TGME49_313280	0.04999525351	0.1502831975	0.1121219021	0.0694620909	0.01206898291
TGME49_233760	0.03550025289	0.09338415714	0.1039875302	0.03414373871	0.1701500884
TGME49_309420	0.01163342398	0.04178584338	0.04792657637	0.035555243	0.2005781597
TGME49_204880	0.1070548269	0.002128943089	0.02051275499	0.0176957052	0.7650124642
TGME49_319658	0.003603622392	0.0293302584	0.0380528633	0.05919887572	0.01542226073
TGME49_242260	0.1184757813	0.06174606997	0.06789999292	0.03576307937	0.08004229752
TGME49_201270	0.1029029641	0.1402463715	0.227486543	0.1911085583	0.05279483014
TGME49_268370	0.08946486522	0.1879722005	0.1301193178	0.2165968831	0.07364820892
TGME49_269690	0.7239298805	1.04531924	0.9351576466	0.6270065679	0.2025079855
TGME49_290970	0.2707281817	0.2311172611	0.3821720188	0.606778483	0.5254432613
TGME49_287250	0.0086006674	0.1069829655	0.02302542367	0.01319865018	0
TGME49_226710	0.111194255	0.009722237015	0.03396666568	0.1317295377	0.2784946715
TGME49_305020	0.01565075545	0.06947275163	0.05870143183	0.06546462069	0
TGME49_292300	0.009314906163	0.0539308156	0.0398931952	0.03486054792	0.09244020058
TGME49_208510	0.007069049361	0.04922166192	0.03762398245	0.0503316766	0
TGME49_266920	1.129857827	0.9844188165	1.077910114	0.8329931726	0.5496840235
TGME49_244000	0.2569903969	0.4891101451	0.3724040567	0.2413770168	0.04366092438
TGME49_267690	0.02242411265	0.0488521617	0.07523365393	0.1100492455	0.02327983785
TGME49_213030	0.4371198091	0.1632522133	0.3021317752	0.5045826882	0.9396137166
TGME49_218358	0.07896609524	0.1931075572	0.1649390328	0.08369518082	0.009396425141
TGME49_293180	0.1367971562	0.2810700388	0.1409943722	0.3085999603	0.07461095682
TGME49_234610	0.05134879102	0.1218327163	0.1160687734	0.1129834033	0.02487064016
TGME49_258130	0.04983868581	0.06741507404	0.1037033588	0.1897314972	0.1785381958
TGME49_268182	0.01710633145	0.001990743282	0	0	0.02348065115
TGME49_301400	1.427638176	1.971055919	1.637940635	1.064763868	0.7270546574
TGME49_208390	0.06357965198	0.06690849602	0.111577981	0.2637153223	0.08781564975
TGME49_250940	0	0.0478808615	0.01765758676	0.007954315453	0.04037543166
TGME49_231865	0.01754288167	0.004790880463	0.001963222376	0	0
TGME49_300611	1.571929249	1.487953723	1.527526365	0.9445515312	0.9348644968
TGME49_211280	0.0147344674	0.002265483602	0.00425217123	0	0
TGME49_301340	0.1776931983	0.2875855943	0.2620706787	0.2780845366	0.1764739111
TGME49_202610	0.08980709069	0.1982367289	0.1016863695	0.2241924605	0.0621475401
TGME49_309865	0.01302338689	0.01518101408	0.04544673285	0.1427332385	0.02862712249
TGME49_310180	0.5270759081	0.4122993289	0.5774505555	1.204740357	1.077278129
TGME49_203740	0.003284605276	0.01498716016	0.004479011248	0.1054044535	0.06148571194
TGME49_291170	0.04295734048	0.05761208385	0.08641078585	0.2161920518	0.06188078573
TGME49_231992	0.03883030205	0.004746501016	0.002494242293	0.003250632246	0.1300329886
TGME49_211350	0.013734169	0.04282060956	0.05221186016	0.06913830114	0.08981415081
TGME49_231210	0.2240682941	0.1258973221	0.1652230643	0.07450707383	0.3753455048
TGME49_216335	0.02645858117	0.002192895737	0.008612909627	0.01358064217	0
TGME49_253070	0.02399310125	0.0075329094	0.002365963442	0.01570950387	0
TGME49_293370	0.04117619066	0.1462272704	0.06696086431	0.0967735595	0.01542226073
TGME49_281620	0.006026196421	0.009728216757	0.05659002242	0.08623010164	0.01145738438
TGME49_312340	0.005475219474	0.0331170916	0.03029893254	0.08026784489	0
TGME49_208842	0.01635040341	0.02598524334	0.0572673887	0.1149498116	0.04821887521
TGME49_263760	0.006879605328	0.03479509812	0.04240927526	0.05377543954	0.02768413738
TGME49_244380	0.1139032298	0.1816482952	0.1802631702	0.2629120287	0.1696009736
TGME49_289950	0.08133240622	0.1630995396	0.1331826923	0.1383350385	0.1276912495
TGME49_246600	0.1768916681	0.09257821336	0.1213991212	0.1123972398	0.2008497726
TGME49_269470	0.03083566389	0.002509325817	0.01363948367	0.003590357732	0.02854304521
TGME49_239290	0.02981912954	0	0.009172144299	0.01619721389	0.0274871892
TGME49_283860	0.07423108355	0.03326734162	0.03864016029	0.02293661662	0.07387658432
TGME49_240570	0.0754154056	0.1638826945	0.09484570055	0.1091155283	0.3319766376
TGME49_266310	0.06813954322	0.01193281819	0.04099199473	0.01483138578	0.1332363997
TGME49_244060	0.388854038	0.3011355856	0.2669888793	0.2256129444	0.5007107092
TGME49_244190	0.5227263402	0.3067459134	0.3864604214	0.4109213718	1.224469264
TGME49_286480	0.06628021051	0.14575379	0.1334815872	0.08879637484	0.1161878504
TGME49_201150	0.04369749092	0.1124309318	0.1229234714	0.05542939755	0.08361861119
TGME49_209900	0.0471728743	0.02064162274	0.03501882713	0.2170650295	0.6451635736
TGME49_224570	0.06227382362	0.002653173077	0.04062716203	0.03988340505	0.0347300588
TGME49_226560	0.2659775069	0.4593937497	0.343256911	0.3297773672	0.1051748053
TGME49_263870	0.0231603228	0.051639399	0.06598520374	0.09393113273	0.06426296438
TGME49_203620	0.01242747399	0.02689855973	0.04656815145	0.1204958225	0.03886179248
TGME49_297060	1.061864501	0.4706491374	1.071242759	1.418948908	0.6589900562
TGME49_202760	0.1073072855	0.2425050873	0.1971797423	0.08389892101	0.03198104389
TGME49_293600	0.03281848503	0.06165057259	0.08513959406	0.1288769347	0.03145634969
TGME49_288685	0.03995997966	0.1214468928	0.06988564865	0.1351896019	0
TGME49_249390	0.2754289982	0.4081795364	0.3766364593	0.419049615	0.1299656711
TGME49_320430	0.1174057897	0.1802915922	0.1954870484	0.2646460237	0.09331491911
TGME49_271780	0.06093795626	0.01747791947	0.02565206685	0.04715088797	0.04018047703
TGME49_297280	0.04800762314	0.04227325647	0.004645729142	0	0
TGME49_225810	0.1120300991	0.1239353708	0.1476034494	0.3770455131	0.2249205237
TGME49_318620	0.006160428609	0.05458813558	0.03202222456	0.04086663851	0
TGME49_222910	0.05824025317	0.0741024966	0.1143767025	0.167076069	0.2374269243
TGME49_235140	0.2332205513	0.405708988	0.3909502594	0.1798451451	0.04528823218
TGME49_316620	0.1612089326	0.04973503603	0.1097611758	0.1305668335	0.2532133023
TGME49_290180	0.006874598622	0.02536806993	0.03246463611	0.07113321354	0.05404084893
TGME49_355210	1.494024446	1.353498356	1.425452963	1.031979828	1.293306916
TGME49_203370	0.05018249653	0.1710956796	0.07804307404	0.06420227003	0.04081035346
TGME49_272660	0.3748369069	0.07844829897	0.3170136312	0.4449548726	0.6896796005
TGME49_225530	0.08987008445	0.206996133	0.1133409766	0.1879316632	0.1838901981
TGME49_239310	0.2495177183	0.1392885174	0.1983603315	0.1883334639	0.09267841251
TGME49_249690	0.03293720372	0.05662750322	0.08540156393	0.1173315117	0.1001110672
TGME49_247600	0.1780148226	0.07413506907	0.08738473103	0.144353371	0.4017546924
TGME49_293480	0.08728793793	0.01681388761	0.07390265147	0.04527492017	0.09624373804
TGME49_261970	0.2615817317	0.2533219948	0.5357377559	0.3248589986	0.01206492847
TGME49_293550	0.2602683445	0.144536311	0.1670047883	0.1302570068	0.5645469104
TGME49_211610	0.04010028971	0.131818724	0.09234530628	0.04301101342	0.02607470321
TGME49_239440	0.0751719289	0.1266466286	0.1238927315	0.1975426872	0.08425864203
TGME49_259660	0.1701679917	0.2149020075	0.1547190417	0.5020063887	0.2911428252
TGME49_272590	0.04681213607	0.02432216173	0.1393452308	0.1875189354	0.025292188
TGME49_265780	0.06068787724	0.008250262962	0.01446368774	0.04444997081	0.1585702772
TGME49_233100	0.298773093	0.4786677845	0.3939281152	0.3622698438	0.1153813056
TGME49_220170	0.1285485401	0.2168857775	0.2196857265	0.2122644634	0.04486723885
TGME49_252480	0.02204234233	0.03094694702	0.04691394177	0.1717022958	0.05436111785
TGME49_247460	0.1589759496	0.1889922261	0.1735157419	0.3530442223	0.5726555058
TGME49_267820	0.04295113947	0.007191292133	0.02964303826	0.01186413936	0
TGME49_307270	0.1978968632	0.2693007018	0.2859314877	0.3761697955	0.1240975233
TGME49_297670	0.01068761225	0.09778344273	0.02898192989	0.009558356491	0
TGME49_270920	0.04178315937	0.005295859229	0.01946561555	0.02080177593	0.04969790852
TGME49_208590	0.1919815715	0.3009940138	0.2340110866	0.2975425678	0.4262521379
TGME49_311500	0.006624973469	0.0380339461	0.0231040182	0.08801552782	0.0127005609
TGME49_271750	0.1647551866	0.01144393	0.09584048219	0.1567192084	0.4414869211
TGME49_309230	0.05924556547	0.02384219402	0.04614565271	0.004389750448	0
TGME49_238100	0.1156555328	0.05409209288	0.128002215	0.4655213674	0.5617197222
TGME49_216200	0.06983402008	0.02807585405	0.03382512226	0.04303429819	0.01283846684
TGME49_244390	0.1826951214	0.1251830465	0.286292898	0.4860845045	0.4962743111
TGME49_300120	0.2064849448	0.03973951441	0.1581495317	0.2824924191	0.1117588976
TGME49_234640	0.04672430466	0.06587817777	0.1274179167	0.1187442275	0.05647475344
TGME49_257970	0.4946504611	1.035517524	0.5798681089	0.165512493	0.1715926546
TGME49_276170	0.4748951004	0.6718978965	0.6527610152	0.5103990298	0.2047134155
TGME49_314480	0.02957295955	0.1021867678	0.08212236965	0.04708684904	0
TGME49_314530	0.01729561206	0.06255061136	0.07555563934	0.04167666876	0.01516799586
TGME49_316220	0.01974666725	0.002218446673	0.004549846729	0.003406777551	0.008318197561
TGME49_259100	0.02168053363	0.009470434854	0	0	0.009479432408
TGME49_270980	0.02075136606	0.004816966732	0.0023974665	0.009183538893	0
TGME49_305820	0.09935852954	0.1163600697	0.1603472124	0.3081661796	0.07737640022
TGME49_288960	0.01236266178	0	0.00188913636	0	0.01230226897
TGME49_316290	0.01165718666	0	0	0	0.02716859479
TGME49_302003	0.560241931	0.5128612783	0.4921408217	0.2926098167	0.1977545227
TGME49_224680	0.0140844757	0.002409729589	0.00318096436	0	0
TGME49_229480	0.6941831915	0.2604880324	0.4701405496	1.125212491	1.262356258
TGME49_265520	0.4486503529	0.4844779031	0.3396616632	0.174027204	0.04898574191
TGME49_210960	0.008962884003	0.05373750065	0.0208606077	0.07969033187	0.01217574614
TGME49_281640	0.006507968309	0.01843884657	0.05480358221	0.06070058024	0
TGME49_225260	0.2399065887	0.4078145986	0.3419409596	0.2869191695	0.08192161864
TGME49_320070	0.06778106486	0.1166692353	0.1306955532	0.1322493171	0.1439734832
TGME49_236040	1.477038278	1.658031013	1.734416018	1.63002902	0.6372569983
TGME49_213820	0.05550555495	0.01207605311	0.02348111491	0.04751562619	0.02385123424
TGME49_205380	0.3612857721	0.45139026	0.4091627443	0.6464608851	0.3983473938
TGME49_300030	0.02857798375	0.05429133202	0.06489379457	0.1344026187	0.01249469277
TGME49_315320	0.2084542679	0.424838284	0.2766416639	0.1995129011	0.06539631702
TGME49_297720	0.08121227529	0.1284241336	0.1283520391	0.2399691921	0.07137774064
TGME49_221470	0.4006707092	0.2117999623	0.3558543483	0.3913362846	0.2593398467
TGME49_256788	0.007333479536	0	0	0	0
TGME49_244728	0.007302403613	0	0	0	0
TGME49_310177	0.007250834114	0	0	0	0
TGME49_258400	0.007082796233	0	0	0	0
TGME49_210100	0.007057768332	0	0	0	0
TGME49_275660	0.006777786162	0	0	0	0
TGME49_220025	0.006731669623	0	0	0	0
TGME49_205230	0.006571077285	0	0	0	0
TGME49_312540	0.006399605576	0	0	0	0
TGME49_320250	0.0063004875	0	0	0	0
TGME49_287990	0.006223015681	0	0	0	0
TGME49_460030	0.006138733781	0	0	0	0
TGME49_210460	0.005703073605	0	0	0	0
TGME49_322010	0.005164204075	0	0	0	0
TGME49_286070	0.1098905481	0.1546970033	0.1689308758	0.2795553225	0.05374502596
TGME49_227440	0.05465278055	0.09614477792	0.1202095593	0.1658021566	0.01424877635
TGME49_319320	0.06971529518	0.005096459376	0.02224577159	0.06655455188	0.1371451039
TGME49_299780	0.0992512184	0.3402199914	0.09109052158	0.04678451551	0.01512822308
TGME49_309110	0.07411845117	0.1289778403	0.1425421768	0.1580419673	0.06980747677
TGME49_294380	0.013758112	0.06337197055	0.0253420062	0.07003191663	0.04271001063
TGME49_321690	0.224365672	0.1205231541	0.1474355671	0.1854651251	0.2288027416
TGME49_265770	0.08867588425	0.02515633961	0.04109712684	0.06578686477	0.1391250948
TGME49_321640	0.01424041385	0.03839890643	0.06282467335	0.08696700055	0
TGME49_216050	0.01354190087	0.05285823323	0.04635601191	0.05394494461	0.02542053413
TGME49_217560	0.3395759152	0.5759600234	0.453948142	0.2773963743	0.09859827478
TGME49_222020	0	0.002229368992	0.02026714091	0.09132078214	0
TGME49_294880	0	0.01180794219	0.01664114904	0.06896146817	0.01316910259
TGME49_257380	1.097682151	1.05360143	0.6911389908	1.10209809	1.506147183
TGME49_240480	0.2091822897	0.07796270664	0.1261112711	0.2772789114	0.1832303196
TGME49_253780	0.01869160555	0.008530625515	0.05144022413	0.1844931161	0.01922458584
TGME49_224590	0.04604831778	0.146354483	0.08326119225	0.06690208477	0.02213454245
TGME49_259620	0.07489412659	0.02544693225	0.04959624398	0.02705412616	0.06514010244
TGME49_222280	0.09565844142	0.1553450571	0.1159202679	0.2454679879	0.1842221119
TGME49_252340	0.01676659042	0.05824311102	0.05581304363	0.0453656869	0.04482615548
TGME49_253750	0.2036230699	0.3231751369	0.2721537225	0.3526593253	0.1369332697
TGME49_289110	0.009552738339	0.0304213441	0.04489812182	0.0687402063	0.03643398861
TGME49_277090	0.05302562397	0.1035783752	0.1304405285	0.1131066029	0.01638892454
TGME49_275802	0.1164086418	0.1674257713	0.2002441227	0.2769724211	0.01453338861
TGME49_224950	0.2296099955	0.4506238573	0.3084653484	0.1950051981	0.1206917248
TGME49_208750	0.02313514442	0.04385482801	0.04479527245	0.1332101957	0.07414459796
TGME49_223150	0.009933723041	0.02317466679	0.04540822186	0.08548114893	0.01496471156
TGME49_317705	0.1594898144	0.1838757584	0.1544872489	0.2250964424	1.276206741
TGME49_234390	0.05286590946	0.1107873486	0.08613121844	0.1267421137	0.0500981547
TGME49_222000	0.05954043376	0.1623828424	0.0956267573	0.07871887088	0.01259871983
TGME49_224800	0.006360660315	0.01421675792	0.03752487264	0.07822686612	0.03885684769
TGME49_312590	0.05045283702	0.004671017201	0.01690480969	0.01622311229	0.176625503
TGME49_202980	0.03351656025	0.1087504571	0.05511409821	0.1068625698	0.01169612297
TGME49_304750	0.04369844683	0.07397451288	0.1302532991	0.1099481919	0
TGME49_209550	0.05303996411	0.0316579423	0.02198803107	0.01309336174	0
TGME49_203685	0.01293130069	0.1192304106	0.01907276136	0	0
TGME49_220380	0.1835506628	0.4480188341	0.2023472487	0.1068586045	0.1101226437
TGME49_241610	0.2832129724	0.2857924636	0.2320374943	0.02738932129	0.03978557293
TGME49_260570	0.08892894566	0.1545029654	0.1338199924	0.2024207599	0.09575799155
TGME49_211040	0.4169026495	0.1752675102	0.4922190031	1.061085129	1.413566443
TGME49_308970	0.081177417	0.2177420325	0.1150339155	0.08745525852	0.02736495107
TGME49_243920	0.06581759486	0.04803359716	0.0860607765	0.3328589209	0.121124333
TGME49_229260	0.02631669051	0.002509325817	0.002167843792	0.009299446257	0.05725027146
TGME49_223485	0.253801855	0.2810986281	0.2842431815	0.6181778588	0.2855973075
TGME49_261720	0.1152464871	0.2109921677	0.1238535346	0.2716581787	0.1335178351
TGME49_209890	1.119415822	0.9252347741	0.8837671704	1.100326385	1.301226221
TGME49_294720	0.185067743	0.1493495584	0.1258880814	0.08405178783	0.07566456891
TGME49_217470	0	0.0364646524	0.02659165964	0.002390103775	0
TGME49_230520	0.025949294	0.01855529845	0.03712835601	0.2030492725	0.1091955916
TGME49_320740	0.06987751002	0.004827788474	0.05546527623	0.2594568248	0.9552547877
TGME49_295320	0.003566130349	0.04489198244	0.02150181028	0.02639206311	0.01458254892
TGME49_221585	0.01770037306	0.06179646975	0.05659467714	0.04890782566	0.01249469277
TGME49_243600	0.5317910503	0.3938982212	0.449708813	0.4015953165	0.46514969
TGME49_221260	0.03338264753	0.09371442006	0.06250751655	0.1022678978	0.008318197561
TGME49_248190	0.546803011	0.201193915	0.6111943426	0.5366374512	0.3820136814
TGME49_218600	0.04491756864	0.1254681566	0.08845830072	0.1120901227	0
TGME49_227830	0.1321474729	0.2125558819	0.226425119	0.2402733752	0.02865090903
TGME49_460180	0.2191398336	0.266029803	0.2060747792	0.4990899528	0.5821687976
TGME49_225270	0.07151532835	0.00709640348	0.03906966896	0.05892710124	0.1102598854
TGME49_300650	0.6869813785	0.5220039272	0.608496355	0.5370570982	0.4984596019
TGME49_234280	0.0488187962	0.105007027	0.127086693	0.08534543752	0.06028336192
TGME49_259205	0.01078296377	0	0	0.002666677334	0
TGME49_203590	0.00990451396	0	0.001741691511	0	0
TGME49_254603	0.009869597149	0	0	0	0.009479432408
TGME49_314340	0.009175658498	0	0	0	0.0125351083
TGME49_203030	0.5614753312	0.3719932905	0.5272611599	0.4658575214	0.349894638
TGME49_293420	0.00862334456	0	0.002496000685	0	0
TGME49_221890	0.008257266307	0	0.002347140828	0	0
TGME49_228150	0.1721907272	0.3619815933	0.2456730769	0.1266016043	0.1098707079
TGME49_212840	0.3021059831	0.33692079	0.436568197	0.513125788	0.2650795414
TGME49_309880	0.1183876123	0.03726181457	0.0776664689	0.04317028386	0.3154999474
TGME49_259520	0.1610381844	0.07072159952	0.1190556468	0.09229955153	0.2079876548
TGME49_291350	0.04167362414	0.1161302324	0.08578298402	0.06337721932	0
TGME49_202310	0.03124991359	0.1214349018	0.05395086685	0.06076374261	0.01405560276
TGME49_249910	0.02048434768	0.1003269428	0.03474440555	0.0625772831	0
TGME49_286730	0.01262786499	0.03723127424	0.05182128451	0.04806072915	0.06755328999
TGME49_209850	0.2968617116	0.3386232735	0.3703014769	0.6814987258	0.16464644
TGME49_316255	0.6383501428	0.8331122143	0.737539766	0.6992804977	0.7566533831
TGME49_216450	0.05594043352	0.03865135507	0.09579356584	0.2316477227	0.2028626451
TGME49_313340	0.4157563289	0.3328862774	0.3183495137	0.2980883094	0.2366994741
TGME49_309570	0.02615553217	0.08889942227	0.06404418171	0.04906080733	0.01527298289
TGME49_314910	0.03197830115	0.04977080877	0.0631014538	0.1518450474	0.008725886966
TGME49_261790	0.08241750538	0.01902098908	0.06711148782	0.05334890437	0.04015307223
TGME49_306390	0.4982988725	0.5330345497	0.5318314501	0.7784397098	1.211463012
TGME49_208300	0.03850509712	0.04182680818	0.0725877157	0.1982636875	0.1068993756
TGME49_219510	0.27183146	0.1806435757	0.217901972	0.1627734057	0.3061047275
TGME49_320490	0.7266739762	1.098575922	0.9299158611	0.4548971738	0.2103145585
TGME49_222710	0.2177120242	0.05246949841	0.139875223	0.284830134	0.3127304369
TGME49_270880	0.2243813502	0.3405921263	0.2879727655	0.3813540313	0.08772382551
TGME49_301390	0.2604288006	0.4896771353	0.3341213117	0.215968248	0.1060130959
TGME49_211010	0.5506618793	0.6569892488	0.7165637668	0.7544195992	0.4168117443
TGME49_290570	0.1174970013	0.1899682203	0.1989734321	0.1844206023	0.05291228258
TGME49_221360	0.3847494854	0.2488480105	0.3202281183	0.3003784097	0.2944878961
TGME49_265990	0.2042821011	0.2730427229	0.2897207732	0.343997368	0.174454124
TGME49_307090	0	0.002303507443	0.009946023057	0.05645885097	0.1110918557
TGME49_293340	0.2250060434	0.2681757296	0.2251392815	0.5270208533	0.444437319
TGME49_218610	0.04281855266	0.1148388889	0.07999366366	0.0872106014	0.03428774771
TGME49_223540	0.02960009115	0.028411773	0.08218638284	0.1362242327	0.01476977059
TGME49_312430	0.1237114246	0.2343201871	0.1538086836	0.1978831316	0.09333096027
TGME49_219682	0.01938850475	0.03328198028	0.03704643527	0.1046929891	0.1262458931
TGME49_243465	0.06506975889	0.03118775385	0.04563898956	0.01753189232	0.01259871983
TGME49_292275	0.003321112672	0	0.001857792809	0.1148268467	0.09542622326
TGME49_239320	0.009609222541	0.00908429646	0.04938288961	0.0921998746	0.01468243654
TGME49_285700	0.04134576731	0.03576288963	0.1029593825	0.1867217758	0.04533820028
TGME49_288530	0.02426244944	0.08997205498	0.05802788164	0.06239239394	0.01245021609
TGME49_226010	0.02472770062	0.1426062972	0.03029667755	0.01567084145	0.01025093044
TGME49_265870	0.05201135349	0.1516561067	0.06171369357	0.1048223171	0.03452772685
TGME49_255440	0.08126073679	0.0257429407	0.03234505456	0.04680969158	0.2046058788
TGME49_277690	0.03000120436	0.07235570528	0.05420781361	0.1167998699	0
TGME49_212990	0.2169922877	0.1838205235	0.1543571596	0.1130918369	0.05979420191
TGME49_253560	0.2457181996	0.1829745536	0.1909397001	0.1398290167	0.04934875344
TGME49_285990	0.1133841539	0.0255436292	0.09100581721	0.05972154913	0.160269996
TGME49_263820	0.0256578332	0.07564311113	0.05146528363	0.09289890021	0
TGME49_220175	0.04455412565	0.1097368565	0.09376014312	0.0744029004	0
TGME49_321680	1.033313689	1.444414715	1.106284652	0.9968884229	0.5142391305
TGME49_306342	0.0592651837	0.01195382358	0.04504134098	0.01170810625	0.05937005418
TGME49_210760	0.1540409417	0.1593159298	0.2641098203	0.239244682	0.3840180406
TGME49_265310	0.1660936818	0.1923310617	0.2372164024	0.4379730242	0.06006476838
TGME49_285490	0.01498582859	0.02356890542	0.05576474702	0.1038556978	0.02392838953
TGME49_205740	0.01425116171	0.02993707831	0.04758541216	0.0925521777	0.01430167064
TGME49_203860	0.06465168648	0.1705998171	0.1061174055	0.0872141999	0.0524160167
TGME49_297940	0.02837685163	0.0317701222	0.1081850981	0.1052058699	0.01129521284
TGME49_286440	0.1386449266	0.2385835598	0.1937834581	0.2036975047	0.2053991309
TGME49_222360	0.1455203753	0.05814574618	0.06669655135	0.1220253923	0.3281492569
TGME49_250060	0.01563013109	0.05178526155	0.0302285247	0.07113380916	0.01355402969
TGME49_289750	1.666217022	1.765331428	1.456370177	2.504257556	1.544487794
TGME49_270790	0.05159126545	0.1148576531	0.08939154806	0.1052429791	0.09845650781
TGME49_318610	0.3053168582	0.175709467	0.3477724227	0.1279513842	0.02779471943
TGME49_238130	0.168892533	0.0784873762	0.1164045996	0.0965753854	0.333147676
TGME49_222090	0.09814799006	0.1221986613	0.1370556472	0.2787539092	0.1321438173
TGME49_282190	0.05944522499	0.1384588542	0.07676737184	0.1323485793	0.02492946182
TGME49_283830	0.008900990862	0.03550478128	0.03841542542	0.07009246887	0
TGME49_292390	0.03678241417	0.01398719913	0.01585316057	0	0.03863364388
TGME49_278245	0	0.009474896884	0.03007693784	0.02821218371	0.02911495993
TGME49_300601	2.243017984	2.271183528	2.276286548	1.512612457	1.507079148
TGME49_262760	0.002924106486	0.01757788097	0.04174813629	0.02952587331	0.01275236941
TGME49_222300	0.008572361024	0.004200438705	0.04966182041	0.09677626877	0
TGME49_231950	0.5922036807	0.40622002	0.4871311049	0.508341684	0.7846921275
TGME49_257440	0.0811013746	0.03444009712	0.04357098683	0.08920138229	0
TGME49_251870	0.009170270489	0.01989437277	0.01128721319	0.1035383435	0.1293049981
TGME49_310610	0.1034709845	0.1622767028	0.1820188158	0.1792067422	0.0583157083
TGME49_233905	0.003512789178	0.02390525136	0.03392183844	0.03778457085	0
TGME49_273815	0.009789913858	0.03161027523	0.05008894186	0.05368630113	0
TGME49_309580	0.07326927154	0.1059859258	0.1522944657	0.1828023401	0.03808445272
TGME49_292100	0.1627475919	0.3240454239	0.2274537652	0.1609386839	0.09992026842
TGME49_208710	0.0466793819	0.02108280754	0.1361275825	0.1682144088	0.03826038608
TGME49_211470	0.01111903726	0.05851962822	0.02025787591	0.05220353476	0.02624441912
TGME49_314450	0.9028274695	0.8403439475	0.7240904789	0.6525943922	0.926424645
TGME49_262050	0.01691456984	0	0.004186260001	0.007662297655	0
TGME49_226060	0.3784641817	0.2777052681	0.3052653537	0.283783896	0.2522473847
TGME49_256970	0.1539168181	0.1662410452	0.1376646691	0.4771766183	0.2947677215
TGME49_319550	0.2125792652	0.1642230298	0.3608313775	0.4509381358	0.3249513727
TGME49_302055	1.424929262	1.3735525	1.354715454	0.957857673	0.9073594797
TGME49_225720	0.06524432542	0.09942972037	0.07431092515	0.1992829865	0.1594398938
TGME49_225500	0.07000540606	0.140632539	0.1211711558	0.1191211796	0.06947318656
TGME49_207140	0.03827543888	0.02816781984	0.09248992631	0.1709883163	0.04335633512
TGME49_288340	0.02661657291	0.03489200454	0.06230614447	0.1191364381	0.08218249283
TGME49_207450	0.1029488025	0.1722559696	0.1752515552	0.1706337591	0.02509341261
TGME49_239690	0.05168153528	0.06371263876	0.1063377948	0.1725522145	0.08989270981
TGME49_272695	0.206490142	0.1585324576	0.3839682332	0.3865213687	0.1874530371
TGME49_225890	0.04845628274	0.04747638071	0.07535900392	0.2245603009	0.105193776
TGME49_238950	0.05687908352	0.08442209491	0.06086718265	0.2546653052	0.09191399278
TGME49_271260	0.0939740161	0.009136530186	0.02522085335	0.02997348195	0.5110915894
TGME49_224700	0.04189959021	0.09803443591	0.06657915303	0.02531265874	0.3893997489
TGME49_313140	0.1204940222	0.1417377237	0.1580087043	0.3645185787	0.05813663391
TGME49_285140	0.3814705829	0.1791428025	0.2948181311	0.3642730174	0.6191955051
TGME49_235930	1.414738129	1.560200432	1.570914172	1.561590635	1.527409326
TGME49_209140	0.05943926236	0.05734108347	0.09025079	0.2615718378	0.08206110169
TGME49_203280	0.1020992095	0.2127034455	0.1280951664	0.1749441085	0.09878889795
TGME49_286600	0.7269693355	0.7776880204	0.4479312303	0.4202150935	1.211177651
TGME49_293630	0.08112929924	0.1652245293	0.116852144	0.1932236674	0
TGME49_246170	0.3230370529	0.4584520665	0.4371633113	0.389180414	0.1628696262
TGME49_225020	0.08465265131	0.007119751453	0.02817484522	0.03216437408	0.4272413742
TGME49_310760	0.1674981277	0.2771267898	0.2255797376	0.2680393142	0.02129329426
TGME49_223590	0.1855895463	0.08994155061	0.1558534375	0.6938040357	0.7385188827
TGME49_209880	0.1225385978	0.03390120869	0.07603981614	0.0938002482	0.2483423226
TGME49_280710	0.04828278056	0.04185576512	0.08542972368	0.1695234925	0.2659559467
TGME49_310080	0.1175490523	0.1518251257	0.146875873	0.3345607479	0.2053754085
TGME49_246120	0.08617431992	0.215725467	0.1342974324	0.08746091213	0.03427404043
TGME49_278670	0.1788494089	0.07297774257	0.09894453876	0.1671700337	0.3956067491
TGME49_239870	0.03044966158	0.06397189547	0.0569420945	0.1208778542	0.008318197561
TGME49_265440	0.05015044499	0.07428773006	0.1099284534	0.16068985	0.03584511939
TGME49_288640	0.1222721196	0.06496509608	0.1084254902	0.04463785756	0.02306762498
TGME49_268570	0.1766690838	0.238816923	0.2369978967	0.3868450376	0.02682473388
TGME49_307460	0.01139184824	0.05579492604	0.02391108697	0.07737032431	0.008410171473
TGME49_289550	0.1012241431	0.1372958757	0.1612926815	0.2493667994	0.05644571915
TGME49_213650	0.02191887429	0.06150754131	0.03348624846	0.1044717326	0.07454787331
TGME49_255420	0.1444186612	0.09079377153	0.08656654897	0.09004757412	0.131979829
TGME49_286640	0.02337000043	0.0378209815	0.07638221814	0.09880960179	0.009396425141
TGME49_249650	0.05318446449	0.07302991026	0.1260674	0.1262406999	0.03226800248
TGME49_268600	0.007337119433	0.007625541442	0.01521437884	0.1094766111	0.06015739286
TGME49_202510	0.04269113558	0.01918106544	0.0850376481	0.2467519554	0.05182258795
TGME49_265830	0.04868525826	0.09058317203	0.1078128927	0.1220805415	0
TGME49_206600	0.024370925	0.04011513309	0.06429747078	0.1043244813	0.01064475617
TGME49_217450	0.1221721049	0.2465289769	0.1436152509	0.2153175678	0.03253465162
TGME49_257290	0.02899506735	0.01156170967	0.006172453659	0.009559144258	0.0276747014
TGME49_295630	0.2996229804	0.04872012573	0.1801559974	0.4382169293	0.83751543
TGME49_311780	0.1738829471	0.09889891218	0.09750317912	0.1534492027	0.145712415
TGME49_294940	0.09959369681	0.1603552184	0.1783895134	0.16608452	0.07157517983
TGME49_304630	0.1744998233	0.231044097	0.2591496087	0.2546358514	0.2550295849
TGME49_215360	0.01725867231	0.1163733977	0.02174629791	0	0
TGME49_462910	4.2132002	4.138187527	4.325619391	3.773547674	3.775577916
TGME49_246930	0.1491109478	0.04747722732	0.08457581626	0.02909829344	0.6701540697
TGME49_213800	0.3401394048	0.2128298743	0.2246108405	0.1909271958	0.931638319
TGME49_288420	0.08307871386	0.006934745641	0.0215281487	0.1189453347	0.1314634191
TGME49_263590	0.01997093971	0	0.006419116675	0.004733454224	0.02581092664
TGME49_278720	0.1424493612	0.1746419877	0.2117022403	0.2464823513	0.2964730831
TGME49_213740	0.008497573667	0.06412178676	0.0378590739	0.009054976973	0.04077628591
TGME49_250220	0.4267100406	0.1012660309	0.5083562548	0.4865629432	0.1390878811
TGME49_257670	0.1604698777	0.05390404815	0.1324103379	0.1082386356	0.2610759168
TGME49_263215	0.02550249076	0.01544951571	0.004361378253	0.0007628746054	0
TGME49_297647	0.01064681629	0.05911771422	0.05051431064	0	0
TGME49_272650	0.02588958349	0	0.01346966614	0.004958092607	0.03243744739
TGME49_203362	0.01069043609	0.03857139182	0.03186670466	0.06988344723	0.01232801807
TGME49_255340	0.04223316819	0.07769128537	0.07580545543	0.1367255441	0.06771357878
TGME49_309752	0.1672329841	0.2232436235	0.1780483714	0.3252958953	0.4909904288
TGME49_247350	0.2987660826	0.2574159037	0.3282969355	0.6982541978	0.7608794807
TGME49_224810	0.02547184113	0.007968024199	0.00989255266	0.007228103368	0.01217990511
TGME49_251760	0.4489165183	0.6171959489	0.5301002514	0.5958996275	0.2145394983
TGME49_205640	0.1171138055	0.01670364205	0.0328744044	0.1279812126	0.3723532272
TGME49_286220	0.06378826127	0.01236130071	0.04747707806	0.0405557103	0
TGME49_255195	0.04477431592	0	0.01644628806	0.02809080809	0.116953719
TGME49_222952	0.09681093899	0.06813513105	0.03903012194	0.05357965074	0.09212325925
TGME49_285510	0.05982317621	0.05385086736	0.08170838832	0.2692080691	0.1478628563
TGME49_280600	0.04389225334	0.05431088215	0.1048480234	0.1577535949	0.03034312481
TGME49_309780	0.09294733751	0.1843654968	0.1034164587	0.2252449935	0.07807371131
TGME49_216910	0.204447791	0.2664178107	0.2622726612	0.3066295118	0.4057510185
TGME49_257990	0.1950587126	0.06339090045	0.1800720411	0.1739851932	0.1348994656
TGME49_216210	0.04608267473	0.131430035	0.06923163546	0.09913662763	0
TGME49_312410	0.01308731819	0.06066985686	0.04196168284	0.03888120514	0
TGME49_231920	0.0324275031	0.008426550903	0.08199521947	0.1583904028	0.09796618529
TGME49_219820	1.360825091	1.326811371	1.310985398	0.6742302053	1.303519535
TGME49_321360	0.2071239458	0.4180269573	0.2683842865	0.1344089665	0.1734341607
TGME49_306320	0.007067663684	0.02115592521	0.03856704363	0.04828980779	0.01232801807
TGME49_265370	0.2932544919	0.1833403061	0.3317346625	0.7345280696	0.8886482213
TGME49_313350	0.05102417666	0.09790800618	0.09870081697	0.1395324777	0.01644061545
TGME49_235183	0.0857826846	0.1040051471	0.01682450812	0.00857863212	0
TGME49_289190	0.01438505551	0.06952991147	0.03908757054	0.02955372594	0
TGME49_214530	0.03743421838	0.08489958909	0.09401365249	0.06772588069	0
TGME49_235420	0.1695359718	0.1659497053	0.2817548831	0.3111084484	0.2955612895
TGME49_224960	0.044409085	0.08375767593	0.06147683394	0.1309540041	0.1739273746
TGME49_299100	0.03061786676	0.07023331722	0.07623518658	0.0736111196	0.0134922222
TGME49_315910	0.3946728381	0.3766112045	0.3974049562	0.09101596096	0.04205030949
TGME49_213460	0.03653940045	0.1385665749	0.03956178277	0.06063194353	0.009396425141
TGME49_276200	0.04034832992	0.1684429177	0.06344709377	0.003827270441	0.009396425141
TGME49_313470	0.05936603877	0.01776269118	0.03091419404	0.04181645534	0
TGME49_227930	0.1143311005	0.03015295108	0.1023676928	0.1026464167	0.02858750437
TGME49_235160	0.04415104169	0.07013236088	0.06524453569	0.1552361009	0.0955266336
TGME49_253000	0.03830754476	0.07551337751	0.07258569432	0.06991304744	0.2140224455
TGME49_219230	0.1194329637	0.2124205191	0.1534904335	0.2227280049	0.07225465601
TGME49_207760	0.0899035437	0.1739062485	0.1001921498	0.2261779319	0.03340806982
TGME49_228760	0.5004214249	0.6251115528	0.5535258487	0.6691847817	0.752972922
TGME49_207680	0.04999203361	0.05289357205	0.07086796532	0.1740003619	0.2348683578
TGME49_233400	0.09700467183	0.1914955092	0.1923495276	0.1109937797	0.02887254826
TGME49_247230	0.03198845198	0.08312714396	0.06642938227	0.08035971973	0.05088387799
TGME49_320260	0.2559249869	0.7308134531	0.1445249044	0.1272113566	0.1106088601
TGME49_251630	0.0839479044	0.1457553942	0.1226978231	0.1886229197	0.1172052252
TGME49_286120	0.2285475211	0.2135348418	0.2436122839	0.4967495959	0.6632893861
TGME49_272910	0.06727021855	0.09122672204	0.08291249955	0.2365519691	0.03903350899
TGME49_209650	0.03134459143	0.02878821543	0.02890795616	0.116295643	0.3752573099
TGME49_278700	0.04169039639	0.1087073578	0.04822908582	0.0613805257	0.2482426499
TGME49_313670	0.1650520968	0.0849655994	0.1158957839	0.1644152758	0.07287337659
TGME49_236520	0.0592597755	0.1049101159	0.0587618881	0.1847881608	0.1616795669
TGME49_231440	0.3862780012	0.257105486	0.3295212942	0.3737993386	0.08060508206
TGME49_273140	0.1955365947	0.2753071106	0.2871666115	0.3177567087	0.06534100079
TGME49_293390	0	0.01673376619	0.004608530998	0.05823179587	0.01276660416
TGME49_315520	0	0.03678430349	0.006552127813	0.01744821203	0.01434173802
TGME49_253640	0.4500497671	0.652279643	0.194566818	0.1431054292	0.2822538987
TGME49_461220	0.003603622392	0.01094765837	0.02055992535	0.0457027054	0.09173325014
TGME49_220610	0.02785487792	0.04150827189	0.0557090476	0.1419719988	0.07631746501
TGME49_278250	0.01242172873	0.05837471694	0.02804200631	0.05837955157	0
TGME49_245470	0.1011844696	0.1591629573	0.1121499777	0.2932277406	0.07990566621
TGME49_248960	0.1523286855	0.1890741587	0.1770664133	0.4072126421	0.1447706357
TGME49_318460	0.006313716303	0.02544840237	0.02861289374	0.05983310399	0.02480728517
TGME49_293710	0.3694650802	0.3349672315	0.2903900878	0.1531127501	0.3871332864
TGME49_259000	0.0188229175	0.02843576377	0.04353901569	0.0998214184	0.08475170176
TGME49_269750	0.006727082033	0.004751588352	0.04544158068	0.06065998152	0.04123007577
TGME49_209960	0.02358859491	0.02244196472	0.07749009738	0.09810772547	0
TGME49_320200	0.01893529669	0.05046180852	0.06236692626	0.05953980718	0
TGME49_282000	0.04970700175	0.04394871905	0.1017843118	0.1988079897	0.05763659945
TGME49_260870	0.006898424137	0.010523788	0.01607407708	0.06983496141	0.1228214767
TGME49_267760	0.02056758686	0.03917393611	0.06809284045	0.03643357363	0.1484366587
TGME49_310370	0.06728194436	0.05651210624	0.10501411	0.2240074138	0.2030857664
TGME49_320220	0.3782057244	0.3648920177	0.3937036423	0.7857232266	0.7465205751
TGME49_238510	0.02437820054	0.07905462983	0.04187492643	0.05843935962	0.04066110561
TGME49_238040	0.02076321551	0.05367612625	0.06688008807	0.0404664026	0.01317951064
TGME49_228190	0.1559494723	0.2052668069	0.2278312777	0.2843334818	0.1320992205
TGME49_313300	0.01759747693	0.0443728659	0.02240955184	0.1045099456	0.05256129928
TGME49_313020	0.02952018163	0.05870331397	0.0604340533	0.1292250967	0.04278607493
TGME49_250880	0.0462790681	0.07230292047	0.05116437268	0.1861894367	0.07197585151
TGME49_226400	0.03768182777	0.06252366533	0.06530668397	0.1278443023	0.04851621616
TGME49_313600	0.0310456146	0.0599625036	0.05641577889	0.09659376874	0.1785031233
TGME49_313030	0.0984401801	0.05939996991	0.05374143042	0.06777929373	0.05477223343
TGME49_214090	0.4242635698	0.2818617991	0.3974451719	0.3408085208	0.295913393
TGME49_320210	0.07492131575	0.1458894574	0.104717034	0.1514288588	0.07030538112
TGME49_225210	0.06433487453	0.02135299608	0.03315738073	0.01319583516	0.1332675268
TGME49_277230	0.3010678674	0.6495902764	0.3916591186	0.09006303347	0.09444085179
TGME49_219300	0.03272486589	0.06251929339	0.09172170898	0.07297821657	0.06584574712
TGME49_245475	0.05333833944	0.006496669008	0.01169344958	0.01644353305	0.2129756308
TGME49_294010	0.07450124173	0.1312017681	0.1424999203	0.1374352539	0.01145738438
TGME49_264630	0.0593985942	0.02975069715	0.0300122501	0.009606149866	0.01608010861
TGME49_270770	0.02755466136	0.06508755717	0.06939733916	0.06018749408	0.04399848894
TGME49_318380	0.069675143	0.01647265372	0.06653854371	0.02894539393	0.0337463579
TGME49_223960	0.03244860869	0.01624167792	0.04491359759	0.1486541164	0.3077276436
TGME49_246800	0.1303877275	0.02378962149	0.1059407883	0.1513018146	0.05916619797
TGME49_252280	0.05615870342	0.01744838286	0.03047080163	0.03651063572	0
TGME49_321400	0.08675137857	0.08451150053	0.07574739651	0.3089270507	0.3770547579
TGME49_270140	0.06535105956	0.1105928534	0.08168637231	0.1672654967	0.2135270107
TGME49_300330	0.02726213899	0.09122721146	0.05381754273	0.06420147416	0
TGME49_244370	0.0666958058	0.07346072614	0.1256765184	0.1501605281	0.2720268195
TGME49_232450	0.03280429818	0.004694361045	0.006929824194	0.02047625641	0.06842595091
TGME49_293190	0.0930116837	0.153346269	0.127011671	0.1981353507	0.09969105553
TGME49_320100	0.1750492252	0.2058972065	0.3258366259	0.2611086905	0.07783930103
TGME49_206310	0.02234030129	0.01830429069	0.07766862414	0.1081659485	0.01549867895
TGME49_242880	0.02241010479	0.04016384218	0.0548854302	0.1007574446	0.02585235392
TGME49_311240	0.4472134717	0.6142500252	0.4883573329	0.6446929119	0.2668258885
TGME49_308000	0.02289723445	0.04105871831	0.05577671341	0.0744145926	0.1260368157
TGME49_311700	0.03306638778	0	0.008962383908	0.04305677072	0.01405560276
TGME49_212210	0.01016376485	0.03044719656	0.03385773454	0.03111774783	0.1123951488
TGME49_284170	0.03205662366	0.01001436251	0.009388253859	0.0252504265	0
TGME49_252490	0.2048404245	0.08004154915	0.1463093699	0.1984766985	0.325836767
TGME49_266010	0.1499463154	0.08682519077	0.1151202219	0.08246326881	0.08107935038
TGME49_266480	0.0197314502	0.04092211738	0.0728026096	0.05777098709	0
TGME49_205000	0.09519575615	0.1799483139	0.1565872279	0.1287646553	0.05880413479
TGME49_226220	0.07035794041	0	0	0.01275333804	0.5648115588
TGME49_251600	0.02788348715	0.06781815697	0.06139041506	0.07646236264	0.05150631372
TGME49_234440	0.01374117637	0.006690660488	0.02771366609	0.1528698801	0.05554271434
TGME49_236570	0.1166360838	0.04814778116	0.1496344508	0.3844501627	0.4901924933
TGME49_248110	0.3734710392	0.3231162853	0.2398569422	0.3103544852	0.2896894549
TGME49_313310	0	0.02872635462	0.01136106836	0.02409682076	0
TGME49_226990	0	0.02742670562	0.02167238393	0	0.02649705449
TGME49_234340	0	0.03077862085	0.01387299901	0.01644108859	0
TGME49_264980	0	0.002501292907	0.02063968296	0.01163601313	0.1304085913
TGME49_268970	0.06968322949	0.2037996509	0.1019524861	0.03541132421	0
TGME49_240580	0.003578481765	0.01417999339	0.02158831626	0.06677691948	0
TGME49_273460	0.09241692146	0.09433112136	0.09658127536	0.3591485363	0.1231844636
TGME49_318260	0.01276903181	0.01931349889	0.04744450752	0.08232160376	0.01620723882
TGME49_227310	0.01948133169	0.03267241306	0.03376334715	0.1243893117	0.04144488803
TGME49_207180	0.02062077941	0.03374997402	0.06343406245	0.08850181868	0
TGME49_314800	0.0192716231	0.02956082146	0.04926404693	0.08443541241	0.06371425662
TGME49_272600	0.07513103338	0.08468239529	0.09435193749	0.1970027866	0.3615958395
TGME49_205510	0.2975489263	0.4340045293	0.3815970092	0.3618370897	0.2798225267
TGME49_306190	0.2798895436	0.1100207044	0.3260405816	0.7170019269	1.137255879
TGME49_222900	0.1413275904	0.145502472	0.2353756136	0.3199302067	0.1042195779
TGME49_244732	0.01482806308	0.002359281533	0.001961590962	0.004599502193	0
TGME49_253090	0.04251421704	0.0785370717	0.08861146146	0.1114509082	0.008318197561
TGME49_242780	0.06279826754	0.05618207904	0.07636869318	0.246983098	0.2156330477
TGME49_239580	0.01277372546	0.00232204398	0.00401368914	0	0
TGME49_216650	0.5225787483	0.5813826879	0.5837834721	0.7640115176	0.8305328473
TGME49_314840	0.02458630971	0.03938215463	0.06260251743	0.06801925548	0.1627446031
TGME49_313830	0.02689349985	0.07088341172	0.06201614806	0.06223998848	0.01672957824
TGME49_268960	0.2274741099	0.3376073428	0.3072968067	0.309347962	0.07799200279
TGME49_287500	0.06419857971	0.03436520029	0.0925572707	0.3020363296	0.1973538172
TGME49_219240	0.1370943352	0.2352306053	0.1746105142	0.2346093822	0.07193880971
TGME49_235398	0.05721746159	0.07175877645	0.09986054384	0.1552670562	0.1878793465
TGME49_294370	0.0597353403	0.07998670197	0.09261944085	0.1367627241	0.230958831
TGME49_221900	0.1145712098	0.05943493301	0.06852529828	0.1140544447	0.0303415112
TGME49_204280	0.2665279535	0.1936066544	0.1985560127	0.1829047575	0.2042126804
TGME49_214280	0.1249172974	0.09029240579	0.06883252722	0.1023967552	0.03056484565
TGME49_243780	0.03441893201	0.05151371283	0.09263713528	0.09106650728	0.01023783577
TGME49_203480	0.05494935089	0.1229709424	0.08771709477	0.09859768871	0.06184246008
TGME49_304930	0.1534135687	0.1805657794	0.3093327819	0.1877108672	0.08675079977
TGME49_261240	0.1105968688	0.09661099031	0.1062385081	0.341930113	0.529785031
TGME49_266890	0.4250254529	0.3939097117	0.2985595469	0.2810690411	0.433981972
TGME49_271990	0.1027542566	0.05559452225	0.08213482708	0.04730685479	0.02777554111
TGME49_306400	0.06817941609	0.1106162157	0.1130461514	0.1398425596	0.05984088905
TGME49_307990	0.171923351	0.218726553	0.2050706283	0.365579694	0.2531208215
TGME49_323310	0.03117239121	0.006811850308	0.0147746318	0.01112135646	0
TGME49_313810	0.06022750063	0.1322322143	0.09183353419	0.1407322769	0.0722962704
TGME49_297500	0.2399921759	0.1604549133	0.3614352532	0.6095413311	0.1848713461
TGME49_290620	0.06430386786	0.01594974845	0.1021693398	0.2559283905	0.2346191263
TGME49_253170	0.1504821477	0.2242238076	0.2342190981	0.2199137757	0.08012512803
TGME49_242870	0.1306839132	0.04518547101	0.1087614021	0.1112023888	0.06155420914
TGME49_290990	0.02333654035	0.04549258919	0.06764308585	0.07247072231	0.01217990511
TGME49_316530	0.02317155747	0.03279085284	0.0541958202	0.1224162214	0.01542226073
TGME49_283800	0.009566460011	0.009297141956	0.01846479738	0.1169056195	0.04095456377
TGME49_241820	0.7327180122	0.4870733596	0.6831272775	0.6284717142	0.9779433605
TGME49_318410	0.02338245735	0.03190312298	0.04369050305	0.1283126931	0.05174705971
TGME49_251500	0.1331963709	0.2056581062	0.2017570232	0.2236534574	0.008318197561
TGME49_205550	0.0484828861	0.118412813	0.09262279335	0.04633178993	0.1468094317
TGME49_294025	0.02590899304	0.01004199826	0.01159721557	0.01351803821	0
TGME49_273690	0.07351086405	0.100924785	0.1479331874	0.1722716508	0.01206898291
TGME49_320640	0.1919621403	0.2972333843	0.2262888357	0.2902677919	0.1722242621
TGME49_214180	0.29193233	0.4808068095	0.3140732662	0.3045607394	0.2976713088
TGME49_210255	0.2373849321	0.3047668556	0.2619375658	0.4731164559	0.2213750546
TGME49_216030	0.07356748947	0.02198443497	0.06831465083	0.01816613324	0.05002423521
TGME49_321660	0.01195100028	0.01708709043	0.04714741494	0.08703197719	0
TGME49_290860	0.018724134	0.05713942937	0.03799650143	0.06714614426	0.03855967621
TGME49_316180	0.03729940237	0.07791526523	0.05947274679	0.1129208052	0.0390897023
TGME49_309800	0.08293510366	0.1320715955	0.1027772481	0.1846868728	0.1649035989
TGME49_290730	0.07714568809	0.02511208568	0.04966908968	0.05441190451	0.06387653244
TGME49_229210	0.08942480387	0.1190751196	0.1233131351	0.2793700805	0.149480814
TGME49_232350	0.3193682247	0.4710243566	0.3035029822	0.5714876788	0.1756333567
TGME49_247040	0.1822702934	0.05117821118	0.1304362451	0.2573297661	0.1540183789
TGME49_292310	0.002982065585	0.03435638379	0.02062036946	0.02594963567	0
TGME49_289740	0.08511637262	0.1079895011	0.08245982542	0.3124325788	0.1229640906
TGME49_210310	0.03218445098	0.09177955207	0.04934124903	0.06898411228	0.01169612297
TGME49_233850	0	0.01275484669	0.01615144652	0.0337154373	0
TGME49_263470	0.00335163369	0.006651605478	0.02362255737	0.05662122725	0.02864438273
TGME49_283550	0.06015389781	0.09385274675	0.145113981	0.08859483429	0.04209396751
TGME49_320720	0.05953721123	0.08063024974	0.09545358538	0.1503432901	0.130343447
TGME49_233720	0.04446069483	0.06883740856	0.06007072049	0.1912310154	0.04139152137
TGME49_271790	0.2585190503	0.2145773383	0.1138298801	0.1882615837	0.5384897225
TGME49_225490	0.7224742645	0.6363463144	0.6519587566	0.4315190295	0.6679878486
TGME49_309910	0.1023157839	0.2240711931	0.1151727249	0.1487488688	0.0534174823
TGME49_286080	0.08700799356	0.12453269	0.1138809106	0.2443240088	0.08284410051
TGME49_252190	0.098555175	0.1936546308	0.1778267453	0.08799360387	0.05194844468
TGME49_259115	0.04985380645	0.02087704979	0.0166671069	0.02470815133	0.08311039067
TGME49_311450	0.007169498181	0.02545836417	0.03665888388	0.03743152537	0
TGME49_300606	1.688556225	1.608953178	1.685444748	1.205618093	1.072361361
TGME49_255330	0.06425958138	0.07208217284	0.1607508003	0.1450357512	0.01245021609
TGME49_314750	0.03377901969	0.1047149706	0.03373554924	0.08096299234	0.0350299732
TGME49_234900	0.337633902	0.3055672159	0.2573891402	0.2075688108	0.200489238
TGME49_294640	0.0803282307	0.02657114999	0.06966607252	0.352159937	0.4940159628
TGME49_223685	0.04550007649	0.1124491727	0.05688116206	0.1153415402	0.02560697566
TGME49_222660	0.09378904931	0.04073433302	0.05577107279	0.04352044631	0.1635556272
TGME49_267660	0.2562627249	0.1925860264	0.1791565388	0.1662513095	0.3482106183
TGME49_207100	0.02697089073	0.070935695	0.05621659176	0.08518411778	0.0177146227
TGME49_238110	0.03562947779	0.01162556235	0.08365621989	0.1790806839	0.04237735768
TGME49_271240	0.02910691666	0.01215783972	0.002212348067	0.0209709178	0
TGME49_269588	0.02980912132	0.004855323538	0.01108086084	0.01259834539	0.01012442561
TGME49_315820	0.04734838926	0.01243807337	0.02784644204	0.0353738683	0.03269286473
TGME49_222860	0.2027585608	0.275375143	0.2064948403	0.4523900498	0.1543792956
TGME49_202375	0.02842343739	0.009050058023	0.01401339523	0.004524345838	0
TGME49_235490	0.1362723489	0.03422934286	0.07107796004	0.1903209493	0.2310074228
TGME49_240930	0.1613129221	0.03142189659	0.3732052657	0.3554641886	0.09895531867
TGME49_264670	0.04322508039	0.01022365396	0.02296584516	0.03200274906	0
TGME49_220490	0.05929090107	0.1063477964	0.1321351019	0.1054562542	0.01496471156
TGME49_272030	0.0368038201	0.04277638623	0.06826181401	0.1072438321	0.2036110146
TGME49_460930	0.5617389245	0.475266463	0.3947892528	0.585693214	0.4215699912
TGME49_239087	0.07167880954	0.08974330498	0.089501934	0.210179376	0.1849196674
TGME49_219260	0.06308167306	0.03553161628	0.1209359287	0.2586195617	0.02204540353
TGME49_221685	0.07619935705	0.06035066269	0.03945950064	0.03249145662	0.02871321049
TGME49_321590	0.1043365144	0.08133150423	0.1733790698	0.350106734	0.02414537906
TGME49_226940	0.05466677725	0.1437391641	0.105608183	0.05061619207	0
TGME49_203690	0.05074056351	0.08231559438	0.1146319818	0.1021524572	0.04496074734
TGME49_224330	0.2775713823	0.4432332726	0.3597570929	0.3005988855	0.06291069255
TGME49_292020	0.08058087957	0.1383799723	0.09033760561	0.174975503	0.1932247607
TGME49_263270	0.4401205689	0.2361346674	0.7355369603	0.8455437765	0.1606517472
TGME49_232060	0.03817835189	0.04751587762	0.1152570892	0.08189082814	0.01635817026
TGME49_218560	0.06980084396	0.09718232489	0.1118403093	0.2065552287	0.05321765469
TGME49_260800	0.009097294168	0.014039253	0.05361094355	0.03418453621	0.06823414684
TGME49_248720	0.07539526039	0.107412769	0.1221502177	0.198053866	0.0612581423
TGME49_209570	0.09083774894	0.1627637327	0.1310661515	0.144352798	0.1273251436
TGME49_224030	0.0473481561	0.02384539869	0.1385663747	0.1496302791	0.03828608622
TGME49_267600	0.3189732612	0.4409213448	0.3696187258	0.4582918445	0.3212078292
TGME49_249810	0.01997126508	0.04947658113	0.03724282312	0.09736562994	0
TGME49_321370	0.01999428927	0.04626343531	0.05701449898	0.05916481695	0.01012442561
TGME49_310210	0.2801551734	0.2540294105	0.2203709851	0.1455244763	0.08238129469
TGME49_209430	0.01958694795	0.06463930551	0.04144279435	0.05297749822	0.01396194619
TGME49_220870	0.2085618933	0.3660772059	0.3012792284	0.1521232255	0.06337609447
TGME49_217730	0.01543389692	0.02848371837	0.0574287951	0.06588896382	0.01168868862
TGME49_226072	0.194440944	0.240147992	0.2841397902	0.3408338678	0.06848951039
TGME49_204360	0.01235418009	0.02411084191	0.05914332041	0.05469027256	0
TGME49_279380	0.1450175908	0.1686755909	0.1714093563	0.3871039419	0.1818412552
TGME49_247015	0.01997448149	0.014006937	0.05298004727	0.1135665961	0.05214890048
TGME49_227390	0.0131202224	0.0244600528	0.06496807574	0.03899753261	0
TGME49_204480	0.1228223876	0.1106331633	0.1686293421	0.2864609601	0.421842201
TGME49_294220	0.119907702	0.05150806553	0.0608190972	0.09397778292	0.2250448958
TGME49_263850	0.067855106	0.1368559843	0.1146954275	0.05291624176	0.2437113876
TGME49_276940	0.4485478869	0.5163381662	0.5917273765	0.6095442235	0.3026641398
TGME49_238390	0.07039682531	0.02303406394	0.02253347862	0.04770875351	0.1772187745
TGME49_262720	0.1762026462	0.2521915776	0.1904993262	0.3353977634	0.2794785983
TGME49_207460	0.2338764676	0.1561604821	0.1507924222	0.2135800078	0.2822378425
TGME49_216435	0.1601091958	0.07731353903	0.1243557374	0.1491628544	0.01356252307
TGME49_285895	0.01821591351	0.00184990029	0.00754217769	0.004504303571	0
TGME49_218540	0.066058588	0.00615372911	0.1337594357	0.2484830536	0.281024441
TGME49_237700	0.01692420675	0.004665883376	0.006856857908	0	0
TGME49_287430	0.0356085061	0.07202040128	0.08294367524	0.07746872692	0.04283957575
TGME49_277220	0.003145759448	0.004615059991	0.02351076063	0.05542378934	0.02476834173
TGME49_219080	0.0444188779	0.07449133762	0.05259465718	0.1671880836	0.09883608299
TGME49_268320	0.0357510365	0.09095886637	0.06727761702	0.06381687904	0.07091684808
TGME49_266110	0.003440965319	0.006545134826	0.02540234608	0.05684554432	0
TGME49_258050	0.006484697807	0.02366503711	0.03593500504	0.0363707556	0.008410171473
TGME49_312530	0.07028789165	0.120258639	0.1041083729	0.1653610538	0.03574276623
TGME49_294850	0.02346794456	0.007172820358	0.00915881152	0.003808728634	0
TGME49_272640	0.1331283646	0.07426979037	0.09395802932	0.04691200596	0.3301451222
TGME49_318710	0.00367041943	0.00479714364	0.01964774334	0.05285997598	0.08024311201
TGME49_278280	0.03280304689	0.0243243047	0.08029302804	0.1278103751	0.05129188851
TGME49_248590	0.02397570523	0.0122236687	0.007155466248	0.004162232848	0
TGME49_302057	1.940885317	1.970128442	1.861500937	1.380142459	1.428300688
TGME49_277710	0.2154271859	0.1209063762	0.1166185172	0.2370839391	0.3082426484
TGME49_221390	0.02728460567	0.06404316258	0.05267453225	0.04040898945	0.1627710011
TGME49_311140	0.06086339799	0.1212201679	0.09401226641	0.1245101581	0.02813697288
TGME49_240755	0.02240581252	0.006704084411	0.006867083724	0.01447908745	0
TGME49_227952	0.05100572441	0.1137086868	0.06981241946	0.01726764875	0.3669674623
TGME49_209450	0.1724240261	0.09857352643	0.1057518019	0.1487732665	0.2777647362
TGME49_220600	0.3572725383	0.2120066173	0.3088547193	0.3866802833	0.1455667447
TGME49_223080	0.9043233383	0.683962854	0.9131472516	0.8021512187	0.3989253494
TGME49_269980	0.2260823802	0.1019103408	0.2714223603	0.633426949	0.6606052926
TGME49_218940	0.02298335906	0.06340964103	0.03050110226	0.09854009388	0.0150730928
TGME49_229730	0.05608022131	0.02116977473	0.04321538972	0.01538403028	0.02490169314
TGME49_294970	0.9454510265	1.054344112	0.8207789102	0.4721839243	0.4419285972
TGME49_263630	0.970641918	0.9988540587	0.8456942836	1.451983134	2.243397463
TGME49_320465	0.08547481688	0.1207159241	0.1081728916	0.2120598027	0.1881974572
TGME49_288620	0.1231427353	0.1277726508	0.1958759173	0.2801862368	0.122708314
TGME49_219200	0.08182337357	0.1454805724	0.08951249233	0.2289480374	0.04325064866
TGME49_270160	0.1767331339	0.05838370522	0.1555187939	0.1469614063	0.1448024803
TGME49_312300	0.1937919642	0.1440728356	0.1296273374	0.07155076564	0.3952675834
TGME49_313180	1.109128356	1.06700701	1.03474738	0.7695360619	0.712954087
TGME49_224180	0.06781073414	0.08508871792	0.09558219168	0.2522025109	0.04374882553
TGME49_226980	0.5801546839	0.7342357047	0.620509991	0.7950974139	0.4448707622
TGME49_208350	0.08621677646	0.1637272677	0.1155841653	0.1343101456	0.08474635608
TGME49_261480	0.03233755319	0.08723128924	0.04953123683	0.0889947493	0
TGME49_250700	0.1488917782	0.1587145812	0.19203287	0.3201071361	0.2677582316
TGME49_313690	0.01951318866	0.01691701389	0.05905307281	0.1044257412	0
TGME49_232400	0.04235570822	0.2120799953	0.02103114697	0.01361047546	0.008318197561
TGME49_265080	0.06458189737	0.00689779305	0.002069205583	0.03441818659	0.3909382874
TGME49_216020	0.04903666549	0.08269706391	0.09778942846	0.1119140538	0.03499113584
TGME49_288030	0.1823984123	0.1813993915	0.04713335959	0.09706196922	0.4591201314
TGME49_299168	0.03334444555	0.01178856596	0.01545693683	0.01909030412	0
TGME49_320570	0.09936133205	0.1159506243	0.09729046617	0.3295771898	0.2354173429
TGME49_219832	0.01053927639	0.0230152176	0.04088073945	0.05698533298	0
TGME49_297920	0.03295754793	0.01643745624	0.0120823762	0.0188695842	0
TGME49_271250	0.02008349403	0.01958700132	0.07070447186	0.08204853278	0
TGME49_232655	0.01054607901	0.01983419484	0.03352609529	0.07595648361	0
TGME49_215750	0.03326621986	0.08619728454	0.05877087853	0.07729705396	0.01129521284
TGME49_301010	0.02133847498	0.04043951315	0.0321673616	0.08610463119	0.08725142261
TGME49_300020	0.09161727283	0.1332428585	0.17749988	0.1382110556	0.02871992183
TGME49_310530	0.04695651206	0.09405691333	0.09989169898	0.09809228624	0.04371354105
TGME49_244310	0.1156877693	0.2177402237	0.1676363328	0.1267245768	0.05523529779
TGME49_254210	0.04945834178	0.01342143526	0.0134224187	0.05442954327	0.04293145365
TGME49_223140	0.2129009473	0.2863996126	0.2936672319	0.3278407636	0.0917202603
TGME49_229640	0.254634221	0.1996425619	0.2551017507	0.04577263903	0.178957695
TGME49_255660	0.04854353231	0.03982865703	0.06629823971	0.2303174285	0.02655860382
TGME49_249200	0.3135580263	0.2913725918	0.3325868587	0.6955801511	0.4886030242
TGME49_249590	0.09338980905	0.06019459423	0.09583754099	0.402035187	0.1110174666
TGME49_283900	0.005859756013	0.02399511099	0.03420055274	0.03302830158	0.01249469277
TGME49_226390	0.002678485401	0.01371499786	0.01864008343	0.05842898105	0
TGME49_209020	0.003084917136	0.02439924518	0.01351973302	0.05204138521	0
TGME49_250020	0.1619954635	0.07031608434	0.1545945381	0.1246369969	0.0756023523
TGME49_220720	0.003247689368	0.01926889153	0.02294939836	0.04043957548	0
TGME49_315123	0.003114883769	0.009423296783	0.03154635633	0.03546260032	0.01249469277
TGME49_206300	0.006511638534	0.0234470671	0.02655008113	0.05423196434	0
TGME49_287280	0.06570345945	0.03311873659	0.02086318762	0.05953600522	0.0413817255
TGME49_239490	0.08481700841	0.1065810648	0.1183896872	0.2376998094	0.1202677993
TGME49_287170	0.3409962047	0.2244985951	0.2271310708	0.3228175823	0.5507338217
TGME49_264752	0.003697843522	0.03516589066	0.01371149581	0.01981075409	0.01714331365
TGME49_296231	0.00655617558	0.05166488861	0.006590874022	0.02812040411	0
TGME49_217440	0.07881286542	0.1232079729	0.08028309616	0.2288405437	0.09851008062
TGME49_205540	0.1962187027	0.2002456686	0.1188514204	0.0854026277	0.1206506957
TGME49_284190	0	0.00754572582	0.002400540969	0.01194382812	0.17358627
TGME49_216415	0	0.01466856338	0.02146619008	0.01205460924	0.02486117228
TGME49_263440	0	0.01917516805	0.0162338138	0.01909926005	0
TGME49_208830	0	0.03795870692	0.007101646454	0.003422101409	0
TGME49_235670	0	0.004355669356	0.02871105462	0.007694302537	0.03418894769
TGME49_241155	0	0.002122287392	0.006339387143	0.05111118139	0.03522704883
TGME49_252890	0	0.00857648471	0.02100349106	0.02486781173	0
TGME49_270610	0	0.006297279957	0.01922193069	0.03031796029	0
TGME49_307070	0.006632466875	0.004422961585	0.008976509931	0.08829576619	0.08205048996
TGME49_220470	0.3510980767	0.3453520288	0.2576459626	0.1936455225	0.2205298004
TGME49_310670	0.4420850685	0.5393599497	0.5353040174	0.5742976719	0.4838616154
TGME49_268830	0.1473104086	0.208099545	0.1839540855	0.3069659174	0.05284421918
TGME49_270300	0.1558971434	0.2685414844	0.2373262226	0.1455796055	0.09402885948
TGME49_267740	0.3558997134	0.3689950135	0.657525456	0.2785941872	0.06833220151
TGME49_227840	0.3722023158	0.2991813814	0.3241525405	0.2145610245	0.333626839
TGME49_230610	0.04861315157	0.057956895	0.111719893	0.1233219145	0.01430167064
TGME49_319650	0.04679610574	0.1384875261	0.06415603424	0.04518010293	0.04946941368
TGME49_214350	0.0806019269	0.07795185301	0.100142474	0.2695366635	0.1152487874
TGME49_202540	0.4172606683	0.239665713	0.3617963385	0.4497490018	0.3873254958
TGME49_281545	0.04286377402	0.1195110286	0.046480633	0.1363668457	0.01426854156
TGME49_214540	0.008403216157	0	0.01969591201	0.07641515833	0.1714050779
TGME49_278730	0.03376473022	0.06008216688	0.06839169129	0.1060247697	0.01638892454
TGME49_237200	0.1535963281	0.0755150852	0.07100761632	0.1405131534	0.4134695435
TGME49_226900	0.02542463971	0.05106912288	0.04993160573	0.1007809641	0.01104236382
TGME49_280660	0.2993888537	0.3905231947	0.3740434069	0.4212521294	0.3136492553
TGME49_277000	0.05672121819	0.03124396836	0.1127139905	0.1514654748	0.2531442568
TGME49_288840	0.04099665677	0.1489631007	0.06115096615	0.01884098009	0.009181623659
TGME49_269650	0.01531246244	0.02509446234	0.04441061789	0.07531836066	0.07023059617
TGME49_254520	0.1120552518	0.04701597758	0.1545371977	0.3686940215	0.2863025857
TGME49_216380	0.01013283342	0.01111495188	0.02447111223	0.07222211534	0.1061268419
TGME49_285840	0.01040537849	0.02142717054	0.03377100427	0.06649654963	0
TGME49_248445	0.01063851401	0	0.004171863103	0	0.581861262
TGME49_227060	0.01609594433	0.0385214377	0.04925344156	0.04743006417	0.02467459788
TGME49_262070	0.3629985861	0.4657211828	0.4454890801	0.5064839424	0.2470953742
TGME49_298040	0.0258847365	0.04242172311	0.04098527801	0.1225324751	0.009181623659
TGME49_228210	0.1293195032	0.08916752362	0.1596070307	0.328612678	0.4466187994
TGME49_202550	0.01324937174	0.02319278085	0.05845487568	0.03004229467	0.05075486257
TGME49_207900	0.1588452989	0.252453675	0.2276823535	0.2064107292	0.08234901886
TGME49_214230	0.07227422229	0.03428020085	0.04211084607	0.04824864235	0.05694064794
TGME49_289300	0.06309917824	0.09794876168	0.08739728907	0.1867697034	0.05471180247
TGME49_246040	0.03794409219	0.06963442819	0.07761787734	0.0920772885	0.03496025135
TGME49_231370	0.01348397577	0.04882202679	0.03751920536	0.03147262187	0.01129521284
TGME49_229490	0.088450534	0.09890299453	0.1355364733	0.2458728381	0.1122384323
TGME49_275350	0.1081280083	0.05282010983	0.06984684106	0.1038529474	0.07316725733
TGME49_224660	0.027949193	0.05964459804	0.05140070334	0.08280933764	0.06636049725
TGME49_217665	0.06377779503	0.09238663029	0.07355656391	0.2215356013	0.07070829858
TGME49_237520	0.1681746984	0.1079739334	0.1217448664	0.1235239768	0.1306348283
TGME49_313190	0.09599983679	0.02684058077	0.06144550326	0.08927713944	0.1445966198
TGME49_240740	0.01435826006	0.03578812244	0.03167262716	0.05834265846	0.05259030551
TGME49_214620	0.1589886678	0.1048741623	0.06365545621	0.2286139877	0.07299334796
TGME49_462900	0.1036353898	0.05378418172	0.08059742683	0.05272949957	0.1042722594
TGME49_318420	0.02885047265	0.07331966118	0.04363643143	0.0919653722	0.02400729797
TGME49_209800	0.06498278079	0.1767445795	0.0908067988	0.04754564423	0.03369256864
TGME49_224820	0.0580117293	0.02976996598	0.1218474258	0.1738490461	0.08799060087
TGME49_280490	0.08421166884	0.08739033308	0.1214075062	0.2587149038	0.07674327939
TGME49_212140	0.02918722465	0.03538915024	0.05631498911	0.1286842408	0.05285761888
TGME49_298610	0.1895006899	0.1333021111	0.1274695787	0.1582329371	0.1280472094
TGME49_218910	0.06764068848	0.03771834254	0.05735380796	0.215575654	0.5739583276
TGME49_298980	0.0403894131	0.08293752033	0.07667280891	0.08585719264	0
TGME49_278780	0.04559242107	0	0	0	0.3420157483
TGME49_219190	0.05336053628	0.08400411252	0.0822622796	0.1457337935	0.1690002109
TGME49_221910	0.3379961213	0.3267529308	0.2475823681	0.1935207809	0.2401354903
TGME49_309290	0.03880455739	0.08193499271	0.04822154582	0.1254324588	0.04946266131
TGME49_315360	0.002360335828	0.003129192929	0.004788706273	0.02178043276	0.2512891336
TGME49_234180	0.2253995338	0.1213929102	0.2071264587	0.1544434936	0.2436871624
TGME49_275830	0.003331783074	0.02177828226	0.01609465349	0.03774127105	0.009181623659
TGME49_214380	0.124015954	0.1794182166	0.161197788	0.2355467176	0.1662627424
TGME49_297980	0.05665804241	0.09973432053	0.108363623	0.08220643313	0.0822292884
TGME49_220650	0.03266837868	0.1001326539	0.05697629538	0.05491431145	0
TGME49_319730	0.03420368044	0.07941134515	0.06955884204	0.07565833162	0.01367439393
TGME49_237220	0.0399680833	0.03059163019	0.03330006427	0.2087089225	0.1763970999
TGME49_242460	0.04610098264	0.1055825102	0.08898833821	0.06096430848	0.01322664538
TGME49_309600	0.5247393213	0.6587241267	0.7216983843	0.4882303448	0.2163857493
TGME49_251660	0	0.03122364505	0.002402083202	0.008520564247	0.04381943098
TGME49_315798	0	0.01368210938	0.007273253453	0.04173146125	0
TGME49_243440	0.05565979164	0.07354835514	0.07919256731	0.1744704778	0.1035603626
TGME49_253530	0.0887009678	0.1007984582	0.1153835404	0.2413937466	0.1786016469
TGME49_228170	0.7328678184	1.182773316	0.8177111363	0.4453184525	0.2715248385
TGME49_274130	0.04838937779	0.002368562577	0.03772899595	0.02434322601	0.03926910463
TGME49_222200	0.01916326932	0.04892635425	0.04619924854	0.0548834921	0.03982445155
TGME49_214470	0.01971617239	0.02547626942	0.04339515226	0.09262756788	0.08979492883
TGME49_231991	0.01040009476	0	0.001687832372	0	0.01169612297
TGME49_216420	0.009340269119	0	0	0.006874347538	0
TGME49_301450	0.1403682561	0.08906744194	0.08507675793	0.1223420184	0.06748788722
TGME49_258800	0.01010779913	0.001990743282	0	0	0.01204068101
TGME49_227910	1.187972216	1.199196386	1.154506101	1.700088583	1.858294704
TGME49_212420	0.01012825716	0	0.004288969399	0	0
TGME49_232660	0.4526992626	0.3110922143	0.553211837	0.9980440311	0.624906656
TGME49_294320	0.01062578004	0.002293812043	0.002490738362	0	0
TGME49_248850	0.009219263087	0.001953424153	0.002327415788	0	0
TGME49_230640	0.00878844179	0	0.004302685828	0	0
TGME49_233610	0.009552507356	0	0.004491762786	0	0
TGME49_229000	0.3527521845	0.306840135	0.2091227863	0.186892257	0.8625547948
TGME49_235660	0.0480971004	0.0852882593	0.05057923292	0.1504269021	0.05868572889
TGME49_231350	0.009355952644	0	0.002379293881	0.004542121536	0
TGME49_238190	0.0809188063	0.1219149828	0.1093625176	0.1964511774	0.0870813164
TGME49_219130	0.009182702732	0.022443162	0.04492439669	0.04858338685	0
TGME49_207690	0.07304119101	0.05458472688	0.09861555377	0.2697145766	0.1444446735
TGME49_227020	0.1522736401	0.1016858089	0.2774896389	0.3385134363	0.07520707928
TGME49_254640	0.05712914671	0.04885202872	0.03028413927	0.006431439084	0.01145738438
TGME49_279440	0.07433258191	0.0296577337	0.05933660738	0.04511993524	0.08661577778
TGME49_289100	0.07622605574	0.08970470623	0.1235460815	0.05672790986	0.6180321537
TGME49_284540	0.04536143507	0.08544954075	0.05450388252	0.1306885873	0.1526448009
TGME49_259090	0.04702611201	0.02690098315	0.0120244863	0.04852707587	0
TGME49_253880	0.06548189564	0.04108488411	0.07249168845	0.1713392089	0.6088547548
TGME49_289810	0.03985143558	0.06879664542	0.04885771116	0.151941333	0.08943234513
TGME49_214520	0.06181195224	0.08364948661	0.08117728715	0.1842588975	0.07160373075
TGME49_309885	0.05230674075	0.07074475249	0.1153585586	0.1027187555	0.05161735886
TGME49_305260	0.06427108986	0.04456391811	0.02988378143	0.01106435576	0.07030256406
TGME49_255510	0.0564390423	0.03702254586	0.07283889749	0.1792300621	0.3189838954
TGME49_216190	0.05663957589	0.03594466951	0.03521300599	0.02688300291	0.01608010861
TGME49_308920	0.107742476	0.1440890644	0.154238876	0.2156770652	0.0791067534
TGME49_235710	0.1879005389	0.2827538754	0.2799418407	0.2387536643	0.01430167064
TGME49_229020	0.06642211153	0.006105791555	0.05064921134	0.054847092	0.06894764216
TGME49_202030	0.6563190107	0.5180358893	0.6921261049	0.4288605142	0.3389623607
TGME49_207620	0.2842683942	0.1623003544	0.20551973	0.3426451187	0.2427929912
TGME49_306030	0.06991288097	0.06021736735	0.13370041	0.200139669	0.01412550554
TGME49_288550	0.146167752	0.05773864146	0.106391224	0.08466111722	0.3520666668
TGME49_252430	0.1480457231	0.2838357498	0.1479661252	0.1960779601	0.1807912359
TGME49_299190	0.08868220922	0.03413785063	0.04286217102	0.04800550112	0.2693709965
TGME49_301460	0.06644432355	0.01887572468	0.04422447436	0.0492362972	0.05535036939
TGME49_316150	0.05021698953	0.0289312274	0.02015755052	0.02948463921	0.01014991745
TGME49_291080	0.03001358682	0.03215998352	0.06074376699	0.1323470351	0
TGME49_210300	0.03133167444	0.0536618128	0.06710038349	0.08173286809	0.01194502444
TGME49_205562	0.02986237359	0.0208928748	0.06596181062	0.1276880044	0.06002781482
TGME49_231970	0.1185536013	0.1739238408	0.1438978254	0.2207304883	0.1510274239
TGME49_321550	0.07520384898	0.152239381	0.1061102787	0.1360569002	0.06944195766
TGME49_313290	0.1005320872	0.2185210008	0.1533082971	0.05367629051	0.1266490226
TGME49_235620	0.06858530568	0.1184891359	0.1147535337	0.1491163043	0.03318160691
TGME49_207200	0.04029645453	0.02130307647	0.01399640543	0.02703786068	0
TGME49_263070	0.06242162296	0.06444394848	0.1085522664	0.1527278972	0.1493991658
TGME49_319530	0.1614007585	0.2088066023	0.221808361	0.2992572207	0.1193356967
TGME49_216250	0.005832893021	0.01952365577	0.02995864441	0.040258027	0.01012188544
TGME49_253080	0.03120892028	0.03345182425	0.03809701184	0.1601922617	0.04854352886
TGME49_234505	0.02403391097	0.01346532799	0.06906372842	0.1046786988	0
TGME49_240560	0.1307285057	0.2771781532	0.1294618852	0.04091491774	0.5152365261
TGME49_261060	0.006843059467	0.02593380531	0.02776051916	0.03165391336	0.02278148972
TGME49_286630	0.1415248838	0.08506808921	0.3058884385	0.2784413567	0.05527195317
TGME49_290225	0.00779482137	0.02670470305	0.03221734482	0.02978292702	0
TGME49_263100	0.007237619961	0.004745329176	0.03744306732	0.0557813424	0.0127005609
TGME49_277270	0.003355283805	0.05148688462	0.008953642554	0	0
TGME49_219180	0.003279493146	0.01862314495	0.02055882457	0.007635626517	0.08142286176
TGME49_215480	0.1155748967	0.08634843712	0.07186839262	0.06385482294	0.08606904671
TGME49_315530	0.09420449088	0.06268866826	0.1369536371	0.2880542254	0.1199461672
TGME49_238960	0.03213162165	0.01892473	0.01514349612	0.003741041909	0.0163786516
TGME49_297745	0.04775222739	0.04184536319	0.07198642696	0.1909118866	0.0221126091
TGME49_263990	0.04903549332	0.09299494707	0.08600122788	0.08469149051	0.01048869957
TGME49_311410	0.02002963977	0.06208343058	0.02808988115	0.06131671536	0.02843989346
TGME49_204410	0.02620048959	0.06342785071	0.06029089788	0.02910194347	0.07251536317
TGME49_267710	0.05489996683	0.05227363162	0.1320543769	0.1260514586	0.03987050193
TGME49_233410	0.02539949986	0.06013808472	0.03511420808	0.09900161993	0
TGME49_232240	0	0.01397828413	0.01751236584	0.01760791843	0
TGME49_241160	0	0.006777640269	0.01117361887	0.03506290031	0.0127005609
TGME49_319380	0	0.005016015871	0.01117491016	0.02830167455	0.05183128839
TGME49_320170	0	0.00255084564	0.002480327964	0.008614050846	0.192507392
TGME49_280770	0.05268195659	0	0.002448324627	0.02911429612	0.3662672445
TGME49_209440	0.03531614609	0.04383594853	0.06799247793	0.09473499925	0.08690136474
TGME49_248200	0.06561809024	0.06079314684	0.09106445387	0.2493002203	0.04584701706
TGME49_311770	0.05211344994	0.07875857883	0.09936450166	0.03457753816	0.3271301557
TGME49_288245	0.1054951927	0.1281133175	0.1516678078	0.2137145579	0.2047363678
TGME49_224990	0.2172138684	0.2704473719	0.2884083213	0.3388989983	0.1186708912
TGME49_290260	0.02098373311	0.02565341096	0.05980268378	0.07331407787	0.02579746616
TGME49_251170	0.1303335226	0.3646311144	0.119189514	0.04791335979	0.0247071221
TGME49_311380	0.01503389723	0.004935545404	0.01574259328	0.1633803729	0.07008173683
TGME49_213240	0.08078954239	0.1242216563	0.1400138959	0.1318478384	0.04396667386
TGME49_213410	0.320542899	0.3694699162	0.3081906662	0.6589178101	0.3816069568
TGME49_224100	0.05092893774	0.01943792688	0.02938845789	0.04038979792	0.01206898291
TGME49_314400	0.04800892209	0.08307080842	0.07842957527	0.1204451277	0.04756767517
TGME49_221980	0.04179157856	0.06784070993	0.07657700756	0.1100952928	0.0228365556
TGME49_308020	1.136565429	1.984545239	1.04404001	0.3850624769	0.9703732441
TGME49_289880	0.2488551309	0.08942754702	0.1983045597	0.2002230206	0.5794536098
TGME49_268850	0.0168764273	0.04632038386	0.03569248086	0.05300149598	0.02473566748
TGME49_304760	0.1646975373	0.2640910114	0.1956066504	0.232488068	0.1770194518
TGME49_276190	0.009449098508	0.01636264933	0.03756082439	0.04755649148	0.04130216744
TGME49_310055	0.008835522372	0.01156466997	0.02689860805	0.08162654683	0.0256819483
TGME49_319850	0.328273775	0.4982718768	0.3226963638	0.4782189779	0.2660918562
TGME49_302005	0.5344630234	0.5320797101	0.4828958456	0.2804955879	0.2254093069
TGME49_265460	0.2166908944	0.1496048638	0.1054566752	0.2932403031	0.1188453148
TGME49_309380	0.0163429461	0.009679970925	0.02532161598	0.09333028154	0.1578668352
TGME49_228030	0.01022904669	0.01570883285	0.04596899903	0.04718239309	0
TGME49_287160	0.1590963754	0.03566237996	0.08996723103	0.1742382411	0.4025661024
TGME49_258700	0.04448847858	0.004955523165	0.01367265276	0.004477206827	0.2045052699
TGME49_254380	0.0307757647	0.06595794095	0.03320468753	0.1260818624	0.06333417625
TGME49_319510	0.0744610637	0.1006512829	0.09842090445	0.2022890662	0.07610668074
TGME49_309090	0.04620245388	0.002432668197	0.02127029492	0.02958986466	0.1018664591
TGME49_214400	0.02247963182	0	0.008709138505	0.007847725603	0.05449642183
TGME49_254010	0.2754010154	0.3262302954	0.1623475604	0.1746138833	0.01473318498
TGME49_214840	1.012249558	1.182680645	1.323244645	0.8172749267	0.4266333048
TGME49_270360	0.1885475066	0.2086055242	0.2263788529	0.3362428481	0.3310303709
TGME49_312490	0.07092290132	0.09307657499	0.09932909636	0.2003421208	0.0281147127
TGME49_271310	0.02384961601	0	0.01696707872	0.007782431092	0.01087378591
TGME49_209755	2.620501312	0.606209714	3.349428558	3.733887371	2.099261998
TGME49_267040	0.02383692855	0.05923553505	0.0570545709	0.03594674621	0.02880035857
TGME49_243470	0.03320617216	0.08527600439	0.04857246482	0.09214341122	0.01246795302
TGME49_305060	0.3453897817	0.2411714362	0.2876454077	0.2338658798	0.424786401
TGME49_261620	0.06216862093	0.07862082412	0.1009581182	0.1850920191	0.01491900855
TGME49_231590	0.02199533773	0.02526718761	0.04628950721	0.09216777951	0.09300117502
TGME49_288370	0.09155767148	0.1947996163	0.147119086	0.08233875995	0.01355402969
TGME49_230880	0.1092680115	0.08248546776	0.06403499954	0.05806557286	0.1035881483
TGME49_248500	0.0313761293	0.05502115336	0.04458774528	0.1032865042	0.06208398435
TGME49_288910	0.106319388	0.1401202432	0.1436039724	0.2394974046	0.0887019954
TGME49_232360	0.04463924095	0.1297124135	0.0713902366	0.04119131384	0.01087378591
TGME49_207800	0.06117911723	0.06375936763	0.09131455139	0.2085731222	0.06236869832
TGME49_225580	0.09593938334	0.09492756183	0.1219172271	0.2795312615	0.1437012491
TGME49_246960	0.05734638945	0.03047537769	0.02467309965	0.03956386628	0.05407812497
TGME49_294890	0.03427005119	0.05408113211	0.05785931594	0.1179959517	0
TGME49_214920	0.366304678	0.3764745915	0.4753034888	0.6103432122	0.2323385131
TGME49_275860	0.04200890688	0.1123669146	0.07084326243	0.05390021981	0
TGME49_236920	0.1850416068	0.1882769123	0.2265169895	0.3373124279	0.438951107
TGME49_289210	0.09117336911	0.06790251987	0.151962954	0.2557046906	0.122465977
TGME49_277070	0.02527997435	0.07642427585	0.05872260192	0.02129898947	0.0376329649
TGME49_283850	0.1899735487	0.2513457812	0.2372544092	0.3651372722	0.1133402869
TGME49_226730	0.1287787929	0.1523736196	0.1578797217	0.2577571794	0.3367873411
TGME49_229450	0.08231915423	0.1755454847	0.08641797776	0.1386481412	0.05870620967
TGME49_249470	0.04123068298	0.07732515113	0.07940047644	0.08940750746	0.01358240244
TGME49_269060	0.006016176389	0.04332419332	0.0201671556	0.02130743402	0
TGME49_245440	0.02695147059	0.04952053841	0.08370863367	0.03490470492	0
TGME49_225470	0.08225644997	0.1220218068	0.1016216569	0.1231216071	0.389829415
TGME49_232520	0.03570445927	0.1115216026	0.05650934018	0.0298076741	0.01206492847
TGME49_273915	0.06624462807	0.02080109332	0.03173241591	0.06622476795	0.07111710291
TGME49_312650	0.08162077804	0.01961465349	0.05340044871	0.0679787977	0.1043590145
TGME49_263610	0.03834714323	0.05181740319	0.07007561904	0.08758122963	0.11378338
TGME49_263720	0.0205181896	0.04300573585	0.02690011752	0.06383734485	0.127818915
TGME49_254220	0.1257742939	0.2226586739	0.1505094519	0.2198415862	0.05048927176
TGME49_291075	0.01952775508	0.007673198767	0.0196651356	0.181797521	0.01249469277
TGME49_294780	0.04838846621	0.1020990935	0.05862369528	0.1316458268	0.01274290476
TGME49_273050	0.1457416725	0.1042796362	0.08083910472	0.07314101902	0.3186821872
TGME49_261955	0.04658743221	0	0.006207560368	0.0162833239	0.3090345153
TGME49_233950	0.003241116665	0.004812694103	0.01994017257	0.06198243489	0
TGME49_294050	0.04146576318	0.04514835965	0.06947028977	0.106623597	0.183433616
TGME49_224110	0.2416535758	0.06738622713	0.2382181144	0.2768413888	0.2906482802
TGME49_236620	0.2715907063	0.441464243	0.3776909568	0.1711645913	0.1317598786
TGME49_269600	0.003371868929	0.01201581161	0.01114956558	0.04698726658	0.02852799536
TGME49_288820	0.3381176999	0.2980827873	0.2659941729	0.1485078153	0.446219604
TGME49_271033	0.05642952544	0.02164675455	0.04563979343	0.03948679045	0
TGME49_206695	0.003718237006	0.01269872706	0.01367270434	0	0.1720463513
TGME49_229720	0.2571226443	0.1366932401	0.2388920431	0.2427845823	0.0908951757
TGME49_270840	0.01627790632	0.0166401123	0.0617957876	0.06170031169	0.01412550554
TGME49_222060	0.007824830076	0.01523499502	0.04353674929	0.04378463362	0.02352231285
TGME49_460700	0.01938474913	0.006551880055	0.006321208407	0.006885574734	0
TGME49_258832	0.02959242972	0.00592503371	0.01124839051	0.016453585	0.03273342669
TGME49_212300	0.7942515869	1.179401004	0.7608093945	0.7231163544	0.6220338782
TGME49_228350	0	0.02584847506	0.01196975539	0.003975809605	0
TGME49_214930	0	0.01181963591	0.002451626839	0.04384482731	0
TGME49_240290	0	0.01925230275	0.01054391185	0.01425143963	0
TGME49_266372	0	0.01660480337	0.01249350785	0.02250780831	0
TGME49_314690	0	0.01173785155	0.007022229679	0.03909650369	0
TGME49_244590	0	0	0.004211729552	0.0453868219	0.0552319613
TGME49_210320	0	0	0	0.02383881996	0.1383543158
TGME49_314890	0	0.01024021974	0.01389076897	0.02951704192	0
TGME49_244350	0.01725852233	0.04199988661	0.03505960461	0.06279000683	0
TGME49_298840	0.1776700843	0.1178973777	0.1218219497	0.1322064079	0.21955071
TGME49_233500	0.009336716492	0.01557115232	0.02556024574	0.077693216	0.012644722
TGME49_301380	0.06020462215	0.1121766833	0.07324705386	0.1536859906	0.05140398416
TGME49_207820	0.09848948009	0.06913597712	0.1115674789	0.3054303045	0.3092777166
TGME49_314860	0.1474035717	0.2319399729	0.2060279346	0.1599115254	0.2005224605
TGME49_250800	0.3883739353	0.5831813943	0.4450908723	0.3979067866	0.1899809182
TGME49_258010	0.02302738662	0.04386502465	0.06101044814	0.05929053426	0.01269120559
TGME49_297180	0.1293250373	0.2106987532	0.1653149312	0.06406208839	0.5697629872
TGME49_286250	0.04398544007	0.04611136161	0.008827213322	0.01075511528	0.02545149949
TGME49_240520	0.01756701283	0.01731630928	0.03357513266	0.09515525629	0.04290558995
TGME49_234490	0.05672461629	0.1086455204	0.1076339526	0.08519934338	0.01025093044
TGME49_254335	0.01406330862	0.002425422705	0	0	0.04293676924
TGME49_313040	0.01307222608	0.02846883042	0.01616163965	0.08685541081	0.04094279816
TGME49_231215	0.01169261196	0	0	0.00805423396	0.02140793579
TGME49_215140	0.01323522311	0.008993854658	0	0	0
TGME49_202580	0.03566397713	0.09463696841	0.08293687682	0.0269838942	0
TGME49_278640	0.02297833696	0.06655164634	0.04435680054	0.04610987941	0.01430167064
TGME49_290682	0.01311142732	0.007588881885	0	0.005087024699	0
TGME49_266410	0.1080656825	0.1753509237	0.1631545595	0.1580201354	0.1049291734
TGME49_286580	0.02401824388	0.06628215752	0.04437318842	0.01612503142	0.21089279
TGME49_459840	0.3006992067	0.2520230953	0.1956244874	0.2880143715	0.2292816656
TGME49_309220	0.5223904357	0.4319926331	0.4165214961	0.3891516544	0.6774098671
TGME49_279430	0.8418320825	0.6038865943	0.7239315428	0.8807189532	1.146455208
TGME49_229420	0.2681144919	0.2303053958	0.1920240276	0.1699278929	0.2598385397
TGME49_245980	0.05108258881	0.02689085926	0.04360615961	0.003255432795	0
TGME49_230140	0.01657434105	0.002361921234	0.006563772383	0.004901004314	0.01322664538
TGME49_203770	0.01736248752	0.009294503964	0.002377800285	0.004453022243	0
TGME49_281500	0.01663531942	0.002564635683	0.009235890788	0.003152219519	0
TGME49_231860	0.01552471741	0.004511045795	0.004825155093	0.008552195018	0
TGME49_310780	0.9379894728	1.282333972	1.115005982	0.7601093755	0.2091355614
TGME49_315190	0.04943591567	0.1272521315	0.04783603428	0.03600670267	0.2358695738
TGME49_235740	0.1471040682	0.1790184454	0.1718270082	0.3287952188	0.2303299642
TGME49_209490	0.072615575	0.1666838692	0.0653776772	0.1221189984	0.07631316622
TGME49_204420	0.01938792254	0.03502294904	0.05868683881	0.0400498841	0.05149031293
TGME49_313820	0.2862171168	0.2089653154	0.2413092783	0.2523653973	0.1341842235
TGME49_261460	0.07031645287	0.06767586199	0.1246186804	0.1963239883	0.06388345392
TGME49_227370	0.01953704982	0.01460311139	0.06670014072	0.07662559099	0
TGME49_219270	0.5972456259	0.2776331409	0.490806018	0.386825507	2.674649838
TGME49_262170	0.04614626611	0.05690960775	0.09025451144	0.1246522557	0.02857688516
TGME49_266840	0.02638288494	0.03003365807	0.04041294927	0.1231459946	0.05961421909
TGME49_227980	0.02662575144	0.03821034932	0.05105173678	0.05264135399	0.1846031827
TGME49_219440	0.04006934645	0.06781492957	0.06553519108	0.09873512967	0.0355895486
TGME49_261760	0.04098775751	0.0266829765	0.07625560418	0.1356037719	0.122541294
TGME49_200240	0.1383787806	0.4574771103	0.06311561363	0.02135918094	0.008318197561
TGME49_239748	0.2275592239	0.2139422402	0.1386657583	0.1429620592	0.05689705217
TGME49_272380	0.2852261875	0.404093633	0.4177205631	0.2394848749	0.05020168673
TGME49_301120	0.04079202734	0.09551522613	0.03867440056	0.04903889413	0.2201307007
TGME49_205160	0.005439528232	0.03512075451	0.01167542172	0.03446642276	0.03217526266
TGME49_256000	0.4837844915	0.5375453906	0.4882361546	0.7708370016	0.7618472587
TGME49_208790	0.09498613418	0.06124619274	0.167720846	0.2183825677	0.21682693
TGME49_226068	0.2312520702	0.1876224624	0.1505845363	0.1807103885	0.213319374
TGME49_221480	0.1839100583	0.1864323492	0.1135136399	0.09529336285	0.08925033699
TGME49_315120	0.006358024127	0.02071777818	0.02780088565	0.03570252743	0.01255772196
TGME49_217010	0.1804951822	0.262253231	0.2285347768	0.257341414	0.1501640652
TGME49_261000	0.05105584061	0.01628929094	0.108420085	0.1775271364	0.05583840391
TGME49_263530	0.1446965432	0.2104432812	0.1887776608	0.2188028775	0.1597206701
TGME49_209970	0.0158633296	0.01939568091	0.03208814014	0.09157752325	0.07703380453
TGME49_284598	0.02834645475	0.03611561567	0.0617342966	0.09179122249	0.02693500745
TGME49_305600	0.02768879321	0.02273063854	0.04598754045	0.1204321017	0.1228016267
TGME49_221450	0.04688029681	0.09117161307	0.06264516956	0.103132517	0.05755206552
TGME49_244860	0.02870210237	0.02566628895	0.04319744071	0.1571840306	0.02440749573
TGME49_272550	0.02939518261	0.04768374073	0.05713765442	0.09231246186	0.02473188661
TGME49_241890	0.03149367945	0.06728130863	0.05819683252	0.07971361938	0.03011875669
TGME49_227920	0.6230810955	0.6501606918	0.7077933231	0.8102068805	0.8474871217
TGME49_275780	0.007548974205	0.02122985044	0.03428775249	0.02988309736	0
TGME49_306620	1.137436782	1.448989119	1.37144777	0.8450983601	0.3063204306
TGME49_320120	0.2946023733	0.4137748644	0.4174876097	0.2716064287	0.105729373
TGME49_240780	0.05110123768	0.04184174408	0.07687649023	0.1420999873	0.2162900929
TGME49_275630	0.05701021438	0.06516494736	0.1019339757	0.1201819666	0.2257683327
TGME49_268400	0.002756019044	0.0168000619	0.02023859906	0.02811571038	0.01389444862
TGME49_265450	0.2038206862	0.1768089236	0.272846292	0.3580884104	0.5774783671
TGME49_233340	0.003006484633	0.01482620395	0.02407723846	0.03413014317	0
TGME49_236560	0.1590282981	0.1013638313	0.07847200733	0.08283447006	0.4803480904
TGME49_288670	0.003162312907	0.01148008737	0.02481309735	0.03319805147	0
TGME49_247760	0.002971959385	0.00240831943	0.02531249167	0.03532983517	0.02316247136
TGME49_289200	0.003120693199	0.01145593541	0.01848571865	0.04048939855	0.01048869957
TGME49_208310	0.1660526071	0.1953089564	0.1952222398	0.3739155464	0.03392231267
TGME49_312470	0.06665497108	0.1060419774	0.1045958351	0.1077162939	0.04885420524
TGME49_288260	0.1757564654	0.1048494922	0.1184209274	0.1494827448	0.2591067811
TGME49_247420	0.2729521283	0.4322460489	0.3476765922	0.2412651589	0.1411632192
TGME49_235180	0.01254802053	0.03778565162	0.04431510008	0.03258186148	0
TGME49_216750	0.07964855573	0.1286173713	0.1012757264	0.1804326186	0.04017498381
TGME49_257945	0.03121450132	0.05480989097	0.06059031131	0.07817262944	0.04195452383
TGME49_313440	0.4908072984	0.3494847734	0.372571141	0.4467672452	0.8613987952
TGME49_273630	0.01219046165	0.0380316996	0.02742255767	0.05419555614	0.01475510235
TGME49_285290	0.03288284314	0	0	0	0.2238951698
TGME49_312105	0.009285608785	0.01581671424	0.03046628732	0.0664499286	0
TGME49_231460	0.0326055593	0.07180568845	0.04947893548	0.08622267005	0
TGME49_247930	0.01065907789	0.01752637682	0.03579278746	0.03155091401	0.08235594039
TGME49_273840	0.01367319622	0.04204842033	0.03309210017	0.03963021786	0
TGME49_235402	0.01061092333	0.03961785458	0.02565112042	0.03168921539	0.01939057245
TGME49_461000	0	0.02182702226	0.006834573367	0.01795932665	0
TGME49_265430	0	0.004929458136	0.01634555385	0.02880077223	0
TGME49_293460	0	0.01936111783	0.01156937229	0.009814570283	0
TGME49_265480	0	0.01866126215	0.004302695359	0.02365169407	0
TGME49_278020	0	0.007271882399	0.009433072625	0.0200273545	0.044843186
TGME49_246630	0.02391833337	0.04712369783	0.03988473309	0.08008567391	0.01396194619
TGME49_297160	0.09059963199	0.09667910225	0.2066137027	0.1096287545	0.01358240244
TGME49_275640	0.04628638499	0.1024865212	0.08056235022	0.05995474275	0.02759464526
TGME49_205040	0.06620226284	0.08975822334	0.09672935825	0.1433812892	0.1085940942
TGME49_249840	0.01465132782	0.02980996903	0.01998902532	0.07610241919	0.0348916011
TGME49_209770	0.06718180074	0.04639739108	0.02246772599	0.06652648356	0
TGME49_256990	0.1206328589	0.1923235238	0.1664202892	0.1796076274	0.04878774445
TGME49_252390	0.5957567294	0.5892375322	0.7955002694	0.80344009	0.1906947899
TGME49_277030	0.01817626166	0.02770902588	0.04885519661	0.06887579008	0.05790685815
TGME49_221950	0.2443996862	0.3165069695	0.3026529711	0.3306624951	0.2085051165
TGME49_243240	0.113733905	0.2144579519	0.1829184104	0.0741214752	0.02845920365
TGME49_461110	0.03391546081	0.01336610896	0.01385186842	0.01818365439	0.02801709956
TGME49_250680	0.02586685546	0.03827606232	0.06414930182	0.0537320972	0.008318197561
TGME49_217500	0.0530177191	0.07724291882	0.09463078072	0.134443298	0.04456981667
TGME49_202255	0.0257492091	0.0137033356	0.0136872494	0.004025738403	0
TGME49_264640	0.1836003484	0.1191211447	0.1633828861	0.1294844058	0.07796254426
TGME49_227080	0.02343156928	0.008806987707	0.009198810222	0.01537085019	0.01386409065
TGME49_244550	0.01874671573	0.03216548148	0.03774237674	0.08963041709	0.02751597588
TGME49_236950	0.4015928265	0.4414795885	0.3029859835	1.01338065	0.3246483034
TGME49_290630	0.03753115534	0.05764037938	0.06779114156	0.08238730295	0.07730897263
TGME49_293610	0.09810911412	0.1024967353	0.1458150542	0.2360922744	0.06552170471
TGME49_289910	0.04768000702	0.002603923957	0.009049984604	0	0.3286616238
TGME49_252230	0.01933842461	0.02900195349	0.04882808969	0.067007901	0.02647762065
TGME49_207170	0.5002825799	0.4020614703	0.5969181953	0.9379082883	0.6000061545
TGME49_243310	0.223678766	0.1677047353	0.17574472	0.1123079961	0.3651125843
TGME49_203220	0.1256841861	0.1876716186	0.1570269465	0.214243987	0.099895454
TGME49_225125	0.02855340833	0.06815799283	0.0504707221	0.07446073884	0
TGME49_267480	0.03024602119	0.06031772947	0.0500631741	0.09471374072	0.03684377451
TGME49_243390	0.02041772666	0.0233151274	0.05367819506	0.07495764047	0.03107573794
TGME49_250870	0.07034653871	0.1316960054	0.088437889	0.1222932835	0.147868093
TGME49_207770	0.1170754568	0.0571832472	0.1413156457	0.3201996752	0.4292985853
TGME49_239830	0.02713646785	0	0	0.003827270441	0.8949842874
TGME49_215380	0.1301296076	0.07108393105	0.06160262638	0.1702257476	0.1035678282
TGME49_214130	0.1723693142	0.09237390458	0.1095602175	0.1612592604	0.318685701
TGME49_278770	0.03501250541	0.06582471264	0.05718515735	0.1020903768	0.03780220896
TGME49_239620	0.07293092856	0.04049726776	0.06681412435	0.02262211909	0.01299074271
TGME49_295040	0.1237474888	0.1875585522	0.1814107913	0.1525197836	0.1188105282
TGME49_291310	0.1119158277	0.09011378932	0.1459137033	0.2304149829	0.4004714295
TGME49_225360	0.006213440211	0.02543897115	0.02672780523	0.02694177283	0
TGME49_222340	0.006544251115	0.02165012662	0.02690427779	0.0280593267	0.02839879361
TGME49_312860	0.07761277395	0.09595716454	0.1212428604	0.1544307272	0.1481375968
TGME49_207610	0.007133695627	0	0.002304183199	0	0
TGME49_311640	0.006797601373	0	0	0.003328780476	0
TGME49_263010	0.006589950053	0.001343648797	0	0	0
TGME49_234360	0.06764791963	0.06761749488	0.1014618505	0.1951701885	0.06863546109
TGME49_217170	0.007354571699	0	0	0.004678903306	0
TGME49_218390	0.007184267638	0	0	0.004846104244	0
TGME49_210815	0.006619769833	0.002357965258	0	0	0
TGME49_326100	0.006426671574	0	0	0.004137234585	0
TGME49_204010	0.006127575688	0	0.002315020714	0	0
TGME49_251855	0.0058712624	0	0	0.004604836761	0
TGME49_217810	0.005835171473	0.001940940889	0	0	0
TGME49_309150	0.005734243202	0	0	0	0.01299074271
TGME49_225250	0.04289250206	0.06497289588	0.08146066487	0.09543802389	0.04047605645
TGME49_241165	0.007153672076	0.002616869236	0	0	0
TGME49_306050	0.006184247239	0.002524007591	0	0	0
TGME49_203430	0.005990604147	0	0	0.004455421887	0
TGME49_209270	0.007321846319	0.02502468437	0.02070792792	0.03502425907	0.02377184164
TGME49_290240	0.05613371339	0.1319579091	0.05573774902	0.1104632671	0.025215642
TGME49_248640	0.1641985141	0.1120924128	0.1282316217	0.08979753465	0.1600624774
TGME49_314550	0.136452522	0.1047924312	0.1205110313	0.05104997397	0.07399151809
TGME49_262960	0.218535479	0.2938485206	0.3062983366	0.2708376767	0.09303044389
TGME49_253970	0.007634383172	0.02928655216	0.0173553149	0.0374868367	0.0127005609
TGME49_260500	0.4315763314	0.09711680826	0.1943347052	0.6187611593	2.458105544
TGME49_224290	0.02376700603	0.0994264093	0.02724808254	0.01458624668	0.01217990511
TGME49_262780	0.02295838725	0.01194448376	0.04203091331	0.06754717785	0.2807514354
TGME49_287270	0.01707018108	0.009781921653	0.04853235389	0.08703599004	0.009396425141
TGME49_267775	0.01770127874	0.03655525526	0.02942587628	0.07124860785	0.02561294658
TGME49_224190	0.0940490518	0.03829680235	0.05557852915	0.09061935992	0.1379333662
TGME49_216060	0.04292980538	0.08294533978	0.06778089903	0.1026669211	0.02663145886
TGME49_306080	0.01748533788	0.02425171763	0.03344249695	0.0818542034	0.04388336633
TGME49_306380	0.2019381529	0.2766623293	0.240845374	0.3194469206	0.1548349098
TGME49_214340	0.2763823022	0.3112526041	0.2920984007	0.5227219117	0.3492705249
TGME49_269940	0.04070885497	0.01423180097	0.02658655825	0.01289233027	0
TGME49_232590	0.1172766492	0.05129446202	0.1102974764	0.09064944732	0.06289282902
TGME49_245990	0.1334415253	0.1929174964	0.1177755425	0.2971169138	0.1162872944
TGME49_289720	0.01772977972	0.01582758401	0.002140755879	0.09571339302	0.2175738064
TGME49_213890	0.01343466326	0.05191423494	0.02805716199	0.03658083116	0
TGME49_247390	0.009532026318	0.02131866469	0.03538525721	0.04430606019	0.01025093044
TGME49_286590	0.09389370378	0.03727604531	0.01959286525	0.008281182516	0.6844649515
TGME49_274000	0.01303154932	0.01617346911	0.02762292994	0.07021072618	0.0770498944
TGME49_319940	0.02407415718	0.04133972274	0.04803012324	0.06901557819	0.02409056107
TGME49_217160	0.03638551691	0.01613310427	0.01785451226	0.02284460767	0
TGME49_246978	0.01285677719	0.03544791342	0.02292481897	0.04874012424	0.04546025463
TGME49_306540	0.009157027358	0.02096824614	0.02471072291	0.03988901028	0.06599956637
TGME49_222245	0.07562445657	0.1280352055	0.1293714016	0.1387656767	0
TGME49_280750	0.232645703	0.3301889209	0.2095059111	0.4850698886	0.09348220807
TGME49_206680	0.01369557897	0.01704611748	0.03384782646	0.08301068696	0
TGME49_308580	0.02656638835	0.07314809013	0.04181530042	0.08429982859	0
TGME49_208770	0.004225282851	0	0	0	0
TGME49_312635	0.004125596893	0	0	0	0
TGME49_235200	0.003874395069	0	0	0	0
TGME49_269860	0.00385232507	0	0	0	0
TGME49_265130	0.003754881641	0	0	0	0
TGME49_262540	0.003715666591	0	0	0	0
TGME49_320730	0.003710544096	0	0	0	0
TGME49_297065	0.00370037167	0	0	0	0
TGME49_207015	0.003695321302	0	0	0	0
TGME49_204510	0.003692804985	0	0	0	0
TGME49_459290	0.003653325565	0	0	0	0
TGME49_213860	0.003646082236	0	0	0	0
TGME49_234165	0.00362936923	0	0	0	0
TGME49_293368	0.003599007087	0	0	0	0
TGME49_203735	0.00358527974	0	0	0	0
TGME49_275798	0.003569484736	0	0	0	0
TGME49_322120	0.003542941145	0	0	0	0
TGME49_207250	0.003540758802	0	0	0	0
TGME49_299260	0.003514914699	0	0	0	0
TGME49_254850	0.003506438075	0	0	0	0
TGME49_247940	0.003465044421	0	0	0	0
TGME49_314485	0.003465044421	0	0	0	0
TGME49_239520	0.003448930734	0	0	0	0
TGME49_242390	0.003444940499	0	0	0	0
TGME49_240310	0.003423260454	0	0	0	0
TGME49_202090	0.003400108433	0	0	0	0
TGME49_320770	0.003400108433	0	0	0	0
TGME49_273510	0.003386835237	0	0	0	0
TGME49_231470	0.003375590498	0	0	0	0
TGME49_458670	0.003355283805	0	0	0	0
TGME49_247340	0.003329997068	0	0	0	0
TGME49_275590	0.003314059333	0	0	0	0
TGME49_219160	0.003310550512	0	0	0	0
TGME49_328800	0.003298362048	0	0	0	0
TGME49_272280	0.003288027414	0	0	0	0
TGME49_249520	0.003286314934	0	0	0	0
TGME49_314055	0.003172988075	0	0	0	0
TGME49_289840	0.003160796928	0	0	0	0
TGME49_459670	0.003151747926	0	0	0	0
TGME49_312240	0.003151747926	0	0	0	0
TGME49_221930	0.003136842046	0	0	0	0
TGME49_282020	0.00311199144	0	0	0	0
TGME49_271080	0.003083511979	0	0	0	0
TGME49_313520	0.003077910743	0	0	0	0
TGME49_284602	0.003040892262	0	0	0	0
TGME49_219348	0.002980796712	0	0	0	0
TGME49_235870	0.002971959385	0	0	0	0
TGME49_224040	0.002970703263	0	0	0	0
TGME49_257790	0.002855836788	0	0	0	0
TGME49_251958	0.002788864615	0	0	0	0
TGME49_261560	0.002759051482	0	0	0	0
TGME49_257800	0.002746978348	0	0	0	0
TGME49_225435	0.002744980736	0	0	0	0
TGME49_213840	0.002680349299	0	0	0	0
TGME49_253770	0.002674768483	0	0	0	0
TGME49_460140	0.002642849416	0	0	0	0
TGME49_291660	0.002642849416	0	0	0	0
TGME49_263380	0.002611101335	0	0	0	0
TGME49_255200	0.002602468491	0	0	0	0
TGME49_240610	0.002450547335	0	0	0	0
TGME49_273020	0.002360335828	0	0	0	0
TGME49_310090	0.002333663376	0	0	0	0
TGME49_225958	0.002095156716	0	0	0	0
TGME49_305280	0.001821296604	0	0	0	0
TGME49_291920	0.001775420083	0	0	0	0
TGME49_293425	0.001775420083	0	0	0	0
TGME49_205615	0.01391179126	0.027821676	0.03197299376	0.05882290532	0.02941435209
TGME49_249990	0.629196518	1.141204631	0.5813960781	0.3601601119	0.1784124587
TGME49_214990	0.01273950133	0.01989814677	0.04651331178	0.0467790005	0.02815727935
TGME49_311390	0.01394583845	0.01651458784	0.05955579287	0.03409641912	0
TGME49_309265	0.01683295143	0.03917334908	0.05750379616	0.04951429765	0
TGME49_212310	0.690085041	0.6133375879	0.6280556563	1.162027225	1.786147692
TGME49_202120	0.1230074749	0.03486911017	0.06813157585	0.1450774064	0.2495652471
TGME49_278050	0.1873657786	0.1261884993	0.1592021836	0.5197862227	0.5795633627
TGME49_307650	0.1680783017	0.1612636294	0.1853160781	0.4239399142	0.1446561691
TGME49_246760	0.02940799253	0.03390643823	0.09314511838	0.07689698673	0
TGME49_252420	0.01057925795	0.0453043787	0.02299323064	0.02427272167	0.007727326511
TGME49_224140	0.01760671026	0.01651963428	0.04589749165	0.09838735526	0.01860111242
TGME49_267300	0.2531598068	0.01998807445	0.1114970674	0.4001894679	1.18675808
TGME49_244840	0.3073533016	0.2467294715	0.2508146315	0.2529607059	0.2078593003
TGME49_260680	0.04640663529	0.01176264919	0.05437609012	0.2624661756	0.06235676679
TGME49_267700	0.1185234963	0.1719143923	0.1878810582	0.1511008864	0.0364942138
TGME49_218550	0.5171364137	0.5103451156	0.4445220903	0.3001501771	0.4229718127
TGME49_225450	0.02663928888	0.03538502237	0.02456868508	0.1417669335	0.05307549043
TGME49_201180	0.3910323498	0.4247332123	0.3656297603	0.1253035866	0.07506358126
TGME49_291860	0.03673622048	0.1095297696	0.06736737447	0.007744725099	0.1049483429
TGME49_310570	0.02659180839	0.03462499338	0.04738611211	0.09203394301	0.05866627222
TGME49_205120	0	0.01468241151	0.01184595586	0.01508524703	0
TGME49_218510	0	0.01924761968	0.009080433379	0.008401154338	0
TGME49_306550	0	0.01383891913	0.01360188688	0.008989307333	0.01204068101
TGME49_316130	0	0.009724407003	0.01882388816	0.0113314835	0
TGME49_316470	0	0.007375821446	0.01324807291	0.02346320476	0
TGME49_272490	0	0.009636127755	0.01130631736	0.02539603017	0
TGME49_211370	0	0.002559434533	0.009605090708	0.03120694256	0.01229799211
TGME49_269420	0.3744620001	0.281180613	0.3820957939	0.2421691374	0.1947536175
TGME49_314920	0.01949830194	0.03344310386	0.04198709962	0.07577956772	0.01461087283
TGME49_320760	0.02052164531	0.02012504618	0.0408156967	0.1072090178	0.02635877744
TGME49_262400	0.2690711236	0.5779016397	0.249197168	0.1557154968	0.04600411155
TGME49_266940	0.05891214332	0.1308594729	0.0772427133	0.07202921508	0.06864144395
TGME49_212820	0.02700886924	0.02621000208	0.05595240267	0.08791920933	0.04954283823
TGME49_254630	0.01868455167	0.01340025481	0.03308939415	0.1093307734	0.05379577162
TGME49_265530	0.4324327807	0.3446038864	0.3656960334	0.41267536	0.2364790744
TGME49_210345	0.05347387702	0.006766789025	0.0405584458	0.03113351289	0.1106821812
TGME49_213480	0.07012430141	0.09403502501	0.1380695601	0.1182185192	0.02447472348
TGME49_286720	0.05434291145	0.05430059714	0.1106072155	0.1272557729	0.07713147459
TGME49_208010	0.04448797053	0.06803447583	0.09008166685	0.09221855095	0.05686863726
TGME49_256700	0.0226003904	0.009432028552	0.008488422597	0.01303543098	0
TGME49_267490	0.03012699917	0.006712329244	0.01321672009	0.008511314738	0.07353745825
TGME49_273720	0.09534463473	0.0924032215	0.1273137687	0.2284964266	0.2053686328
TGME49_231120	0.05894148197	0.1231365407	0.03998846934	0.1487453866	0.06626075446
TGME49_253420	0.03643605765	0.04659032921	0.08589906104	0.08897717905	0
TGME49_236510	0.07825105807	0.03633688577	0.05109384981	0.0665037291	0.0480853918
TGME49_209690	0.1424997791	0.2000330209	0.1732579234	0.2162847262	0.2160162833
TGME49_279340	0.05913873724	0.04762951454	0.09806566062	0.1996491476	0.1076465538
TGME49_219610	0.047584984	0.1496824714	0.06110912874	0.01806837045	0.02896970728
TGME49_248400	0.1334636232	0.1424258642	0.1141969025	0.4117857029	0.1019941375
TGME49_209240	0.06914460976	0.03589284491	0.03351707241	0.04971747586	0.1029874524
TGME49_228300	0.03728866257	0.06981985658	0.04342539569	0.1172073292	0.02501246908
TGME49_310030	0.1122120389	0.09945539738	0.06547458552	0.07004711827	0.06301202461
TGME49_200400	0.05455483025	0.006108640715	0.02976549681	0.06321887341	0.08988271393
TGME49_236400	0.06537744019	0.1481324947	0.1185159308	0.04458915144	0.01168868862
TGME49_269910	0.0297754424	0.01424374459	0.01591066447	0.004542121536	0.02476954381
TGME49_316650	0.1325601437	0.06440924208	0.1079457761	0.1183414185	0.09090908031
TGME49_248830	0.02212346838	0.03227051296	0.0344796577	0.08118045188	0.1280237495
TGME49_228280	0.1247667012	0.1774499733	0.1499336093	0.236690074	0.09873830993
TGME49_247690	0.09066293841	0.05568357408	0.1274029343	0.2041004503	0.3740788564
TGME49_262530	0.05377051889	0.09117677582	0.1004621578	0.07043995633	0.06068027233
TGME49_316540	0.294791052	0.07089322987	0.1926871045	0.1695554659	1.762728476
TGME49_243265	0.005803605507	0.01638521768	0.02777341097	0.04735895263	0
TGME49_313560	0.3910621308	0.485560418	0.5525559742	0.3167023739	0.3372389985
TGME49_238995	0.06325930646	0.00921738036	0.03660252676	0.06238238906	0.1555126396
TGME49_258070	0.06613671761	0.07191276491	0.1022870782	0.1743740662	0.06641001408
TGME49_306520	0.04272801194	0.1006532072	0.05159013846	0.08701779388	0
TGME49_231040	0.006459134407	0.0506443678	0.01387597817	0.006729430249	0
TGME49_203260	0.006285823887	0.01586202409	0.04223014072	0.01320708985	0
TGME49_271870	0.0062203041	0.009599405041	0.01996359922	0.05524912406	0.02691344726
TGME49_460400	0.3771804746	0.3861001769	0.3475128826	0.715406768	0.7479697772
TGME49_283702	0.006735044383	0.005005013256	0.02045639006	0.07220909436	0.009396425141
TGME49_221500	0.1552983908	0.1109235486	0.1259721359	0.104568902	0.08804393733
TGME49_209080	0.006917439619	0.04674068461	0.01087311971	0.01134382171	0.01355402969
TGME49_217770	0.1103281912	0.2144311845	0.1683661476	0.0647337936	0
TGME49_213100	0.04354397734	0.07488972201	0.08809235635	0.05883025013	0.02004118132
TGME49_234420	0.06525963475	0.1216284766	0.09278303896	0.1092467389	0.01232801807
TGME49_263390	0.06996112259	0.05518373606	0.1033480931	0.2332434036	0.07011315175
TGME49_312230	0.1284588848	0.04837831665	0.1238991301	0.4557574985	0.3861212839
TGME49_207400	0.0675256755	0.09277873413	0.08429607435	0.1601577438	0.1181075289
TGME49_258625	0.01228459132	0.04009697669	0.03304679393	0.03198090702	0
TGME49_242415	0.02647765444	0.05261407988	0.04412427602	0.07668182578	0.06981949452
TGME49_250930	0.0133534962	0.06511894039	0.02077687692	0.01520275827	0
TGME49_203358	0.09925018934	0.1833906251	0.1202254182	0.1341597459	0.1116645211
TGME49_269950	0.1261848278	0.2059938025	0.1262105661	0.1816486636	0.2950387859
TGME49_236210	0.4152240588	0.5665867431	0.4238859057	0.5581165157	0.3211927694
TGME49_268985	0.01328608525	0.0651521691	0.02185090282	0.01411652647	0
TGME49_318170	0.2673820943	0.231580698	0.1873124065	0.2239669602	0.118396157
TGME49_207865	0.02625428394	0.04868813036	0.03648248633	0.07011886088	0.1158890855
TGME49_274060	0.4443453476	0.4056199295	0.4724308052	0.7373057214	0.946483775
TGME49_460280	0.9472899538	0.8362876843	0.6559969697	2.03865263	2.27455858
TGME49_220350	0.008853117298	0.008948697886	0.02323040619	0.08205473382	0.01553303668
TGME49_201110	0.05015599482	0.1061484571	0.06957572133	0.08836054782	0.04885293149
TGME49_265470	0.009388065761	0.03044502942	0.01913366547	0.04092300115	0.02884196281
TGME49_251930	0.00977577889	0	0.03897983186	0.06798166494	0.01355402969
TGME49_285810	0.06680998779	0.1017649756	0.1102126121	0.04081710399	0.3243559983
TGME49_313540	0.06417788348	0.08700142339	0.1186780165	0.1157742642	0.05209573105
TGME49_222240	0.002706832469	0.01692682368	0.02296662917	0.02160883773	0
TGME49_318350	0.002611101335	0.01597885521	0.01797666142	0.02115368662	0.02772457218
TGME49_230710	0.00243822786	0.01787319976	0.0155571745	0.02636048111	0
TGME49_218250	0.07079792342	0.1181251778	0.08605749664	0.1611197861	0.04610615214
TGME49_294920	0.01900055832	0.05210992277	0.0410882635	0.04202358715	0.01457549449
TGME49_249040	0.003001294132	0.001819492356	0.02705660683	0.04223929246	0
TGME49_268680	0.2582689603	0.3571478168	0.2713214365	0.2259757646	0.7254765884
TGME49_320750	0.002982065585	0.008320594239	0.01616097249	0.03067053352	0.04093595714
TGME49_201200	0.003315818192	0.01392487434	0.01804232484	0.03326188168	0
TGME49_254810	0.003456956806	0.01352609424	0.02479791277	0.02129863057	0
TGME49_297810	0.895217784	0.9102779365	0.923545661	1.23579981	1.027647317
TGME49_271888	0.1354157403	0.06296752364	0.1237192765	0.1176208365	0.01355402969
TGME49_266675	0.04493784631	0.03876582976	0.09354674679	0.1485780776	0.01206898291
TGME49_216920	0.09210110407	0.08956758858	0.07595557588	0.1932971435	0.5495073381
TGME49_210682	0.03062263193	0.107494988	0.04403216067	0.01349517929	0.007727326511
TGME49_254430	0.02721050852	0.009383451734	0.03192509781	0.1456648998	0.10973307
TGME49_247360	0.9033246254	1.145374054	1.105559824	0.6629114096	0.4900557988
TGME49_252295	0.09629746263	0.1048732388	0.123721123	0.2660058945	0.040206751
TGME49_227050	0.1229705304	0.08898082431	0.07393043866	0.07302307774	0.1658172403
TGME49_264690	0.03133357793	0.08508013409	0.04392521477	0.04540438286	0.04948848049
TGME49_262120	0.05212848162	0.07848529473	0.09734577661	0.1212026434	0.01392500731
TGME49_292055	0.02107001099	0.06355114326	0.0353524341	0.03249615947	0
TGME49_213710	0.08245669598	0.02319106114	0.04693322246	0.1133246839	0.0392447193
TGME49_243940	0.1378688946	0.1342775151	0.1100262584	0.02833923649	0.07833940029
TGME49_268580	0.0319223777	0.05014623217	0.06354607578	0.07501278066	0.0595611177
TGME49_234570	0.02136540207	0.01164746085	0.06373105355	0.1027069323	0.01276185419
TGME49_313430	0.04425531131	0.05110096256	0.05589687735	0.1640004896	0.05999075858
TGME49_294610	0.1068258101	0.05761131575	0.03059892703	0.01874750001	0.6702003054
TGME49_217600	0.04298494027	0.0900432643	0.0513814369	0.04309847725	0.208639222
TGME49_228690	0.08231600556	0.05092073523	0.02861062485	0.08576140003	0.06992468238
TGME49_298830	0	0.01375713983	0.01111570477	0.007828330382	0.01623705387
TGME49_225380	0	0.009825622554	0.01133674085	0.02221376709	0
TGME49_253040	0	0.00458748977	0.008922062474	0.02541950534	0.03103022939
TGME49_267520	0	0.009625189029	0.01182270768	0.02036192582	0
TGME49_208810	0	0.00440127933	0.01427374651	0.02485891052	0
TGME49_225413	0	0.006135198812	0.01106771284	0.02104749134	0.009760652442
TGME49_231090	0	0.009668229066	0.01567484859	0.01339254038	0
TGME49_262990	0	0.01299394023	0.006484793781	0.02073986611	0
TGME49_277060	0	0.008767556588	0.02134801335	0.004422197923	0
TGME49_293230	0	0.01212170019	0.008154755577	0.01846958381	0.012644722
TGME49_304660	0	0.006861181181	0.0157355523	0.01588493304	0
TGME49_258650	0	0.01402561758	0.004568099231	0.0148731624	0.02187222725
TGME49_215740	0.0432525294	0.08260367753	0.07113636424	0.0722782312	0.02734196579
TGME49_254730	0.02338190203	0.05081957297	0.06363031107	0.02861950693	0
TGME49_313760	0.1612711163	0.2550676618	0.2276376682	0.1041815424	0.2095108727
TGME49_256010	0.05832586971	0.05893036299	0.108701394	0.1205226497	0.1341290316
TGME49_246730	0.1353774283	0.2067587643	0.1305754861	0.2139656976	0.3065699105
TGME49_267610	0.04563742386	0.01580576725	0.01341300131	0.05710049931	0.04514423139
TGME49_220420	0.01899991063	0.002501292907	0	0.02215543147	0.02438314819
TGME49_286928	0.03976473078	0.0657932534	0.05169824319	0.09245202212	0.08903061637
TGME49_214480	0.03742651632	0.03763236521	0.06340919016	0.08555258077	0.1558892179
TGME49_249560	0.01977055094	0.002693375329	0.01213553337	0	0.03965992803
TGME49_289820	0.1183884741	0.05630011124	0.0861875365	0.1339828066	0.05959857078
TGME49_260470	0.1265844419	0.1790495718	0.1514510986	0.2035813218	0.1507079148
TGME49_294740	0.07403894322	0.08765971749	0.08588594943	0.2104098579	0.1417285647
TGME49_306040	0.1981678251	0.1761843373	0.1229636781	0.1958848778	0.1014223625
TGME49_310850	0.0163449208	0.02173369988	0.03977784826	0.06760496459	0.01846811501
TGME49_318440	0.1657460126	0.2570873182	0.257684487	0.1227314746	0.1034071778
TGME49_207940	0.136201867	0.1667214063	0.1628566499	0.2963204088	0.05319678563
TGME49_320515	0.128112113	0.02847888327	0.0907559739	0.04716908759	0.6435364334
TGME49_273780	0.01673831912	0.04093608379	0.03651044895	0.04000278952	0.04183551353
TGME49_318720	0.02378624535	0.02223592501	0.02943380232	0.1279337128	0.03013605515
TGME49_203390	0.298220629	0.2661913192	0.2239882902	0.1259633983	0.5341170801
TGME49_216130	0.2870225106	0.2598283085	0.2803108071	0.5894307769	0.6290372544
TGME49_312050	1.079361586	1.059874741	0.9245605958	0.8788474031	1.111783856
TGME49_207430	0.07222808947	0.125249763	0.10546216	0.1146911633	0.028969973
TGME49_211860	0.07511485227	0.0410426676	0.04068212774	0.06097830915	0.07546956952
TGME49_203700	0.1236588982	0.03591064804	0.06940249466	0.1756815395	0.2298196581
TGME49_236000	0.01747337915	0.05181619659	0.02706082593	0.05179178397	0
TGME49_247630	0.02543907545	0.07593203557	0.04570408374	0.03563384198	0
TGME49_227100	0.01236088925	0.09522011779	0.007186277036	0	0
TGME49_248740	0.7012269409	1.047657868	0.6220008249	0.7779146396	0.5195371536
TGME49_218730	0.08822121849	0.1242201557	0.1230762682	0.1479560492	0.2003603826
TGME49_202480	0.05577449167	0.07363580994	0.07677266816	0.1670661902	0
TGME49_240500	0.1808663369	0.0810933462	0.1489141561	0.2190246527	0.08135908143
TGME49_203300	0.1836856606	0.3888370128	0.1913460249	0.113921428	0.121067304
TGME49_278630	0.01185102367	0.02498128731	0.038029065	0.05090718805	0
TGME49_294270	0.02529413672	0.04190575112	0.04975249079	0.06990853512	0
TGME49_227850	0.006511402038	0.02624624706	0.02514056534	0.02242658171	0.01036805374
TGME49_244680	0.04952318636	0.01789380676	0.03173371558	0.04677192383	0.02497274007
TGME49_239070	0.04524031262	0.09920744048	0.06138331272	0.09328569996	0.02525837784
TGME49_205430	0.01198366595	0.0192607041	0.02942753422	0.07415874113	0.01276185419
TGME49_229460	0.006851110653	0.02812833626	0.02079451042	0.02528490515	0
TGME49_242010	0.017906253	0.04618846183	0.03923770919	0.0506352892	0.01232801807
TGME49_238260	0.006911863749	0.01805461885	0.02615031256	0.02479844909	0.02497297909
TGME49_273490	0.02666458421	0.04734126019	0.01311140946	0.1388729974	0.03990825979
TGME49_232030	0.2664155668	0.5716148506	0.1237351086	0.06787171377	1.18917989
TGME49_255680	0.01366072989	0.01132291324	0.03073353489	0.07940871615	0.008725886966
TGME49_281920	0.107869313	0.1403099551	0.1715348272	0.1727803347	0.02955290742
TGME49_239680	0.01870436455	0.0298078714	0.04949052385	0.06686216217	0
TGME49_280730	0.1174178701	0.1291017882	0.1260074899	0.2858538122	0.2141227157
TGME49_254635	0.04672129384	0.04649374721	0.02227055174	0.007603985999	0.02648923869
TGME49_251730	0.01394686177	0.02553396004	0.04079520832	0.02883308978	0.03881999998
TGME49_258420	0.009836847449	0.01743924372	0.02365232033	0.06244967177	0.01346995241
TGME49_311360	0.0831176538	0.0514141976	0.1145269159	0.1954417134	0.4068956077
TGME49_251400	0.01924949143	0.05957468982	0.0255405429	0.05281987229	0.02378540245
TGME49_250090	0.01899606325	0.05894465502	0.04599980731	0.02582160104	0.009760652442
TGME49_243290	0.01882478887	0.03377747432	0.04092828771	0.03789806847	0.1336597587
TGME49_211450	0.009401006997	0.03002058104	0.01860305826	0.04515875022	0.01400541728
TGME49_202470	0.06164813054	0.126261379	0.0731679936	0.1119120113	0.02904978469
TGME49_314540	0.02965279444	0.04667239789	0.045530064	0.07806820455	0.07766506969
TGME49_245640	0.3265186531	0.1610597823	0.1910494547	0.2991338969	1.296292374
TGME49_205150	0.07049320402	0.03975025011	0.04956121242	0.04931141118	0.01168868862
TGME49_207150	0.07900340478	0.01662419017	0.08356380776	0.347928388	0.2092712605
TGME49_209190	0.08060236654	0.1067728273	0.1602456624	0.09100412323	0.01355402969
TGME49_224920	0.01017266134	0.01405593712	0.02580475704	0.04956864419	0.06195533005
TGME49_217830	0.06612426846	0.05248879645	0.03045454484	0.03345658376	0.06105112974
TGME49_310110	0.02838821985	0.04934765687	0.02897189359	0.09516259669	0.05696453942
TGME49_264040	0.4897253783	0.4849034665	0.4230075565	0.8138832388	1.306202482
TGME49_240247	0.03473688148	0.006934686621	0.004685200859	0.01695391727	0.1657591483
TGME49_222948	0.1414558567	0.08270740103	0.1203812955	0.06549869526	0.1793664574
TGME49_282090	0.06978779425	0.02048638998	0.05167842853	0.08326109158	0.04225819015
TGME49_281950	0.07148667977	0.1271533323	0.1074099906	0.09718029534	0.05721991159
TGME49_244335	0.02070362476	0.07136342464	0.03427527732	0.04067570707	0
TGME49_200320	0.1193832227	0.2173908006	0.1450076067	0.1632926645	0.012644722
TGME49_202300	0.03684626589	0.07215960982	0.0541379514	0.09269096052	0
TGME49_203175	0.03497540033	0.02232727336	0.007193535805	0.01985303753	0.06354103832
TGME49_290005	0.1514336499	0.06479202181	0.1793786868	0.456530965	0.3378268482
TGME49_250010	0.05708406715	0.03956101703	0.08061024676	0.2040133505	0.1044946694
TGME49_220090	0.05576997878	0.06825659154	0.04425413215	0.1760812145	0.1622327441
TGME49_267650	0.003096229012	0.009882591608	0.01628865568	0.02070763842	0.05094287172
TGME49_257640	0.00306404168	0.02528638172	0.01231493234	0.01852096948	0
TGME49_243530	0.002872750983	0.01283445208	0.0173497878	0.0258366336	0
TGME49_257910	0.0598282561	0.1072694664	0.1184719466	0.05934263163	0.01575351087
TGME49_203600	0.6410194059	0.6791867051	0.6193624789	0.2652063101	0.2659313909
TGME49_263730	0.03444050196	0.02969818662	0.06168546896	0.1029987065	0.08570387398
TGME49_295380	0.04762290407	0.1083214196	0.07392694076	0.06854267761	0.01461087283
TGME49_293810	0.344155049	0.1496393985	0.7151425588	0.4728825994	0.02524092081
TGME49_289770	0.2835483187	0.2345187454	0.1861551472	0.2697314668	0.295665757
TGME49_310960	0.1891840298	0.1812250646	0.1907994934	0.4480582707	0.2080987482
TGME49_295310	0.04647282716	0.07702360145	0.05678082587	0.1309189947	0.05491713899
TGME49_215290	0.1114935559	0.1396583929	0.1739730471	0.1834322595	0.04879958481
TGME49_213870	0.07929859503	0.0229212346	0.04424583234	0.06982935579	0.177686177
TGME49_279100	0.9357064997	1.186869525	0.8443538348	0.3058207818	0.1746359749
TGME49_231190	0.02435770607	0.04382379114	0.04872099	0.07298041352	0.03707648363
TGME49_248360	0.4482585115	0.5020727258	0.4793164155	0.6798569987	0.5010178455
TGME49_310560	0.01766513381	0	0.00455363139	0.01467329087	0.01168868862
TGME49_240660	0.04423612409	0.1003131767	0.05691201453	0.09410842632	0.02398641844
TGME49_249900	0.8541229646	0.8589677802	0.9398345767	1.278040483	0.4078570068
TGME49_311070	0.1441698541	0.1514192324	0.1875334124	0.3295440366	0.07629803793
TGME49_299810	0.08813384243	0.07447188982	0.1324733073	0.2244201101	0.1344174598
TGME49_317720	0.147412762	0.123776519	0.1338995611	0.360965992	0.5126721319
TGME49_309250	0.1137306535	0.219387057	0.1582499674	0.09142027527	0.03504907526
TGME49_207420	0.168159766	0.2842746132	0.2108575858	0.1477465591	0.1365279417
TGME49_299995	0.01762825087	0.01194454878	0.00225990462	0.004667682103	0
TGME49_314875	0.0166206488	0.02506014959	0.03137163164	0.06728525346	0.05066064286
TGME49_290980	0.0153386458	0.004454291047	0.004091955868	0.009271911653	0.01117838218
TGME49_293280	0.1080825472	0.07597775779	0.08599438432	0.06185716866	0.05300116591
TGME49_205220	0.07295369359	0.1184011103	0.09551273987	0.1541629465	0.04139115267
TGME49_292200	0.2353331289	0.2338907262	0.3289531493	0.3759910024	0.1697970673
TGME49_253810	0.1015642361	0.04434637671	0.0931569488	0.07818937803	0.03850053896
TGME49_266800	0.02676229258	0.0535897707	0.03793517467	0.09271890768	0.01434173802
TGME49_221700	0.09492466135	0.09874984535	0.1306325203	0.2230081274	0.08022767301
TGME49_202900	0.2630888497	0.3054636474	0.3782864155	0.383942805	0
TGME49_264450	0.05204110162	0.1010054942	0.08853040645	0.06411092675	0.02393398987
TGME49_297340	1.012692463	0.7824381069	0.9667951524	1.090300423	0.65493689
TGME49_244420	0.05736012772	0.1141211101	0.05892819395	0.1319512707	0.04918488388
TGME49_231430	0.120091254	0.07041018752	0.2158145452	0.3222860197	0.03300722523
TGME49_312190	0.05021894217	0.05710122408	0.09068273433	0.1353144199	0.01718544922
TGME49_268710	0	0.01414261091	0.008159836114	0.008776290867	0
TGME49_213600	0	0.01235061923	0.01162655832	0.007862112266	0
TGME49_458060	0	0.01150160635	0.008896360257	0.01269499183	0.01527298289
TGME49_236280	0	0.02195919361	0.004475275978	0.003369274034	0.012644722
TGME49_257000	0	0.002013829629	0	0.04906382081	0
TGME49_297150	0	0.0043719632	0.00851316246	0.02585134578	0
TGME49_285180	0.09610434878	0.10103606	0.1882314912	0.07620458132	0.259936314
TGME49_238060	0.1613800755	0.1423757508	0.1548619381	0.04176688755	0.03905779598
TGME49_278750	0.08054023217	0.0304567962	0.06902102966	0.06154941539	0.06270046712
TGME49_251550	0.02894658469	0.07863356045	0.03129626634	0.07586181091	0.0268734866
TGME49_211250	0.2454250675	0.1568225503	0.1600231071	0.2915903418	0.3409084912
TGME49_271910	0.03874966491	0.02112892891	0.02273092023	0.01512073906	0.03005541205
TGME49_247195	0.2299844494	0.2075505599	0.1176440887	0.1659443256	0.3800115404
TGME49_221720	0.02750112338	0.03871378314	0.04151507506	0.09082792932	0.07158012023
TGME49_285720	0.05345379867	0.09446132023	0.08109333703	0.1072926577	0.04518516449
TGME49_232160	0.5115556231	0.3827849071	0.5870896638	0.286469722	0.31954705
TGME49_216055	0.05377615367	0.0456374749	0.08404655695	0.1594730918	0.06569496546
TGME49_297270	0.01758779612	0.01789781773	0.0433855273	0.09817990848	0.01117838218
TGME49_203510	0.04765632614	0.04259402702	0.05979000094	0.1238789241	0.2461717177
TGME49_305900	0.05773203204	0.05913862538	0.04825970888	0.2097341595	0.107887115
TGME49_219550	0.2549703859	0.3606441546	0.293141511	0.3190472276	0.2380257176
TGME49_220530	0.01306079066	0.03064823156	0.02563036784	0.04328108457	0.06881104802
TGME49_201140	0.0455823928	0.07054166219	0.06026626888	0.1073511344	0.093666955
TGME49_320620	0.03243690543	0.02822978378	0.06927317938	0.1059576344	0.02621422139
TGME49_285660	0.01247784918	0.0271816358	0.03254660834	0.04936944972	0.01863429098
TGME49_205300	0.03473976207	0.07349023662	0.03599183366	0.05886968383	0.1883767854
TGME49_273445	0.0137205552	0.04012791172	0.03806524403	0.029475586	0
TGME49_206390	0.03528800829	0.08071864358	0.05461808396	0.04622481716	0.04070025542
TGME49_270800	0.04006548555	0.1008283225	0.06671110391	0.03458021242	0.01392500731
TGME49_266140	0.2449410605	0.1551404252	0.1744416693	0.2594532752	0.357379175
TGME49_307480	0.01334320087	0.004622781475	0.0229012546	0.09546728086	0.05737899859
TGME49_213445	0.006456837653	0.01707968155	0.02583658052	0.0361083522	0
TGME49_261010	0.08186715836	0.03522424358	0.09553977132	0.2510194366	0.3354247284
TGME49_280700	0.1564229999	0.1087053441	0.1560600059	0.05456134878	0.04255866614
TGME49_258980	0.006504904821	0.02591527114	0.01753580097	0.03227998587	0.01367439393
TGME49_232780	0.02817067357	0.006813513627	0.002140755879	0.01106568239	0.1346952508
TGME49_211410	0.005946465628	0.0160752392	0.01667868858	0.04306577696	0.01453338861
TGME49_260270	0.01367636968	0.001864670482	0.03064986035	0.07584444498	0.08433468507
TGME49_215080	0.06907009532	0.09595060906	0.1088620453	0.1301042564	0.06927375998
TGME49_234200	0.006139869414	0.0157542182	0.01889268129	0.04178880763	0
TGME49_216440	0.07335815244	0.02343917592	0.05421975377	0.06194685864	0.05866101181
TGME49_212955	0.008799953397	0.02903662762	0.01410839415	0.05278977502	0.02654399258
TGME49_309390	0.01364982647	0.01007205755	0.02450894642	0.0901235092	0.01317951064
TGME49_232610	0.01852821512	0.02869945052	0.03809477786	0.05110860807	0.08220896934
TGME49_295090	0.07512286857	0.08701923977	0.1167855559	0.1581716839	0.06753645764
TGME49_233860	0.007065396769	0.01948275915	0.02550129094	0.02936057635	0.008725886966
TGME49_211330	0.007203467765	0.01547405726	0.02944740882	0.02501494532	0.009396425141
TGME49_276230	0.006994475972	0.01692856617	0.01876534485	0.03231475458	0.02786650137
TGME49_301310	0.009558102827	0.01606822275	0.03964561755	0.02587885151	0.04558915899
TGME49_218840	0.04882482784	0.009834630244	0.02639091971	0.0390768279	0.06734753762
TGME49_203980	0.1959722302	0.2914299801	0.2048916075	0.2871267025	0.2186489419
TGME49_313960	0.009047955522	0.01735729063	0.02054021281	0.05656759919	0.03597276166
TGME49_225800	0.008947382426	0.02107934642	0.02635193938	0.0423628099	0.02326036319
TGME49_266670	0.009801800894	0	0.002076901581	0	0.02144934106
TGME49_295710	0.2634701999	0.3075645105	0.3093799087	0.4523126292	0.1946515773
TGME49_244930	0.009739344308	0.002061593714	0.003887323145	0	0
TGME49_301440	0.4701040656	0.5465785986	0.2902832011	0.2760030361	0.6375102213
TGME49_266970	0.01005132457	0.004370006204	0	0.003825760629	0
TGME49_264770	0.06837689989	0.03836325762	0.09734577015	0.2491110122	0.01232801807
TGME49_231130	0.01041663083	0	0.00486178664	0.00332368387	0
TGME49_267290	0.009736226021	0	0.002140755879	0.004878142644	0.01630733942
TGME49_253830	0.087210957	0.1444303178	0.09716709776	0.1884206107	0.08408876234
TGME49_268990	0.009070971117	0	0.004293694964	0.00375669269	0
TGME49_226490	0.008575240803	0	0.004599975965	0	0.01064475617
TGME49_289350	0.02133182116	0.0178585285	0.06558618167	0.073238786	0.02547214452
TGME49_232980	0.009035496064	0.002434125895	0.002371857156	0.004242162909	0
TGME49_271370	0.009511282657	0.002434125895	0.002331596411	0.004092261693	0
TGME49_215385	0.009774557049	0	0.002174506711	0.009046631575	0
TGME49_201190	0.05714499924	0.1056473833	0.07558908643	0.09280419277	0.07829086697
TGME49_204050	0.01072258008	0.06310226359	0.01312493881	0.003422101409	0.01274290476
TGME49_263580	0.0505429481	0.0305321491	0.01716759479	0.05281509177	0
TGME49_263660	0.01336475624	0	0	0	0.06414456402
TGME49_243545	0.01058551216	0.0290505075	0.02671357768	0	0.09987825205
TGME49_258020	0.01470236124	0.002471537609	0.002524735522	0.008274044062	0
TGME49_231770	0.0137618563	0	0.002242456965	0.009219023216	0.02599187251
TGME49_323500	0.01279542543	0	0.002480327964	0.01455244488	0
TGME49_217670	0.0222876056	0.04523999193	0.04615364962	0.05425217081	0.0230275576
TGME49_206570	0.01344941512	0.002509325817	0.007205657426	0.002017193679	0
TGME49_294570	0.01333523681	0.002491766795	0.002880145879	0.01175750913	0
TGME49_220860	0.1303878912	0.1753071433	0.1772406046	0.21004609	0.1350012732
TGME49_251790	0.02166943725	0.04574759388	0.03664831549	0.06266319322	0.04727578894
TGME49_310070	0.04083623809	0.03508060961	0.04361762909	0.1288138567	0.2061703029
TGME49_232690	0.08715794874	0.04887487745	0.0499775152	0.07833288228	0.04346607772
TGME49_267855	0.0582769982	0.02106612648	0.04088869351	0.04849948069	0.01317951064
TGME49_278518	0.0239725887	0.00685820894	0.01306828734	0	0.03009531208
TGME49_224880	0.02211645482	0	0	0	0.1519013755
TGME49_320015	0.01479808768	0.01777371055	0.04271739668	0.07551086669	0
TGME49_295990	0.154331303	0.09474780692	0.1522891554	0.09578075227	0.07559861531
TGME49_232720	0.2075502684	0.2467837106	0.2100170457	0.4160625205	0.2158664997
TGME49_214320	1.561977295	1.454693206	1.628966408	1.280376675	1.042926685
TGME49_230380	0.745540361	0.3715397084	0.5600349754	1.129496959	1.636735836
TGME49_202450	0.07282006118	0.063318205	0.07501890588	0.2239522825	0.1472571852
TGME49_239630	0.06512914795	0.04345015219	0.04465061903	0.02936320332	0.03169364629
TGME49_244180	0.00253933119	0.03976399961	0.006814206386	0	0
TGME49_260640	0.08921399737	0.06480934188	0.05228512373	0.04715766514	0.07237449189
TGME49_300990	0.003274406099	0.03170504492	0.008825748301	0.01228168406	0
TGME49_209640	0.00292171345	0.01907919456	0.01499270177	0.01156071357	0.02447763468
TGME49_268560	0.01624906477	0.04266246904	0.03965514587	0.02852959323	0.01322664538
TGME49_309280	0.003291460874	0.02412094787	0.007129866938	0.0274213547	0
TGME49_294020	0.02141119	0.002514187596	0.01597595165	0.00762073423	0.03024284147
TGME49_313900	0.2954217768	0.1778249941	0.2852838238	0.1701078978	0.6233459932
TGME49_258640	0.003388721151	0.02350192247	0.01313361276	0.0163819413	0
TGME49_255970	0.02068041092	0.01847353285	0.009193301679	0	0
TGME49_289000	0.003538580932	0.002460869801	0.02817649524	0.02748827363	0.01448473704
TGME49_221620	0.1254533678	0.04424729164	0.05184958789	0.182843556	1.935630217
TGME49_308950	0.3800579574	0.3190998387	0.5946748047	0.5318503434	0.1006502478
TGME49_321560	0.1069366533	0.1592103757	0.143563149	0.1628363682	0.07962613158
TGME49_298820	0.03702774432	0.05563190783	0.03496973714	0.1242436706	0.1618495713
TGME49_206500	0.003624641631	0.01105664007	0.01615746468	0.03330482134	0
TGME49_281370	0.003744284097	0.0146782222	0.01856551776	0.02492916756	0
TGME49_313910	1.179247651	1.521030303	1.363081219	0.8220835343	0.7359511908
TGME49_267800	0.5619584448	0.3051207469	0.4062974918	0.8104458436	1.016633358
TGME49_214170	0.06578792759	0.0656908635	0.09755405553	0.1698020629	0.1355269967
TGME49_311090	0.05349396949	0.03846330959	0.0776520756	0.1355038896	0.2302180231
TGME49_226950	0.1058866749	0.115171788	0.1831280668	0.183516425	0
TGME49_277870	0.05482135707	0.1227907252	0.07232958034	0.05436925562	0.02847505703
TGME49_272350	0.01689871026	0.02835321339	0.02523274736	0.07764353514	0.02439668387
TGME49_247580	0.03213977234	0	0.01153594565	0.02784615418	0.09855527152
TGME49_252270	0.01733348918	0.02093807668	0.03617281905	0.07308046108	0.02780545487
TGME49_207130	0.04660807581	0.004708071348	0.102222265	0.1784289316	0.01104236382
TGME49_204100	0.03597933712	0.04534065738	0.05210065853	0.1277944437	0.03732586008
TGME49_239500	0.09578624309	0.04887470024	0.1357402179	0.2960333123	0.1475036229
TGME49_244700	0.4592317215	0.4873322894	0.6730733619	0.4590644602	0.1489465101
TGME49_209720	0.07849183046	0.05679499755	0.1384875677	0.1759629051	0.1293348827
TGME49_204310	0.1334068056	0.1259976724	0.1958192295	0.2511748891	0.1368833367
TGME49_286050	0.03655895481	0.02433348906	0.06598183911	0.1425799849	0.02694807742
TGME49_300260	0.09122872524	0.1400939568	0.1115739556	0.1860008645	0.07102702813
TGME49_228750	0.01869988851	0.02246968756	0.04898958019	0.05346612437	0.05727710942
TGME49_209460	0.01184686722	0.03255170571	0.03290181631	0.03684393579	0.01328492851
TGME49_230690	0.1404312523	0.1331181487	0.175827472	0.2680802419	0.2732282474
TGME49_231020	0.04067833544	0.06384432008	0.05079519065	0.1111145681	0.04792879121
TGME49_211390	0.0124025171	0.01372827967	0.0342700442	0.06057161275	0.02047915438
TGME49_245435	0.0129184906	0.02867284157	0.03639421783	0.04053496189	0
TGME49_288540	0.05966311353	0.05104818923	0.04846921573	0.2092539446	0.313595471
TGME49_253290	0.01317807283	0.02459521129	0.03763607971	0.03988272408	0
TGME49_265820	0.02018816508	0.04484852237	0.03795228795	0.05322935631	0
TGME49_258090	0.07716714533	0.02862068024	0.05264490517	0.05020263468	0.1427351041
TGME49_263430	0	0.0102711808	0.006702522343	0.02125899119	0
TGME49_269000	0	0.01336039405	0	0.01250371559	0.03802031204
TGME49_262940	0	0.01697980061	0.0023974665	0.003117407896	0.0373611709
TGME49_272320	0	0.008803448275	0.005291836878	0.01938033464	0
TGME49_211660	0	0.01822432749	0	0.007779105758	0.02432156901
TGME49_246750	0	0.005101789006	0.009136166379	0.0167515629	0.01547307088
TGME49_250080	0	0.005971634956	0.01883749505	0.003665499234	0
TGME49_251665	0	0.01823843838	0	0	0.05741706716
TGME49_307470	0	0.009784349298	0.00427583849	0.02185995471	0
TGME49_311740	0	0.01166329804	0.004716078588	0.02010352321	0
TGME49_278910	0	0.009148626088	0.01611168858	0.004999801371	0
TGME49_202720	0	0.01380319183	0.004224163953	0.01344257395	0
TGME49_297170	0.01276886109	0.006878659394	0.04470436934	0.06074023277	0
TGME49_225910	0.05604635708	0.1100725926	0.06001704949	0.09688903514	0.08959007929
TGME49_299040	0.1360474418	0.09891881352	0.215149906	0.2346042484	0.2801606443
TGME49_310520	0.02070979357	0.02429597119	0.04033661703	0.1043871071	0.01269120559
TGME49_297320	0.1340402635	0.07309195971	0.08181879711	0.1593452376	0.1432259592
TGME49_207060	0.1125950036	0.05643984965	0.0961400155	0.4306994872	0.2164031336
TGME49_230440	0.04448263259	0.06506443047	0.0876452188	0.08359426824	0.0252427183
TGME49_206540	0.1496922215	0.2665350039	0.164776801	0.2001308968	0.04067406007
TGME49_244910	0.06207240163	0.04352754057	0.1111730901	0.1614359845	0.1023275824
TGME49_247020	0.1983996505	0.1901708783	0.2254564238	0.3934855798	0.2787207416
TGME49_223000	0.07780221498	0.01825551613	0.06366818935	0.2212856614	0.6633832345
TGME49_311680	0.09048617708	0.05020443023	0.1109370366	0.1623009632	0.5569479797
TGME49_288350	0.2778235926	0.4074913654	0.3067279333	0.3232944536	0.1752790427
TGME49_215490	0.4291969166	0.5181153375	0.3857178687	0.6608004656	0.6132236103
TGME49_220390	0.09896906152	0.0524787801	0.07299621603	0.1023484668	0.07863223169
TGME49_294812	0.008648960674	0.03713874495	0.006869826854	0.05242617344	0
TGME49_270720	0.02251621032	0.02568971187	0.0348671022	0.09503756554	0.07547122243
TGME49_310250	0.006804306236	0.03603411566	0.01709111414	0.0135274054	0
TGME49_248280	0.5946671774	0.6112491156	0.5236389124	0.4127109934	0.182309616
TGME49_229405	0.009433523224	0.0109709598	0.03369181754	0.04811889523	0
TGME49_311440	0.1753545394	0.1453478528	0.2313140817	0.3537537928	0.183494603
TGME49_229180	0.07863540725	0.1264098834	0.1100436669	0.12886668	0.0371408934
TGME49_262935	0.009783684196	0.01152701409	0.02922457564	0.0563763387	0
TGME49_270190	0.03600762547	0.004859525727	0.02520783447	0.009586805187	0.09716352317
TGME49_241880	0.1565605766	0.1551598932	0.1808623671	0.3795273127	0.1275358879
TGME49_297640	0.007871891549	0.02343356041	0.02760050606	0.01461035238	0.01129521284
TGME49_236160	0.1311031383	0.2336669684	0.1684466044	0.1509123632	0.02438732856
TGME49_306630	0.1116606197	0.08553457887	0.1008287934	0.0643511662	0
TGME49_460120	0.01029966297	0.02264506022	0.02008700121	0.03860977913	0.04703034207
TGME49_300350	0.09126152254	0.03884871019	0.06237411358	0.0574982067	0.2076755615
TGME49_240860	0.108364	0.07985618355	0.1153408753	0.2315498926	0.4326753553
TGME49_249260	0.08000895919	0.06063357691	0.09742066039	0.2742942402	0.05188514701
TGME49_208410	0.05745651867	0.09910321686	0.08085626047	0.1108477504	0
TGME49_246510	0.04099485504	0.04393207309	0.06272233031	0.1280266305	0.09358099989
TGME49_272370	0.6282765548	0.3193195337	0.8345189422	0.5800185027	0.04064723338
TGME49_222370	0.6989547259	0.2139725072	0.8486315436	0.9302141998	0.608890991
TGME49_213300	0.01481343294	0.03786233281	0.03728213851	0.04757523312	0
TGME49_291330	0.1749905061	0.1417591698	0.1929405367	0.3954434499	0.3849473789
TGME49_321540	0.2166671899	0.3156443278	0.2484004373	0.244686841	0.1968413199
TGME49_242070	0.7393694191	0.6571752167	0.5997152975	0.6230932163	1.125970644
TGME49_209520	0.05525293378	0.1149060468	0.07208384858	0.05465279858	0.04097410805
TGME49_232960	0.1192419522	0.2163092567	0.1535930997	0.1063941757	0.1184028401
TGME49_221410	0.03202165246	0.05353101367	0.06709116267	0.05350024671	0.0574517687
TGME49_285230	0.06220980555	0.07987593436	0.07747360017	0.1486352707	0.09473703018
TGME49_275490	0.06290992165	0.06293733221	0.09603547987	0.1967524764	0.008318197561
TGME49_271740	0.0691730017	0.08429148598	0.1052007497	0.1459008187	0.03682493923
TGME49_290290	0.1333259616	0.1166970724	0.1288288924	0.2870509438	0.4723113294
TGME49_235730	0.09903917937	0.1398353656	0.1354892266	0.1516387578	0.06875928057
TGME49_240440	0.02730173459	0.04250350008	0.04917443182	0.06788248225	0.01025093044
TGME49_215610	0.07882699809	0.1041146304	0.08759166466	0.1876153112	0.07583366087
TGME49_261490	0.07961951246	0.0875310818	0.1223887032	0.1792756535	0.04172981549
TGME49_212410	0.06874480246	0.06253175407	0.04995992848	0.004199616096	0.02214879455
TGME49_458160	0.2099099022	0.155290743	0.1487281958	0.2279072918	0.1256453865
TGME49_297510	0.06993767991	0.1254287677	0.06651842492	0.1453192595	0.03746607432
TGME49_297130	0.1731820733	0.1604902755	0.09091932995	0.1549423631	0.1428092534
TGME49_201770	0.1083993847	0.07643607585	0.08140715919	0.09578214435	0.02722915964
TGME49_305340	0.271102934	0.2262222209	0.2014198106	0.2306496515	0.2135715808
TGME49_312560	0.05240059894	0.07516104656	0.08190400344	0.09306827232	0.01645321348
TGME49_249580	0.05502531636	0.0958487901	0.06898020413	0.1099371987	0.04937036401
TGME49_307570	0.1377448874	0.08643181175	0.1086265041	0.1452248991	0.02947133172
TGME49_289290	0.2396434354	0.1775195085	0.1993987288	0.2178831221	0.1372001246
TGME49_231380	0.2753461925	0.2282263233	0.1899447669	0.2874920444	0.1846081075
TGME49_203705	0.001821296604	0.004980499297	0.008612951643	0.04745480931	0.02359748181
TGME49_259220	0.00221510529	0.02147744446	0.01112106805	0.01643296253	0
TGME49_204330	0.002862567624	0.02201707367	0.002438508518	0.03469716779	0
TGME49_240450	0.05547317861	0.009077696863	0.01980104824	0.0986745903	0.04510399437
TGME49_263800	0.003106231332	0.020839304	0.008497774957	0.02513710153	0
TGME49_283450	0.003200959925	0.01711807049	0.01121445227	0.02210731901	0.009705476466
TGME49_312840	0.05160035279	0.04536603007	0.07132170672	0.1466085558	0.1508999251
TGME49_227630	0.003314059333	0.01433504372	0.01930595371	0.01497026609	0
TGME49_318770	0.06621594886	0.02137853299	0.03134870657	0.08870403853	0.08181114715
TGME49_253340	0.00367041943	0.004546716011	0.01134880224	0.03603128447	0.02706352483
TGME49_231125	0.00363888755	0.004253683701	0.02339917066	0.02965245484	0
TGME49_285650	0.0458610443	0.004335662922	0	0.005651821082	0.4106324487
TGME49_320610	0.01855715157	0.02844159735	0.05871015665	0.03880867411	0.01367439393
TGME49_269310	0.3055642951	0.4342582478	0.183176041	0.08149625614	0.1107109886
TGME49_313790	0.03286673705	0.01901944215	0.01928810255	0.145533498	0.2151662021
TGME49_320130	0.1801937128	0.1707428462	0.1456297539	0.09585587655	0.03935184457
TGME49_230010	0.05313867114	0.06825950561	0.07804957818	0.1041720423	0.1067218938
TGME49_213065	0.01990737029	0.07010567056	0.03327192566	0.008005998451	0.02090486425
TGME49_246190	0.05064235895	0.01853569628	0.01249458105	0.01798750156	0.2394528944
TGME49_289680	0.5275157267	0.4112289932	0.4316301716	0.4887450655	0.7515233909
TGME49_265220	0.1131977714	0.1806172066	0.1352078457	0.1768922931	0.08103859067
TGME49_246330	0.18134274	0.08213016275	0.08136722114	0.1629152366	0.7157291945
TGME49_211310	0.05004030469	0.009458274228	0.03114523307	0.05304666891	0.05861795302
TGME49_266850	0.06597586848	0.07041024325	0.07230240035	0.2079473718	0.06002985504
TGME49_315690	0.01185081463	0.007987348928	0.01361959129	0.1207270669	0
TGME49_313890	0.06063049577	0.02915154304	0.04509652217	0.05021529524	0
TGME49_225190	0.0510955281	0.03323197995	0.02800479863	0.03187519788	0
TGME49_281430	0.09638029171	0.05586841382	0.05887100774	0.09742984719	0.05705349898
TGME49_288210	0.09479476419	0.03894924484	0.08090088948	0.07297288672	0.1057750174
TGME49_318590	0.02047117366	0.06027515414	0.03486524294	0.04323479713	0.01358809815
TGME49_230590	0.01176309761	0.0240298733	0.02325601454	0.05909273544	0.02414537906
TGME49_301250	0.4932017745	0.5696725884	0.4855974639	0.7724257826	0.3886449649
TGME49_240850	0.02066261974	0.04120185639	0.03243408307	0.06935442697	0.01496471156
TGME49_311180	0.05800550877	0.0685325656	0.1032780754	0.1009564204	0.03811336775
TGME49_270220	0.01313095943	0.01240821549	0.04007949796	0.0566959328	0
TGME49_206490	0.06352328977	0.0339928446	0.0437296253	0.06116223411	0
TGME49_291900	0.0645022849	0.05695538397	0.09024211568	0.2064698165	0.02624523528
TGME49_310510	0.04843243795	0.0208999112	0.03074666099	0.0458633856	0.0170601036
TGME49_310320	0.02089965764	0.04386799838	0.04739333975	0.0256697853	0.02035887858
TGME49_251770	0.1122028916	0.1168149914	0.07030223185	0.06402196656	0.01489632103
TGME49_266360	0.04572978231	0.08345514824	0.06421723423	0.08556054522	0.03973525512
TGME49_236640	0.1984470091	0.07702936233	0.1985402931	0.2473825433	0.1564465904
TGME49_246990	0.2203570989	0.2525485811	0.3116933402	0.2679861969	0.1186860815
TGME49_300180	0.07720144813	0.02375368722	0.04159832062	0.06982318829	0.1754497945
TGME49_308840	0.05032995061	0.02985615024	0.01761953149	0.04862848019	0.06612755937
TGME49_261370	0.101861278	0.06227889513	0.09599817191	0.02350977622	0.0674780096
TGME49_223630	0.23247566	0.2116838594	0.2065565357	0.1268311245	0.09003285974
TGME49_241170	0.0851298424	0.1599846515	0.1258450474	0.06572586028	0.06367359551
TGME49_211700	0.07598875758	0.1349230081	0.1023724793	0.1013529966	0.03493334844
TGME49_211680	1.430577728	1.092231751	1.619135621	1.953901201	2.152442296
TGME49_288510	0.03419431178	0.05524049916	0.06784194616	0.08045324674	0
TGME49_225350	0.02499525147	0.03308389006	0.05425845259	0.08081291353	0.01489632103
TGME49_315580	0.02232972851	0.01181889629	0.02559208042	0.07223446623	0.2681482016
TGME49_297730	0.07413083075	0.1033971681	0.07812152272	0.1657854763	0.1264357327
TGME49_257780	0.03201636276	0.008965717857	0.022109366	0.01123919278	0.01129521284
TGME49_224220	0.02376840367	0.03198089226	0.0410018081	0.07266340856	0.05902882414
TGME49_316360	0.09745981001	0.1109303411	0.08788083137	0.179238183	0.3711844318
TGME49_244200	0.1526298399	0.1460402338	0.240761646	0.230496729	0.1289146263
TGME49_316670	0.006060774486	0.02221533121	0.02545243074	0.01802070525	0.01496471156
TGME49_224620	0.1156876849	0.2245808851	0.1246480681	0.1141923692	0.07851762141
TGME49_277990	0.04336602403	0.05881520443	0.0614616691	0.1013119458	0.08841645662
TGME49_266820	0.00962698355	0.02196238786	0.02420298928	0.03253333186	0.04286751527
TGME49_244460	0.1017313347	0.145691501	0.105816681	0.2333551186	0.01217990511
TGME49_223810	0.04664316527	0.07115237876	0.07127745675	0.05332964914	0.147051904
TGME49_277790	0.2521115126	0.1808572689	0.2289778469	0.1567037567	0.3195928602
TGME49_244560	0.5531636352	0.4940159638	0.6580589969	0.9081445926	0.3626128824
TGME49_254000	0.2297653119	0.250611042	0.1810540778	0.1114356698	0.03298293016
TGME49_235960	0.006796757273	0.02356587731	0.01630588346	0.0353761576	0
TGME49_311810	0.006719314618	0.006675561538	0.02821771881	0.03310681452	0.0266091007
TGME49_461040	0	0.01125173829	0.01157550149	0.004839781886	0
TGME49_222880	0	0.01429240646	0.006950828596	0	0.022042155
TGME49_271182	0	0.002512563466	0.004387587688	0.03385766698	0
TGME49_305455	0	0.009529048013	0.006902712793	0.0141361144	0
TGME49_308820	0	0.01626101198	0.009512398719	0	0
TGME49_315170	0	0.007168934902	0.008885264559	0.01460639281	0
TGME49_269740	0	0.01184152531	0.01146955539	0.004501818379	0
TGME49_301180	0	0	0	0.04112512189	0
TGME49_318290	0.07923251253	0.02854974872	0.07563112852	0.06199614646	0.02484924253
TGME49_214260	0.05839340309	0.06126667105	0.08791706251	0.1279347976	0.142044385
TGME49_226580	1.591004219	1.771264186	1.451885862	1.215436373	0.9615861616
TGME49_223130	0.009858294265	0.01585401038	0.02133234102	0.0562356317	0.01276185419
TGME49_277700	0.006536780453	0.009262393384	0.02079638373	0.04347588248	0.01448473704
TGME49_244940	0.006845280489	0.009712024209	0.009557184298	0.06489268333	0.01396194619
TGME49_237230	0.6888219853	1.160458651	0.7399950745	0.2844455261	0.1572732429
TGME49_243340	0.007301617094	0.01229253785	0.02587825385	0.02533029651	0.012644722
TGME49_289590	0.01519150183	0.05961344761	0.02496259955	0.01230794455	0.03979468554
TGME49_309410	0.007132583657	0.006833533849	0.0210232876	0.00784494577	0.1376111132
TGME49_221340	0.01084502859	0.03101203756	0.03236422607	0.0135354737	0
TGME49_265020	0.04665610869	0.05481447549	0.08028108449	0.09993242097	0.1030389903
TGME49_214830	0.01093160585	0.02552016611	0.01412934325	0.05082282813	0.02398641844
TGME49_311040	0.155223284	0.07644321817	0.1263221009	0.1912084398	0.1311173061
TGME49_312500	0.03644161046	0.00930227243	0.08768702532	0.1140349	0.0298169667
TGME49_215425	0.2131654975	0.1110707029	0.1695475838	0.2384774984	0.2539729632
TGME49_210790	0.03308718239	0.04204455802	0.0466698403	0.08921803857	0.1118892166
TGME49_458120	0.2691170428	0.2422426718	0.2183334451	0.5803896556	0.6832701931
TGME49_247740	0.1054961449	0.1471170217	0.1571971184	0.1505512244	0.05484501068
TGME49_263300	0.249987409	0.1495346709	0.2687644785	0.5983963421	0.4882521987
TGME49_223490	0.02928465012	0.03400591974	0.03399104515	0.1111132294	0.06412838886
TGME49_320690	0.01505659115	0.03406590892	0.02876535499	0.04787218766	0.02980034959
TGME49_225770	0.01621905374	0.02552903089	0.03749992965	0.04702310624	0.03954610975
TGME49_321340	0.03440268762	0.04308335335	0.06838874454	0.06898661069	0.04494025316
TGME49_224650	0.1541137417	0.1663121553	0.09120318346	0.1033462889	0.06562731161
TGME49_274010	0.03372762361	0.03450487998	0.07382928988	0.06352767205	0.05438093936
TGME49_270010	0.01654146062	0.04949041157	0.02893002113	0.02981877297	0.012644722
TGME49_244090	0.01707705885	0.03621499805	0.04032097719	0.03393215935	0.01408090045
TGME49_313390	1.610930441	1.917070448	1.726149757	1.416873427	0.6248574785
TGME49_318700	0.2824987973	0.4127373216	0.3159177994	0.3218258089	0.1003087878
TGME49_208200	0.07752344489	0.08062544418	0.1059300231	0.2126304953	0.02858757237
TGME49_216375	0.01642478946	0.01076284056	0.02530572769	0.04796371183	0.187351971
TGME49_280370	0.2281451602	0.4147354928	0.2558783242	0.1331322408	0.1256690688
TGME49_226350	0.01719683886	0.02314146206	0.03337479535	0.05638679539	0.0494864717
TGME49_268610	0.2429462158	0.2715721887	0.3191423837	0.3530055439	0.1443106054
TGME49_216480	0.05437426703	0.120177615	0.08780013841	0.04587280837	0
TGME49_305920	0.07083195279	0.0343580888	0.04873386513	0.07075228623	0.02122057974
TGME49_305190	0.187966104	0.1132217153	0.1757139853	0.1744813461	0.09450558352
TGME49_258940	0.4815397138	0.3255011505	0.4748246065	0.434178903	0.5376406254
TGME49_271960	0.5431043604	0.5281379365	0.4173496431	0.4260922724	0.6072090107
TGME49_202750	0.1603796818	0.2599091499	0.1774606716	0.1418215623	0.1778622153
TGME49_262480	0.72595137	0.7164886242	0.6115950422	0.4842874847	0.9404755172
TGME49_264650	0.1220077015	0.04156893855	0.1891496285	0.3385484383	0.1625536826
TGME49_222970	0.2467624986	0.2355835718	0.1788351517	0.1505990806	0.294187134
TGME49_203875	0.1257744268	0.1158743791	0.1662483344	0.308665062	0.06262891841
TGME49_306350	0.06878619701	0.04132893511	0.06768499083	0	0.08351758844
TGME49_288870	0.01925997768	0.04198831828	0.03217214049	0.05222069763	0.02824514403
TGME49_294960	0.0194315559	0.02392680398	0.03142595585	0.07669767372	0.05618998035
TGME49_258610	0.01864277553	0.02326313818	0.03148048913	0.05849562199	0.1301443693
TGME49_282150	0.07162594929	0.0356381102	0.059837816	0.06196043261	0.01217990511
TGME49_243510	0.01961765811	0.01956629463	0.05331158128	0.05783635605	0.01569075523
TGME49_278110	0.01932958265	0.01924170455	0.02451963711	0.1078285761	0.02577962128
TGME49_205210	0.5212585009	0.903184722	0.5152740197	0.2838780486	0.1569294499
TGME49_286680	0.05053199602	0.08361560534	0.06215307142	0.1120190796	0.01412550554
TGME49_295680	0.01178399404	0.03990295189	0.02345437044	0.03655410806	0
TGME49_311765	0.06136452548	0.1394704379	0.05431056878	0.09964997896	0.03104228477
TGME49_287240	0.01230320342	0.04603141887	0.02959045227	0.01845689419	0
TGME49_459930	0.03145425741	0.01700527497	0.01765337434	0.02176273216	0.007080691972
TGME49_285710	0.02174778275	0.01722258745	0.04447423384	0.09003822531	0.04241178499
TGME49_211400	0.003123610388	0.02146325285	0.009094342161	0.02027866212	0
TGME49_311060	0.003099076785	0.008517302148	0.00492658884	0.03645038532	0.03989376315
TGME49_235650	0.003335364293	0.01442176491	0.02098825646	0.01046250014	0
TGME49_202080	0.003508550882	0.01505807052	0.02545069345	0.004389750448	0
TGME49_290740	0.002855836788	0.01357686929	0.01112039607	0.01804749738	0.02090527676
TGME49_291150	0.003610582967	0.0118466726	0.0121872933	0.03021352643	0.01194502444
TGME49_310260	0.003493848994	0.01208292519	0.02668819088	0.004504303571	0
TGME49_289070	0.01294634691	0.0122901531	0.02751572842	0.0729571292	0
TGME49_231815	0.003675353831	0.004859273247	0.01734763195	0.03317088136	0
TGME49_288570	0.069442814	0.06420157738	0.05539136995	0.2250795826	0.1897833839
TGME49_253520	0.01287392283	0.02406439982	0.02866610833	0.04401046136	0.01129521284
TGME49_230970	0.00372858044	0	0.004593993635	0.004736384339	0.200186282
TGME49_264460	0.04844105233	0.07547661693	0.05938182102	0.1083679775	0.03140530072
TGME49_229790	0.09540307308	0.04702496864	0.07454726673	0.06081027752	0.08843148823
TGME49_202460	0.01179680653	0.01013478369	0.01839710228	0.04225445722	0.1399447134
TGME49_228290	0.02467798129	0.02297985603	0.05103494336	0.07587109074	0.08482773636
TGME49_305120	0.1121078404	0.0464085377	0.1551800423	0.2372756091	0.4279094159
TGME49_272155	0.02494662222	0.004470094807	0.004582163019	0.02615800722	0.02693492439
TGME49_294360	0.1066750825	0.1588730174	0.143236821	0.174025597	0
TGME49_297110	0.01393473736	0.02231960475	0.0358378581	0.03558082607	0.01453338861
TGME49_201730	0.02523685795	0.01398036205	0.002235111053	0.01052407717	0.0426060656
TGME49_215390	0.01339676307	0.01887702171	0.02413204719	0.06285394713	0
TGME49_265380	0.01494902814	0.007140032226	0.05307168287	0.03157906947	0.02282466128
TGME49_263085	0.0342452591	0.05757203729	0.03876786333	0.07451917765	0.1637474023
TGME49_269010	1.101603856	1.059680531	1.09270044	0.7718335576	0.7767635868
TGME49_254150	0.07373574901	0.175178613	0.08966289237	0.02445426014	0.04370918817
TGME49_306700	0.05616918899	0.03285527273	0.09648174581	0.1356290116	0.1356036157
TGME49_220200	0.01445136928	0.03345704613	0.02389898008	0.03440710435	0.02614761491
TGME49_216660	0.02570155923	0.05372801629	0.04476310851	0.04003696749	0.04272199048
TGME49_202230	0.1895117411	0.2660777509	0.2089115987	0.3013430255	0.04431141549
TGME49_277550	0.02362613527	0.002013829629	0.01578252147	0.01689859754	0.01475510235
TGME49_259970	0.1636904153	0.2142371731	0.2048943419	0.2080164242	0.2076642999
TGME49_257980	0.02336584092	0.004630111676	0.009643494876	0.01303915401	0.0594383316
TGME49_281990	0.1210686642	0.1161413526	0.09505532035	0.0402407531	0.08423063399
TGME49_312280	0.1568718877	0.2541981353	0.1908158857	0.1965294927	0.01171103052
TGME49_229780	0.01730524472	0	0	0.03180963122	0.01232801807
TGME49_252385	0.01676185679	0.006441892845	0.004411803755	0.009180146825	0.01317951064
TGME49_291950	0.1896529876	0.1147648587	0.1670218649	0.1859411921	0.07402850945
TGME49_202380	0.2154648533	0.1187339731	0.2743556267	0.4458758511	0.4800880779
TGME49_308030	0.03930957231	0.01383868391	0.02297349785	0.01604603983	0.07956657305
TGME49_355030	0.05052678305	0.03455022867	0.02464978808	0.02754012843	0.02812202858
TGME49_213752	0.01711924283	0	0.006478492762	0.02063568692	0
TGME49_223640	0.01676936371	0.006837719589	0.01129712331	0	0
TGME49_291010	0.00935432497	0.01837143445	0.01845705926	0.05318089871	0.02439956136
TGME49_248140	0.008962439781	0.02950297033	0.02416645501	0.01950828874	0.01337106244
TGME49_290900	0.01370014602	0.019403184	0.02650254293	0.05547700341	0.1027911726
TGME49_204550	0.03942071033	0.01467284708	0.02083721323	0.03859948391	0.01359380095
TGME49_203540	0.01490395389	0.03321725325	0.03501658867	0.04126635806	0.01232801807
TGME49_255620	0.01608920025	0.004263222046	0.007283942305	0.00822886744	0.01580795797
TGME49_228140	0.01453096282	0	0.007030204056	0.01678785894	0
TGME49_262140	0.03333152616	0.01232083815	0.02006703572	0.04057529049	0.01386409065
TGME49_259830	0.009630974529	0.05110072082	0.007166837295	0.0159744131	0.01036805374
TGME49_206470	0.3616370598	0.6165396724	0.339027273	0.312985518	0.1764487276
TGME49_313120	0.01020738268	0.03124928811	0.01826073781	0.03342643575	0
TGME49_246520	0.01540497293	0.03684553504	0.02799042144	0.04220274037	0.03889806414
TGME49_249685	0.009828657018	0.02627972854	0.03060070111	0.01274670783	0.02857303232
TGME49_291000	0.02790585675	0.02811539984	0.05274001251	0.07297946179	0.02469684916
TGME49_266035	0.01015103367	0.02513679682	0.0279175501	0.02303733083	0.01398673685
TGME49_243170	0.01030236168	0.0525402244	0.01423123025	0.007187531807	0
TGME49_256820	0.0134980008	0.01293481963	0.004297861253	0.004025738403	0
TGME49_229760	0.00558614928	0.02103298079	0.01311371461	0.03557672055	0
TGME49_224235	0.0105564852	0.01199776148	0.03047977445	0.03459624927	0.04428699282
TGME49_309100	0.04244190834	0.06680541693	0.09255980775	0.05492044316	0
TGME49_228130	0.075935221	0.08956449211	0.09955566966	0.1852778532	0.02549136326
TGME49_215450	0.1718685127	0.09120905279	0.1766611254	0.1692224408	0.04886115411
TGME49_257520	0.1882904231	0.1831184555	0.1396577262	0.09375129624	0.2195038328
TGME49_293700	0.1127755029	0.171151223	0.1339466609	0.1710067387	0.06538715368
TGME49_218800	0.01796042721	0.03395942753	0.04544406676	0.01973226609	0.02040322876
TGME49_265500	0	0.01227177183	0.007276008957	0.008631003751	0
TGME49_249920	0	0.0119540414	0.006749741981	0.00934545333	0
TGME49_258840	0	0.01413064169	0.002061596045	0.0142301158	0
TGME49_259168	0	0.01408758088	0.004292765146	0.006988537209	0
TGME49_269705	0	0.01431509953	0.004816408571	0.00351701448	0.01491900855
TGME49_278522	0	0.002363244676	0.001855016992	0.03146998509	0
TGME49_305070	0	0.007056701935	0.004634307019	0.01353140501	0.02100473287
TGME49_305080	0	0.002397134693	0.0126721926	0.007939547714	0.01316910259
TGME49_313318	0	0.004398629401	0.0105824547	0.009491184087	0.008725886966
TGME49_321510	0	0.01298561488	0.007068528174	0.003758124855	0.01454038013
TGME49_259920	0	0.00239436497	0.008987146204	0.007564520425	0.02974005504
TGME49_263785	0	0.004098879793	0.01138868348	0.01227820937	0
TGME49_311400	0.07010822362	0.07667432298	0.1033631632	0.1674563439	0.07388624888
TGME49_201700	0.1680418772	0.04086587425	0.1788294919	0.1850388685	0.1927932661
TGME49_262150	0.01749421062	0.006864474256	0.02493156974	0.04830096532	0.2007664556
TGME49_203230	0.01867864157	0.01282541221	0.04627647146	0.08380752769	0
TGME49_297420	0.08708869449	0.04511350475	0.07149737045	0.0446441475	0.1070598726
TGME49_253320	0.0428086088	0.06373393144	0.05546168214	0.1272169552	0
TGME49_254110	0.01967565745	0.04049687366	0.02215709727	0.04473393657	0.1087872525
TGME49_275420	0.07449156663	0.04274391807	0.05483081588	0.07244269686	0.01802367403
TGME49_311310	0.08170991937	0.05813493293	0.1013344164	0.08008320936	0.6147356575
TGME49_248890	0.06988374636	0.08387078275	0.09112532092	0.1706671812	0
TGME49_250040	0.1662459078	0.1539632375	0.1342885884	0.3629858422	0.532157904
TGME49_205010	0.1373079158	0.1556119788	0.148148186	0.2369640274	0.2199580385
TGME49_240710	0.04953497401	0.05756451069	0.07939810536	0.1226080578	0.07989848395
TGME49_312618	0.0310790033	0.06192779434	0.0438174411	0.07681087692	0.02973448215
TGME49_300320	0.02048150908	0.03220362411	0.05649236018	0.02199779095	0.03043421355
TGME49_297840	0.06689644306	0.03381077997	0.09316567261	0.2359604225	0.10629021
TGME49_244610	0.03528230488	0.04421761658	0.06632870553	0.08505226794	0.02634628864
TGME49_272500	0.1039094165	0.1062918247	0.1326550309	0.2537270837	0.08293082011
TGME49_295935	0.5610807207	0.9166320139	0.5568570638	0.3685917476	0.1717567062
TGME49_219120	0.3466497761	0.4820894984	0.4114073995	0.3442943689	0.1086398802
TGME49_215020	0.01119246578	0.02495213361	0.02259194293	0.05673071279	0
TGME49_232800	0.03943953992	0.06511288903	0.05440069156	0.08836675311	0.04500161054
TGME49_275480	0.5021124147	0.4591549582	0.4743166092	0.3909106158	0.2226471454
TGME49_310720	0.01245277845	0.02770169706	0.02030255218	0.05753406205	0.01367439393
TGME49_266500	0.06496567876	0.07453906335	0.1565504709	0.04296563132	0.03502720015
TGME49_275310	0.1327047253	0.07177294965	0.1164043075	0.1137196616	0.1050784541
TGME49_289990	0.2454915453	0.1223902208	0.1783882994	0.2956027751	0.4832592746
TGME49_209820	0.01138299992	0.01226278682	0.0305553422	0.05856713355	0.01990723162
TGME49_221570	0.02522046523	0.0550190445	0.03523931693	0.05897807537	0.01269120559
TGME49_224910	0.01141431178	0.009504106988	0.03896411717	0.04473785825	0.01889887104
TGME49_320040	0.06097622883	0.05900820486	0.08314749589	0.142858445	0.06478030132
TGME49_248250	0.01270663953	0.01786575135	0.02338114519	0.04400183502	0.07987652008
TGME49_309920	0.05857384386	0.1165971912	0.07850027152	0.09417281845	0.04535572424
TGME49_203840	0.03145047292	0.06594506373	0.02955061408	0.09315704991	0
TGME49_227420	0.02411699085	0.0243128133	0.04759102772	0.08069395019	0.01232801807
TGME49_286510	0.01324662881	0.01606384776	0.04390934854	0.02324299803	0.04921176941
TGME49_257480	0.02517880373	0.002434125895	0.009194957033	0.02073086336	0.07236108926
TGME49_294700	0.1042593079	0.08809942814	0.06682960587	0.07941557665	0.03606547455
TGME49_264190	0.03778010698	0.06654311465	0.05665984189	0.06850051366	0.02105390504
TGME49_222230	0.03169730371	0.05074002636	0.05822731674	0.05181142948	0.01385804292
TGME49_314740	0.227996071	0.3001540459	0.2760400429	0.2968846221	0.122156353
TGME49_236200	0.1825321825	0.2940183637	0.2546594425	0.1228967835	0.04595015348
TGME49_312905	0.03047667483	0.07803328368	0.02889280955	0.04639905402	0.04816649928
TGME49_210781	0.1551591015	0.112450541	0.1161408879	0.1459053837	0.09388582202
TGME49_233695	0.1203190638	0.1308739003	0.09976432647	0.2705542792	0.3278182319
TGME49_241840	0.4528141749	0.40112413	0.3876656956	0.4208220498	0.2724725586
TGME49_293350	0.04959435625	0.07038083039	0.06402607158	0.08067659488	0.1414960088
TGME49_270650	0.07853166058	0.007713722428	0.07420125529	0.09666541275	0.04863832082
TGME49_300340	0.03459260364	0.04963794476	0.04361839116	0.09981607344	0.01232801807
TGME49_237830	0.03557630125	0.04814700216	0.04300575796	0.0628036189	0.1529651562
TGME49_285190	0.02735412479	0.06284450775	0.02700631356	0.05367283797	0.0551573405
TGME49_211480	0.002333663376	0.004787368205	0.01177691947	0.03803987725	0
TGME49_236140	0.002440389832	0.01213414303	0.02076124877	0.01006642093	0
TGME49_216510	0.06053557454	0.1265463136	0.07325795386	0.09357164749	0.01468243654
TGME49_202970	0.003070952462	0.02638618706	0.01228823437	0	0
TGME49_203060	0.456276668	0.7983478214	0.5084229562	0.1778821554	0.05185488393
TGME49_202360	0.003084917136	0.00481129223	0.01327816128	0.03004771809	0
TGME49_216770	0.003381197777	0.01367139093	0.004267098271	0.02947125797	0.0134037879
TGME49_239550	0.00367041943	0.007883898472	0.007245833009	0.04590126957	0
TGME49_240285	0.003377456257	0.004200928567	0.01591060978	0.02657315474	0.01389444862
TGME49_247710	0.1650768583	0.2793026836	0.1522099614	0.1919069336	0.1375623344
TGME49_300280	0.003560563085	0.01940727869	0.01556765229	0.006484676226	0
TGME49_227860	0.1956267147	0.3053844568	0.2210706494	0.2204823976	0.0646200992
TGME49_233000	0.05407004032	0.08784480909	0.09348085959	0.06789564232	0.04669702
TGME49_249530	0.05086508678	0.04030361308	0.09619858999	0.1133358263	0.08491484619
TGME49_315440	0.3316732592	0.1282731826	0.5663706809	0.6431505531	0.0468099207
TGME49_205580	0.1763247806	0.2401226209	0.1792887612	0.2759547648	0.1627960107
TGME49_275330	0.04207062786	0.04709499378	0.06254697599	0.1240526346	0.01385804292
TGME49_223570	0.1361003583	0.07354902628	0.1057682437	0.09067224062	0.2640701086
TGME49_237140	0.01499517245	0.004719176254	0.04121419125	0.08239217939	0
TGME49_267280	0.1227929216	0.09257734324	0.1059249173	0.09819215473	0.04270259876
TGME49_277010	0.01466721895	0.04025264502	0.0300467583	0.0306413089	0.008725886966
TGME49_221818	0.01584088557	0.02606176193	0.03807618474	0.05154076077	0
TGME49_458040	0.09077394036	0.06766500048	0.05862900256	0.08289578749	0.02275366748
TGME49_224320	0.00880279097	0.01789625958	0.02387268443	0.04410457319	0.01274290476
TGME49_260510	0.04138732766	0.05520633906	0.08798024113	0.0575377168	0.06100741532
TGME49_267270	0.04377625223	0.04106787299	0.09760828844	0.07800492877	0.01953294826
TGME49_253310	0.04902361211	0.06060523972	0.06500243266	0.1580212647	0
TGME49_223010	0.1791995924	0.02524380222	0.1505933822	0.4487976979	1.277147439
TGME49_295400	0.01622850938	0.0142808184	0.03583050109	0.06462610039	0.04400187895
TGME49_311750	0.05747812023	0.08682918787	0.07733489299	0.1130750412	0.01512822308
TGME49_314680	0.01555980472	0.02350549218	0.02577590436	0.06703117208	0.01317951064
TGME49_211020	0.3003799242	0.3731000543	0.3321174404	0.386039829	0.3039777721
TGME49_264090	0.009964137987	0.01954852942	0.02558598645	0.03898537804	0.01276185419
TGME49_217590	0.009910702915	0.02666761084	0.01864450427	0.03210896727	0.01048869957
TGME49_310700	0.2401242959	0.2636465411	0.232719027	0.3979555296	0.4987922643
TGME49_300680	1.655178452	1.557168285	1.706467016	1.273127591	1.419557481
TGME49_235560	0.01028841319	0.01335310356	0.02831612153	0.03765714455	0
TGME49_226700	0.01642524038	0.03555609822	0.02859909905	0.02381840063	0.05947250951
TGME49_209610	0.01726426636	0.009132790625	0.04734743713	0.06123475595	0
TGME49_232080	0.1907607628	0.1030845035	0.1319511516	0.1419556471	0.5723314278
TGME49_288320	0.01701805842	0.04112399152	0.02058404741	0.04723378254	0.01048869957
TGME49_261580	0.0168799393	0.008988333869	0.03811631185	0.06458386271	0.03959848062
TGME49_235700	0.1120222262	0.09181504531	0.1576753285	0.2320763032	0.1564263326
TGME49_299160	0.02781870187	0.01467273812	0.02533392032	0.008362872609	0
TGME49_458700	0.01079693948	0.02631412191	0.01076320373	0.03577312458	0.05273400622
TGME49_301290	0.006036582118	0.009565451935	0.02504718998	0.02912125833	0.01405560276
TGME49_249410	0.5353944749	0.6570620503	0.4887080153	0.1914813938	0.07142423194
TGME49_229470	0.114596475	0.1131418684	0.1557323397	0.2089399296	0.1282543951
TGME49_221380	0.9154028197	0.9234246716	0.9559973369	1.171473822	1.175557735
TGME49_202250	0.01812186395	0.03295151557	0.0271674385	0.0593477468	0.06058196595
TGME49_249180	0.02221316159	0.01127466486	0.03886182847	0.1336530762	0.03054114295
TGME49_224575	0.01357042452	0.004825726734	0.008505862518	0	0
TGME49_262590	0.01404380459	0.004887325632	0.001687832372	0.01222191025	0
TGME49_266930	0.02699848774	0.06228593257	0.05045274095	0.041989439	0.01600349493
TGME49_201790	0.2974075462	0.3348198276	0.2964593333	0.489280964	0.3297707267
TGME49_227940	0.01314094229	0	0.001885497655	0.02129905428	0
TGME49_310620	0.08092115113	0.05361333294	0.1668634832	0.06014039989	0.382555254
TGME49_320270	0.09448909541	0.07989385025	0.150355538	0.1728049788	0.1234980002
TGME49_285780	0.01400381929	0.002415397469	0.00480534382	0.008466813645	0.01404929981
TGME49_230080	0.05472953058	0.0209865687	0.02513757134	0.06740337567	0.03125109211
TGME49_459560	0.01316175707	0.007169057749	0.002284302807	0	0.02462875495
TGME49_281040	0.01326884485	0.006868338287	0.00508386416	0	0.01536365435
TGME49_278090	0.01208972966	0.009776384654	0.002134410766	0.003745291683	0
TGME49_259070	0.006761259276	0.02046792807	0.01982528387	0.01908926405	0
TGME49_251900	0.006980832399	0	0.00241140745	0.06845498327	0.07619405385
TGME49_314460	0.02993787132	0.02014324188	0.06180862451	0.1125814833	0
TGME49_239700	0.007172893417	0.02524312032	0.01861100803	0.003290566609	0.03691126094
TGME49_248260	0.01920472173	0.04577188673	0.03315902355	0.02723719487	0.01613749798
TGME49_220120	0.02139965496	0.02001501466	0.04541663652	0.08462259384	0.007727326511
TGME49_247250	0.1394984742	0.1030846506	0.2413015326	0.2520117103	0.07332639241
TGME49_237560	0.3135881449	0.3711744958	0.2628877278	0.5770762163	0.4497319688
TGME49_281520	0.04026307336	0.05911784276	0.07109829861	0.06564731489	0.107713295
TGME49_229200	0.01986608448	0.007283026065	0.00204018413	0.007763621523	0.07350981787
TGME49_204110	0.03321511937	0.04149553091	0.04321535701	0.116581946	0.02308420184
TGME49_229380	0.03358950048	0.04403399157	0.06694766071	0.04690628662	0.07603332561
TGME49_306670	0.4178420488	0.3965940259	0.4571114951	0.6835697004	0.5019464968
TGME49_275980	0.03324575969	0.02597104084	0.04505146176	0.1079289205	0.1276662859
TGME49_264720	0.0325172845	0.06044058978	0.03963840461	0.08523848715	0.01048869957
TGME49_256840	0.03751021571	0.006638557042	0.02139478268	0.04393658569	0.02347511795
TGME49_223800	0.02334176715	0.03987914008	0.04495596601	0.03470986993	0.05960002867
TGME49_226705	0.06799087882	0.08168774803	0.07186191733	0.1291602196	0.1798070284
TGME49_292220	0.2202210204	0.1955082864	0.2786950267	0.3448952052	0.4087952635
TGME49_271360	0.02352354091	0.03956560701	0.02554895629	0.07257870692	0.05663547976
TGME49_216230	0.06745788187	0.0367591943	0.03231650972	0.08445379312	0.05124506914
TGME49_201690	0.07366682035	0.05122795709	0.05404481942	0.05710773736	0
TGME49_217910	0.06103008151	0.07122997205	0.0832486879	0.152966998	0.06319456265
TGME49_314710	0.05435678977	0.06075763635	0.1014382242	0.1020879335	0.0245963935
TGME49_209740	0.03090327112	0.04763008079	0.05332710766	0.05258153757	0.05316124806
TGME49_201900	0.07859183597	0.03315084666	0.03116009019	0.1210741437	0.07922032405
TGME49_261730	0.0496642152	0.01458735006	0.02568929205	0.08804261312	0.01389444862
TGME49_269450	0	0.009329429644	0.006819206522	0.003328780476	0.0144365844
TGME49_292270	0	0	0	0.03673457659	0
TGME49_243482	0	0.01217381481	0.004112533658	0.00451930827	0.007080691972
TGME49_233260	0	0.002575147827	0.008636383257	0.01541375855	0
TGME49_215343	0	0.007037206505	0.004488502773	0.01678165172	0
TGME49_220850	0	0.006588864176	0.008873983373	0.004580989031	0.012644722
TGME49_225070	0	0.002562897941	0.01038477662	0.005809266663	0.01355402969
TGME49_227115	0	0.005157599121	0.004327395831	0.01347248006	0.0274480522
TGME49_227275	0	0.006642691382	0.006926669293	0.004108951816	0.02271184211
TGME49_252330	0	0	0.004770592968	0.02087655147	0.01549867895
TGME49_258828	0	0.009416858449	0.004524005209	0.003369274034	0.02244434632
TGME49_286770	0	0	0	0.0215497184	0.03944283546
TGME49_260140	0	0.007269616946	0.004641762075	0.006206415682	0.02677648362
TGME49_278900	0	0.003640777737	0.008881791225	0.01238978748	0
TGME49_258810	0	0.01907703743	0.002468370333	0	0
TGME49_255370	0	0.005006669942	0.009393158545	0.009018123011	0
TGME49_355060	0	0.007501340666	0.01313138536	0	0
TGME49_232430	0.01206739546	0.01882541236	0.03638173769	0.03293905432	0.01048869957
TGME49_319300	0.07846875634	0.1191320737	0.112489361	0.09395763122	0.04712354375
TGME49_259230	0.0390980839	0.02281936283	0.0289220449	0.01376435976	0.02437989421
TGME49_315680	0.1462064101	0.06633186559	0.1237816733	0.1892781027	0.04472085637
TGME49_249610	0.05890452391	0.06193978951	0.07529093695	0.1613190916	0.04073950242
TGME49_254480	0.03627830636	0.05833586871	0.05336843604	0.08760568124	0.04225357684
TGME49_273870	0.1876957073	0.1886523234	0.2414003425	0.3189260146	0.1269312292
TGME49_228000	0.3285760871	0.3628058476	0.3008065203	0.5244882598	0.5317587279
TGME49_212280	0.03423399018	0.02313982424	0.02735613976	0.008308872566	0.01129521284
TGME49_270230	0.03156752249	0.01935240181	0.062819625	0.08108638953	0.02923370719
TGME49_310640	0.5590725454	0.6977755875	0.4684793664	0.7924126949	0.7025589101
TGME49_224050	0.1107857933	0.1378831318	0.1282524222	0.1965784047	0.1180771926
TGME49_201260	0.878698885	0.8678899372	0.8875312621	0.5680726683	0.4263127998
TGME49_306250	0.01416560955	0.01010032772	0.02598526361	0.05426089654	0.07768848661
TGME49_265410	0.07730700624	0.1199640217	0.08927398962	0.1228349109	0.04548573574
TGME49_295050	0.06708156675	0.09597250452	0.09153803914	0.123838533	0.01328492851
TGME49_206360	0.03921002131	0.09385496356	0.04202596281	0.0587092616	0.01479185862
TGME49_286260	0.1645480871	0.1042026879	0.1713006196	0.1053635241	0.08959248163
TGME49_301280	0.09116228048	0.05894463607	0.1049380908	0.246572742	0.1983294204
TGME49_217340	0.1482121457	0.1032375006	0.1466539354	0.1094374504	0.06969654699
TGME49_253160	0.05714297858	0.06246471336	0.08943231477	0.1287730599	0.02920743061
TGME49_216370	0.08949951476	0.05359536779	0.04261516703	0.08640633952	0.1376905143
TGME49_239400	0.1430361772	0.1885045041	0.1605496601	0.1977026891	0.2122364194
TGME49_273790	0.1028929779	0.08967465833	0.07160232539	0.06782517374	0.07313830849
TGME49_290160	0.01655645654	0.01876063457	0.03424074213	0.04531443989	0.04977634719
TGME49_290300	0.6908941529	0.6671187331	0.7961388756	0.7348737285	1.240555393
TGME49_278830	0.2879947435	0.2155275929	0.2426302735	0.3272461939	0.1013105662
TGME49_212725	0.1770486929	0.09417662352	0.130866228	0.1905589261	0.337256956
TGME49_205600	0.01668868736	0.0281976384	0.01798066512	0.07167733993	0.01269120559
TGME49_293850	0.003264306328	0.01485242253	0.01327552491	0.01415018972	0.01077405855
TGME49_272400	0.003160796928	0.01834352255	0.009260147513	0.01330011302	0
TGME49_239530	0.00315626242	0.002525656935	0.001950282124	0.04315959261	0.05674283414
TGME49_266368	0.01702498307	0.05020984782	0.02606780604	0.01964269852	0
TGME49_223470	0.009021763885	0.02936175084	0.006657850595	0.03809340963	0.05947051415
TGME49_273150	0.003493848994	0.01152477357	0.01498808185	0.0148471583	0
TGME49_458910	0.003589835923	0.008236110804	0.004575980519	0.02730123979	0.04324474305
TGME49_292070	0.003663060106	0.01837721274	0.01561197373	0.002945368898	0
TGME49_211690	0.03705098717	0.06365256483	0.03984395957	0.09244309388	0.01317951064
TGME49_207040	0.01050975066	0.021734393	0.02446319909	0.03650756961	0
TGME49_244450	0.06910857156	0.09019776502	0.144558845	0.05200294307	0.04656615548
TGME49_271030	0.1472386991	0.04998495272	0.1826654449	0.1187727286	0.06989909608
TGME49_286760	0.01026905449	0	0.03461912145	0.04923982105	0.01569075523
TGME49_232390	0.01055452116	0.03406643098	0.02036465218	0.01898066471	0
TGME49_278540	0.3749715961	0.3514307402	0.3971165895	0.667174372	0.3770212054
TGME49_318660	0.7843647093	0.943865769	0.8869780658	0.7969019131	0.2459170915
TGME49_224340	0.05822439394	0.03087053834	0.07135023572	0.1495219583	0.2295657109
TGME49_286160	0.1366192345	0.08400320071	0.210315204	0.2785411638	0.1814125302
TGME49_212930	0.02967276108	0.03929339834	0.05396436086	0.06317193216	0.05463700991
TGME49_271840	0.05016421488	0.05351403985	0.07796034301	0.1141288513	0.05141983653
TGME49_208420	0.3694253215	0.4057948594	0.4879033719	0.4098159759	0.2413336835
TGME49_316100	0.05862520545	0.1077377194	0.06813528202	0.07468023298	0.01317951064
TGME49_206630	0.06503115216	0.04427890533	0.08355575617	0.1755249998	0.1635438497
TGME49_258225	0.01161362734	0	0.002352879241	0	0.04700355505
TGME49_278890	0.02901361903	0.0427454385	0.04247392437	0.07645023793	0.05587211526
TGME49_294860	0.02177230179	0.002301071378	0.01354317323	0.003590357732	0.07923334182
TGME49_201230	0.02060694518	0	0	0.003469233534	0.1781997484
TGME49_242118	0.01013841431	0	0	0	0.05138171883
TGME49_261600	0.07680281029	0.07326359127	0.100490389	0.2027283786	0.03592122302
TGME49_234940	0.01085918514	0	0.004260417426	0.009857861487	0
TGME49_316370	0.009295794996	0.001772690608	0	0.008823548278	0.01012442561
TGME49_227320	0.05874522144	0.01414077102	0.03248441828	0.06237285423	0.1109425562
TGME49_277685	0.01079234083	0.002591198217	0.006965919765	0	0
TGME49_246130	1.047947859	1.41062614	0.9417651952	0.3535858575	0.2110378003
TGME49_215055	0.009852053926	0.002501292907	0.006218389535	0	0
TGME49_226450	0.009685756672	0.001874483233	0.006520485869	0	0
TGME49_309050	0.01936308467	0.02045603936	0.04781900805	0.05135077578	0.01048869957
TGME49_318600	0.07413998756	0.03328990866	0.04457443332	0.1011267127	0.009760652442
TGME49_227990	0.009575525981	0.004210866855	0.004550131767	0	0
TGME49_219800	0.1524403056	0.1776243998	0.1997114389	0.2450866363	0.08242922254
TGME49_274180	0.009745026301	0	0.007142932125	0.003840937347	0
TGME49_242710	0.009738496649	0.002303507443	0.006660490299	0	0
TGME49_236780	0.1373795566	0.14487582	0.2375273609	0.1663949883	0.02395207715
TGME49_314850	0.0297370975	0.04174820642	0.05279052264	0.05905347928	0.04066098241
TGME49_315127	0.009313685698	0.004564037403	0.002473470641	0.004531936368	0
TGME49_271145	0.02329954458	0.03468723154	0.04840375011	0.04849808664	0.01454038013
TGME49_285530	0.02316723455	0.009695957474	0.01408701348	0	0.05045645473
TGME49_241240	0.06007524636	0.05977568667	0.03799541616	0.01254524847	0.01012188544
TGME49_273985	0.008927952392	0.004879208041	0.00228954941	0.004645503703	0
TGME49_230060	0.02234415971	0.01213251426	0.02652413688	0.1201755315	0.02236749737
TGME49_203760	0.03104346118	0.05625365535	0.03676966027	0.07711592974	0
TGME49_261680	0.007181253704	0	0	0.007014131089	0
TGME49_321685	0.006256755631	0	0.001646683692	0.003670846949	0
TGME49_213635	0.006455393462	0.03773480498	0.01406089667	0	0
TGME49_213560	0.007269046914	0.00253563048	0	0.003198125965	0
TGME49_321270	0.007164225582	0	0.00241927201	0	0.007257670521
TGME49_216400	0.006585129477	0	0	0.00775130852	0
TGME49_247620	0.006520646517	0	0.004079757948	0	0
TGME49_286920	0.3020844451	0.3857686676	0.3300010639	0.3216383667	0.4628739019
TGME49_224210	0.006014802935	0.01776963714	0.01407696788	0.03068051051	0.01466803664
TGME49_263637	0.00718626089	0.002365898783	0	0.004521824786	0
TGME49_288450	0.006854371209	0	0.002104545901	0.004594187786	0
TGME49_214860	0.006779163442	0.002507712268	0	0.002659776759	0
TGME49_315705	0.006612912512	0.002217363569	0.00222663769	0	0
TGME49_212910	0.006287370598	0	0.004063643072	0	0
TGME49_232420	0.005665323618	0	0	0.005230357153	0
TGME49_319540	0.0556137352	0.03948749176	0.03938500111	0.007877805749	0.1335343264
TGME49_264620	0.006561941526	0.005189287041	0	0	0
TGME49_222305	0.006559465221	0.002160196708	0.002483781354	0	0
TGME49_264700	0.006119512981	0.00259300301	0	0.004542121536	0
TGME49_214580	0.005198815023	0	0	0.008986696764	0
TGME49_236635	0.004918198402	0.002139530969	0.00231229564	0	0
TGME49_224250	0.00661916851	0.01625469905	0.02258344361	0.01743422983	0.01255772196
TGME49_217630	0.006298489774	0.002441457977	0.002379293881	0	0
TGME49_306480	0.005915392708	0	0.004593839467	0	0
TGME49_228050	0.004875741836	0.005159447842	0	0	0
TGME49_245520	0.006440759288	0.0128988192	0.01773315784	0.02896670435	0.01638892454
TGME49_203135	0.006520046501	0.0138555277	0.01645228788	0.03896375361	0
TGME49_294060	0.05782637764	0.03659623167	0.04972491686	0.03387847278	0.01488125609
TGME49_264710	0.09201153277	0.1052208507	0.1066874408	0.1844775604	0.1110433219
TGME49_259860	0.03107697786	0.04062288263	0.03703431671	0.08617407228	0.04318973504
TGME49_224710	0.02434428321	0.01639780354	0.03152998319	0.06856224152	0.06166187456
TGME49_289960	0.01156782763	0.01955253906	0.03854094049	0.03201023114	0
TGME49_236630	0.207184413	0.2794941985	0.3010067952	0.09205024899	0.3256031232
TGME49_224480	0.09546433177	0.1219110101	0.1080233583	0.1685259124	0.1323853409
TGME49_300160	0.0530858993	0.0106832941	0.04240312713	0.04238055293	0.09650324817
TGME49_314265	0.02838261387	0.01584185534	0.0374864147	0.06675002243	0.1624850257
TGME49_316680	0.2845474461	0.2308005215	0.2572206657	0.21957998	0.1982646662
TGME49_244020	0.1093598117	0.101643279	0.1410543871	0.2566226442	0.02731397144
TGME49_260240	0.5382976618	0.4776270486	0.5308350385	0.3668934656	0.4311218133
TGME49_310802	0.0124954393	0.02012238555	0.02261397383	0.03293836906	0.08111765164
TGME49_206690	0.03473799469	0.04290749646	0.02567723837	0	0.6001621645
TGME49_292320	0.013277814	0.03296655069	0.02488472112	0.02808313555	0.01269120559
TGME49_301996	0.1119494958	0.1074744309	0.1008661509	0.03742014615	0
TGME49_239720	0.04423775132	0.03878028809	0.05558304873	0.1393104621	0.02928417326
TGME49_247300	0.1715764835	0.1937593491	0.2134881761	0.2313454828	0.2877135491
TGME49_220950	0.5655167979	0.7006836169	0.5074913574	0.1960053357	0.1637245291
TGME49_239260	0.5261276542	0.3782153642	0.3841683142	1.04245337	1.912047628
TGME49_316340	0.2258334619	0.2625305864	0.2608192664	0.1106087725	1.493209155
TGME49_208500	0.04069549549	0.07178197687	0.05465157626	0.07895432239	0
TGME49_243450	0.0140744852	0.02107950939	0.02293148969	0.04554218981	0.02616204499
TGME49_310885	0.2474175226	0.374398099	0.2656227549	0.2393368928	0.1575236196
TGME49_312370	0.0272059221	0.01493729639	0.009040516371	0.02444184361	0.01488125609
TGME49_214150	0.04444496004	0.07242940112	0.05658541007	0.07822538248	0.02115666441
TGME49_301410	0.191917843	0.156587081	0.1207269145	0.1285957311	0.4841385946
TGME49_295330	0.05206768801	0.05997844728	0.05333913968	0.1188830227	0.2218910689
TGME49_310170	0.2538968598	0.4059257684	0.3168948458	0.1609573789	0.09508658252
TGME49_215730	0.07888155623	0.06273348605	0.1115749929	0.179504978	0.07735288968
TGME49_258826	0.02583760721	0.0077107602	0.02051446319	0.02162392455	0
TGME49_306920	0.03533752729	0.04718242279	0.050389171	0.06067556336	0.1441745431
TGME49_273650	0.02599489968	0.01603227166	0.01897503387	0.008758662158	0
TGME49_294830	0.641941554	0.6915307643	0.6395634063	0.8942608765	0.6796015461
TGME49_254570	0.123840642	0.09411628114	0.1338056895	0.3044419363	0.2704691891
TGME49_300200	1.501556445	1.223122223	1.311834649	1.444850154	2.991513646
TGME49_300613	1.70318027	1.74328359	1.743208477	1.146298719	1.110003536
TGME49_206480	0.1948129083	0.2743156139	0.2692938032	0.1566110312	0.05074025357
TGME49_209100	0.2935239968	0.1072924193	0.2542961058	0.4677538059	0.4159389282
TGME49_236260	0.06636192163	0.07411227027	0.09323253378	0.1278167367	0.1174566304
TGME49_313400	0.4099529117	0.2824957741	0.3227216915	0.4700120844	0.6462972188
TGME49_310380	0.03531359525	0.07599480734	0.03849817402	0.06080618122	0.02437903921
TGME49_205570	0.01514380872	0.0296977807	0.02054264075	0.04921924213	0.03818941673
TGME49_222990	0.0448344043	0.03542911317	0.05412980688	0.1535753195	0.08423061551
TGME49_305810	0.02469657076	0.02221498254	0.05590741302	0.07922558645	0.0144365844
TGME49_296340	0.2162876427	0.325932224	0.2702240129	0.1974871771	0.03610304608
TGME49_310580	0	0.002552555532	0.01133191342	0.008433045234	0
TGME49_314955	0	0.002466946827	0.009456394759	0.01244315608	0
TGME49_231800	0	0	0.002252373558	0.02497375367	0.01477712181
TGME49_246910	0	0.00716233038	0.006915186551	0.008560594857	0
TGME49_209410	0	0.00689738207	0.006511663281	0.009066406483	0
TGME49_214575	0	0.01422443345	0.004272929985	0	0
TGME49_230510	0	0.007514586069	0.002305528788	0.0159259182	0
TGME49_242100	0	0.007268589449	0.004579712975	0.00805053334	0.007080691972
TGME49_254920	0	0.003977792074	0.001928228673	0.02397785197	0
TGME49_256800	0	0	0.01369265978	0.006967688188	0
TGME49_281610	0	0.01544092574	0	0	0.01001912066
TGME49_311830	0	0.003976048914	0.002539544311	0.02199053618	0
TGME49_321390	0	0.002506102217	0.00400030901	0.01684605302	0
TGME49_270100	0	0.002499696703	0.004631118976	0.01457881503	0.01317951064
TGME49_248550	0	0.003073276046	0.003976390689	0.01609529681	0.01168868862
TGME49_264860	0	0.004967680907	0.004236432832	0.01551907992	0
TGME49_308880	0.04173282369	0.0829548529	0.06425335866	0.05196531735	0.02603287887
TGME49_314500	0.3222525039	0.3566759567	0.2119481905	0.2722399901	0.1654156058
TGME49_311625	0.02364366243	0.0286622064	0.04721602537	0.07241984635	0.02733511282
TGME49_249950	0.0604878434	0.1010589	0.07277956461	0.1156354704	0.01644061545
TGME49_242625	0.06066576623	0.07278289362	0.08154977367	0.1601543662	0.0150730928
TGME49_261500	0.0294740955	0.007120761192	0.02005242655	0.01208813563	0.06387240959
TGME49_461470	0.9885188029	0.9932661282	0.8930242288	1.446205843	1.352778281
TGME49_295460	0.07316317571	0.06897087388	0.08617391873	0.1499886433	0.2165398838
TGME49_289010	0.05177013136	0.09543986141	0.05503413676	0.08141617326	0.03121431528
TGME49_235610	0.0171125957	0.01919298641	0.04044491559	0.04896272052	0
TGME49_236130	0.03321590084	0.02746512131	0.04693972687	0.1172922089	0.01500313622
TGME49_289160	0.01677871414	0.004759766426	0.00228954941	0.008434525158	0.05450804742
TGME49_318275	0.02932403328	0.002192895737	0.02477944998	0.02726430618	0.02073963001
TGME49_227870	0.02858987046	0.06388673825	0.03648285762	0.04897357883	0.008410171473
TGME49_293290	0.01714525807	0.01035357253	0.01139304523	0	0
TGME49_269300	0.03957119878	0.02440957274	0.02420822261	0.02677193072	0
TGME49_276810	0.01861145103	0.01521815078	0.02989177794	0.09071792457	0.02399577374
TGME49_221430	0.01639698297	0.01641164877	0.001951083525	0.0007628746054	0
TGME49_211230	0.03335838078	0.02482962994	0.05741423776	0.0993915176	0.03345302082
TGME49_234970	0.1287837911	0.04804202837	0.1093809888	0.1953686544	0.01887971123
TGME49_247380	0.01877245702	0.02224427403	0.04027408461	0.04306632547	0.08498438324
TGME49_240590	0.3031470224	0.3315386147	0.3316317331	0.5155206854	0.1515348153
TGME49_248660	0.08655946273	0.06937293412	0.09483589756	0.2259119553	0.1264143373
TGME49_225310	0.1700349341	0.1215292029	0.09857608029	0.2411537319	0.0826288893
TGME49_320090	0.06299221185	0.03839935863	0.03525880374	0.03721148727	0.1200624428
TGME49_273290	0.07432701983	0.07962651479	0.114599987	0.1062490301	0.09591206979
TGME49_244220	0.02872389695	0.01954496053	0.01941715911	0.008904495635	0.01477712181
TGME49_287450	0.1035191245	0.156721329	0.1557082089	0.08742879239	0.02525715903
TGME49_314660	0.2361375423	0.3023819254	0.2779832627	0.2763479582	0.1520591975
TGME49_232320	0.03235473162	0.0192996463	0.01287246714	0.02520250225	0.03014921144
TGME49_209070	0.02278637037	0.05206613051	0.03370761013	0.04423600292	0
TGME49_249215	0.03320139327	0.01356000623	0.02545412691	0.01929051127	0.009760652442
TGME49_321310	0.02549311976	0.04577799268	0.04255679608	0.05170747106	0
TGME49_261690	0.02299244171	0.03279525709	0.05272821762	0.04201899257	0
TGME49_228340	0.009269149813	0.02260102147	0.02329003638	0.02997980794	0
TGME49_270620	0.009186585781	0.03204684983	0.01786251926	0.02018134604	0
TGME49_306300	0.1108232112	0.1279793633	0.1790250885	0.1527064391	0.02188538157
TGME49_235370	0.07490350823	0.004740501953	0.004385191243	0	0.9064234368
TGME49_299670	0.237810992	0.4027984265	0.2410436557	0.1978329977	0.1293415218
TGME49_243980	0.07615713215	0.07832483182	0.119072704	0.1341765917	0.06427086813
TGME49_460220	0.02046528787	0.03407281945	0.006571674144	0.08791915154	0.05162007688
TGME49_277680	0.07233898426	0.06507105234	0.09224327081	0.1830235722	0.04787214025
TGME49_213050	0.1332162865	0.1283224227	0.1422264623	0.2518590228	0.297687071
TGME49_320470	0.1280905508	0.1696897973	0.1637549584	0.1478166643	0.2035711883
TGME49_219590	0.1043900597	0.1488415146	0.102039178	0.2282441974	0.0676662682
TGME49_205730	0.04644653175	0.06053022009	0.03185371141	0.02849631845	0.4795817137
TGME49_257595	0.01021788382	0.008470540315	0.02904291658	0.03918407953	0.0127005609
TGME49_320550	0.08735745828	0.03427299782	0.06559568097	0.09519056604	0.0659251973
TGME49_246970	0.02445497708	0.040948008	0.03093204704	0.05761974749	0.01496471156
TGME49_218820	0.6512843037	0.597201064	0.6661377347	0.9915478651	0.9671278876
TGME49_318330	0.1355459125	0.1095402983	0.08727478315	0.1333092646	0.07696274496
TGME49_224350	0.189206824	0.125135234	0.2545413713	0.3604060553	0.219143217
TGME49_264740	0.4762810288	0.3516152134	0.5323058104	0.4077393351	0.1588327946
TGME49_306590	0.1690443857	0.2228562085	0.192595153	0.2504225464	0.04900769309
TGME49_315930	0.2115071568	0.1738922248	0.1453213309	0.5527073343	0.4056919014
TGME49_254090	0.01083975543	0.02020857507	0.007283953841	0.03180651684	0.09131384436
TGME49_265110	0.02800963054	0.03495163618	0.049286379	0.05773969208	0.02494642681
TGME49_306410	0.04026920274	0.04800085438	0.02636659955	0.1224425587	0.1639438516
TGME49_202520	0.3315329121	0.317162235	0.2967429706	0.2457789302	0.1084813802
TGME49_316510	0.6592213041	0.3624017618	0.9257239279	0.5372509155	0.06012961546
TGME49_263595	0.1555181791	0.2173933161	0.168390835	0.2314983323	0.09164441067
TGME49_211070	0.002412677138	0.004967729988	0.01612715875	0.0220678088	0.009396425141
TGME49_233480	0.002393975754	0.02306720626	0.001855016992	0.02298282747	0
TGME49_297660	0.002943461126	0.01859185715	0.01353179853	0	0.01169612297
TGME49_243190	0.003016946812	0.0247714741	0.007161834102	0.005087024699	0
TGME49_253900	0.002966944342	0.01215629701	0.01307958477	0.0155848147	0
TGME49_268690	0.003136842046	0.01408935435	0.006736225826	0.02412182662	0
TGME49_271920	0.003072340299	0.009294533164	0.01314800874	0.02299382975	0
TGME49_304880	0.4137859833	0.4108007116	0.4011854023	0.2237102768	0.2210629734
TGME49_260660	0.00321523668	0.01228068581	0.006439110852	0.02425278347	0.01317951064
TGME49_272570	0.003506438075	0.002361921234	0.01400671041	0.0328501321	0
TGME49_299070	0.05358750387	0.02575073511	0.1034063946	0.164560742	0.01385804292
TGME49_213970	0.04376499648	0.08026691851	0.06797977103	0.06064574649	0.04251911209
TGME49_224090	0.1694566424	0.1360294239	0.1329438583	0.1527646929	0.09390197837
TGME49_221850	0.04318649978	0.04206261677	0.06069636691	0.1006310513	0.0620007518
TGME49_270780	0.04102999884	0.06479333722	0.0584191286	0.0796462014	0
TGME49_308060	0.4153184377	0.644744586	0.4070235904	0.3116789881	0.3016758674
TGME49_270310	0.3448243674	0.3294868793	0.3151292827	0.1685765548	0.407477608
TGME49_218770	0.006419145591	0.02451642349	0.01614931596	0.01860270288	0
TGME49_215960	0.005550327064	0.03301604617	0.01590236306	0	0
TGME49_208550	0.006084026357	0.02089800483	0.02344131084	0.01039046503	0
TGME49_253470	0.2783214837	0.3775583969	0.188557011	0.5084284876	0.2283060267
TGME49_214390	0.005596508981	0.01719309813	0.01561984278	0.0225228912	0.01400541728
TGME49_267350	0.2481439815	0.2773979975	0.2417484979	0.4107039489	0.331828423
TGME49_316210	0.0060293767	0.02093698146	0.01646801507	0.007608955718	0.03275010875
TGME49_210750	0.006635944178	0.02162735435	0.01129618584	0.02428255448	0.01129521284
TGME49_218362	0.006476933057	0.004244217623	0.012518401	0.03546718985	0.0796708046
TGME49_306430	0.07223935696	0.06144667255	0.1020693341	0.1419123914	0.2193804499
TGME49_319370	0.05590719072	0.01404690226	0.02607871874	0.07723388058	0.06754353357
TGME49_316610	0.006063814703	0.02761903361	0.01615717181	0.00480338798	0.008725886966
TGME49_272270	0.006572283081	0.01117183574	0.02642790653	0.01278114635	0.01245021609
TGME49_269840	0.07500012244	0.04509387475	0.0642284694	0.2240444409	0.187377195
TGME49_211090	0.08178545069	0.1017966444	0.1065738927	0.1399559941	0.06975145181
TGME49_261380	0.06167816705	0.05765939696	0.08560936535	0.1481772936	0.1095578763
TGME49_215560	0.006839693766	0.00651054366	0.01418718648	0.03884770082	0.01232801807
TGME49_458380	0.1095173982	0.1497666046	0.1177851004	0.1635744516	0.171521995
TGME49_229030	0.05670183411	0.004562158516	0.02553620598	0.1197123433	0.02451094498
TGME49_290190	0.1265527105	0.08412991224	0.08295471566	0.1309186221	0.2118711569
TGME49_248420	0.1890071893	0.1014378543	0.1836407811	0.2185526042	0.06548093466
TGME49_215170	0.0588885697	0.05237959232	0.04722407482	0.1422279329	0.2473177453
TGME49_216780	0.08901074542	0.04937275259	0.1639763098	0.1914836821	0.01036805374
TGME49_270710	0.165163574	0.2464230581	0.1453090833	0.2676227531	0.123408319
TGME49_255960	0.007219508951	0.0161331118	0.02273571696	0.01656265129	0
TGME49_235750	0.04409000166	0.08130357276	0.04288538467	0.08892729274	0.05885434728
TGME49_255170	0.007353697236	0.0181728437	0.01529661656	0.02444502537	0
TGME49_460620	0.07320618555	0.08983280361	0.08333954137	0.1279999264	0.1567871009
TGME49_287040	1.334425659	2.802378199	0.8143173786	0.2932424471	0.5491668106
TGME49_294690	0.4437195592	0.5681720342	0.3593111094	0.1346575021	0.3630000351
TGME49_213670	0.01293199122	0.00630241098	0.02125411923	0.05644178379	0.1056820145
TGME49_250750	0.05091886922	0.07094839484	0.07753922972	0.1021694503	0
TGME49_310440	0.09021407867	0.03187199635	0.06116191592	0.09628108645	0.1893896286
TGME49_312510	0.03292177507	0.02661218387	0.09322386982	0.04383026441	0.01389444862
TGME49_226240	0.03172228304	0.06333278426	0.03578917496	0.06366671511	0.04978599009
TGME49_271110	0.01314361537	0.03488307035	0.01885420254	0.03438904515	0
TGME49_227650	0.01234644701	0	0.004332535471	0.04836345784	0.2273768976
TGME49_279330	0.06674331602	0.1170135439	0.05438822364	0.1116674322	0.08946924606
TGME49_306600	0.1330486362	0.1739668174	0.1481516557	0.2181836981	0.09180686964
TGME49_321630	0.1444681523	0.2156307773	0.1821236608	0.06867121131	0.3443992298
TGME49_231850	0.6838073567	0.3865265149	0.7086732338	1.220159777	1.793339408
TGME49_258508	0.01392369025	0.01550278111	0.03273342585	0.03143132388	0.01524043281
TGME49_216950	0.08906002544	0.08073188233	0.06290065774	0.04587994628	0.03206247099
TGME49_281675	0.3748240983	0.3215089541	0.5226194193	0.1022709649	0.02485934801
TGME49_233130	0.01347243781	0.02191615729	0.02697579689	0.06197498159	0
TGME49_263750	0.04783926932	0.04019280164	0.0937239505	0.09223340594	0.01408090045
TGME49_249270	0.4257596446	0.1277417128	0.5263538692	0.98040624	0.7961052743
TGME49_225850	0.1259006625	0.1500512711	0.1839892737	0.1781779276	0.05545772698
TGME49_300690	1.26281885	1.287782782	1.308022589	0.8304889844	0.6878911661
TGME49_292975	0.02499060887	0.03913736272	0.05107669065	0.04613564825	0.01358240244
TGME49_315420	0.01627388297	0.01606110599	0.02998369625	0.0712398409	0
TGME49_301890	0.7635755434	0.5690428016	0.6950962478	1.01327455	0.3932076074
TGME49_266260	0.02167775113	0.03995419171	0.03331707112	0.0613694541	0.01129521284
TGME49_306680	0.1162124602	0.09788126508	0.1517414439	0.2312082541	0.1728993536
TGME49_312820	0.02875614346	0.033245622	0.04580776702	0.0663418979	0.05628437505
TGME49_206670	0.5320154835	0.5126915267	0.4615824279	0.491524444	0.2400156146
TGME49_460110	0.5561886348	0.4420423525	0.4668337615	0.6311844862	0.6344846464
TGME49_276120	0.02018770808	0.004873040002	0.01643310874	0.01200597928	0
TGME49_311030	0.05380554221	0.05523331851	0.1078697185	0.06855028103	0.02575803724
TGME49_302009	0.2533227357	0.2465382032	0.275189786	0.09305890045	0.0959126716
TGME49_309180	0.01954203374	0.01343893995	0.004791566056	0.01061379676	0.01457549449
TGME49_297790	0.1127915576	0.15759298	0.1197781598	0.190569587	0.06879979221
TGME49_292235	0.02557714832	0.03661336178	0.02829831129	0.08317453839	0.04484424016
TGME49_291180	0.2936959675	0.2751327834	0.3436558672	0.3949940298	0.5742459325
TGME49_309610	0.05035969362	0.02441620795	0.03300414916	0.06631422218	0
TGME49_214100	0.3800286426	0.3025712728	0.397165873	0.2648397065	0.2226654399
TGME49_257050	0.02512867942	0.07434181051	0.02133463336	0.03226562576	0.02587413708
TGME49_226680	0.083725791	0.05719277955	0.0697043529	0.1220327831	0.6826743888
TGME49_278550	0.01845626952	0.04428809629	0.02255155278	0.04459436599	0.01496471156
TGME49_226790	0.02179292176	0.02786172524	0.0208257983	0.09459316636	0.03599025285
TGME49_262980	0.0468672344	0.05805023839	0.06734721385	0.08694727593	0.09745274763
TGME49_306280	0.3185143796	0.2844852249	0.2801370435	0.649309898	0.5504309652
TGME49_284040	0.06799873286	0.03299944006	0.0593731817	0.07179351118	0.01575351087
TGME49_232180	0.02296971541	0.05078817568	0.03609966378	0.02996999162	0.0368820647
TGME49_306730	0.02658861211	0.01053838316	0.05155373129	0.08081342617	0.07124300358
TGME49_244670	0.1096505216	0.0984451889	0.1436360084	0.2268293273	0.07425048936
TGME49_309950	0.04225028353	0.09078182882	0.05570809324	0.06373058023	0
TGME49_319900	0.0474387067	0.09035194245	0.03066315754	0.02167356592	0.3838462796
TGME49_310430	0.1185242664	0.1363779959	0.1306791088	0.2277099565	0.1413595663
TGME49_216410	0.04889200132	0.01205213195	0.04348992415	0.05713353339	0
TGME49_207750	0.1653584969	0.3054816108	0.1616764249	0.1274296708	0.05343324945
TGME49_254020	0.02066423425	0.05976373701	0.02440586991	0.02135634619	0
TGME49_238080	0.03235695031	0.04351452778	0.04533041712	0.09790144495	0.04874354767
TGME49_207910	0.09145205853	0.1390844335	0.1049890984	0.1250064107	0.01459668958
TGME49_264970	0.1265384135	0.1609220388	0.1689428528	0.1834783268	0.09258851798
TGME49_253440	0.4723894958	0.478293598	0.4153246651	0.3614989164	0.303311708
TGME49_304520	0.168606447	0.1377776749	0.1214146921	0.1760292458	0.1169445246
TGME49_246150	0.175748623	0.2657052965	0.273352573	0.09141214462	0.01259871983
TGME49_226290	0.3407897146	0.3727072942	0.2825075742	0.1066382383	0.5389360534
TGME49_248520	0.05709351125	0.02627535072	0.07314394268	0.09022919019	0.4244891297
TGME49_243990	0.03878691799	0.07349162032	0.04183489921	0.07217351957	0.02798354846
TGME49_247330	0.04729324249	0.03404334842	0.02992121247	0.02735541572	0.01082513095
TGME49_272200	0.00784372874	0.01014799257	0.03592145238	0.02320736858	0.01269120559
TGME49_222800	0.04672188667	0.02891370293	0.02130546489	0.0435498601	0.05057609887
TGME49_280375	0.009421763162	0.03825217072	0.01488228061	0.01240746439	0
TGME49_213069	0.0092916656	0.008709963512	0.01867748088	0.05164090177	0.01048869957
TGME49_201800	0.3949739984	0.2428580749	0.3797906535	0.476685052	0.3210499186
TGME49_254650	0.4219168707	0.414150277	0.3678952383	0.2822628402	0.3845165623
TGME49_288360	1.190290895	1.259521552	1.282786411	0.7078530665	0.2778487011
TGME49_237020	0.009461875198	0.01152334195	0.02179439556	0.04241648126	0.01448473704
TGME49_243480	0.04525136703	0.02064995088	0.03129470751	0.05049562996	0.01217990511
TGME49_212260	0.2179744823	0.2716975829	0.2550541154	0.2792727491	0.1261340151
TGME49_246670	0.01044359487	0.01537733314	0.01376583927	0.05015742949	0
TGME49_227010	0.07474597238	0.1318237795	0.1251295299	0.03984489076	0.01448473704
TGME49_310770	0.1914908235	0.1795215471	0.2555017355	0.3328974732	0.07620066159
TGME49_232090	0	0.00504847142	0.01147729712	0	0
TGME49_262910	0	0.009935237545	0	0.008008570721	0
TGME49_299110	0	0.004992060579	0.002317756383	0.004769021226	0.03385289531
TGME49_260340	0	0.008962622399	0.004283435831	0.004436339641	0
TGME49_273478	0	0.008846539619	0	0.01320360214	0
TGME49_202960	0	0.006171678901	0	0	0.05776033232
TGME49_204390	0	0.00238748614	0.006657057552	0.008109423271	0
TGME49_209470	0	0	0.006989171745	0.01447355038	0
TGME49_213748	0	0.004867603891	0.005696654472	0.008932157766	0
TGME49_221275	0	0	0.004834327866	0.01737613175	0.0156464242
TGME49_229300	0	0.006155367208	0.006906680185	0.004260810446	0
TGME49_230340	0	0.004953110953	0	0.004133429254	0.05325596312
TGME49_230910	0	0.001970687104	0.006884504348	0.01374940378	0
TGME49_240260	0	0	0.009499894165	0.008013050537	0.0127005609
TGME49_243370	0	0	0.004267607975	0.01878496984	0
TGME49_254485	0	0.004394241543	0.0091586151	0.003551935643	0
TGME49_259150	0	0.002562897941	0.00671777738	0.01049295249	0
TGME49_259850	0	0.007343224386	0.004106314164	0.005882427076	0
TGME49_306890	0	0	0.006528139688	0.01553701944	0
TGME49_233460	0	0.01500633394	0	0.009605116041	0
TGME49_260150	0	0.002218446673	0.007141064781	0.01038126077	0
TGME49_240080	0.05265435485	0.05949977186	0.09685690256	0.06575502316	0.03414026559
TGME49_224940	0.0852948416	0.004969788208	0.07344560674	0.1317702855	0.1012482181
TGME49_246740	0.08547024021	0.051290985	0.07388842537	0.2203003772	0.3093208124
TGME49_263860	0.02557303512	0.06340302315	0.04018132403	0.03337098372	0.01129521284
TGME49_312640	0.119992624	0.09184240248	0.1499302567	0.2474448676	0.2312218062
TGME49_247050	0.1770077273	0.1785117519	0.1935875841	0.3235008214	0.2196829395
TGME49_221522	0.05785564665	0.028995701	0.1000613526	0.1354076212	0.131303473
TGME49_249330	0.04155249748	0.02466659867	0.01413882377	0.0429279358	0.04570563389
TGME49_252990	0.03810963586	0.06957316212	0.04865449068	0.01258601564	0.1472840086
TGME49_230420	0.1407095046	0.1140226869	0.2156902402	0.2489760276	0.03493117081
TGME49_284620	0.02904431392	0.03583042605	0.06674698558	0.05003837039	0.01263317669
TGME49_202490	0.1935712165	0.04184610939	0.2224708405	0.234685814	0.1913333367
TGME49_244040	0.03205161212	0.04376090443	0.05304583898	0.07407468298	0.01430167064
TGME49_257330	0.02300391255	0.01450865142	0.01146468002	0.01009420792	0.02459461515
TGME49_459240	0.04025037933	0.02723610684	0.02016574542	0.03087625684	0.02525715903
TGME49_273920	0.02199921023	0.01327685651	0.01617954116	0.009321139851	0
TGME49_267390	0.01159327475	0.03626127507	0.01111135174	0.04264702996	0
TGME49_314570	0.1108355957	0.1368674811	0.1471541261	0.1607608652	0.1088884264
TGME49_243680	0.07383273912	0.04042147949	0.1667428673	0.09671093491	0.03796666521
TGME49_310630	0.03187985643	0.02221295117	0.04175400885	0.1084155807	0.0708180993
TGME49_230220	0.06991878723	0.02305609164	0.05751243304	0.07780540744	0.05274143436
TGME49_304990	0.1164984669	0.05684784049	0.1242988804	0.1076568291	0.05237974747
TGME49_256900	0.01229262485	0.02960493368	0.02985306797	0.02560641457	0
TGME49_210360	0.09890008478	0.1664325797	0.1406394045	0.07057567171	0.05705271728
TGME49_266880	0.01337075277	0.02831590642	0.02995596279	0.01716861732	0.01648236494
TGME49_310270	0.02424827972	0.03092051114	0.05801765386	0.05376499325	0
TGME49_255215	0.002437508341	0.00687343745	0.008348954765	0.01668754082	0.04279678654
TGME49_276900	0.02985296574	0.05178240809	0.04361880926	0.05852441083	0.02343673687
TGME49_268810	0.01278364358	0.02828485325	0.01814889975	0.0318574461	0.02120071024
TGME49_269775	0.02527117162	0.009036697482	0.008588364809	0.02096040772	0.05659773901
TGME49_232100	0.003084917136	0.01209347829	0.009316114706	0.0223693535	0
TGME49_305315	0.002971959385	0.009498465412	0.007389307108	0.02816090987	0
TGME49_245995	0.002966944342	0.01324875265	0.006621316544	0.0219625645	0
TGME49_459970	0.01279135972	0.02322591743	0.02275359375	0.03529118912	0.02872791613
TGME49_318640	0.003368160548	0.009385744807	0.01190127704	0.01990180866	0
TGME49_321410	0.09854479478	0.09327792802	0.1048946941	0.2289060894	0.1372429826
TGME49_272290	0.003337159526	0.002302288385	0.01162198213	0.02993416804	0.01169612297
TGME49_214630	0.05779447815	0.01839389324	0.02617006823	0.07069966779	0.1120789581
TGME49_254135	0.03870733082	0.06480087638	0.05642659437	0.07683144031	0.01496471156
TGME49_227335	0.02506069558	0.002502892551	0.0113674969	0.03908041874	0.01317951064
TGME49_255740	0.06606954148	0.07574318751	0.09443887718	0.121495346	0.04416313946
TGME49_278260	0.003392503188	0.009111918574	0.01195533301	0.0204878473	0
TGME49_269620	0.003362622512	0.01620760601	0.006749616026	0.004095952833	0.04068340327
TGME49_246140	0.01336168879	0.02474643118	0.02919196922	0.03194232104	0.01249469277
TGME49_220920	0.01346169851	0.02763333445	0.02290289849	0.03451088158	0
TGME49_234625	0.003493848994	0.007403799279	0.01149928234	0.02327660713	0
TGME49_208020	0.2119394175	0.1510780344	0.2737430457	0.06578773355	0.03703875599
TGME49_310118	0.05868443058	0.03235162264	0.03436164523	0.06947665094	0
TGME49_283710	0.006106828255	0.004582717303	0.02575359396	0.01730158808	0.009396425141
TGME49_214750	0.08824906925	0.1157604233	0.1168896859	0.1451465404	0.02422715862
TGME49_272383	0.003749569864	0.002018704563	0.01937188057	0.0179858472	0
TGME49_224830	0.006719348568	0.009994686926	0.01909819079	0.03054911352	0
TGME49_216740	0.02930491137	0.04200863337	0.04784118955	0.07294862504	0
TGME49_229340	0.03029436904	0.008692409157	0.01356828054	0.03968039972	0
TGME49_236150	0.01420004158	0.001963127573	0.008883852077	0.008152045679	0
TGME49_240940	0.01367852765	0.006078072244	0.009423961588	0	0
TGME49_316480	0.003754881641	0.01330114333	0.006365292302	0.01138719012	0.02488046601
TGME49_226565	0.003710544096	0.008876123817	0.01106246651	0.01345722359	0.012644722
TGME49_214820	0.1385227294	0.1979479919	0.133310689	0.2344605566	0.08825924633
TGME49_214370	0.02975895872	0.0490168737	0.03609848459	0.06070990404	0.05690311414
TGME49_214160	0.02734294614	0.01442010206	0.01728914915	0.01701446998	0
TGME49_255390	0.006038489335	0.004827624361	0.01367146786	0.04534167192	0
TGME49_318675	0.130729586	0.1463945567	0.07465648889	0.09227732812	0.05808490399
TGME49_215370	0.006791841683	0.01196646822	0.02606067509	0.01344527231	0
TGME49_232310	0.01372541005	0.02107131946	0.03765053255	0.01966057797	0
TGME49_241860	0.006869827288	0.01225863737	0.009570398207	0.04124814402	0.01206898291
TGME49_314470	0.03781578262	0.06328651682	0.05775475548	0.05514222887	0.03564269694
TGME49_240400	0.006764154605	0.0183934214	0.01532628829	0.01624660025	0
TGME49_262640	0.4748090502	0.5206093956	0.4035932726	0.7700002429	0.6211274356
TGME49_458630	0.01278873083	0.007214555495	0.004822187849	0.009448759642	0
TGME49_288730	0.01367053374	0.0171159588	0.02552380048	0.02811730807	0.06244836563
TGME49_265005	0.00708850545	0.02100602981	0.009506253685	0.03035115793	0
TGME49_219485	0.0179546326	0.06863302439	0.01857230566	0.01443588494	0.007727326511
TGME49_313480	0.006936720239	0.01715690025	0.01222360373	0	0.08545386315
TGME49_213380	0.03336220165	0.01159359745	0.02087515487	0.01781694411	0.073098675
TGME49_212130	0.1382571847	0.08054076843	0.1093325145	0.178375614	0.1346058739
TGME49_311280	0.03048616809	0.002490190939	0.01451592125	0.05065354673	0.01549867895
TGME49_254840	0.00724465416	0	0.0144232569	0.01646985941	0.1271024709
TGME49_219780	0.01288048498	0.007160071485	0.006280519132	0.004542121536	0
TGME49_229220	0.01220294251	0.009564357397	0.006568108935	0	0
TGME49_267875	0.009981619545	0.001919458474	0	0.01456991895	0.02828806472
TGME49_310160	0.01339133043	0.00394907915	0.009959022015	0.004808583629	0
TGME49_227450	0.5010164442	0.375844221	0.5207109919	0.4380922022	0.444289662
TGME49_232620	0.01149863246	0.002435586484	0.007297224371	0.003736805969	0.03279464244
TGME49_243590	0.01405607682	0.02285875654	0.0194527926	0.04657143442	0
TGME49_286650	0.0640746268	0.07015446798	0.04200101691	0.1750249339	0.216572713
TGME49_223600	0.02150709732	0.0328978905	0.04189698166	0.04607868328	0.03799399386
TGME49_249930	0.01435987857	0.02549362396	0.01612878682	0.04452681341	0.01276185419
TGME49_293320	0.1862102242	0.2266022566	0.1993020936	0.1993404035	0.3485122209
TGME49_260630	0.1068378525	0.0700844852	0.07939426615	0.1014522841	0.1440768167
TGME49_233710	0.01419451889	0.02470039922	0.02024497716	0.03452054229	0.02833547723
TGME49_209150	0.1244593575	0.06209702098	0.1003374185	0.08282659601	0.3449265435
TGME49_203020	0.0261615545	0.04052767929	0.04848236489	0.04893208181	0.01217990511
TGME49_203610	0.3056928815	0.3796537778	0.3116313598	0.4497472241	0.114714497
TGME49_225690	0.0544910228	0.04113027713	0.04997449991	0.02372348542	0.639910152
TGME49_239250	0.1165193363	0.07936280501	0.06860650728	0.1460154756	0.09095805594
TGME49_226780	0.02219470407	0.02733807028	0.03774667594	0.05703273204	0.07091633951
TGME49_206380	0.03775236472	0.04715421499	0.06837654282	0.05649148825	0.05957251567
TGME49_225480	0.02890352447	0.009740519782	0.01606835301	0.02398747114	0.04984183315
TGME49_243410	0.03226671408	0.006792697134	0.02052778975	0.04169873223	0.02015260892
TGME49_253870	0.01530063999	0.01426546789	0.02384484116	0.06662027188	0.05975412297
TGME49_291810	0.111649647	0.06757421339	0.1180681616	0.2698651919	0.2531732101
TGME49_273885	0.02653415719	0.03916980389	0.05125335484	0.04277196574	0.01542226073
TGME49_217790	0.01591170069	0.02269143673	0.02244514884	0.06072651748	0.01297080135
TGME49_240970	0.01529663299	0.01158324713	0.03862363769	0.06091898528	0
TGME49_248980	0.07075400674	0.07503991725	0.1077236449	0.1113613101	0.09435924418
TGME49_273770	0.6901614779	0.7011584139	0.5840488092	0.633122423	0.4015952927
TGME49_270450	0.05619042189	0.02544424361	0.03451529462	0.06876316065	0.0331358281
TGME49_249010	0.02661609057	0.04346181411	0.03797128789	0.04525565568	0.04574403357
TGME49_271860	0.01879038538	0.01434198878	0.04803325203	0.05416869139	0.0127005609
TGME49_207590	0.01914042806	0.04279547384	0.02266137815	0.01633136732	0.1220410397
TGME49_319360	0.1280552679	0.1120009276	0.1007987241	0.09192466648	0.01504187394
TGME49_298960	0.01594045717	0.008147705306	0.02757554487	0.06796547553	0.03845296319
TGME49_286090	3.824000927	4.122110398	3.979316037	3.687651808	3.421571184
TGME49_267030	0.01739858845	0.0231664344	0.03698629886	0.04039415339	0.01566410774
TGME49_234510	0.1794617995	0.1694984226	0.224946775	0.3130542375	0.1315643917
TGME49_242890	0.02249478598	0.02140723374	0.04660889768	0.05787528429	0.01500313622
TGME49_261022	0.01732717493	0.01527902592	0.02816595915	0.06613000594	0.02813597604
TGME49_266030	0.3407680579	0.3556996866	0.2975423702	0.2197006738	0.1533402048
TGME49_300980	0.01983840101	0.08366319637	0.008587810507	0.005988328461	0
TGME49_269180	0.0181425689	0.03881231744	0.01849532963	0.04345913886	0.05667074261
TGME49_268590	0.02798088019	0.07567939347	0.0351700372	0.002017193679	0.02845796989
TGME49_314295	0.07603678888	0.09695278789	0.101633124	0.1166496134	0.04988464389
TGME49_249020	0.01953251957	0.02151779102	0.03107325623	0.065139022	0.03125449129
TGME49_289760	0.01542265668	0.03473481659	0.01417978457	0.008455520465	0.1243498058
TGME49_271280	0.04393461009	0.0737852381	0.04308469508	0.1088096406	0.02441159142
TGME49_227290	0.2214507584	0.2965069949	0.2318951163	0.3113675354	0.1025694228
TGME49_313870	0.0955943283	0.1390429735	0.09452789878	0.1400528263	0.09584936327
TGME49_312670	0.01807345552	0.0334238241	0.02310749289	0.0334854109	0.02979625972
TGME49_200385	0.3333450005	0.227768753	0.3309935108	0.3388652811	0.1553121491
TGME49_262930	0.224456282	0.07912961847	0.1458653212	0.3879067955	0.4688424202
TGME49_273660	0.0228433734	0.03374872577	0.04857665097	0.03703612382	0.01259871983
TGME49_301300	0.05026571217	0.02772717758	0.05141782789	0.1511178831	0.1855332964
TGME49_220540	0.07215167393	0.1335351126	0.1154752997	0.02327770948	0.03052270135
TGME49_217480	0.06348973337	0.09954597813	0.08738264296	0.06509079087	0.0948607566
TGME49_202070	0.05112579833	0.02811826759	0.04346718767	0.04300059997	0
TGME49_313010	0.1907071754	0.2060381368	0.2059529782	0.2992593678	0.3185815675
TGME49_234520	0.3934922379	0.3275847164	0.3679781015	0.3403339918	0.2513867332
TGME49_234220	0.06397558881	0.0396960951	0.05937720344	0.03963040856	0.06326881937
TGME49_264430	0.06675984974	0.04516638816	0.0684275659	0.01654395767	0.07406248254
TGME49_275870	0.04521499911	0.07803651046	0.05596159268	0.08244894774	0.01025093044
TGME49_277920	0.6906840842	0.8580227758	0.8580457477	0.482452625	0.126389187
TGME49_301270	0.3597709123	0.2694143817	0.32284718	0.3633163588	0.3449792684
TGME49_264050	0.04005308614	0.04062800631	0.04437888806	0.05152279526	0.2515612592
TGME49_224670	0.05347583691	0.05034543458	0.02221883129	0.03787979891	0.04815610687
TGME49_308930	0.065959238	0.04166388247	0.1066228624	0.1867575846	0.02936593835
TGME49_215700	0.05434964835	0.02648815399	0.04332043638	0.04783415997	0.0294494486
TGME49_289320	0.05648754162	0.07121274177	0.04469885697	0.159034313	0.124072617
TGME49_264790	0.07159977607	0.08302491361	0.08991256408	0.1497837612	0.02495555723
TGME49_268200	0.06544012857	0.02771673546	0.06472671383	0.05856601556	0.02509991087
TGME49_248860	0.04261615149	0.08820062233	0.02725426989	0.073125524	0.02634751427
TGME49_299200	0.1565034774	0.08521028403	0.1398694771	0.1472548465	0.2093144236
TGME49_223855	0.2151805073	0.265657784	0.3349620698	0.161959609	0
TGME49_320630	0.1395321198	0.1649786305	0.1210878884	0.2655878085	0.1458898989
TGME49_320592	0.1323079837	0.1516344781	0.1871026584	0.1535106377	0.09904496672
TGME49_295690	0.03246707161	0.0380550406	0.04472188943	0.1016853178	0
TGME49_202410	0.132334933	0.0745096386	0.09291949837	0.1749800035	0.150051662
TGME49_267120	0.07654845699	0.09750478745	0.07939370327	0.1403284201	0.09930285432
TGME49_309190	0.17693451	0.1630466117	0.1228770989	0.1531351492	0.08119989101
TGME49_220890	0.315551371	0.5533772156	0.3006358877	0.2070438754	0.07528944081
TGME49_310310	0.068368414	0.1034912311	0.1093600394	0.06474907031	0
TGME49_260790	0.06737597771	0.08044675589	0.09156223778	0.1221338137	0.01014991745
TGME49_226280	0.05170890211	0.02614480735	0.07047889031	0.1879311835	0
TGME49_270805	0.009807350408	0.02885973513	0.02558774729	0.003570382326	0
TGME49_301430	0.04325853356	0.03911468669	0.06510237647	0.100304509	0.0675154006
TGME49_266380	0.03784706584	0.03836152648	0.06156922192	0.07611764448	0.0276336255
TGME49_225010	0.06868037554	0.07558714671	0.1030831754	0.1077373166	0.1038664872
TGME49_236820	0.04808573892	0.03040729677	0.02882088044	0.04857514528	0.02542290033
TGME49_294800	2.214107599	2.674949364	2.37813077	1.720803456	0.7847132341
TGME49_284630	0.07483483705	0.1144343359	0.1122464052	0.05996960618	0.07023469009
TGME49_286790	0.01016491952	0.007261553163	0.02599424871	0.03486019567	0.03040397217
TGME49_226830	0.461613312	0.3450566737	0.4755273056	0.4757121577	0.2686505069
TGME49_305180	0.09797908641	0.05189063757	0.1458949428	0.2263472816	0.1719849907
TGME49_242830	0.02820163528	0.04531713205	0.03547034388	0.07284591516	0.03071341343
TGME49_244580	0.01029997306	0.01460996927	0.01981350937	0.02779916291	0.03169444662
TGME49_309200	0.04905394003	0.03018845201	0.04199572225	0.02278326305	0.04103578652
TGME49_250850	0.0986515632	0.1313799639	0.1234125363	0.1272309494	0.105167488
TGME49_312520	0.05470185498	0.064365832	0.05037532919	0.155149385	0.01802647487
TGME49_297900	0.3255541604	0.3745656877	0.3829546585	0.4373714702	0.1308716959
TGME49_301480	0.04944461688	0.102141107	0.0720521333	0.02538293224	0.03102649376
TGME49_305530	0.01087242054	0.02728438881	0.01159593736	0.0313341158	0
TGME49_217850	0.06183236138	0.02525679462	0.05508746863	0.04872044359	0.03282128197
TGME49_286010	0.4869490316	0.5397835405	0.6591656648	0.4554175793	0.1262899551
TGME49_202630	0.09503468607	0.1192294375	0.122369867	0.1200608241	0.1780710644
TGME49_201210	0.02437183609	0.0450183808	0.04676128749	0.04399171074	0
TGME49_258390	0.2311641809	0.2401295047	0.2632156407	0.3978093497	0.1396364692
TGME49_257150	0.02542736585	0.04698435937	0.03957113051	0.03737785184	0.0381127936
TGME49_329800	0.03877175064	0.062146758	0.06666153912	0.04735320906	0.01569075523
TGME49_208540	0.03063683854	0.08194987211	0.02476712296	0.03564810138	0.01337106244
TGME49_249680	0.1659358998	0.2384193374	0.1972554771	0.2058997676	0.03561567278
TGME49_263810	0.08624515069	0.07790191141	0.1140763741	0.1844803277	0.09769050909
TGME49_458010	0.02999969236	0.03834048839	0.04859165414	0.05423005879	0.04659197324
TGME49_248240	0.07146820929	0.1345043144	0.09104174199	0.05220414483	0
TGME49_293270	0.08835170536	0.06749253026	0.0701389753	0.05472247971	0.04441273167
TGME49_278440	0.2620125478	0.2858026573	0.2967823136	0.3853760889	0.1993209221
TGME49_244100	0.1033982402	0.1435734179	0.09431504744	0.2058605985	0.06500511916
TGME49_240870	0.1165818105	0.10513606	0.1146926244	0.2232360588	0.4054706551
TGME49_227430	0.09266450836	0.0273391708	0.05132395674	0.1967969775	0.05280428751
TGME49_213910	0.05480630503	0.06870169129	0.08155731592	0.08679298465	0.05792334555
TGME49_297100	0.1355590074	0.15677547	0.1649912384	0.1930988461	0.1703500527
TGME49_277490	0.02577973402	0.0532984332	0.04547405818	0.0207537513	0.02607233465
TGME49_266366	0.248574945	0.3842154098	0.2430689384	0.2557320586	0.1776061987
TGME49_236930	0.04391436508	0.02867297263	0.06022850654	0.1263369676	0.1070218835
TGME49_230850	0.3601490932	0.4986191718	0.4151341831	0.1557026501	0.6700283621
TGME49_247000	0.1471380508	0.09656470125	0.1800334543	0.3196738709	0.2627696314
TGME49_257500	0.0130660083	0.02275439888	0.02090727881	0.04171998418	0
TGME49_215230	0.0657643145	0.03659027592	0.1150237027	0.1184244222	0.1816951212
TGME49_272180	0.01314951621	0.0171608549	0.02362471101	0.05070713952	0
TGME49_231840	0.01598932143	0	0.01539725282	0.004787144235	0.02159940854
TGME49_265060	0.01323028533	0.00500660915	0.0373210208	0.05056970974	0
TGME49_221350	0.0514531223	0.04633008067	0.07238172525	0.1223426018	0.01025093044
TGME49_208040	0.02317795422	0.0192683218	0.05449452327	0.04813969889	0.01232801807
TGME49_230960	0.1002004826	0.1165481618	0.1231279119	0.1814746147	0.01454038013
TGME49_249490	0.02639651176	0.01616417647	0.05736127681	0.04658771827	0.07216300406
TGME49_247320	0.02242975433	0.02661097651	0.04109736506	0.0608020492	0.02731397144
TGME49_215090	0.1053845845	0.1125482902	0.1765639621	0.1314832815	0.04200175617
TGME49_210230	0.08037509501	0.09818177772	0.1332570615	0.08422771613	0.03570281819
TGME49_216170	0.09691478682	0.04583189574	0.07991528471	0.1321153547	0.01674061414
TGME49_224935	0.1389079536	0.108350962	0.1547025703	0.251575636	0.3677431878
TGME49_460310	0.01372281071	0.02622127301	0.01596923458	0.03987126401	0.01358809815
TGME49_207970	0.01670890061	0	0.0138421196	0.01439228277	0
TGME49_215580	0.01520260886	0.001812254865	0.009345868734	0.004971861579	0.04480057217
TGME49_202800	0.01650345998	0.02106782777	0.02882820376	0.0517705856	0.0224437031
TGME49_228770	0.07885570186	0.08972389949	0.1012706933	0.1514194987	0.05937298531
TGME49_270655	0.0166903269	0.002460869801	0.01154226781	0.01573279958	0
TGME49_211220	0.02366925685	0.02320632325	0.03745700808	0.06571875728	0.03326501887
TGME49_268650	0.0239706523	0.0422846405	0.04950868313	0.01242178431	0.01322664538
TGME49_271190	0.01566019767	0.01633955077	0.02692028998	0.04836324245	0.04899722845
TGME49_218260	3.288066977	3.172669877	3.33771571	3.198653546	3.628965457
TGME49_285940	0.0154225787	0.007833872127	0.01187232448	0.00785239133	0
TGME49_233550	0.01508435076	0.01156938737	0.005005721846	0.01215057558	0
TGME49_257030	0.0142970158	0.00499592105	0.01102640879	0.01357115775	0
TGME49_275680	0.3160032783	0.2334360859	0.297413194	0.2749480023	0.3427178042
TGME49_311650	0.05822670804	0.01183146236	0.07189443561	0.04363135769	0.05043862061
TGME49_259690	0.01630824418	0.03245215845	0.01838431427	0.05174166971	0
TGME49_273380	0.005438246571	0.01895189334	0.01813210616	0.01417233876	0
TGME49_245746	0.01584452098	0.02510051919	0.03120147988	0.03241622686	0.02387601896
TGME49_290850	0.1939695055	0.2416199673	0.2390327118	0.180168035	0.2294827569
TGME49_208360	0.006083561701	0.0213740525	0.01670624926	0.01363094159	0
TGME49_249460	0.006297625129	0.01446879923	0.02147083516	0.008149400159	0.02620085531
TGME49_260380	0.006066147338	0.008407205009	0.009199054648	0.02982139808	0.06118867872
TGME49_306460	0.05768255151	0.06978991373	0.04680299953	0.1480772993	0.1173714947
TGME49_279320	0.09042820624	0.1041283216	0.1410321688	0.1003281963	0.1057659395
TGME49_460050	0	0	0.00853788947	0.007704345468	0
TGME49_230050	0	0	0.004897322603	0.007952059319	0.01601300582
TGME49_320460	0	0.002160196708	0	0.01125378879	0.02562391939
TGME49_229370	0	0.002448863742	0.006969844644	0.006853506883	0
TGME49_217700	0	0	0	0.004839781886	0.06388439662
TGME49_205420	0	0.002139530969	0.007506965529	0.008726245384	0
TGME49_255350	0	0.002243821944	0.0114440904	0	0
TGME49_277530	0	0.004301478823	0.002331596411	0.008600932258	0.01830605629
TGME49_238220	0	0	0.008855592081	0.008056274219	0
TGME49_255920	0	0.002142446415	0.001904644124	0.01529043174	0
TGME49_213340	0	0.002007383019	0.007048629462	0.009592024914	0
TGME49_324600	0	0.009502575396	0.004359181312	0	0
TGME49_205140	0	0.00455432526	0	0.01164842864	0.01168868862
TGME49_209485	0	0.002127988408	0.005650432058	0.01133076337	0
TGME49_215270	0	0.00208452415	0.008424576593	0.003825760629	0
TGME49_217692	0	0.002437049975	0.007154587864	0.009806246865	0
TGME49_218890	0	0.002368562577	0.007002433952	0.006119960307	0
TGME49_234600	0	0.001962376218	0.004177684338	0.004529625636	0.01417054249
TGME49_249290	0	0	0.006971824045	0.01318788826	0
TGME49_254590	0	0.009643833417	0	0.008031133412	0
TGME49_262850	0	0	0.001906889821	0.01178468885	0.03323499754
TGME49_266065	0	0.007430307127	0.004290347729	0	0.008318197561
TGME49_266150	0	0.009466905098	0.004819565884	0	0
TGME49_271025	0	0.006537766879	0.002380790628	0.003045854029	0.01412550554
TGME49_271070	0	0	0.002121894226	0.01989456244	0
TGME49_277020	0	0.008776088741	0.003818838898	0	0
TGME49_286100	0	0.002376612762	0.01148368034	0	0
TGME49_288265	0	0.006624791462	0.005662991963	0	0
TGME49_309530	0	0.004869088678	0.002480327964	0.007792789845	0.008410171473
TGME49_313840	0	0.002519081385	0.004724596886	0.01188714607	0
TGME49_320780	0	0.00494488818	0.004605642152	0.00677103297	0
TGME49_251940	0	0	0.004256158545	0.01697301061	0
TGME49_229140	0	0	0.009491963484	0.007951449771	0
TGME49_311755	0	0	0.002231466964	0.01974135259	0
TGME49_275370	0	0.002527309942	0	0.01378281047	0.02931205446
TGME49_242900	0	0.004502059543	0.002513825143	0.01055172191	0
TGME49_289230	0.006513919995	0.01170044754	0.02019974011	0.01138485994	0.02711979284
TGME49_281400	0.0405669863	0.02000046339	0.04125211541	0.02584905049	0
TGME49_249730	0.07540786536	0.02261501598	0.05019683034	0.07192225059	0.2349701493
TGME49_273610	0.0067027536	0.01186215022	0.02752249617	0.007703780378	0
TGME49_298070	0.006570513734	0.02439676103	0.009399338216	0.01758645812	0
TGME49_264472	0.0255460093	0.02813564787	0.03331551885	0.06177423005	0.03390942002
TGME49_209620	0.006302711511	0.00929496222	0.01983595908	0.01775536644	0.01275236941
TGME49_298990	0.005841409835	0.009258943011	0.02079406302	0.0174319875	0.007727326511
TGME49_294650	0.007064179408	0.02117604614	0.01144488923	0.02459538702	0
TGME49_253410	0.03565505531	0.03291110413	0.04023574958	0.1039639165	0.08725752286
TGME49_234470	0.3341494979	0.4502552666	0.3911383482	0.2962318547	0.1639653243
TGME49_312065	0.04802536194	0.04138384359	0.06359875717	0.1463535848	0.05647892539
TGME49_255900	1.076686023	1.035705245	1.33300818	1.038326462	0.8381660914
TGME49_258210	0.1554458308	0.2348882145	0.147235722	0.1949806468	0.1293669555
TGME49_236790	0.007253485242	0.004678685513	0.005506695441	0.02922790105	0.09714221939
TGME49_329600	0.0030976519	0.004804087261	0.02098669435	0.007309535874	0
TGME49_224760	0.002926505303	0.03041914684	0	0	0
TGME49_216070	0.003163831135	0.007089507866	0.01344705438	0.008946654942	0.0230006341
TGME49_310140	0.0667200201	0.03394604495	0.04031524146	0.08056557095	0.06777951131
TGME49_251890	0.00341936618	0.01160410355	0.009650890122	0.01507019229	0
TGME49_228395	0.003326434212	0.009449616171	0.01617879883	0.006187211789	0
TGME49_261070	0.00315626242	0	0.01064381925	0.0302546021	0
TGME49_300300	0.1496428884	0.1032974657	0.1821228857	0.08118057086	0.08768822422
TGME49_256090	0.003338957855	0.004611909218	0.01513592499	0.013279145	0.009811930765
TGME49_219218	0.003286314934	0	0	0.04602138509	0.01448473704
TGME49_299270	0.003667960709	0.006638794954	0.02175424114	0.00471311123	0
TGME49_270570	0.003433059695	0.01069932645	0.00641700038	0.02259847703	0
TGME49_225790	0.431487447	0.6818439182	0.2344555579	0.1790190881	0.2332975364
TGME49_279410	0.003549515196	0.006846520355	0.006529612107	0.02453964056	0.01359380095
TGME49_229700	0.003612913274	0.01005291048	0.008926547427	0.01884578438	0
TGME49_295035	0.003710544096	0.009584469627	0.007118986043	0.02392500268	0
TGME49_228670	0.05368953425	0.0227533136	0.03749061529	0.03769018392	0.08527804803
TGME49_250740	0.07333592585	0.07133405275	0.09330221032	0.1151400799	0.1978006319
TGME49_266760	0.07197844471	0.03452131613	0.09843689523	0.2264469015	0
TGME49_271935	0.06852903582	0.1569541666	0.04895207271	0.04400809796	0.06921636509
TGME49_249425	0.1561043681	0.2092456188	0.1849973488	0.2035318991	0.1270375972
TGME49_254260	0.04254791549	0.0751685354	0.06319259825	0.04845207895	0.01012442561
TGME49_266620	0.1535190773	0.1096104505	0.1754570595	0.365253699	0.150744957
TGME49_305860	0.1374472198	0.1692160416	0.1827230437	0.1385027777	0.179574033
TGME49_285520	0.03482353371	0.05758286202	0.05976285863	0.03423300784	0.01227241819
TGME49_240650	0.1235153098	0.06891631918	0.1546756733	0.2756333375	0.2916435766
TGME49_277780	0.0380616623	0.02339839807	0.02560279981	0.02593549767	0.01064475617
TGME49_219210	0.03367010675	0.0530314469	0.05220822146	0.03835265094	0.0359127022
TGME49_281630	0.1161220356	0.08930602148	0.1895741561	0.1985236543	0.05397911162
TGME49_224540	0.1363823755	0.09139008669	0.07302434618	0.09246090009	0.4842991273
TGME49_214500	0.1208512837	0.0867005866	0.08401115799	0.1728888783	0
TGME49_311690	0.073132095	0.009233462544	0.04993361832	0.119816376	0.1048048402
TGME49_315290	0.1440165891	0.2549910991	0.1368172386	0.1113474203	0.07555319069
TGME49_261520	0.02801320884	0.05478650762	0.02401930718	0.0668424542	0.03375974648
TGME49_263490	0.03347421684	0.04007860371	0.05976249249	0.06160564602	0.01532222707
TGME49_213930	0.1228011952	0.08679156311	0.1079626314	0.08540009269	0.04891236209
TGME49_233390	0.09201803215	0.08535435539	0.06755205202	0.05086259716	0.03811696656
TGME49_270960	0.1683749009	0.214540638	0.2405175781	0.1292618741	0.04064689505
TGME49_314790	0.1823055274	0.2009458534	0.1634223136	0.31657127	0.3313869595
TGME49_201670	0.0533933153	0.03111833895	0.03552383615	0.02446545852	0.1123049909
TGME49_244645	0.03521877746	0.0272089852	0.02691403293	0.01500775412	0
TGME49_247920	0.06130911112	0.05493151409	0.08207452918	0.09998100272	0.1817839097
TGME49_311290	0.05606710583	0.01262176499	0.08732262171	0.1867460861	0.1062865737
TGME49_229680	0.03335277619	0.02284293824	0.02021544218	0.02322437802	0
TGME49_242720	0.1366985536	0.07878869867	0.108496398	0.1140706507	0.2905395925
TGME49_209090	0.0189752074	0.004630448299	0.009419570233	0.02566633567	0
TGME49_286560	0.07486824557	0.09036864123	0.08103769404	0.1429736862	0.06476512405
TGME49_221922	0.05049478607	0.07203992465	0.07224305856	0.072658905	0.01476977059
TGME49_225230	0.02366517628	0.07621892033	0.01927248983	0.03467891008	0
TGME49_214600	0.04368455578	0.03026814489	0.05803954871	0.1082768062	0.07678742899
TGME49_300604	0.211738746	0.1708311848	0.2031551604	0.1477963309	0.2011363269
TGME49_238420	0.04040650175	0.02789482047	0.06413549002	0.06354501903	0.1838551934
TGME49_305990	0.05920235355	0.09320221829	0.0710556774	0.08720275988	0.05855135291
TGME49_250830	0.02832376989	0.008802562895	0.03606293653	0.08313854982	0.1634811374
TGME49_313410	0.05754631178	0.02322671299	0.1063562432	0.08502065234	0.1859418177
TGME49_261220	0.04429671114	0.04821476517	0.08736909773	0.05640226324	0.02912528871
TGME49_457880	0.02327695709	0.006782439538	0.00884396452	0.02443453197	0.03234506674
TGME49_233830	0.01009710435	0.002097191075	0.002317756383	0.009985563376	0
TGME49_264880	0.06075691901	0.07708676059	0.08860706873	0.09743983129	0.02559057159
TGME49_201810	0.05631139152	0.02389418452	0.04607422851	0.2255510008	0.07126545101
TGME49_230130	0.009712908112	0.004080066112	0.002488992783	0.00673933442	0
TGME49_260325	0.009443939486	0.004598483981	0.002093551236	0.0007628746054	0.01145738438
TGME49_243298	0.009718912778	0	0.002368904172	0.01129532239	0.01405560276
TGME49_254950	0.009983154927	0.004848170751	0.006471650664	0	0
TGME49_311075	0.009218180896	0.006919212226	0.02444861359	0.03855904958	0.01405560276
TGME49_267060	1.863442644	2.155599735	1.920748908	1.865015606	1.007811344
TGME49_263980	0.03043530774	0.03936308735	0.04264831193	0.06174421621	0.03640732069
TGME49_254255	0.009600817	0.002450353861	0.006835509982	0.004283951849	0
TGME49_228070	0.08108957149	0.1180132411	0.1216863466	0.08434507715	0.01217574614
TGME49_232970	0.009606555158	0.009946447839	0.01462658453	0.04880901406	0.008725886966
TGME49_222400	0.1058571319	0.0495476234	0.1130014243	0.1223201705	0.02835802131
TGME49_227350	0.009276888773	0.007167518523	0.02681603091	0.03277594072	0
TGME49_263670	0.009103551291	0.004855407279	0.004906628875	0.004727612091	0
TGME49_206650	0.00737669387	0.007213329076	0.002238774322	0.004907603823	0
TGME49_315950	0.5158714069	0.689005714	0.6306857922	0.2233918432	0.5657425351
TGME49_308830	0.01004641221	0.009231434179	0.0113115794	0.04653175538	0.05561755229
TGME49_281930	0.1021107621	0.02078059908	0.1122125154	0.1173144361	0.1137707878
TGME49_254835	0.01014504617	0.017808291	0.02028146085	0.02421619228	0.01448473704
TGME49_226460	0.01080728695	0.0271481292	0.01799167211	0.0160520868	0.0127005609
TGME49_261080	0.2006377869	0.255996101	0.2112069002	0.2451800065	0.2151892644
TGME49_232050	0.1444155515	0.1706622464	0.1807500362	0.1878697317	0.1214824433
TGME49_267730	0.02664138859	0.01193032514	0.01618146402	0.01681003308	0.02839980792
TGME49_263510	0.01003115459	0.01269452756	0.01531960868	0.04346454402	0
TGME49_261440	0.410606045	0.5667763116	0.3794114969	0.3749598757	0.5532286356
TGME49_268178	0.04762847408	0.0707195382	0.1028058258	0.01805839988	0.02497536771
TGME49_226310	0.04873624543	0.07392526621	0.01853547181	0.002945368898	0
TGME49_203960	0.02184015689	0.03974284674	0.03595134948	0.04153811365	0.01064475617
TGME49_254770	0.04089467887	0.05357775818	0.05201115937	0.051776479	0.1132234505
TGME49_320010	0.09049611667	0.1156155911	0.1018432681	0.1493674492	0.06338909842
TGME49_203830	0.01158525783	0.008358407389	0.01975282035	0.0400813715	0.01457549449
TGME49_207230	0.3082669148	0.2529000006	0.4044614985	0.4411345223	0.370575
TGME49_212860	0.4966706312	0.4844964539	0.4180783173	0.4226194774	0.371782398
TGME49_269438	0.02697366437	0.03073039539	0.01344710055	0.008072922078	0.008725886966
TGME49_239795	0.01099309736	0.03460844293	0.01786809384	0.02213406635	0.009396425141
TGME49_251857	0.02114982358	0.001726933477	0.02966407627	0.09027201861	0.09290164249
TGME49_459200	0.07078408285	0.07700188962	0.05996442493	0.1372090624	0.1919166478
TGME49_275750	0.218922026	0.2591215542	0.2881462461	0.2392174254	0.1444060253
TGME49_257560	0.04228892858	0.04996078796	0.08591902221	0.04943262882	0.007257670521
TGME49_314415	0.1238886003	0.1233657661	0.1364991782	0.2081117046	0.2682831499
TGME49_214870	0.02222350098	0.0103304173	0.03918116155	0.08262636309	0.01269120559
TGME49_270270	0.0462563606	0.02732626021	0.05485570803	0.120100925	0.1558000666
TGME49_311790	0.02755492348	0.02848243314	0.04444928886	0.06769808727	0
TGME49_215030	0.01180103627	0.009794006089	0.02277398162	0.05513515717	0.01204068101
TGME49_284645	0.02603634274	0.01912458556	0.007124966455	0.02891375024	0.0276330623
TGME49_212090	0.1291626451	0.1723564271	0.1254186923	0.1776785803	0.1499190472
TGME49_254410	0.09179358498	0.1237185937	0.1066361241	0.1589904838	0.01644061545
TGME49_242610	0.01239767526	0.01911387344	0.02763160766	0.02911843024	0.012644722
TGME49_309130	0.01887498381	0.02998952677	0.03638340935	0.03673991382	0.01358240244
TGME49_243280	0.1232625747	0.154480048	0.1677697245	0.1592258791	0.03700214919
TGME49_232760	0.1758685534	0.2087103862	0.1605821349	0.3356457925	0.145618315
TGME49_259530	0.04710980018	0.009597975282	0.03717242039	0.02852051082	0.1400043828
TGME49_271600	0.01259474215	0.01519248113	0.02263656418	0.05362484015	0
TGME49_218590	0.04754151172	0.06295750404	0.05386321226	0.0804574689	0.1460244386
TGME49_249350	0.1548306329	0.1472081216	0.2029668005	0.1974657822	0.2427619539
TGME49_209530	0.03146247391	0.03278824418	0.05612562934	0.06139141037	0.03910812287
TGME49_283820	0.01351460141	0.01678356796	0.03656258201	0.02076622796	0
TGME49_239300	0.02006028087	0.0316756296	0.032785866	0.008643632276	0.120614119
TGME49_244660	0.02345054732	0.04062057983	0.034708452	0.004852454719	0.1136971276
TGME49_200310	0.8634655162	0.8231405426	0.8386343397	1.122310322	1.239281974
TGME49_221490	0.1904519793	0.1783103079	0.1373353047	0.2165819251	0.04130908308
TGME49_461010	0.0159965499	0.01645064149	0.02739578378	0.05147426658	0.037934657
TGME49_251950	0.02487814953	0.02872633726	0.02052806198	0.08650661451	0.0170601036
TGME49_297080	0.01362838951	0.01372422043	0.02477308647	0.043534702	0.01547307088
TGME49_249780	0.2183827777	0.21520412	0.183808163	0.3917747303	0.5555474847
TGME49_275450	0.1909594715	0.1735232847	0.1676017928	0.1075849226	0.1277964588
TGME49_269660	0.2783164371	0.2615733588	0.3206796259	0.4585598698	0.1250175018
TGME49_310300	0.02173819161	0.02249348736	0.02284468494	0.07123314319	0.008410171473
TGME49_320588	0.01667935914	0.009573875252	0.0371154999	0.04718604076	0.01129521284
TGME49_242270	0.03173517329	0.03907919359	0.05647372805	0.04385696362	0.05089745088
TGME49_208440	0.2566464252	0.234962928	0.2769087684	0.4631547411	0.2092299115
TGME49_263840	0.01759948554	0.02096058752	0.02594215445	0.05124369362	0.008318197561
TGME49_307580	0.2262080347	0.2007163081	0.2131989332	0.1727252557	0.0781282269
TGME49_270810	0.1870280825	0.1696459102	0.134706548	0.1705071358	0.2477374156
TGME49_267510	0.0433261142	0.02987263375	0.03613948644	0.1327889854	0.1641757911
TGME49_232670	0.2111460116	0.349386621	0.2365347149	0.1328550838	0.05003931443
TGME49_257680	0.3791542348	0.2907233851	0.2517652441	0.315254343	1.366500267
TGME49_202920	0.04418399687	0.03401840463	0.07830401671	0.1033750565	0.03469374596
TGME49_279460	0.04071899722	0.05025182049	0.07882436307	0.04073219702	0.011984625
TGME49_242110	0.07602683355	0.04822382714	0.08057240305	0.03170594576	0.06479289852
TGME49_269250	0.1780141694	0.07751879659	0.1828268325	0.4138412661	0.5360024434
TGME49_249820	0.06615442208	0.02003700298	0.08032168073	0.03682533747	0.0631436646
TGME49_319090	0.005282948026	0.03504356696	0.004738441469	0.004793236906	0
TGME49_283890	0.005825076988	0.009802524363	0.02115617736	0.01799234848	0.009396425141
TGME49_278270	0.1746133241	0.2529469646	0.237328952	0.1327801377	0.02521127039
TGME49_230570	0.005576507022	0.01857959028	0.01704792281	0.006916552337	0
TGME49_292000	0.006258058048	0.01202024344	0.0188726168	0.01687513107	0.01623207202
TGME49_262650	0.004857528849	0.002512563466	0.009508961953	0.0382458619	0.02845267998
TGME49_225420	0.05643398605	0.07243388024	0.04786938584	0.1393465873	0.03544610886
TGME49_321300	0.1103627068	0.06850917266	0.0898465167	0.1446858863	0.04010052906
TGME49_294750	0.06041829814	0.0838811058	0.06927502	0.08736392963	0.1148570062
TGME49_249150	0.006555877244	0.007423648913	0.02067479846	0.02380292698	0
TGME49_316750	0.006421155336	0.00726967378	0.01174851393	0.0375558504	0
TGME49_202950	0.04716950092	0.04106166072	0.07306396188	0.06390609868	0.1709365635
TGME49_263280	0.006459651053	0.009200464844	0.01210380813	0.03531197065	0
TGME49_268035	0.006386335791	0.01388181038	0.01427691661	0.01081261915	0.04230082671
TGME49_246620	0.08908769636	0.1334814306	0.08077754474	0.1104166326	0.1213060928
TGME49_321470	0.006532987053	0.008800277786	0.02547487623	0.0128160987	0
TGME49_263060	0.08477901001	0.0576962063	0.1034653994	0.1663739402	0.2285005529
TGME49_288940	0.02940470391	0.0252344511	0.0524939861	0.06838500291	0.02583653605
TGME49_249620	0.06517654058	0.00711211148	0.04944219856	0.1009625558	0.1488976084
TGME49_458430	0.006896691744	0.01371078238	0.01558494359	0.01100722599	0.01227241819
TGME49_293660	0.04516209708	0.02258400911	0.05941516397	0.1652238568	0.02075792731
TGME49_300380	0.04147129693	0.05836277997	0.0523968917	0.06332065516	0.04588419688
TGME49_281510	0.03101648592	0.01612263692	0.04186818168	0.1004448293	0.04907769059
TGME49_211910	0.007574636978	0.004606310267	0.002345713475	0.05577346759	0.01412550554
TGME49_225900	0.08984638088	0.08414055499	0.08922101803	0.008425002475	0.03106338459
TGME49_280800	0.1931371899	0.1441699825	0.1731709327	0.2088604023	0.09524051319
TGME49_319860	0.05713013664	0.01171244787	0.04763947384	0.2299738649	0.1010975541
TGME49_236980	0.07421156192	0.08091764185	0.1151977796	0.104538698	0.01206492847
TGME49_218790	0.1768359779	0.1552966393	0.1599147158	0.1415391461	0.1121512203
TGME49_253790	0.5318911503	0.2536183244	0.5904298836	0.7882451431	0.1765895758
TGME49_311490	0.03170226391	0.03649302025	0.03228272805	0.08363081886	0.02177662632
TGME49_311080	0.05118788783	0.06877505103	0.0798069102	0.08664599201	0
TGME49_217220	0.2661836111	0.2407829954	0.2558932585	0.1876137015	0.1345364196
TGME49_253615	0.025985547	0.05276934836	0.02941349223	0.04308558761	0.01457549449
TGME49_224720	0.04619940798	0.03957902468	0.03924391592	0.1469618789	0.08644568663
TGME49_266900	1.072465391	0.6228967724	1.089670893	1.462994413	1.307588023
TGME49_279370	0.04741098439	0.04201901131	0.05064075141	0.1278469462	0.05688077104
TGME49_232000	0.3714589843	0.6271996353	0.4228010192	0.1019136997	0.1051726852
TGME49_203320	0.04623599873	0.06816384337	0.04632719121	0.08147981858	0.06611185735
TGME49_244412	0.04239346474	0.06341593065	0.08188268919	0.03621515256	0
TGME49_276820	0.003114883769	0.004651777301	0.009325173229	0.02495369717	0
TGME49_262510	0.05567685731	0.08224674128	0.0712487146	0.08478961282	0.02769853532
TGME49_259040	0.002825022307	0.004074840817	0.002063490423	0.02217588232	0.05342748841
TGME49_309070	0.06714065578	0.06918413283	0.06162228757	0.1631748519	0.09050772029
TGME49_293380	0.02626473182	0.006767665591	0.03891391873	0.1045456782	0.02605888842
TGME49_233315	0.003328214117	0.007600219378	0.01216515244	0.01242099846	0.0112147507
TGME49_264850	0.002993558386	0.0109607215	0.008543240841	0.01241852814	0
TGME49_313000	0.00335163369	0.01392925383	0.003723585274	0.01373164219	0.01129521284
TGME49_270740	0.2901491829	0.4146300841	0.3033688361	0.30159944	0.08306572257
TGME49_203560	0.003506438075	0.01043012445	0.01142055034	0.01102818316	0
TGME49_272210	0.003305309375	0	0.01161812474	0.01593312457	0.03376166323
TGME49_315100	0.02665637667	0.03226282201	0.03493963533	0.06402205517	0.01500313622
TGME49_261700	0.003655750928	0.01448138332	0.01078327339	0.003803319357	0
TGME49_260330	0.00370037167	0.009327778817	0.01361421927	0.006801721882	0
TGME49_269480	0.003603622392	0.002337222053	0.01440175284	0.0170226367	0
TGME49_458320	0.3150269426	0.2478809881	0.246810496	0.3623910776	0.3594634667
TGME49_223480	0.00385232507	0.01002688033	0.007033323012	0.0178392704	0.01064475617
TGME49_209045	0.003690294544	0.01752450344	0.003999562934	0	0.0199997447
TGME49_263500	0.003578481765	0.00251744654	0.002077869752	0.01773273577	0.05838580059
TGME49_275790	0.05241378978	0.02796678474	0.06072200336	0.02850697674	0
TGME49_202730	0.003680311015	0.004440982074	0.002272639657	0.02507037882	0.04194976989
TGME49_299900	0.02725771345	0.0477463843	0.04837604181	0.01758577574	0.02370113942
TGME49_229360	0.5021510387	0.2508627771	0.5978414879	1.051219523	0.4639108022
TGME49_321420	0.07250164897	0.06332095322	0.03636469385	0.07317519474	0.07615177116
TGME49_310190	0.04211505105	0.05810175103	0.06997750994	0.05669859758	0.008318197561
TGME49_275650	0.02753314917	0.0440481232	0.03993409129	0.04195652399	0
TGME49_254390	0.1593526506	0.217309016	0.1566446801	0.1911155315	0.1802813447
TGME49_300618	0.1615389251	0.1921806573	0.2371972472	0.1073665347	0.1826020177
TGME49_242320	0.0786650381	0.0256339689	0.08289344188	0.09684361726	0.0246142051
TGME49_235580	0	0	0.007049091442	0.00471311123	0.01417054249
TGME49_321490	0	0.005055559815	0.004640815898	0	0.007080691972
TGME49_458930	0	0.002278329441	0.006838012939	0.0007628746054	0
TGME49_459960	0	0.002528966629	0.004540431741	0.008018637854	0
TGME49_258880	0	0.00486834122	0.006696789018	0	0
TGME49_230150	0	0.004771666396	0.002417692139	0	0.02867677079
TGME49_218210	0	0	0.01150727236	0	0
TGME49_312930	0	0.002522361895	0	0.007790211141	0.02576954709
TGME49_289240	0	0.002428312346	0.002035617973	0.0128251662	0
TGME49_284550	0	0.001972971422	0	0.007979714202	0.02348098931
TGME49_202285	0	0.004177240612	0.005881100258	0.004839781886	0
TGME49_207360	0	0	0.006878387176	0.008547778446	0
TGME49_211080	0	0.003501851078	0	0.008102780009	0.009396425141
TGME49_211880	0	0.002571627335	0.004831851107	0.003887163921	0
TGME49_212145	0	0.002344931649	0.002368904172	0.004474769389	0.02797606457
TGME49_215885	0	0	0.004701450312	0.01222009141	0
TGME49_217940	0	0.007375694505	0.002497763388	0.004999801371	0
TGME49_221415	0	0.004759175704	0.002149308383	0.0100485472	0
TGME49_225400	0	0.004417415003	0.004830151435	0.003827270441	0
TGME49_230180	0	0.009164392246	0.001833229254	0	0
TGME49_230602	0	0.006335009887	0.002188028788	0.004501818379	0
TGME49_239510	0	0	0	0.01718278498	0.01672957824
TGME49_240200	0	0.004429267192	0	0.01118715625	0
TGME49_248540	0	0.001741289436	0.004646671529	0.005145769771	0
TGME49_250720	0	0.002379315988	0.004352442419	0.008665340787	0
TGME49_252410	0	0.004363360667	0.006872729124	0	0
TGME49_255245	0	0.002605759672	0	0.01345748349	0
TGME49_257170	0	0	0.004539714469	0.01286681268	0
TGME49_259140	0	0.004767032821	0.004769870058	0.004031011269	0
TGME49_260230	0	0.002313334541	0.004864471673	0.003795923471	0.01678500695
TGME49_269210	0	0.002000996362	0.007169407709	0.004006580022	0
TGME49_273330	0	0.004232644874	0.004774197803	0.004599502193	0
TGME49_273995	0	0.002527309942	0.004419805488	0.007641603157	0
TGME49_280435	0	0.004843513852	0.002345713475	0.007782661446	0
TGME49_288310	0	0	0	0.02276231965	0
TGME49_293200	0	0	0	0.0151944981	0.01104236382
TGME49_315165	0	0.00175158762	0.004591239709	0.007526357929	0
TGME49_320580	0	0.004350734063	0.001777478102	0.004673281566	0.01171103052
TGME49_251180	0	0.007287580657	0.002184623359	0.003916320002	0
TGME49_269270	0	0.002496514559	0.006786037	0.004910915011	0
TGME49_310100	0	0.002537305799	0	0.01725803891	0
TGME49_207650	0	0.002450353861	0	0.01576616493	0
TGME49_216150	0	0	0	0.02388769532	0
TGME49_212710	0	0	0.00638163281	0.00317001333	0.0163786516
TGME49_218470	0	0.002479252799	0.00236303487	0.008667742567	0
TGME49_301140	0	0.002466946827	0.008849529143	0	0
TGME49_278120	0	0.004985213717	0.00188913636	0	0.02762581727
TGME49_200350	0	0.009681615618	0	0.003041020445	0
TGME49_247648	0	0	0.004602527599	0.005841153712	0.01014991745
TGME49_276960	0	0	0.004799334375	0.01185842382	0
TGME49_266340	0	0.006414404917	0.002575981441	0	0.007727326511
TGME49_205090	0	0.006264408168	0.0050123468	0	0
TGME49_268020	0	0.004629281314	0.001797423465	0.007525308216	0
TGME49_355070	0	0.004518325278	0.002262433132	0.008488789951	0
TGME49_249160	0	0.002257426789	0.007086493034	0.003717218757	0
TGME49_209300	0	0.002462384378	0.001969788431	0.006019496675	0.01536365435
TGME49_255715	0.02056951898	0.02563639596	0.0233053515	0.07734921522	0.0240071471
TGME49_319695	0.1075979096	0.04191225682	0.1043724124	0.131182148	0.1071405536
TGME49_242030	0.05143118757	0.02693041974	0.03823030718	0.06199200242	0.03528216994
TGME49_215990	0.0372226641	0.01151079525	0.05756581962	0.1226303479	0.02770840922
TGME49_461480	0.0478188206	0.04450271386	0.05383422497	0.09705691808	0.111687536
TGME49_262500	0.06735199689	0.04499470878	0.05885911843	0.09295996327	0.5346787202
TGME49_203950	0.1048104631	0.1531614372	0.1141670232	0.1537113602	0.06810781882
TGME49_203688	0.008839591898	0.04949915831	0.00199073541	0	0.01453338861
TGME49_309240	0.07923955617	0.07674302181	0.05911865276	0.05015470048	0.01448473704
TGME49_259710	0.2466346642	0.177313141	0.1965556385	0.2997694402	0.218000519
TGME49_320080	0.4869153964	0.7168453471	0.4405234817	0.4099763648	0.4157277231
TGME49_224600	0.02329154761	0.05898539086	0.01769580277	0.03727489089	0.007727326511
TGME49_251520	0.04204569952	0.06940899839	0.04974258148	0.067499581	0.02059007658
TGME49_232815	0.07408396645	0.1090047942	0.08416556593	0.1149213209	0.05564233855
TGME49_237100	0.009474266292	0.01441381507	0.03209233419	0.01171456847	0
TGME49_313495	0.009261639733	0.00652242171	0.020026061	0.04139464162	0.01542226073
TGME49_230118	0.009612929576	0.01962990646	0.02210594581	0.01883283819	0
TGME49_315940	0.06173055365	0.03887389249	0.03459836022	0.07937644732	0.01246795302
TGME49_259640	0.02330579383	0.02126838977	0.0413058364	0.05405577378	0.02386443476
TGME49_265340	0.01028920633	0.02227833196	0.01566044108	0.02428219584	0.008318197561
TGME49_299820	0.01038244071	0.02312901284	0.02240448877	0.01216212872	0
TGME49_258458	0.009714629751	0.01553076738	0.01545970996	0.02607714065	0.02317990516
TGME49_214200	0.1051226429	0.1576396157	0.09112721827	0.1900704475	0.0573003221
TGME49_235515	0.03540799631	0.01682308658	0.02233508011	0.03819650925	0.03847453059
TGME49_306530	0.02348703857	0.01619655192	0.03370958653	0.0552767824	0.08511716079
TGME49_203720	0.4290942057	0.6087219428	0.3950675988	0.4771416099	0.1777440627
TGME49_254250	0.01399976566	0.006168896667	0.00661272087	0.009746349013	0
TGME49_203810	0.06817532095	0.03287420358	0.05094627646	0.06001712937	0.08741278595
TGME49_221690	0.01095210988	0.01650855851	0.01378777677	0.0365385635	0.01025093044
TGME49_236020	0.01379245216	0.002192895737	0.01284360236	0.004772025734	0
TGME49_279310	0.01319835984	0.006390246249	0.006662025411	0.007721723546	0
TGME49_294440	0.03388903741	0.0544597407	0.04734813133	0.05255467745	0
TGME49_216240	0.07940418803	0.01682255849	0.04430727928	0.07408251615	0.4087881498
TGME49_238915	0.01268795569	0.002418247895	0.004465304195	0.010971039	0.02908403666
TGME49_285670	0.1721142031	0.1423833232	0.1885044082	0.08595627101	0.04858512524
TGME49_270865	0.1566732162	0.2399494955	0.1673255722	0.1544975321	0.113082306
TGME49_238000	0.08916113009	0.09059497674	0.1068334629	0.1713604201	0.0315934922
TGME49_225130	0.02103913887	0.0215855664	0.04399934409	0.04286551476	0
TGME49_265320	0.01320595287	0.009408429217	0.009109567143	0	0
TGME49_288580	0.07934176171	0.1070808855	0.08153081003	0.1335353899	0.04881786133
TGME49_230630	0.01590189368	0.02968588539	0.03341806699	0.01942084815	0
TGME49_306490	0.03221143846	0.02172481059	0.01251345098	0.02707259231	0.04306287599
TGME49_294410	0.01166202961	0.004427789089	0.008928760348	0.008602832008	0
TGME49_232540	0.0164853907	0.01155030897	0.02809872506	0.06089705264	0.02492280987
TGME49_233838	0.01265064095	0	0.01413425712	0.00498227553	0.008410171473
TGME49_230950	0.01604130546	0.01803972894	0.04501294608	0.02271248255	0
TGME49_286230	0.01704165616	0.0149002156	0.04184221895	0.03394748364	0.01448473704
TGME49_263160	0.01529369311	0.02332773523	0.008477807061	0.05532810944	0.06153855497
TGME49_205530	0.06984812322	0.04747330268	0.06979323813	0.03239599102	0
TGME49_220460	0.1034148418	0.06535431542	0.07497643681	0.1136960693	0.04295825053
TGME49_225880	0.01656885831	0.02188496624	0.01417692381	0.0453539369	0.09276822622
TGME49_267642	0.01460349794	0	0	0.01731098118	0.3782274872
TGME49_291620	0.1711813565	0.2115601175	0.2227505845	0.1741915121	0.08964668764
TGME49_249535	0.01343805432	0.007467377705	0.0266370318	0.04652900683	0
TGME49_257685	0.01626953489	0.01072344467	0.02532386543	0.03919041508	0.08461583747
TGME49_256880	0.01465379998	0.02372522348	0.01826041961	0.03648844277	0.01547307088
TGME49_215980	0.1751062369	0.3078015884	0.2075862854	0.0682934045	0.01440928893
TGME49_224510	0.02957044749	0.04742403837	0.02793504198	0.07126565376	0.03321203946
TGME49_212800	0.02867731673	0.02114885873	0.04418417132	0.06163517853	0.1379852227
TGME49_240950	0.158230886	0.05340214096	0.2224267027	0.3271015298	0.2852031543
TGME49_305140	0.163289328	0.1092454011	0.1399755346	0.1545806166	0.2720625362
TGME49_212170	0.05102114229	0.06982446781	0.04364586548	0.08607644205	0.1857238336
TGME49_278660	0.06489782337	0.02327326485	0.09178350628	0.1449275221	0.2203124147
TGME49_281980	0.1930328168	0.1094943259	0.1860934006	0.1936391373	0.2291821172
TGME49_231000	0.05771569052	0.01413303895	0.02989085366	0.04331574929	0.2561894813
TGME49_315250	0.02917276442	0.04082250709	0.03793476634	0.07098670562	0.01145738438
TGME49_223930	1.017274365	0.8755657697	0.993483382	0.9898302267	1.011159848
TGME49_280740	0.1352707265	0.05743886092	0.1101493025	0.3322269012	0.5759857353
TGME49_245510	0.05070975981	0.06972076531	0.05426782993	0.08142219806	0.1194833271
TGME49_238870	0.03300438313	0.0440519924	0.04238297546	0.0852600268	0.02759796515
TGME49_312360	0.06303980955	0.03452122603	0.03850745654	0.04872229275	0.1217771025
TGME49_214740	0.02942520426	0.01763848176	0.05243884015	0.06528766731	0.07101248465
TGME49_243350	0.08178337096	0.06902856707	0.06067205487	0.06509350009	0.04583845636
TGME49_294990	0.03048578738	0.02982033107	0.01724935099	0.003411136606	0.01249469277
TGME49_292920	0.4131769799	0.3595399064	0.2933198808	0.5718351671	0.2984734836
TGME49_239480	0.07487344485	0.05612711087	0.08533643162	0.184489458	0.05032031713
TGME49_320020	0.4788856011	0.4495393446	0.5309995117	0.2468274167	0.3341671319
TGME49_261300	0.04456868529	0.03919347413	0.03165061192	0.01178291444	0.05883943422
TGME49_265250	0.1774362681	0.1258558365	0.2615306784	0.2926897947	0.09390186934
TGME49_279360	0.3709345461	0.1168832461	0.422773888	0.8763449325	0.5435224248
TGME49_235920	0.05475000792	0.01942772835	0.05277343237	0.07161006123	0
TGME49_307770	0.03198852388	0.03487908305	0.04191911282	0.08212941743	0
TGME49_292935	0.007323543616	0.002409729589	0.002100527274	0	0.01466803664
TGME49_253035	0.006790705135	0.002343641029	0	0.007693882673	0
TGME49_271810	0.06101766699	0.04481228918	0.09191955945	0.1394033538	0.08641499363
TGME49_300270	0.1320930465	0.1535945035	0.116080973	0.2784907549	0.07373904471
TGME49_294180	0.05240068501	0.08742240006	0.06180187341	0.07850566467	0
TGME49_218400	0.007353217643	0.002459358323	0.00471905182	0	0
TGME49_215195	0.00714738483	0.004839852989	0.001201881288	0	0
TGME49_285690	0.006717749315	0.002065072642	0.004501630538	0	0
TGME49_283570	0.006420136293	0.005019014162	0	0	0.009396425141
TGME49_268000	0.006336965072	0	0.002414542865	0	0.02108511376
TGME49_237410	0.05475986215	0.04895858205	0.1166239889	0.06735825435	0
TGME49_294808	0.007124129597	0.004292140194	0.002416115762	0	0
TGME49_280680	0.006980982634	0	0	0.01385335757	0
TGME49_226050	0.1435047736	0.07066478173	0.1508386311	0.3347244966	0.3973453927
TGME49_280410	0.2057265419	0.1632626711	0.1575342952	0.2337767596	0.261584888
TGME49_297380	0.005108544051	0.004440830886	0.002459949654	0	0
TGME49_226985	0.005744116259	0	0.002320502723	0.008862456917	0
TGME49_458970	0.005718534575	0	0.004777295292	0.004092261693	0
TGME49_293580	0.2455283429	0.2463808964	0.2731553865	0.4027322544	0.1723552074
TGME49_223440	0.02985085867	0.01149875689	0.02003146412	0.03467369574	0.01396194619
TGME49_214900	0.1614779137	0.167379296	0.1770389142	0.2507723461	0.1994044611
TGME49_217000	0.2087971359	0.172823576	0.1840290934	0.1930197976	0.1830412147
TGME49_233230	0.1778177882	0.1953911477	0.1942629819	0.2728282003	0.1401098828
TGME49_268660	0.05502121504	0.02860562949	0.07577830367	0.0671712088	0.2958340685
TGME49_210800	0.06435476983	0.07925641466	0.06013154383	0.1451610581	0.07574630884
TGME49_204130	0.4653016741	0.8025076792	0.262513483	0.1023818702	0.06009170074
TGME49_259010	0.07488385022	0.06353560851	0.06747355146	0.186878768	0.1474762119
TGME49_272645	0.04355530205	0.01949100024	0.01585001901	0.04789790592	0.113242978
TGME49_288590	0.01651998673	0.008677760089	0.007060474564	0.01008065354	0.01204068101
TGME49_272190	0.01613666476	0.004106568938	0.0092578171	0.01893055815	0
TGME49_242055	0.02683865531	0.01889714315	0.0218547224	0.02091630255	0.01367439393
TGME49_201170	0.5273084179	0.8126247832	0.5413643237	0.08175491737	1.197639082
TGME49_239430	0.0169590659	0.007507521769	0.0110612952	0.01281369423	0
TGME49_318120	0.02552444412	0.02001843761	0.006546487447	0.01756747579	0.04922581688
TGME49_263420	0.02719249263	0.02498014955	0.05930338309	0.02320320055	0.07100627028
TGME49_460430	0.02407642326	0.01806780509	0.008545673666	0.02947230169	0
TGME49_265390	0.1536932593	0.1073317238	0.1290607282	0.1656268167	0.1402077961
TGME49_277500	0.1112042534	0.04507118869	0.1225663276	0.2070692199	0.473402171
TGME49_310150	0.3038052661	0.3039882907	0.3530955511	0.3831268065	0.3496130402
TGME49_314670	0.01611051959	0.009506420763	0.00907080352	0.01355091137	0
TGME49_265400	0.052612338	0.01184315762	0.02096647879	0.08266948049	0.1325514316
TGME49_276970	0.132873754	0.07315590454	0.1199436456	0.1711382307	0.1154753958
TGME49_202190	0.1084941394	0.04942053737	0.09121152982	0.1438821884	0.1227973936
TGME49_313445	0.02284394922	0.002425422705	0.0069512298	0.02152815566	0.09294367547
TGME49_457540	0.1201157644	0.1106846814	0.1402066018	0.2208733553	0.1498747696
TGME49_221660	0.08048502024	0.1128969458	0.09164089848	0.1232180585	0
TGME49_231100	0.119692727	0.07477741467	0.1070224165	0.1193746005	0.09060039374
TGME49_306980	0.09533339876	0.0561943639	0.08915171143	0.09284873547	0.07787607994
TGME49_264170	0.07901192947	0.06291235056	0.05091981646	0.07327806993	0.0861446443
TGME49_313270	0.06571080395	0.0870135605	0.08797550194	0.09241546268	0.01274290476
TGME49_246920	0.02340711214	0.009659214176	0.00866794273	0.03588016169	0
TGME49_241870	0.0234321386	0.01387170629	0.01570241123	0.01884470793	0
TGME49_316450	0.03222794787	0.04549893832	0.03922546301	0.07389769936	0.02800159045
TGME49_280780	0.006421914221	0.007087082262	0.01069981905	0.03761209383	0
TGME49_235640	0.006705681115	0.01645667187	0.01495184825	0.009244739202	0.01674061414
TGME49_258000	0.005883881763	0.01035671626	0.0162298789	0.01850358091	0
TGME49_281650	0.06783855654	0.04472154176	0.04615291964	0.006444538689	0.2693922271
TGME49_209670	0.006578276191	0.01972273218	0.008052130067	0.01320985569	0.02614735802
TGME49_321530	1.340203315	1.482526851	1.325535162	0.7798543952	0.7420157945
TGME49_257370	0.07166640208	0.01302350022	0.04526646149	0.03565907004	0.3431823514
TGME49_318370	0.005999741192	0.002031045037	0.02097880688	0.0161808534	0.03534237647
TGME49_205370	0.03628990767	0.02492718325	0.01988651271	0.03867280324	0.3945964837
TGME49_228180	0.1055144201	0.04611104716	0.1097531315	0.1429305491	0.02388083066
TGME49_254230	0.04463585382	0.07127791148	0.0449613085	0.07020078224	0.04493439052
TGME49_207875	0.007002842282	0.0176469998	0.006671440114	0.02387214007	0.01479185862
TGME49_204070	0.720177953	0.812699221	0.6587508281	0.5147132319	0.2290078702
TGME49_269425	0.01669968815	0.008881157209	0.009057570511	0.01671405759	0.0256299253
TGME49_230030	0.007360103067	0.01723331959	0.01367648399	0.01097989239	0
TGME49_213610	0.6280904786	0.469772714	0.8157581335	0.894015615	0.4054157634
TGME49_203780	0.07319163484	0.06740815346	0.0881738843	0.143685081	0.04369254104
TGME49_278060	0.06172856665	0.01508223894	0.05715236314	0.07556274628	0.0407830861
TGME49_215600	0.129250114	0.1723911452	0.1561041676	0.1482471859	0.07332611828
TGME49_261260	0.05121507865	0.07595059058	0.05162384226	0.07807163954	0.03702041405
TGME49_258680	0.2105494301	0.2223137183	0.152862139	0.1821115156	0.07446341615
TGME49_220480	0.0184114402	0.03449209788	0.03583670665	0.02584311021	0
TGME49_251710	0.0970989764	0.06701456781	0.07073759999	0.1042162185	0.124494412
TGME49_235440	0.4124633859	0.3191960767	0.585188592	0.5364468297	0.1504231695
TGME49_229440	0.06023066844	0.04549387049	0.07482232856	0.1153439973	0.1451449801
TGME49_202350	0.05077303093	0.03174011781	0.05736712245	0.14706248	0.027512851
TGME49_256780	0.06424285624	0.01137333227	0.0503463925	0.07803596396	0.1978102521
TGME49_230940	0.5045372708	0.5913528538	0.5363456032	0.557955554	0.3002055475
TGME49_216590	0.2282606024	0.2458013305	0.2755029637	0.3290303806	0.0789383955
TGME49_227560	0.5233139105	0.482685728	0.4809216568	0.5570268636	0.2417266578
TGME49_310900	0.03978345094	0.07075667794	0.05105731692	0.04005487639	0.01936056138
TGME49_288700	0.0344812013	0.01009648827	0.04354955865	0.1258615026	0.03381789808
TGME49_223125	0.05154437378	0.05983445833	0.05266997726	0.1216198545	0.04249667438
TGME49_259990	0.04007511268	0.05582281634	0.04817476621	0.06546228333	0.05175871278
TGME49_314280	0.06361405389	0.08540375292	0.0884701554	0.07816025265	0.04106443593
TGME49_216870	0.02828859217	0.04876701548	0.04640359038	0.03464323849	0.01314318683
TGME49_224900	0.2099473881	0.1610581117	0.2522025827	0.3265129753	0.2661041681
TGME49_200470	0.1234520581	0.1316154108	0.09303942957	0.08136273592	0.1013076973
TGME49_299990	0.09082232046	0.1296340882	0.100604543	0.082061511	0.1892868117
TGME49_290880	0.01438368539	0.03431100756	0.01639619489	0.03260363668	0.03258210886
TGME49_245650	0.02012718065	0.01549459328	0.03997795874	0.04843888134	0.008318197561
TGME49_261400	0.3310306825	0.1321474217	0.3967382912	0.3425530575	0.5174084862
TGME49_240910	0.3044833165	0.2660988148	0.3909371408	0.4389614782	0.1530943012
TGME49_299130	0.009367679591	0.03331466674	0.01683140698	0.002017193679	0
TGME49_279405	0.02829477557	0.03163823564	0.0390214433	0.07548660607	0.01129521284
TGME49_239755	0.02039131523	0.03485306562	0.03891101382	0.02016471687	0
TGME49_213072	0.06485688394	0.03204492562	0.04921471939	0.07927997039	0.1083430154
TGME49_228710	0.01527105665	0.03561305356	0.02450759257	0.01938990846	0.01575351087
TGME49_242580	0.09035219781	0.08974166686	0.07346923191	0.04595970223	0.01488125609
TGME49_274100	0.008985341266	0.01621786154	0.02516242737	0.01442741813	0
TGME49_230650	0.009762984805	0.02801155266	0.01161429725	0.02197526311	0
TGME49_232510	0.009810680434	0.0138083325	0.02627919461	0.01421193538	0.01453338861
TGME49_202220	0.05223147754	0.02711162803	0.03693537018	0.01643369136	0.1604046612
TGME49_305460	0.4512744981	0.4342296697	0.4308437601	0.7376784309	0.4055805148
TGME49_230430	0.00967854605	0.02327560449	0.009342536924	0.03363658591	0
TGME49_225980	0.02877675116	0.05020746738	0.03152600128	0.04452272504	0.035701195
TGME49_262390	0.08072388714	0.06307015841	0.08016661501	0.06117259763	0.02576230755
TGME49_216220	0.008631288758	0.01256499228	0.008737773451	0.02969149008	0.04747576323
TGME49_219530	0.06681526763	0.03088700576	0.06246361463	0.07595398636	0.01269120559
TGME49_301222	0.07198679377	0.1023669342	0.09499755783	0.08409473186	0.03314128941
TGME49_307610	0.09676157653	0.05360704329	0.09400579251	0.09463829991	0.05424387833
TGME49_259600	0.01017254189	0.009645191435	0.02133437791	0.03254617409	0
TGME49_288050	0.01084016396	0.01371317281	0.02193217369	0.02385101363	0
TGME49_248150	0.04719814611	0.01428499603	0.04030424536	0.06010195307	0.04358106125
TGME49_310870	0.02972947601	0.03712149927	0.02445864158	0.08200853389	0.04645609476
TGME49_273060	0.0889008876	0.08765112461	0.06841999844	0.2092910682	0.1753032746
TGME49_304710	0.1291649436	0.1413890566	0.1173574501	0.246744166	0.1231649167
TGME49_232280	0.01022206834	0.02442266575	0.007923379068	0.01695161754	0.02239313288
TGME49_300660	1.007835215	1.03411049	0.9745747612	0.7501407225	0.8797607988
TGME49_259155	0.004784112712	0	0	0.004450626729	0
TGME49_221665	0.004008667494	0	0	0.003321651127	0
TGME49_288755	0.003770975532	0	0	0.004656549343	0
TGME49_228020	0.003731181886	0	0	0.003887545421	0
TGME49_244715	0.003702905775	0	0	0.002017193679	0
TGME49_236595	0.003697843522	0.002501292907	0	0	0
TGME49_263030	0.003687789952	0.001878449185	0	0	0
TGME49_209480	0.003643678633	0	0.002261167732	0	0
TGME49_256080	0.003634117809	0.00223934374	0	0	0
TGME49_315390	0.003617589188	0	0	0	0.01169612297
TGME49_238980	0.003615248674	0.00206681866	0	0	0
TGME49_226100	0.003603622392	0	0.001852942909	0	0
TGME49_232035	0.00358527974	0.002209827519	0	0	0
TGME49_307640	0.003583008928	0	0	0.004217688401	0
TGME49_253580	0.003580742943	0	0.002184623359	0	0
TGME49_201215	0.003565014564	0	0	0	0.01491900855
TGME49_227330	0.00355613015	0.002423982131	0	0	0
TGME49_309025	0.003547319325	0	0	0.004607511652	0
TGME49_228480	0.003429129039	0	0	0	0.009479432408
TGME49_318742	0.003355283805	0	0	0.004141050626	0
TGME49_249960	0.003284605276	0	0.002066341972	0	0
TGME49_329620	0.00322971417	0	0.00188913636	0	0
TGME49_215650	0.003160796928	0	0	0	0.01117838218
TGME49_203460	0.003096229012	0	0	0.003604274375	0
TGME49_266270	0.0029098341	0	0	0.003534957022	0
TGME49_312350	0.01081194319	0.0123841898	0.02071655029	0.02985153415	0.008725886966
TGME49_233842	0.00253933119	0.008804178451	0.01354964958	0.004707352188	0
TGME49_217961	0.003596706896	0	0	0.005024701447	0
TGME49_458230	0.00353207399	0	0.002521080346	0	0
TGME49_223830	0.003510667911	0.002533958919	0	0	0
TGME49_232840	0.003508550882	0	0.002352879241	0	0
TGME49_268700	0.003504329473	0.00251744654	0	0	0
TGME49_226245	0.003463016699	0.002596625683	0	0	0
TGME49_239083	0.003437005087	0	0	0.004775036605	0
TGME49_233960	0.00340393183	0.002493346008	0	0	0
TGME49_309095	0.00340393183	0	0	0.004733454224	0
TGME49_232950	0.003398201946	0.002431213381	0	0	0
TGME49_306070	0.003390610464	0	0.002400540969	0	0
TGME49_314487	0.003390610464	0	0	0	0.01635817026
TGME49_355080	0.00335163369	0	0.002324642418	0	0
TGME49_228620	0.003331783074	0.002377963125	0	0	0
TGME49_297090	0.003289742724	0.002576914305	0	0	0
TGME49_312440	0.003246042268	0	0	0.004573128906	0
TGME49_459350	0.003241116665	0	0.002496000685	0	0
TGME49_307815	0.003241116665	0.002564635683	0	0	0
TGME49_217370	0.00317452222	0	0.002464990177	0	0
TGME49_315330	0.003133886807	0	0.002288234074	0	0
TGME49_210245	0.003114883769	0	0.00229749364	0	0
TGME49_210260	0.003073730041	0.002559434533	0	0	0
TGME49_266290	0.003042239398	0	0.002379293881	0	0
TGME49_243378	0.003040892262	0.002509325817	0	0	0
TGME49_265160	0.003001294132	0	0	0.004094106002	0
TGME49_293258	0.002998708915	0.002266641979	0	0	0
TGME49_458540	0.002959468684	0	0.002361575113	0	0
TGME49_458860	0.002887648535	0	0	0.004227832912	0
TGME49_228175	0.002832635599	0.002361921234	0	0	0
TGME49_235315	0.002619813893	0	0.00231229564	0	0
TGME49_223120	0.002611101335	0	0.002001028602	0	0
TGME49_289260	0.002603328226	0.002542354473	0	0	0
TGME49_247500	0.00253933119	0	0	0.003827270441	0
TGME49_278460	0.002444004549	0	0.002133358935	0	0
TGME49_297290	0.002444004549	0	0.002242456965	0	0
TGME49_272430	0.002444004549	0	0	0.004486999414	0
TGME49_213760	0.002440389832	0	0	0.004710228782	0
TGME49_299120	0.002239521515	0	0	0.004721793931	0
TGME49_457580	0.001821296604	0	0.002064439605	0	0
TGME49_209945	0.01296359275	0.02336325108	0.01606496638	0.02377294035	0.04823980984
TGME49_305290	0.265199718	0.2554147871	0.1700387946	0.2938897042	0.3124349853
TGME49_246060	0.01066006391	0.02189961672	0.01764219381	0.004990459301	0.02528500164
TGME49_277880	0.03741051785	0.01181897473	0.04259560732	0.03627515076	0
TGME49_256070	0.003160796928	0.002770452904	0.006890762547	0.02037039103	0.02047915438
TGME49_461210	0.03707657096	0.0154887739	0.01598553914	0.05080754509	0.0401422719
TGME49_254160	0.003381197777	0.009244977981	0.01477474299	0.004313979918	0
TGME49_277860	0.00325264648	0.007936940796	0.00923351561	0.008019307152	0.01255772196
TGME49_269050	0.00335163369	0.003157202619	0.01361449632	0.01587159515	0
TGME49_236550	0.663715283	0.7580254792	0.5525028393	0.7775424765	1.202979857
TGME49_210470	0.003547319325	0.007010904916	0.01163230742	0.01186720858	0
TGME49_233310	0.00353207399	0.01372137955	0.002277799312	0.01504065995	0
TGME49_237840	0.01292822952	0.01308290791	0.01731250099	0.03795962854	0.04214138387
TGME49_247680	0.003510667911	0.006478796728	0.006843686883	0.01599155066	0.01404929981
TGME49_283698	0.004223239433	0.002460869801	0.007054089051	0.02309561746	0.009396425141
TGME49_236910	0.510407454	0.4265288566	0.3276190374	0.7223443101	0.7359585994
TGME49_208320	0.02363766959	0.04062600851	0.03267479263	0.05936212045	0
TGME49_202940	0.1789146083	0.2321777144	0.1951286284	0.1805082137	0.1478309196
TGME49_216530	0.03524259026	0.06447257212	0.04860142374	0.03637012253	0.02087591953
TGME49_217050	0.1521120991	0.139558955	0.190657589	0.2432198081	0.1434501197
TGME49_294730	0.03006569563	0.02442230391	0.02430181256	0.08082986347	0.1098547715
TGME49_310280	0.04771022017	0.05317412714	0.05345577302	0.1033516456	0.0820291611
TGME49_254680	0.02489875245	0.0420488149	0.05118240322	0.0215132357	0
TGME49_278960	0.03721028047	0.02314874135	0.04759651389	0.1015261381	0.08564084761
TGME49_294550	0.1771652778	0.1790606836	0.1728195006	0.2896007635	0.353750183
TGME49_262410	0.03708141934	0.02565823795	0.0231975589	0.03946494654	0
TGME49_254800	0.1858081617	0.2920517496	0.1594563318	0.1857509796	0.1317682324
TGME49_213010	0.04769711962	0.01198057885	0.02924625187	0.0865474341	0
TGME49_285970	0.03651633241	0.04543119219	0.0438308726	0.07060774233	0.05103313009
TGME49_309730	0.2859267462	0.1757092687	0.2865045786	0.5387660105	0.6632431356
TGME49_237600	0.04296441935	0.06630949055	0.0471167747	0.06649172177	0.02924838751
TGME49_212880	0.1010762244	0.09195478203	0.07516638193	0.2092248816	0.2202276335
TGME49_293470	0.1957466431	0.1393053609	0.2388341476	0.3108656643	0.3520733536
TGME49_310810	0.08179565672	0.02127909966	0.03135210586	0.1559173548	0.1942980078
TGME49_316660	0.07997270507	0.0809306986	0.1146098317	0.1212757364	0.02413973139
TGME49_222870	0.1254861171	0.08651487214	0.0792184556	0.1885899349	0.1010087601
TGME49_209600	0.6198879679	0.6862370463	0.5857642921	0.6001953923	1.325240767
TGME49_225170	0.11110109	0.2441730726	0.1048104141	0.03520499131	0
TGME49_248130	0.02825990215	0.05310139865	0.02274508136	0.05723575404	0
TGME49_214490	0.02782829916	0.02809330347	0.04998384902	0.0496311806	0
TGME49_311220	0.07366253931	0.12937792	0.07507049022	0.07316543947	0.03906829288
TGME49_288240	0.02610298374	0.02595030197	0.02380300398	0.02827787806	0.2375699548
TGME49_280790	0.02653430951	0.02948018274	0.03187501515	0.04328924283	0.1109281839
TGME49_290678	0.1073133017	0.1237632207	0.1313630735	0.1836759602	0.03531134365
TGME49_201250	0.05161783245	0.04453798836	0.04961910918	0.1473066883	0.01562001992
TGME49_237130	0.04959638603	0.05806892107	0.05910401069	0.07387340873	0.08950455946
TGME49_263690	0.03474530677	0.01194363381	0.03410305337	0.01583385528	0.03410517513
TGME49_271380	0.06283265021	0.0330804343	0.05420581306	0.06545529411	0.03075352013
TGME49_239780	0.2392407409	0.2222577096	0.2578828097	0.379588773	0.2975405081
TGME49_215920	0.03159960277	0.05901311375	0.0430293913	0.04520236157	0
TGME49_312140	0.06322589662	0.03673859173	0.04870642727	0.0461920315	0.1040330056
TGME49_239475	0.03413110212	0.009218959053	0.02628892522	0.0329625591	0.03044366601
TGME49_245660	0.6573969846	0.5573064701	0.6408665004	0.6977090474	0.4504280302
TGME49_268260	0.03274270101	0.0426216318	0.04250188302	0.05825830601	0.05887183713
TGME49_202370	0.07798557518	0.05755746691	0.09356949122	0.1653519471	0.1482407094
TGME49_460530	0	0	0.006223423391	0.00317001333	0
TGME49_217740	0	0	0.007258057759	0.003352500331	0
TGME49_288610	0	0.004743186915	0.001905391835	0	0.01608010861
TGME49_267540	0	0	0.00229749364	0.01108349584	0
TGME49_249190	0	0	0.004419113101	0.007460653968	0
TGME49_233930	0	0	0.007578601899	0.004431609722	0
TGME49_229330	0	0	0.002313656858	0.008869334848	0
TGME49_254140	0	0.002286624928	0.004607042314	0	0.01232801807
TGME49_292110	0	0.001863372988	0.006269429461	0	0
TGME49_204325	0	0.005530364801	0	0.006981673827	0
TGME49_207955	0	0.002540667779	0.002394405266	0.005857411339	0
TGME49_211320	0	0.00308007705	0.004805900025	0.004108951816	0
TGME49_212180	0	0.006753729787	0	0	0.01314318683
TGME49_216160	0	0.009569128873	0	0	0
TGME49_216940	0	0.00732650676	0.002521080346	0	0
TGME49_217915	0	0.002192895737	0.006823386809	0	0
TGME49_218500	0	0.001666297734	0.002451626839	0.008964408335	0
TGME49_219110	0	0.004640108499	0.004048107555	0	0
TGME49_219125	0	0.002289012693	0.004492087377	0	0.007080691972
TGME49_219840	0	0	0.008299950996	0	0
TGME49_220340	0	0.005091945626	0.00442564475	0	0
TGME49_221860	0	0.002296223729	0.004474385426	0.004162232848	0
TGME49_222150	0	0.002557708833	0.004391195821	0.004389750448	0
TGME49_222975	0	0.002538984894	0.004642344981	0.004596842478	0
TGME49_226930	0	0.004362024342	0.004074767118	0	0
TGME49_230900	0	0.002425422705	0.005011818708	0.004449430516	0
TGME49_233405	0	0.007412820632	0	0.003745291683	0
TGME49_242760	0	0.002474614039	0.001201881288	0.008173077611	0
TGME49_245600	0	0	0.004533175824	0.008106092754	0
TGME49_248560	0	0.002308404319	0	0.01061604977	0
TGME49_250000	0	0	0	0.0132909249	0.01317951064
TGME49_252080	0	0.005028602849	0.002191451082	0.004542121536	0
TGME49_252260	0	0	0.004390393754	0.008091356719	0
TGME49_254760	0	0	0.002344288999	0.009242556299	0.01830605629
TGME49_256975	0	0.003761161222	0	0.008700221346	0
TGME49_260840	0	0	0.004610887009	0.008319365372	0
TGME49_261390	0	0.002448863742	0.0068026941	0	0
TGME49_261475	0	0.002524007591	0.005019881502	0.003020302478	0
TGME49_267630	0	0	0	0	0.04298500536
TGME49_270040	0	0.002578684963	0.006158600316	0	0
TGME49_271400	0	0.004739072099	0.001854324892	0.003369274034	0
TGME49_274040	0	0	0.002029276953	0.01258976657	0
TGME49_275710	0	0	0.004436436635	0.005660590532	0
TGME49_286810	0	0	0.007394601823	0	0.01358240244
TGME49_304690	0	0.002140501445	0.00224492292	0.003534957022	0.01827588322
TGME49_308965	0	0	0.002264970828	0	0.03405514845
TGME49_312450	0	0.002435586484	0	0.008311510882	0.01355402969
TGME49_313277	0	0.002130856347	0.004301187795	0.004961522505	0
TGME49_314038	0	0	0.001695324172	0.008472186615	0.009705476466
TGME49_315465	0	0	0	0.003403518244	0.03938286309
TGME49_319935	0	0.004837380229	0.001661793685	0.00471311123	0
TGME49_323010	0	0.009971729705	0	0	0
TGME49_280500	0	0.004466606599	0	0.008719071751	0
TGME49_244490	0	0.005019138643	0	0.004433972669	0.01331167039
TGME49_262810	0	0.002382029245	0	0.01069308311	0
TGME49_270210	0	0	0.004981748835	0.008238562285	0
TGME49_278950	0	0.007551722884	0	0	0.007257670521
TGME49_284590	0	0	0.004686392463	0.007455490047	0
TGME49_218740	0	0.007006219765	0.002354321151	0	0
TGME49_230100	0	0.004832798498	0.004683475898	0	0
TGME49_210950	0	0.001842951023	0	0.01336138026	0
TGME49_272440	0	0	0.002139694273	0.01278076588	0
TGME49_272890	0	0	0.005194439431	0.008490544572	0
TGME49_224770	0	0	0	0	0.05395519075
TGME49_275355	0	0	0	0	0.05306557902
TGME49_270540	0	0.004037820447	0	0.006137601717	0
TGME49_273410	0	0.002382029245	0.002326027739	0.008733823629	0
TGME49_243740	0	0.002533958919	0.004793524597	0.004422197923	0
TGME49_208718	0.1883988868	0.1588952841	0.141769189	0.1695116387	0.2664128152
TGME49_221670	0.2732019112	0.1515427842	0.3515507086	0.5402377633	0.2150742644
TGME49_257350	1.706924561	2.039282594	1.774412805	1.259501445	0.9423123219
TGME49_254710	0.04561185376	0.06461887802	0.04339328245	0.08773590121	0.012644722
TGME49_201400	0.03990091512	0.0738210224	0.04650146947	0.03745087902	0.03417505008
TGME49_281580	0.06356605238	0.03843749263	0.04731296087	0.05598025091	0.08315214291
TGME49_209730	0.05373662839	0.01128936829	0.02569477506	0.07050790202	0.1906974787
TGME49_203400	0.06960391165	0.06671903947	0.08866013557	0.1321996018	0.08773204988
TGME49_210490	0.07146555316	0.07116975275	0.1020997761	0.1382387339	0.011984625
TGME49_216630	0.04557098304	0.02404194104	0.04083944849	0.05299902931	0
TGME49_315590	0.0686140033	0.06241330354	0.05656719806	0.1809719696	0.1695315921
TGME49_243970	0.04522691064	0.03124944179	0.03487387908	0.04027698613	0.04322550121
TGME49_272340	0.05314162902	0.05654517225	0.06491653131	0.09873000047	0.06762467965
TGME49_219850	0.1421701666	0.1434778343	0.1719052225	0.2481090412	0.0752099173
TGME49_227090	0.0238222959	0.002301071378	0.07465475679	0.03339266045	0
TGME49_224860	0.05321453212	0.02899142951	0.0248990666	0.08688795848	0.02274562322
TGME49_220430	0.03234449009	0.01199851341	0.03081976706	0.02309891626	0.02802504807
TGME49_203870	0.219685343	0.2720142061	0.2171238049	0.2979938867	0.1393878114
TGME49_233220	0.1440771891	0.1544804785	0.1125427421	0.09423318287	0.0393166343
TGME49_289510	0.1068751983	0.1611097928	0.1207016861	0.1001382563	0.07361064428
TGME49_235550	0.02370889001	0.0355915303	0.03547112522	0.03593526963	0
TGME49_273090	0.2791568555	0.157970145	0.3218060132	0.3054466748	0.158899903
TGME49_313110	0.07833528828	0.1056052427	0.1068481185	0.07239808162	0.07305069581
TGME49_223500	0.02974299537	0.01314159587	0.01768666328	0.03407723991	0.008725886966
TGME49_313970	0.06040039867	0.0426259789	0.03771257629	0.0808795587	0.03595378206
TGME49_219738	0.09007250385	0.1061988882	0.1321174584	0.08738088509	0.04665657973
TGME49_318510	0.07213231058	0.02953568032	0.0525373027	0.1199342536	0.05691901445
TGME49_263020	0.04406369686	0.01420672292	0.04570900715	0.04042688205	0
TGME49_310005	0.07758118248	0.08969907623	0.09830836345	0.1102095873	0.0952989904
TGME49_247640	0.1050300055	0.06680556025	0.04223910334	0.1663213954	0.1330812645
TGME49_261670	0.03039333825	0	0.01214940622	0.07683450466	0
TGME49_315080	0.1169668473	0.212003169	0.07739186917	0.1255970285	0.0898853873
TGME49_246340	0.3004666321	0.3209016322	0.287830578	0.3748947187	0.6472424525
TGME49_253480	0.05082375632	0.05039790614	0.01472462346	0.07130761617	0.01328492851
TGME49_226840	0.04333411562	0.03323751456	0.03092600011	0.0367785927	0
TGME49_267750	0.04174917376	0.02367297714	0.06749912155	0.1157489372	0
TGME49_316490	0.02864232037	0.03728262092	0.03057492864	0.05508229424	0.09495844813
TGME49_288040	0.1430030898	0.1242076154	0.1571449868	0.2591974491	0.2081718882
TGME49_277560	0.02959822811	0.002450353861	0.02479229737	0.04626601533	0.01430167064
TGME49_255410	0.2475198034	0.2690844063	0.1985066293	0.4647180013	0.3547782327
TGME49_248320	0.047670797	0.06363993665	0.05276022281	0.102733408	0.01227241819
TGME49_305230	0.02091139689	0.03361074494	0.03205638038	0.02701340402	0.03549685814
TGME49_244270	0.05832616501	0.01065459834	0.05560019415	0.08951713946	0.01232801807
TGME49_248530	0.01964252942	0.009888142341	0.033277645	0.06654643726	0.01217990511
TGME49_264010	0.06308525221	0.04390424224	0.06597595876	0.1676448787	0.05444515314
TGME49_254830	0.02828511632	0.02258958325	0.0195436326	0.01802035793	0
TGME49_244105	0.0197543328	0.04321751852	0.02026676276	0.03101938792	0
TGME49_205662	0.02837623354	0.01755788331	0.01416986729	0.01344262143	0.09705507436
TGME49_290150	0.1005041382	0.0763758169	0.1379333973	0.1896283085	0.09478233706
TGME49_316300	0.03737147117	0.05128940308	0.03959061712	0.0797306171	0.02107771628
TGME49_239010	0.005785628254	0.02109862779	0.0106701041	0.004567913168	0.01217990511
TGME49_283580	0.00623125067	0.009252257832	0.008967234015	0.03543801389	0
TGME49_280530	0.006759215635	0.02203786791	0.01133622861	0.008705758054	0
TGME49_235000	0.02036188792	0.01686024895	0.02327699811	0.06550705826	0.02565901893
TGME49_213885	0.006193605408	0.01401099112	0.01023052089	0.01597132532	0.01217990511
TGME49_236270	0.02978178975	0.02333979236	0.027237856	0.09330719402	0.06846744514
TGME49_275410	0.006467162635	0.004742629434	0.01634987366	0.01987939296	0.03109619807
TGME49_263290	0.006695000368	0.0043680298	0.01611024646	0.02735045512	0.0112147507
TGME49_280510	0.00650285187	0.01411539043	0.01375767655	0.01146848495	0.01311228289
TGME49_215280	0.4305519376	0.4294154198	0.4421172783	0.2758355122	0.2106712127
TGME49_319670	0.0785701341	0.05559845036	0.03445840072	0.1439607925	0.04882136399
TGME49_297970	0.04902276482	0.02544518707	0.07197418196	0.1313297083	0.03667198567
TGME49_320180	0.006902719441	0.002397134693	0.01145573019	0.03011225921	0.04225502972
TGME49_253910	0.006733943183	0.01760713382	0.01157653999	0.003825760629	0.02179805065
TGME49_284580	0.007134733493	0.01707968632	0.009780691659	0.0193210351	0
TGME49_216700	0.007119046204	0.002493346008	0.01815893095	0.01305386427	0.0553246092
TGME49_305130	0.007006354009	0.01200251932	0.007054198798	0.02473284721	0.0247482082
TGME49_202568	0.01528341243	0.02568202865	0.009758178403	0.05053777172	0.04173922839
TGME49_278680	0.02822406516	0.02161496778	0.0299098646	0.005072116675	0.01424877635
TGME49_263140	0.0166748538	0.02317561018	0.0415028032	0.008451042153	0.009705476466
TGME49_301998	0.0904208653	0.08833568185	0.08782765814	0.03905948552	0.05045758449
TGME49_249935	0.2629817129	0.1248230601	0.3108528239	0.6428717871	0.1016362935
TGME49_247030	1.018928224	1.184507936	1.08666299	0.8982883404	0.7206867922
TGME49_290340	0.01692096613	0.02767533124	0.02744143394	0.02795437026	0
TGME49_291820	0.03643069727	0.03692514545	0.04058503981	0.1065112907	0.0134037879
TGME49_206700	0.0157429864	0.0123289898	0.01597887903	0.05724067539	0.06167285628
TGME49_255290	0.01638914874	0.01610580448	0.02678083379	0.03771016395	0.03574312198
TGME49_208530	0.1503537471	0.1204033265	0.1657366261	0.2858983272	0.1862281259
TGME49_258480	0.2785572109	0.2047269873	0.2209734539	0.3644694687	0.2489463122
TGME49_262880	0.01637979607	0.03675916295	0.02465035378	0.01100855683	0.008725886966
TGME49_315460	0.01028306334	0.002192895737	0.006270267068	0.006523663885	0
TGME49_268430	0.02658472393	0.01154708798	0.01630184067	0.007987846887	0.09379397851
TGME49_290310	0.1416229904	0.08349249032	0.1468582098	0.09694196944	0.2742627257
TGME49_320440	0.05752463776	0.0343101766	0.04550084349	0.04943951337	0.04186988199
TGME49_460690	0.01025996752	0.004592693718	0.00460605369	0.007196540594	0
TGME49_231880	0.009410841458	0.001812254865	0.01057553232	0	0
TGME49_233380	1.271487769	1.510403969	1.263398777	0.6996613444	0.475111832
TGME49_313673	0.01021228069	0.004897297197	0.006843334339	0.004367030346	0
TGME49_239080	0.008715271977	0.004883289125	0.001919762727	0.003481876001	0.01907438134
TGME49_262660	0.008476871543	0.002149296373	0.02523199785	0.0333937072	0.01227241819
TGME49_230830	0.009949489766	0.009584203969	0.001919762727	0.004961522505	0
TGME49_226620	0.01047697786	0.007408940841	0.005475304494	0.003403518244	0
TGME49_300608	0.9560357203	0.9965624619	1.007733036	0.588771871	0.5272174344
TGME49_294785	0.01000465448	0.006929604412	0.002374822494	0	0.02982853274
TGME49_237595	0.00779423434	0	0.004780452377	0.01207894052	0.01229799211
TGME49_255240	0.04776877984	0.01902180358	0.04273817474	0.06452541313	0.01317951064
TGME49_301240	0.03841285103	0.02279258938	0.03405136994	0.03572949419	0
TGME49_304755	0.009377095861	0.0188448148	0.01957972183	0.01581024388	0.01547307088
TGME49_260550	0.009880481993	0.004483389274	0.02719670923	0.01744963269	0.03671942594
TGME49_233040	0.009442776315	0.002624367943	0.02346641515	0.03930310939	0.008318197561
TGME49_310830	0.01340955575	0.03428973005	0.01366808931	0.01252440016	0.02481188767
TGME49_252290	0.05917392987	0.05478690636	0.07989747765	0.1163725379	0
TGME49_231010	0.03807984393	0.06055576595	0.03703437906	0.05575502975	0.01553303668
TGME49_268685	0.02609100012	0.04743149104	0.02357823092	0.05083419747	0.01454038013
TGME49_211670	0.3590652088	0.232801378	0.3411010219	0.6577417466	0.8932696578
TGME49_216640	0.01017223698	0.009562379947	0.01821234956	0.03401010511	0
TGME49_248330	0.01350168671	0.02803522012	0.01606156819	0.02103866926	0.02478431905
TGME49_457320	0.02630842862	0.03628161757	0.03156210991	0.05041735816	0.03481869949
TGME49_297465	0.01023144248	0.008953475343	0.02521317056	0.02161244966	0
TGME49_209160	0.08859357444	0.0407978629	0.07847558082	0.1600618097	0.5109397285
TGME49_221220	0.013206937	0.01517460911	0.01784441783	0.04415634292	0
TGME49_260180	0.4936727041	0.3801012821	0.5541672536	0.8352180715	0.3260207377
TGME49_238140	0.02591214987	0.01955556436	0.02052718908	0.07314572511	0.1339698115
TGME49_203270	0.01004934091	0.006895450441	0.015524073	0.02536534841	0.06060079486
TGME49_216500	0.03941496849	0.03517359673	0.06739718037	0.07994761309	0
TGME49_318190	0.03962839677	0.04933184803	0.0557431262	0.06745840539	0.02394320815
TGME49_215550	0.04774272799	0.002476157064	0.01387165412	0.1160884561	0.0636723216
TGME49_203880	0.4622757671	0.4217183048	0.5059610228	0.7042744708	0.2892758645
TGME49_269200	0.01087077528	0.01113219227	0.02133005947	0.02594656934	0
TGME49_271820	0.03344479009	0.0575791491	0.0413400719	0.04440057135	0.01014991745
TGME49_202160	0.04007944088	0.07534004683	0.03913562588	0.05315731568	0.01206492847
TGME49_273400	0.02438231607	0	0.01647690426	0.02626823156	0.04637938127
TGME49_308890	0.1332556739	0.1741315001	0.1082708058	0.2054769578	0.1290000935
TGME49_319610	0.0601517539	0.04399931665	0.05149644841	0.1468443588	0.1655776845
TGME49_292325	0.02711592532	0.02756574627	0.01948299257	0.05114073587	0.140734528
TGME49_250330	0.06435889336	0.07113829388	0.07115824075	0.1240935188	0.08574033488
TGME49_314070	0.09024766643	0.1425853644	0.05410794074	0.1052234768	0.3238446566
TGME49_248900	0.1548554832	0.2172258481	0.1960652227	0.0840219628	0.09881919371
TGME49_239730	0.03289948875	0.06652439712	0.03846875428	0.02173766375	0.02939848842
TGME49_289310	0.05698182477	0.01746607826	0.04480455873	0.08133214823	0.06848134095
TGME49_205050	0.02221160774	0.05952791938	0.02522111746	0.01375077408	0
TGME49_311000	0.1304809914	0.1347504112	0.1542457849	0.174834885	0.141767069
TGME49_321570	0.3744605599	0.2482452234	0.439303304	0.5086266779	0.9322608577
TGME49_292375	0.1741712929	0.243737473	0.1256921208	0.07585152658	0.02899098524
TGME49_203160	0.1927700577	0.1741689053	0.1915834833	0.1184489237	0.1111536532
TGME49_321480	0.0331848625	0.008107793141	0.03586710137	0.07145404383	0.2087620076
TGME49_314650	0.06289296727	0.03158324142	0.07037617161	0.03742984063	0.04606002446
TGME49_252250	0.06254086193	0.05078104919	0.0328592875	0.06800073435	0.04556552442
TGME49_213370	0.1089087047	0.05626504324	0.114216902	0.0884265134	0.1304668773
TGME49_217540	0.5556798251	0.4616325179	0.6842903062	0.6818748881	0.5757550381
TGME49_221270	0.1975599524	0.2058928852	0.2136505614	0.1697027426	0.6384520898
TGME49_232340	0.2747172956	0.2735126338	0.2703469518	0.1736887123	0.1378173103
TGME49_207630	0.02122992962	0	0.01738304085	0.02063571652	0.01550296027
TGME49_306650	0.1079272443	0.08780646901	0.106257039	0.2420460846	0.1374420076
TGME49_246010	0.3026032051	0.4473695887	0.4214004749	0.06449966007	0.04363072804
TGME49_321280	0.02017626834	0.002566377476	0.007378142556	0.002719272277	0.12691259
TGME49_270330	0.06887982872	0.08179888876	0.05268398767	0.02250553292	0.05394169168
TGME49_288600	0.08312105476	0.0499273006	0.04264303108	0.1392742551	0.0727666669
TGME49_309030	0.01869413594	0.009223884471	0.00782373975	0.01373153773	0.04033733542
TGME49_304640	0.02330337352	0.01850132991	0.03627125997	0.06227915121	0.008318197561
TGME49_308050	0.09419791722	0.04259833396	0.07201225303	0.1023124641	0.2700303473
TGME49_213810	0.01426775867	0.00732163451	0.008710315064	0.003954019353	0.01064475617
TGME49_213730	0.06852662878	0.1147805406	0.06433512184	0.08588642744	0.03154533274
TGME49_255940	0.02790226361	0.04482060376	0.05165605	0.01778492478	0.01075618377
TGME49_201740	0.01925615484	0.02331565811	0.004342050645	0.004453022243	0.02725110774
TGME49_268630	0.01259837894	0.004475343637	0.006387098092	0.009730478617	0.01355402969
TGME49_200130	0.02349855672	0.02386023075	0.02955054784	0.04048232136	0.0726719831
TGME49_304680	0.02339481476	0.01211938931	0.009678111067	0.04947674784	0.2377875393
TGME49_457930	0.01398314329	0.00926130072	0.006614335449	0.008134839233	0
TGME49_231780	0.01325517746	0	0.002262433132	0.009467283919	0.0794035107
TGME49_254790	0.002943461126	0.004969788208	0.01193462397	0.01275866351	0
TGME49_297890	0.04920094957	0.05583011621	0.05435727637	0.1078182289	0
TGME49_293210	0.002924106486	0.009057747697	0.009415525324	0.008897521611	0
TGME49_457600	0.002744980736	0.01321417032	0.004479642202	0.003422101409	0.01276660416
TGME49_267970	0.002740997862	0.007183290476	0.009062600285	0.01171761999	0
TGME49_232955	0.002611101335	0.006763080641	0.01342368032	0	0.01217574614
TGME49_308940	0.003040892262	0	0.0140552915	0.01611420824	0
TGME49_283590	0.002958228167	0.00918045378	0.006968756354	0.009528613982	0
TGME49_233200	0.002808904988	0.006316303366	0.004844083008	0.01900010024	0
TGME49_263200	0.00243822786	0.006149019401	0.00484193635	0.004784107653	0.04693741759
TGME49_278220	0.017894282	0.004193892099	0.01134917894	0.014847656	0.01217990511
TGME49_301218	0.03592352792	0.05813929073	0.06461855174	0.0169089806	0.02146135361
TGME49_249660	0.002746978348	0	0.004434081447	0.02584045505	0.01496471156
TGME49_285760	0.01223225529	0.006740452587	0.006377431417	0.007707533211	0.008318197561
TGME49_355200	0.9322567612	0.9579398522	0.9574201433	0.6322398188	0.7975798075
TGME49_315740	0.0125895212	0.003024081488	0.004918285975	0.01458272975	0.0295795794
TGME49_271625	0.01224327573	0.008799446637	0.007106206699	0.003198125965	0.009396425141
TGME49_252255	0.003448930734	0.002542354473	0.01214273416	0.01072791335	0.01171103052
TGME49_294902	0.003610582967	0.004299296509	0.0100771262	0.01630683693	0
TGME49_263320	1.905880064	1.886470474	2.110219418	1.860038899	1.668047356
TGME49_233010	0.01649828034	0.002439985711	0.001884047836	0.008859176824	0.09888128848
TGME49_243620	0.1393198722	0.1988574744	0.09169258184	0.2011329548	0.2549752405
TGME49_201890	0.003288027414	0	0.006126357528	0.0244324089	0
TGME49_282200	0.003271028554	0.01138682318	0.005666029525	0.00828429819	0
TGME49_304450	0.01300110371	0.004919147074	0.01033612371	0.009152151454	0
TGME49_233820	0.01311495475	0.006755378099	0.01143780265	0.004742262788	0
TGME49_320500	0.003615248674	0.004461662446	0.004841642349	0.0157469884	0.01299074271
TGME49_234670	0.003573973752	0.004347371469	0.01179110914	0.01096808729	0
TGME49_262000	0.0166468594	0.02614435863	0.02098153213	0.05596987535	0.01504187394
TGME49_262110	0.01360430412	0.002837277356	0.009740848905	0.0174495906	0
TGME49_286540	0.004041074314	0.01684701834	0.00212292857	0.009287260091	0
TGME49_293690	1.850106448	1.711914404	1.70535218	1.990797973	3.619973495
TGME49_213590	0.3141555763	0.2842795767	0.2035945646	0.3532361825	0.5304478005
TGME49_243200	0.1144698988	0.0113807032	0.00464652747	0.004031011269	1.835591182
TGME49_220310	0.01814038783	0.01403037477	0.01238856767	0	0.009396425141
TGME49_305470	0.0290776338	0.03284387647	0.03601571363	0.07182881328	0
TGME49_310045	0.01663544062	0.01182044501	0.01340390447	0.00590989784	0
TGME49_460150	0.01582452009	0.01332851262	0.006943826407	0.004552381313	0.02414858997
TGME49_288970	0.01610417427	0.007497221432	0.005937444145	0.02289188309	0.009479432408
TGME49_304700	0.04856440019	0.02416304563	0.02356217986	0.07906272449	0
TGME49_232010	0.03048695798	0.03937720872	0.04657506169	0.03049972807	0.02203349453
TGME49_293570	0.1308575571	0.07570817518	0.1393513242	0.2454386504	0.2958171934
TGME49_288290	0.03067474846	0.06327104835	0.01958876361	0.05341900277	0
TGME49_268780	0.0352016384	0.009286255491	0.07638509593	0.07560597747	0.01014991745
TGME49_207720	0.02885091104	0.04477796085	0.02864821953	0.05695219939	0.02810681927
TGME49_215930	0.03085803679	0.05978066456	0.02209460003	0.05711005529	0.01048869957
TGME49_220212	0.01896864068	0.02636878664	0.03393567729	0.0348627545	0
TGME49_228400	0.1189798481	0.05522237894	0.08616835255	0.1647494016	0.2027057956
TGME49_204370	0.4167322894	0.1688618442	0.4189143878	0.7055593592	0.3643204574
TGME49_255880	0.07860932796	0.05931144664	0.1054640315	0.1599824146	0.06506411893
TGME49_300615	0.7438953109	0.7494791658	0.7282134288	0.5546100893	0.5711931047
TGME49_295370	0.1233276258	0.09525413071	0.1450420713	0.2388638209	0.1259785986
TGME49_295472	0.05109064636	0.02988559369	0.07983074176	0.05842837762	0.2341717193
TGME49_293510	0.2711319927	0.0772277151	0.3074845859	0.3678219685	0.4360169669
TGME49_207830	0.07987574387	0.05826153944	0.06325014969	0.08686998241	0.06553318071
TGME49_218490	0.04600447921	0.07259701176	0.04758158043	0.08899891965	0.04773962238
TGME49_301350	0.05190308018	0.004432170619	0.08308683901	0.09388188159	0.2745165954
TGME49_225830	0.1185816421	0.07423344374	0.09451037003	0.1314860111	0.1547165779
TGME49_229280	0.05270269758	0.05016911725	0.06705332249	0.02727983348	0.319290692
TGME49_215180	0.07356875372	0.06157078405	0.05838139978	0.04385492681	0.1004204204
TGME49_275755	0.03399012177	0.02831384035	0.02329587301	0.01178044243	0.04072451031
TGME49_262040	0.03275120463	0.02393198582	0.01901276891	0.03714458875	0.01390054422
TGME49_236240	0.1395802207	0.1179668236	0.1099976386	0.1255548162	0.1742236319
TGME49_251510	0.03852410503	0.03200321153	0.08463763288	0.03414015021	0.02226163746
TGME49_277940	0.06024458737	0.02708262974	0.04718491828	0.13747511	0.3625543725
TGME49_460300	0.1794471188	0.1901182107	0.1735823796	0.2510396529	0.3029381154
TGME49_206350	0.03786305502	0.02624855627	0.02214208429	0.09352959149	0.1963064969
TGME49_291120	0.05917456119	0.02968478515	0.05305390714	0.06378579838	0.04726104227
TGME49_245770	0.1004896461	0.07276581042	0.1262459465	0.03210289427	0.008410171473
TGME49_222310	0.03725514736	0.05269893167	0.04604186941	0.06548813449	0.02791884239
TGME49_297770	0.02437807259	0.03405816752	0.03573383145	0.03776383891	0.01949657974
TGME49_310360	0.1995027254	0.1615771591	0.171023278	0.4533345536	0.2130237547
TGME49_217350	0.1154961658	0.1228068313	0.1036516548	0.06743108218	0.03860250949
TGME49_263130	0.09132503241	0.07350924354	0.1274919615	0.1681487603	0.03575140119
TGME49_287440	0.05815103239	0.05458102796	0.05593250441	0.02450385415	0.01385804292
TGME49_261050	0.02568809561	0.03260379642	0.03235507779	0.05908119057	0.008318197561
TGME49_312622	0.1068297661	0.01531303285	0.06286730478	0.09113371035	0.6301947066
TGME49_284050	0.02530764046	0.01968479015	0.03023974068	0.0796346611	0.02431735314
TGME49_219600	0.1435157957	0.2177109369	0.1249907952	0.1784569936	0.07837393559
TGME49_289250	0.1291544736	0.1039464758	0.1305044931	0.1183461534	0.05584418905
TGME49_212240	0.01638982647	0.03762666417	0.01266227556	0.023174772	0.02636830564
TGME49_223580	0.048379214	0.05389571441	0.0556661385	0.09118937344	0.01129521284
TGME49_233810	0.09509730975	0.0647010462	0.09757048614	0.04703745777	0.1304200084
TGME49_266610	0.01774390218	0.03348597085	0.01642901085	0.03156346245	0.01807682042
TGME49_230230	0.1283711707	0.1714626118	0.07587405996	0.0859851524	0.01645321348
TGME49_214440	0.7634558503	0.6719535706	0.8708001218	0.6067138296	0.3311276313
TGME49_461200	0.04831573053	0.05520074094	0.06825663742	0.06633818668	0.06073660695
TGME49_249540	0.6925991665	0.6010294863	0.792966639	0.5136346739	0.3719397824
TGME49_248490	0.03185123139	0.02463609617	0.02457116498	0.1097552199	0.05826861214
TGME49_316770	0.03975406268	0.03643397153	0.04285890077	0.09569123015	0.04794190085
TGME49_278580	0.01875377735	0.02608321873	0.02839300905	0.0216332266	0.01075618377
TGME49_214950	0.5562613733	0.6000931542	0.5494534681	0.3932532518	0.1555721885
TGME49_263310	0.08183802189	0.1045277915	0.07340400539	0.1459096973	0.1316920506
TGME49_297845	0.1153498204	0.1005833318	0.1085290539	0.2450185704	0.1360262954
TGME49_239130	0.03093345723	0.009229921198	0.01760776987	0.04007428064	0.04560242856
TGME49_258560	0.06189996579	0.02883741233	0.05893074078	0.09078203466	0.03178247719
TGME49_258710	0.04058367312	0.005462313641	0.03972158651	0.03268208341	0.09032960108
TGME49_289330	0.06538728523	0.07192679229	0.08192414662	0.09525993033	0.09615181447
TGME49_247270	0.006827903745	0.002471537609	0.0286183408	0.01423904587	0
TGME49_203750	0.005486734602	0.009746761112	0.01686258637	0.01529218177	0
TGME49_263230	0.005380163464	0.01180660267	0.008783945402	0.02538192706	0
TGME49_270910	0.005065162807	0.007267935306	0.009212182783	0.02754424638	0.01954634259
TGME49_257568	0.01346672195	0.01940238151	0.03603265624	0.004542121536	0
TGME49_218830	0.04905689215	0.03970651281	0.06667806972	0.08542819006	0.08526581057
TGME49_245580	0.00613274758	0.01223391039	0.006821902573	0.02553021712	0
TGME49_204315	0.006045186688	0.004973567853	0.0162756094	0.0205843996	0
TGME49_203900	0.006176664533	0.01124116135	0.009020150348	0.01783350777	0.02245218642
TGME49_233170	0.006328922679	0.01643036562	0.00832198834	0.01632475426	0
TGME49_329300	0.006322431908	0.009343231747	0.01076842722	0.02014929153	0.01169612297
TGME49_230920	0.006219509439	0.004577917599	0.01551372664	0.02500102727	0
TGME49_213850	0.006306875059	0.006722467081	0.01117821542	0.02801179542	0
TGME49_240670	0.02914916656	0.02930505674	0.008942050726	0.02230294348	0.0329040234
TGME49_313700	0.006526466995	0.007690213928	0.008803422792	0.03195450932	0
TGME49_207110	0.006802565221	0.01933346146	0.0138204518	0.003881235124	0
TGME49_216850	0.006248550727	0.006778871167	0.0177152832	0.01027596625	0.01542226073
TGME49_227660	0.006768033014	0.01129766996	0.004699928735	0.02790658039	0.01424877635
TGME49_264220	0.007273134428	0.004811460554	0.01996466569	0.01362988273	0
TGME49_205625	0.00703417514	0.01115695119	0.01359457222	0.01391649865	0
TGME49_242650	0.150189025	0.08865531135	0.07035509131	0.298845645	0.1469911358
TGME49_355230	0.1097166482	0.1232399639	0.149769306	0.1219144397	0.1028610695
TGME49_206550	0.01339040195	0.01396700948	0.01362093166	0.04742205909	0.01479185862
TGME49_460130	0.1607252444	0.1319185897	0.103966952	0.2054511995	0.2583673212
TGME49_460730	0.01361299727	0.0125846013	0.01895916392	0.03691024994	0.01575351087
TGME49_291800	0.01256360818	0.01201822807	0.004350864712	0.008325748259	0.2174565823
TGME49_267010	0.007959227431	0.004443805683	0.0206436262	0.01366106426	0.009479432408
TGME49_244230	0.1033123776	0.0947236719	0.09077673449	0.08072173234	0.02467459788
TGME49_287980	0.1375144052	0.1736865806	0.1494558455	0.1728528595	0.07627419806
TGME49_305540	0.2079806726	0.1922516147	0.2343296818	0.239876675	0.5229448829
TGME49_251530	0.009096151491	0.01593419152	0.02286486335	0.01436210574	0
TGME49_251450	0.07681644143	0.05333913182	0.05399468414	0.06438810379	0.09284842891
TGME49_225710	0.008518023238	0.009160027335	0.02192634661	0.02739015575	0
TGME49_248460	0.2766897915	0.1649941636	0.1942449958	0.3808672631	0.6946911369
TGME49_244570	0.01428225944	0.02166377855	0.01574851882	0.03397188896	0
TGME49_257060	0.01379026074	0.01989448124	0.0134321153	0.03592588611	0.009396425141
TGME49_460790	0.2298401293	0.2532794853	0.1868348004	0.3558780353	0.2988695595
TGME49_240980	0.1251057297	0.1008523113	0.07497242331	0.1204187019	0.2283404612
TGME49_272710	0.03885286377	0.04853818936	0.02916457355	0.004006580022	0
TGME49_294840	0.4598743372	0.5031190026	0.431069596	0.3068997798	0.2958600856
TGME49_255400	0.02086246774	0.01234344966	0.01855915182	0.03769979131	0.2058612009
TGME49_221540	0.06872281687	0.02912836949	0.06133027964	0.06790123849	0.1310303068
TGME49_234460	0.2577175016	0.2858569954	0.2474825051	0.1653415952	0.08805186572
TGME49_459090	0.1369509576	0.1044303115	0.1252079923	0.134953118	0.03915281223
TGME49_246090	0.1856785775	0.1609190705	0.2736028876	0.2128143174	0.06076050937
TGME49_278230	0.02206957333	0.03138911708	0.03697219472	0.03192993436	0.01322664538
TGME49_307590	0	0	0.002428825452	0.00923001971	0
TGME49_460040	0	0.002426866107	0.002330200114	0.004219711285	0
TGME49_461460	0	0	0.004792079403	0.005031895475	0
TGME49_458520	0	0.002395748523	0.002335801962	0.004727612091	0
TGME49_460650	0	0.002569873283	0.0023974665	0.004327052436	0
TGME49_460810	0	0	0.004335401672	0	0.01714331365
TGME49_233065	0	0	0.00770616732	0	0
TGME49_203570	0	0	0.002168949814	0.009252350318	0
TGME49_289170	0	0	0	0.01132091708	0
TGME49_203440	0	0	0	0.01240345984	0
TGME49_211050	0	0	0	0.01374729458	0
TGME49_308960	0	0.001525855796	0	0.007877881872	0
TGME49_311335	0	0.002524007591	0.002470066408	0.003230674607	0
TGME49_283840	0	0.00413328377	0	0.003937496827	0
TGME49_201895	0	0.002448863742	0	0.004766023055	0.01398673685
TGME49_203250	0	0	0	0.009113985543	0
TGME49_203330	0	0.005596634541	0	0	0
TGME49_209583	0	0.002286624928	0.001741691511	0.004380617595	0
TGME49_209705	0	0	0.002184623359	0.008973786108	0
TGME49_210975	0	0.00253563048	0.001905391835	0.003781255881	0
TGME49_212045	0	0.002120397289	0.004527135364	0	0
TGME49_214115	0	0.002211972566	0.002543294469	0.004796293048	0
TGME49_214295	0	0	0	0.0118248711	0
TGME49_214385	0	0.002289012693	0.004816308803	0	0
TGME49_217855	0	0.002178404057	0.002191451082	0	0.0125351083
TGME49_219090	0	0.001970687104	0.001922060839	0.00482098115	0
TGME49_220740	0	0.004717246791	0.002264970828	0	0
TGME49_222420	0	0.004292798875	0.002261167732	0	0
TGME49_225570	0	0.007589637252	0	0	0
TGME49_226515	0	0.00209082889	0.002422442293	0.003087762174	0
TGME49_227015	0	0.006393225964	0	0	0
TGME49_229740	0	0.004937934659	0.002402083202	0	0
TGME49_230990	0	0.001377605309	0.002482052582	0.004839781886	0
TGME49_239880	0	0.003396309872	0	0.004830350549	0
TGME49_244950	0	0	0.004446068093	0.004401251858	0
TGME49_255380	0	0.002024435965	0.002440135203	0.00451930827	0
TGME49_258085	0	0.004360079087	0	0.004150637957	0
TGME49_261960	0	0.004939960089	0	0.00438517649	0
TGME49_262020	0	0.00427787582	0	0.004878142644	0
TGME49_263450	0	0.002073846913	0.004784221993	0	0
TGME49_263460	0	0	0.004589848921	0.004168067611	0
TGME49_265455	0	0.002291408381	0	0.008041321444	0
TGME49_270020	0	0	0.004431718549	0.004099654087	0
TGME49_271450	0	0	0.002347140828	0.006460579939	0
TGME49_272390	0	0	0.002139694273	0.00858176196	0
TGME49_272595	0	0	0	0.01140160963	0
TGME49_273065	0	0	0.001978924014	0.007105374848	0
TGME49_277800	0	0	0.005226512669	0.003481876001	0
TGME49_279350	0	0.004104631824	0	0.003041020445	0
TGME49_279540	0	0.004700820681	0.002078839307	0	0
TGME49_284680	0	0	0	0.01400471885	0
TGME49_285920	0	0.007290717211	0	0	0
TGME49_288060	0	0	0.002213527698	0.004133429254	0.01014991745
TGME49_293620	0	0.002325808855	0.002209994808	0.003378810096	0
TGME49_294595	0	0	0.007183404964	0	0
TGME49_294651	0	0.002569873283	0.002191451082	0.003982586522	0
TGME49_297190	0	0	0.002492488192	0	0.02736105924
TGME49_306240	0	0	0	0.008360625814	0.01458961394
TGME49_306860	0	0.004113079365	0	0.003851666167	0
TGME49_307015	0	0	0.002218266377	0	0.02782602954
TGME49_307060	0	0	0.002192595621	0.004064895397	0.01404929981
TGME49_310340	0	0	0	0.006966727089	0.008410171473
TGME49_310590	0	0.00471056146	0	0	0.01168868862
TGME49_314560	0	0.002450353861	0	0.00368025911	0.01328492851
TGME49_318632	0	0	0.003909457233	0.004250419372	0
TGME49_319960	0	0.007210999496	0	0	0
TGME49_320540	0	0.00469541902	0	0	0.01299074271
TGME49_252850	0	0	0.002050339918	0.003224094399	0.007080691972
TGME49_315845	0	0	0.002448324627	0.004238053281	0.01129521284
TGME49_250955	0	0.00499144315	0	0.003044240619	0
TGME49_249980	0	0.005069346836	0	0	0.008725886966
TGME49_260460	0	0.004588713397	0.002428825452	0	0
TGME49_269400	0	0	0.004736233247	0.003378810096	0
TGME49_285470	0	0.002359281533	0.005028159337	0	0
TGME49_254060	0	0	0.002350004212	0.007711850474	0
TGME49_292280	0	0	0	0.004242162909	0.0257089714
TGME49_309300	0	0	0	0	0.03457501896
TGME49_251962	0	0	0.002354321151	0.00623705966	0
TGME49_295020	0	0.002218446673	0.002261167732	0.0007628746054	0
TGME49_316190	0	0.002524007591	0.002871268499	0.003550715326	0
TGME49_254610	0	0.002313334541	0.002252373558	0	0.01587226404
TGME49_243130	0	0.004291798675	0.002458277332	0	0
TGME49_298090	0	0	0.006131329337	0	0
TGME49_272240	0	0.002391605679	0	0.003785638917	0.01448473704
TGME49_229150	0	0.002509325817	0.004102412361	0	0
TGME49_355040	0	0	0.00230958108	0.00775839784	0
TGME49_277260	0.1130260855	0.1908449308	0.09443097694	0.1102714373	0.09639640451
TGME49_263170	0.009228140018	0.02007006887	0.004493622813	0.02768769098	0.009396425141
TGME49_210700	0.08016425885	0.04288718124	0.07783005735	0.1050285353	0.02285158617
TGME49_230000	0.05208260626	0.0360449363	0.05682388022	0.1174208547	0.09217745429
TGME49_277820	0.03459480804	0.05291272756	0.05595343843	0.03111358825	0.01458254892
TGME49_315140	0.1379922676	0.2561229281	0.1319180205	0.08397868495	0.02799353897
TGME49_305770	0.01046460878	0.009072942498	0.02066377346	0.02439911496	0
TGME49_294820	0.01111184832	0.004837821565	0.02719027625	0.02414347033	0
TGME49_231030	0.04957997646	0.04262195453	0.05351108927	0.1059885628	0.1234462327
TGME49_285500	0.1104066431	0.1020445997	0.08206408576	0.09015009549	0.130028872
TGME49_292010	0.05098025176	0.06337669898	0.05459265263	0.08127922334	0.09617892169
TGME49_236540	1.46993498	1.642921953	1.475588103	0.9654505707	0.8241159427
TGME49_217880	0.01102076204	0.02364336177	0.01679596729	0.00808292894	0
TGME49_208070	0.06261959535	0.04915375585	0.07269702534	0.1349217083	0.08372464101
TGME49_253860	0.1766600341	0.18037825	0.1108795591	0.1429021575	0.2881596243
TGME49_238400	0.07522851799	0.05389942425	0.08164167345	0.07590854186	0.4090500474
TGME49_270690	0.08625679453	0.05082043658	0.07136163703	0.1010489957	0.1430159047
TGME49_300055	0.7260177706	1.012778541	0.5798400827	0.3491565935	0.3117876811
TGME49_249320	0.01142788172	0.02365146977	0.01134095714	0.0187321704	0
TGME49_315110	0.06002557306	0.04070958133	0.03710529931	0.08161058745	0.05996085631
TGME49_299080	0.1564202006	0.1775119312	0.1775415234	0.235966523	0.03870068103
TGME49_314730	0.09280636085	0.04829593041	0.09443330088	0.1064404126	0.009479432408
TGME49_281900	0.04212717808	0.009058252486	0.04105513944	0.136833791	0.1268880906
TGME49_266960	1.233149084	0.6526509475	1.052674008	2.310960555	3.420088076
TGME49_226370	0.07355687757	0.05991254626	0.06699474847	0.07145940867	0.0139434399
TGME49_247025	0.08745673287	0.1101723368	0.1042990499	0.1133341653	0.06560671659
TGME49_307000	0.02838772138	0.01906850108	0.02997131019	0.08465103116	0.05554419769
TGME49_459620	0.1548324439	0.1009924785	0.1095840793	0.2232860824	0.158382026
TGME49_254270	0.02662434434	0.00939817951	0.00973463947	0.04189608534	0.03294921106
TGME49_254555	0.09792980505	0.08165869002	0.07630814481	0.1113837372	0.07676775771
TGME49_223270	0.03820759965	0.05351813528	0.04811593153	0.05321719902	0.02235937227
TGME49_231910	0.06157883791	0.03814899987	0.04709040937	0.2087676471	0.0422180738
TGME49_215710	0.03813765874	0.06181087335	0.03599240898	0.0750719448	0.01448473704
TGME49_224260	0.1461614991	0.1540280819	0.169537063	0.2291879361	0.08349371979
TGME49_286530	0.9129788597	0.6521480167	0.9443904065	1.381660156	1.557598132
TGME49_226510	0.0542227041	0.04248291931	0.06311030214	0.07829384511	0.1761590431
TGME49_248310	0.09479425755	0.02311218719	0.05759523773	0.1061028704	0.4669458321
TGME49_314440	0.01876942233	0.02436492483	0.0423184386	0.01939077552	0.0125351083
TGME49_248120	0.1565383595	0.1815328273	0.1560673773	0.240207874	0.1227866052
TGME49_225240	0.120688739	0.07530374961	0.09957497408	0.3231976222	0.2049114298
TGME49_294230	0.6123654354	0.3975260588	0.5940347903	0.9990985707	1.498878552
TGME49_269442	0.3928469637	0.3432057851	0.3387046206	0.3392881089	0.7555209457
TGME49_280590	0.06674106787	0.07305288187	0.07430058654	0.1361058795	0.03873455289
TGME49_242790	0.08026872891	0.045824888	0.06871826511	0.0467765729	0.2343066211
TGME49_261590	0.05235315481	0.06267416847	0.03391790846	0.1233259593	0.06525825659
TGME49_228200	0.2209067897	0.2270983331	0.2072865743	0.3090883028	0.410397287
TGME49_249702	0.2266714844	0.1870741557	0.3092355978	0.3152208383	0.08843364187
TGME49_254510	0.01816636064	0.02040080846	0.02532285898	0.0555849043	0
TGME49_318150	0.1888040709	0.2091044524	0.1607902159	0.1257171133	0.08254596663
TGME49_240060	0.4196286641	0.3702667828	0.5535483103	0.1950383312	0.06031549619
TGME49_270370	0.08399356579	0.04542926831	0.05708563895	0.2133522523	0.3216161073
TGME49_231625	0.01919763045	0.02557272577	0.03846575707	0.02305815268	0.01001912066
TGME49_226590	0.476584922	0.4288092652	0.4349053478	0.6884731629	1.004871906
TGME49_297330	0.03836167276	0.04156272663	0.05621137284	0.07268247335	0
TGME49_287220	0.1186088373	0.2132691928	0.1005936541	0.07168639571	0.1958915036
TGME49_264730	0.1492550392	0.146207435	0.1519018073	0.2882951819	0.07465372163
TGME49_323400	0.642756114	0.618018516	0.5877626933	0.6099618187	0.5503165318
TGME49_218570	0.1153369925	0.144361136	0.1148245071	0.1656482363	0.1049914795
TGME49_240050	0.0900193996	0.0418399174	0.130331889	0.1268256474	0.2787339584
TGME49_272460	0.05647129134	0.07853967508	0.06182075706	0.07856664273	0.07493801468
TGME49_226910	0.03900227689	0.04057168727	0.05713209551	0.07256015257	0.009181623659
TGME49_286670	0.03645297274	0.01922819307	0.03157162916	0.03641820816	0
TGME49_219770	0.0389960687	0.02768081893	0.03164109321	0.1029860726	0.06641510453
TGME49_209108	0.1553118178	0.1831457462	0.2040016957	0.1306795731	0.1337470402
TGME49_279400	0.1707936208	0.05677277435	0.1055919297	0.2586227906	0.5930855768
TGME49_306260	0.01972195758	0.02221019596	0.02830941998	0.03873582733	0.01757732783
TGME49_272475	0.03918890693	0.04009834974	0.04933154395	0.09010867185	0
TGME49_459270	0.06642545543	0.05618445441	0.04655615813	0.07459051326	0.01315353531
TGME49_232830	0.4319410576	0.5433997002	0.4707987242	0.3528586235	0.3210818495
TGME49_228360	0.1487613815	0.1353508359	0.1521868078	0.2850764953	0.1842392697
TGME49_213620	0.03944441926	0.05692906083	0.04776901256	0.0423828424	0.06028051037
TGME49_214835	0.09598933113	0.1316250751	0.1572335971	0.04471245067	0.04940444787
TGME49_223390	0.3084100016	0.3308199485	0.3456596281	0.4068302779	0.1134838485
TGME49_249550	0.1448913777	0.137143866	0.1471373612	0.1151389812	0.02347095899
TGME49_211640	0.1609162552	0.1841447578	0.194631884	0.1796464419	0.1089109508
TGME49_240250	0.3041747858	0.1468726087	0.287890385	0.3251091887	0.7978010881
TGME49_266830	0.04701006541	0.04719937181	0.04489804296	0.09082928844	0.1009261914
TGME49_272410	0.0469406967	0.05607682496	0.04310703322	0.1140560543	0.04014274512
TGME49_239810	0.1631455144	0.1801069665	0.1832326545	0.0679928002	0.01274290476
TGME49_207880	0.09846052464	0.149681419	0.07359893489	0.1253779723	0.2082844528
TGME49_286020	0.07600285904	0.09471047802	0.1174673729	0.06320238631	0.01468243654
TGME49_234230	0.1121495017	0.1185871133	0.1051211892	0.1923664465	0.06931272931
TGME49_310650	0.1138933771	0.157254565	0.1305722563	0.09293652536	0.1742096628
TGME49_318550	0.05002721004	0.03372571026	0.04871286824	0.0867039615	0.2344156837
TGME49_313100	0.02340590658	0.01349916937	0.01240758879	0.02034985475	0.02446951794
TGME49_305840	0.03314583491	0.03389924525	0.03161021922	0.09721932825	0
TGME49_235450	0.3763351445	0.3727368703	0.3544267324	0.2276095857	0.5493518473
TGME49_215300	0.225736622	0.2055725488	0.1905294163	0.1770243898	0.3062749113
TGME49_286140	0.03396405373	0.004382804839	0.009028500335	0.06803321529	0.06566321471
TGME49_232150	0.1794499693	0.1119467749	0.1588441663	0.1409935107	0.4416848101
TGME49_227570	0.2071475424	0.2198945668	0.1574140861	0.2175628373	0
TGME49_285800	0.02867463188	0.01636798014	0.06603422355	0.02902653145	0.009396425141
TGME49_224170	0.5600454123	0.09390963035	0.7559552069	1.307035839	0.3948661891
TGME49_251850	0.07894125346	0.1011752218	0.0548251974	0.1187875496	0.1856675802
TGME49_286210	0.02678452252	0.03495967265	0.02125187562	0.05295730608	0.05376889058
TGME49_240300	0.05198994826	0.07416971624	0.07164764103	0.05029442615	0.02396631978
TGME49_205460	0.08037708796	0.09468697809	0.07817528698	0.1034468047	0.1604263221
TGME49_267670	0.1300356246	0.1928083929	0.1195268522	0.1183677323	0.1792127313
TGME49_243400	0.04986938697	0.02884484669	0.04583585911	0.04706603421	0.04651352094
TGME49_218850	0.07373433573	0.03706888138	0.05054598996	0.1462846038	0.5097785023
TGME49_215620	0.01639887585	0.01583088731	0.02638536349	0.04243128995	0.01412550554
TGME49_283740	0.01667228818	0.03046832668	0.01747109811	0.01871620967	0.04540839185
TGME49_316140	0.05243476642	0.01887779668	0.05134972329	0.1701029415	0.1067504931
TGME49_221905	0.07575365485	0.06338418961	0.05746963465	0.05556056118	0.04292397159
TGME49_249170	0.01728878819	0.01383920594	0.03191939988	0.02323360434	0.04104057316
TGME49_318210	0.01704405559	0.02957058036	0.02023347045	0.02951243647	0
TGME49_254600	0.01625871031	0.01293128749	0.009091029407	0.06618507709	0.02607841085
TGME49_278100	0.01655707733	0.01372452811	0.004194196969	0.07173467485	0.04478412398
TGME49_298020	0.1187712646	0.1120576646	0.1369911914	0.2021390437	0.05064995375
TGME49_200375	0.0337287596	0.02769583095	0.03578433432	0.007099137035	0
TGME49_305030	0.04046516493	0.01961297653	0.05100838099	0.03715184408	0
TGME49_263190	0.0346311635	0.02543572163	0.02728917379	0.02574111949	0
TGME49_320450	0.1227948397	0.169325859	0.1422699216	0.1354421308	0.03610075247
TGME49_256965	0.003284605276	0.007356798745	0.01398464882	0	0
TGME49_316570	0.2391277723	0.2244108978	0.1945782276	0.296327324	0.07868755975
TGME49_225520	0.002748980099	0.004391940534	0.008709285253	0.00485883355	0.02692643007
TGME49_305790	0.002633035163	0.001525855796	0.009680685338	0.01364229278	0.01230226897
TGME49_457920	0.002612837427	0.004802948758	0.004298029559	0.01098428917	0.03152509861
TGME49_209630	0.003051720044	0.002528966629	0.008576125904	0.00467608964	0.04565505292
TGME49_231900	0.003160796928	0.009004809941	0.006952298404	0.008640088957	0
TGME49_208722	0.002855836788	0	0.004365130919	0.02335882836	0.02573798843
TGME49_248610	0.05337167357	0.03135572985	0.05855937603	0.1442620844	0.05010509452
TGME49_295015	0.003288027414	0.007125390157	0.006910254727	0.01238896113	0
TGME49_268390	0.003250991466	0.00220875741	0.004866803624	0.01778027759	0.01580795797
TGME49_211060	0.003084917136	0.002357965258	0.008502835136	0.009263104282	0.009396425141
TGME49_220450	0.003682798214	0.004383386968	0	0.03098788435	0
TGME49_237490	0.003440965319	0	0.009291717027	0.01651263711	0.01275236941
TGME49_220440	0.003213640558	0	0	0.01368612743	0.06558730904
TGME49_222290	0.0634563025	0.07687004352	0.0600134575	0.116582406	0.03966566712
TGME49_258350	0.003823578807	0.008917178873	0.007974097726	0.004422197923	0.01453338861
TGME49_261850	0.003685291184	0.00684388943	0.009806119359	0.004727612091	0.01367439393
TGME49_297505	0.00367041943	0.009368028451	0.006897539432	0.00355560364	0.008725886966
TGME49_457940	0.003569484736	0.009464034575	0.008292191396	0.004152563577	0
TGME49_315730	0.0484049901	0.04994217329	0.1060531011	0.03182639684	0
TGME49_210450	0.003631740886	0.01882525915	0.002382290538	0	0
TGME49_251570	0.003749569864	0.004802572372	0.009160429531	0.01365856872	0
TGME49_239120	0.003731181886	0	0.01298755736	0.01014347307	0
TGME49_212950	0.003702905775	0.002361921234	0	0.02340332816	0.02146135361
TGME49_309195	0.003680311015	0.007052700406	0.005697605703	0.007805637617	0.01276660416
TGME49_253400	0.05357342179	0.05302434166	0.06174209066	0.07816172105	0.1116942861
TGME49_289890	0.03556594461	0.06452999988	0.01637996485	0.07548004803	0.02473566748
TGME49_249670	0.6270610151	0.4717659755	0.8807584973	0.6566680475	0.5332041866
TGME49_215510	0.1103237794	0.1316031128	0.1352154274	0.1117965114	0.1661216461
TGME49_203450	0.06637987719	0.04951875966	0.05812335033	0.1850059814	0
TGME49_269770	0.01231153234	0.0338162989	0.0137926299	0.01737082806	0
TGME49_320060	0.04320603567	0.03078991994	0.03884271954	0.08754051959	0.1538458197
TGME49_226320	0.1087637956	0.07408546657	0.1096431752	0.09638454152	0.07582875442
TGME49_243615	0.02026510694	0.013510648	0.01291549444	0.01273165703	0.01430167064
TGME49_262430	0.01195118893	0	0.03018819387	0.0350131849	0.03951538564
TGME49_202010	0.2595497401	0.2555584306	0.1829652017	0.3029889607	0.2051901381
TGME49_260170	0.01199730613	0.01949221571	0.02143813009	0.0171126113	0.01404929981
TGME49_225970	0.01177894523	0.0131708417	0.02154288892	0.0322045829	0.01473318498
TGME49_226270	0.04575581002	0.04340106841	0.05682313487	0.103321478	0
TGME49_293310	0.03755050837	0.06020930137	0.03722839791	0.05067895608	0.01104236382
TGME49_308945	0.01270269925	0.002456344615	0.02262498049	0.04881163578	0.01217990511
TGME49_257080	0.02305131233	0.03026634051	0.03581527655	0.03325742548	0
TGME49_263180	0.03878115318	0.02759271883	0.015064502	0.008958487637	0.1792324565
TGME49_230110	0.01956086317	0.006899085108	0.008731928138	0.0262967649	0.0300245075
TGME49_215250	0.02355502979	0.03057272635	0.03745274938	0.01340211889	0.05229849212
TGME49_233925	0.01338511088	0.02368157917	0.01786913498	0.0247288259	0
TGME49_260530	0.04102809979	0.03166838656	0.02728549089	0.03516496662	0.02512182208
TGME49_227890	0.02341812145	0.02366099582	0.03422551673	0.03246637354	0.0555740862
TGME49_264140	0.0230395591	0.01371311046	0.03625938725	0.04678284759	0.04632855559
TGME49_273200	0.01996173998	0.01878031248	0.01366390903	0.009455374018	0
TGME49_257180	0.0383677927	0.03531899649	0.04604848221	0.08030246106	0.0156464242
TGME49_280470	0.1896422385	0.40486224	0.1417385643	0.01904771628	0.0590331097
TGME49_307575	0.5164513795	0.4912094136	0.6459828972	0.2387632036	0.1940707583
TGME49_232500	0.02956835749	0.007247349702	0.02475468475	0.07539962877	0.2025097326
TGME49_232120	0.1059158995	0.107019038	0.1321243818	0.1251123431	0.1974351804
TGME49_309370	0.08332443276	0.04733719196	0.05935242477	0.09378997708	0.1530864588
TGME49_310000	0.03054116177	0.01434336595	0.0174302105	0.02063958132	0.08328366346
TGME49_255220	0.2713432974	0.2482220788	0.2971118282	0.39517273	0.3599428457
TGME49_222430	0.04000122111	0.04331723511	0.02744952611	0.02480458489	0
TGME49_264870	0.270686809	0.3813474375	0.3209441347	0.1526969854	0.1578516133
TGME49_271335	0.03205183312	0.02695764118	0.07173802239	0.03090045717	0.01048869957
TGME49_247590	0.03039914941	0.01212058656	0.0143802768	0.01762298376	0.1301439679
TGME49_260520	0.148212496	0.1049766799	0.1418047306	0.1443173469	0.110681776
TGME49_202650	0.03832018248	0.02987746283	0.05884633355	0.06323142919	0.08067134034
TGME49_204560	0.009174811872	0.01175754774	0.0225392109	0.01748975896	0
TGME49_266730	0.04005768489	0.04631835916	0.05657087954	0.0849198693	0
TGME49_259050	0.007141551535	0	0	0	0.05563521329
TGME49_269260	0.008113149405	0.01194380025	0.007122435165	0.02678070941	0.04694613454
TGME49_263480	0.02986251921	0.02109455194	0.01820161197	0.0240819993	0.0349805813
TGME49_283878	0.03131169786	0.02750357444	0.02336537557	0.01260766431	0.009396425141
TGME49_314030	0.02962715585	0.01208189182	0.022179832	0.04387213943	0
TGME49_216053	0.007016965108	0.007043340862	0	0.002940935189	0
TGME49_258920	0.2183340275	0.2325104795	0.2554752451	0.3081836234	0.02588204776
TGME49_244280	0.007348237627	0.002477703313	0.004723210679	0.003585334482	0
TGME49_281470	0.00694133456	0	0	0.01518671037	0
TGME49_247260	0.006383806427	0.002377963125	0.002389837996	0.006846935238	0
TGME49_248180	0.07684424448	0.0393920249	0.07339677867	0.09190449374	0.07784101191
TGME49_277050	0.009807403697	0.01431684251	0.02060977013	0.008336308162	0.02219947558
TGME49_235360	0.03955182284	0.04802742263	0.04168649008	0.07508860368	0.03363953756
TGME49_235680	0.1371026531	0.1322593623	0.1446919147	0.1783995948	0.2468793693
TGME49_311710	0.00693168991	0.00237526489	0.002428825452	0.00562393728	0
TGME49_231060	0.006855786289	0	0.004783284217	0.003044240619	0.01168868862
TGME49_228145	0.01675346743	0.02867323909	0.03392233832	0.02174832567	0
TGME49_209920	0.006723320021	0.007000958657	0	0.00498227553	0
TGME49_260020	0.006605193154	0	0.0024417656	0.004745211169	0.02294213604
TGME49_215340	0.005998615108	0.002399914924	0.002365963442	0.007542442302	0
TGME49_237015	0.08608622256	0.119078716	0.1367502525	0.02941559498	0
TGME49_319992	0.00648477974	0	0.004631149851	0.008907584336	0
TGME49_249030	0.2280059838	0.4196349818	0.2008359487	0.08360303386	0.03468002442
TGME49_254500	0.01025027329	0.0189108837	0.007052245812	0.02944419936	0
TGME49_247850	0.01008106704	0.00960815232	0.01845321566	0.02825383879	0
TGME49_457650	0.02881716395	0.006968751813	0.01774082735	0.04188353381	0.05638518937
TGME49_457330	0.005701771398	0.006823349844	0.01392674847	0.01658067401	0.01610915297
TGME49_233153	0.00618302551	0.002216282106	0.002377800285	0.00909274629	0
TGME49_233770	0.005929717301	0.02587976144	0.006768494819	0	0
TGME49_269800	0.006636238967	0.01201871442	0.01420319003	0.01188236178	0
TGME49_225840	0.1488198147	0.09826205976	0.1117123541	0.2015781241	0.1601191865
TGME49_277760	0.1236801469	0.08852150326	0.07997947807	0.1893505791	0.1132847358
TGME49_285272	0.006221136888	0.008920550977	0.01435826146	0.01159007423	0.01412550554
TGME49_278005	0.005414866209	0.004231270989	0.01069939707	0.02512326923	0.01025093044
TGME49_262600	0.01063157388	0.009663046758	0.01609379847	0.03482132846	0
TGME49_288475	0.06406138764	0.0604261849	0.1316436405	0.02761039295	0.01145738438
TGME49_249725	0.006847041557	0.009403452832	0.009377545589	0.02745796597	0
TGME49_238070	0.006025740269	0.004730897192	0.003967959216	0.03286507496	0.012644722
TGME49_255270	0.006578234215	0.009606362821	0.00659257838	0.02575770447	0.01466085315
TGME49_263540	0.01735258831	0.007255653942	0.0180286139	0	0.02591773906
TGME49_226300	0.01730257094	0.003374693834	0.01225445127	0.01109576034	0.04300188154
TGME49_293840	0.01940897073	0.01910439161	0.0514381108	0.0123150831	0
TGME49_211720	0.006666909287	0.02224024332	0.002403628786	0.01113067842	0
TGME49_314358	0.006433243718	0.01242185187	0.004369804013	0.004412849496	0.07932637764
TGME49_319308	0.06492224855	0.03939430599	0.0621616304	0.07310667412	0.02560038354
TGME49_258380	0.02910287557	0.01188730629	0.02242825558	0.03520441125	0.04301170092
TGME49_268730	0.1569257036	0.1647385051	0.128642299	0.1255051663	0.128209192
TGME49_312175	0.03233884667	0.02425949067	0.0591279721	0.05321617194	0
TGME49_240410	0.0695657161	0.02947849501	0.02939195802	0.1653800472	0.01227241819
TGME49_297925	0.006866242791	0.01784319895	0.008780754477	0.008863849319	0
TGME49_222410	0.08971347594	0.07122480162	0.1242047189	0.1461843239	0.07324725301
TGME49_203940	0.03476259353	0.03598489072	0.05218501383	0.05591802308	0.008725886966
TGME49_208090	0.00702518103	0.008749830496	0.01141705191	0.02205502095	0
TGME49_309790	0.006760110411	0.008863630943	0.002497763388	0.0305479022	0
TGME49_202572	0.01636912196	0.009043084667	0.01166226535	0.0123857247	0
TGME49_230840	0.007467865012	0.0149578991	0.006893239819	0.02037789054	0
TGME49_313770	0.04444978742	0.01478854801	0.03405293696	0.08598926467	0.01500313622
TGME49_240430	0.007830822082	0.00475912368	0.006885994937	0.0374124346	0
TGME49_216600	0.01856760618	0.01771749644	0.02917883521	0.04834278715	0
TGME49_216790	0.007113316758	0.01135124859	0.008467320185	0.02112419949	0
TGME49_355150	0.01522993686	0.005150112407	0.0128814294	0.01274282141	0.01012442561
TGME49_458400	0.06316279859	0.04329352642	0.03557886234	0.09641521282	0.08171141887
TGME49_256810	0.007298979949	0.01178559484	0.01101835751	0.008622528683	0.02683771045
TGME49_244920	0.03164800483	0.0325819378	0.02978314486	0.08682770724	0.03015456405
TGME49_292330	0.05771316489	0.06172062789	0.05902667946	0.06442687999	0.1501341041
TGME49_313530	0.0194899668	0.006233516414	0.03788703804	0.05139767197	0
TGME49_275568	0.01946056335	0.009409496224	0.02411366562	0.05943884353	0.03927105578
TGME49_222070	0.03246984744	0.01863948714	0.04597125708	0.08338103174	0.01448473704
TGME49_250115	0.04239008318	0.05151225435	0.06395186054	0.05790743577	0
TGME49_212150	0.01651133115	0.001864670482	0.01697508028	0.02177305363	0
TGME49_258240	0.09229339783	0.06455634637	0.112903739	0.2024130973	0.0322310636
TGME49_314430	1.108121199	1.292783731	1.189925177	0.8993610116	0.6827301151
TGME49_202170	0.05022100472	0.0518390871	0.05702685935	0.07922497034	0.07101203769
TGME49_257650	0.02569494654	0.03212584819	0.02022999534	0.0121597184	0
TGME49_253680	0.04088975803	0.04302680194	0.03221449341	0.08091347169	0.1504927486
TGME49_225940	0.2140267255	0.1990584003	0.1577720105	0.2367397071	0.1509238842
TGME49_314720	0.1084032183	0.04700997451	0.1279755147	0.250639015	0.1662213156
TGME49_244150	0.02622420839	0.02618283961	0.0461478164	0.0392709585	0
TGME49_294770	0.08951732248	0.03888276485	0.08221702906	0.08438340663	0.2239270057
TGME49_218530	0.1169477599	0.03040292437	0.08259313583	0.214188024	0.2814977997
TGME49_224270	0.1415196506	0.1318258499	0.1140542876	0.135908715	0.0652164495
TGME49_251885	0.1173738075	0.1488026676	0.1360135937	0.1172403002	0.06556353194
TGME49_314042	0.04089856863	0.03902520258	0.03325941826	0.1117427099	0.03855097708
TGME49_219280	0.223201371	0.2381860722	0.2156812182	0.2852788518	0.3375418007
TGME49_297520	0.03368137597	0.02464924922	0.03440681381	0.01341081013	0.278066385
TGME49_267100	0.1094875333	0.1139903437	0.1077059081	0.1479727662	0.1820188728
TGME49_224280	0.06247649982	0.05137788482	0.04621534803	0.07979501121	0.01328492851
TGME49_248450	0.01391861294	0.006407312314	0.004779860001	0.01366737261	0.02167076641
TGME49_240490	0.01366881908	0.004175411234	0.004374054814	0.025706911	0
TGME49_261940	0.01269572928	0.01357438509	0	0.01075001335	0.01014991745
TGME49_213830	0.09009438275	0.05981432971	0.1144897519	0.1584827638	0.1165724546
TGME49_243910	0.1693457767	0.1350454619	0.09290129412	0.2674492588	0.1933485043
TGME49_273850	0.03576142741	0.03705865407	0.06051251699	0.05180294961	0
TGME49_261230	0.08535981439	0.0965513953	0.1025446764	0.08212388944	0.2060630225
TGME49_239410	0.3188272318	0.358719746	0.3619405291	0.3323673484	0.1798482535
TGME49_211150	0.04471180037	0.03656889113	0.06827548495	0.06207334554	0.05326151705
TGME49_248940	0.08398348326	0.07983640691	0.07814281094	0.1900363267	0.09526051813
TGME49_224160	0.01181391269	0.002527309942	0.004272628612	0.02830187512	0
TGME49_255890	0.06310360046	0.01981052564	0.06677537749	0.07736187169	0.0500938113
TGME49_307800	0.09612301129	0.101268368	0.1067589292	0.0794647825	0.2015977538
TGME49_312600	2.344546697	2.239114664	2.819128368	2.160811938	0.692749115
TGME49_267840	0.01241423467	0.00698201785	0.01140870978	0.007606957366	0
TGME49_229710	0.01239056097	0.004772526552	0.006897241389	0.01594394604	0.007727326511
TGME49_306000	0.03417637488	0.02254949756	0.03608888602	0.01853209301	0.02179805065
TGME49_286800	0.01090279428	0.008437479693	0.007149608762	0	0
TGME49_207050	0.01315187585	0.00991782202	0.01372691091	0	0
TGME49_222140	0.03673926922	0.05438217232	0.05092399654	0.03460771268	0.01496471156
TGME49_300612	0.4061114632	0.3905687253	0.4026363936	0.2797203074	0.3854805152
TGME49_273540	0.01063644522	0	0.002430430204	0.006357951322	0.04314657478
TGME49_229170	0.009876399121	0	0.004086337317	0.02003135566	0
TGME49_200410	0.01057706369	0.00241255806	0.01100654645	0	0.01404929981
TGME49_207980	0.01289278131	0.009327506812	0.02314961774	0.03127803439	0.0643553381
TGME49_315450	0.0121878875	0.00210361169	0.007045417854	0.01154989207	0
TGME49_216270	0.01044753613	0.004059396587	0.007676859414	0.008049778269	0
TGME49_249600	0.01410772502	0.03833758627	0.01482624422	0.01590222231	0
TGME49_238930	0.03509227503	0.007796654307	0.04570085667	0.03955276042	0
TGME49_315550	0.01194911534	0.002207688906	0.01336641763	0.004162232848	0
TGME49_355160	0.01009814895	0.00757683693	0.003999611939	0.003895475859	0.01359380095
TGME49_318240	0.009593494463	0.004081842907	0.008242546117	0.004095952833	0
TGME49_203730	0.03468106023	0.02378304574	0.03466938869	0.03286944482	0
TGME49_252070	0.1031746831	0.107778657	0.1263663591	0.1158604704	0.104469923
TGME49_211675	0.010632229	0.00184990029	0.007126705384	0.01371606613	0
TGME49_310710	0.00989763026	0.004974260989	0.004815756908	0.008942298911	0
TGME49_294630	0.0284769503	0.04546938131	0.04972197627	0.01654133091	0.01385804292
TGME49_246780	0.009381249341	0.001377605309	0.004982310368	0.007749559626	0.02929880477
TGME49_269175	0.01022394471	0.009773695302	0.004907142923	0.004415180706	0
TGME49_293330	0.04357404323	0.05892049011	0.04783804112	0.05482804463	0.04161526048
TGME49_261510	0.009699448612	0.009450243024	0.004710139228	0.004693056241	0
TGME49_258910	0.008591026563	0	0.006057960339	0.01289895262	0.0134037879
TGME49_219570	0.009050963391	0.004763455756	0.008931114032	0.002582916836	0
TGME49_299030	0.3714046133	0.1783528787	0.4211247884	0.4623988222	0.3669222776
TGME49_260010	0.026618582	0.01770388657	0.01745908651	0.02970469159	0.0150730928
TGME49_225000	0.02758691274	0.04723855614	0.02473563897	0.05242924504	0.02274080878
TGME49_276890	0.1087771391	0.09608408698	0.142569302	0.1371944998	0.1075562809
TGME49_264840	0.05016968314	0.04118061626	0.03347256297	0.05197829303	0.02700134163
TGME49_204150	0.01649715202	0.02215276236	0.02125042566	0.03251325248	0.02984286339
TGME49_320000	0.07623540749	0.05391937452	0.04741881193	0.07922558271	0.1591985451
TGME49_273520	0.1824300784	0.206351875	0.1538051909	0.3224284601	0.1204737356
TGME49_222120	0.02864089102	0.01936756537	0.03768313854	0.0676432609	0.05025339242
TGME49_319580	0.0629866638	0.009737015242	0.02525013162	0.1420959841	0.09908147282
TGME49_219170	0.05624582875	0.04320457374	0.04899493571	0.02757887323	0.4813683201
TGME49_222010	0.02519819274	0.01553296443	0.01780182468	0.02927956229	0.009705476466
TGME49_311660	0.02293842153	0.02378796002	0.04617998438	0.0325161438	0
TGME49_291650	0.09083883256	0.06494664047	0.0726673742	0.0353424755	0.2912046083
TGME49_218720	0.01650180905	0.03635353467	0.02146253704	0.00375669269	0.02316230749
TGME49_287515	0.04564567102	0.02775418136	0.06876561796	0.09148203697	0.03542333744
TGME49_318730	0.01559872672	0.008812291047	0.01566544337	0.05372677422	0.03467698333
TGME49_216010	0.09399554016	0.07501501604	0.08193676471	0.1087367193	0.0736938844
TGME49_229660	0.1776010414	0.2453772574	0.2313426338	0.0773957311	0.07258626419
TGME49_258490	0.01803850744	0.02366396806	0.01640444925	0.04416216584	0.01259871983
TGME49_309170	0.02957798963	0.03029385693	0.04135651445	0.06081752182	0
TGME49_232210	0.06699368793	0.03011835726	0.07455879365	0.1576189983	0.06908835821
TGME49_230460	0.02530968212	0.006795030716	0.03358317638	0.02666928197	0
TGME49_200260	0.04858040828	0.06106417201	0.05629933292	0.06893634927	0.06777032484
TGME49_257730	0.01809433135	0.01648498817	0.02067447311	0.03461517274	0.04243882689
TGME49_233520	0.01738859779	0.01870518204	0.02451352234	0.03249952646	0
TGME49_235880	0.183414991	0.1626932274	0.1383989582	0.3938181141	0.1952925202
TGME49_260160	0.04814563227	0.04864805979	0.04730119805	0.01869324816	0.01232801807
TGME49_288710	0.02415836371	0.02321993402	0.02613190167	0.06078704668	0.0134922222
TGME49_248160	0.0228251009	0.0136703928	0.0226077397	0.07063556808	0.05564739267
TGME49_258500	0.02380216267	0.02708076142	0.03163934624	0.04612818765	0.01448473704
TGME49_260390	0.04892685281	0.04523623064	0.04612403501	0.1392612896	0.01014991745
TGME49_206415	0.09465725825	0.06710237707	0.1240735561	0.1750276973	0.08492654378
TGME49_224980	0.1905404502	0.1339846779	0.2551899879	0.309514716	0.1009094953
TGME49_257430	0.0669973147	0.03543250626	0.05061334003	0.01435219162	0.340726282
TGME49_245720	0.08205854916	0.0614345913	0.1493684587	0.09477030667	0.05517456106
TGME49_304490	0.3105344355	0.5340067131	0.2533959152	0.171194655	0.1736208877
TGME49_288560	0.07056398177	0.04285757017	0.09830850175	0.08658992831	0.1768307008
TGME49_242640	0.06163418807	0.07278830227	0.07284682597	0.09241178695	0.05525221582
TGME49_254280	0.02342716891	0.02563628043	0.02987502776	0.0443005447	0.01472590173
TGME49_216760	0.08746174916	0.07702373586	0.06545325731	0.1018614447	0.0258598742
TGME49_235980	0.03940536355	0.04070484571	0.03710919719	0.09859457502	0.01104236382
TGME49_235187	0.03889237216	0.05455211681	0.02600822763	0.07097573345	0.07701662293
TGME49_286932	0.0348035212	0.02958007772	0.02325639326	0.01801903455	0.03671438311
TGME49_293670	0.2652649127	0.3307513546	0.2737744387	0.269008983	0.2123317702
TGME49_263335	0.02377667846	0.01607478126	0.01550656305	0.03801289099	0.1733502394
TGME49_274050	0.04013398592	0.05541329722	0.04130991456	0.06032315314	0.07288083731
TGME49_253180	0.1013595391	0.07855551168	0.1201531821	0.0415299264	0.04431024319
TGME49_310950	0.09521934547	0.1024742498	0.1126313571	0.1480732349	0.0302589384
TGME49_225550	0.261009405	0.2533161559	0.2101437971	0.2538426211	0.2520699272
TGME49_217530	1.03101925	1.789806288	0.6538915171	0.2333138935	0.5215461447
TGME49_257160	0.2549728012	0.2529197718	0.221735522	0.2860999244	0.8015486327
TGME49_230820	0.1954889511	0.09624745516	0.1935103271	0.2744800582	0.2166472278
TGME49_241850	0.09883258447	0.06612688524	0.08473071152	0.1360616686	0.02730812818
TGME49_254050	0.09079088578	0.1061113962	0.08889731338	0.09299704695	0.2344361396
TGME49_311230	1.747881619	2.101721538	1.992074121	0.9806824797	0.7680829491
TGME49_211015	0.0664221516	0.05656175329	0.05987636205	0.05246386219	0.02696397238
TGME49_212190	0.2452158176	0.235205546	0.3317811951	0.2645567795	0.138767821
TGME49_226650	0.116677524	0.0751939933	0.08074351914	0.1133550227	0.3000739109
TGME49_293590	0.1197354828	0.03999779856	0.143990409	0.3040607714	0.1056292018
TGME49_259580	0.02466853904	0.02172508887	0.01281000633	0.01493221445	0
TGME49_294980	0.01211514751	0.0242550099	0.02495757394	0.006831057135	0
TGME49_203890	0.02422422556	0.01572162349	0.02221227493	0.01086941933	0
TGME49_312250	0.03420322261	0.04322298377	0.05660620878	0.03489085837	0
TGME49_209180	0.05985773194	0.1821217217	0.02808745313	0.007881867683	0.01012442561
TGME49_226825	0.461360676	0.4023626337	0.4004986908	0.826618801	0.5317857802
TGME49_229005	0.03168104524	0.04372150135	0.01802298732	0.00845373758	0.02124655213
TGME49_265170	0.02458828081	0.01446488208	0.009364593478	0.03444357059	0.01129521284
TGME49_263220	0.03118552128	0.02237053161	0.02078882235	0.0452971066	0
TGME49_460230	0.03276416623	0.01477512093	0.02339260634	0.0589063855	0
TGME49_277970	0.02220619279	0.01348367679	0.006479394572	0.03416868056	0.02395207715
TGME49_297780	0.06368702867	0.08612426616	0.05320097075	0.1078627654	0.04080725086
TGME49_221870	0.06277907651	0.06536977906	0.07203381158	0.09504726701	0.06255892325
TGME49_244160	0.03164451671	0.03452777905	0.0155072067	0.0948393479	0.06101260054
TGME49_267585	0.171105763	0.1433306112	0.1947307664	0.1260349777	0.02244838123
TGME49_297410	0.05407250383	0.05747246331	0.05102576785	0.01899064169	0
TGME49_314390	0.0721503298	0.03410925544	0.06273199819	0.09411091611	0.05682791498
TGME49_244240	0.05569121323	0.04279341751	0.09040155751	0.08061462106	0.04185529361
TGME49_216830	0.05381265904	0.09028145582	0.04474137903	0.06316247136	0.05256778217
TGME49_269710	0.08936355886	0.07549549585	0.1022752715	0.1503581401	0.1096142959
TGME49_290605	0.01305451076	0.009464534091	0.01747771213	0.04388826039	0
TGME49_228380	0.08618952767	0.1225439059	0.09096453369	0.1125528023	0.009705476466
TGME49_246450	0.2116608286	0.3081015118	0.1411106973	0.2022312885	0.5640719544
TGME49_457310	0	0	0.002485514298	0.004656549343	0
TGME49_457380	0	0	0.004983235075	0	0
TGME49_460250	0	0.002379315988	0.002219456119	0	0
TGME49_458260	0	0	0.002147160246	0	0.01082513095
TGME49_459150	0	0.002065945103	0	0.004494389231	0
TGME49_459400	0	0	0.002117772435	0.002582916836	0
TGME49_459480	0	0	0.002556575443	0.004023985375	0
TGME49_460820	0	0	0	0.008528078671	0
TGME49_281970	0	0	0	0.009247586952	0
TGME49_259180	0	0	0	0.008270335995	0
TGME49_247310	0	0	0	0.003906658879	0.01678500695
TGME49_318500	0	0.002013020488	0.002370379126	0	0
TGME49_275600	0	0.00239436497	0.002365963442	0	0
TGME49_291830	0	0	0.002371857156	0.004941064894	0
TGME49_247560	0	0.002319544875	0.002292187506	0	0
TGME49_254350	0	0.002301071378	0.002345713475	0	0
TGME49_226800	0	0	0	0.00376675103	0.01231083523
TGME49_231420	0	0	0	0.009522053924	0
TGME49_207070	0	0	0	0.007346585079	0
TGME49_243655	0	0.002287817823	0.002420855389	0	0
TGME49_202100	0	0	0.002395934235	0.004197622763	0
TGME49_206520	0	0.005039142697	0	0	0
TGME49_206620	0	0	0.005099869913	0	0
TGME49_207470	0	0	0.001960776757	0.00221712954	0
TGME49_211360	0	0.002373919498	0.002376309827	0	0
TGME49_211380	0	0	0	0.006546542719	0
TGME49_211385	0	0.001525855796	0	0.003590357732	0
TGME49_213530	0	0.00236060019	0.002002759654	0	0
TGME49_216090	0	0	0.002420855389	0.004560125738	0
TGME49_220132	0	0.002199198064	0	0.004802425082	0
TGME49_225102	0	0	0.004667409516	0	0
TGME49_228240	0	0	0.004011930879	0	0
TGME49_229915	0	0	0	0.006968654087	0
TGME49_231390	0	0	0	0.008353634458	0
TGME49_231605	0	0	0.002162340169	0.00317001333	0
TGME49_232140	0	0.004298321247	0	0	0
TGME49_232990	0	0	0	0.008986265305	0
TGME49_233320	0	0	0.002227841868	0	0.008725886966
TGME49_236830	0	0.002431213381	0	0.003140793893	0
TGME49_236940	0	0.00250449565	0	0.003827270441	0
TGME49_237450	0	0	0.002408285778	0.004637275869	0
TGME49_240270	0	0.00240270574	0.001857792809	0	0
TGME49_240530	0	0	0	0.007653074725	0
TGME49_242310	0	0	0.001915190472	0.004467482548	0
TGME49_243520	0	0.002582238894	0	0.003287599865	0
TGME49_244408	0	0.001525855796	0.002448324627	0	0
TGME49_248380	0	0.004375744887	0	0	0
TGME49_249750	0	0.00215820228	0	0.00419563234	0
TGME49_250670	0	0	0.004073283369	0	0
TGME49_250905	0	0	0.002494242293	0.003020302478	0
TGME49_251580	0	0	0	0.009584585867	0
TGME49_253755	0	0.004937638163	0	0	0
TGME49_256792	0	0.002361921234	0	0	0.007727326511
TGME49_257580	0	0	0.002294835559	0	0.01204068101
TGME49_259900	0	0.002787786678	0.002506642294	0	0
TGME49_260000	0	0	0.002576965526	0.005410904711	0
TGME49_260860	0	0	0.002331596411	0.004412849496	0
TGME49_262655	0	0	0.002300161823	0.003862483061	0
TGME49_262840	0	0	0	0.009621143793	0
TGME49_263680	0	0	0.002367432281	0.004450626729	0
TGME49_263830	0	0.004102228303	0	0	0
TGME49_264250	0	0	0.004491762786	0	0
TGME49_269015	0	0	0.002334397324	0.004344677597	0
TGME49_269630	0	0	0	0.009109457578	0
TGME49_271410	0	0	0.004463042395	0	0
TGME49_272020	0	0	0	0	0.03021958222
TGME49_272730	0	0	0.004126039738	0	0
TGME49_273750	0	0	0.002294835559	0.004634543893	0
TGME49_274030	0	0	0	0.007904073925	0
TGME49_274140	0	0	0	0.003044240619	0.01299074271
TGME49_281560	0	0	0.004051157243	0	0
TGME49_286570	0	0	0.002394405266	0.004467482548	0
TGME49_289020	0	0	0.004439274906	0	0
TGME49_291130	0	0.002528966629	0	0.004599502193	0
TGME49_292350	0	0.00476276902	0	0	0
TGME49_293650	0	0	0	0.008214397785	0
TGME49_294210	0	0	0	0.004941064894	0.01601300582
TGME49_295390	0	0.004944675678	0	0	0
TGME49_295995	0	0	0	0.008990924767	0
TGME49_297488	0	0.001726933477	0	0.002829311574	0
TGME49_297700	0	0.002130856347	0	0	0.01129521284
TGME49_301360	0	0	0.002254874895	0.003987691869	0
TGME49_306580	0	0	0.002428825452	0.004920894717	0
TGME49_306688	0	0.0024168213	0	0	0.01355402969
TGME49_307450	0	0.002153240697	0	0	0.01311228289
TGME49_307630	0	0	0.002367432281	0	0.01229799211
TGME49_309840	0	0.00240270574	0.002596932976	0	0
TGME49_311155	0	0	0.004692466489	0	0
TGME49_312120	0	0.002525656935	0	0	0.01036805374
TGME49_312435	0	0.002533958919	0	0.005087024699	0
TGME49_313725	0	0.002428312346	0	0.003781255881	0
TGME49_314350	0	0.005119652686	0	0	0
TGME49_316580	0	0	0.004373478169	0	0
TGME49_316780	0	0	0	0.007686500859	0
TGME49_317830	0	0.002434125895	0	0.004152563577	0
TGME49_319720	0	0	0	0.009299348475	0
TGME49_320530	0	0	0.004747294388	0	0
TGME49_328700	0	0.002533958919	0.002428825452	0	0
TGME49_244030	0	0	0	0.002940935189	0.01367439393
TGME49_250950	0	0.00432426126	0	0	0
TGME49_260300	0	0	0.002231466964	0.003551935643	0
TGME49_203580	0	0.0019365894	0	0	0.01275236941
TGME49_294260	0	0	0.00490886062	0	0
TGME49_323200	0	0	0.002556575443	0.003940784961	0
TGME49_295640	0	0	0.00188913636	0.004092261693	0
TGME49_289930	0	0.001990743282	0.001899433913	0	0
TGME49_283790	0	0	0.001880437332	0.003298513271	0
TGME49_265120	0	0	0	0	0.01822210224
TGME49_292250	0	0	0.002264970828	0.00594302923	0
TGME49_275380	0	0	0	0.009087831976	0
TGME49_279000	0	0	0	0.006808871601	0
TGME49_248470	0	0.002562897941	0.002034708446	0	0
TGME49_242360	0	0	0.002272639657	0.004562716747	0
TGME49_272285	0	0.002218446673	0	0.002192226233	0
TGME49_278290	0	0	0	0	0.02567319118
TGME49_278410	0	0	0.002394405266	0	0.01169612297
TGME49_220550	0	0	0	0.003840937347	0.01245021609
TGME49_294100	0	0	0	0.004992765409	0.01229799211
TGME49_297990	0	0.001898640182	0	0.0007628746054	0
TGME49_324800	0	0	0	0.007659529431	0
TGME49_228410	0	0.004082133767	0	0	0
TGME49_255710	0	0.002533958919	0	0.003020302478	0
TGME49_228990	0	0	0.002182362366	0.004659324314	0
TGME49_246200	0	0	0.002428825452	0	0.01386409065
TGME49_315900	0.02254483845	0.01871507591	0.01797526387	0.01351979086	0.01479185862
TGME49_240255	0.04478219019	0.03039500908	0.02855287981	0.04335448375	0.09008481374
TGME49_247780	0.4239396627	0.2586301717	0.5294707794	0.4064960674	0.3420916484
TGME49_232130	0.4059676478	0.441529914	0.3453647451	0.195767306	0.7965691957
TGME49_460800	0.3521678762	0.31921318	0.2792993779	0.3964336071	0.4210171452
TGME49_245630	0.0649005525	0.08338416192	0.052823524	0.08367459607	0.1197527
TGME49_300641	1.176106793	1.139694058	1.180348364	1.058471079	0.8876448266
TGME49_313570	0.06334501698	0.03977638322	0.06283142042	0.0579328234	0.4053772385
TGME49_292190	0.1910235534	0.2158116585	0.1586896477	0.1605866328	0.04741797191
TGME49_315885	0.0188451686	0.01264417253	0.03900324251	0.03685995182	0
TGME49_300060	0.04262131529	0.03025085797	0.04577250078	0.1045669624	0.04614762886
TGME49_236970	0.368903356	0.3207216977	0.3578487112	0.3847970135	0.2064827558
TGME49_312210	0.03361874029	0.05003716375	0.04346001575	0.04461687512	0.02410210638
TGME49_304670	0.05622263195	0.05225134796	0.02478065558	0.008605414353	0.3398869148
TGME49_228370	0.1277735134	0.09318412792	0.1219034575	0.1171948887	0.197289812
TGME49_355180	0.10726977	0.1237329288	0.1261566348	0.109541556	0.145755597
TGME49_304650	0.04488831286	0.05909832022	0.04792117319	0.0691198024	0.01453338861
TGME49_240690	0.2930816535	0.3068813117	0.1911533463	0.3841518168	0.9953367001
TGME49_276910	0.02106859255	0.02724839862	0.02095718004	0.0418761397	0.01229799211
TGME49_278160	0.1425121223	0.1042584124	0.1334895168	0.1792092889	0.02754205378
TGME49_237460	0.02050794769	0.02887867931	0.03389518842	0.01738704808	0
TGME49_309770	0.1680791335	0.1445041472	0.1615321576	0.1062997455	0.2410953492
TGME49_298060	0.04580656722	0.07187076753	0.04888674646	0.04611271735	0.01461087283
TGME49_310290	0.02635705551	0.03292022245	0.03741519304	0.0608296885	0
TGME49_232700	0.009136264884	0.01267889772	0.02270001632	0.007917410168	0.007257670521
TGME49_305560	0.0305957836	0.02322488406	0.01341433764	0.02920938103	0.04490442926
TGME49_220160	0.009923601614	0.00461532588	0.02691323128	0.009152681532	0.0406577555
TGME49_247980	0.0096442635	0.009023645445	0.02950199258	0.004920894717	0
TGME49_289090	0.008963671723	0.0122164153	0.008957591477	0.008900845322	0.08540292335
TGME49_234350	0.009073657024	0.01847114747	0.01769069868	0.00727042847	0
TGME49_295920	0.008937293278	0.01454358643	0.02181463764	0.008375413069	0
TGME49_202790	0.2768372607	0.4026978348	0.2713665419	0.2267503806	0.06738833386
TGME49_259250	0.01000648227	0.004695653993	0.02142509717	0.02752241471	0
TGME49_224740	0.2527693384	0.2066617317	0.2713591381	0.4783396568	0.07168082788
TGME49_459420	0.009986182412	0.01237395617	0.02014289061	0.01651676005	0
TGME49_271760	0.00975490759	0.0115033034	0.02021597959	0.00766587704	0.01036805374
TGME49_267440	0.07152020633	0.01582685817	0.04390677651	0.09197285994	0.3226943483
TGME49_295770	0.04683069628	0.04314986338	0.06471258371	0.07950491835	0
TGME49_209940	0.009493039169	0.002459358323	0.01102622436	0.04452573496	0.01328492851
TGME49_295070	0.1139405537	0.08234911007	0.1070430782	0.1048531521	0.1447767937
TGME49_223430	0.002633035163	0.01854207312	0	0	0
TGME49_205110	0.02810418559	0.01142995355	0.0378450977	0.08700897975	0.02782632931
TGME49_269760	0.00302221902	0.004376288721	0.007202084119	0.006559315215	0.01488125609
TGME49_222440	0.002912198611	0.009479793668	0.005982358319	0	0.01375642642
TGME49_315830	0.002440389832	0.007085600566	0.007018657047	0.008536916069	0
TGME49_288880	0.09759775772	0.1454762721	0.1124253627	0.08439041839	0
TGME49_289080	0.04703512755	0.03120162291	0.05612125442	0.07587345611	0.1929787748
TGME49_261030	0.003381197777	0.01664021844	0	0	0.0163786516
TGME49_237585	0.003050360203	0.006719271815	0.00728880348	0.008018440006	0
TGME49_306710	0.003340759289	0.002587601619	0.01201772092	0.004531936368	0.01448473704
TGME49_297495	0.003264306328	0.007178933042	0.006825165857	0.00663108249	0
TGME49_285730	0.003009089982	0.002357965258	0.00662513921	0.01667185085	0
TGME49_318450	0.002450912201	0.004020745521	0.008883171925	0.002940935189	0.01453338861
TGME49_319600	0.01070141633	0.005098341583	0.01393014033	0.008102728258	0.09089842988
TGME49_275970	0.00335163369	0.007438033137	0.003882024003	0.0148419652	0
TGME49_206610	0.003242755924	0.001953424153	0.004769860891	0.02098043786	0
TGME49_225060	0.0789998768	0.01864759103	0.07148012651	0.150714792	0.06053012992
TGME49_209040	0.003444940499	0.007185864366	0.006837151153	0.008174786872	0
TGME49_220585	0.003208866986	0.002477703313	0.006992506141	0.01515370262	0
TGME49_261450	0.1180869113	0.1644055793	0.1182327074	0.1151249868	0.09721417326
TGME49_264200	0.003504329473	0.001998616613	0.01489496055	0.003481876001	0
TGME49_265270	0.3803394271	0.5007140265	0.4169251366	0.2781193885	0.143796156
TGME49_259540	0.003034183446	0	0.002133358935	0.01214696437	0.04586901558
TGME49_204300	0.003725985258	0	0.01839721525	0	0
TGME49_315970	0.003663060106	0.003058187828	0.01119629039	0.006280220123	0
TGME49_217800	0.00351704449	0.002569873283	0.01060891369	0.009620984452	0
TGME49_305620	0.02940874118	0.01636214074	0.02987502778	0.02907114065	0
TGME49_288455	0.003705445863	0.009374579802	0.006925840933	0.004415180706	0
TGME49_289790	0.003547319325	0.006521411525	0.006636633947	0.0081317995	0
TGME49_216785	0.003504329473	0.002391605679	0.01114202974	0.008751441223	0
TGME49_257070	0.010690539	0.01823470827	0.01741417981	0.004865240983	0
TGME49_240800	0.004303660993	0.004980545706	0.008871749171	0.00780259708	0
TGME49_309060	0.00386403998	0.004414292714	0.006990176351	0.01322386844	0
TGME49_226110	0.003815101333	0	0.0166012317	0.002990669147	0
TGME49_285400	0.003718237006	0	0.004668150869	0.0189121894	0.01367439393
TGME49_234580	0.003710544096	0.002266641979	0.008626318604	0.006376995516	0.01570860233
TGME49_458840	0.08357218984	0.05699644361	0.0687848923	0.0949965946	0.07984376663
TGME49_230705	0.02875134514	0.006126488844	0.03664700597	0.01637696663	0.04369135509
TGME49_306910	0.05616058858	0.02344139765	0.0603358679	0.07405684404	0.01232801807
TGME49_313370	0.1286202364	0.1015481321	0.1098079282	0.09515012167	0.231174453
TGME49_293490	0.02161523284	0.02657339102	0.03714282935	0.04188557206	0
TGME49_319950	0.3085537701	0.3736014298	0.2550027429	0.2322291028	0.08854052393
TGME49_322500	0.02858315392	0.02977395688	0.03495883388	0.05136521227	0.05629845744
TGME49_461190	0.05886661932	0.05727743606	0.05717033843	0.1127413543	0.07578465375
TGME49_265360	0.02021000736	0.01886456646	0.01666609044	0.004542121536	0
TGME49_210830	0.02839385921	0.01689105697	0.01818809445	0.04660028719	0
TGME49_313273	0.06531263552	0.05545571531	0.07864908598	0.1453296656	0
TGME49_268900	0.05983250157	0.05345994955	0.06676475672	0.1067333722	0.07786023028
TGME49_257755	0.01941791583	0.01549422784	0.01124900864	0.01639456085	0.01001912066
TGME49_257490	0.03957810455	0.03349951644	0.06270643707	0.05814415887	0.0284618144
TGME49_309210	1.413413347	0.7215105361	1.613715297	2.306834498	1.549136466
TGME49_268220	0.006326033801	0.01447604141	0.01372715293	0.003831810313	0
TGME49_219430	0.006477428615	0.002493346008	0.01177204397	0.03085040024	0
TGME49_315958	0.005648165474	0.009756101477	0.004328790898	0.02406791222	0.01025093044
TGME49_240243	0.01947392853	0.01690630969	0.01105314919	0.01899552807	0
TGME49_257810	0.006531850864	0.006844509534	0.01569972558	0.01202390272	0
TGME49_244406	0.006353848733	0.007158476292	0.02024013981	0.005410125146	0
TGME49_275770	0.04234226719	0.04177550458	0.08575108613	0.03305042238	0.03555973699
TGME49_213000	0.005803557521	0.003582614597	0.009239396874	0.02079512054	0.01276185419
TGME49_227400	0.00698157265	0.0183596794	0.006954686715	0.01252996984	0
TGME49_271390	0.006531217984	0.009217775236	0.01128544618	0.01654767428	0
TGME49_282140	0.4933017131	0.4636891566	0.536439939	0.3943479071	0.166487622
TGME49_226550	0.06083234352	0.04291552937	0.08771187271	0.1016232732	0.02766164646
TGME49_289920	1.829526875	2.726124455	1.776198373	0.746171	0.3022932998
TGME49_237480	0.0673445264	0.09184292085	0.08735650633	0.0524241722	0.01510846039
TGME49_295430	0.0289956923	0.05558317477	0.04621649232	0.01077529254	0.02489253641
TGME49_223725	0.006440200941	0.006645222776	0.009371805272	0.007205520211	0.03978268046
TGME49_305050	0.006571774729	0.002502892551	0.007788605304	0.003868704206	0.08746778975
TGME49_210440	0.083103854	0.07390651054	0.06218670185	0.07618214452	0.1009608858
TGME49_313550	0.04005904254	0.05260080383	0.04579209412	0.04952607955	0.02245947128
TGME49_216430	0.2485078118	0.2663850404	0.2866756559	0.2934663409	0.162794961
TGME49_232750	0.04981205082	0.04043899418	0.05633493965	0.1041992062	0.02146135361
TGME49_263360	0.05124305445	0.02414368594	0.03878879774	0.08837764062	0
TGME49_253960	0.01529636235	0.01640037658	0.01851080768	0.0469843237	0.01417054249
TGME49_202780	0.2270601154	0.2987026802	0.2415832917	0.226182593	0.1222096486
TGME49_236250	0.05265881981	0.04282404223	0.06452787672	0.07520229058	0.136453671
TGME49_241130	0.03576335269	0.008763695867	0.04556857702	0.02625049487	0.05858633852
TGME49_219250	0.1770868784	0.1952185094	0.1857826831	0.2027402791	0.1781330303
TGME49_216960	0.04005600372	0.04950620363	0.0405552752	0.07220975368	0.01823096038
TGME49_266600	0.015547139	0.05047043935	0.0061058374	0.00376675103	0.01453338861
TGME49_245590	0.04286664758	0.03154344363	0.0433434369	0.03285546361	0.007080691972
TGME49_313580	0.02279193248	0.04315776077	0.01950792516	0.01345992746	0.07478020342
TGME49_316090	0.03418552826	0.03831701649	0.0211302105	0.03385535517	0
TGME49_286550	0.04325682559	0.07734650129	0.05857377193	0.02920540486	0.009396425141
TGME49_289560	0.05265883132	0.036799951	0.03948637428	0.07997753369	0.03190975248
TGME49_277895	0.06095122602	0.02044318461	0.05646043657	0.05459275548	0.1516459306
TGME49_308850	0.01756809997	0.01223195393	0.02661349057	0.02780748841	0.04231870977
TGME49_278470	0.08788188835	0.1077695126	0.09313223222	0.1159108935	0.04950354163
TGME49_289520	0.08987837108	0.04739693839	0.08364716503	0.1269061773	0.08743079112
TGME49_316240	0.0325578937	0.04380582152	0.04919389505	0.02916876731	0.02263799659
TGME49_275840	0.02408378656	0.03132150857	0.02999295237	0.02793641881	0.03622507117
TGME49_216120	0.118193733	0.1442481732	0.1384762191	0.1372017339	0.02737884697
TGME49_239740	1.163169986	1.766264101	0.9188160754	0.4401055039	0.4713323931
TGME49_295080	0.06289083831	0.03995957062	0.05080798166	0.06438017977	0.1305904643
TGME49_242840	0.05541430746	0.04558536488	0.04398844497	0.1244168917	0.1307605938
TGME49_306640	0.05801266071	0.0485074058	0.07159304748	0.1034728371	0.04331469419
TGME49_458920	0.1197484674	0.1398536156	0.09424228192	0.1500518335	0.2287255541
TGME49_295658	0.05927299678	0.07748930535	0.06143906451	0.09004294454	0.01608010861
TGME49_316250	0.4268988488	0.6138307536	0.4702575518	0.2301032221	0.05594791834
TGME49_290020	0.0794288106	0.05929897132	0.07741346332	0.07887516412	0.05103731024
TGME49_249400	0.02752152249	0.02605460816	0.02683924294	0.004376073667	0
TGME49_228660	0.02711189755	0.002425422705	0.02749024932	0.03529630207	0.02552595436
TGME49_239910	0.04524940779	0.08965602808	0.04763324822	0.02308056806	0
TGME49_292950	0.09312797106	0.07766829454	0.1020838054	0.07220263202	0.427863439
TGME49_268840	0.02675487709	0.01705955006	0.006662621217	0.04752013783	0.01737647852
TGME49_235190	0.04649424387	0.02473822197	0.03268554933	0.06879167583	0.02289369206
TGME49_215430	0.04047972162	0.03166047867	0.01937431306	0.0447957545	0.0293402868
TGME49_220560	0.105587982	0.1632870688	0.1299589949	0.04802640558	0.03776030747
TGME49_286270	0.1862996878	0.2213031058	0.1816856109	0.2308485653	0.1615337112
TGME49_282040	0.04635912627	0.03199247862	0.0760630113	0.09382148879	0.009396425141
TGME49_268920	0.02651333578	0.01916233365	0.02380631317	0.02399929087	0
TGME49_278400	0.01613919069	0.00250449565	0.006834328688	0.004494389231	0.1090522075
TGME49_249710	0.04689583448	0.0256328306	0.03397157297	0.06137315217	0.05348871956
TGME49_294870	1.332700555	1.404848926	1.319768773	1.03677508	1.055997249
TGME49_459830	0.01618688418	0.009670350274	0.008591501313	0.02181571973	0
TGME49_244300	0.01544073632	0.006471738669	0.006676785803	0.0168215526	0.04109598701
TGME49_252510	0.02553002739	0.03026894854	0.04117744499	0.02675724461	0.01358240244
TGME49_295010	0.02644268562	0.03384745627	0.0347002342	0.04513017742	0
TGME49_213780	0.01604614408	0.009491303728	0.01149687513	0.01804782877	0
TGME49_460270	0.04653075121	0.04447501286	0.05726106924	0.07417436274	0.03923795139
TGME49_305910	0.01672329437	0.008638219095	0.01642293342	0.00871516627	0.01255772196
TGME49_301216	0.04883589943	0.06751123152	0.05920200218	0.0467934804	0.0535429526
TGME49_206290	0.02536072898	0.007389943088	0.0288977155	0.08420809566	0.05182549888
TGME49_310330	0.06377671135	0.06229265757	0.07766768426	0.1077459545	0.01231083523
TGME49_273300	0.03713054913	0.07104726083	0.04724443894	0.002666677334	0.0112147507
TGME49_311670	0.01362154327	0.014552629	0.02806876575	0.005762675977	0.02322600547
TGME49_249450	0.01252748379	0.01205473492	0.02245664771	0.03046702418	0
TGME49_239610	0.04902888645	0.02745742791	0.05464272153	0.05279983076	0.02648142963
TGME49_319740	0.01192319297	0.01106701504	0.02134824376	0.02789003088	0
TGME49_459450	0.01898272149	0.02158934051	0.01585282928	0.04416692858	0.05573053241
TGME49_288270	0.06284566418	0.1037808064	0.05204179423	0.07633277953	0.01227241819
TGME49_216390	0.01302631731	0.007273406304	0.02342881348	0.03024709559	0
TGME49_288830	0.1144365651	0.08127446011	0.1000379315	0.2635095691	0.1245759471
TGME49_204460	0.01992110305	0.01901388017	0.02990277574	0.03927973657	0.01142584435
TGME49_219100	0.02690772947	0.001953424153	0.01619871297	0.07868216371	0.1710928863
TGME49_249325	0.01231960153	0.02253001925	0.01408691759	0.02168744842	0
TGME49_267810	0.06545573907	0.02598299658	0.04232941682	0.1058740312	0.2067543258
TGME49_278740	0.158035873	0.1204870618	0.2525748132	0.17625375	0.04017403292
TGME49_267160	0.01748431855	0	0	0.006500158523	0.4259424875
TGME49_309010	0.08949338771	0.08360539775	0.1086363625	0.1473508409	0.05889866049
TGME49_277910	0.0378589893	0.03720530137	0.05859385263	0.01962674907	0.1475749405
TGME49_207020	0.01330676396	0.01223409473	0.01554362582	0.04409705258	0
TGME49_223760	0.05213126593	0.05446340614	0.07239022187	0.0767359268	0
TGME49_233490	0.0195282354	0.01796300845	0.02842427282	0.04148800239	0
TGME49_237120	0.3493881217	0.3810276575	0.3354928205	0.2526719477	0.2364793214
TGME49_262870	0.03310431858	0.03222643493	0.03927285352	0	0
TGME49_289140	0.08547402404	0.08057686548	0.1013451926	0.1321657779	0.05898653595
TGME49_310920	0.083760664	0.06272075057	0.07074470751	0.08503402079	0.08679189418
TGME49_266320	0.06202303032	0.00229864349	0.04003859402	0.09309649736	0.2167256929
TGME49_223910	0.099188175	0.05244463246	0.1201479759	0.1774349827	0.1688001879
TGME49_295760	0.03868435798	0.01879307618	0.04463637896	0.01939103501	0.07630657421
TGME49_259720	0.06956766074	0.0844557735	0.09298465056	0.06149020124	0.07928581796
TGME49_287260	0.02078960692	0.01231083407	0.04032475304	0.02999264393	0
TGME49_218220	0.01962590103	0.02296326918	0.02772914772	0.01571287938	0.05544050027
TGME49_262900	0.01396171673	0.01026814029	0.02791660212	0.01420813539	0.01538032607
TGME49_246160	0.02818527607	0.05435895654	0.04198911881	0.01189825228	0
TGME49_314090	0.2259787617	0.09776755674	0.2053289666	0.5249728952	0.5027867602
TGME49_297230	0.1195518876	0.03761943381	0.08551754514	0.2298258754	0.2519511653
TGME49_213255	0.0204364551	0.04965015262	0.01284870355	0.007681939426	0.01143983313
TGME49_319710	0.01938182888	0.004788525528	0.01316334672	0.01989800032	0.2353062278
TGME49_216970	0.1909779569	0.1435106806	0.1642133307	0.1784291901	0.4309797352
TGME49_319312	0.1026839208	0.08023084049	0.1004148124	0.1023185937	0.04431392831
TGME49_222920	0.07730363111	0.05626759178	0.06591283904	0.08424224288	0.1131912955
TGME49_253850	0.03038192603	0.04055088028	0.0267010676	0.01000850906	0
TGME49_310840	0.02963055179	0.03485651251	0.01137101304	0.09922369881	0.012644722
TGME49_200290	0.5085972158	0.7930561861	0.3296866705	0.2526798974	0.3367622376
TGME49_208970	0.229559341	0.2134306915	0.2478313693	0.3252215559	0.2502559059
TGME49_265140	0.04545501082	0.01917099345	0.01095310354	0.04873775367	0.2316892235
TGME49_246610	0.1196582437	0.146333605	0.1363321848	0.1117549924	0.05387658265
TGME49_305800	0.05131983338	0.03002798211	0.08157771697	0.08530936015	0.008318197561
TGME49_290950	0.21185814	0.09748982885	0.1999739161	0.2575271765	0.5567321017
TGME49_227948	0.4180043713	0.4750584531	0.4489684742	0.3262860475	0.5310585158
TGME49_242660	0.2073830618	0.1495049874	0.2035266305	0.2085186667	0.2702377026
TGME49_223530	0.06796592539	0.02263308154	0.06559028225	0.1305732054	0.02682606644
TGME49_312310	0.07062033374	0.03619376853	0.1073771481	0.1465258901	0
TGME49_213020	0.1348289944	0.1918567464	0.171275506	0.07395681879	0.02085380952
TGME49_270630	0.1064653966	0.1412468365	0.09460488267	0.1400421355	0.09274140813
TGME49_227780	0.1410565031	0.1418688306	0.12517869	0.1199155068	0.04926062326
TGME49_313930	0.03063869101	0.03610007537	0.02785730144	0.06698709174	0
TGME49_271060	0.03029455612	0.02261054313	0.03024043641	0.07608970531	0.0304836758
TGME49_263550	0.2916127929	0.353104946	0.2892837814	0.3747848833	0.09826663012
TGME49_251780	0.4759345861	0.5113342191	0.4485452778	0.4198413744	0.1938928244
TGME49_214220	1.523351871	0.9865650485	1.570162777	2.225039579	1.651211472
TGME49_252630	0.4862425466	0.3000469578	0.4912989066	0.8710872902	0.7161549423
TGME49_219720	0.03871883639	0.02861035535	0.02790139726	0.07995309509	0.1437176122
TGME49_459220	0.0141786689	0.0166353781	0.002213527698	0.006027048308	0.01001912066
TGME49_207640	0.09497110428	0.07373239975	0.1237842287	0.1529563584	0.04374102331
TGME49_246770	0.0910596797	0.07415777888	0.1156958729	0.175042811	0.05893586441
TGME49_217930	0.06061162366	0.1048860462	0.07328953801	0.02192137786	0
TGME49_291320	0.01425036795	0.004840086733	0.008405934442	0.00728160566	0.03792003779
TGME49_235860	0.03705543658	0.007226908603	0.03848483106	0.05667805502	0.01025093044
TGME49_214980	1.001224963	1.30081511	1.01447803	0.7333446332	0.4531144074
TGME49_254040	0.01344476876	0.006558266361	0.002335801962	0.0186466804	0.0179024267
TGME49_239340	0.02262769175	0.0193696079	0.03814737038	0.03819878346	0.01610915297
TGME49_301330	0.0131228822	0.006915225747	0.009906111794	0.003840937347	0.02630537531
TGME49_272230	0.01348469779	0.004386373065	0.009008497731	0.006221327161	0.03818059589
TGME49_270930	0.102547014	0.09435494343	0.1209947563	0.1616990102	0.08169122354
TGME49_457970	0.01389147872	0.007367071325	0.009069175427	0.01866648975	0
TGME49_262420	0.02236405274	0.01558478165	0.02359325378	0.01007331156	0.01328492851
TGME49_230190	0.1122683767	0.08841058448	0.1403180413	0.1676932126	0.09105885157
TGME49_268890	0.04207794051	0.0449292106	0.04024458261	0.06744827775	0.0974619125
TGME49_240840	0.04393149964	0.04315603205	0.05199014317	0.08756624023	0.02047509994
TGME49_459340	0.01263423209	0.002569873283	0.004296905105	0.02775483919	0.01104236382
TGME49_271178	0.02152397755	0.01299861752	0.00860364077	0.09934175327	0.02619448844
TGME49_312130	0.09805428639	0.06437483267	0.1708279632	0.1060802278	0.07103319083
TGME49_257390	0.0223877125	0.04205436937	0.02275982651	0.02439010985	0.007727326511
TGME49_267530	0.008536670082	0.001864670482	0.02461978533	0.02072053469	0.01317951064
TGME49_316230	0.06341244101	0.0504785156	0.0474509764	0.08524238759	0.04425843246
TGME49_231870	0.008100543865	0.009418311865	0.01581540981	0.01990775837	0.008725886966
TGME49_229650	0.01311445489	0.00254404499	0.01180289092	0.01394623202	0.02802513306
TGME49_226440	0.1429150455	0.1306762879	0.1122619416	0.1845226975	0.05357976131
TGME49_200295	0.008963709712	0.01388127792	0.007271347464	0.02937884289	0
TGME49_212160	0.06205333748	0.05710672214	0.06186522923	0.02682106175	0.0379085714
TGME49_457740	0.03506515862	0.01801536457	0.02473682982	0.05440437774	0.02785570033
TGME49_202810	0.08846660735	0.111973791	0.09298111778	0.1289677696	0
TGME49_294898	0.04595772865	0.04377703846	0.05943951122	0.0841778664	0
TGME49_310660	0.1489591661	0.1715193886	0.1688550549	0.1643617938	0.1078424084
TGME49_202640	0.009890834773	0.01665920935	0.01135272226	0.008807736551	0.03427690416
TGME49_215660	0.0299224578	0.009370337089	0.02290652606	0.04503271682	0.04033346576
TGME49_273100	0.009794343144	0.004104631824	0.02243905026	0.0174691268	0
TGME49_205130	0.1843757283	0.1388722097	0.2395682524	0.1870502542	0.3752216704
TGME49_233790	0.01007944449	0.005601687915	0.006653768308	0.01863876084	0.08947109121
TGME49_227610	0.0288246298	0.02819552497	0.01912753161	0.02823142542	0
TGME49_253540	0.02851658149	0.001864670482	0.01988628701	0.07341526649	0
TGME49_301210	0.1014891289	0.01566620606	0.1447605194	0.1444796058	0.03679543725
TGME49_355170	0.01078994923	0.01450783671	0.01217366068	0.01254533254	0.02468317387
TGME49_246050	0.03380122185	0.03228049916	0.03620561088	0.06870911981	0.02504260012
TGME49_248170	0.03520892429	0.01188008496	0.03299853519	0.06348748619	0.01075618377
TGME49_307605	0.1139182362	0.09867280288	0.06462665488	0.1515095678	0.09822831192
TGME49_264020	0.01639553382	0.02654042242	0.01402297087	0.03584715301	0
TGME49_268300	0.05437972717	0.01654712484	0.04428416279	0.08897366386	0.05887583958
TGME49_266810	0.1585597882	0.05737842114	0.2026214612	0.3341577959	0.1619904204
TGME49_261610	0.02544424288	0.01606416911	0.04650095151	0.03028216434	0.01328492851
TGME49_313665	0.0353666071	0.02384264082	0.07404033748	0.0350239466	0
TGME49_252465	0.03605438064	0.03161074919	0.02891937096	0.03912816927	0
TGME49_265510	0.3086299233	0.3605796844	0.2570457181	0.3399861279	0.5837428272
TGME49_321170	0.05426257834	0.02604355056	0.03955348251	0.0768751011	0.08925807276
TGME49_206640	0.2579335254	0.246116424	0.2979264628	0.3425213102	0.1193234916
TGME49_306610	0.1002155682	0.08078208488	0.1008087687	0.09283741691	0.01524043281
TGME49_458560	0.01642684963	0.0186080119	0.02039423344	0.02550054191	0.04192059741
TGME49_216540	0.0362357568	0.03085829822	0.05502442882	0.04767126316	0.05244773465
TGME49_215100	0.03611712523	0.0382134168	0.04038078848	0.08006341607	0
TGME49_276100	0.03409115661	0.04741731935	0.03337229105	0.02874679488	0.07696565912
TGME49_232370	0.01729166366	0.01600635144	0.0167196853	0.02423387507	0.09078767559
TGME49_262620	2.422994633	2.480900223	2.634819124	2.39553738	1.211637601
TGME49_235905	0.01598815781	0.01809294162	0.01953048357	0.02865020944	0.01249469277
TGME49_219650	0.01648078051	0.01639636734	0.008688463864	0.03445683291	0.0877938134
TGME49_231480	0.04787608387	0.04485030876	0.04374352238	0.09485260308	0.0872143912
TGME49_221710	0.04897025856	0.03583409256	0.06301812174	0.08144538058	0.07809817306
TGME49_299172	0.07496162773	0.03131663582	0.05242716452	0.1160344448	0.142940577
TGME49_200280	0.0514013032	0.05704472975	0.02900831103	0.04368700113	0.04136209907
TGME49_200330	0.09763824397	0.05469257931	0.07677282306	0.03750463496	0.5244853998
TGME49_458020	1.296670247	1.268350817	1.130489772	1.414420684	1.0738696
TGME49_315700	0.02557715563	0.03507535111	0.02084608553	0.06464395496	0
TGME49_311860	0.188512654	0.1550702881	0.2031614833	0.1754458687	0.07026600087
TGME49_244880	0.06906318166	0.1017439014	0.06176296306	0.1064772686	0
TGME49_247290	0.02533736852	0.01970638544	0.03999449165	0.04982182374	0
TGME49_253940	0.2814179709	0.2685276623	0.2987977254	0.2465482537	0.04669630183
TGME49_320480	0.08123890845	0.09437059526	0.08085276361	0.07105822254	0.2768974366
TGME49_228270	0.0269759508	0.006453772471	0.04608892918	0.06553377717	0
TGME49_203520	0.02493876248	0.0183957156	0.02570953229	0.03642676384	0.140224811
TGME49_226640	0.02479728149	0.02606907948	0.02386164196	0.03603067282	0.0927613614
TGME49_288990	0.03788332329	0.04806302437	0.02713742348	0.06419492936	0.04269453548
TGME49_306470	0.04604449153	0.01847096654	0.04172122091	0.0549939465	0.06626438522
TGME49_262460	0.03680290367	0.0164601512	0.02280653514	0.0459945193	0.03557707598
TGME49_213040	0.06215544008	0.0511596616	0.03272792739	0.02894712296	0.2849858027
TGME49_231750	0.05592592169	0.05141734795	0.01944687544	0.08686662649	0.05192627519
TGME49_277740	0.1950220853	0.1110654605	0.2111036523	0.1301766128	0.593762104
TGME49_277240	0.005205966064	0.01112109477	0.01314235735	0.004455421887	0
TGME49_292335	0.0105983934	0.004216835926	0.004882794024	0.01067622905	0.0127005609
TGME49_459500	0.01020404479	0.008805411116	0.003899680502	0.006702061588	0
TGME49_250350	0.009806172908	0.006369068689	0	0.002666677334	0.0538568291
TGME49_287470	0.1395722522	0.1641400043	0.1441144847	0.04692665609	0.02766333137
TGME49_255635	0.1090250425	0.08338540095	0.1453357274	0.05611970849	0.01645321348
TGME49_233510	0.006118386487	0.014413282	0.01058985256	0.003565437006	0
TGME49_273550	0.01149797171	0	0.007398782546	0.01534344625	0.02447472348
TGME49_320680	0.1197959077	0.145164324	0.1118713574	0.0402311997	0.03687716142
TGME49_229160	0.006168744648	0.005252254614	0.01761541731	0.008388058751	0
TGME49_289710	0.005903310769	0.002237115089	0.002247397631	0.03711318509	0.01466803664
TGME49_274150	0.006669557988	0.002055547227	0.01603645328	0.0161033914	0
TGME49_212970	0.006380859665	0.004690402894	0.01402048824	0.00816535877	0.02354482484
TGME49_314370	0.008912624747	0	0.004409589159	0.01237206927	0.0380344556
TGME49_294280	0.1103343499	0.1394347661	0.08719453512	0.1555314028	0.1529462155
TGME49_318300	0.006535705356	0.009617940012	0.006074814815	0.02082115405	0
TGME49_459190	0.005943946415	0.01675501321	0.004493751383	0.01283398923	0
TGME49_271200	0.005387465676	0	0.002253623106	0.02663365438	0.05228119472
TGME49_202860	0.0524649886	0.04070081992	0.05399874612	0.1208623125	0.02468540302
TGME49_280440	0.1361008574	0.1058816279	0.1113988114	0.1839239408	0.09780607006
TGME49_265070	0.02033009392	0.002528966629	0.002504857725	0.013624338	0.1406027057
TGME49_224580	0.2524644813	0.2600213273	0.1959772753	0.2927530548	0.117427565
TGME49_258750	0.009620294799	0.004459582919	0.008338801646	0.009315073555	0
TGME49_202910	0.009575797951	0.004622289097	0.009400412482	0.004422197923	0.011984625
TGME49_319350	0.3147804147	0.4593790117	0.2223927388	0.301158697	0.4396092231
TGME49_220080	0.006280620653	0.009367634328	0.006020460804	0.01960195329	0
TGME49_319630	0.005921823449	0.01665803978	0.008416217287	0.003711676264	0
TGME49_228060	0.0206608971	0.00794726484	0.02434207278	0.01338855003	0.01206492847
TGME49_297395	0.006946577783	0.01884592204	0.007171652155	0.004373807287	0
TGME49_259550	0.0768071298	0.03528605698	0.10150103	0.168241677	0.03938514377
TGME49_355050	0.009871780027	0.009819476876	0.006606129099	0.00458361888	0
TGME49_248730	0.006225750701	0.002542354473	0.009123487396	0.02317629944	0
TGME49_257572	0.007015381788	0.008730584548	0.01478404304	0.008008231364	0
TGME49_210715	0.006647107792	0.006250183239	0.01040253131	0.01435319258	0.009097100562
TGME49_224630	0.6171259156	1.193646651	0.2780454767	0.3992036958	0.586049327
TGME49_212735	0.00888099036	0.002243821944	0.009624337043	0.009578582955	0
TGME49_321460	0.07539844171	0.09049523986	0.1022488899	0.07094684911	0.01547307088
TGME49_226890	0.007175193811	0.004671038342	0.009276535182	0.02055287619	0
TGME49_249000	0.0201278851	0.00240831943	0.02049900764	0.03256516521	0
TGME49_267380	0.03353757944	0.00879246218	0.02347032367	0.02170702298	0.1395465276
TGME49_237425	0.007839509778	0	0.01206400858	0.0231496772	0.01048869957
TGME49_278170	0.03998496497	0.0453759912	0.04126958479	0.0706817913	0.01168868862
TGME49_314970	0.1327264331	0.1048020467	0.1747662197	0.1980335284	0.02782217035
TGME49_251670	0.06555022542	0.04280531376	0.06758314243	0.07941424877	0.05282698306
TGME49_215040	0.09760376259	0.07387157704	0.08867924895	0.1440683879	0.012644722
TGME49_285425	0.0177789334	0.004413591888	0.01367367804	0.0007628746054	0.1237634423
TGME49_235470	0.5737130972	0.5398144926	0.5447046669	0.4580700373	0.9128695457
TGME49_237160	0.05337372068	0.04131235854	0.05969289852	0.1072203926	0.042752904
TGME49_243960	0.1518758125	0.1484366859	0.1527894158	0.2084265875	0.1352282892
TGME49_297710	0.04018618404	0.004324416237	0.03172841083	0.1740117523	0.04288216384
TGME49_305890	0.00442406285	0	0.002361575113	0.003604274375	0
TGME49_276860	0.004321359174	0.002549139657	0.00188913636	0	0
TGME49_258550	0.003988682429	0.004729419106	0	0	0
TGME49_280605	0.003967435511	0	0.002471766504	0	0.01075618377
TGME49_200430	0.003718237006	0	0	0.007088520207	0
TGME49_309352	0.003697843522	0.001726933477	0.002175623486	0	0
TGME49_243220	0.003682798214	0.00484046942	0	0	0
TGME49_286485	0.003636500023	0.002320793351	0	0.004250419372	0
TGME49_221265	0.003610582967	0	0	0.004580989031	0.01478448448
TGME49_271037	0.003605937547	0.002342352694	0.001995004979	0	0
TGME49_322300	0.003603622392	0	0.002252373558	0	0.01217574614
TGME49_208330	0.003583008928	0	0	0.003788569123	0.01075618377
TGME49_270060	0.003547319325	0.002379315988	0.001857792809	0	0
TGME49_204520	0.003542941145	0	0.002298826464	0.004607511652	0
TGME49_254180	0.003444940499	0.002160196708	0.00188913636	0	0
TGME49_271040	0.003398201946	0	0.002061596045	0.003788569123	0
TGME49_268835	0.003289742724	0	0	0.003020302478	0.01145738438
TGME49_294300	0.003289742724	0.001933703887	0	0.003975809605	0
TGME49_458150	0.003199385783	0	0	0.007539964957	0
TGME49_236230	0.003142778319	0.002174317348	0	0.004031011269	0
TGME49_273740	0.003123610388	0.001525855796	0	0.003758124855	0
TGME49_285740	0.003051720044	0.002025258643	0	0.004023985375	0
TGME49_300360	0.07548968969	0.01192597986	0.0705555321	0.100830002	0.253599434
TGME49_200440	0.003710544096	0	0.004470212728	0	0
TGME49_231360	0.003578481765	0	0	0.005868753019	0
TGME49_320660	0.00346911159	0.002448863742	0	0.002520764076	0
TGME49_255310	0.003467076047	0	0.0023974665	0.003739628396	0
TGME49_254625	0.003444940499	0	0.002320502723	0.004250419372	0
TGME49_210478	0.003442951034	0.002549139657	0	0.003087762174	0
TGME49_251830	0.003423260454	0.00248392081	0	0	0.01476977059
TGME49_253060	0.003398201946	0.004620387246	0	0	0
TGME49_247720	0.003284605276	0.002903665911	0	0.00368025911	0
TGME49_232110	0.003271028554	0.002633847721	0.001857792809	0	0
TGME49_314490	0.003247689368	0	0	0.004607511652	0.01412550554
TGME49_217178	0.0030976519	0	0	0.008483241812	0
TGME49_243330	0.003016946812	0	0.003579681573	0	0
TGME49_311300	0.002927706888	0	0.002399002073	0.003745291683	0
TGME49_458810	0.002905121941	0.002000996362	0.002334397324	0	0
TGME49_226230	0.002825022307	0.001898640182	0.002376309827	0	0
TGME49_310798	0.002818543448	0	0	0.002666677334	0.01359380095
TGME49_267410	0.002759051482	0	0.001852942909	0.002940935189	0
TGME49_459180	0.002675696357	0.002448863742	0	0.003412228757	0
TGME49_259610	0.002437508341	0.001377605309	0	0	0.01417054249
TGME49_295060	0.02607276699	0.01189252875	0.01549955233	0.04626799411	0.01129521284
TGME49_226480	0.003265982797	0.002308404319	0	0.004961522505	0
TGME49_207005	0.00317452222	0.00244293319	0	0.004733454224	0
TGME49_292600	0.003151747926	0.002192895737	0.002352879241	0	0
TGME49_289216	0.00306129053	0.002251726733	0	0.004684547494	0
TGME49_305485	0.003034183446	0	0.004620805759	0	0
TGME49_238940	0.003020898375	0	0.00204385947	0.00419563234	0
TGME49_272593	0.002926505303	0.002348817299	0.002235111053	0	0
TGME49_271420	0.002834821741	0.002545739349	0	0.004544679445	0
TGME49_283855	0.002829365507	0	0.004509269511	0	0
TGME49_271580	0.002746978348	0	0.002338619654	0.004031011269	0
TGME49_309330	0.002619813893	0	0.003973822263	0	0
TGME49_216285	0.002602468491	0.002199198064	0.002306876958	0	0
TGME49_210970	0.002523402223	0.002384752605	0.00212292857	0	0
TGME49_269225	0.002036502116	0	0.004225917364	0	0
TGME49_295685	0.002036502116	0	0.001952689245	0.004504303571	0
TGME49_210783	0.001775420083	0.002176357758	0.00232187992	0	0
TGME49_246110	0.003163831135	0.007410980717	0.009632650864	0	0
TGME49_271892	0.003086324243	0.002342352694	0.009278033913	0.008730146016	0
TGME49_313210	0.002936158915	0.007211003442	0.006515904849	0.003982586522	0
TGME49_202140	0.002685962906	0.006816258119	0.006665718748	0.00467608964	0
TGME49_262680	0.002675696357	0.0123073848	0.002214709337	0.004443464837	0
TGME49_230870	0.002650051354	0.009749022872	0.004577963531	0.004999801371	0
TGME49_273080	0.002393975754	0.002268964343	0.007181058808	0.01285132377	0
TGME49_460580	0.002095156716	0.009616131156	0.002102533625	0.007653433472	0
TGME49_202740	0.002036502116	0.002278329441	0.002337209402	0.01708875571	0.011984625
TGME49_249800	0.002036502116	0	0.01170589944	0.009811596258	0
TGME49_262520	0.003390610464	0.007483653276	0	0.01834805161	0
TGME49_240790	0.002881892057	0	0.0132047392	0.005083283259	0
TGME49_270340	0.00243822786	0.002257426789	0.00934320033	0.006881957791	0
TGME49_320140	0.01954278364	0.0286065316	0.02533897477	0.02062978231	0.008410171473
TGME49_306290	0.04268745198	0.06999427909	0.04122444129	0.04229022398	0.02507092283
TGME49_254365	0.1003273608	0.06569951472	0.06431289028	0.1384573751	0.2370417485
TGME49_221420	0.003335364293	0.007491338411	0.006482375914	0.004772025734	0
TGME49_225680	0.003282898432	0.00953870323	0.002379293881	0.008297190724	0
TGME49_284010	0.003162312907	0	0.008345562192	0.01411133176	0
TGME49_246530	0.003104796388	0.003910531311	0.006957497136	0.008330993755	0
TGME49_225430	0.003070952462	0.004162543296	0.007318841751	0.007632746957	0
TGME49_221600	0.002872750983	0.004956049715	0.002494242293	0.0161840053	0
TGME49_288020	0.002834821741	0.001873166477	0.002504857725	0.02225384765	0
TGME49_217460	0.166093877	0.1993651747	0.1189285903	0.1541363565	0.0933398183
TGME49_250050	0.04522147586	0.0514072916	0.03787866144	0.1125887053	0.01893368218
TGME49_256650	0.00346911159	0.002591198217	0.007094358159	0.01280918381	0
TGME49_285770	0.00341742444	0.002465422879	0.0023974665	0.01864972777	0.012644722
TGME49_235950	0.003328214117	0.00665282717	0.007298572718	0.003827270441	0
TGME49_217875	0.003284605276	0.004833094398	0.006641605847	0.003940784961	0.009760652442
TGME49_232220	0.002905121941	0.002325808855	0.002066341972	0.01953841932	0
TGME49_272630	0.003551715612	0.001377605309	0.004870453535	0.01686108511	0
TGME49_260410	0.003450931531	0.002542354473	0	0.02025306055	0.01269120559
TGME49_272680	0.002844720166	0.007256361789	0.00204018413	0.0105244395	0
TGME49_286000	0.2851869088	0.136806308	0.3732297454	0.3466764104	0.08159879436
TGME49_249880	0.00351704449	0.004812114951	0.006731890146	0.008493442732	0
TGME49_275850	0.003458972905	0.0119257453	0.002147160246	0.003530147436	0
TGME49_272040	0.00341936618	0.01135099608	0.001201881288	0.0007628746054	0
TGME49_290650	0.04291034336	0.04078130324	0.05325685236	0.05299176892	0.01014991745
TGME49_257740	0.003610582967	0.004715195435	0.004311595174	0.01307134041	0
TGME49_294585	0.00351704449	0	0	0.02019481745	0.02433614694
TGME49_250900	0.003493848994	0	0.004106633347	0.01862700075	0
TGME49_271010	0.0271529121	0.0195232271	0.01624400613	0.04364172457	0
TGME49_306230	0.004397487883	0.002164202516	0.01084906776	0.004733454224	0
TGME49_270090	0.004072682909	0.004722149358	0.002277799312	0.008565306692	0.02690044917
TGME49_283720	0.003757547361	0.002302288385	0.002026577571	0.01608809156	0.01048869957
TGME49_227410	0.02087074442	0.01470095996	0.0354831369	0.02518307918	0.0158170924
TGME49_294705	0.1402075282	0.1255673817	0.1801729981	0.1544275752	0.06775157132
TGME49_275760	0.01116495817	0.002463902067	0.02948617716	0.01745719482	0.04166181251
TGME49_219620	0.04125118969	0.03241775513	0.04649715161	0.06455233339	0.06200251254
TGME49_217640	0.2318054239	0.3593804935	0.245131693	0.1283150397	0.04596838196
TGME49_316310	0.6554718198	0.3356283905	0.9089729974	1.05737927	0.1127938661
TGME49_248950	0.06380915165	0.01604152022	0.06018671876	0.1622476802	0.2571575209
TGME49_203240	0.06663170159	0.07507275109	0.07322391879	0.08622193787	0.0706808291
TGME49_258970	0.01287235816	0.01646284122	0.006070062042	0.04452423648	0.01355402969
TGME49_250760	0.2007910818	0.06111791546	0.2967454077	0.3782211241	0.2133012496
TGME49_305640	0.01362403395	0.02632490977	0.01109272609	0.02244488508	0
TGME49_270150	0.01234260636	0.01460197083	0.01585597704	0.02500936291	0.01012442561
TGME49_273130	0.02962036321	0.00245334316	0.002315020714	0.0634211746	0.3460544459
TGME49_245570	0.0438115308	0.01910640195	0.02873334516	0.1764627752	0.01635817026
TGME49_245610	0.04320870352	0.03315964615	0.05030242953	0.06862343669	0.008725886966
TGME49_261990	0.05905987048	0.02833518242	0.07869739363	0.05900617908	0.2497521899
TGME49_459760	1.202392848	1.204552994	1.135525862	1.20811594	1.061573006
TGME49_268750	0.0674675701	0.05070646125	0.04004676771	0.1102024097	0.06871663533
TGME49_208490	0.2499912205	0.2584072011	0.3043696619	0.285330601	0.05824093793
TGME49_204270	0.1916453926	0.1609406658	0.2071868154	0.07371103049	0.4392551587
TGME49_308980	0.1040859114	0.0887361623	0.09101411439	0.1133242967	0.03646540048
TGME49_287230	0.1468191158	0.0897705355	0.1315749602	0.1518476775	0.2956559515
TGME49_202660	0.007441394961	0	0	0.004610191638	0.05599746698
TGME49_273500	0.006987040021	0	0.002320502723	0.01104120636	0.0127005609
TGME49_280465	0.006723575061	0.00672046086	0.002317756383	0	0.0112147507
TGME49_212275	0.0671223519	0.01488733531	0.06934510326	0.21682968	0.04964448615
TGME49_271980	0.006649318839	0.004964268139	0.003838453262	0.003512272456	0
TGME49_257710	0.006624620647	0.001772126358	0.007411756282	0.0007628746054	0
TGME49_235010	0.006571113733	0	0.006374750844	0	0.02248874006
TGME49_461250	0.006398306374	0.002382029245	0.002368904172	0.01123750591	0
TGME49_235720	0.1403761956	0.1592737989	0.1614450459	0.1551592425	0.08252914008
TGME49_304460	0.1887329998	0.1542396423	0.1492632919	0.1846901225	0.3646407149
TGME49_280420	0.006523591267	0.00521844193	0.002468370333	0.008227261788	0
TGME49_267312	0.00644712741	0	0.008835827419	0.00366817032	0
TGME49_283510	0.4503028646	0.4258761795	0.4654673292	0.2729662799	0.6962617561
TGME49_310122	0.006629586829	0.009856192275	0	0.004344677597	0
TGME49_457550	0.006153631332	0.004443466065	0	0.0131120258	0
TGME49_209112	0.006026159653	0.006170725081	0.004321536628	0	0
TGME49_290585	0.006234686229	0	0.009006451292	0.004229870883	0
TGME49_203985	0.006222954273	0	0	0.009284231599	0.04136432973
TGME49_200590	0.01441649828	0.01160302161	0.006659278362	0.02875359263	0.05935169141
TGME49_266740	0.006506347564	0	0.009042849301	0.004992765409	0
TGME49_258930	0.006348352495	0.004854432967	0.004412034129	0.004862033676	0
TGME49_217040	0.006326388714	0.004503712149	0.004876899872	0.004618262353	0
TGME49_207065	0.006252320603	0.006980426129	0	0.009179898293	0
TGME49_214910	0.005446581167	0.004810986939	0	0.01201786081	0
TGME49_246210	0.006950226463	0.002631942186	0.005062876396	0.004450626729	0.01907264566
TGME49_270970	0.00554853053	0	0.01102609089	0	0
TGME49_278860	0.006308565275	0.00490267267	0.002253623106	0.004557539507	0.01547307088
TGME49_237510	0.006102229109	0	0.00234286739	0.01888927072	0
TGME49_460560	0.005327579971	0.002076500919	0.006693273186	0	0.01524043281
TGME49_264890	0.03357611718	0.04054152279	0.0232423272	0.07875615363	0.0270953197
TGME49_225510	0.06342016864	0.0548278806	0.04808187296	0.1321469851	0.1245759196
TGME49_264030	0.1650080511	0.167278427	0.1483305708	0.1434403107	0.06626196147
TGME49_311210	0.0744290288	0.1108236808	0.07811759135	0.08380515279	0
TGME49_281450	0.08337069185	0.08432023238	0.08763462198	0.1150053648	0.1021864661
TGME49_311020	0.07188207403	0.07139960454	0.03762093586	0.1081900688	0.07877723913
TGME49_222155	0.0219673285	0.02360282253	0.02746527404	0.03894928023	0.02361820805
TGME49_292120	0.03437539537	0.03846026559	0.04193011927	0.05632009858	0.03779292819
TGME49_259950	0.02222501441	0.04783136311	0.02251939494	0.01309758898	0.01025093044
TGME49_231980	0.02305056653	0.02774670687	0.03302119012	0.02194611753	0.02805051284
TGME49_255980	0.04860345093	0.0572717339	0.03301591109	0.09499977399	0.08096314186
TGME49_273030	0.1304967835	0.08409007025	0.08298201536	0.2207839035	0.1669839914
TGME49_218955	0.04223237982	0.0389423142	0.03917377626	0.03038167856	0.02059061575
TGME49_237870	0.04307562079	0.04214739473	0.03059062306	0.02652412674	0.07378862806
TGME49_225108	0.02309297752	0.02453215934	0.01359843164	0.05600068632	0.05647147431
TGME49_268860	2.14259736	1.411708892	2.620363313	2.525273227	1.061317259
TGME49_204380	0.04217026509	0.02837974107	0.05149308158	0.02185664122	0.05240881038
TGME49_209580	0.1774377933	0.1444553658	0.1160609753	0.2495048149	0.3321904716
TGME49_460890	0.0470541565	0.04139078537	0.03762308321	0.08964660045	0.09171021349
TGME49_211460	0.09258811361	0.1198148638	0.06242979958	0.0557757403	0.03934572569
TGME49_292160	0.3334731047	0.3346485211	0.3361190175	0.2894102809	0.1505969053
TGME49_458210	0.02448259676	0.02607120173	0.02938734401	0.03949291636	0
TGME49_220910	0.05216836238	0.06057139523	0.06872928085	0.0503394954	0.06352682027
TGME49_297460	0.1380352318	0.1013339458	0.1408326252	0.1489427421	0.07586356034
TGME49_202180	0.03618464308	0.02717974913	0.05509385395	0.05119171638	0.03588702254
TGME49_262380	0.02355578988	0.01166655444	0.01823881267	0.04640661209	0.1028067098
TGME49_234990	0.0743701307	0.0551936686	0.09104634668	0.1331343158	0.02570154024
TGME49_208580	0.08920123263	0.04042702035	0.09819709693	0.2080916022	0.04313732924
TGME49_244870	0.03562317768	0.01543353325	0.0192660897	0.06596878776	0.0564200995
TGME49_223620	0.09358783601	0.1034622482	0.1061640768	0.07528145492	0.13686216
TGME49_217688	0.04856926162	0.0512617165	0.02919119646	0.03559027273	0.03985677856
TGME49_249480	0.08700988312	0.03990368497	0.06625677549	0.1079289946	0.2363164867
TGME49_237820	0.01678828326	0.002176357758	0.009806909137	0	0.1180482631
TGME49_315620	0.05143058733	0.02758533175	0.0714659663	0.07898437054	0.1020095749
TGME49_234300	0.1857102762	0.1765045393	0.218270766	0.1909531983	0.2332906787
TGME49_204080	0.06022801697	0.06207443911	0.07206457843	0.1111169664	0
TGME49_247652	0.03671775673	0.03255986673	0.01880638175	0.03804489432	0.05642348844
TGME49_218310	0.1919817645	0.1285151157	0.2149303676	0.1807795105	0.1881154958
TGME49_285220	0.01651795424	0.00253062701	0.01551522233	0.02379508467	0.01457549449
TGME49_263410	0.01782610821	0.004548516682	0.01921078611	0.02188550563	0
TGME49_288230	0.01631362439	0.007332418841	0.009206018859	0.01810814421	0.03319716489
TGME49_280690	0.01557643804	0.002234893352	0.01624896142	0.02467112528	0.01430167064
TGME49_277850	0.0310526591	0.02412678756	0.01801089232	0.02875996483	0.05099323284
TGME49_236080	0.1935835662	0.09394093326	0.2276118866	0.3869458885	0.1748214844
TGME49_261540	0.01602309086	0.00487910331	0.01838594538	0.008682901065	0.02105489348
TGME49_457530	0.01584351837	0.01464571434	0.0249189917	0.02538397671	0.02935109399
TGME49_314020	0.0749089139	0.04319454161	0.08627545668	0.08051110258	0.03380342667
TGME49_294680	0.03022528016	0.03916516261	0.01991754974	0.004474769389	0.02181041976
TGME49_202840	0.6980996491	0.6809396492	0.6577578044	0.5806961387	0.9890825524
TGME49_237500	0.3172906516	0.2572320046	0.3926049607	0.2600594761	0.1771600828
TGME49_256920	0.03925280086	0.01371370425	0.05456174537	0.09989768823	0.01328492851
TGME49_294030	0.01508052516	0.01967722295	0.02725948475	0.01423435046	0.01491900855
TGME49_259190	0.01592771978	0.005026949842	0.01607520203	0.01692439743	0.02366997368
TGME49_203665	0.02586354129	0.03149900954	0.03661637327	0.02992022187	0.01457549449
TGME49_240550	0.06914582998	0.0498253541	0.06241434739	0.1301253917	0.137861974
TGME49_301470	0.01501724824	0.01801967875	0.01492408829	0	0
TGME49_220180	0.01629023639	0.01005546238	0.01559711813	0.01740641738	0
TGME49_306900	0.0140628273	0.01350494788	0.01630738389	0.008074989203	0
TGME49_258990	0.01562581646	0.007360294483	0.01868387563	0.0107714772	0.01269120559
TGME49_224560	0.01530711445	0.009542463736	0.01152292879	0.00442689585	0.0691509423
TGME49_270530	0.08091131124	0.05857363262	0.07675648687	0.1322587418	0.2407835817
TGME49_314515	0.01495169572	0.02364894183	0.004190326278	0.01254696777	0
TGME49_268210	0.01467360971	0.01649936071	0.01654596337	0.03031109883	0.01880689713
TGME49_457590	0.01518759483	0.02548369922	0.01797866397	0.0149842308	0.0262365031
TGME49_215950	0.1525523127	0.179541618	0.1750499948	0.1303471098	0.1266662856
TGME49_261200	0.01455620413	0.01427734767	0.01062355045	0.01631551042	0
TGME49_207080	0.02599524818	0.01912869073	0.03049708518	0.05608421476	0.03470356048
TGME49_273595	0.0164532098	0.01507301169	0.02057327485	0.0321070301	0.02525955347
TGME49_285200	0.01625145269	0.01138995948	0.01646058995	0.04965639464	0.01217990511
TGME49_244540	0.1246873153	0.1859947149	0.1140548616	0.1209651583	0.06219177055
TGME49_259260	0.4748771865	0.2299179363	0.5761832166	0.6940670309	0.2749613313
TGME49_318575	0.1168495069	0.1017376713	0.08908986981	0.1297102282	0.111117157
TGME49_255250	0.01652497404	0.01684328739	0.0209704598	0.03428995746	0
TGME49_457760	0	0	0	0.002017193679	0
TGME49_458310	0	0	0	0.003394868269	0
TGME49_458730	0	0	0.002438508518	0	0
TGME49_458980	0	0	0.002182362366	0	0
TGME49_459860	0	0	0.002501301811	0	0
TGME49_460470	0	0	0	0	0.01317951064
TGME49_460500	0	0	0	0	0.01255772196
TGME49_460610	0	0	0	0.004992765409	0
TGME49_460920	0	0	0	0.003831810313	0
TGME49_461440	0	0	0.002402083202	0	0
TGME49_457480	0	0	0.002335801962	0	0
TGME49_457980	0	0	0.00204018413	0	0
TGME49_457990	0	0.002395748523	0	0	0
TGME49_458660	0	0	0.002456608907	0	0
TGME49_460160	0	0.00248392081	0	0	0
TGME49_460200	0	0.001968410418	0	0	0
TGME49_460570	0	0.002528966629	0	0	0
TGME49_461030	0	0	0.00231638722	0	0
TGME49_461280	0	0	0.002408285778	0	0
TGME49_461380	0	0	0	0	0.007727326511
TGME49_269680	0	0	0.002446679221	0	0
TGME49_203500	0	0.002204492968	0	0	0
TGME49_299150	0	0	0.002395934235	0	0
TGME49_299020	0	0.002275976727	0	0	0
TGME49_244510	0	0	0	0.003656193779	0
TGME49_231610	0	0	0	0.004415180706	0
TGME49_288520	0	0	0.002327415788	0	0
TGME49_259965	0	0	0	0.003670846949	0
TGME49_254750	0	0.002490190939	0	0	0
TGME49_242400	0	0	0.002365963442	0	0
TGME49_285410	0	0	0	0	0.01322664538
TGME49_243500	0	0	0	0.004327052436	0
TGME49_215670	0	0	0	0	0.01358809815
TGME49_203110	0	0	0.002168949814	0	0
TGME49_277980	0	0	0	0.004828784702	0
TGME49_244900	0	0	0.00188913636	0	0
TGME49_223520	0	0	0.002566213424	0	0
TGME49_305830	0	0	0.00212292857	0	0
TGME49_266105	0	0.002542354473	0	0	0
TGME49_272360	0	0	0	0	0.01276185419
TGME49_204090	0	0.002514187596	0	0	0
TGME49_254740	0	0.002265483602	0	0	0
TGME49_261530	0	0.002325808855	0	0	0
TGME49_270850	0	0	0	0.003745291683	0
TGME49_219828	0	0	0	0.00381524026	0
TGME49_201100	0	0.002502892551	0	0	0
TGME49_202060	0	0	0.002335801962	0	0
TGME49_202205	0	0	0	0	0.01424877635
TGME49_202600	0	0.002434125895	0	0	0
TGME49_203090	0	0.002491766795	0	0	0
TGME49_203470	0	0.002653173077	0	0	0
TGME49_204870	0	0	0	0	0.01575351087
TGME49_205590	0	0	0.00188913636	0	0
TGME49_205770	0	0	0	0.003416606956	0
TGME49_206605	0	0	0	0.005429739554	0
TGME49_209780	0	0.002163198935	0	0	0
TGME49_209810	0	0	0	0.003512272456	0
TGME49_210235	0	0.002470004179	0	0	0
TGME49_210740	0	0	0	0.004152563577	0
TGME49_211000	0	0	0.002034708446	0	0
TGME49_212075	0	0	0	0.003916320002	0
TGME49_214550	0	0	0	0.004003125922	0
TGME49_215540	0	0	0	0.00368025911	0
TGME49_217650	0	0	0	0.004025738403	0
TGME49_217724	0	0	0	0	0.01218823494
TGME49_217860	0	0.00237526489	0	0	0
TGME49_218130	0	0.002264327086	0	0	0
TGME49_219222	0	0	0	0.004930944362	0
TGME49_220125	0	0	0	0.00501397726	0
TGME49_220580	0	0.002272462	0	0	0
TGME49_221455	0	0	0	0.004887895829	0
TGME49_221518	0	0	0	0.00482098115	0
TGME49_221560	0	0	0	0.005050039069	0
TGME49_221855	0	0.00215820228	0	0	0
TGME49_222075	0	0.002598443605	0	0	0
TGME49_222980	0	0	0	0.004830350549	0
TGME49_223045	0	0	0	0.005136564427	0
TGME49_224905	0	0	0.002461625891	0	0
TGME49_225098	0	0	0.002121894226	0	0
TGME49_225315	0	0.002383389658	0	0	0
TGME49_225370	0	0.002659068649	0	0	0
TGME49_225950	0	0.002367229465	0	0	0
TGME49_225953	0	0	0	0.004971861579	0
TGME49_226880	0	0	0.002078839307	0	0
TGME49_228065	0	0	0	0.00355560364	0
TGME49_228440	0	0	0	0	0.01314318683
TGME49_229190	0	0	0	0.003905055514	0
TGME49_229230	0	0	0.002464990177	0	0
TGME49_230598	0	0.002398523491	0	0	0
TGME49_230660	0	0	0	0.004331437651	0
TGME49_231055	0	0.002600265944	0	0	0
TGME49_231175	0	0.002359281533	0	0	0
TGME49_231450	0	0	0	0	0.01217574614
TGME49_232085	0	0	0	0	0.01014991745
TGME49_232290	0	0	0.002428825452	0	0
TGME49_232475	0	0	0	0.003366111592	0
TGME49_233280	0	0	0.00202210256	0	0
TGME49_235875	0	0.002270128342	0	0	0
TGME49_235940	0	0.002499696703	0	0	0
TGME49_236030	0	0	0	0.004862033676	0
TGME49_237045	0	0.002645383346	0	0	0
TGME49_238077	0	0	0	0.003975809605	0
TGME49_238165	0	0	0	0	0.01036805374
TGME49_238970	0	0	0.002030179162	0	0
TGME49_239670	0	0.00220875741	0	0	0
TGME49_240820	0	0	0	0.003087762174	0
TGME49_242590	0	0	0.002292187506	0	0
TGME49_242740	0	0.00223934374	0	0	0
TGME49_242750	0	0	0.002453283678	0	0
TGME49_242845	0	0.002382029245	0	0	0
TGME49_243560	0	0	0	0.003646955077	0
TGME49_244726	0	0	0	0	0.01232801807
TGME49_245760	0	0	0.002227841868	0	0
TGME49_246485	0	0.00255084564	0	0	0
TGME49_246535	0	0	0.002161244705	0	0
TGME49_246635	0	0	0.002432038572	0	0
TGME49_246763	0	0	0	0.005283287252	0
TGME49_247570	0	0	0.002480327964	0	0
TGME49_247950	0	0	0.002347140828	0	0
TGME49_249365	0	0	0.002133358935	0	0
TGME49_249665	0	0	0	0.004443464837	0
TGME49_250100	0	0	0	0	0.01648236494
TGME49_251860	0	0	0	0.00453956829	0
TGME49_252090	0	0.00219080731	0	0	0
TGME49_253760	0	0.002178404057	0	0	0
TGME49_254310	0	0	0	0.002192226233	0
TGME49_255500	0	0	0.002140755879	0	0
TGME49_255730	0	0.001772126358	0	0	0
TGME49_257925	0	0	0.002327415788	0	0
TGME49_259060	0	0	0	0	0.01169612297
TGME49_259835	0	0.002527309942	0	0	0
TGME49_261770	0	0	0.002464990177	0	0
TGME49_262090	0	0	0.002191451082	0	0
TGME49_262125	0	0	0	0.003551935643	0
TGME49_262800	0	0	0.002887625691	0	0
TGME49_263633	0	0	0	0.005024701447	0
TGME49_264075	0	0	0	0.004353575334	0
TGME49_264100	0	0	0.002132308718	0	0
TGME49_264175	0	0	0	0.004659324314	0
TGME49_264230	0	0	0	0	0.01479185862
TGME49_264240	0	0	0.002368904172	0	0
TGME49_265065	0	0	0	0.005061035697	0
TGME49_266700	0	0	0	0	0.01424877635
TGME49_268240	0	0	0.002422442293	0	0
TGME49_268930	0	0	0	0.003942432081	0
TGME49_269100	0	0	0.00188913636	0	0
TGME49_269315	0	0	0	0.004802425082	0
TGME49_269413	0	0	0.002556575443	0	0
TGME49_269640	0	0	0	0.004542121536	0
TGME49_270820	0	0	0.002235111053	0	0
TGME49_271850	0	0	0	0.003365059237	0
TGME49_272620	0	0	0	0.005140446266	0
TGME49_272760	0	0	0.001911404426	0	0
TGME49_273075	0	0.001976795712	0	0	0
TGME49_273940	0	0.002602092721	0	0	0
TGME49_275400	0	0	0	0.004417515839	0
TGME49_275700	0	0	0.00214395059	0	0
TGME49_278180	0	0	0	0.002796373701	0
TGME49_278620	0	0.00236060019	0	0	0
TGME49_278710	0	0	0	0	0.01299074271
TGME49_280725	0	0	0.002365963442	0	0
TGME49_281030	0	0	0	0	0.01386409065
TGME49_281555	0	0	0.002449973827	0	0
TGME49_281590	0	0	0	0.004839781886	0
TGME49_283870	0	0	0.001741691511	0	0
TGME49_285445	0	0	0	0.005006871879	0
TGME49_285825	0	0	0.002368904172	0	0
TGME49_286040	0	0.003133070918	0	0	0
TGME49_288300	0	0	0	0.004802425082	0
TGME49_289027	0	0.002527309942	0	0	0
TGME49_289218	0	0	0.002368904172	0	0
TGME49_289270	0	0	0.002459949654	0	0
TGME49_289860	0	0	0	0.005109678805	0
TGME49_290250	0	0	0.002166739543	0	0
TGME49_290590	0	0.002373919498	0	0	0
TGME49_290923	0	0	0	0.004283951849	0
TGME49_293520	0	0	0	0.003140793893	0
TGME49_295130	0	0.002169241875	0	0	0
TGME49_296020	0	0	0.002001028602	0	0
TGME49_297390	0	0	0.002459949654	0	0
TGME49_297492	0	0	0	0.003140793893	0
TGME49_300370	0	0	0	0.004460233623	0
TGME49_301260	0	0	0.002367432281	0	0
TGME49_304980	0	0	0.002213527698	0	0
TGME49_306200	0	0	0.00241927201	0	0
TGME49_306570	0	0.002268964343	0	0	0
TGME49_306692	0	0.001993881761	0	0	0
TGME49_306870	0	0.002699594389	0	0	0
TGME49_307790	0	0.002493346008	0	0	0
TGME49_310173	0	0.002256283153	0	0	0
TGME49_310275	0	0.002163198935	0	0	0
TGME49_310515	0	0	0	0.004560125738	0
TGME49_311425	0	0.002525656935	0	0	0
TGME49_313220	0	0	0.002466678262	0	0
TGME49_313235	0	0	0	0.003290566609	0
TGME49_313775	0	0.002280689859	0	0	0
TGME49_315802	0	0.002471537609	0	0	0
TGME49_315855	0	0.002479252799	0	0	0
TGME49_316120	0	0.002376612762	0	0	0
TGME49_316380	0	0	0	0.003209186984	0
TGME49_316410	0	0	0	0	0.01012188544
TGME49_316890	0	0	0	0	0.01417054249
TGME49_320105	0	0	0.001646683692	0	0
TGME49_322110	0	0.00248392081	0	0	0
TGME49_322800	0	0	0	0.00511730964	0
TGME49_325600	0	0	0	0	0.01355402969
TGME49_328300	0	0	0	0.003980889066	0
TGME49_329500	0	0	0.002271355665	0	0
TGME49_252620	0	0	0.002205312119	0	0
TGME49_224080	0	0	0	0.004250419372	0
TGME49_211430	0	0	0.002433650572	0	0
TGME49_213360	0	0	0.00188913636	0	0
TGME49_271285	0	0	0.002292187506	0	0
TGME49_277950	0	0.00224046067	0	0	0
TGME49_286782	0	0	0	0.005050039069	0
TGME49_259590	0	0	0	0	0.0150730928
TGME49_321580	0	0	0	0	0.007257670521
TGME49_228680	0	0.002217363569	0	0	0
TGME49_251750	0	0	0.002424032736	0	0
TGME49_256040	0	0	0	0	0.01001912066
TGME49_266130	0	0.002192895737	0	0	0
TGME49_202340	0	0	0	0.00453701969	0
TGME49_228420	0	0	0.002403628786	0	0
TGME49_293450	0	0	0	0.004573128906	0
TGME49_325200	0	0.001993881761	0	0	0
TGME49_267045	0	0	0	0.003070324925	0
TGME49_239855	0	0.002425422705	0	0	0
TGME49_207700	0	0	0	0.004250419372	0
TGME49_325400	0	0.002571627335	0	0	0
TGME49_301170	0	0.002382029245	0	0	0
TGME49_238480	0	0	0.002501301811	0	0
TGME49_238490	0	0.002451846997	0	0	0
TGME49_238520	0	0.002265483602	0	0	0
TGME49_259270	0	0.002020337246	0	0	0
TGME49_273120	0	0	0	0	0.01644061545
TGME49_273110	0	0	0	0.004344677597	0
TGME49_214190	0	0	0.001833229254	0	0
TGME49_315345	0	0	0	0	0.01328492851
TGME49_221830	0	0.002382029245	0	0	0
TGME49_240240	0	0	0	0.004521824786	0
TGME49_220840	0	0	0.002887625691	0	0
TGME49_243120	0	0	0.00188913636	0	0
TGME49_278070	0	0	0	0.004910915011	0
TGME49_278300	0	0	0	0.004878142644	0
TGME49_278370	0	0	0	0.002390103775	0
TGME49_278380	0	0	0	0	0.009811930765
TGME49_278390	0	0	0.001900175695	0	0
TGME49_278430	0	0	0.00239135716	0	0
TGME49_295300	0	0	0	0.00368025911	0
TGME49_240370	0	0	0.002118800555	0	0
TGME49_286060	0	0	0	0.004868455502	0
TGME49_220425	0	0.002029386822	0	0	0
TGME49_262564	0	0	0	0	0.01406191427
TGME49_313170	0	0.002391605679	0	0	0
TGME49_355020	0	0	0.002173391742	0	0
TGME49_355250	0	0	0.002306876958	0	0
TGME49_224500	0	0	0.001695324172	0	0
TGME49_240575	0	0	0.00258190609	0	0
TGME49_261470	0	0	0	0.003298513271	0
TGME49_218290	0	0	0	0.00379003669	0
TGME49_219450	0	0	0.0023974665	0	0
TGME49_245752	0	0	0.002175623486	0	0
TGME49_266785	0	0	0	0.004580989031	0
TGME49_253925	0	0	0	0.003481876001	0
TGME49_318140	0.1914123741	0.22408118	0.1681142244	0.2512773949	0.1270300165
TGME49_259560	0.01663109068	0.01356507834	0.01618482717	0.02163100116	0.07654273637
TGME49_203170	0.2146823333	0.1003528868	0.2292169955	0.4604872846	0.2548534147
TGME49_222390	0.04522932688	0.0246581851	0.0323683628	0.08429570149	0.01014991745
TGME49_314320	0.01716776256	0.02130811552	0.0139562658	0.03206911347	0.02671496115
TGME49_290210	0.04008481925	0.03358821558	0.05187579438	0.06054882904	0.0247464792
TGME49_313070	0.01618668706	0.01090353962	0.01153256499	0.05043287918	0.02989704296
TGME49_263120	0.008421471643	0.02213807975	0.006404073991	0.01850459742	0
TGME49_204120	0.02876401414	0.0287220232	0.008736471749	0.04398808488	0.02839131613
TGME49_271460	0.08352465172	0.05341879993	0.07759834407	0.07584181345	0.1968064359
TGME49_236880	0.06339892144	0.05267535417	0.07955493112	0.02897415714	0.01169612297
TGME49_287460	0.1425074664	0.2149372476	0.1800736335	0.04368968058	0.0438115897
TGME49_305240	0.1224537774	0.100144798	0.09776197198	0.1425335847	0.173126597
TGME49_459740	0.02266371352	0.01175203393	0.02735656602	0.008104004383	0.02583598951
TGME49_228320	0.06462549797	0.05848607515	0.04520991489	0.07996281428	0.02584067267
TGME49_290720	0.1910901799	0.1309025842	0.1873079326	0.2110258996	0.2663984573
TGME49_310470	0.2624754009	0.3004090812	0.237363119	0.3038666049	0.3318213653
TGME49_202390	0.1712894867	0.1710514837	0.1747288275	0.02875918744	0.4286315972
TGME49_206400	0.009107811446	0.02018610468	0.006353712568	0.0172357442	0
TGME49_459700	0.1139488138	0.09308052052	0.1362088956	0.1467960976	0.1384850061
TGME49_243420	0.009001510098	0	0.01140783606	0.03115249914	0.0416292365
TGME49_321430	0.01018543869	0.007211500833	0.01407097834	0.02756846091	0
TGME49_265860	0.009558355078	0.01222562206	0.01580793707	0.01668477714	0
TGME49_260600	0.3552816621	0.4450067556	0.2794915935	0.2960457062	0.1634718296
TGME49_294760	0.009994362236	0.0162515222	0.01608437172	0.006881462291	0
TGME49_210220	0.01026893466	0.01087325116	0.01780092361	0.01214994227	0
TGME49_252450	0.009439542286	0.01925818936	0.006441782502	0.01006514764	0.02906023153
TGME49_461140	0.01044761233	0.007434994809	0.01622656735	0.02192144902	0
TGME49_318400	0.1592806238	0.08241491512	0.1927043671	0.1881081464	0.137495088
TGME49_288740	0.223441528	0.1153362072	0.2582309638	0.2688661169	0.2581643312
TGME49_268176	0.01089776664	0.01548329865	0.01760212019	0	0.01218823494
TGME49_252065	0.1471153436	0.1829383159	0.1304967372	0.0785594068	0.07965655176
TGME49_258790	0.06019945228	0.01383960851	0.0274023513	0.1028650652	0.2530840998
TGME49_275990	0.140033407	0.1487641982	0.1054740646	0.1618740526	0.03597117355
TGME49_310750	0.1841057451	0.1018335904	0.2137474951	0.2862207606	0.4050249879
TGME49_292260	0.01058615864	0.002564635683	0.002420855389	0.03305467364	0.07963456904
TGME49_312380	0.06255614312	0.04449909579	0.06195872062	0.15796892	0.01275236941
TGME49_315750	0.441919604	0.4943068383	0.5132897073	0.1329337375	1.174843164
TGME49_224240	0.1499725675	0.1534262392	0.1697878975	0.2132357885	0.03575793509
TGME49_211710	0.4516814764	0.3837178139	0.5131928752	0.6437577817	0.1820277438
TGME49_226850	0.06986052338	0.04769040385	0.1212122878	0.06666797574	0.03625621847
TGME49_281440	0.04589062196	0.05513217533	0.04274928759	0.0648870321	0.06438213127
TGME49_210980	0.2304733798	0.2444898249	0.1934748437	0.2025227217	0.2675844561
TGME49_355120	0.2824505223	0.2909409028	0.3385620307	0.2251646305	0.3023814575
TGME49_270830	0.04217249105	0.05056421836	0.02673772931	0.08692427597	0.02383300954
TGME49_220510	0.3102907467	0.4323861914	0.3019697075	0.1154363232	0.02340832351
TGME49_311150	0.06863888123	0.059565686	0.05989022955	0.05990888677	0.06237603013
TGME49_298030	0.03014274712	0.04267968726	0.02723338677	0.05028521146	0
TGME49_293060	0.2321562785	0.2334536234	0.3203179927	0.2062294818	0.06860439911
TGME49_254400	0.07392348599	0.03940660297	0.07944928203	0.101540946	0.05039182335
TGME49_258740	0.09039238338	0.09257024472	0.0930135506	0.1519837053	0.04327229835
TGME49_266280	0.1082228983	0.07406380301	0.1352046189	0.136081996	0.2384675596
TGME49_214140	0.346332577	0.3626970966	0.2425475818	0.3199388682	0.7219518374
TGME49_235350	0.1244143711	0.1712336087	0.1004780399	0.1448661682	0.05390803159
TGME49_238850	0.05641193764	0.1672268896	0.01155942849	0.004799355764	0.01322664538
TGME49_205290	0.06346613809	0.08294548774	0.06185910089	0.03695751432	0.1376648898
TGME49_267580	0.03921838837	0.03520436098	0.02992007357	0.039195245	0.02899660304
TGME49_210270	0.09412554217	0.01872829319	0.07018765632	0.07169391557	0.5046584563
TGME49_223690	0.2498554588	0.2828463671	0.219914972	0.20288162	0.1753559839
TGME49_306330	0.04758267967	0.05395919886	0.03783140004	0.05563833858	0.1676797352
TGME49_316760	0.04866066283	0.0479028644	0.04268777124	0.0979620567	0.06217128031
TGME49_202850	0.03956027615	0.0418902507	0.04205995439	0.009242281868	0.008318197561
TGME49_228040	0.02012725628	0.02105143989	0.01930366828	0.04556773442	0.03026624972
TGME49_290330	0.04020968506	0.02847238982	0.04184944747	0.03245916483	0.03728417513
TGME49_278500	0.03820197939	0.03614625858	0.02021170602	0.03269700345	0.09969389806
TGME49_305310	0.01866058096	0.01347800697	0.02017749	0.0519936259	0.01924276358
TGME49_272740	0.0315570733	0.03425878196	0.03672305461	0.05653357966	0
TGME49_225780	0.03788974816	0.04113616055	0.01631060935	0.03704227365	0.0968992231
TGME49_212100	0.03389007856	0.0572190534	0.0412967856	0.0150127728	0
TGME49_258950	0.1579101893	0.1219824865	0.2186304136	0.1923176583	0.03575606872
TGME49_254460	0.1518145242	0.2298404757	0.1486026646	0.09189875316	0.08792681867
TGME49_309870	0.05363883957	0.05683292329	0.04646374743	0.04643537187	0.0285176533
TGME49_212250	0.2011668823	0.2309365775	0.1943339502	0.2594282813	0.08216808435
TGME49_225905	0.05054860169	0.06502025437	0.04229935027	0.007443240026	0.04160264287
TGME49_221610	0.07081274913	0.04263722554	0.07120897253	0.1072984204	0.2467440487
TGME49_263650	0.06820611386	0.05437762223	0.06215659397	0.07410361181	0.05062674862
TGME49_276930	0.1494408301	0.2974572	0.0698895968	0.01454136993	0.01977558194
TGME49_308040	0.1659196647	0.2413431724	0.1567503244	0.1368737652	0.115516729
TGME49_230500	0.04958131975	0.05192039671	0.03836353063	0.03716443198	0.035840241
TGME49_264680	0.05371115784	0.0430917833	0.04256589194	0.04844011158	0.06819173907
TGME49_279550	0.1457341051	0.1545870404	0.1103060727	0.249970673	0.1479657055
TGME49_258720	0.5812508281	0.6466746079	0.6523110803	0.4605220011	0.3823151076
TGME49_200460	0.1606459638	0.1389275242	0.1418604298	0.1554738706	0.2341701138
TGME49_213880	0.02106368723	0.02902613832	0.03506387904	0.02270579112	0
TGME49_266950	0.03089850673	0.02282321936	0.01993131179	0.04232100702	0.04680848823
TGME49_297690	0.05406188095	0.03903881087	0.0410778068	0.04717655047	0.1062601088
TGME49_217620	0.03306725837	0.02698419829	0.03700895162	0.04682367989	0.08211540845
TGME49_223070	0.3212234905	0.1609882874	0.3437348053	0.5187878163	0.2344859681
TGME49_253120	0.01566497694	0.01115725106	0.006407506106	0.01265416763	0.01638892454
TGME49_215130	0.1446099902	0.112430884	0.1830897007	0.2030300647	0.1016932466
TGME49_223950	0.07397295299	0.04445399667	0.06634752486	0.1112177257	0.2913103315
TGME49_281910	0.09034871162	0.09577632578	0.07651626476	0.08552529588	0.08175109874
TGME49_267830	0.07405607515	0.035879037	0.07642656779	0.09417702871	0.08411218982
TGME49_300310	0.2168179967	0.09924197117	0.2107570723	0.3339860544	0.3178027406
TGME49_278490	0.1849702108	0.1601221785	0.1643847929	0.207360252	0.1418748876
TGME49_271170	0.02068734126	0.02413148187	0.0282318223	0.02545795831	0.05700083745
TGME49_309830	0.02064930413	0.007033161147	0.04164331173	0.04754620072	0
TGME49_202400	0.01317459341	0.01398912104	0.004477442551	0.007714862889	0.01478448448
TGME49_267000	0.01354554417	0.006162662628	0.01799562636	0	0.01204068101
TGME49_285170	0.01331335281	0.01138544238	0.002494242293	0.02026992679	0.01417054249
TGME49_205710	0.08138342955	0.09770541129	0.08150809371	0.1119180423	0.01328492851
TGME49_286910	0.0134085056	0.004619269553	0.01347865493	0.0174979467	0
TGME49_274190	0.021872684	0.02568467087	0.0224897344	0.04720380083	0
TGME49_229310	0.01327713551	0.002313334541	0.01177191458	0.02531832178	0
TGME49_300230	0.01238819626	0.01468597679	0.004439919977	0.01574455819	0
TGME49_213060	0.02315598458	0.0329615324	0.0275213665	0.02276226706	0.0158170924
TGME49_297800	0.04088268202	0.008572160533	0.02598018893	0.1109132875	0.01269120559
TGME49_314770	0.01227124178	0.03235348389	0.01202801656	0.00479018731	0
TGME49_201240	0.02076441374	0.004896230669	0.002400540969	0.005343863636	0.1796832528
TGME49_212110	0.01239193341	0.01519740747	0.008708915348	0.008901660311	0
TGME49_300250	0.3367554773	0.4656346765	0.3357981545	0.2339229381	0.1667899005
TGME49_219678	0.01204377623	0.01680283738	0.02221399356	0.01853454177	0
TGME49_203420	0.02430846765	0.02033837327	0.03960500507	0.02995238875	0
TGME49_264950	0.01232117686	0.004060996265	0.0116467715	0.02245682722	0
TGME49_256910	0.02010384349	0.002046150872	0.02013180179	0.0299317452	0
TGME49_269430	0.0106451983	0.006044590626	0.004740883566	0.02049431238	0.02477022199
TGME49_255450	0.02441946272	0.0142233333	0.004368697894	0	0.2442082627
TGME49_242435	0.02561261689	0.01866714055	0.02480253088	0.02859941155	0
TGME49_247485	0.02134935383	0.00946831604	0.02005620008	0.01308117335	0.02501421299
TGME49_231400	0.01181468074	0.01386920946	0.01475902747	0	0
TGME49_201220	0.02021178064	0.002371236126	0.01385398158	0.01706610329	0.1069556037
TGME49_305635	0.01339809084	0.009976292438	0.01346656493	0.03048568233	0.0287418392
TGME49_267020	0.01343804198	0.01623020225	0.01192412294	0.0279930447	0.009479432408
TGME49_241300	0.01369893775	0.03659854597	0.01080794282	0	0
TGME49_244210	0.0997312499	0.1101869289	0.107038196	0.1374494113	0.02819900217
TGME49_224150	0.01973437351	0.004647203807	0.01795185346	0.01647095157	0.07083263995
TGME49_310930	0.09279865762	0.04128202857	0.0582379859	0.08436338058	0.4911637392
TGME49_264805	0.02312018535	0.02972288776	0.03786985635	0.007949274521	0
TGME49_292610	0.04047130745	0.03671266581	0.05307570153	0.04489052225	0.1227780994
TGME49_217660	0.006218548258	0.01619298636	0.002497763388	0.01348602244	0
TGME49_275470	0.006393171895	0.01469280061	0.009200673169	0.004036304929	0
TGME49_247700	0.0694450644	0.09641669564	0.08199157438	0.05307552483	0.02262132487
TGME49_265810	0.03916993986	0.04251513153	0.05292467418	0.03705597498	0.03918074746
TGME49_257750	0.02377314922	0.02335893134	0.02616073989	0.01645622311	0
TGME49_216280	0.006600836222	0.007378837144	0.008929832994	0.01786363853	0
TGME49_262750	0.006507327236	0.0130630425	0.007042168204	0.00905051345	0
TGME49_301000	0.006274023438	0.004634664754	0.009391296835	0.02042730396	0
TGME49_268290	0.00653115212	0.01168051863	0.006587948689	0.009840395566	0.0139434399
TGME49_223900	0.00579534807	0.004212827045	0.008955059349	0.01852179695	0
TGME49_273580	0.01870711542	0.004474143985	0.02487644209	0.01501474788	0.02438924952
TGME49_316110	0.006699012045	0.00964175414	0.006590154636	0.01180588538	0.008410171473
TGME49_300790	0.006579488288	0.007711381509	0.009366410648	0.01114714545	0.01142584435
TGME49_286460	0.2187551819	0.2536357629	0.2455403123	0.1091560255	0.04186810576
TGME49_227640	0.01363536471	0	0.006359174287	0.04040389776	0.08694317754
TGME49_230580	0.006845988721	0.007076617976	0.01590741592	0.004610191638	0
TGME49_297820	0.006666980611	0.004908088118	0.01714053963	0.004871677265	0
TGME49_200450	0.006534214974	0.005415397919	0.01304283788	0.0104897872	0
TGME49_239350	0.006488130869	0.008833300478	0.01328715267	0.003597929841	0
TGME49_224310	0.06070966532	0.05932770083	0.06394363585	0.09601900856	0.02253616146
TGME49_288890	0.006493955702	0.008844991821	0.00410859248	0.0172795955	0.009396425141
TGME49_306720	0.006775789832	0.005529103579	0.008076094141	0.01625844994	0.01206898291
TGME49_258100	0.006790390648	0.006899946082	0.008540312883	0.01554104428	0
TGME49_257340	0.03812406875	0.01192296075	0.01941866592	0.05946044662	0.1099082984
TGME49_244130	0.01431581122	0.00815716107	0.01363298829	0.02059571062	0.0567914532
TGME49_217610	0.007223496241	0.01916814673	0.007277899538	0	0
TGME49_268740	0.2346196227	0.2942386026	0.2081873668	0.2245936369	0.2655727165
TGME49_458190	0.007129857662	0.007046885794	0.004442985212	0.02527458903	0
TGME49_232600	0.02380411722	0.01641105628	0.0218597407	0.04068402283	0.07837627309
TGME49_233540	0.007122271955	0.002552555532	0	0.02529765297	0.05541426838
TGME49_236220	0.00699042854	0.002163198935	0.01123072412	0.0148228993	0.01412550554
TGME49_262700	0.007380594937	0.001972971422	0.007044262707	0.02492689167	0.01311228289
TGME49_292170	0.04963491162	0.009247151254	0.06083003381	0.06966285682	0.09221720472
TGME49_222130	0.374961939	0.4805724026	0.3485284306	0.3279379236	0.2930723684
TGME49_320300	0.2602067505	0.1879046699	0.2763618707	0.3308118785	0.1408416358
TGME49_240470	0.2096527033	0.1043883858	0.1985711895	0.3618735989	0.1970918225
TGME49_240380	0.1964613915	0.07025031384	0.1861447984	0.4294026361	0.4611071952
TGME49_281420	0.02494910022	0.0190800271	0.02649640876	0.06169995089	0.03054030069
TGME49_307980	0.03825937309	0.03276568627	0.03803973555	0.05980481998	0.01553303668
TGME49_265150	0.02673561516	0.01644780692	0.0318708422	0.05152894642	0.0580563903
TGME49_255470	0.02545081155	0.01354183875	0.03671440519	0.04553500393	0.0451855735
TGME49_305320	0.1126005197	0.1541679944	0.1143858986	0.121023789	0.0220845654
TGME49_218300	0.3434832542	0.3353524464	0.4184512753	0.3230710842	0.2868192868
TGME49_218000	0.06596771919	0.06719490984	0.05596158696	0.07028716088	0
TGME49_204160	0.1467520134	0.1529922377	0.1881794236	0.1378350981	0.08694861494
TGME49_246100	0.04077283572	0.02809509548	0.04087352249	0.04976315266	0.1446074546
TGME49_244520	0.03772863086	0.01934604503	0.03647201883	0.05496424439	0.02695974716
TGME49_269417	0.06719746487	0.05858011085	0.06544971857	0.1143770403	0.07737669072
TGME49_261210	0.1114429978	0.09871430519	0.1123386402	0.183045102	0.1916430634
TGME49_280540	0.09951435484	0.058145354	0.09794473033	0.07667943237	0.2612124735
TGME49_310730	0.06440870399	0.01674353378	0.06259020787	0.07965300772	0.2182856087
TGME49_238030	0.03390149386	0.004826589242	0.02768284152	0.07918496302	0.0500545381
TGME49_234370	0.1702198529	0.05426226094	0.3116235761	0.1758809406	0.1623105039
TGME49_234190	0.1060860636	0.0460249617	0.07994459685	0.3134865807	0.1300666038
TGME49_267460	0.02681934423	0.02004866374	0.005367799184	0.07863489541	0.09587031304
TGME49_225440	0.0284411503	0.021464057	0.02858186244	0.05387567057	0.01466803664
TGME49_270120	0.1344878268	0.08089305556	0.1178404014	0.1774108511	0.5320537936
TGME49_217580	0.102945228	0.1332033398	0.09464291803	0.1291775336	0.01468243654
TGME49_211440	0.06014475205	0.02528397863	0.04822542344	0.1135890961	0.03551188176
TGME49_300110	0.03218488223	0.01761390091	0.04357626494	0.04261058648	0
TGME49_316730	0.1679621935	0.1555260752	0.1637110564	0.1706013312	0.1042459984
TGME49_277930	0.01646079455	0.006755317066	0.02021713904	0.04912350438	0
TGME49_202690	0.1224497533	0.1421331076	0.1210750558	0.1409244028	0.08040814183
TGME49_206580	0.0561308466	0.05555254487	0.06506823548	0.08806834206	0.04356830167
TGME49_215500	0.01738270085	0.002275976727	0.03594103448	0.02835835294	0
TGME49_206660	0.06283566154	0.07458307997	0.05244769541	0.0489284085	0.04343834914
TGME49_221440	0.04679704222	0.02405700657	0.03822359204	0.09157902015	0.1652308914
TGME49_299180	0.05062977689	0.02130299389	0.04887335176	0.05842160046	0.09515473519
TGME49_461290	0.01740808287	0.02241108932	0.01540039876	0.02719093771	0.01638892454
TGME49_278760	0.04071381464	0.02775030644	0.04650468601	0.02920304762	0.02872601497
TGME49_246475	0.02934685905	0.01397586107	0.02560692017	0.04868528761	0.02465924206
TGME49_238050	0.2716681573	0.2607204898	0.2553861207	0.3803023135	0.3151810072
TGME49_243760	0.03169863832	0.02891342298	0.03873689357	0.05796630558	0.01249469277
TGME49_290940	0.245409421	0.1970991337	0.2704193275	0.3071487706	0.4563402888
TGME49_316520	0.09484339131	0.04132530981	0.1526182516	0.152383678	0.0170601036
TGME49_210482	0.03294402957	0.03074704225	0.05242303613	0.02816377848	0.0177146227
TGME49_247540	0.03249623052	0.02267620951	0.05256375167	0.04085398419	0.02872523914
TGME49_258105	0.0489499783	0.02967371672	0.04204972428	0.07433703826	0.02231398512
TGME49_315660	0.0308978137	0.01581942539	0.03352706903	0.07434097749	0.01430167064
TGME49_459610	0.06902098158	0.06164831924	0.03970952528	0.0937683573	0.033595211
TGME49_227615	0.03304081211	0.04327414557	0.03864824657	0.02477214618	0
TGME49_280810	0.1489811349	0.08746466717	0.1302986685	0.1827560785	0.3699097836
TGME49_239540	0.09475806385	0.07088244257	0.07685408092	0.117644649	0.1565133555
TGME49_461350	0.02425491498	0.01930378492	0.01210862567	0.04031016051	0
TGME49_310500	0.1249203313	0.06668890314	0.1274551543	0.2849046575	0.02431021346
TGME49_257720	0.04772849209	0.03626025252	0.04575013459	0.05050162797	0.03104924999
TGME49_226340	0.1513638608	0.0862380087	0.09839603973	0.1490895629	0.6425995171
TGME49_308010	0.05399158646	0.03738900674	0.01594457705	0.02623066309	0.3558607423
TGME49_204350	0.02274270062	0.006365133062	0.0243795989	0.03204874114	0.01468243654
TGME49_314100	0.2791727693	0.3041192074	0.2892350003	0.3518559523	0.1140876608
TGME49_232680	0.0324705689	0.03912628261	0.03398383042	0.04987515931	0
TGME49_267330	0.07512443756	0.06351300387	0.0740260342	0.110667074	0.103469381
TGME49_297430	0.9717648946	1.105543509	0.9184219266	0.9984424935	0.7038032874
TGME49_316430	0.03346495797	0.02860414155	0.04749377585	0.03948025637	0.0261043488
TGME49_214780	0.1290512057	0.06525785927	0.2027127278	0.1794669725	0.01048869957
TGME49_295720	0.04951027652	0.02002785825	0.07862043738	0.03893725173	0
TGME49_243540	0.03550019319	0.01636009886	0.05335598525	0.07259229806	0.01385804292
TGME49_295750	0.002834821741	0.004466553394	0.005569721041	0.004364778727	0.01587226404
TGME49_260370	0.06487178171	0.03110460938	0.07962464946	0.1120409566	0.1404807245
TGME49_263340	0.002971959385	0.00440869017	0.004805727602	0.008237251527	0
TGME49_300010	0.002924106486	0	0.009510001493	0.004560125738	0.009479432408
TGME49_233300	0.003392503188	0.007370899588	0.004480922509	0	0.01255772196
TGME49_253920	0.003218436366	0.007084520114	0.004282093685	0.004422197923	0
TGME49_202880	0.003180681863	0.009960708704	0.001976420022	0.004166119906	0
TGME49_222260	0.00312507212	0	0.006573287304	0.01235901295	0
TGME49_282230	0.003084917136	0.002274803245	0.007149735453	0.006527344097	0
TGME49_324300	0.003073730041	0.004803215731	0.006418342886	0.003741041909	0
TGME49_290280	0.002992274878	0.004927842872	0.006296624846	0.004478427146	0
TGME49_216290	0.002988434187	0.002302288385	0.006534628247	0.008193613556	0
TGME49_304480	0.002740501156	0.002439985711	0	0.01962900919	0
TGME49_316320	0.003560563085	0	0.01390776361	0	0
TGME49_265205	0.003444940499	0	0.002425626733	0.0182300428	0
TGME49_203340	0.00341936618	0.004900783122	0.00462587223	0.008117076568	0
TGME49_314270	0.003344371516	0	0.004901630061	0.01401789288	0
TGME49_258200	0.003016946812	0	0.00330743556	0	0.04573470539
TGME49_254910	0.002809971242	0	0	0.01100409807	0.03585822599
TGME49_458420	2.169083178	2.17363118	1.914770954	2.601004763	2.567002183
TGME49_289130	0.01019765639	0.01109596538	0.004393079792	0.003903668498	0
TGME49_246070	0.02233368425	0.009656362122	0.03392556091	0	0.05221778496
TGME49_239090	0.003619934838	0	0	0	0.08217279818
TGME49_255210	0.003542941145	0.006415838424	0.002380790628	0.003369274034	0.01549867895
TGME49_261018	0.004744421333	0	0.0116370732	0.00458361888	0
TGME49_322400	0.003631740886	0	0.00241140745	0.006545801567	0.03186576194
TGME49_291340	0.01057574021	0	0.004766568864	0.02579526649	0.0150730928
TGME49_202290	0.06735708347	0.05584195067	0.06239217759	0.1410059685	0.05678060708
TGME49_257960	0.01016236094	0	0.004760792106	0.02095215373	0.02609553005
TGME49_222170	0.523025867	0.6310508914	0.5378509371	0.309879683	0.0863662506
TGME49_282170	0.221571112	0.2364075046	0.2050109756	0.2804912179	0.2194651442
TGME49_232530	0.01009685832	0.007157481292	0.008783269393	0.003224094399	0.01357671381
TGME49_355140	0.03872727093	0.04671247312	0.04423914145	0.02606957097	0.1351273124
TGME49_268790	1.456925837	1.415864248	1.335916142	1.997346748	1.129340747
TGME49_225745	0.07427439409	0.06573473683	0.08735401428	0.09407123289	0.1163977745
TGME49_239770	0.01909743488	0.03039791964	0.02571696346	0	0.02720189396
TGME49_246690	0.02027109675	0.01108349091	0.0330168167	0.03489386907	0.01502634097
TGME49_284780	0.06118225213	0.03654919238	0.0685349875	0.09368862413	0.1666062934
TGME49_233090	0.009258913859	0.005109548836	0.006982964794	0.01631204455	0
TGME49_256100	0.009669820741	0.006828651087	0.01932080891	0.01770282647	0
TGME49_270550	0.01751230047	0.006801676633	0.009347724404	0.02614632614	0.02282466128
TGME49_231996	0.01538350304	0.002238228548	0	0	0.190210671
TGME49_311920	0.08693834089	0.0700685935	0.05641624744	0.08821246233	0.2377606433
TGME49_222050	0.1325424508	0.0987817041	0.1147684378	0.1903729725	0.1429251774
TGME49_314780	0.1041743303	0.1602593789	0.08158656064	0.0797313594	0.08520531505
TGME49_270320	0.06464595962	0.07666115749	0.06644565205	0.07237928222	0.06693465121
TGME49_281600	0.02269809677	0.04665862916	0.007273149503	0	0.03984770997
TGME49_305490	0.04023758537	0.05727341551	0.03896529807	0.06173010979	0
TGME49_309000	0.01031370712	0.009058618068	0.01144152559	0.02082935552	0.01628715432
TGME49_216580	0.1689810769	0.115900661	0.1411659448	0.1914597648	0.3748071564
TGME49_205320	0.4304393293	0.4847234958	0.3758245018	0.3212990439	1.116893244
TGME49_313322	0.009878236207	0.009134587981	0.01635205059	0.01562081912	0
TGME49_319590	0.01671590289	0	0.01890644725	0.02980212511	0.009396425141
TGME49_291070	0.02050194176	0.005927941753	0.03460462081	0.04022007879	0
TGME49_223840	0.03754691119	0.03870267911	0.05508942146	0.03832300414	0.01566410774
TGME49_260830	0.01688680712	0.01662558638	0.01806850227	0.004197622763	0
TGME49_289730	0.1243966408	0.06329383538	0.1481608451	0.2286539581	0.09196125472
TGME49_213720	0.01627685857	0.005004850852	0.01791330377	0.0253233773	0
TGME49_223095	0.01104509875	0.001972971422	0.01386401585	0.03095853055	0.01217990511
TGME49_226610	0.01006548609	0.005069802702	0.01543364773	0.02145562063	0
TGME49_236990	0.01572794122	0.009342186515	0.0169050769	0.01437852319	0.01448473704
TGME49_268820	0.009944721128	0.002542354473	0.0212556614	0.007992518719	0.0248711107
TGME49_211270	0.01630228171	0.007077069856	0.02396959387	0.007733908952	0
TGME49_254900	0.02112312617	0.004275402737	0.01414635918	0.04019588463	0.1305953321
TGME49_309960	0.07322032594	0.07369068736	0.08954767021	0.09298085108	0.0395004713
TGME49_209095	0.06180244068	0.03230028295	0.0778846831	0.09750424786	0.07369648277
TGME49_259172	0.03237454107	0.02375155222	0.02524292077	0.04064722002	0.04697137091
TGME49_232380	0.02119368135	0.04045230706	0.02490086266	0.01742225452	0
TGME49_224730	0.1095068364	0.07446025758	0.08574829498	0.1707227815	0.05658786891
TGME49_239710	0.04191575588	0.03373012546	0.05159413069	0.07756793389	0
TGME49_295590	0.02258096337	0.03252151152	0.01634899837	0.04285134057	0
TGME49_320160	0.04282772467	0.04384106392	0.05486201833	0.05157486532	0.01129521284
TGME49_292140	0.06956320888	0.04755639941	0.04824162894	0.1618198668	0.1137134816
TGME49_297850	0.05472755086	0.05168588029	0.08065426833	0.02564311259	0.1430957608
TGME49_221170	0.07943055628	0.0496208969	0.05916333617	0.1390265054	0.08054343309
TGME49_318880	0.04646756857	0.1116056408	0.02514174397	0.0156320131	0.02361410763
TGME49_240540	0.1250060226	0.09043836194	0.1475485573	0.1500672015	0.03388759148
TGME49_249360	0.4578480407	0.496671451	0.4105924271	0.4381499991	0.2857921266
TGME49_224275	0.02276889172	0.004432805724	0.007161779754	0.1035516782	0.02239690832
TGME49_235460	0.0239504414	0.03169566454	0.02576085472	0.01694614407	0.05091335576
TGME49_315860	0.04632001897	0.02386269115	0.07559261465	0.06208693526	0.03539613954
TGME49_243750	0.0310816156	0.03431839235	0.02335719416	0.03259995429	0.02188538157
TGME49_316710	0.7260740378	0.9905389425	0.6846000749	0.3470616822	0.2203593777
TGME49_236050	0.02366268052	0.03717545904	0.02024742103	0.02542247408	0.018198764
TGME49_228390	0.15874436	0.1317027006	0.1670063802	0.177594947	0.1036585069
TGME49_310060	0.1012253428	0.06423845624	0.0774060603	0.2656348834	0.02405706704
TGME49_461300	0.04207213167	0.03857198726	0.02015258788	0.09373447947	0.1088716024
TGME49_293240	0.03980124521	0.02225195263	0.0431475366	0.02528507907	0.2307612806
TGME49_461230	0.05385697011	0.05304527789	0.02622332638	0.08508134538	0.03314944304
TGME49_297830	0.1179047485	0.1324160922	0.07897531934	0.1320650187	0.05330658142
TGME49_215420	0.04321148132	0.02271528036	0.04364138089	0.08311237755	0.09165637895
TGME49_280390	0.07692388212	0.03034113644	0.07076830394	0.1387674579	0.1134638131
TGME49_221640	0.2287624539	0.2167274543	0.2491969164	0.1726622559	0.1134767415
TGME49_255300	0.05965121245	0.05815810794	0.05019762897	0.03121757342	0.1098461327
TGME49_255180	0.03813306729	0.0167140037	0.02779279646	0.09082622859	0.05329676713
TGME49_216930	0.2922892824	0.1832813251	0.2201648873	0.3648632913	0.9390767252
TGME49_201130	0.1548296448	0.1680783467	0.1960965613	0.05344064612	0.02820585161
TGME49_289745	0.07900325904	0.09397126435	0.05833899252	0.07861852467	0.02489671194
TGME49_286410	0.06076565871	0.04926392773	0.05624944686	0.0669381772	0.01263317669
TGME49_247370	0.02662695976	0.009506023985	0.02437247956	0.04588792222	0.008318197561
TGME49_228250	0.1485725364	0.1127615175	0.1740603655	0.2292611922	0.01154265683
TGME49_286620	0.04880651406	0.03922177969	0.05952413689	0.07478468741	0.04834425252
TGME49_460170	0.2508497241	0.2678386337	0.2119020313	0.3168733309	0.3583125697
TGME49_315310	0.1055739439	0.1091560896	0.1012126976	0.1576151141	0.04186367773
TGME49_305010	0.02544296412	0.01766366362	0.0306857355	0.05358869355	0.01025093044
TGME49_272000	0.02642417651	0.03493381585	0.02709804189	0.02409042684	0.03459465746
TGME49_286735	0.07334474892	0.06009763635	0.06163791457	0.08126801405	0.0652502546
TGME49_246982	0.05668329455	0.02848307106	0.08148225412	0.0842377177	0.06038208055
TGME49_202440	0.05433231699	0.03089438737	0.06444688459	0.06899396722	0
TGME49_253740	0.02653976458	0.01678402812	0.03295886153	0.01407737027	0.02518334748
TGME49_301355	0.07944168814	0.001878449185	0.1082440844	0.07620798265	0.2829948697
TGME49_242020	0.02706626104	0.02279799761	0.02756973936	0.01891775548	0
TGME49_205200	0.1766250489	0.1724164286	0.2029735322	0.1106123913	0.09562804813
TGME49_266300	0.1206754972	0	0.002376309827	0.002829311574	2.212788421
TGME49_223680	0.1820647739	0.1595343623	0.2007590507	0.2380877383	0.1362820591
TGME49_355010	0.1618364498	0.1855078543	0.1821288259	0.1374227038	0.1413268736
TGME49_207965	0.01216482006	0.01182446617	0.02574880229	0.01280038979	0
TGME49_260480	0.01205687816	0.006669261319	0.01594134102	0.03058354104	0.02848112991
TGME49_287200	0.01219002998	0.002532291101	0.00879736383	0.0437990084	0.05744318478
TGME49_270750	0.03668746143	0.02161699642	0.05017931529	0.02757863162	0
TGME49_248780	0.02885929138	0.0374243055	0.02923031682	0.04741682049	0
TGME49_254080	0.1810205773	0.243649456	0.09879181206	0.160577683	0.5266010095
TGME49_460780	0.01222118095	0.01303837195	0.01581698437	0.02254759517	0
TGME49_246500	0.1891112949	0.1594842718	0.1805382126	0.2267954898	0.1661718251
TGME49_270640	0.2816307758	0.1386532436	0.2464957492	0.4484622796	0.5650644015
TGME49_264120	0.01267387486	0.02768087509	0.01132929253	0.0007628746054	0.01311228289
TGME49_274070	0.01282039214	0.002094457328	0.02962085131	0.009458116826	0.008410171473
TGME49_289670	0.05998509537	0.05233616947	0.07291230803	0.08856195434	0.04027986017
TGME49_216810	0.286727577	0.2854591879	0.2735340193	0.3094952903	0.4712815956
TGME49_255670	0.04561203381	0.02200343539	0.05309808656	0.06709498787	0.008410171473
TGME49_355220	0.3914536339	0.3711735985	0.4909658885	0.2214860248	0.2270528502
TGME49_219460	0.01355014898	0.0144744105	0.02260048724	0.009713374284	0
TGME49_210778	0.01293977692	0.01844940228	0.01377333516	0.02148004725	0
TGME49_306560	0.02912866585	0.02017002584	0.0321186527	0.071201332	0
TGME49_461340	0.1530115103	0.1397566683	0.1015573635	0.22894007	0.2043538108
TGME49_225090	0.0506724252	0.03899277682	0.06481966057	0.05909138111	0.05640072614
TGME49_316700	0.0441613764	0.02519795429	0.06113523723	0.050055827	0
TGME49_295000	0.03012769739	0.01512848371	0.05189284855	0.03443111107	0.03011953102
TGME49_209950	0.4035720654	0.3101719694	0.3202041799	0.6092429564	0.5934115101
TGME49_251470	0.1585100416	0.1839973451	0.1197584511	0.2145821575	0.289655048
TGME49_320525	0.06089732149	0.04266810847	0.08982912823	0.06781807175	0.06261368747
TGME49_256830	0.0306774194	0.01595278825	0.03699050968	0.07579069485	0.04336065186
TGME49_313090	0.03967609754	0.0201546111	0.02564215992	0.06902194698	0.04807441438
TGME49_248270	0.1231270723	0.1378231052	0.1537762436	0.108330636	0.05601186229
TGME49_263400	0.06137212048	0.01637622346	0.07246351004	0.1209601225	0.06508265962
TGME49_216680	0.08116969757	0.02605663475	0.07635179476	0.1795235907	0.1539439442
TGME49_273070	0.2669441826	0.3299306336	0.2179231667	0.3069002426	0.2076282337
TGME49_238200	0.1883233681	0.1506808149	0.2323493004	0.2772045879	0.06145537109
TGME49_216670	0.437296796	0.2714768758	0.5396658605	0.5497237284	0.6802159739
TGME49_270560	0.08597483204	0.1109840247	0.08488556228	0.08757621371	0.08132288586
TGME49_220520	0.1358097547	0.135845716	0.1171827582	0.1661626543	0.05496817068
TGME49_246220	0.02874274331	0.01838571258	0.04897418435	0.02845087448	0.02233517878
TGME49_301130	0.1517402391	0.1308096316	0.1223085135	0.152254704	0.3964402501
TGME49_233080	0.1074462971	0.13796349	0.1036731489	0.132812196	0.01232801807
TGME49_214250	0.5682154716	0.5682756395	0.5625485329	0.591345694	0.7953896723
TGME49_315600	0.04885232833	0.01008874493	0.06941689597	0.06946879665	0
TGME49_200480	0.01987933453	0.002524007591	0.01741987306	0.04750646619	0
TGME49_306310	0.08606576701	0.0379096466	0.1034797429	0.1301439574	0.011984625
TGME49_285480	0.02039426006	0.0157174089	0.01379974624	0.02093095668	0.02587879008
TGME49_203490	0.04096571292	0.03480679715	0.02980654686	0.05081441531	0.02599077299
TGME49_273560	0.08055171291	0.036415195	0.06965941983	0.02111997193	0.5003066248
TGME49_201390	1.172262711	1.756480424	1.083489018	0.3534431084	0.1560290461
TGME49_460630	0.1310956151	0.1084284061	0.1530915979	0.1387986553	0.007080691972
TGME49_204040	0.01939224348	0.01425789087	0.02474956813	0.008813915738	0
TGME49_294930	0.2447649296	0.2071486727	0.2612722892	0.2460305023	0.1803301572
TGME49_282130	0.1438639532	0.07003431655	0.2337629857	0.1278559464	0.04018064121
TGME49_234980	0.08864145523	0.1233814722	0.07645341899	0.08664887926	0.0704127034
TGME49_248677	0.01544982066	0.007634522696	0.03738495684	0.00926008688	0.008318197561
TGME49_222960	0.03858957931	0.02173386717	0.02672774576	0.07250585528	0.05012139122
TGME49_265040	0.09435839816	0.03019541413	0.08866552701	0.1539342016	0.405010196
TGME49_228330	0.06743711325	0.0555379218	0.06755366714	0.09672507882	0.1168727978
TGME49_208050	0.06069517836	0.01010481522	0.08103861004	0.151532527	0
TGME49_245748	0.01545983624	0.01445392836	0.03623989864	0.003809266264	0
TGME49_248790	0.03609409955	0.04317363569	0.03686849338	0.06028014652	0.0163786516
TGME49_261075	0.03403510355	0.006214357042	0.05752778797	0.07833459634	0
TGME49_294310	0.03424996347	0.02175060868	0.04297585187	0.07163262795	0.01025093044
TGME49_257510	0.0193349129	0.01429369937	0.01675633595	0.02078601798	0.0269245233
TGME49_269140	0.1724866564	0.0717212151	0.1817324154	0.3624863077	0.2384615611
TGME49_249860	0.155962085	0.1123431583	0.1214560979	0.2358896208	0.2446610471
TGME49_264000	0.2051451001	0.07490660509	0.2588471409	0.3275577624	0.08012495654
TGME49_270000	0.01829910988	0.01604667271	0.01240445241	0.03231058121	0.01367439393
TGME49_247670	0.1074294447	0.08394631932	0.1258266901	0.09487737733	0.09186414647
TGME49_285880	0.02781399986	0.01847479278	0.01992120552	0.04459793567	0.02666385063
TGME49_224850	0.6868502908	0.8279812554	0.6226620878	0.6041830487	0.7439862343
TGME49_241175	0.0450625082	0.05437613749	0.0341779764	0.02598382251	0.01476977059
TGME49_307850	0.06826364373	0.05068093982	0.06680378826	0.09965279242	0.1658147633
TGME49_243610	0.04752780238	0.05788056854	0.04474203082	0.03611057131	0
TGME49_210390	0.1671831354	0.1491562131	0.2038245676	0.09482616915	0.06111309079
TGME49_215050	0.02759753777	0.01439955161	0.03236324824	0.04464795247	0
TGME49_288845	0.03909005897	0.03068544863	0.0367307582	0.08725473277	0.009396425141
TGME49_215570	0.007054248378	0.002219531423	0.004036711547	0.004129634577	0.02777554111
TGME49_244720	0.006847912309	0	0	0.008182077489	0.04288590965
TGME49_289280	0.007230543377	0	0.004349278442	0.01611670337	0
TGME49_312400	0.04635957253	0.0612228262	0.04962990127	0.05688535643	0
TGME49_311850	0.007058199708	0.006671887068	0.004612690229	0.004238053281	0
TGME49_289490	0.006768582932	0.002746829792	0	0.01838267692	0
TGME49_304720	0.04705595087	0.09487005103	0.02894902847	0.04409373289	0
TGME49_292150	0.007108413527	0.002388856745	0.008856176237	0.004417515839	0
TGME49_460350	0.007046267552	0.006699401368	0	0.01219197679	0
TGME49_291090	0.06994039432	0.06403754883	0.0489185253	0.103526042	0
TGME49_458960	0.006802669269	0	0.006696035248	0.01187075839	0
TGME49_216875	0.00671802204	0.002528966629	0.001201881288	0.01372737488	0.01014991745
TGME49_246182	0.00645248305	0	0.006340968237	0.01162731097	0
TGME49_297350	0.006208173188	0.004686854503	0.00212396448	0.007801979204	0.01274290476
TGME49_270940	0.0138752578	0	0.006938710395	0.02184882911	0.06826971624
TGME49_277810	0.006871379355	0.005494122651	0.004394335461	0.00332368387	0.01457549449
TGME49_301370	0.006526256218	0	0.002148233475	0.01614438044	0.01396194619
TGME49_250920	0.006489173125	0.007243826246	0.002056883185	0.006168035838	0
TGME49_244260	0.09379012475	0.1430758401	0.09583529376	0.03798844453	0.03614421251
TGME49_270900	0.01269004486	0.00455418788	0.01307210606	0.01630962827	0
TGME49_204045	0.006568530144	0.007095632353	0.002078839307	0.00865351436	0
TGME49_251390	0.005786832169	0.006825791668	0	0.011804403	0
TGME49_240890	0.2180310192	0.1346748263	0.2756786678	0.2708296537	0.03822314796
TGME49_460910	0.01225245654	0.009196699661	0.005904601416	0.01211002507	0.03914854567
TGME49_313660	0.006856407782	0.009851255036	0.002461625891	0.0038227462	0
TGME49_277540	0.006667006355	0	0.005293487847	0.0142539471	0.01389444862
TGME49_225028	0.006507039781	0.002496514559	0.006808126895	0.003916320002	0.01672957824
TGME49_273960	0.006425252594	0.008746999464	0.002211170439	0.004971861579	0
TGME49_240770	0.005903748384	0	0.004818877999	0.007783697932	0.02743297671
TGME49_270680	0.005879916265	0.006414027755	0.004675659967	0.003788569123	0
TGME49_263323	0.005861276539	0.004822255408	0.002230256498	0.009554507246	0.07509060287
TGME49_274090	0.005981560072	0.007417252977	0.004656272435	0.004199616096	0
TGME49_458830	0.005532161803	0	0.009376403449	0.003559248307	0
TGME49_258630	0.006466942722	0.006802839122	0.006952276794	0	0
TGME49_220070	0.01318547808	0.00896905943	0.004769383221	0.03032430137	0
TGME49_285268	0.005108842415	0.006992093993	0.01109688097	0.008820575669	0
TGME49_229900	0.005957208943	0.01285914418	0.001784264066	0.01803401161	0
TGME49_223650	0.01285306106	0.004669625266	0.0140921049	0.02040974914	0
TGME49_226080	0.06605239437	0.06917280043	0.05539321983	0.05905235887	0.05505791731
TGME49_273990	0.00523823043	0.004630737836	0.00905271539	0	0
TGME49_258760	0.006327440908	0.004860079601	0.007062918743	0.02047588562	0
TGME49_250890	0.005781542944	0.004223707002	0.009516833114	0.01704308709	0
TGME49_238230	0.04397709531	0.03927455016	0.03654659835	0.09382555796	0.02653422364
TGME49_267590	0.05137551432	0.05052655634	0.05930318199	0.07993985355	0.02905547332
TGME49_223020	0.03693837444	0.04980528151	0.0276894963	0.02806877567	0.01856008892
TGME49_244515	0.006885917635	0.005602204379	0.009157066158	0.009452491569	0.03062690203
TGME49_257010	0.006598828809	0.01205529989	0.006568313463	0.007065872507	0
TGME49_291840	0.006052081501	0.005004893857	0.00645927473	0.01704169382	0.01075618377
TGME49_316690	0.05058578794	0.01710911036	0.100648509	0.05197522139	0.03036442221
TGME49_309940	0.00609662957	0	0.01180701937	0.008485859836	0.03409406306
TGME49_288280	0.006656474205	0.01833665999	0.002338619654	0.003827270441	0
TGME49_269240	0.007084242845	0.004811191059	0.002490738362	0.01781043041	0.03699102284
TGME49_270595	0.007053284995	0.007621391889	0.01135279788	0.007767365591	0
TGME49_271950	0.006860602642	0.016563673	0.004465810863	0.00379003669	0
TGME49_269160	0.006983521431	0	0.006575686084	0.02646322229	0.01390054422
TGME49_306990	0.007590334558	0	0.0232057245	0	0
TGME49_457640	0.007064628314	0.01430107525	0.002315020714	0.004891161717	0.02529114016
TGME49_209540	0.007160310924	0.01724343194	0.006519833141	0	0
TGME49_226090	0.006915234768	0.006506898988	0.003882837595	0.01886260289	0
TGME49_269960	0.006882188879	0.007116395042	0.00460843583	0.004281831885	0.05399770762
TGME49_262060	0.01246452438	0.009172611344	0.009602758458	0.02324437974	0
TGME49_221280	0.03883253362	0.005181762151	0.02791839862	0.09030681456	0.1971209796
TGME49_230170	0.5966751279	0.7971918644	0.5317226912	0.446083054	0.3819583347
TGME49_259200	0.007095693263	0.001377605309	0.01434399561	0.008045779619	0
TGME49_278930	0.007215548032	0.009839274665	0.002332995477	0.01818939218	0
TGME49_261430	0.01185243282	0.009441156321	0.01842691179	0	0.01396194619
TGME49_288860	0.008391735944	0.01174400276	0.01125105098	0	0
TGME49_253890	0.007534142468	0.01412554177	0.004836264146	0.009152784985	0
TGME49_209060	0.04433128616	0.01847712655	0.07515701205	0.04785134344	0.05531584813
TGME49_260420	0.02498746687	0.00476004804	0.006775100516	0.05462084111	0.05309797848
TGME49_237110	0.04625107009	0.03142895021	0.0373969413	0.1382830728	0
TGME49_223845	0.0425320961	0.04853488222	0.04657756979	0.03772311878	0.0266484815
TGME49_281490	0.1113116102	0.08381047326	0.1038090505	0.2297549145	0.02607162334
TGME49_286130	0.05475219056	0.05127945863	0.07716288456	0.05684868232	0.04083007686
TGME49_271300	0.01908870453	0.009069374988	0.0173811143	0.05347051894	0.01412550554
TGME49_225555	0.4883765347	0.4430965827	0.4822168228	0.6123862852	0.5531134575
TGME49_260220	0.02436439544	0.01855615038	0.01806143609	0.02695424484	0.01479185862
TGME49_285750	0.02036989555	0.02515110742	0.02517195336	0.02519769363	0.0274648113
TGME49_304470	0.04096691467	0.009678963346	0.03275795171	0.0861560981	0.1364921938
TGME49_315810	0.06102919831	0.02813094651	0.05444501911	0.1093386434	0.02471370491
TGME49_279315	0.06792894579	0.05967685821	0.06988985154	0.06079506104	0.04292734115
TGME49_265030	0.02415102177	0.01847873865	0.02251390874	0.0170512615	0.01532222707
TGME49_221310	0.02251468289	0.004382117022	0.01944155646	0.06707993969	0.02375361709
TGME49_318160	0.4527500797	0.3404834687	0.4677890848	0.6741405739	0.5124267167
TGME49_215690	0.02311304895	0.01463278259	0.01699300427	0.02647807547	0.0408641716
TGME49_312700	0.02145668155	0.01450444231	0.02538735461	0.03170841642	0.08968264969
TGME49_289615	0.05847777161	0.07140280171	0.04635274968	0.08002963564	0.07559354459
TGME49_311480	0.236124589	0.2894830137	0.1956838924	0.2155281316	0.2745768268
TGME49_298600	0.02259864207	0.01459161203	0.01347522266	0.05130110744	0
TGME49_260810	0.02235567448	0.01893456404	0.01753444017	0.01428026919	0.05223729559
TGME49_258590	0.06287036529	0.07098987794	0.06251742224	0.08325464915	0.03220507755
TGME49_311720	1.358863579	0.5466511207	1.46153891	2.33035629	1.966755977
TGME49_298630	0.3124952374	0.3134983137	0.2922745553	0.3445380789	0.1934029016
TGME49_316350	0.129300885	0.1788931041	0.1111882521	0.1195928052	0.1314554495
TGME49_267960	0.02279300507	0.01441176522	0.02372275942	0.02278817751	0.008318197561
TGME49_247280	0.02291114597	0.01796111567	0.03555372765	0.02842015782	0
TGME49_288390	0.05143695417	0.04347754802	0.05435187259	0.0823613599	0.01440248982
TGME49_265190	0.1875540766	0.1017836823	0.1460341956	0.2902999488	0.5814058876
TGME49_290870	0.09184195685	0.09724328168	0.08416986696	0.07639652458	0.03449822386
TGME49_225870	0.2372794765	0.2988337668	0.189918677	0.1316455133	0.3187913692
TGME49_229770	0.0228105557	0.03166443017	0.02301075028	0.02530982462	0
TGME49_459410	0.05834955205	0.04334062122	0.0313789012	0.08346326691	0.1494768921
TGME49_253300	0.05673344805	0.04139015254	0.05262184783	0.08274928931	0.1346694662
TGME49_244290	0.05309623323	0.02506711277	0.04684031944	0.07894385271	0.2325753081
TGME49_291690	0.02945551417	0.01257415524	0.03194393185	0.04190084487	0.05793332832
TGME49_203150	0.07693926309	0.02709432267	0.07328820512	0.1316276005	0.1249066671
TGME49_233020	0.2668911807	0.3117049356	0.2680175532	0.2392508411	0.2209010117
TGME49_267550	0.06973066241	0.04354542108	0.06658353612	0.1504973373	0.06781951418
TGME49_238270	0.01972825604	0.01610064021	0.02525744332	0.01900380218	0.01392500731
TGME49_460880	0.03175084087	0.03542820793	0.02523036717	0.02312872474	0.0529769835
TGME49_311905	0.02442749347	0.03658832997	0.02005084093	0.03860122457	0.01405560276
TGME49_251920	0.06196281662	0.03576556207	0.04213714877	0.1147015301	0.06732023211
TGME49_288800	0.05475321047	0.07308196289	0.06220307997	0.008094661303	0
TGME49_204395	0.02645009756	0.03415369537	0.02998228081	0.03183095906	0
TGME49_217020	0.1045230465	0.1156130124	0.08909811248	0.1353992518	0.1332243704
TGME49_288930	0.06574095822	0.03673404497	0.08012292689	0.1093048452	0.08010057664
TGME49_259880	0.09909376135	0.1313719981	0.08162114153	0.1049732251	0.09686038799
TGME49_260320	0.06632985467	0.04865856641	0.07802190926	0.1097670679	0.01230226897
TGME49_233120	0.03056333581	0.02657496295	0.05126222548	0.030602863	0.02544412123
TGME49_230122	0.02579639486	0.03846837076	0.02826740895	0.0145470404	0.0144365844
TGME49_226660	0.1561806459	0.1569865226	0.176856362	0.1851279607	0.04217858153
TGME49_315230	0.03572339324	0.02441812009	0.0303855102	0.05119597172	0.01524043281
TGME49_283730	0.02662584826	0.01343262664	0.0327509681	0.02878766428	0.08479383391
TGME49_253990	0.06294413132	0.03970001744	0.06151080032	0.06908471711	0.1001181476
TGME49_319500	0.1268743127	0.0760510912	0.1435178966	0.1144819235	0.2560437469
TGME49_460410	0.02728428079	0.03395840176	0.01952143638	0.05474368012	0.01012442561
TGME49_320410	0.07160083778	0.06429992277	0.05426739838	0.1157504324	0.04125269216
TGME49_329100	0.03648994264	0.02698542796	0.02239371686	0.0653576771	0.01547307088
TGME49_225990	0.007461091855	0.01682693091	0.00709700349	0.0165217584	0
TGME49_239270	0.1642285329	0.05833978233	0.1934298217	0.2986406491	0.02936083572
TGME49_209210	0.1641482583	0.0882581248	0.177232705	0.2368932489	0.1724152964
TGME49_266990	0.1512550066	0.103793578	0.1558216699	0.1888971474	0.1289444729
TGME49_256770	0.2189466206	0.2080708146	0.2164172109	0.2404054096	0.1039531961
TGME49_246560	0.2791374511	0.2249173033	0.2224354623	0.416644233	0.3977891996
TGME49_245490	0.7150878686	0.9050199001	0.6528435776	0.4454425412	0.5359991409
TGME49_216840	0.009130485654	0.009314661745	0.009036455689	0.02530839229	0
TGME49_460020	0.1186047222	0.1121917026	0.1008110264	0.1368035795	0.115843217
TGME49_458530	0.009118500995	0.01460541142	0.00945279656	0.007695621682	0.02536774558
TGME49_240070	0.2081276239	0.1947013834	0.1861630418	0.2393392905	0.1485123537
TGME49_222250	0.009907722088	0.01394216588	0.01189124785	0.009014689947	0
TGME49_297880	0.8085548162	0.950773505	0.859816355	0.6027574866	0.4056293994
TGME49_315980	0.112077381	0.1611523442	0.102105329	0.05733745542	0.1196804033
TGME49_248570	0.03443158469	0.01245539262	0.02202443593	0.07590169733	0.08871544726
TGME49_288220	0.01802123824	0.002000996362	0.008478895068	0.02841365774	0.0519183328
TGME49_267090	0.03209537524	0.01657669845	0.0253540609	0.09653325889	0.02497683217
TGME49_457410	0.009675907617	0.01010950226	0.014969208	0.007565338793	0.01249469277
TGME49_223510	0.1346199837	0.1460986171	0.1273368923	0.1067748213	0.09686105021
TGME49_315410	0.00839810866	0.002399914924	0	0.004928994511	0.1437740451
TGME49_266630	0.009216642425	0.011455552	0.006579882157	0	0.07311407124
TGME49_265180	0.03391069655	0.02160316449	0.03408231545	0.07475463079	0.03806861733
TGME49_206590	0.372466506	0.5497961394	0.3540503196	0.2119821686	0.1065693459
TGME49_244690	0.2057620778	0.1513935657	0.2216317315	0.2608464402	0.1630715705
TGME49_320700	0.01038224292	0.002507712268	0.01614305518	0.01728753061	0.01553303668
TGME49_273280	0.009653738509	0	0.01086084148	0.03330558263	0
TGME49_286190	0.02605723494	0.01163609464	0.009225957759	0.0283529531	0.1679027718
TGME49_307810	0.400713946	0.4310218143	0.4469915511	0.2874751994	0.1413593352
TGME49_223450	0.2650861039	0.2054564309	0.2648786843	0.2845552473	0.4090172835
TGME49_264225	0.02916154649	0.01298010594	0.03698033824	0.04297363297	0.065769035
TGME49_286490	0.09146550584	0.07389373677	0.07980806282	0.1367149486	0.1767238152
TGME49_250340	0.2346775627	0.07579639956	0.1151592423	0.2413517279	2.053588417
TGME49_240810	0.3201440732	0.3648719387	0.3481690158	0.2267385197	0.03550518397
TGME49_298620	0.01067964564	0.009520871489	0.01288661916	0.01688136087	0
TGME49_254490	0.0474526726	0.0449155577	0.04514047177	0.1004561745	0.01317951064
TGME49_215347	0.01730788946	0.01441838325	0.01166604561	0.02015913144	0.01389444862
TGME49_217430	0.04712291836	0.06140652263	0.03267522399	0.04568122865	0.009479432408
TGME49_211650	0.1638513928	0.1937159594	0.1169835399	0.04784629793	0.5427815921
TGME49_220150	0.03805280181	0.01458370006	0.04621017734	0.07476365159	0.09471626551
TGME49_202870	0.02471570986	0.01044561983	0.02319310536	0.04674955574	0.01355402969
TGME49_289050	0.01589442978	0.01474923785	0.01552818148	0.01487271837	0
TGME49_224230	0.07016589202	0.1119753578	0.05757190815	0.02422693935	0.01532222707
TGME49_237010	0.08605684354	0.08434738722	0.07803633062	0.1244034816	0.1474074972
TGME49_217780	0.02599449602	0.01411764754	0.02267475488	0.04059029412	0.03038613944
TGME49_304730	0.04611060873	0.06259046745	0.0437083247	0.05665303025	0.01580795797
TGME49_308990	0.03429797618	0.02877804988	0.03652886534	0.06093458753	0
TGME49_312875	0.01659365847	0.002487049242	0.008992831199	0.05079870483	0.01232801807
TGME49_244010	0.02660653539	0.01667968761	0.02183427144	0.04335044961	0.01036805374
TGME49_213388	0.05412101696	0.03652234224	0.07709906815	0.08086477238	0.04825566158
TGME49_221160	0.08886185319	0.09790806909	0.09780972391	0.052604729	0.05491529374
TGME49_264440	0.04501215455	0.03519777032	0.05173214316	0.0858292117	0.02423214438
TGME49_309400	0.03961281542	0.01908353675	0.0546219839	0.04195969352	0
TGME49_289700	0.1452264779	0.1031694579	0.1442574224	0.1878450938	0.1954188485
TGME49_205020	0.01476666423	0.007313004357	0.01581128571	0.02195231583	0.01542226073
TGME49_216260	0.0740205082	0.04820486555	0.06088328325	0.1334475226	0.143984231
TGME49_304910	0.01413715153	0.01823952662	0.0164150214	0.007402311659	0
TGME49_460450	0.01516090263	0.01330955618	0.02053101036	0.006471070521	0
TGME49_311160	0.2424522896	0.1949112366	0.2476665558	0.3525949382	0.3162205831
TGME49_227140	0.01583262695	0.006763500727	0.02390782637	0.01092041851	0.01424877635
TGME49_219640	0.04758033168	0.04261501575	0.06202005287	0.03282532007	0
TGME49_263090	1.446490608	1.222985371	1.161889937	2.129705845	2.283398
TGME49_308870	0.2587316194	0.2454881969	0.2528654053	0.2473675929	0.2707825864
TGME49_265010	0.03920355185	0.03476462094	0.05793295057	0.04489738676	0
TGME49_220570	0.2097912877	0.2788297343	0.1787034686	0.2389052512	0.03012104039
TGME49_263210	0.08243954746	0.1119789834	0.09086553774	0.06847956905	0.02562301259
TGME49_215070	0.1182820733	0.06515788898	0.1171791966	0.2027731028	0.09082578148
TGME49_311370	0.2571012445	0.06672236845	0.374914593	0.4246880075	0.09279852456
TGME49_270260	0.2115731658	0.2457788734	0.2116570544	0.1792663079	0.02682434604
TGME49_241140	0.05137227495	0.02453877668	0.04019629543	0.1062465648	0.05020449064
TGME49_310820	0.2094555999	0.219781776	0.188273614	0.2393097362	0.1191673738
TGME49_234560	0.07818056438	0.03314120402	0.08033125867	0.1037765449	0.1163588805
TGME49_306195	0.138980175	0.1639759834	0.1696401266	0.117601475	0.01475510235
TGME49_207960	0.0479793495	0.02566134428	0.07600024511	0.06454352564	0.02573179724
TGME49_280610	0.3318053659	0.3553209972	0.3789295587	0.2644864057	0.2898990593
TGME49_214960	0.1202803111	0.09659352599	0.1121650031	0.13713723	0.1690710378
TGME49_217030	0.2940768452	0.3920566952	0.2525104976	0.2612991034	0.2075910272
TGME49_309020	0.01224186641	0.02160373375	0.01612006431	0.008799616177	0
TGME49_274110	0.03987849507	0.03634129385	0.04934531858	0.02949916912	0.0146465189
TGME49_219370	0.01312358583	0.009553635402	0.02463468043	0.01303184497	0
TGME49_273620	0.01297104042	0.01340420982	0.01386481134	0.02267105447	0.01473318498
TGME49_312830	0.01321900942	0.01147706999	0.0265605098	0.003850636779	0
TGME49_295340	0.1612442498	0.1601164137	0.1333405273	0.2193203429	0.2976342352
TGME49_318180	0.01172841771	0	0.01306598431	0.04894244298	0
TGME49_255910	0.05678954865	0.03695678555	0.05660442087	0.1238054338	0.03608934339
TGME49_212760	0.01372818583	0.0129017914	0.01191959549	0.028589711	0
TGME49_262825	0.01173240985	0.006771162092	0.007273146706	0.04550926676	0
TGME49_260990	0.01389891108	0.005846075331	0.014201632	0.03981432395	0
TGME49_214510	0.01328681518	0.0118996928	0.01639530442	0.02253589862	0
TGME49_242810	0.01490865311	0.008049875681	0.01412080562	0.03792603643	0.01389444862
TGME49_214590	0.2775153622	0.2625864645	0.293700133	0.2920424146	0.3021878504
TGME49_305610	0.06819146509	0.04880188691	0.05565564301	0.08428851877	0.1423656649
TGME49_240220	0.09194362663	0.07545723038	0.0898639788	0.08034993429	0.1447575734
TGME49_329200	0.01378719526	0.004777207764	0.01418054611	0.03283407726	0.01142584435
TGME49_269130	0.03106023514	0.007351928958	0.03700978272	0.04895414391	0
TGME49_210280	0.04280270175	0.01294215139	0.01834215303	0.08676560737	0.1705361449
TGME49_305200	0.09819569737	0.08591201249	0.1231589314	0.1243450308	0.1061386646
TGME49_220320	0.05986003035	0.03717269472	0.04412742087	0.09292451282	0.09567079067
TGME49_231200	0.04149915748	0.01877561325	0.03831057385	0.1039185051	0.01404929981
TGME49_238410	0.02827045261	0.006404412644	0.002953617763	0.05361723819	0.2147486239
TGME49_230860	0.05572120502	0.0721048723	0.03959273063	0.08245352364	0.02553902775
TGME49_320005	0.02957971584	0.006489801635	0.0229415039	0.06956706983	0.02502070103
TGME49_204540	0.0938114838	0.1061520722	0.07719964567	0.1202377831	0
TGME49_221200	0.3674522983	0.3571461527	0.3435569036	0.5051954045	0.2686713185
TGME49_263560	0.115267538	0.1494208643	0.09135925973	0.09339252021	0.03944383129
TGME49_265240	0.02968645996	0.01706667614	0.02086086539	0.06607164441	0.01317951064
TGME49_205450	0.02904235705	0.03851398882	0.01608873801	0.02997945779	0
TGME49_205060	0.07278765177	0.09510016007	0.05984046585	0.05712827549	0
TGME49_249698	0.07508905413	0.03979734399	0.09979141938	0.1094527011	0.1003549152
TGME49_252380	0.06423762366	0.05808483897	0.08425367837	0.07563847185	0.01315353531
TGME49_211240	0.1925251666	0.1988000147	0.2007909342	0.2044893655	0.1926024988
TGME49_289780	0.06459092864	0.06582802486	0.07379922482	0.06831533995	0.05999934484
TGME49_457690	0.05798037798	0.05043354724	0.02669341343	0.1127501772	0.05637200421
TGME49_217182	0.05387173178	0.05490951735	0.06456142348	0.05314762013	0.011984625
TGME49_288400	0.05132777221	0.03876410539	0.06343903849	0.06816545175	0.04403190351
TGME49_239050	0.04772233379	0.04363089294	0.03977531384	0.04921272947	0.1394089687
TGME49_248100	0.07556470422	0.08279060499	0.0601921234	0.1142457645	0.06951837891
TGME49_223870	0.02122803282	0.03111132393	0.004614658599	0.004068512298	0.06818101452
TGME49_328900	0.01125300814	0.002415397469	0.008793230941	0.02027247819	0
TGME49_258462	0.05347947707	0.05132583476	0.04771900814	0.08612316472	0
TGME49_241830	0.1548469324	0.1792113928	0.141004447	0.1645767021	0.1775463696
TGME49_224070	0.04629134202	0.02037588985	0.05719499976	0.06443831159	0.06795488215
TGME49_213680	0.06011602713	0.05043976502	0.06793173576	0.04206955489	0.05534587762
TGME49_250910	0.01061031347	0.005019288869	0.004834942109	0.02242098303	0
TGME49_315480	0.01040001349	0.004710574649	0.01628742878	0	0.01317951064
TGME49_242770	0.05263241054	0.01861617582	0.0536930739	0.06104894007	0.2071975331
TGME49_254470	0.3113557089	0.519641581	0.2504455715	0.1507945451	0.04985650746
TGME49_257770	0.02079862598	0.00220875741	0.02809232093	0.02281276412	0.01473318498
TGME49_292035	0.009730767127	0.01300111845	0.0066881771	0.0007628746054	0
TGME49_320650	0.01561305822	0.0222975869	0.009181748647	0.02396058407	0.02004118132
TGME49_269700	0.3415628599	0.4141555586	0.2832096417	0.3426392499	0.186481672
TGME49_305040	0.09017638615	0.02166338276	0.1238320794	0.2049314611	0.08498804619
TGME49_239365	0.009440594515	0.009260113431	0.006549382329	0.01155868157	0
TGME49_203180	0.04475222105	0.03132793089	0.042772908	0.0380898565	0.09905602323
TGME49_260375	0.009065865829	0.0071310641	0.009152353736	0.003736805969	0.02505463838
TGME49_261660	0.00967757494	0.00917248865	0.009993672747	0.006986525211	0
TGME49_268670	0.009152948809	0.002514187596	0.006787325869	0.007824146513	0.05490589559
TGME49_313990	0.04082673575	0.04891345579	0.04936166924	0.01393176461	0.01276660416
TGME49_295980	0.009701790732	0	0.01186635767	0.01633671918	0.01553303668
TGME49_240390	0.009267035334	0.004563376273	0.007139807858	0.02056600616	0
TGME49_250790	0.05757635402	0.04224901847	0.04615020039	0.08607582481	0.08472467339
TGME49_319910	0.009397680475	0.004610459838	0.004570204059	0.02292602935	0.01672957824
TGME49_262470	0.00993496988	0.00487121828	0.009349906851	0.01455566679	0.01466085315
TGME49_233180	0.009317147107	0.01622896582	0.004068210405	0	0.01145738438
TGME49_313950	0.009289877473	0.002101771208	0.01770330143	0.004591538098	0
TGME49_249310	0.06268277055	0.04598093271	0.04092324131	0.1191364436	0.02562301259
TGME49_260310	0.009961658492	0.01249663171	0.006972824149	0.009799898444	0
TGME49_278450	0.1318817513	0.1559521523	0.1264233512	0.08442276877	0.1012851916
TGME49_459080	0.01646972291	0.01342065322	0.01295301692	0.03085130964	0.0261030256
TGME49_255060	0.2920652197	0.2608188729	0.2459937459	0.4147443077	0.5508198937
TGME49_222040	0.06937575783	0.06758712732	0.07641661828	0.08862624821	0.028547114
TGME49_268010	0.04634188441	0.002454842362	0.0380698946	0.1058509934	0.112246712
TGME49_248800	0.05834752016	0.05186373058	0.04774352985	0.08723549999	0.01345332108
TGME49_259870	0.0340135265	0.03326847228	0.01977451872	0.04607617218	0.01311228289
TGME49_236800	0.01708189802	0.00406427989	0.01982819704	0.04278872061	0
TGME49_310200	0.04488733917	0.03185292605	0.03453059301	0.0764995807	0.03543406531
TGME49_224530	0.07256761852	0.06739011834	0.05514414964	0.04014818333	0.2906652738
TGME49_202430	0.1039254953	0.05301459636	0.1067785257	0.167473899	0.1206192489
TGME49_258180	0.0186061499	0.02144446517	0.02254623774	0.02800717658	0
TGME49_273640	0.06397947651	0.06051135931	0.06982714912	0.04814706789	0.02893682458
TGME49_244650	0.1403245899	0.1562657525	0.1343736853	0.144479059	0.02804003085
TGME49_318650	0.2234818353	0.2902983024	0.2383158274	0.122808422	0.01274290476
TGME49_222030	0.01952862903	0.002477703313	0.02712890832	0.04741202899	0.01389444862
TGME49_228010	0.0328366947	0.01857343714	0.0236591819	0.07274596843	0
TGME49_263330	0.05150195779	0.01455518615	0.06103666532	0.02952427398	0.1861270194
TGME49_306970	0.03174273787	0.01178065766	0.02847491714	0.06512640194	0.01569075523
TGME49_267435	0.004078040428	0.00239436497	0.002392879578	0.003044240619	0
TGME49_269850	0.003754881641	0	0	0.007674090019	0.01104236382
TGME49_231150	0.003715666591	0.002186648777	0.004499145929	0	0
TGME49_311485	0.003682798214	0	0.004225917364	0.003788569123	0
TGME49_459020	0.003675353831	0	0.002417692139	0.004433972669	0.01512822308
TGME49_219660	0.00367041943	0.002097191075	0.004674141165	0	0
TGME49_256960	0.003610582967	0	0.004423310655	0.004260810446	0
TGME49_270580	0.003596706896	0	0	0.01122444222	0
TGME49_270760	0.00348968569	0.004423207542	0	0.004150637957	0
TGME49_250685	0.0034834713	0.001839816253	0	0	0.02811286699
TGME49_294225	0.003465044421	0.001881772261	0.002147160246	0.002520764076	0
TGME49_220190	0.003398201946	0	0.004053321603	0.003825760629	0
TGME49_236810	0.003289742724	0	0	0.01100193456	0
TGME49_307260	0.02073369796	0.02287352485	0.02275265954	0.02717428132	0
TGME49_223700	0.003715666591	0.002557708833	0.004781274994	0	0
TGME49_220280	0.003423260454	0	0.002662565037	0.008069433351	0
TGME49_270273	0.003411620656	0.002377963125	0	0.003209186984	0.01082513095
TGME49_232740	0.00340393183	0.004163833809	0.002167843792	0	0
TGME49_290460	0.003335364293	0	0.002020320873	0.003980889066	0.01674061414
TGME49_255860	0.003315818192	0.002437049975	0	0.003298513271	0.01230226897
TGME49_240830	0.003265982797	0	0.004274524641	0.003481876001	0
TGME49_287490	0.003265982797	0	0.00204385947	0.007513861198	0
TGME49_218195	0.003200959925	0.002018704563	0.0023974665	0	0.01347550968
TGME49_241305	0.003044939079	0	0.00598266948	0	0
TGME49_289660	0.002974476376	0.002256283153	0	0.0007628746054	0.01299074271
TGME49_305630	0.002924106486	0.002272462	0.001846076921	0.00329951024	0
TGME49_237195	0.002602468491	0	0	0.01111709654	0
TGME49_236153	0.003465044421	0.007287092557	0	0	0
TGME49_264210	0.003282898432	0.002937008531	0	0.009242815904	0
TGME49_284615	0.003247689368	0.002549139657	0.001963222376	0.00438517649	0
TGME49_248350	0.003234585534	0.002388856745	0.002319128214	0.003469233534	0
TGME49_216610	0.003123610388	0.004405875495	0.002293510283	0	0
TGME49_218860	0.00311199144	0.002343641029	0	0.004183750479	0.01367439393
TGME49_273830	0.003072340299	0	0.002464990177	0.005556111511	0
TGME49_265290	0.003070952462	0.004156285564	0	0.004930944362	0
TGME49_314267	0.003070952462	0.002343641029	0.002428825452	0.003570382326	0
TGME49_203040	0.003024865521	0.002329593362	0.002262433132	0.0038227462	0
TGME49_320135	0.002998708915	0.00651880476	0	0	0
TGME49_218750	0.002881892057	0.004109808961	0	0.004137234585	0
TGME49_207410	0.002844720166	0	0.004810680043	0.002659776759	0
TGME49_207665	0.002808904988	0	0	0.01254042724	0
TGME49_268330	0.09819411047	0.07241739264	0.0955894939	0.1503681581	0.07114683317
TGME49_225005	0.002998708915	0.002170254065	0.004481421693	0	0
TGME49_228220	0.002927706888	0	0.007280237423	0	0
TGME49_270050	0.002905121941	0.00507997787	0.00228169416	0	0
TGME49_245740	0.002872750983	0.002520719832	0	0.004534475722	0.01648236494
TGME49_262575	0.002862567624	0.002462384378	0.004410702373	0	0
TGME49_269035	0.002626842241	0.007214077284	0	0	0
TGME49_271375	0.002360335828	0.00254404499	0.002076901581	0.00453956829	0
TGME49_312075	0.001775420083	0	0	0.01216344136	0
TGME49_267308	0.001775420083	0.007175282055	0	0	0
TGME49_226250	0.3688196648	0.4179461354	0.3173415399	0.3828323896	0.1936126088
TGME49_289222	0.02041032767	0.01593372184	0.022757972	0.02062590458	0.05231043554
TGME49_233430	0.01928654265	0.02227565659	0.01630469675	0.02131810775	0.03168126318
TGME49_206340	0.4813569831	0.745653858	0.3154877608	0.3085784101	0.2418558207
TGME49_239930	0.1070947198	0.09881308989	0.1040200809	0.108413475	0.1201905196
TGME49_275390	0.05859518457	0.04689926627	0.05988775805	0.07335121114	0.06440940389
TGME49_219470	0.01733516567	0.02359848873	0.0115923689	0.02174779957	0.01259871983
TGME49_210408	1.026935313	0.5036079696	0.9153200544	1.575292478	3.314833407
TGME49_217720	0.02206504971	0.04053614596	0.01407699417	0.02417931315	0.01276660416
TGME49_209120	0.38605922	0.3995503118	0.3617785281	0.4496656202	0.395546057
TGME49_229750	0.02273809502	0.03664585837	0.01774411544	0.02992022486	0
TGME49_272300	0.002393975754	0.002379315988	0.007340706387	0.004565312551	0
TGME49_224750	0.002481714319	0.004653657317	0.002235111053	0.009848093831	0
TGME49_257310	0.00221510529	0.00257338551	0.001810859824	0.00368025911	0.0266306948
TGME49_293220	0.002095156716	0.00250449565	0.004269054472	0.004999801371	0.01453338861
TGME49_313305	0.002095156716	0.004688118217	0.006674616792	0	0
TGME49_253670	0.001821296604	0.006926125884	0.004741753347	0	0
TGME49_462920	0.003384952711	0.005033060467	0.004797572677	0.004496861224	0
TGME49_231930	0.003077910743	0.007306523809	0.002416115762	0.003717218757	0
TGME49_307760	0.003070952462	0.006923963414	0.00230958108	0.004772025734	0
TGME49_264178	0.003042239398	0.004711622607	0.002172278574	0.008236395914	0
TGME49_230555	0.003031512374	0.00678283787	0.004455568532	0	0
TGME49_293252	0.002958228167	0	0.009230805454	0.002829311574	0
TGME49_227995	0.002834821741	0	0.006971088054	0.0078518502	0
TGME49_201830	0.0207301424	0.01116636856	0.01689329834	0.05102494837	0.02961595492
TGME49_240700	0.1327760939	0.1297964876	0.1137648218	0.1163846836	0.186692559
TGME49_320715	0.003463016699	0	0.01088350381	0	0
TGME49_461080	0.003284605276	0.006058332727	0	0.008819042312	0
TGME49_263327	0.003224865708	0	0.002364497642	0	0.05142673451
TGME49_319662	0.003200959925	0	0.004866000643	0.007888847648	0.01575351087
TGME49_214420	0.003053081719	0.001990743282	0.004159037603	0.009342965468	0
TGME49_257540	0.003019579461	0	0.002430430204	0.01017656898	0.01547307088
TGME49_236900	0.002815320049	0.004488627327	0	0.007311366998	0.01396194619
TGME49_201775	0.002724251745	0.004312490461	0.001838607649	0.008229700252	0
TGME49_269320	0.02285565427	0.02809206557	0.01985519094	0.03090216933	0.02650126658
TGME49_286470	0.4263156876	0.4636513371	0.469747436	0.2938045678	0.2286580748
TGME49_260250	0.1121425318	0.08380879022	0.1255742177	0.124628581	0.02374292472
TGME49_244165	0.003760219677	0.002423982131	0.005376117885	0.009031169155	0
TGME49_216275	0.003631740886	0.002448863742	0.008311691354	0.003454454632	0
TGME49_282160	0.003560563085	0.00510684849	0.004099972313	0.003684313987	0
TGME49_231890	0.003437005087	0	0.002272639657	0.01795572064	0
TGME49_286200	0.003433059695	0.002609444628	0.006794981384	0	0.01328492851
TGME49_234260	0.003162312907	0	0.002173391742	0	0.04689750117
TGME49_218340	0.003151747926	0	0.002227841868	0.006231041121	0.0284694803
TGME49_283760	0.00312507212	0.00256116423	0	0.01050401087	0.01269120559
TGME49_280760	0.02111561056	0.008857212135	0.02316389065	0.02877152371	0.06216206184
TGME49_254960	0.004183142804	0.007245876822	0.002951976586	0.004360286463	0
TGME49_281575	0.003612913274	0.006308660535	0.002425626733	0.003827270441	0
TGME49_252350	0.003467076047	0	0.006763914229	0.009125548003	0
TGME49_233210	0.003400108433	0.007740930612	0.004005130254	0	0
TGME49_225590	0.1194930452	0.1329885756	0.1308542043	0.1149800844	0.08189379407
TGME49_220260	0.08607353196	0.1235432569	0.05920729408	0.07734897659	0.03767437004
TGME49_271350	0.003710544096	0.002507712268	0.004602858532	0.007375342358	0
TGME49_203505	0.003707991961	0	0.004655222376	0.01237678343	0
TGME49_288850	0.003538580932	0	0.004255199919	0.01240436122	0
TGME49_273730	0.02405579966	0.01323120471	0.03569980454	0.03351398719	0.05701139512
TGME49_267340	0.09218599147	0.1057455437	0.09069638571	0.1108981677	0.0496185587
TGME49_202590	0.04851034003	0.02350451182	0.04113745418	0.1004642626	0.02785834712
TGME49_217555	0.4586834799	0.3616641547	0.3861244981	0.5347008003	1.559652231
TGME49_251560	0.05770997533	0.02374980281	0.02505312572	0.08750637693	0.3652699211
TGME49_233890	0.08057314989	0.09460144132	0.09313192306	0.08110559243	0.01553303668
TGME49_319880	0.1028768522	0.08437640897	0.1147860852	0.09851336921	0.04480411964
TGME49_313630	0.02790998633	0.03498912037	0.03006956713	0.04334380106	0
TGME49_294805	0.03152633335	0.01897631451	0.05190724965	0.01073440036	0.02231585892
TGME49_255160	0.0249373335	0.02880560676	0.02169095387	0.009226871204	0.1349968516
TGME49_258860	0.1100816464	0.1036726563	0.1018462916	0.102777936	0.1852245674
TGME49_286180	0.02649704947	0.01825804493	0.04741569618	0.02278643908	0
TGME49_300048	0.2420103678	0.3682951051	0.2321602188	0.1493156523	0.06143496792
TGME49_294350	0.06802765014	0.0695364736	0.02787445606	0.1257410447	0.1243632137
TGME49_461260	0.04744186042	0.04368799407	0.03248074415	0.05237333863	0.09954306936
TGME49_209010	0.02311260074	0.02047909113	0.01978156175	0.0478805874	0
TGME49_309980	0.02739501111	0.01843731569	0.03396646644	0.06298632633	0
TGME49_229940	0.04987931348	0.04236262927	0.05248177392	0.04809325231	0.01843634914
TGME49_286610	0.02466908703	0.0235338729	0.02562989569	0.03444600927	0
TGME49_209280	0.05079542798	0.05521890327	0.04356616884	0.04916612873	0.01314318683
TGME49_318320	0.07703950138	0.0580102773	0.06672365394	0.1621919576	0.07028324104
TGME49_253800	0.02440330146	0.01387367997	0.02004757846	0.04109806104	0
TGME49_272770	0.08848125233	0.05921237235	0.1214046693	0.1127941459	0.03816222156
TGME49_457490	0.07656879354	0.108844956	0.05218263144	0.08933286075	0.07485472394
TGME49_259650	0.02556095031	0.02493743496	0.0105689946	0.07056684957	0.01466803664
TGME49_294290	0.2038508255	0.1305479859	0.1480102932	0.3713601371	0.3459986745
TGME49_304870	0.06962110648	0.05278905882	0.07688960657	0.06924237314	0.06129892596
TGME49_255320	0.02984906961	0.0497609701	0.03046215222	0.01299543329	0
TGME49_222210	0.05208218984	0.06479834471	0.03597816235	0.03808475457	0.05462856418
TGME49_260610	0.02771034278	0.03242587348	0.03228190799	0.02610836373	0
TGME49_221580	0.03177419099	0.01268916278	0.04659350204	0.04326110862	0.02410621303
TGME49_295945	0.0367163839	0.05118402123	0.03045507378	0.01084324944	0.01283846684
TGME49_266680	0.02879761177	0.02812899163	0.03728225805	0.03594612366	0.0134037879
TGME49_202445	0.03221779494	0.01780096353	0.04676398879	0.05556562898	0
TGME49_233160	0.1286123356	0.152120206	0.1173843726	0.1235957659	0.1342377857
TGME49_214300	0.2087887746	0.1703556383	0.1601350878	0.3490512066	0.2511231611
TGME49_321450	0.5500192431	0.5778289599	0.5316546373	0.4869534621	0.5536208363
TGME49_285540	0.02387272954	0.01366329511	0.01577774127	0.04537280088	0.02556375441
TGME49_310050	0.05882369049	0.06224664026	0.07032581532	0.07100940442	0.01194502444
TGME49_246030	0.03797456657	0.03414739027	0.04027912809	0.06570284393	0.01358240244
TGME49_223970	0.02212197232	0.03127102049	0.01757961436	0.01750912655	0
TGME49_315300	0.4037266446	0.2353549083	0.3783128813	0.477344689	1.275996243
TGME49_233870	0.02318187647	0.002186648777	0.03373692127	0.03836753065	0
TGME49_264110	0.02317242445	0.02639993636	0.01157347303	0.03514055391	0
TGME49_273670	0.02201625461	0.01601933204	0.01764289037	0.03866112565	0.01048869957
TGME49_218760	0.1120035325	0.08635847551	0.08170490279	0.1411595541	0.2040432294
TGME49_203970	0.03087361576	0.01867493838	0.04186748563	0.04676784257	0.01249469277
TGME49_207390	0.04504731992	0.04541886671	0.05263204827	0.05400113448	0.02096291956
TGME49_276155	0.02168419718	0.008531552285	0.03076578979	0.02768915373	0.01311228289
TGME49_300052	0.05779553571	0.08536393534	0.04652736797	0.06555586042	0.01346995241
TGME49_260650	0.02943037313	0.03743855008	0.02802740369	0.03359364374	0
TGME49_457780	0.3012848996	0.3005362135	0.2391701689	0.3505324979	0.3847266214
TGME49_313200	0.0364559794	0.01441830755	0.04329552543	0.08965522797	0
TGME49_294040	0.08448009877	0.05693187757	0.07850677295	0.1327224706	0.08784076319
TGME49_224200	0.05330394598	0.06606271004	0.04561786411	0.06980686893	0.008318197561
TGME49_295650	0.08847340046	0.08462683367	0.07850245136	0.116421724	0.1072941418
TGME49_206320	0.04885100215	0.04592354902	0.05727456836	0.05743245994	0.03782429193
TGME49_251440	0.2873520899	0.1958688838	0.1783316129	0.4696727362	1.158265699
TGME49_247240	0.05954646056	0.05458342621	0.03456995417	0.1050812581	0.1913018127
TGME49_320110	0.04829181304	0.02467031147	0.02600019834	0.1463213381	0.08060820424
TGME49_294710	0.04649246037	0.04684611614	0.04785967078	0.05929386132	0.04407632763
TGME49_294420	0.08776052994	0.08625578162	0.09992798458	0.1029230455	0
TGME49_266450	0.04210125968	0.01626040492	0.05655294697	0.05077479474	0.1282720968
TGME49_207950	0.03587363156	0.02306476484	0.03152878379	0.06201257791	0.09408959542
TGME49_306338	0.03952952793	0.02695817241	0.04959956217	0.05710263451	0.03344093625
TGME49_281480	0.06152802749	0.01610539363	0.05096409384	0.1236811657	0.1031277584
TGME49_223985	0.1225147073	0.1290073967	0.1391942368	0.09274495808	0.05135673474
TGME49_233735	0.02787143646	0.007227209705	0.01059479239	0.0728047501	0.03932198081
TGME49_294250	0.03951465295	0.02674960358	0.04654563693	0.07185128504	0.01269120559
TGME49_313360	0.1559824877	0.1542070676	0.1314658886	0.1512634475	0.2402574235
TGME49_276830	0.05899677478	0.03291699903	0.05987214301	0.1395996207	0.01434173802
TGME49_253490	0.2204083999	0.2474188647	0.1923925097	0.170879273	0.3301940617
TGME49_307820	0.2381414696	0.2393247953	0.2500083319	0.2293777412	0.138718696
TGME49_230700	0.08077982328	0.03550039112	0.06658480759	0.1640375171	0.08579077732
TGME49_248810	0.07859129394	0.07752346474	0.07774071942	0.1027877678	0.05747414927
TGME49_214240	0.09427081409	0.09260011131	0.09078204501	0.1307394056	0.07943064414
TGME49_220140	0.03839908349	0.03056371334	0.05252460673	0.03564505962	0.009479432408
TGME49_458070	0.01246032313	0.00922461688	0.0120111492	0.004358275421	0.01990239253
TGME49_244630	0.03767459916	0.02753795609	0.04289063831	0.05203581203	0.02312993456
TGME49_458100	0.01344276266	0.008551968076	0.01599685438	0.01145850625	0
TGME49_262890	0.02834678363	0.03870638462	0.02059108963	0.01470168758	0
TGME49_266910	0.2274325052	0.1826481206	0.3312606524	0.1731065987	0.1446319621
TGME49_270670	0.01338058931	0.01430189097	0.01148730056	0.007791903436	0.01472590173
TGME49_205410	0.0125763125	0.004914833032	0.01558458008	0.01525920016	0.01496471156
TGME49_237290	0.1672191488	0.1668173689	0.1848380329	0.2072471073	0.06964451354
TGME49_201720	0.01244553776	0.01219631516	0.01031970136	0.01488576308	0
TGME49_459360	2.447922409	2.435521066	2.095674749	2.973018706	3.031144198
TGME49_219790	0.05957023147	0.05212533257	0.0512473546	0.09401958563	0.07627040953
TGME49_209870	0.05828779303	0.06677847393	0.04829263202	0.06886185008	0.05071562109
TGME49_316635	0.02711994203	0.03033260783	0.02545278765	0.01389590423	0.02439700097
TGME49_260400	0.02589802149	0.003076669116	0.03595030694	0.0472364253	0
TGME49_270170	0.02604050651	0.01667129829	0.02326285791	0.02527938758	0.07063333804
TGME49_288920	0.0710181944	0.06071933443	0.05565156791	0.1309586487	0.07640410875
TGME49_265850	0.08471995316	0.0788232384	0.06999813605	0.1110574945	0.0499559288
TGME49_318130	0.004215272357	0.008777039111	0.006824710555	0.007148423803	0
TGME49_314900	0.1810501871	0.1661212121	0.2054389688	0.2049490898	0.02765297599
TGME49_269930	0.005166298975	0.007389520975	0.008463027453	0.003163755381	0.01644061545
TGME49_257120	0.005533323903	0.007335230542	0.00652102087	0.004225797975	0.02530051783
TGME49_285830	0.04137138602	0.03193077826	0.03216753804	0.05834921043	0.06297978871
TGME49_217400	0.006039298837	0.00240410514	0.002338619654	0	0.1005955521
TGME49_320230	0.005821507576	0.01534422427	0	0.007502657262	0
TGME49_257110	0.005529840313	0	0.008731747618	0.01677464983	0
TGME49_312940	0.1449647353	0.08522760099	0.06629929067	0.1999349521	0.8952868493
TGME49_237000	0.09121219066	0.06243179138	0.07472572804	0.1276196653	0.1211759457
TGME49_260030	0.006744537568	0.004554718814	0.007219503957	0.0158783222	0
TGME49_204500	0.006694632311	0.005051973887	0.01193783394	0.008709263828	0
TGME49_205240	0.05611188398	0.03180170444	0.07415912188	0.07759329862	0
TGME49_256865	0.005935678159	0.004345477205	0.006357535018	0.01366907753	0
TGME49_273950	0.007105611614	0	0.0144443733	0.007989952765	0.01087378591
TGME49_256980	0.006798786634	0	0.01382024722	0.00847542291	0.009396425141
TGME49_244620	0.005591698514	0.002169241875	0.001952689245	0.02570284961	0
TGME49_235500	0.006527778106	0.009558153122	0.002395934235	0.01204356692	0.008410171473
TGME49_315720	0.006703260026	0.006970424092	0.006285399981	0.0136188479	0
TGME49_214850	0.006450093568	0.002479252799	0	0.03256596334	0
TGME49_215060	0.3303578566	0.1216124009	0.2824953052	0.4712823339	1.384777963
TGME49_230040	0.006885917635	0.00471396712	0.004891316583	0.01179602943	0.0221948668
TGME49_272720	0.006565125628	0.01302979589	0.002225435595	0.007657495736	0
TGME49_265000	0.03018302357	0.01583876242	0.01812264454	0.03723066099	0.09532288976
TGME49_247770	0.5138648591	0.4862851856	0.5440085656	0.5036541593	0.3545698591
TGME49_258570	0.007301245934	0.004932951981	0.01631485782	0	0
TGME49_203070	0.006704806632	0.005169270714	0.006739991951	0.006453069792	0.01532222707
TGME49_231280	0.03237645522	0.01957779417	0.01529762515	0.07014076285	0.02347757583
TGME49_235890	0.008008701924	0.004546505098	0.01142762596	0.007605718245	0
TGME49_269670	0.2494749257	0.1485430416	0.2944366516	0.3556015007	0.09568715931
TGME49_311250	0.1015662954	0.05812638647	0.08081045904	0.1994258026	0.02707644903
TGME49_307860	0.2541223057	0.2081425187	0.2486553381	0.311293722	0.2887476062
TGME49_313980	0.06888081864	0.07826637494	0.06995142914	0.0587710519	0.02450376421
TGME49_219630	0.1051742904	0.1262766814	0.09059556779	0.05941941469	0.1064734204
TGME49_244430	0.02949602108	0.02678677931	0.0157440299	0.05262727074	0
TGME49_220370	0.07899606857	0.04807201823	0.07722716624	0.09277465265	0.1898918937
TGME49_219690	1.979789962	1.844329137	2.069723347	1.898403004	1.510303935
TGME49_213115	0.0300182675	0.0208873871	0.0273271404	0.0372813109	0.02845249352
TGME49_251490	0.1571935234	0.1455532863	0.1815766193	0.1720225646	0.1413897799
TGME49_200270	0.5390550072	1.080947402	0.2480450678	0.1648813671	0.1228924526
TGME49_214120	0.02992926252	0.02825123761	0.02489686826	0.02065252943	0.07030774074
TGME49_245485	0.3203834427	0.3426983128	0.4185880578	0.1319002016	0.3818101286
TGME49_312960	0.1609526712	0.1718978648	0.1227990064	0.2076429469	0.1998195132
TGME49_229690	0.03880279738	0.02866558807	0.02465453216	0.08463305542	0.03553554199
TGME49_242090	1.142489407	1.170649945	1.354024815	0.8274041733	0.2205243859
TGME49_259570	0.2642811407	0.2743305569	0.3170836899	0.2172753579	0.111608907
TGME49_221630	0.1201387368	0.1732062663	0.1111171966	0.04731553715	0.08800207527
TGME49_291300	0.2284194077	0.1854539514	0.2070045335	0.2798963909	0.464123226
TGME49_246000	0.05891888245	0.06042389632	0.04953154184	0.1100279347	0.04825804174
TGME49_307040	0.07548273664	0.07810611827	0.06779835822	0.0960480825	0.01355402969
TGME49_315570	0.1011676072	0.04993092091	0.04292136448	0.1448692709	0.6908363266
TGME49_249630	0.08554105871	0.0728353429	0.1086677792	0.07895475043	0.09741239434
TGME49_306950	0.00862769054	0.009406740158	0.0141298164	0.01381759621	0
TGME49_304770	0.2139252166	0.1480951601	0.1705105622	0.4438289294	0.186627113
TGME49_289800	0.01645709069	0.008578453728	0.005836976214	0.03604542224	0.02868306645
TGME49_232640	0.1116740892	0.1284118824	0.1196650536	0.1308953427	0.01255772196
TGME49_458050	0.01690948188	0.006539325998	0.02274123329	0.01895645312	0
TGME49_294430	0.02952011462	0.02797829815	0.02992128378	0.03073045764	0
TGME49_280450	0.01650909722	0.002272462	0.02234729364	0.02362725563	0.009705476466
TGME49_310350	0.04487051147	0.009606525414	0.06186553566	0.06388164994	0.06728023631
TGME49_243635	0.00904206119	0.01195859643	0.00305305596	0.02239234233	0.03271143661
TGME49_271440	0.01763307077	0.01228238065	0.01375131351	0.02489352076	0
TGME49_355240	0.02786250891	0.02472526736	0.02432323942	0.04438456563	0.01359380095
TGME49_268720	0.2085977211	0.1670742239	0.1842464499	0.304953937	0.3515200721
TGME49_291630	0.06664429077	0.08268375161	0.07005628807	0.06689996092	0.01275236941
TGME49_285260	0.009213066847	0.01276602988	0.003959525313	0.02032848104	0.01249469277
TGME49_267560	0.02913236397	0.02084704358	0.02783046552	0.04189146071	0.03972745534
TGME49_237860	0.009886168187	0.002310865235	0.01596125625	0.02025433295	0
TGME49_310130	0.009334460976	0.006465303732	0.002852391188	0.03263792971	0.01389444862
TGME49_458590	0.6153110784	0.5933097853	0.5280677974	0.8550888322	0.7022538827
TGME49_244050	0.009516055787	0.007416021552	0.01164019767	0.01591449207	0.01299074271
TGME49_291940	0.07517582657	0.04307201965	0.1255323963	0.07142595985	0.03938842211
TGME49_223560	0.09859956951	0.1268809349	0.1123271461	0.02235403073	0.05187894992
TGME49_286030	0.06761821306	0.06422324713	0.047396869	0.06170483929	0.2137390812
TGME49_286520	0.009689197498	0.002065072642	0.006716818401	0.03249853164	0.008725886966
TGME49_224470	0.06641908591	0.08496956689	0.07045100436	0.03034433137	0
TGME49_297140	0.04865670794	0.03157652405	0.03516456606	0.0894481595	0.07485945833
TGME49_227270	0.1630044909	0.1782809666	0.1513565302	0.1423264009	0.06834391919
TGME49_237270	0.01251515263	0.0121663428	0.01606014092	0.003788569123	0
TGME49_223060	0.04077339349	0.06481494298	0.04162325144	0.02903263771	0.01274290476
TGME49_211300	0.04864048425	0.03398241856	0.03615631364	0.1252514614	0.05711650222
TGME49_220400	0.08028155542	0.08571373768	0.06402285714	0.07739681475	0.1391603885
TGME49_320670	0.1148224166	0.08660478334	0.08246488272	0.1818165113	0.2145076425
TGME49_211730	0.06292666772	0.01231711044	0.06825594889	0.1633764623	0.08023480484
TGME49_311890	0.1731537182	0.1838460193	0.1647278683	0.05914482861	0.3778663025
TGME49_260430	0.01310443586	0.004066322842	0.0181733824	0.03125278801	0
TGME49_273360	0.0128893469	0.008755176506	0.01854852657	0.01910149807	0
TGME49_459460	0.1141419665	0.08198751478	0.05903011543	0.2660029314	0.1927647603
TGME49_314695	0.2038639809	0.2621819945	0.2050907009	0.1091466879	0
TGME49_307030	0.01284348722	0.0114497206	0.002463306059	0.03383575245	0.03581669394
TGME49_304970	0.228724134	0.2467692537	0.208949854	0.2838781159	0.1745368695
TGME49_222180	0.06756309157	0.07133013593	0.06155956998	0.06236563156	0.08490011417
TGME49_297220	0.04962302451	0.02541552739	0.03257744566	0.1024626264	0.2021784959
TGME49_293400	0.01325741516	0.008822549537	0.02221687838	0.01404008186	0
TGME49_227900	0.07000042599	0.09639164638	0.06998017742	0.04745281632	0.02958233649
TGME49_208980	0.01581276554	0.02225389914	0.01467724885	0.0208575724	0
TGME49_314422	0.01346474621	0.01110948421	0.01603504327	0.01036835268	0.02817105355
TGME49_282210	0.2554035794	0.4152894908	0.1498951839	0.1163020194	0.3646675442
TGME49_216470	0.01327984339	0.01091666937	0.008865605806	0.02918402459	0
TGME49_296950	0.01432377879	0.01323391216	0.01114971112	0.02899645463	0
TGME49_236530	0.0540177282	0.03760314795	0.06421942972	0.07161110405	0.07163948945
TGME49_214760	0.01420881781	0.002045302946	0.01551711274	0.03175341413	0.0127005609
TGME49_202240	0.01561754066	0.01853298196	0.01575924319	0.01877258282	0.01274290476
TGME49_259980	0.01622528979	0.01208807725	0.01408387366	0.03212271835	0.03240970591
TGME49_229620	0.02455922707	0.01157217706	0.03513149744	0.05464454998	0
TGME49_271015	0.05487126016	0.02632919333	0.06875243188	0.0534163403	0.08845426282
TGME49_260670	0.01505243714	0.01874772577	0.008561645688	0.02822398092	0.01461087283
TGME49_249510	0.2416336525	0.3031172474	0.2641542281	0.1239753713	0.04434295668
TGME49_213415	0.03061781681	0.02536863728	0.04049242685	0.04625312491	0.008318197561
TGME49_229800	0.01599381782	0.01169524743	0.01959503348	0.02485770457	0.0134922222
TGME49_216800	0.01607419726	0.02351249621	0.01811775433	0.003469233534	0.01850653632
TGME49_329000	0.01420653273	0.004739617699	0.01081324516	0.03603139181	0.01064475617
TGME49_310410	0.01723324037	0.01799883585	0.02275681634	0.009855204666	0.01466803664
TGME49_259080	0.01824165904	0.0254995348	0.02194706851	0.01489426521	0
TGME49_202700	0.06469244949	0.06776192275	0.06656341131	0.06912506587	0.03190544125
TGME49_205720	0.06863183632	0.02813731484	0.08423674311	0.1265561076	0.05432317091
TGME49_315710	0.01597999125	0.01886140988	0.01778763809	0.007533860806	0.03232782776
TGME49_207920	0.01703635648	0.01616515051	0.01208082378	0.03169822704	0.01129521284
TGME49_273800	0.0170569794	0.00261129391	0.0226740168	0.03428411445	0.01129521284
TGME49_272420	0.03803104817	0.05000263931	0.02499853813	0.04424222719	0.08292865568
TGME49_313750	0.01676915391	0.01086379752	0.01451903596	0.03834689237	0
TGME49_202280	0.02831942979	0.009316228322	0.05929083846	0.02186091577	0.008410171473
TGME49_253730	0.03449577596	0.02324856043	0.03095682289	0.07255549445	0.06011450231
TGME49_278600	0.1232902668	0.1201391598	0.1156431211	0.1198266812	0.1249035478
TGME49_300700	0.02937994089	0.04105449161	0.03543185245	0.01265203464	0.009760652442
TGME49_295410	0.03455593327	0.02668524546	0.04587248832	0.04927123218	0
TGME49_250780	0.06430898764	0.05724759191	0.05969802064	0.08811028371	0.05315058294
TGME49_231170	0.0257440729	0.01632690519	0.02794928765	0.05237022184	0.01475510235
TGME49_260825	0.01831715057	0.01237198381	0.01787279972	0.03415993213	0
TGME49_318580	0.132260884	0.08509477999	0.1724650549	0.1425821638	0.1812835677
TGME49_269150	0.01893058707	0.002140501445	0.006757979461	0.07594595825	0.03625139226
TGME49_245730	0.0698029919	0.06903786234	0.05195617666	0.04961645621	0.249365402
TGME49_284160	0.02696029122	0.01681887648	0.04479845413	0.02158342226	0.01665409566
TGME49_319340	1.286346437	1.291783667	1.4798761	1.006384692	0.7880393255
TGME49_244170	0.0191820116	0.004342002847	0.0224342413	0.03734846319	0.01355402969
TGME49_458740	0.007254525093	0.004520661176	0	0.01120491647	0.0266053086
TGME49_227800	0.0641426465	0.0383274936	0.06969533281	0.0414371255	0.2606875123
TGME49_229920	0.432000241	0.3969902619	0.3671932616	0.5331098957	0.5493612991
TGME49_213746	0.02335535453	0.02534997338	0.02543952654	0.02666036479	0
TGME49_290710	0.007119011102	0.006951723949	0.006588391685	0	0.01417054249
TGME49_284570	0.09114434864	0.08739653274	0.07215644355	0.1697163076	0.06067848869
TGME49_313450	0.006394807631	0.004373023497	0.001744597438	0.004656549343	0.04132290956
TGME49_255650	0.3280603175	0.2212516581	0.4661624993	0.3229966426	0.1010766278
TGME49_306010	0.006262638042	0.004772213917	0.002252373558	0.01214479414	0.007080691972
TGME49_459880	0.01996811715	0.02092790136	0.007830314256	0.04216957144	0.01169612297
TGME49_311760	0.1439667834	0.1321069793	0.1466629812	0.1418700833	0.1449617816
TGME49_258690	0.05287240986	0.06234344593	0.04002795158	0.07085868401	0.02874534673
TGME49_268770	0.02466252664	0.0288765937	0.0281492553	0.02412484571	0
TGME49_458940	0.006497381717	0.009470203724	0.002373338275	0.007534443449	0
TGME49_314330	0.006253969522	0.002476157064	0.00860328454	0.008099078755	0
TGME49_458640	0.006153636729	0.01133912272	0.002308227719	0.003715830912	0
TGME49_458720	0.02605626644	0.01749202663	0.03963424793	0.02505223216	0.012644722
TGME49_321610	0.006086239446	0	0.00718582551	0.00870882957	0.02447789722
TGME49_244140	0.005833620897	0.00428174496	0.006516447082	0.009159778626	0
TGME49_254860	0.006823670159	0.002129899067	0.007325549501	0.007985305513	0.01671856705
TGME49_322700	0.006669557988	0.00739217496	0.005146644306	0.003045854029	0.01648236494
TGME49_233450	0.005640206022	0.01086268173	0.002034708446	0.004567913168	0
TGME49_221370	0.04030208227	0.02994708782	0.03582539705	0.004250419372	0.1986304242
TGME49_203200	0.005833995088	0.002351419301	0.006327244965	0.01302433437	0
TGME49_250500	0.006331564791	0.00968195892	0.00770782841	0	0
TGME49_235430	0.005803338862	0.004814506536	0.008714788724	0.003378810096	0
TGME49_214330	0.1086336573	0.1062098753	0.0911208704	0.1673247043	0.03933930226
TGME49_309140	0.02361914273	0.01104245863	0.0283657856	0.04058998388	0.01217990511
TGME49_217490	0.005583607342	0.01203635744	0.002394405266	0.004389750448	0
TGME49_224870	0.0721721561	0.04645916346	0.06413114978	0.1346722133	0.03684037111
TGME49_266390	0.02095801372	0.01037312568	0.01783067619	0.03951135933	0.01502634097
TGME49_251640	0.02963782727	0.02535866404	0.01895513421	0.05332216638	0.06022438827
TGME49_289640	0.04038065599	0.0424611028	0.02668204999	0.05656731983	0.012644722
TGME49_248840	0.03128483374	0.03125652519	0.03203901239	0.0359617605	0.0127005609
TGME49_460340	0.264163559	0.2633532129	0.2069603718	0.356480206	0.2596079408
TGME49_275430	0.03717889798	0	0.03506529955	0.1093330037	0.02117202567
TGME49_279450	0.0274227973	0.03187448744	0.01809519183	0.03833603778	0.02452185823
TGME49_220360	0.09619142156	0.07799344242	0.1042522662	0.05464165614	0.2569664917
TGME49_289570	0.1451792486	0.1887979303	0.106608487	0.1690350188	0.08237482599
TGME49_228630	0.03005361988	0.01501958246	0.0379137822	0.032067442	0.06498286214
TGME49_268380	0.03800315782	0.02541015054	0.04729602593	0.05154593966	0
TGME49_211870	0.02388591533	0.02579897541	0.01739784145	0.01501632899	0.02695146333
TGME49_214430	0.05462573712	0.03143006007	0.09069064953	0.03072593488	0.06610032765
TGME49_209050	0.0263719929	0.00965537302	0.009316407038	0.01524221311	0.2432683547
TGME49_253650	0.1374694308	0.04803707684	0.1612664228	0.2444458196	0.1362085649
TGME49_218200	0.02347997445	0.006916533179	0.01352469384	0.05206757657	0.05253180184
TGME49_254890	0.06789019818	0.0962373091	0.05963215724	0.0158092038	0.03879473307
TGME49_289180	0.1000909108	0.07030659069	0.09204257067	0.1692694198	0.0619559373
TGME49_315130	0.3310794	0.2201579137	0.3150821679	0.5476554014	0.3221152287
TGME49_204055	0.1760973942	0.1654070074	0.1978230889	0.1429043386	0.1543552966
TGME49_270070	0.07753869771	0.04622746382	0.09344468435	0.1405766569	0.01448473704
TGME49_215970	0.1082580284	0.1851855772	0.08473954005	0.04097544554	0
TGME49_217870	0.05446657086	0.05181717171	0.04007548161	0.06251606524	0.09842610758
TGME49_235478	0.08589353085	0.09235527929	0.07830929661	0.08979262179	0.0219006
TGME49_248710	0.5375326348	0.3736432623	0.6406411888	0.6254915267	0.6660983157
TGME49_264820	0.04823250896	0.03035434335	0.04175785876	0.07070276767	0.08216079193
TGME49_204060	0.02249476074	0.01175727847	0.02180524132	0.03838457421	0.01408090045
TGME49_297210	0.1010989957	0.06389421588	0.08252771013	0.1882651867	0.1301627205
TGME49_263150	0.03661552091	0.02322792593	0.03900698889	0.06518425768	0.01317951064
TGME49_215940	0.05740550698	0.01444813123	0.06744165851	0.1089648626	0.09119661174
TGME49_284530	0.07534012592	0.07272454477	0.07358665535	0.08985118677	0.01129521284
TGME49_316200	0.1356537798	0.1345818895	0.1077966424	0.1880116739	0.1402757598
TGME49_306660	0.4016378843	0.460394493	0.3548797509	0.4564930477	0.275976201
TGME49_224890	0.1732260081	0.1763045808	0.1555049503	0.1948244566	0.2154549806
TGME49_286430	0.08615386988	0.05211412922	0.0646434728	0.1519598115	0.1770602766
TGME49_221230	0.07606641776	0.0597043033	0.09189605345	0.1064757111	0.05039838985
TGME49_307010	0.06872938806	0.08581971498	0.0749254157	0.04568174599	0.05781754781
TGME49_201710	0.4552538463	0.5406673261	0.4331870554	0.4481050519	0.09019807884
TGME49_213325	0.0666446932	0.05325233479	0.07616505555	0.07351456997	0.04015582356
TGME49_215640	0.0706661627	0.02629330014	0.05469930604	0.04778865663	0.3915778246
TGME49_293860	0.05715084257	0.02107167643	0.07721005148	0.1076470798	0.02766527246
TGME49_237280	0.5684409387	0.6630027903	0.5846524128	0.3796681292	0.4902630476
TGME49_253950	0.4648329323	0.4801770327	0.477699016	0.4269102037	0.2551130117
TGME49_271470	0.02620431785	0.006580814013	0.02584442055	0.06658642144	0
TGME49_237550	0.02625192319	0.02548542913	0.02629372024	0.009069962462	0.07006301114
TGME49_290960	0.06487195942	0.03057689166	0.08215563835	0.06034222842	0.2018015297
TGME49_281660	0.06507004481	0.07201560787	0.1062446257	0.002017193679	0.01274290476
TGME49_305760	0.02526515978	0.01372917834	0.01430040346	0.06593305435	0.01269120559
TGME49_215160	0.1422771653	0.08553579395	0.1330831136	0.2474899645	0.2080221884
TGME49_251410	0.02602281515	0.01880269207	0.02904094399	0.02496830628	0.02791543437
TGME49_271120	0.01060960903	0.006796060618	0.008965366911	0	0.05073721111
TGME49_264760	0.05715851065	0.0374601355	0.03267673116	0.06505286022	0.2260004121
TGME49_254530	0.01019258908	0.002364570523	0.01468817515	0.008475796724	0.01385804292
TGME49_310020	0.02763999627	0.04619620198	0.0209596627	0.003255432795	0.01540544285
TGME49_224970	0.3303213602	0.3804870643	0.3980074014	0.216351121	0.06197866668
TGME49_319520	0.01019025681	0.005936625404	0.007056013041	0.01508438368	0.009396425141
TGME49_312260	0.09754108579	0.113632838	0.07493564363	0.1028199695	0.06954696213
TGME49_219070	0.2647818967	0.2266425053	0.2677933724	0.1627731782	0.779195073
TGME49_224490	0.03141322348	0.01430965122	0.0303702457	0.05513384769	0
TGME49_271290	0.009870319104	0.008207593234	0.005121903087	0.01736025013	0
TGME49_270130	0.009831913884	0.006713172531	0.006950507907	0.0189255952	0
TGME49_212960	0.1877628719	0.2088131818	0.1747162705	0.2183846089	0.0608653798
TGME49_249240	0.8441545067	0.7254606207	0.6289537115	0.9242869129	2.843336811
TGME49_461390	0.0103503973	0.007573846915	0.007083515693	0.01623956043	0.01408090045
TGME49_268310	0.01017707608	0.007047404478	0.01395380896	0.007494145611	0
TGME49_255930	0.01004511704	0.004684461035	0.01391411289	0.004477206827	0.02386452861
TGME49_273905	0.009689598413	0.00476625425	0.002497763388	0.02467753417	0.02028504848
TGME49_254200	0.0100008644	0.004374831513	0.01636321605	0.002659776759	0.01206492847
TGME49_313680	0.1655934457	0.1778960721	0.1763237915	0.1527863151	0.1534496017
TGME49_266870	0.05222817532	0.0869945768	0.03438203474	0.04020059691	0.02719480192
TGME49_295970	0.008970548734	0	0.01359550816	0.01662287342	0.01757514791
TGME49_242290	0.128551846	0.07804029954	0.1237511169	0.231702535	0.1016436115
TGME49_203050	0.281652466	0.3245249509	0.3560889129	0.1130245681	0.03867422977
TGME49_268250	0.02923499623	0.02289140747	0.03344091435	0.03384152947	0
TGME49_252870	0.009990236405	0.002562897941	0.01482346567	0.01816526807	0
TGME49_260450	0.008917764925	0.01376822855	0.004593333841	0.008696182163	0.01232801807
TGME49_269020	0.009456304547	0	0.008627130351	0.02842043868	0.02044145364
TGME49_205350	0.1936533165	0.2223717002	0.1454754893	0.2127927184	0.3018122966
TGME49_459940	0.1367182003	0.1391110643	0.1143202447	0.172619098	0.1594511723
TGME49_218810	0.09444041295	0.009964116742	0.1064840222	0.2445612602	0.08401551801
TGME49_234930	0.00864035436	0.01170312717	0.00689600133	0.01389930413	0
TGME49_280522	0.09776349613	0.09730024262	0.1143625463	0.06673722749	0.06561607359
TGME49_225920	0.04974453948	0.04839079111	0.05225923928	0.04586504226	0.03305451923
TGME49_202770	1.1838861	1.35451634	1.264671298	0.7836107821	0.4864047757
TGME49_277840	0.1597937978	0.1446610829	0.1947063033	0.1145944287	0.2595495042
TGME49_228720	0.03515264307	0.02080766853	0.03022131338	0.05149931424	0.01355402969
TGME49_318480	0.04135894016	0.02346715473	0.0519923006	0.07771654869	0.01104236382
TGME49_262450	0.07058784634	0.04550970151	0.07536006621	0.1140823596	0.04331233739
TGME49_295610	0.05598239576	0.03232385781	0.0509310427	0.1219995132	0.0272276418
TGME49_261410	0.0486686065	0.06171500777	0.04853101551	0.03962159487	0.02837995677
TGME49_285980	1.511405343	1.342568942	1.91078686	1.240650659	0.4072594256
TGME49_250820	0.1985002274	0.2537316002	0.1830348169	0.06710765177	0.4581406856
TGME49_243490	0.03406305864	0.04884466055	0.02473404149	0.05386463491	0
TGME49_237260	0.3235633071	0.3825167677	0.3107641429	0.254780845	0.2996762536
TGME49_310460	0.05581709189	0.01816739669	0.037761531	0.09108936852	0.3070847333
TGME49_320030	0.1156391925	0.06706040673	0.0873111106	0.05502635936	0.8419396049
TGME49_250030	0.03192809295	0.01857252816	0.02882111102	0.03079958419	0.1060923965
TGME49_288190	0.1410807856	0.1258271157	0.1267709494	0.1953673394	0.1689891661
TGME49_299250	0.1109687309	0.1246343935	0.1114157611	0.0907365095	0.02954879815
TGME49_295910	0.276020008	0.2718586124	0.2407481531	0.3477867346	0.2075752626
TGME49_251620	0.08307802536	0.04994052445	0.0673686416	0.1635557795	0.08357868847
TGME49_253930	0.01430969596	0.004501452203	0.00780702326	0.0304946402	0.03014892447
TGME49_276220	0.05277389362	0.02336038202	0.05088667238	0.05654155006	0.2370747853
TGME49_258040	0.013687317	0.008515558104	0.01071711938	0.02100994666	0.008410171473
TGME49_255895	0.03198261062	0.038310635	0.02956749871	0.01902484426	0.08000212731
TGME49_260360	0.03223975718	0.02864498434	0.03379494261	0.04275378723	0
TGME49_233245	0.01411332679	0.01190588755	0.01343211165	0.01878933064	0
TGME49_228730	0.0469682039	0.03679055578	0.04222047986	0.08003391914	0.01644061545
TGME49_286525	0.04276978304	0.05514116713	0.02326338259	0.0614201867	0.02297313895
TGME49_201870	0.0303474757	0.01906471827	0.03055753144	0.05421539696	0.04206570888
TGME49_210730	0.01258129746	0.01216384217	0.006491306258	0.01917508617	0.0306733699
TGME49_323110	0.02470803924	0.04486542402	0.02166043643	0.01770649411	0
TGME49_223262	0.01386068016	0.004791562485	0.02652038965	0.00442689585	0.011984625
TGME49_208380	0.01202566549	0	0.004862456676	0.0489765105	0
TGME49_213310	0.03789936844	0.03552783657	0.04405109707	0.02711760952	0.009396425141
TGME49_212810	0.0123270875	0	0.0222190022	0.01900455261	0.01036805374
TGME49_457570	0.05554306054	0.07183030494	0.03669815176	0.05603482854	0.06045693441
TGME49_297650	0.5271296737	0.6706391678	0.5521377904	0.3330544064	0.1439098947
TGME49_308070	0.03611113697	0.02938200638	0.02285771059	0.0653663387	0.03291876877
TGME49_220208	0.05566376918	0.05306487791	0.04972783436	0.08857889634	0
TGME49_273350	0.1325764631	0.07003738446	0.1727489823	0.2021911682	0.1085176794
TGME49_457440	0.04030603644	0.03831540987	0.03552588573	0.03491259866	0.08521074137
TGME49_215890	0.06720516507	0.05595725229	0.08239318694	0.08193955648	0.02713802127
TGME49_203120	0.0795526375	0.09869299333	0.0670279928	0.09407873532	0
TGME49_240920	0.01083720974	0.009489453186	0.02375530799	0.004958092607	0
TGME49_295468	0.03683228535	0.01891074132	0.04021809821	0.02328443755	0.1485779113
TGME49_253700	0.1898922533	0.1955571458	0.1833235982	0.2283073012	0.1162699039
TGME49_264780	0.02097173805	0.009262203757	0.03238774821	0.03937436342	0
TGME49_240510	0.02432731149	0.01156154694	0.03371689364	0.04625604984	0.01217990511
TGME49_208800	0.1315005257	0.06459518959	0.1824001867	0.1521371479	0.170958922
TGME49_271050	1.390153183	1.346336845	1.327915521	1.502720456	1.681317477
TGME49_254580	0.0892841554	0.03432738267	0.08751315205	0.1530005755	0.2265050973
TGME49_211695	0.1310044341	0.1759809361	0.1465980012	0.04235745458	0.02686282723
TGME49_260210	0.03025263992	0.03378437368	0.02794496987	0.03107730399	0.02511088503
TGME49_262080	0.02560977853	0.01961171158	0.01401588048	0.04995497488	0.0652430329
TGME49_264160	0.02139125474	0.02513599004	0.01593089694	0.02834707267	0.04271628666
TGME49_203350	0.02101367751	0.004841568224	0.01728154105	0.03644020138	0.1370699885
TGME49_259210	0.01757530396	0.02894454639	0.01406907749	0.0165950333	0.01569075523
TGME49_259840	0.03138505037	0.04230139652	0.02060349773	0.03619015033	0.01400541728
TGME49_290910	0.03420613628	0.01924075411	0.03252041632	0.03318682951	0.153255202
TGME49_257625	0.02237137856	0.00515251099	0.02207325094	0.06273235348	0.02423386242
TGME49_258160	0.02995277977	0.01184573823	0.03347538519	0.0495355038	0.03797940342
TGME49_460510	0.01762852615	0.01393688869	0.02316054713	0.003656193779	0.01727679118
TGME49_264130	0.02289160753	0.02412067355	0.02164469429	0.02881550948	0.02731614289
TGME49_314410	0.1621188398	0.1695560463	0.1283951856	0.2231441846	0.1203392267
TGME49_315260	0.02668728041	0.02814399717	0.02890158167	0.02808972592	0
TGME49_232730	0.01578395338	0.0114208237	0.002412973433	0.04186271596	0.03281361447
TGME49_309850	0.07830398834	0.04414241931	0.0813818441	0.0795685839	0.2558803229
TGME49_220300	0.02620475956	0.01602655111	0.02735338926	0.03989271715	0.02819301081
TGME49_310860	0.1543752077	0.1384606892	0.1507672665	0.2080274714	0.05773236927
TGME49_319620	0.1121155454	0.1397461941	0.1077547177	0.1088817878	0.03676539699
TGME49_313852	0.01907250391	0.02534731071	0.01191988774	0.0318638005	0
TGME49_214310	0.09615645611	0.08620114692	0.1231755294	0.08523060715	0.02624031778
TGME49_231940	0.01558267045	0.01137131695	0.0161237257	0.02997350334	0
TGME49_223410	0.8021109999	0.7644679315	0.6708639685	1.041327199	0.9654365396
TGME49_288330	0.04739323097	0.03896932731	0.05022131046	0.0448580137	0.05750164898
TGME49_226600	0.07753760574	0.02131730771	0.07225910521	0.1491025737	0.2120496629
TGME49_233360	0.01471223068	0.02831959918	0.0130483083	0.0007628746054	0.01206898291
TGME49_219760	0.1231295119	0.1003096854	0.1014057137	0.221598633	0.0637151227
TGME49_268340	0.01396146347	0.006837777027	0.01991221803	0.02445402138	0.01311228289
TGME49_206330	0.1628668745	0.2090419565	0.1308244168	0.142723583	0.09064207455
TGME49_213770	0.1044727647	0.1184525218	0.1032549345	0.103014274	0.03553485705
TGME49_219290	0.0959095261	0.0910797332	0.07498751732	0.1355795632	0.11051793
TGME49_223880	0.07443688866	0.07139701404	0.09148461964	0.08408228824	0.06362360044
TGME49_315920	0.01527543988	0.01944821277	0.01568139219	0.01764972669	0
TGME49_238020	0.01475905188	0.002390229922	0.01451186078	0.03548465922	0.04757646977
TGME49_313880	0.1028994015	0.08909249977	0.1105617392	0.08417980203	0.1553041527
TGME49_283520	0.1303887188	0.1248436213	0.1449213617	0.1013800215	0.09780550186
TGME49_233680	0.0163556301	0.009698659523	0.01885171917	0.02817187208	0.01412550554
TGME49_269075	0.02375920538	0.007851112582	0.02675015952	0.0306016664	0.05289631728
TGME49_265090	0.2625610203	0.1586651783	0.2704767449	0.4600241858	0.1681170538
TGME49_220290	0.01517276549	0.02285851746	0.01442458605	0.01121844986	0
TGME49_264830	0.02796677785	0.00255426935	0.02239394475	0.07546856469	0.02321571867
TGME49_267360	0.01637467605	0.0113195467	0.02004432884	0.0222030701	0.01512822308
TGME49_278840	0.01614089604	0.001990743282	0.01717433011	0.04620166856	0.01375642642
TGME49_200370	0.05792406666	0.07977169338	0.05761469476	0.04388192511	0.01245021609
TGME49_208990	0.07737412381	0.05147334735	0.07939289557	0.1276577875	0.01276185419
TGME49_457800	0.1375298046	0.1190443819	0.1227127991	0.2036865622	0.1638483575
TGME49_269290	0.01614163418	0.009234892706	0.01399880259	0.03465268021	0.01269120559
TGME49_312220	0.01677901645	0.02166330914	0.006679836056	0.03181621413	0.008410171473
TGME49_228460	0.04766375843	0.01670932106	0.0583155099	0.05435598187	0.1272247678
TGME49_313422	0.01658135147	0.01162490864	0.02257741582	0.01643135206	0.01048869957
TGME49_269410	0.01675477721	0.01154342047	0.01914269638	0.0231370885	0
TGME49_223550	0.295832904	0.4417652	0.3125333339	0.08875297508	0.06447934578
TGME49_262490	0.01688593121	0.004424844259	0.01396492065	0.01275419664	0.1117984244
TGME49_292360	0.08603941729	0.0784345741	0.1127553758	0.08843787639	0
TGME49_255690	0.01250526097	0.006742829203	0.01985674914	0.01699605973	0
TGME49_216890	0.118832871	0.1014674429	0.1243803217	0.1098705161	0.2278165982
TGME49_269720	0.05370978703	0.06009570989	0.06492635879	0.0373636065	0.0396557914
TGME49_226870	0.01236664374	0.002361921234	0.01873144481	0.02749491109	0
TGME49_204140	0.01701396438	0.007115897735	0.02181470215	0.02798692265	0
TGME49_295850	0.09795467191	0.1025631193	0.1143620958	0.05068557672	0.1376442505
TGME49_203800	0.021073393	0.007375928172	0.01918231031	0.033470577	0.05368169983
TGME49_255720	0.01950697408	0.0231415991	0.01712273346	0.01820978657	0
TGME49_288250	0.01421954407	0.009833509397	0.01179805347	0.02833473955	0.01500313622
TGME49_264468	0.01336921207	0.01993008325	0.008639572465	0.01260037129	0
TGME49_253460	0.0135552153	0.01559687733	0.01413291708	0.009429110787	0
TGME49_276180	0.09376499494	0.07891564654	0.07885480516	0.1671806447	0.04806174612
TGME49_318490	0.06310859052	0.03316403937	0.05719836845	0.1191510482	0.1111531672
TGME49_251610	0.04561436551	0.03158819178	0.05455537417	0.05986201266	0.02879874883
TGME49_230890	0.04565258331	0.05386658766	0.04770712547	0.03691736921	0.01025093044
TGME49_218930	0.01337679435	0	0.02026310175	0.0279573926	0
TGME49_224928	0.02035174938	0.01643802889	0.02501782542	0.02191565378	0
TGME49_292960	0.1066318011	0.1267702839	0.1054335559	0.08678084633	0.1046663293
TGME49_275795	0.01922142966	0.006612223184	0.02753934242	0.02538144757	0.01204068101
TGME49_216990	0.05712922719	0.04640921587	0.04603327111	0.08218651145	0.04251309496
TGME49_263110	0.00886951479	0.01186286193	0.01274407116	0.003534957022	0
TGME49_262030	0.008601697712	0.009488475034	0.00948323396	0.01513512511	0
TGME49_269990	0.009511090756	0.009189396245	0.004805383154	0.01770535959	0.02605232559
TGME49_310910	0.008626255056	0.002379315988	0.002388322073	0.0234209552	0.05106037281
TGME49_240990	0.009560321877	0.006966586631	0.01511835248	0	0.02720993581
TGME49_315400	0.009545112549	0.01122071859	0.009531719845	0.00793340323	0.01104236382
TGME49_266100	0.008742984346	0.005699207851	0	0.003585334482	0.1041584272
TGME49_293260	0.2654952472	0.3022680685	0.2700477401	0.1970834961	0.240476332
TGME49_216560	0.1907372072	0.2383305912	0.1631287	0.143526304	0.161004499
TGME49_319930	0.05363203525	0.01856538451	0.03562782509	0.08298518211	0.2470832385
TGME49_291680	0.1527246972	0.08451735706	0.1420318568	0.2513201615	0.3180929446
TGME49_266090	0.02285440249	0.01491009902	0.006857680751	0.007921998377	0.2022623875
TGME49_255870	0.01020227098	0.007294261957	0.01294541468	0.01016852201	0
TGME49_271320	0.1316253327	0.02892605375	0.246213147	0.1117339371	0.1032726395
TGME49_223420	0.1403587579	0.1682173772	0.1165655646	0.1516579858	0.08911392136
TGME49_220110	0.06364636245	0.1011299179	0.04922665341	0.05181545444	0
TGME49_289580	0.01790975628	0.008928593463	0.0305153273	0.02562984559	0
TGME49_251880	0.1533537807	0.1294211806	0.1440634952	0.2407330486	0.02834279527
TGME49_264485	0.005548267744	0.006822433312	0.006942388847	0.008366933219	0
TGME49_299010	0.006248234691	0.004839755715	0.009145879108	0.007279258683	0
TGME49_285210	0.006235360178	0.00490446941	0.004711193442	0.01364930764	0.0134037879
TGME49_295740	0.006196353856	0.002468473923	0.01150062671	0.008455505502	0
TGME49_263740	0.005795673638	0.006926504137	0.004873695193	0.01271113805	0
TGME49_461090	0.005051010774	0.006730066254	0.004698404194	0.01192763646	0
TGME49_223400	0.006576691902	0.007405776136	0.007057951055	0.004099654087	0.01390054422
TGME49_202530	0.06931575158	0.07252804373	0.06869262227	0.09756328164	0
TGME49_235630	0.006182943902	0.002301071378	0.009027806474	0.01214684832	0
TGME49_293410	0.005947894112	0.00729461742	0.005996618909	0.00760827644	0
TGME49_262740	0.007075573162	0.01249496578	0.002791851814	0.007840412462	0
TGME49_459140	0.006412682581	0.002406911976	0.004535740081	0.01722263249	0.007257670521
TGME49_267790	0.005924440898	0.002470004179	0.002308227719	0.01964067007	0.01367439393
TGME49_222270	0.0513879005	0.00838303053	0.04570361674	0.1422060221	0.04039936791
TGME49_229290	0.006449632321	0.002275976727	0.00730135112	0.01253500878	0
TGME49_313940	0.005431171011	0.004569648561	0.009267193756	0.008310648174	0
TGME49_241710	0.02378523026	0.03379227905	0.02467593926	0.006956099628	0
TGME49_293030	0.006613026578	0.009861094183	0.006233924552	0.004403563639	0
TGME49_315560	0.005861421503	0	0.002443399724	0.004108951816	0.07307142727
TGME49_271800	0.07220554245	0.07880082588	0.05546694242	0.07211129799	0.08622896099
TGME49_212940	0.006704913562	0.001864670482	0.009036064203	0.008739017158	0.01476977059
TGME49_326500	0.006162025335	0.002237115089	0.008153813597	0.01208281211	0
TGME49_249575	0.006080560528	0.008737481896	0.006330349424	0.003378810096	0
TGME49_291580	0.006054405884	0.004564982242	0.003737383848	0.01262137132	0.008318197561
TGME49_263240	0.1474704385	0.03977042931	0.1667974369	0.3292519757	0.09338502833
TGME49_246490	0.1586213209	0.08051286311	0.1670849455	0.1643498437	0.5532835755
TGME49_253020	0.1787355474	0.1166863305	0.2118329847	0.2612056746	0.1047314461
TGME49_252440	0.006994718279	0.004048573664	0.004500780098	0.01599194069	0.01424877635
TGME49_310680	0.05373297502	0.03600056427	0.04335392714	0.09665214892	0.0476173482
TGME49_230490	0.05516304933	0.06082724589	0.04282749032	0.05134202435	0.09977337648
TGME49_253350	0.007495742114	0	0.01352979787	0.006245102123	0
TGME49_272670	0.007238990382	0.009768846273	0.002367432281	0.004695903902	0.02491806655
TGME49_205658	0.006654757599	0.009266338984	0.005884482391	0.003900257026	0
TGME49_251480	0.02235153168	0.02149557166	0.02487560189	0.02715981009	0
TGME49_269830	0.007099567902	0.006588765219	0.008885156122	0	0.009811930765
TGME49_267570	0.006946209203	0.001941668866	0.01100603543	0.008419945215	0
TGME49_254915	0.006810813617	0	0	0.008372394683	0.0747452844
TGME49_238160	0.006877298123	0.004710652358	0.002034708446	0.009425445002	0.02673128498
TGME49_257100	0.007113525993	0.007187048334	0.006760391981	0.003932887935	0
TGME49_227300	0.02341995214	0.01878112252	0.02998293807	0.01825396831	0.01367439393
TGME49_293000	0.1841793919	0.2389578042	0.1463173697	0.1365200468	0.1735758815
TGME49_242080	0.1594065223	0.1191941878	0.1466956494	0.2390274731	0.2000561443
TGME49_210380	0.03035594939	0.01351017742	0.02247330535	0.04037970223	0.1090276336
TGME49_310600	0.05093401247	0.02468130709	0.03043713091	0.1096008871	0.1617485372
TGME49_202820	0.071887456	0.04022422344	0.04835288421	0.1363137388	0.122872969
TGME49_280720	0.05707785523	0.03296972477	0.04195319403	0.1172581227	0.05908349306
TGME49_318570	0.02711037422	0.02387194585	0.02318301577	0.01895160347	0.08102422382
TGME49_257020	0.02588711839	0.01683694237	0.02911011334	0.03644220014	0.02009886009
TGME49_258030	0.002980796712	0	0.004610432501	0.008777309944	0
TGME49_461410	0.00306129053	0.004613160423	0.002267517771	0	0.01512822308
TGME49_458200	0.003039546923	0.002266641979	0.00476724419	0.004934309949	0
TGME49_248300	0.002993558386	0	0.004429949413	0.009168897806	0
TGME49_220730	0.002966944342	0.002223886968	0.006880193628	0	0
TGME49_255280	0.002927706888	0	0.006657656428	0.004474769389	0
TGME49_263505	0.002239521515	0	0	0.01269958006	0.01386409065
TGME49_262550	0.001775420083	0.004557740205	0.004676569407	0	0
TGME49_305100	0.001775420083	0	0.00421707745	0.00919377387	0
TGME49_232630	1.342491882	1.336074128	1.379057628	1.348726209	0.9413011292
TGME49_205100	0.02676051211	0.02421930229	0.007173087112	0.06682698134	0.01129521284
TGME49_316560	0.003521316949	0	0.004504374064	0.009684406508	0
TGME49_226330	0.003442951034	0	0.004780727009	0.009125157953	0
TGME49_301690	0.00325264648	0.004934321595	0.002261167732	0	0.01316910259
TGME49_248750	0.003138322881	0.00236060019	0.004886062472	0.004006580022	0
TGME49_258670	0.003136842046	0.002487049242	0.004734867613	0	0.01217574614
TGME49_305150	0.003086324243	0.00438179868	0	0.009427925443	0
TGME49_254450	0.002988434187	0.002419677266	0.005204030626	0.003831810313	0
TGME49_294285	0.002818543448	0.001819492356	0	0.01358932969	0
TGME49_313475	0.002746978348	0.007522527057	0	0.003352500331	0
TGME49_247750	0.002723275685	0.003983694871	0.002114697329	0.004146794892	0
TGME49_251910	0.002680349299	0.005023160008	0.001854324892	0.00285706076	0
TGME49_236670	0.3598697204	0.3238123928	0.5031205517	0.2246541519	0.03980016434
TGME49_289120	0.06026731107	0.03288161709	0.05289011954	0.100606128	0.1040326098
TGME49_225460	0.003617589188	0.00244293319	0.007492712651	0	0
TGME49_254700	0.003504329473	0.004953496935	0.002379293881	0	0.0156464242
TGME49_221865	0.003062665169	0	0	0.01283926462	0.01396194619
TGME49_311815	0.003034183446	0.002313334541	0.00188913636	0.005441777911	0
TGME49_217951	0.003019579461	0.008345096882	0	0	0
TGME49_311270	0.003009089982	0.002303507443	0	0.01101944752	0
TGME49_321440	0.343656635	0.3672172942	0.3287769083	0.3319187325	0.3457023922
TGME49_201160	0.003715666591	0.004488627327	0.004704732978	0	0
TGME49_268800	0.003707991961	0.002525656935	0.002532101928	0.008355798037	0
TGME49_314760	0.003680311015	0.004261585052	0.002497763388	0	0.01412550554
TGME49_281380	0.003653325565	0.002499696703	0.004745685841	0.003840937347	0
TGME49_265255	0.003506438075	0.002205556689	0.006683812344	0	0
TGME49_273370	0.003373728059	0.002520719832	0	0.007741472056	0.01359380095
TGME49_219175	0.00321523668	0	0.002264970828	0	0.02956300535
TGME49_231600	0.003136842046	0	0.002483781354	0.009104315448	0
TGME49_246230	0.02616478566	0.01867803049	0.02667762498	0.03754821061	0.01547307088
TGME49_278240	0.004383254449	0	0.002382290538	0.004023985375	0.02934526508
TGME49_299220	0.004171391535	0.001912447135	0.004942650595	0.005148241253	0
TGME49_288900	0.004060282521	0.002013829629	0	0.01114647358	0
TGME49_213960	0.003725985258	0.002499696703	0.002239999707	0.004422197923	0.01246795302
TGME49_285820	0.00372081357	0	0.004074587446	0	0.02643176503
TGME49_273430	0.003695321302	0.00439955958	0.00239135716	0.004433972669	0
TGME49_355130	0.003617589188	0	0.004407244401	0	0.02730685208
TGME49_241310	0.003534238543	0.002156213464	0.002147160246	0	0.02598737852
TGME49_230905	0.003171456223	0	0.001803786536	0.01101752216	0
TGME49_231960	0.02708086132	0.0393472776	0.01878213205	0.0203018361	0.009396425141
TGME49_218370	0.07241660912	0.03794024789	0.08401563396	0.1289532573	0.04121844022
TGME49_223710	0.0304566056	0.01558124582	0.02780558687	0.05132721325	0.04177816043
TGME49_291590	0.09562717612	0.09228471448	0.1075387987	0.09066339127	0.05460361973
TGME49_226670	0.09632058901	0.0909600128	0.1043866247	0.1020603329	0.03355055806
TGME49_306440	0.06345679675	0.07389749184	0.03145829591	0.09490861242	0.06978437042
TGME49_203815	0.03747906387	0.05018781502	0.02172394929	0.06693884508	0
TGME49_208400	0.1615814867	0.1443937016	0.1358923837	0.1569603396	0.3569749941
TGME49_275740	0.04237267774	0.05080478347	0.03534221872	0.0501940274	0
TGME49_226810	0.08269978174	0.05644514246	0.0839637233	0.1498113063	0.05603255731
TGME49_267430	0.2980759102	0.2026327197	0.2642386295	0.4339812046	0.6830433946
TGME49_295440	0.0930213267	0.119453218	0.1261750688	0.01451452637	0
TGME49_314700	0.2273601573	0.2850719919	0.2193596394	0.1806924311	0.01866263284
TGME49_238210	0.1014206605	0.1387745903	0.09797375498	0.06092320377	0.02385123424
TGME49_230400	0.05823920208	0.05974043559	0.06326029338	0.0462734829	0.05470352156
TGME49_461270	0.5622577591	0.526843881	0.5347577712	0.6566100364	0.5989202458
TGME49_294190	0.02963322722	0.03718899209	0.02905839701	0.02490817862	0
TGME49_221940	0.07868958313	0.06578656921	0.07141637105	0.1042257273	0.05572761466
TGME49_236870	0.1830467264	0.212348436	0.196926542	0.1405988917	0.08834760896
TGME49_254540	0.0401774047	0.02921687927	0.04668421436	0.04560556331	0.02756884255
TGME49_244850	0.0291807902	0.03304024026	0.03432375276	0.02015951543	0.01217990511
TGME49_278870	0.2454884768	0.08485307757	0.2511512877	0.3396442971	0.7921755064
TGME49_269970	0.1861967506	0.2006826306	0.1634493202	0.1488791842	0.3384241123
TGME49_249760	0.6897934304	0.6618501628	0.6608535222	0.8563285375	0.4943774161
TGME49_251590	0.03668540437	0.02063855006	0.04468973672	0.0526113895	0.01317951064
TGME49_314418	0.08880342708	0.05118275277	0.07182640926	0.1807601611	0.1527563337
TGME49_245500	0.03768432894	0.02771986603	0.03467879455	0.05181599495	0.02337488303
TGME49_305870	0.03572479621	0.03037363892	0.02865131465	0.06172449779	0.01454038013
TGME49_306510	0.1255686722	0.148692398	0.1584473499	0.06499177121	0.01314318683
TGME49_306210	0.03173463347	0.04251471117	0.02941202203	0.03465113351	0
TGME49_277150	0.04438510802	0.002603923957	0.04032954805	0.1250394474	0.01232801807
TGME49_288460	0.06003765192	0.02946218954	0.05602720647	0.1453755455	0.01590008742
TGME49_457400	0	0	0	0	0
TGME49_457430	0	0	0	0	0
TGME49_457470	0	0	0	0	0
TGME49_457520	0	0	0	0	0
TGME49_457610	0	0	0	0	0
TGME49_457620	0	0	0	0	0
TGME49_457670	0	0	0	0	0
TGME49_457680	0	0	0	0	0
TGME49_457720	0	0	0	0	0
TGME49_457750	0	0	0	0	0
TGME49_457820	0	0	0	0	0
TGME49_457850	0	0	0	0	0
TGME49_457910	0	0	0	0	0
TGME49_458220	0	0	0	0	0
TGME49_458250	0	0	0	0	0
TGME49_458280	0	0	0	0	0
TGME49_458300	0	0	0	0	0
TGME49_458360	0	0	0	0	0
TGME49_458370	0	0	0	0	0
TGME49_458410	0	0	0	0	0
TGME49_458440	0	0	0	0	0
TGME49_458450	0	0	0	0	0
TGME49_458480	0	0	0	0	0
TGME49_458510	0	0	0	0	0
TGME49_458570	0	0	0	0	0
TGME49_458610	0	0	0	0	0
TGME49_458650	0	0	0	0	0
TGME49_458690	0	0	0	0	0
TGME49_458760	0	0	0	0	0
TGME49_458780	0	0	0	0	0
TGME49_458820	0	0	0	0	0
TGME49_458850	0	0	0	0	0
TGME49_458870	0	0	0	0	0
TGME49_458900	0	0	0	0	0
TGME49_459010	0	0	0	0	0
TGME49_459030	0	0	0	0	0
TGME49_459120	0	0	0	0	0
TGME49_459130	0	0	0	0	0
TGME49_459160	0	0	0	0	0
TGME49_459210	0	0	0	0	0
TGME49_459260	0	0	0	0	0
TGME49_459280	0	0	0	0	0
TGME49_459300	0	0	0	0	0
TGME49_459330	0	0	0	0	0
TGME49_459390	0	0	0	0	0
TGME49_459540	0	0	0	0	0
TGME49_459570	0	0	0	0	0
TGME49_459580	0	0	0	0	0
TGME49_459600	0	0	0	0	0
TGME49_459630	0	0	0	0	0
TGME49_459640	0	0	0	0	0
TGME49_459660	0	0	0	0	0
TGME49_459690	0	0	0	0	0
TGME49_459730	0	0	0	0	0
TGME49_459790	0	0	0	0	0
TGME49_459820	0	0	0	0	0
TGME49_459870	0	0	0	0	0
TGME49_459910	0	0	0	0	0
TGME49_459990	0	0	0	0	0
TGME49_460000	0	0	0	0	0
TGME49_460090	0	0	0	0	0
TGME49_460190	0	0	0	0	0
TGME49_460210	0	0	0	0	0
TGME49_460330	0	0	0	0	0
TGME49_460370	0	0	0	0	0
TGME49_460440	0	0	0	0	0
TGME49_460480	0	0	0	0	0
TGME49_460490	0	0	0	0	0
TGME49_460550	0	0	0	0	0
TGME49_460600	0	0	0	0	0
TGME49_460640	0	0	0	0	0
TGME49_460660	0	0	0	0	0
TGME49_460670	0	0	0	0	0
TGME49_460680	0	0	0	0	0
TGME49_460860	0	0	0	0	0
TGME49_460970	0	0	0	0	0
TGME49_460990	0	0	0	0	0
TGME49_461130	0	0	0	0	0
TGME49_461170	0	0	0	0	0
TGME49_461180	0	0	0	0	0
TGME49_461240	0	0	0	0	0
TGME49_461310	0	0	0	0	0
TGME49_461430	0	0	0	0	0
TGME49_457350	0	0	0	0	0
TGME49_457360	0	0	0	0	0
TGME49_457390	0	0	0	0	0
TGME49_457450	0	0	0	0	0
TGME49_457500	0	0	0	0	0
TGME49_457660	0	0	0	0	0
TGME49_457700	0	0	0	0	0
TGME49_457730	0	0	0	0	0
TGME49_457830	0	0	0	0	0
TGME49_457870	0	0	0	0	0
TGME49_457890	0	0	0	0	0
TGME49_457960	0	0	0	0	0
TGME49_458030	0	0	0	0	0
TGME49_458080	0	0	0	0	0
TGME49_458090	0	0	0	0	0
TGME49_458130	0	0	0	0	0
TGME49_458180	0	0	0	0	0
TGME49_458270	0	0	0	0	0
TGME49_458340	0	0	0	0	0
TGME49_458350	0	0	0	0	0
TGME49_458390	0	0	0	0	0
TGME49_458460	0	0	0	0	0
TGME49_458500	0	0	0	0	0
TGME49_458600	0	0	0	0	0
TGME49_458620	0	0	0	0	0
TGME49_458680	0	0	0	0	0
TGME49_458710	0	0	0	0	0
TGME49_458770	0	0	0	0	0
TGME49_458790	0	0	0	0	0
TGME49_458800	0	0	0	0	0
TGME49_458880	0	0	0	0	0
TGME49_458950	0	0	0	0	0
TGME49_459000	0	0	0	0	0
TGME49_459040	0	0	0	0	0
TGME49_459060	0	0	0	0	0
TGME49_459070	0	0	0	0	0
TGME49_459100	0	0	0	0	0
TGME49_459230	0	0	0	0	0
TGME49_459310	0	0	0	0	0
TGME49_459370	0	0	0	0	0
TGME49_459490	0	0	0	0	0
TGME49_459520	0	0	0	0	0
TGME49_459590	0	0	0	0	0
TGME49_459650	0	0	0	0	0
TGME49_459680	0	0	0	0	0
TGME49_459710	0	0	0	0	0
TGME49_459770	0	0	0	0	0
TGME49_459800	0	0	0	0	0
TGME49_459890	0	0	0	0	0
TGME49_459920	0	0	0	0	0
TGME49_459950	0	0	0	0	0
TGME49_460010	0	0	0	0	0
TGME49_460070	0	0	0	0	0
TGME49_460080	0	0	0	0	0
TGME49_460260	0	0	0	0	0
TGME49_460320	0	0	0	0	0
TGME49_460380	0	0	0	0	0
TGME49_460420	0	0	0	0	0
TGME49_460460	0	0	0	0	0
TGME49_460590	0	0	0	0	0
TGME49_460720	0	0	0	0	0
TGME49_460740	0	0	0	0	0
TGME49_460760	0	0	0	0	0
TGME49_460830	0	0	0	0	0
TGME49_460840	0	0	0	0	0
TGME49_460900	0	0	0	0	0
TGME49_460940	0	0	0	0	0
TGME49_461060	0	0	0	0	0
TGME49_461070	0	0	0	0	0
TGME49_461150	0	0	0	0	0
TGME49_461160	0	0	0	0	0
TGME49_461320	0	0	0	0	0
TGME49_461360	0	0	0	0	0
TGME49_461370	0	0	0	0	0
TGME49_461490	0	0	0	0	0
TGME49_461500	0	0	0	0	0
TGME49_228500	0	0	0	0	0
TGME49_271210	0	0	0	0	0
TGME49_259130	0	0	0	0	0
TGME49_457340	0	0	0	0	0
TGME49_457370	0	0	0	0	0
TGME49_457420	0	0	0	0	0
TGME49_457460	0	0	0	0	0
TGME49_457510	0	0	0	0	0
TGME49_457560	0	0	0	0	0
TGME49_457630	0	0	0	0	0
TGME49_457710	0	0	0	0	0
TGME49_457770	0	0	0	0	0
TGME49_457790	0	0	0	0	0
TGME49_457810	0	0	0	0	0
TGME49_457840	0	0	0	0	0
TGME49_457860	0	0	0	0	0
TGME49_457900	0	0	0	0	0
TGME49_457950	0	0	0	0	0
TGME49_458000	0	0	0	0	0
TGME49_458110	0	0	0	0	0
TGME49_458140	0	0	0	0	0
TGME49_458170	0	0	0	0	0
TGME49_458240	0	0	0	0	0
TGME49_458290	0	0	0	0	0
TGME49_458330	0	0	0	0	0
TGME49_458470	0	0	0	0	0
TGME49_458490	0	0	0	0	0
TGME49_458550	0	0	0	0	0
TGME49_458580	0	0	0	0	0
TGME49_458750	0	0	0	0	0
TGME49_458890	0	0	0	0	0
TGME49_458990	0	0	0	0	0
TGME49_459050	0	0	0	0	0
TGME49_459110	0	0	0	0	0
TGME49_459170	0	0	0	0	0
TGME49_459250	0	0	0	0	0
TGME49_459320	0	0	0	0	0
TGME49_459380	0	0	0	0	0
TGME49_459430	0	0	0	0	0
TGME49_459440	0	0	0	0	0
TGME49_459470	0	0	0	0	0
TGME49_459510	0	0	0	0	0
TGME49_459530	0	0	0	0	0
TGME49_459550	0	0	0	0	0
TGME49_459720	0	0	0	0	0
TGME49_459750	0	0	0	0	0
TGME49_459780	0	0	0	0	0
TGME49_459810	0	0	0	0	0
TGME49_459850	0	0	0	0	0
TGME49_459900	0	0	0	0	0
TGME49_459980	0	0	0	0	0
TGME49_460060	0	0	0	0	0
TGME49_460100	0	0	0	0	0
TGME49_460290	0	0	0	0	0
TGME49_460360	0	0	0	0	0
TGME49_460390	0	0	0	0	0
TGME49_460520	0	0	0	0	0
TGME49_460540	0	0	0	0	0
TGME49_460710	0	0	0	0	0
TGME49_460750	0	0	0	0	0
TGME49_460770	0	0	0	0	0
TGME49_460850	0	0	0	0	0
TGME49_460870	0	0	0	0	0
TGME49_460950	0	0	0	0	0
TGME49_460960	0	0	0	0	0
TGME49_460980	0	0	0	0	0
TGME49_461020	0	0	0	0	0
TGME49_461050	0	0	0	0	0
TGME49_461100	0	0	0	0	0
TGME49_461120	0	0	0	0	0
TGME49_461330	0	0	0	0	0
TGME49_461400	0	0	0	0	0
TGME49_461420	0	0	0	0	0
TGME49_461450	0	0	0	0	0
TGME49_242600	0	0	0	0	0
TGME49_312680	0	0	0	0	0
TGME49_307603	0	0	0	0	0
TGME49_283490	0	0	0	0	0
TGME49_328400	0	0	0	0	0
TGME49_252370	0	0	0	0	0
TGME49_246660	0	0	0	0	0
TGME49_322200	0	0	0	0	0
TGME49_322210	0	0	0	0	0
TGME49_289040	0	0	0	0	0
TGME49_287510	0	0	0	0	0
TGME49_212740	0	0	0	0	0
TGME49_272510	0	0	0	0	0
TGME49_325500	0	0	0	0	0
TGME49_325700	0	0	0	0	0
TGME49_302150	0	0	0	0	0
TGME49_283765	0	0	0	0	0
TGME49_268620	0	0	0	0	0
TGME49_225140	0	0	0	0	0
TGME49_266860	0	0	0	0	0
TGME49_305220	0	0	0	0	0
TGME49_315540	0	0	0	0	0
TGME49_318540	0	0	0	0	0
TGME49_254190	0	0	0	0	0
TGME49_297680	0	0	0	0	0
TGME49_283480	0	0	0	0	0
TGME49_303450	0	0	0	0	0
TGME49_229320	0	0	0	0	0
TGME49_203375	0	0	0	0	0
TGME49_263245	0	0	0	0	0
TGME49_266770	0	0	0	0	0
TGME49_278690	0	0	0	0	0
TGME49_204472	0	0	0	0	0
TGME49_285160	0	0	0	0	0
TGME49_246650	0	0	0	0	0
TGME49_242300	0	0	0	0	0
TGME49_205398	0	0	0	0	0
TGME49_326700	0	0	0	0	0
TGME49_217710	0	0	0	0	0
TGME49_215410	0	0	0	0	0
TGME49_258575	0	0	0	0	0
TGME49_272260	0	0	0	0	0
TGME49_327400	0	0	0	0	0
TGME49_324000	0	0	0	0	0
TGME49_285350	0	0	0	0	0
TGME49_291160	0	0	0	0	0
TGME49_327800	0	0	0	0	0
TGME49_206560	0	0	0	0	0
TGME49_229910	0	0	0	0	0
TGME49_256020	0	0	0	0	0
TGME49_321800	0	0	0	0	0
TGME49_325800	0	0	0	0	0
TGME49_302060	0	0	0	0	0
TGME49_207790	0	0	0	0	0
TGME49_212830	0	0	0	0	0
TGME49_299230	0	0	0	0	0
TGME49_264070	0	0	0	0	0
TGME49_258530	0	0	0	0	0
TGME49_273530	0	0	0	0	0
TGME49_284670	0	0	0	0	0
TGME49_310480	0	0	0	0	0
TGME49_321900	0	0	0	0	0
TGME49_261630	0	0	0	0	0
TGME49_243550	0	0	0	0	0
TGME49_200110	0	0	0	0	0
TGME49_200300	0	0	0	0	0
TGME49_200340	0	0	0	0	0
TGME49_200595	0	0	0	0	0
TGME49_200600	0	0	0	0	0
TGME49_201640	0	0	0	0	0
TGME49_201650	0	0	0	0	0
TGME49_201660	0	0	0	0	0
TGME49_202065	0	0	0	0	0
TGME49_202110	0	0	0	0	0
TGME49_202260	0	0	0	0	0
TGME49_202330	0	0	0	0	0
TGME49_202735	0	0	0	0	0
TGME49_202975	0	0	0	0	0
TGME49_202990	0	0	0	0	0
TGME49_203000	0	0	0	0	0
TGME49_203100	0	0	0	0	0
TGME49_204290	0	0	0	0	0
TGME49_204468	0	0	0	0	0
TGME49_204505	0	0	0	0	0
TGME49_205070	0	0	0	0	0
TGME49_205080	0	0	0	0	0
TGME49_205425	0	0	0	0	0
TGME49_205630	0	0	0	0	0
TGME49_206910	0	0	0	0	0
TGME49_207030	0	0	0	0	0
TGME49_207403	0	0	0	0	0
TGME49_207407	0	0	0	0	0
TGME49_207730	0	0	0	0	0
TGME49_207740	0	0	0	0	0
TGME49_207780	0	0	0	0	0
TGME49_208080	0	0	0	0	0
TGME49_208760	0	0	0	0	0
TGME49_209005	0	0	0	0	0
TGME49_209510	0	0	0	0	0
TGME49_209515	0	0	0	0	0
TGME49_209560	0	0	0	0	0
TGME49_209585	0	0	0	0	0
TGME49_209590	0	0	0	0	0
TGME49_209930	0	0	0	0	0
TGME49_210210	0	0	0	0	0
TGME49_210400	0	0	0	0	0
TGME49_210770	0	0	0	0	0
TGME49_210990	0	0	0	0	0
TGME49_211920	0	0	0	0	0
TGME49_212030	0	0	0	0	0
TGME49_212060	0	0	0	0	0
TGME49_212937	0	0	0	0	0
TGME49_213290	0	0	0	0	0
TGME49_213430	0	0	0	0	0
TGME49_214545	0	0	0	0	0
TGME49_214570	0	0	0	0	0
TGME49_214783	0	0	0	0	0
TGME49_214787	0	0	0	0	0
TGME49_215165	0	0	0	0	0
TGME49_215185	0	0	0	0	0
TGME49_215320	0	0	0	0	0
TGME49_215328	0	0	0	0	0
TGME49_215900	0	0	0	0	0
TGME49_215955	0	0	0	0	0
TGME49_216155	0	0	0	0	0
TGME49_216585	0	0	0	0	0
TGME49_217380	0	0	0	0	0
TGME49_217390	0	0	0	0	0
TGME49_217722	0	0	0	0	0
TGME49_217726	0	0	0	0	0
TGME49_217728	0	0	0	0	0
TGME49_217920	0	0	0	0	0
TGME49_218215	0	0	0	0	0
TGME49_218350	0	0	0	0	0
TGME49_218450	0	0	0	0	0
TGME49_218460	0	0	0	0	0
TGME49_218900	0	0	0	0	0
TGME49_220060	0	0	0	0	0
TGME49_220128	0	0	0	0	0
TGME49_220145	0	0	0	0	0
TGME49_220525	0	0	0	0	0
TGME49_221240	0	0	0	0	0
TGME49_222080	0	0	0	0	0
TGME49_222385	0	0	0	0	0
TGME49_222700	0	0	0	0	0
TGME49_222935	0	0	0	0	0
TGME49_223025	0	0	0	0	0
TGME49_223770	0	0	0	0	0
TGME49_223915	0	0	0	0	0
TGME49_224010	0	0	0	0	0
TGME49_224675	0	0	0	0	0
TGME49_225280	0	0	0	0	0
TGME49_225955	0	0	0	0	0
TGME49_226385	0	0	0	0	0
TGME49_226532	0	0	0	0	0
TGME49_226820	0	0	0	0	0
TGME49_226925	0	0	0	0	0
TGME49_227040	0	0	0	0	0
TGME49_227070	0	0	0	0	0
TGME49_227130	0	0	0	0	0
TGME49_227590	0	0	0	0	0
TGME49_227875	0	0	0	0	0
TGME49_227880	0	0	0	0	0
TGME49_228310	0	0	0	0	0
TGME49_228430	0	0	0	0	0
TGME49_228510	0	0	0	0	0
TGME49_228640	0	0	0	0	0
TGME49_228980	0	0	0	0	0
TGME49_229240	0	0	0	0	0
TGME49_229270	0	0	0	0	0
TGME49_230200	0	0	0	0	0
TGME49_230205	0	0	0	0	0
TGME49_230535	0	0	0	0	0
TGME49_230605	0	0	0	0	0
TGME49_230663	0	0	0	0	0
TGME49_230667	0	0	0	0	0
TGME49_231050	0	0	0	0	0
TGME49_231110	0	0	0	0	0
TGME49_231620	0	0	0	0	0
TGME49_231994	0	0	0	0	0
TGME49_231998	0	0	0	0	0
TGME49_232040	0	0	0	0	0
TGME49_232170	0	0	0	0	0
TGME49_232200	0	0	0	0	0
TGME49_232770	0	0	0	0	0
TGME49_233050	0	0	0	0	0
TGME49_233150	0	0	0	0	0
TGME49_233157	0	0	0	0	0
TGME49_233290	0	0	0	0	0
TGME49_233370	0	0	0	0	0
TGME49_233670	0	0	0	0	0
TGME49_233780	0	0	0	0	0
TGME49_233792	0	0	0	0	0
TGME49_234060	0	0	0	0	0
TGME49_234375	0	0	0	0	0
TGME49_234400	0	0	0	0	0
TGME49_234507	0	0	0	0	0
TGME49_234590	0	0	0	0	0
TGME49_235590	0	0	0	0	0
TGME49_235635	0	0	0	0	0
TGME49_236120	0	0	0	0	0
TGME49_236290	0	0	0	0	0
TGME49_237060	0	0	0	0	0
TGME49_237080	0	0	0	0	0
TGME49_237835	0	0	0	0	0
TGME49_237893	0	0	0	0	0
TGME49_238450	0	0	0	0	0
TGME49_238505	0	0	0	0	0
TGME49_238530	0	0	0	0	0
TGME49_238860	0	0	0	0	0
TGME49_239570	0	0	0	0	0
TGME49_239640	0	0	0	0	0
TGME49_239650	0	0	0	0	0
TGME49_239660	0	0	0	0	0
TGME49_240230	0	0	0	0	0
TGME49_240295	0	0	0	0	0
TGME49_240365	0	0	0	0	0
TGME49_240525	0	0	0	0	0
TGME49_240620	0	0	0	0	0
TGME49_240680	0	0	0	0	0
TGME49_242040	0	0	0	0	0
TGME49_242370	0	0	0	0	0
TGME49_243110	0	0	0	0	0
TGME49_243302	0	0	0	0	0
TGME49_243355	0	0	0	0	0
TGME49_243360	0	0	0	0	0
TGME49_243670	0	0	0	0	0
TGME49_243700	0	0	0	0	0
TGME49_243770	0	0	0	0	0
TGME49_243900	0	0	0	0	0
TGME49_244015	0	0	0	0	0
TGME49_244360	0	0	0	0	0
TGME49_244710	0	0	0	0	0
TGME49_244890	0	0	0	0	0
TGME49_246555	0	0	0	0	0
TGME49_246640	0	0	0	0	0
TGME49_247010	0	0	0	0	0
TGME49_247305	0	0	0	0	0
TGME49_247970	0	0	0	0	0
TGME49_248210	0	0	0	0	0
TGME49_248620	0	0	0	0	0
TGME49_248673	0	0	0	0	0
TGME49_248820	0	0	0	0	0
TGME49_249230	0	0	0	0	0
TGME49_249280	0	0	0	0	0
TGME49_251420	0	0	0	0	0
TGME49_251430	0	0	0	0	0
TGME49_251650	0	0	0	0	0
TGME49_251820	0	0	0	0	0
TGME49_252300	0	0	0	0	0
TGME49_252395	0	0	0	0	0
TGME49_252860	0	0	0	0	0
TGME49_253050	0	0	0	0	0
TGME49_253150	0	0	0	0	0
TGME49_253390	0	0	0	0	0
TGME49_253500	0	0	0	0	0
TGME49_253660	0	0	0	0	0
TGME49_254320	0	0	0	0	0
TGME49_254360	0	0	0	0	0
TGME49_254670	0	0	0	0	0
TGME49_254780	0	0	0	0	0
TGME49_254855	0	0	0	0	0
TGME49_255175	0	0	0	0	0
TGME49_255360	0	0	0	0	0
TGME49_255490	0	0	0	0	0
TGME49_255990	0	0	0	0	0
TGME49_256035	0	0	0	0	0
TGME49_256220	0	0	0	0	0
TGME49_256850	0	0	0	0	0
TGME49_256950	0	0	0	0	0
TGME49_257420	0	0	0	0	0
TGME49_257460	0	0	0	0	0
TGME49_257610	0	0	0	0	0
TGME49_257690	0	0	0	0	0
TGME49_257700	0	0	0	0	0
TGME49_258140	0	0	0	0	0
TGME49_258220	0	0	0	0	0
TGME49_258512	0	0	0	0	0
TGME49_258618	0	0	0	0	0
TGME49_258622	0	0	0	0	0
TGME49_258890	0	0	0	0	0
TGME49_259030	0	0	0	0	0
TGME49_259160	0	0	0	0	0
TGME49_259280	0	0	0	0	0
TGME49_259680	0	0	0	0	0
TGME49_259895	0	0	0	0	0
TGME49_260280	0	0	0	0	0
TGME49_260290	0	0	0	0	0
TGME49_261040	0	0	0	0	0
TGME49_262160	0	0	0	0	0
TGME49_262440	0	0	0	0	0
TGME49_262715	0	0	0	0	0
TGME49_263135	0	0	0	0	0
TGME49_263350	0	0	0	0	0
TGME49_263639	0	0	0	0	0
TGME49_263642	0	0	0	0	0
TGME49_264182	0	0	0	0	0
TGME49_264260	0	0	0	0	0
TGME49_264745	0	0	0	0	0
TGME49_264748	0	0	0	0	0
TGME49_264875	0	0	0	0	0
TGME49_265050	0	0	0	0	0
TGME49_265100	0	0	0	0	0
TGME49_265175	0	0	0	0	0
TGME49_265538	0	0	0	0	0
TGME49_266650	0	0	0	0	0
TGME49_266720	0	0	0	0	0
TGME49_266980	0	0	0	0	0
TGME49_267990	0	0	0	0	0
TGME49_268170	0	0	0	0	0
TGME49_268190	0	0	0	0	0
TGME49_268225	0	0	0	0	0
TGME49_268230	0	0	0	0	0
TGME49_268270	0	0	0	0	0
TGME49_268940	0	0	0	0	0
TGME49_269085	0	0	0	0	0
TGME49_269170	0	0	0	0	0
TGME49_269280	0	0	0	0	0
TGME49_269350	0	0	0	0	0
TGME49_269365	0	0	0	0	0
TGME49_269380	0	0	0	0	0
TGME49_269582	0	0	0	0	0
TGME49_270030	0	0	0	0	0
TGME49_270080	0	0	0	0	0
TGME49_270277	0	0	0	0	0
TGME49_270280	0	0	0	0	0
TGME49_270290	0	0	0	0	0
TGME49_270660	0	0	0	0	0
TGME49_270925	0	0	0	0	0
TGME49_270950	0	0	0	0	0
TGME49_271115	0	0	0	0	0
TGME49_271174	0	0	0	0	0
TGME49_271220	0	0	0	0	0
TGME49_271315	0	0	0	0	0
TGME49_271985	0	0	0	0	0
TGME49_272265	0	0	0	0	0
TGME49_272415	0	0	0	0	0
TGME49_272450	0	0	0	0	0
TGME49_272905	0	0	0	0	0
TGME49_273040	0	0	0	0	0
TGME49_273340	0	0	0	0	0
TGME49_273468	0	0	0	0	0
TGME49_273472	0	0	0	0	0
TGME49_273705	0	0	0	0	0
TGME49_274080	0	0	0	0	0
TGME49_274280	0	0	0	0	0
TGME49_274700	0	0	0	0	0
TGME49_276840	0	0	0	0	0
TGME49_276850	0	0	0	0	0
TGME49_276870	0	0	0	0	0
TGME49_276880	0	0	0	0	0
TGME49_277055	0	0	0	0	0
TGME49_277705	0	0	0	0	0
TGME49_277830	0	0	0	0	0
TGME49_278145	0	0	0	0	0
TGME49_278310	0	0	0	0	0
TGME49_278565	0	0	0	0	0
TGME49_278753	0	0	0	0	0
TGME49_278757	0	0	0	0	0
TGME49_278965	0	0	0	0	0
TGME49_279345	0	0	0	0	0
TGME49_279355	0	0	0	0	0
TGME49_279560	0	0	0	0	0
TGME49_280070	0	0	0	0	0
TGME49_280430	0	0	0	0	0
TGME49_281350	0	0	0	0	0
TGME49_281360	0	0	0	0	0
TGME49_281460	0	0	0	0	0
TGME49_281530	0	0	0	0	0
TGME49_281955	0	0	0	0	0
TGME49_282030	0	0	0	0	0
TGME49_283495	0	0	0	0	0
TGME49_283585	0	0	0	0	0
TGME49_283770	0	0	0	0	0
TGME49_283882	0	0	0	0	0
TGME49_284610	0	0	0	0	0
TGME49_285300	0	0	0	0	0
TGME49_285665	0	0	0	0	0
TGME49_285790	0	0	0	0	0
TGME49_285865	0	0	0	0	0
TGME49_286110	0	0	0	0	0
TGME49_286170	0	0	0	0	0
TGME49_286465	0	0	0	0	0
TGME49_286595	0	0	0	0	0
TGME49_286778	0	0	0	0	0
TGME49_287235	0	0	0	0	0
TGME49_288465	0	0	0	0	0
TGME49_289023	0	0	0	0	0
TGME49_289030	0	0	0	0	0
TGME49_289060	0	0	0	0	0
TGME49_289273	0	0	0	0	0
TGME49_289277	0	0	0	0	0
TGME49_289850	0	0	0	0	0
TGME49_289870	0	0	0	0	0
TGME49_290010	0	0	0	0	0
TGME49_290610	0	0	0	0	0
TGME49_290645	0	0	0	0	0
TGME49_290925	0	0	0	0	0
TGME49_291005	0	0	0	0	0
TGME49_292290	0	0	0	0	0
TGME49_293010	0	0	0	0	0
TGME49_293020	0	0	0	0	0
TGME49_293250	0	0	0	0	0
TGME49_294660	0	0	0	0	0
TGME49_297300	0	0	0	0	0
TGME49_297310	0	0	0	0	0
TGME49_297440	0	0	0	0	0
TGME49_297450	0	0	0	0	0
TGME49_297480	0	0	0	0	0
TGME49_297643	0	0	0	0	0
TGME49_297725	0	0	0	0	0
TGME49_297910	0	0	0	0	0
TGME49_298080	0	0	0	0	0
TGME49_298590	0	0	0	0	0
TGME49_299015	0	0	0	0	0
TGME49_299790	0	0	0	0	0
TGME49_299800	0	0	0	0	0
TGME49_300070	0	0	0	0	0
TGME49_300080	0	0	0	0	0
TGME49_300780	0	0	0	0	0
TGME49_301190	0	0	0	0	0
TGME49_301200	0	0	0	0	0
TGME49_301415	0	0	0	0	0
TGME49_305000	0	0	0	0	0
TGME49_305110	0	0	0	0	0
TGME49_305498	0	0	0	0	0
TGME49_306035	0	0	0	0	0
TGME49_306235	0	0	0	0	0
TGME49_306334	0	0	0	0	0
TGME49_306880	0	0	0	0	0
TGME49_306940	0	0	0	0	0
TGME49_307050	0	0	0	0	0
TGME49_307080	0	0	0	0	0
TGME49_307620	0	0	0	0	0
TGME49_307780	0	0	0	0	0
TGME49_309405	0	0	0	0	0
TGME49_309540	0	0	0	0	0
TGME49_309550	0	0	0	0	0
TGME49_310215	0	0	0	0	0
TGME49_310455	0	0	0	0	0
TGME49_310690	0	0	0	0	0
TGME49_310940	0	0	0	0	0
TGME49_310990	0	0	0	0	0
TGME49_311050	0	0	0	0	0
TGME49_311170	0	0	0	0	0
TGME49_311375	0	0	0	0	0
TGME49_311420	0	0	0	0	0
TGME49_311820	0	0	0	0	0
TGME49_312245	0	0	0	0	0
TGME49_312445	0	0	0	0	0
TGME49_312850	0	0	0	0	0
TGME49_312970	0	0	0	0	0
TGME49_312980	0	0	0	0	0
TGME49_313025	0	0	0	0	0
TGME49_313055	0	0	0	0	0
TGME49_313250	0	0	0	0	0
TGME49_313418	0	0	0	0	0
TGME49_313460	0	0	0	0	0
TGME49_313510	0	0	0	0	0
TGME49_313650	0	0	0	0	0
TGME49_313677	0	0	0	0	0
TGME49_313848	0	0	0	0	0
TGME49_314362	0	0	0	0	0
TGME49_314482	0	0	0	0	0
TGME49_314715	0	0	0	0	0
TGME49_314885	0	0	0	0	0
TGME49_315090	0	0	0	0	0
TGME49_315240	0	0	0	0	0
TGME49_315630	0	0	0	0	0
TGME49_315962	0	0	0	0	0
TGME49_316235	0	0	0	0	0
TGME49_316390	0	0	0	0	0
TGME49_316550	0	0	0	0	0
TGME49_317820	0	0	0	0	0
TGME49_318220	0	0	0	0	0
TGME49_318738	0	0	0	0	0
TGME49_319390	0	0	0	0	0
TGME49_319680	0	0	0	0	0
TGME49_319690	0	0	0	0	0
TGME49_319890	0	0	0	0	0
TGME49_319980	0	0	0	0	0
TGME49_319988	0	0	0	0	0
TGME49_320280	0	0	0	0	0
TGME49_320290	0	0	0	0	0
TGME49_320710	0	0	0	0	0
TGME49_322020	0	0	0	0	0
TGME49_322030	0	0	0	0	0
TGME49_322130	0	0	0	0	0
TGME49_322600	0	0	0	0	0
TGME49_322900	0	0	0	0	0
TGME49_323330	0	0	0	0	0
TGME49_323900	0	0	0	0	0
TGME49_324100	0	0	0	0	0
TGME49_324200	0	0	0	0	0
TGME49_324400	0	0	0	0	0
TGME49_324700	0	0	0	0	0
TGME49_324900	0	0	0	0	0
TGME49_325000	0	0	0	0	0
TGME49_325100	0	0	0	0	0
TGME49_326300	0	0	0	0	0
TGME49_326400	0	0	0	0	0
TGME49_326600	0	0	0	0	0
TGME49_326900	0	0	0	0	0
TGME49_327500	0	0	0	0	0
TGME49_327600	0	0	0	0	0
TGME49_327700	0	0	0	0	0
TGME49_327900	0	0	0	0	0
TGME49_328000	0	0	0	0	0
TGME49_328100	0	0	0	0	0
TGME49_328500	0	0	0	0	0
TGME49_293890	0	0	0	0	0
TGME49_305570	0	0	0	0	0
TGME49_328600	0	0	0	0	0
TGME49_259890	0	0	0	0	0
TGME49_283470	0	0	0	0	0
TGME49_230020	0	0	0	0	0
TGME49_253110	0	0	0	0	0
TGME49_274020	0	0	0	0	0
TGME49_230135	0	0	0	0	0
TGME49_286660	0	0	0	0	0
TGME49_323000	0	0	0	0	0
TGME49_323020	0	0	0	0	0
TGME49_216965	0	0	0	0	0
TGME49_233940	0	0	0	0	0
TGME49_239110	0	0	0	0	0
TGME49_248970	0	0	0	0	0
TGME49_316420	0	0	0	0	0
TGME49_266660	0	0	0	0	0
TGME49_293830	0	0	0	0	0
TGME49_273390	0	0	0	0	0
TGME49_260850	0	0	0	0	0
TGME49_290930	0	0	0	0	0
TGME49_233270	0	0	0	0	0
TGME49_225032	0	0	0	0	0
TGME49_322100	0	0	0	0	0
TGME49_323300	0	0	0	0	0
TGME49_266710	0	0	0	0	0
TGME49_319700	0	0	0	0	0
TGME49_324500	0	0	0	0	0
TGME49_202210	0	0	0	0	0
TGME49_259960	0	0	0	0	0
TGME49_269110	0	0	0	0	0
TGME49_210678	0	0	0	0	0
TGME49_237894	0	0	0	0	0
TGME49_237900	0	0	0	0	0
TGME49_323600	0	0	0	0	0
TGME49_323700	0	0	0	0	0
TGME49_323800	0	0	0	0	0
TGME49_269120	0	0	0	0	0
TGME49_320560	0	0	0	0	0
TGME49_235390	0	0	0	0	0
TGME49_286150	0	0	0	0	0
TGME49_263250	0	0	0	0	0
TGME49_244480	0	0	0	0	0
TGME49_258120	0	0	0	0	0
TGME49_248225	0	0	0	0	0
TGME49_328200	0	0	0	0	0
TGME49_232580	0	0	0	0	0
TGME49_325300	0	0	0	0	0
TGME49_226540	0	0	0	0	0
TGME49_272540	0	0	0	0	0
TGME49_233330	0	0	0	0	0
TGME49_213420	0	0	0	0	0
TGME49_307600	0	0	0	0	0
TGME49_266040	0	0	0	0	0
TGME49_242250	0	0	0	0	0
TGME49_242230	0	0	0	0	0
TGME49_327200	0	0	0	0	0
TGME49_302053	0	0	0	0	0
TGME49_326000	0	0	0	0	0
TGME49_326800	0	0	0	0	0
TGME49_295600	0	0	0	0	0
TGME49_208850	0	0	0	0	0
TGME49_320240	0	0	0	0	0
TGME49_301150	0	0	0	0	0
TGME49_301160	0	0	0	0	0
TGME49_285860	0	0	0	0	0
TGME49_283460	0	0	0	0	0
TGME49_238460	0	0	0	0	0
TGME49_238470	0	0	0	0	0
TGME49_238500	0	0	0	0	0
TGME49_259410	0	0	0	0	0
TGME49_259300	0	0	0	0	0
TGME49_259290	0	0	0	0	0
TGME49_329710	0	0	0	0	0
TGME49_329700	0	0	0	0	0
TGME49_272560	0	0	0	0	0
TGME49_210330	0	0	0	0	0
TGME49_224790	0	0	0	0	0
TGME49_224780	0	0	0	0	0
TGME49_235600	0	0	0	0	0
TGME49_275360	0	0	0	0	0
TGME49_296640	0	0	0	0	0
TGME49_207010	0	0	0	0	0
TGME49_315370	0	0	0	0	0
TGME49_315380	0	0	0	0	0
TGME49_307840	0	0	0	0	0
TGME49_283530	0	0	0	0	0
TGME49_205402	0	0	0	0	0
TGME49_315350	0	0	0	0	0
TGME49_319970	0	0	0	0	0
TGME49_248760	0	0	0	0	0
TGME49_201750	0	0	0	0	0
TGME49_278790	0	0	0	0	0
TGME49_223030	0	0	0	0	0
TGME49_242350	0	0	0	0	0
TGME49_283500	0	0	0	0	0
TGME49_302450	0	0	0	0	0
TGME49_247660	0	0	0	0	0
TGME49_255480	0	0	0	0	0
TGME49_293372	0	0	0	0	0
TGME49_243100	0	0	0	0	0
TGME49_243140	0	0	0	0	0
TGME49_243150	0	0	0	0	0
TGME49_243160	0	0	0	0	0
TGME49_243180	0	0	0	0	0
TGME49_266330	0	0	0	0	0
TGME49_266335	0	0	0	0	0
TGME49_278320	0	0	0	0	0
TGME49_278330	0	0	0	0	0
TGME49_278340	0	0	0	0	0
TGME49_278350	0	0	0	0	0
TGME49_278360	0	0	0	0	0
TGME49_278420	0	0	0	0	0
TGME49_327300	0	0	0	0	0
TGME49_299570	0	0	0	0	0
TGME49_329400	0	0	0	0	0
TGME49_236975	0	0	0	0	0
TGME49_271570	0	0	0	0	0
TGME49_271590	0	0	0	0	0
TGME49_277572	0	0	0	0	0
TGME49_294600	0	0	0	0	0
TGME49_240325	0	0	0	0	0
TGME49_240330	0	0	0	0	0
TGME49_240340	0	0	0	0	0
TGME49_240350	0	0	0	0	0
TGME49_240360	0	0	0	0	0
TGME49_293800	0	0	0	0	0
TGME49_208460	0	0	0	0	0
TGME49_208470	0	0	0	0	0
TGME49_219560	0	0	0	0	0
TGME49_253010	0	0	0	0	0
TGME49_277250	0	0	0	0	0
TGME49_277265	0	0	0	0	0
TGME49_297950	0	0	0	0	0
TGME49_328550	0	0	0	0	0
TGME49_216570	0	0	0	0	0
TGME49_229960	0	0	0	0	0
TGME49_229970	0	0	0	0	0
TGME49_233702	0	0	0	0	0
TGME49_236158	0	0	0	0	0
TGME49_271830	0	0	0	0	0
TGME49_273420	0	0	0	0	0
TGME49_309835	0	0	0	0	0
TGME49_316500	0	0	0	0	0
TGME49_232460	0	0	0	0	0
TGME49_239450	0	0	0	0	0
TGME49_293750	0	0	0	0	0
TGME49_313800	0	0	0	0	0
TGME49_218430	0	0	0	0	0
TGME49_218440	0	0	0	0	0
TGME49_250860	0	0	0	0	0
TGME49_253505	0	0	0	0	0
TGME49_272580	0	0	0	0	0
TGME49_316460	0	0	0	0	0
TGME49_257383	0	0	0	0	0
TGME49_282100	0	0	0	0	0
TGME49_282110	0	0	0	0	0
TGME49_282120	0	0	0	0	0
TGME49_305505	0	0	0	0	0
TGME49_234617	0	0	0	0	0
TGME49_267110	0	0	0	0	0
TGME49_272220	0	0	0	0	0
TGME49_275820	0	0	0	0	0
TGME49_305170	0	0	0	0	0
TGME49_315200	0	0	0	0	0
TGME49_202320	0	0	0	0	0
TGME49_214360	0	0	0	0	0
TGME49_218480	0	0	0	0	0
TGME49_234622	0	0	0	0	0
TGME49_261550	0	0	0	0	0
TGME49_268440	0	0	0	0	0
TGME49_268450	0	0	0	0	0
TGME49_271891	0	0	0	0	0
TGME49_311190	0	0	0	0	0
TGME49_311200	0	0	0	0	0
TGME49_202670	0	0	0	0	0
TGME49_228075	0	0	0	0	0
TGME49_246680	0	0	0	0	0
TGME49_255230	0	0	0	0	0
TGME49_257386	0	0	0	0	0
TGME49_277960	0	0	0	0	0
TGME49_288760	0	0	0	0	0
TGME49_288765	0	0	0	0	0
TGME49_288770	0	0	0	0	0
TGME49_229980	0	0	0	0	0
TGME49_293880	0	0	0	0	0
TGME49_307750	0	0	0	0	0
TGME49_213500	0	0	0	0	0
TGME49_214450	0	0	0	0	0
TGME49_233880	0	0	0	0	0
TGME49_262568	0	0	0	0	0
TGME49_327550	0	0	0	0	0
TGME49_355100	0	0	0	0	0
TGME49_355110	0	0	0	0	0
TGME49_205310	0	0	0	0	0
TGME49_221290	0	0	0	0	0
TGME49_222680	0	0	0	0	0
TGME49_222690	0	0	0	0	0
TGME49_249485	0	0	0	0	0
TGME49_270110	0	0	0	0	0
TGME49_290320	0	0	0	0	0
TGME49_291360	0	0	0	0	0
TGME49_291370	0	0	0	0	0
TGME49_212230	0	0	0	0	0
TGME49_216550	0	0	0	0	0
TGME49_239030	0	0	0	0	0
TGME49_239040	0	0	0	0	0
TGME49_245690	0	0	0	0	0
TGME49_245700	0	0	0	0	0
TGME49_269228	0	0	0	0	0
TGME49_269232	0	0	0	0	0
TGME49_316590	0	0	0	0	0
TGME49_202895	0	0	0	0	0
TGME49_212750	0	0	0	0	0
TGME49_248915	0	0	0	0	0
TGME49_248925	0	0	0	0	0
TGME49_257140	0	0	0	0	0
TGME49_269820	0	0	0	0	0
TGME49_209230	0	0	0	0	0
TGME49_249830	0	0	0	0	0
TGME49_309360	0	0	0	0	0
TGME49_318615	0	0	0	0	0
TGME49_225024	0	0	0	0	0
TGME49_232070	0	0	0	0	0
TGME49_259938	0	0	0	0	0
TGME49_269790	0	0	0	0	0
TGME49_270180	0	0	0	0	0
TGME49_285960	0	0	0	0	0
TGME49_286265	0	0	0	0	0
TGME49_298000	0	0	0	0	0
TGME49_299825	0	0	0	0	0
TGME49_321320	0	0	0	0	0
TGME49_321350	0	0	0	0	0
TGME49_207365	0	0	0	0	0
TGME49_207380	0	0	0	0	0
TGME49_207810	0	0	0	0	0
TGME49_208480	0	0	0	0	0
TGME49_220620	0	0	0	0	0
TGME49_254100	0	0	0	0	0
TGME49_275340	0	0	0	0	0
TGME49_288980	0	0	0	0	0
TGME49_310875	0	0	0	0	0
TGME49_310880	0	0	0	0	0
TGME49_319330	0	0	0	0	0
TGME49_215110	0	0	0	0	0
TGME49_215120	0	0	0	0	0
TGME49_224120	0	0	0	0	0
TGME49_243320	0	0	0	0	0
TGME49_251720	0	0	0	0	0
TGME49_253840	0	0	0	0	0
TGME49_276950	0	0	0	0	0
TGME49_292180	0	0	0	0	0
TGME49_355090	0	0	0	0	0
TGME49_355190	0	0	0	0	0
TGME49_219580	0	0	0	0	0
TGME49_248580	0	0	0	0	0
TGME49_269810	0	0	0	0	0
TGME49_213510	0	0	0	0	0
TGME49_234680	0	0	0	0	0
TGME49_234690	0	0	0	0	0
TGME49_320655	0	0	0	0	0
TGME49_218380	0	0	0	0	0
TGME49_234660	0	0	0	0	0
TGME49_251700	0	0	0	0	0
TGME49_268410	0	0	0	0	0
TGME49_268420	0	0	0	0	0
TGME49_308900	0	0	0	0	0
TGME49_308910	0	0	0	0	0
TGME49_315650	0	0	0	0	0
TGME49_321380	0	0	0	0	0
TGME49_230670	0	0	0	0	0
TGME49_326200	0	0	0	0	0
TGME49_327100	0	0	0	0	0
TGME49_327000	0	0	0	0	0
TGME49_259670	0	0	0	0	0
TGME49_258520	0	0	0	0	0
TGME49_253550	0	0	0	0	0
TGME49_219670	0	0	0	0	0
TGME49_257130	0	0	0	0	0
TGME49_313740	0	0	0	0	0
TGME49_325900	0	0	0	0	0
TGME49_303050	0	0	0	0	0
TGME49_312460	0	0	0	0	0
