hepatocyte_pf_infection_log2fc	hepatocyte_pf_infection_padj	host_id	host_name
-0.5316466259	0.4209868667	P02768	ALB
-0.3324710375	0.3005120799	P00395	MT-CO1
-0.3793711315	0.2816090673	P03905	MT-ND4
-0.4667759141	0.236508846	P00156	MT-CYB
-0.5863145332	0.2229482068	P04114	APOB
-0.3537915174	0.3195994159	P03891	MT-ND2
-0.3094316072	0.2813619255	P00403	MT-CO2
-0.2509633927	0.3872370038	P03915	MT-ND5
-0.02312102717	0.9607606708	P02675	FGB
-0.4393846622	0.2357917706	P00414	MT-CO3
-0.2441457657	0.5561617937	P02671	FGA
-0.5919385192	0.2808741936	P00450	CP
0.07432737863	0.7402307991	P04179	SOD2
-0.04686342273	0.9580912787	O00767	SCD
-0.07368666223	0.86840106	P02679	FGG
-0.9526496551	0.2242715681	P01024	C3
-0.2263904477	0.5647354296	P01009	SERPINA1
-0.8684605388	0.5072602346	P02787	TF
-0.3957299288	0.2620174029	P00846	MT-ATP6
-0.3948617543	0.2692700843	P03886	MT-ND1
0.2180999928	0.3238728537	P02792	FTL
-0.290902325	0.4361816712	Q8N131	TMEM123
-0.5541203988	0.4390005215	P02751	FN1
0.02324312068	0.9231751968	P61769	B2M
0.1351278796	0.8580276482	P02763	ORM1
-0.7992613057	0.2743833929	P05062	ALDOB
-0.5262909332	0.3796801647	P02774	GC
0.05156946451	0.8761726822	Q01082	SPTBN1
-0.2870472039	0.7035681554	P49908	SELENOP
-0.3390670076	0.4209868667	P00352	ALDH1A1
-0.6312615912	0.3806327166	P02765	AHSG
-0.7261017959	0.3687489394	P02749	APOH
-0.5327530214	0.349886707	P02760	AMBP
0.2094169745	0.6062576651	P60709	ACTB
0.7747769042	0.3975408408	Q99541	PLIN2
-0.7525607072	0.4374959736	P08684	CYP3A4
0.5400030783	0.1450648624	Q13501	SQSTM1
-0.06516777892	0.9539074961	P00738	HP
-0.5740204713	0.3330360676	P09871	C1S
-0.8838610491	0.2876575184	P01042	KNG1
0.1708378056	0.5043825725	P04406	GAPDH
0.09933827171	0.7798141054	P55061	TMBIM6
0.1499619017	0.5709020027	P10620	MGST1
0.2114455583	0.439998095	P00338	LDHA
-0.1262928682	0.8058269392	P33121	ACSL1
0.2013455442	0.3392653621	P02794	FTH1
-0.2115077027	0.2620174029	P68104	EEF1A1
-0.5749007667	0.2124809558	P03897	MT-ND3
-0.4866318273	0.2428974503	P10909	CLU
0.2151157501	0.3114647237	P07900	HSP90AA1
-0.1085499123	0.6073588415	P13693	TPT1
0.285556827	0.2650875749	P06733	ENO1
-0.4747610025	0.2896679745	P04003	C4BPA
-0.3872248132	0.6175775464	P02753	RBP4
0.7365347427	0.236508846	P05121	SERPINE1
-0.8434158434	0.203078386	P01023	A2M
0.2505094856	0.4992975249	P63261	ACTG1
-0.3359680726	0.2620174029	Q14520	HABP2
0.4311800843	0.3279489729	O00469	PLOD2
-0.3501241618	0.3541007613	P07858	CTSB
0.3610572312	0.1925424492	P11142	HSPA8
-0.3572920287	0.5656085701	O15503	INSIG1
-0.2985753755	0.3131215522	Q14032	BAAT
-0.2820973224	0.4761026821	P05155	SERPING1
-0.05830352245	0.7685261648	O95497	VNN1
-0.2410595905	0.7645947935	Q9Y2D1	ATF5
-0.003162223422	0.995091397	P35579	MYH9
-0.3269033783	0.3879762337	Q08830	FGL1
-1.034875861	0.1887734921	Q06033	ITIH3
0.03393095302	0.8510623258	P27824	CANX
-0.6304797955	0.1914704449	P00439	PAH
0.129686505	0.7580980543	P06133	UGT2B4
-0.1660175827	0.4592135878	P07237	P4HB
0.1730722944	0.3427968018	P78344	EIF4G2
-0.1074465203	0.4608523797	Q05682	CALD1
-0.7143375213	0.3376142228	P50440	GATM
-0.05325582749	0.8174331105	Q15043	SLC39A14
0.09455030108	0.7056934456	P05556	ITGB1
0.2473676394	0.2692700843	P08238	HSP90AB1
-0.4183831927	0.3140978151	P23141	CES1
0.0009782803287	0.9978035341	P18428	LBP
0.1832173234	0.5041593412	P11021	HSPA5
-0.5423934488	0.2515579634	P03901	MT-ND4L
-0.3899461661	0.3352442633	P20815	CYP3A5
-0.03694181503	0.8636945723	O43795	MYO1B
0.0608188672	0.7770008096	P13639	EEF2
-0.1598303947	0.7292505644	Q01581	HMGCS1
-0.09505819843	0.6606819803	P14625	HSP90B1
-0.1048371183	0.8822101728	Q9HCL2	GPAM
-0.2576378686	0.4290705193	Q03001	DST
-0.1559424168	0.4699765242	P07602	PSAP
-0.4021182091	0.4141420755	P05546	SERPIND1
-0.05485850613	0.8894518696	Q16851	UGP2
-0.7214793876	0.3661656858	P31327	CPS1
0.5206551852	0.3991674439	P21980	TGM2
0.04014778958	0.8963624027	Q92887	ABCC2
-0.1603683737	0.6621671854	Q15392	DHCR24
-0.04752288583	0.8589478643	P17844	DDX5
-0.05220175264	0.8173029779	O95832	CLDN1
-0.5159465583	0.2794161897	P04004	VTN
0.2781471901	0.4218212398	Q07820	MCL1
-0.03298553639	0.9314331516	Q09666	AHNAK
-0.8159385857	0.4083120315	P02766	TTR
0.2982146051	0.4169654128	Q06278	AOX1
0.08711686574	0.7128996447	P38646	HSPA9
-0.1517791132	0.2876896638	P07437	TUBB
-0.2303132251	0.7056934456	P52569	SLC7A2
0.0476678282	0.8819463399	P00558	PGK1
-0.8230423006	0.2400082042	P19823	ITIH2
-0.1264720402	0.6809637716	Q13772	NCOA4
0.09442426975	0.8839649182	P11712	CYP2C9
-0.3959663644	0.2643325665	P13473	LAMP2
0.7438987587	0.2187235277	Q16881	TXNRD1
-0.1687024468	0.5390847135	Q15629	TRAM1
-0.3041951421	0.3891721196	P27797	CALR
0.01830929126	0.9349855004	Q14108	SCARB2
0.7615458139	0.09511172915	Q04828	AKR1C1
-0.3837516518	0.4020120508	P00167	CYB5A
0.6765489024	0.175421593	P52895	AKR1C2
0.2620473669	0.3016077784	P10809	HSPD1
0.09654782787	0.5290279712	P13797	PLS3
-0.562070078	0.3446330117	O43315	AQP9
0.1801165417	0.3600386761	P40189	IL6ST
-0.2252620487	0.5270417408	Q15800	MSMO1
0.2265028346	0.5278141347	P05787	KRT8
0.4327339063	0.2620174029	Q96QD8	SLC38A2
-1.510220418	0.2692700843	P00747	PLG
-0.8362947262	0.3400393006	P02649	APOE
0.1121087628	0.9268947588	P02656	APOC3
-0.0003100018865	0.9986894873	P26038	MSN
-0.722730115	0.3000009959	P02790	HPX
-0.7937227672	0.370789571	P01008	SERPINC1
-0.6570696257	0.1914704449	P01833	PIGR
0.5018580053	0.1887734921	Q14914	PTGR1
0.06941988599	0.7029314778	O75534	CSDE1
-0.01715228505	0.9505930532	Q9Y5C1	ANGPTL3
-1.261684753	0.2124809558	P04196	HRG
-0.3510254042	0.2977380734	Q06481	APLP2
0.08708808707	0.7079548098	Q92604	LPGAT1
0.1176592344	0.4992975249	P62753	RPS6
0.1633999658	0.6781958736	O75369	FLNB
0.3297673468	0.4003662308	P05783	KRT18
-0.2357211119	0.2807617949	P39023	RPL3
0.07692135687	0.5702616535	Q00610	CLTC
-0.1078979947	0.8435918008	O75874	IDH1
0.07388426984	0.7090925143	O00571	DDX3X
-0.07549765353	0.6257265699	P06576	ATP5F1B
0.0006370725889	0.9979318208	P17861	XBP1
0.5100911008	0.1996231546	O60701	UGDH
0.0844839028	0.8802362784	P15036	ETS2
-0.251587299	0.482102778	P48230	TM4SF4
-0.09184356718	0.7690313656	Q9NP59	SLC40A1
0.2809034697	0.3091937578	P63104	YWHAZ
-0.2848733403	0.5624261767	P15907	ST6GAL1
-0.0006267021399	0.9986414752	P01889	HLA-B
0.1251761112	0.6218962575	P07355	ANXA2
-0.650494044	0.2604270401	P01031	C5
0.068068552	0.9190933632	P19652	ORM2
-0.02897177461	0.9443584591	Q5VZF2	MBNL2
0.04064983431	0.9092010803	P02743	APCS
0.004696133013	0.9805558795	Q00341	HDLBP
-0.4458219169	0.2124809558	P05067	APP
0.1007702338	0.4542455891	P61978	HNRNPK
-0.1937606463	0.3796801647	Q96G23	CERS2
-0.1118637927	0.550926845	P27105	STOM
-0.06143562178	0.7689115004	Q99732	LITAF
0.03728513039	0.7685261648	P22626	HNRNPA2B1
-0.9906716968	0.04481398001	Q15582	TGFBI
0.3042939794	0.4874098742	P25311	AZGP1
0.2962852983	0.2716138434	P11940	PABPC1
0.2560860364	0.2599913037	P0CG48	UBC
-0.4310333485	0.2807286993	P18827	SDC1
-0.1757594678	0.5734551673	Q96HE7	ERO1A
-0.08452428772	0.5915833762	P62701	RPS4X
0.08129733826	0.6599065028	P36578	RPL4
-0.09492417845	0.5173977322	Q14240	EIF4A2
-0.2769330944	0.5611664659	P30086	PEBP1
-0.1353875093	0.4761026821	Q96FX8	PERP
-0.2008409114	0.4378769245	Q13813	SPTAN1
-0.6681649893	0.3403114619	P54855	UGT2B15
-0.06701644871	0.8763884411	P06756	ITGAV
-0.8049757914	0.2229482068	P19827	ITIH1
-0.1391938818	0.5217333127	P49257	LMAN1
-0.4625026131	0.5600057033	Q9UQK1	PPP1R3C
0.1378157767	0.4225681071	Q14152	EIF3A
-0.2063178778	0.3055777347	Q92841	DDX17
0.1309726464	0.7047752129	P43490	NAMPT
0.1208870732	0.6842446421	Q6ZUJ8	PIK3AP1
-0.04411729114	0.9088381359	P04439	HLA-A
-0.09061007498	0.7484109844	P00533	EGFR
0.2018154309	0.3130859445	P55010	EIF5
-0.5553331615	0.530088306	P10632	CYP2C8
-0.0806220799	0.6190874523	P15529	CD46
-0.1833774544	0.3800204998	P25705	ATP5F1A
-0.09225452033	0.5828080348	P09525	ANXA4
0.156893029	0.3603998269	Q9UPN3	MACF1
0.3859456033	0.08255805805	P21673	SAT1
0.3019606198	0.2692700843	P19338	NCL
-0.4750837263	0.343694891	P25063	CD24
-0.3127139396	0.2876575184	P00734	F2
0.03591655211	0.8593865661	O14950	MYL12B
-0.1902952173	0.4079969503	P00966	ASS1
0.1635912117	0.5881148881	P07305	H1-0
0.217143544	0.2620174029	Q00839	HNRNPU
-0.09891026172	0.6176306111	P61313	RPL15
-0.006030170054	0.9703151884	Q9NZN5	ARHGEF12
0.187870801	0.4792755917	Q969X5	ERGIC1
0.03249617646	0.8469050603	Q04900	CD164
-0.3293278767	0.5567174086	P58166	INHBE
0.1195664479	0.4011412078	P84098	RPL19
0.06153498596	0.6807640038	P63244	RACK1
0.8117216684	0.3977232101	P02741	CRP
-1.031829659	0.244104077	Q96IY4	CPB2
-0.07916312894	0.6209823087	O75533	SF3B1
-0.04229748651	0.883200608	P10646	TFPI
-0.03045288066	0.8315356743	Q00325	SLC25A3
0.2402513941	0.4334781981	Q9H7F0	ATP13A3
0.06231743697	0.7770419268	P60174	TPI1
-0.1874290076	0.3088998706	P49748	ACADVL
-0.4056500911	0.2958822477	P22692	IGFBP4
0.160087201	0.4020120508	P08910	ABHD2
0.2079351262	0.3438758254	Q9Y3A6	TMED5
-0.2277994298	0.2900170574	Q9NQ94	A1CF
0.07864500903	0.8063325386	Q9NWC5	TMEM45A
0.1311407883	0.4141420755	Q9HD45	TM9SF3
0.1382099061	0.4443182796	P05388	RPLP0
-0.4912376675	0.4662923129	P22307	SCP2
-0.03942629425	0.9017308169	Q06830	PRDX1
0.08469056758	0.6607775545	P15924	DSP
-0.1545843525	0.4799186528	P33908	MAN1A1
-0.4037034304	0.6827153298	P20929	NEB
0.0510305466	0.8043017333	Q9H3K2	GHITM
-0.3644838199	0.5909966548	P0DJI8	SAA1
-0.1772369878	0.3501966648	O43493	TGOLN2
-0.2547621255	0.576434229	O75356	ENTPD5
0.08759540905	0.9034870469	P49327	FASN
-0.05539978695	0.7204984876	Q15363	TMED2
-0.008523562172	0.9784616868	Q01628	IFITM3
0.05479206044	0.8365409905	O43707	ACTN4
0.4672211325	0.2124809558	Q04446	GBE1
-0.5174565616	0.4186203447	P27487	DPP4
-0.1514384767	0.3933770199	P23458	JAK1
-0.04944582262	0.9339339762	Q92597	NDRG1
0.7044432016	0.1996231546	P42224	STAT1
-0.3619093873	0.3955170585	O00748	CES2
0.06424424067	0.7235958749	P46777	RPL5
0.0980190636	0.5881148881	P35221	CTNNA1
0.1003868363	0.7941182492	Q86V24	ADIPOR2
-0.1256493181	0.8130719171	O95864	FADS2
-0.1564391933	0.5815901701	P51648	ALDH3A2
-0.1418593017	0.5656128687	P30101	PDIA3
0.4439639821	0.1861708228	Q04637	EIF4G1
-0.9465346713	0.3537959864	P02748	C9
0.2598614356	0.3457299871	P30622	CLIP1
0.2508791382	0.3027741584	Q9UBI6	GNG12
-0.4136907344	0.5013632932	Q9UK55	SERPINA10
-0.376495776	0.4792755917	P55157	MTTP
-1.003520144	0.2124809558	P36955	SERPINF1
-0.3011109397	0.3315253342	Q9Y287	ITM2B
0.01312331327	0.9744957396	Q13489	BIRC3
-0.08924711626	0.9013749045	P10145	CXCL8
-0.08045718894	0.8109486411	P10321	HLA-C
0.05466961164	0.7594449386	P61619	SEC61A1
0.0953463564	0.8397906452	Q14517	FAT1
0.06229433595	0.69685706	P62241	RPS8
0.1646629834	0.6908360609	P17174	GOT1
0.01293467749	0.9533279457	P08962	CD63
0.09389286735	0.5270417408	P30085	CMPK1
0.4389841952	0.2333695589	P62324	BTG1
-0.165069554	0.4445740344	Q96BY9	SARAF
0.113810982	0.4076717989	P51003	PAPOLA
-0.243745836	0.3027741584	Q9UBV2	SEL1L
0.318991195	0.5860021311	P53985	SLC16A1
0.05720211663	0.7402307991	P61160	ACTR2
-0.3505754002	0.3517532512	P32754	HPD
-0.2160573908	0.6605838874	O00264	PGRMC1
0.1912410593	0.5977590111	Q99685	MGLL
-0.2167366068	0.5110765867	Q99611	SEPHS2
-0.07026111492	0.8307306736	P02786	TFRC
0.1105844677	0.4306314884	P62258	YWHAE
-0.1051113269	0.6232334925	Q96KP4	CNDP2
0.2117337239	0.5002203145	Q13492	PICALM
-0.3680696597	0.4819009559	Q9H8H3	TMT1A
-0.5687912864	0.3235293759	P24752	ACAT1
-0.05857377034	0.8576831283	O14791	APOL1
-0.04843660857	0.7745931464	P19105	MYL12A
0.4797854335	0.07736901762	P42330	AKR1C3
-0.005951721087	0.9790639663	Q06124	PTPN11
0.03571522723	0.8883080562	Q14204	DYNC1H1
-0.2062138263	0.7842911119	P07148	FABP1
-0.1208673846	0.7645283749	Q9Y6L6	SLCO1B1
0.01061016243	0.9583086649	P62847	RPS24
-0.07083727812	0.7168367526	P62328	TMSB4X
-0.292333524	0.3975408408	P09493	TPM1
-0.781507073	0.203078386	P12259	F5
-0.0001047535108	0.9997083249	P05023	ATP1A1
0.1456257377	0.6807640038	Q8IVM0	CCDC50
0.1582304677	0.7483198982	P32455	GBP1
-0.2145061334	0.4386166868	P51659	HSD17B4
-1.10461936	0.4815592187	P05089	ARG1
-0.3292189415	0.2692700843	P42765	ACAA2
-0.2465665445	0.3995316298	P30048	PRDX3
0.1579811411	0.3171386538	P61077	UBE2D3
-0.03262468856	0.8665794142	P49755	TMED10
-0.03649330841	0.8453245518	P40939	HADHA
0.1496506985	0.287848142	Q93008	USP9X
0.1317875056	0.8768073451	P07099	EPHX1
-0.01952595061	0.9487615006	Q9BWW8	APOL6
-0.351704611	0.3493031826	Q14165	MLEC
0.1733159482	0.2852004872	P31689	DNAJA1
-0.2481085178	0.2762435409	Q99805	TM9SF2
0.2125021732	0.4415680692	P08758	ANXA5
0.09047334588	0.6114002101	P50395	GDI2
0.07472438218	0.6532569044	P62424	RPL7A
-0.8759260116	0.2668051893	P08185	SERPINA6
-0.3325881777	0.1572948102	Q9Y2T3	GDA
-0.1181174654	0.4231427908	P31943	HNRNPH1
0.2048023314	0.3077502257	P41567	EIF1
0.0491007769	0.8768073451	P31431	SDC4
0.2256464122	0.663126679	O60427	FADS1
0.001464986531	0.9913621216	Q9NRX5	SERINC1
-0.08366201611	0.774696728	P0CG47	UBB
0.01968321829	0.9208684025	Q07352	ZFP36L1
0.03779605392	0.8437824575	P35222	CTNNB1
0.2317066587	0.4467274388	Q9UKY7	CDV3
0.03664555565	0.8882371542	Q9Y696	CLIC4
-0.4397911572	0.291187636	Q8WTV0	SCARB1
-0.437707891	0.5121461566	Q06520	SULT2A1
-0.06705766258	0.7145658176	P40429	RPL13A
-0.3476679914	0.2242715681	Q96I99	SUCLG2
-0.03830588431	0.8886949933	P15692	VEGFA
0.05318433125	0.7685261648	P43307	SSR1
-0.6722415096	0.3535084024	P04040	CAT
0.05628934506	0.8723280042	Q9NQC3	RTN4
-0.2033546472	0.421919194	Q9UHN6	CEMIP2
0.04451887959	0.7600676498	P27816	MAP4
-0.05171999629	0.8918685504	Q12797	ASPH
-0.8672907509	0.3316107179	P05091	ALDH2
-0.03451629066	0.8763884411	Q15084	PDIA6
0.1424224145	0.349886707	P18583	SON
-0.3306572898	0.4306510961	P15144	ANPEP
0.0206672217	0.9177702621	P62917	RPL8
-0.01485919667	0.9462988691	Q92575	UBXN4
0.07129983863	0.6777668265	Q15014	MORF4L2
-0.3997546404	0.3953883092	P60033	CD81
0.3615831724	0.2526549736	P06748	NPM1
-0.587410704	0.4858748668	P02652	APOA2
-0.5259846493	0.2620174029	P07225	PROS1
-0.5196570537	0.2601873185	O75629	CREG1
0.152039019	0.3877732345	P62633	CNBP
-0.01328058751	0.9430076577	Q99442	SEC62
-0.2241540342	0.391361865	P22352	GPX3
0.04500339692	0.8335408591	O00560	SDCBP
-0.1276848495	0.6916989193	Q13907	IDI1
-0.1301707078	0.6515773666	P60981	DSTN
0.00197258174	0.9908048973	O94979	SEC31A
0.1259899719	0.4079969503	P13804	ETFA
0.006667264277	0.975731708	P62913	RPL11
-0.07268723226	0.7534826464	P37802	TAGLN2
-0.385233715	0.2565647491	O95479	H6PD
0.03286649893	0.8804807921	P62269	RPS18
0.006989398358	0.9694004673	P10644	PRKAR1A
0.1079732646	0.5195177801	Q86UP2	KTN1
0.1916516279	0.3400319094	Q01518	CAP1
-0.1672142019	0.3741907312	P27635	RPL10
0.09892096112	0.8582424247	Q8NCT1	ARRDC4
-0.2681894226	0.3000009959	P60660	MYL6
-0.1379621394	0.5838327569	Q9BXS4	TMEM59
-0.1009952301	0.4926258091	P23588	EIF4B
-0.2241864032	0.5656085701	P11717	IGF2R
0.1199533924	0.5290098406	Q9Y605	MRFAP1
0.07918843256	0.6170024969	Q96CV9	OPTN
-0.1451555512	0.6073299411	Q9UIJ7	AK3
0.1425062458	0.6476406327	Q9UQ35	SRRM2
-0.1312974827	0.3977232101	Q9H098	FAM107B
-0.01773272895	0.9350344327	P60866	RPS20
0.2323575208	0.6285660944	Q14344	GNA13
-0.9285092069	0.3835332046	P45954	ACADSB
0.1075578895	0.9044597423	P07996	THBS1
0.2303729534	0.7898920832	Q96A56	TP53INP1
0.2793531001	0.2333695589	P07737	PFN1
0.2106548902	0.2305737559	Q15185	PTGES3
0.05527611457	0.7546833844	Q86UE4	MTDH
0.08491817462	0.647842799	Q8NC51	SERBP1
-0.2434102037	0.3777159728	Q08257	CRYZ
-0.110589923	0.5790119577	Q15012	LAPTM4A
0.09650421323	0.5087985565	Q13439	GOLGA4
-0.1830137377	0.4548603981	Q9UBR2	CTSZ
-0.143504269	0.7172463896	O75845	SC5D
-0.1769856101	0.4263238529	Q92539	LPIN2
0.1317153585	0.6398341055	P08581	MET
0.009255424859	0.9694240484	Q04760	GLO1
-0.2284675118	0.4109053688	Q9H1E3	NUCKS1
0.1333846095	0.3443105929	P21796	VDAC1
0.01930567074	0.9462988691	P13747	HLA-E
0.7762883808	0.2707762288	P08833	IGFBP1
0.3469573451	0.2338938326	P55265	ADAR
-0.1303855211	0.5567239812	P51812	RPS6KA3
0.22903919	0.3392653621	Q9NUQ6	SPATS2L
0.02566438407	0.8585106178	Q14444	CAPRIN1
-0.1543622062	0.7685261648	P00367	GLUD1
0.04547436488	0.8043017333	Q14847	LASP1
-0.003874197621	0.9879724798	P62829	RPL23
0.2612748746	0.4973248385	O75083	WDR1
0.1769468212	0.3011764384	P13010	XRCC5
-0.1987756343	0.5616350683	Q16706	MAN2A1
-0.8060716844	0.4972416785	P17735	TAT
-0.1562923736	0.6274361395	P15311	EZR
-0.1522111453	0.4270684237	Q15165	PON2
-0.4467919688	0.2743833929	Q14571	ITPR2
0.2352341455	0.3859830984	Q63HN8	RNF213
-0.230855863	0.5649033628	P00441	SOD1
-0.2085538046	0.6114002101	P56470	LGALS4
-0.355021119	0.3920139767	O75882	ATRN
-0.6630681548	0.3406627422	P16662	UGT2B7
-0.3299104762	0.2980008618	Q15067	ACOX1
0.04490254164	0.8824257979	Q99653	CHP1
0.1587215675	0.4297927868	Q02878	RPL6
0.2617645835	0.310901605	P62873	GNB1
-0.2873585765	0.310431375	P21399	ACO1
0.1702976036	0.5624155003	P48506	GCLC
-0.1059200226	0.6532569044	P32456	GBP2
0.07887527238	0.5815901701	P55072	VCP
-0.06218501267	0.7409314295	Q8WTS6	SETD7
0.02652282557	0.8966925926	Q12974	PTP4A2
0.1634437735	0.4032249528	P53801	PTTG1IP
0.9062664105	0.2124809558	Q9UJM3	ERRFI1
-0.06410143302	0.8291208208	Q86WA8	LONP2
-0.03537650665	0.9103501847	P11766	ADH5
-1.687790012	0.3493031826	P54868	HMGCS2
-0.1160854136	0.4712391686	P04844	RPN2
0.06902631075	0.8288667077	Q8NBX0	SCCPDH
-0.1902619959	0.3797922706	P07686	HEXB
-0.386395229	0.479614333	P34741	SDC2
-0.4112343858	0.6956710693	P02654	APOC1
-0.2379911477	0.4644376111	Q9H2M3	BHMT2
0.06488791769	0.8156791429	P18848	ATF4
-0.07244688176	0.7849645656	Q96HC4	PDLIM5
0.03234772179	0.8804759791	P62266	RPS23
-0.0881967639	0.553569244	Q14697	GANAB
0.160468825	0.650898519	Q9Y2D5	PALM2AKAP2
-0.09433512658	0.5681966169	Q15038	DAZAP2
0.1708813893	0.2994599249	Q9Y2A7	NCKAP1
0.05489493614	0.7001106222	Q8WUM4	PDCD6IP
0.005617736962	0.976403321	P23284	PPIB
-0.008287725841	0.9664622157	P62280	RPS11
-0.2288690865	0.3499718859	P50502	ST13
0.008155511567	0.9692648414	Q15436	SEC23A
-0.1274149471	0.5308364239	P13987	CD59
-0.1817127412	0.6708579146	P30084	ECHS1
-0.2357919831	0.4742766345	P37268	FDFT1
-0.002018836301	0.995209241	P11279	LAMP1
-0.06562976265	0.8999363253	P04080	CSTB
-0.08839933533	0.566191483	P63000	RAC1
0.3818035159	0.8522167799	P00326	ADH1C
-0.2769652222	0.557878552	P02750	LRG1
-0.1265265598	0.5009965083	Q9Y6M5	SLC30A1
0.1946191245	0.3315253342	P18085	ARF4
0.120372477	0.47040254	P07910	HNRNPC
-0.09979147763	0.5043825725	P62140	PPP1CB
-0.01864946149	0.9181341149	O60763	USO1
-0.6173176335	0.3314628817	P21439	ABCB4
-0.04532762679	0.8329271853	P06744	GPI
0.120171748	0.4064775881	Q8NI22	MCFD2
0.1216423073	0.6022876936	P61158	ACTR3
-0.5205597782	0.2808741936	P48735	IDH2
-0.1942348332	0.6318037098	P29122	PCSK6
-0.2127799371	0.4662369018	Q13243	SRSF5
0.1967343037	0.2995711164	Q9UMX0	UBQLN1
-0.1864582309	0.3619217376	P33947	KDELR2
0.04948735355	0.8888061934	Q9P2D0	IBTK
9.312786724e-05	0.9997867454	P21333	FLNA
-0.05530969968	0.7787129816	P35606	COPB2
0.2367681462	0.2550041307	Q14669	TRIP12
0.05401913961	0.7988125305	Q9NV96	CDC50A
0.1342696432	0.6474900876	P08183	ABCB1
-0.03325825009	0.8470323586	Q13740	ALCAM
0.1256241551	0.5660637666	Q9UQ53	MGAT4B
0.1399454401	0.3738743462	P42704	LRPPRC
0.1010466621	0.8609538334	Q9H3M7	TXNIP
0.1398839827	0.7545691148	P17936	IGFBP3
0.06672864186	0.8768477142	O94988	FAM13A
-0.005041002766	0.9863625625	Q9H999	PANK3
-0.7815409344	0.3708761111	O14832	PHYH
0.2043331199	0.3029385044	P54727	RAD23B
0.04370621021	0.7932115664	Q92734	TFG
-0.07651643933	0.6446796652	P04843	RPN1
0.2848368233	0.1371955842	Q14974	KPNB1
-0.3774026958	0.4196957044	Q13423	NNT
0.1395682201	0.4643659928	P25398	RPS12
0.1726077348	0.4271596095	P16615	ATP2A2
0.03486233827	0.8763814287	P61513	RPL37A
-0.09401256373	0.6826979964	Q9HC35	EML4
-0.05813650072	0.8259874503	P27144	AK4
0.05712098593	0.6654722006	Q96TA2	YME1L1
-0.6610746808	0.4999199914	P02647	APOA1
0.2802504441	0.2395165404	P52907	CAPZA1
0.09328512156	0.5331288957	O60610	DIAPH1
0.03828113015	0.9137447716	P26639	TARS1
-0.09354942306	0.6215179815	Q9P2E9	RRBP1
0.4241858202	0.4020120508	Q9NR30	DDX21
-0.02504480259	0.8641308815	P84243	H3-3A; H3-3B
-0.4110509974	0.4465927974	Q9BV57	ADI1
0.1822551122	0.4079969503	P62979	RPS27A
0.1990461242	0.4939493257	P61981	YWHAG
0.09230644975	0.6400413677	Q6UB98	ANKRD12
0.06902612353	0.8235887946	Q92786	PROX1
0.1854488846	0.4948813734	P15291	B4GALT1
-0.3740236202	0.4384403557	P10912	GHR
0.01683444158	0.9624396126	Q86SQ4	ADGRG6
0.1007073656	0.7345653773	O14639	ABLIM1
0.07822810901	0.7787129816	Q06210	GFPT1
0.09268614346	0.5864191488	O95406	CNIH1
-0.2138653997	0.4888459068	P10586	PTPRF
-0.5886961101	0.2692700843	Q3YBM2	TMEM176B
0.1315367564	0.5899689741	P40763	STAT3
0.1509100633	0.7365393664	Q14511	NEDD9
0.3160942401	0.4231209463	P29966	MARCKS
-0.1646079928	0.6960861455	Q969E1	LEAP2
0.09869670853	0.6496230514	Q9UNL2	SSR3
-0.06324623459	0.703626662	P55196	AFDN
0.06238984153	0.757085645	Q8TAS1	UHMK1
0.1069684325	0.5830266452	Q9NYP7	ELOVL5
0.267514929	0.3035751783	P17987	TCP1
-0.02155420007	0.9051721367	Q14498	RBM39
-0.1892129169	0.6580397199	Q16698	DECR1
-0.3942109039	0.544220578	P08263	GSTA1
0.4473862396	0.2400082042	Q00987	MDM2
-0.1075181576	0.7023824074	P22760	AADAC
-0.06368501352	0.8246643401	Q96PC5	MIA2
0.6056719754	0.1389274101	Q460N5	PARP14
-0.6836981745	0.3806327166	P00740	F9
-0.1283884014	0.4085599822	P09651	HNRNPA1
-0.2331790793	0.4336180575	Q8TEB7	RNF128
0.1629448428	0.5567174086	O95373	IPO7
-0.0110903841	0.986813438	Q9UJM8	HAO1
0.5110796852	0.08985569113	P48507	GCLM
-0.5022962938	0.5491844189	Q08477	CYP4F3
0.2860981616	0.348846606	O43776	NARS1
0.1273089798	0.7677115293	Q9Y490	TLN1
0.1698318869	0.3641605162	P06753	TPM3
0.05647001498	0.8741798348	Q9Y241	HIGD1A
-0.2466442423	0.5329320378	P06737	PYGL
-0.2794683271	0.463584285	Q13576	IQGAP2
-0.160639797	0.5886089044	Q9BXB1	LGR4
-0.03602956144	0.7778813834	Q15019	SEPTIN2
0.05214234211	0.7397067338	P60903	S100A10
0.2479242909	0.2620174029	P60228	EIF3E
-0.772338643	0.2620174029	Q99969	RARRES2
0.3951016867	0.3454507095	P40261	NNMT
0.07769140839	0.637476502	P12956	XRCC6
-0.3528529149	0.4410890532	Q96QK8	SMIM14
-0.2078611981	0.2650875749	P53621	COPA
-0.06627289217	0.7247204819	O15511	ARPC5
0.04641028416	0.7462209256	Q9ULT8	HECTD1
-0.04596623739	0.8896294263	O14503	BHLHE40
-0.08363262673	0.847088391	P14324	FDPS
0.2374531971	0.3761742166	P15170	GSPT1
-0.2968690995	0.4673491836	Q9UBM7	DHCR7
-0.08826469579	0.7364874604	P05026	ATP1B1
0.2376825025	0.2687676563	Q96GC9	VMP1
0.1152969369	0.5388765247	Q71RC2	LARP4
0.05050952042	0.835083653	O95340	PAPSS2
0.1880337731	0.6687000924	Q9H5J4	ELOVL6
0.2008952661	0.3519560275	Q9Y520	PRRC2C
0.2117150105	0.2395165404	P31946	YWHAB
0.1618747021	0.4719151367	Q99967	CITED2
-0.03499869673	0.8727059478	Q9UKV5	AMFR
0.07830442998	0.6281880356	Q9Y394	DHRS7
0.1282905641	0.695366448	P33260	CYP2C18
0.02204435435	0.9214564155	P35241	RDX
0.1136398526	0.4598370097	Q96SU4	OSBPL9
0.0999288	0.7545691148	Q53EP0	FNDC3B
-0.03902123234	0.8804807921	O15438	ABCC3
-0.005147531025	0.9904604932	Q12983	BNIP3
0.2479574679	0.3114647237	Q96PQ7	KLHL5
0.3770874514	0.2720522052	P40227	CCT6A
0.1829635337	0.3215466516	Q01105	SET
-0.4166314462	0.2807286993	P08133	ANXA6
0.1313602572	0.742475128	Q9ULV4	CORO1C
-0.03477531608	0.8080664268	Q13283	G3BP1
-0.0635237097	0.6831064596	P62263	RPS14
-0.23754492	0.4364208418	Q15274	QPRT
0.8168768157	0.1814925525	O60218	AKR1B10
-0.01728473556	0.9490545485	Q14494	NFE2L1
-0.01853697318	0.9105830941	Q8TCJ2	STT3B
-0.1529230547	0.5850317944	O60238	BNIP3L
-0.1479963235	0.3616713824	P06213	INSR
0.1202663701	0.6469190353	P56749	CLDN12
-0.1039269267	0.5769458261	P62899	RPL31
-0.07438670219	0.6672248064	P62888	RPL30
-0.0548311652	0.8536147856	P40925	MDH1
0.1185416244	0.448791395	P41091	EIF2S3
-0.04393033267	0.8608787707	Q93052	LPP
-0.06456092466	0.7483198982	Q9ULD2	MTUS1
-0.1962400672	0.480901736	Q15417	CNN3
0.05747939382	0.7645997947	P53618	COPB1
-0.1193852422	0.6496980527	Q4KMQ2	ANO6
0.01357324672	0.9277485867	Q15365	PCBP1
-0.0394407661	0.828870933	Q9Y6X1	SERP1
-0.09612974497	0.8099425058	Q9NYA4	MTMR4
-0.1406033461	0.5715943039	P22695	UQCRC2
-0.007103041004	0.981408162	P62714	PPP2CB
-0.12902301	0.4815592187	O43164	PJA2
-0.1344913618	0.6011137214	Q9Y6B6	SAR1B
0.2222590819	0.3604450811	Q92973	TNPO1
-0.01107485263	0.9594947304	Q71UM5	RPS27L
0.2453572915	0.3400319094	P23528	CFL1
0.3394987417	0.2190423902	P34932	HSPA4
0.07921395124	0.8299425392	Q8N8S7	ENAH
0.02458202585	0.9070665265	P49773	HINT1
-0.7507349461	0.2807286993	P01019	AGT
0.3468768154	0.2781223726	P05362	ICAM1
-0.1189314168	0.8114683627	P15104	GLUL
0.03173826242	0.8564702464	P61106	RAB14
0.4105074605	0.4948813734	O43570	CA12
-0.8620967761	0.4294092984	P80404	ABAT
0.008557905773	0.9842615354	O94876	TMCC1
-0.2656585839	0.6391436771	Q07954	LRP1
-0.5959162942	0.3921061151	Q92673	SORL1
0.04533279546	0.8043017333	P04150	NR3C1
-0.0002346851858	0.999645016	P61026	RAB10
-0.1402449549	0.3617456794	P51452	DUSP3
0.0981012439	0.6531657847	O95793	STAU1
0.2760597133	0.3208229004	P49368	CCT3
0.05494345626	0.7887004827	Q15181	PPA1
0.2683447849	0.2565647491	Q9GZZ1	NAA50
0.2310186428	0.2972089182	P67809	YBX1
-0.3218046045	0.3083514961	O00151	PDLIM1
-0.8285220812	0.2852027789	O94875	SORBS2
-0.2579583242	0.4265513112	P53567	CEBPG
-0.02018219445	0.9148934546	P23396	RPS3
-0.040489053	0.8058269392	O60493	SNX3
0.3692325288	0.2229482068	Q5T4S7	UBR4
0.2192653713	0.4100062891	O95819	MAP4K4
-0.04299113834	0.8069425339	Q9NSE4	IARS2
0.188071782	0.3126752328	P14868	DARS1
-0.07174682481	0.7841171065	Q86SQ0	PHLDB2
-0.009848768008	0.9785696364	Q9NYY3	PLK2
0.1998305894	0.7365393664	O60488	ACSL4
-1.035824488	0.1914704449	Q8WXH0	SYNE2
0.1791142754	0.3398508733	O76080	ZFAND5
-0.1601053499	0.4815592187	Q8TCT8	SPPL2A
-0.6141314645	0.3806507551	Q08426	EHHADH
0.1071313151	0.646606068	P56211	ARPP19
0.1262554736	0.4013034397	P52597	HNRNPF
0.2714893433	0.3519560275	Q99814	EPAS1
0.1465184542	0.4079969503	P07947	YES1
-0.1791645674	0.3601485488	Q00765	REEP5
0.2076928073	0.4020120508	Q32MZ4	LRRFIP1
0.06605210752	0.7044571096	O75911	DHRS3
-0.2139125923	0.620755033	P13196	ALAS1
0.261826995	0.2229482068	Q86VP1	TAX1BP1
0.2348193724	0.5084567152	O15031	PLXNB2
0.122591751	0.7218298788	P53396	ACLY
-1.082426007	0.2976047512	Q9UNU6	CYP8B1
-0.5183749233	0.2876575184	Q0VF96	CGNL1
-0.0643756474	0.7945978397	P61927	RPL37
0.3256335613	0.320341228	P48643	CCT5
-0.1541710539	0.4646751229	Q14789	GOLGB1
0.05278773863	0.7294719212	A5YKK6	CNOT1
0.1085748163	0.5191391257	O14980	XPO1
-0.0771712128	0.7975967084	P15586	GNS
-0.08478659362	0.6257265699	P26373	RPL13
-0.1383174939	0.3875188399	P13073	COX4I1
-0.09355893782	0.5914277764	P30050	RPL12
-0.2269419447	0.3077916084	P17181	IFNAR1
-0.03621421272	0.8894518696	O43865	AHCYL1
0.3356070031	0.2229482068	P50990	CCT8
0.296688606	0.6069933263	Q53LP3	SOWAHC
-0.08513159246	0.6949208485	Q9Y3B3	TMED7
-0.09041458673	0.7841171065	P60484	PTEN
0.02468818084	0.8882371542	P62910	RPL32
0.1400283686	0.4564129874	P27348	YWHAQ
0.02026938344	0.9105830941	Q9H6K1	ILRUN
0.2510466428	0.175421593	O14730	RIOK3
0.2451662313	0.5696003208	P99999	CYCS
-0.1364998019	0.7770419268	Q6YHK3	CD109
-0.6459141532	0.3683113268	P03928	MT-ATP8
-0.1136936545	0.6003325309	Q14094	CCNI
0.1402092683	0.6789446098	Q14678	KANK1
0.02474723266	0.8583941326	P61586	RHOA
-0.08766691525	0.7066568537	P68363	TUBA1B
0.004593920045	0.9826230226	Q9NYL2	MAP3K20
0.1594053121	0.4560697038	Q53GQ0	HSD17B12
0.204508428	0.3866805541	Q14693	LPIN1
0.1265185504	0.3675747557	O15260	SURF4
-0.3432088339	0.5660637666	P34896	SHMT1
-0.3565900733	0.563434991	Q9P0Z9	PIPOX
0.392460153	0.1748843889	Q9ULC5	ACSL5
-0.215653827	0.3130859445	Q5HYK7	SH3D19
0.4197258811	0.3535084024	Q99612	KLF6
0.1847327219	0.6722712892	Q9P2N6	KANSL3
-0.1557793019	0.3480777993	Q92611	EDEM1
0.2083751329	0.299235283	Q7L1Q6	BZW1
0.1577341582	0.5584644412	Q92930	RAB8B
0.09236767209	0.5759241787	Q96PU8	QKI
-0.130810555	0.5452891032	Q5JRA6	MIA3
-0.1737878412	0.5996029219	P38571	LIPA
0.01023155141	0.9487615006	Q16531	DDB1
0.01957101625	0.9170853572	Q9UKK3	PARP4
0.1012642017	0.4534919678	P51149	RAB7A
-0.0131026744	0.9612840169	P52594	AGFG1
0.4209137036	0.4445420611	P61587	RND3
-0.01183080345	0.9510463571	Q05519	SRSF11
0.04016497573	0.9059681749	O43592	XPOT
0.2205613252	0.349886707	P53805	RCAN1
0.2062362006	0.5294969662	P33176	KIF5B
-0.0675396984	0.6547083199	Q14677	CLINT1
-0.0184646144	0.9310415587	Q9Y2H6	FNDC3A
0.1292661506	0.5661246412	Q9NP72	RAB18
0.1751092566	0.5660637666	Q9Y281	CFL2
0.1284207921	0.7098545984	P38936	CDKN1A
-0.01005006034	0.9824376125	P07307	ASGR2
0.2392094457	0.2716138434	Q99590	SCAF11
0.0877740031	0.5625740961	P20290	BTF3
-0.09759879701	0.7438396346	P22792	CPN2
-0.4154693566	0.4951036976	Q00266	MAT1A
0.004942865126	0.9774412188	Q9UN86	G3BP2
0.07326899291	0.6773167418	P62937	PPIA
0.05601591919	0.6975745452	O43747	AP1G1
0.2649763481	0.2798166138	O60841	EIF5B
-0.03038796118	0.8792972085	P55209	NAP1L1
0.2574487328	0.2813619255	Q96Q15	SMG1
0.003619708967	0.9836634817	Q14156	EFR3A
0.1271209434	0.5181253063	O94760	DDAH1
0.1403653591	0.7528918038	P05412	JUN
0.1853607805	0.2604270401	Q969X1	TMBIM1
0.1612051624	0.3445919828	Q13017	ARHGAP5
-0.2632677488	0.3728768162	Q13438	OS9
-0.04876854022	0.7770419268	O00159	MYO1C
0.1668543089	0.2903720749	Q9P0L0	VAPA
0.1162258095	0.6505308461	Q6UWM9	UGT2A3
-0.199008349	0.3781165209	P28331	NDUFS1
0.06854108273	0.7372094938	P61353	RPL27
0.03819698971	0.7865620232	P62820	RAB1A
-0.1918238574	0.4207308411	Q9Y6C9	MTCH2
0.2109063656	0.9105040408	P08319	ADH4
0.01185977183	0.9394506845	Q15233	NONO
-0.1139260361	0.4198220295	P11171	EPB41
0.1005618006	0.6557137244	Q04721	NOTCH2
0.4435390537	0.386952181	Q9H2H9	SLC38A1
0.1411788261	0.3738743462	Q2M389	WASHC4
0.1050776805	0.4992975249	O95486	SEC24A
0.1279931547	0.4032681406	P48444	ARCN1
-0.1784066806	0.4297927868	Q14596	NBR1
0.1732469269	0.6142431856	P41252	IARS1
-0.09852356665	0.6114002101	P07814	EPRS1
0.1856934931	0.4371269328	P20340	RAB6A
-0.02933867327	0.9105040408	Q6P2Q9	PRPF8
-0.1684719354	0.8045277381	Q9NX09	DDIT4
0.1085804941	0.6073285899	P18124	RPL7
0.1840703718	0.3541007613	P16435	POR
-0.02310833197	0.9484851185	Q14534	SQLE
-0.09470689334	0.6956710693	O95197	RTN3
0.03186311541	0.8479967645	Q15154	PCM1
-0.4179701007	0.2992933673	P27986	PIK3R1
-0.1454943177	0.5746164977	Q9HBL0	TNS1
1.039160664	0.1814925525	P09913	IFIT2
0.04008226135	0.7799891183	Q9BWL3	LTAP1
-0.9870403388	0.3946478923	P21549	AGXT
0.08670018732	0.6580397199	O43852	CALU
0.1393317075	0.4378769245	P22314	UBA1
-0.4385906902	0.602158162	P0DJI9	SAA2
-0.01729072517	0.9544140074	P28288	ABCD3
-0.1418525395	0.7902339252	O75521	ECI2
-0.149578457	0.7930900127	P00995	SPINK1
0.1829738113	0.7932071046	P23634	ATP2B4
-0.7151964156	0.4060915997	P27169	PON1
0.07088718859	0.6578021318	O14672	ADAM10
0.334032646	0.2604270401	Q9Y5K6	CD2AP
-0.02353816802	0.9074010096	Q9Y6D5	ARFGEF2
0.2137802815	0.3891721196	P62495	ETF1
0.04786938015	0.8489885438	Q6NUM9	RETSAT
0.2213253444	0.5709020027	P01130	LDLR
1.42129978	0.1551828979	P20591	MX1
0.07255628168	0.6476406327	P46776	RPL27A
0.03416973194	0.8752341706	Q9NX62	BPNT2
-0.1248722129	0.544220578	P36542	ATP5F1C
0.018252062	0.9103501847	Q8TB72	PUM2
-0.2264515035	0.4049390036	P13667	PDIA4
0.2660790441	0.3148155269	Q7Z6Z7	HUWE1
-0.148853955	0.50857292	P49458	SRP9
0.1467561597	0.4225681071	Q8N3J9	ZNF664
0.2192540157	0.5233556746	P41250	GARS1
-0.02442647867	0.9141342956	Q9NX40	OCIAD1
-0.1484163858	0.544220578	P53804	TTC3
-0.01838015137	0.9329500896	P20073	ANXA7
0.1110500177	0.4948813734	O14745	NHERF1
-0.2205033479	0.5048257217	P20851	C4BPB
0.1489390945	0.3468350781	O15144	ARPC2
0.003996485275	0.9913621216	Q8NEN9	PDZD8
-0.07632093145	0.655199026	P09622	DLD
0.0513811316	0.8585495108	Q9H4A3	WNK1
-0.1777367315	0.4671275646	A4D1U4	DENND11
0.2591327015	0.6471188371	Q8WX93	PALLD
-0.01644067519	0.9322375346	P26196	DDX6
-0.5899558795	0.3178421297	Q969I3	GLYATL1
-1.212074106	0.2469575	P05154	SERPINA5
0.1035165427	0.6733756684	Q9NR56	MBNL1
0.04556415656	0.8173029779	P50914	RPL14
-0.1240559375	0.6338379758	P51959	CCNG1
0.1619931025	0.3035751783	P84077	ARF1
0.1696903086	0.3600386761	P28482	MAPK1
-0.2253079018	0.40374116	P55084	HADHB
-0.08126839556	0.9165543059	Q2TB90	HKDC1
0.02878719319	0.9452841362	P12814	ACTN1
0.2331972125	0.2565647491	Q12929	EPS8
-0.06999108974	0.678344815	P05386	RPLP1
-0.1709258945	0.4916421297	Q9NS93	TM7SF3
0.09864739372	0.5451861114	P47755	CAPZA2
-0.1033287884	0.6786914739	Q9H0M0	WWP1
-0.2342056343	0.4858525493	Q9BX66	SORBS1
-0.1551443106	0.6720752363	Q15025	TNIP1
0.1395546492	0.4380136065	Q9GZU0	C6orf62
-0.3899797272	0.3539578429	Q93099	HGD
0.1325781161	0.3315371981	Q29RF7	PDS5A
-0.7766608977	0.3311147198	P07358	C8B
-0.07686335437	0.7389250557	P23229	ITGA6
-0.1231322275	0.7128996447	O15533	TAPBP
0.2155032794	0.3638799028	Q7LG56	RRM2B
0.1071580787	0.6848495217	Q9H4A6	GOLPH3
-0.0229709338	0.956718236	Q15041	ARL6IP1
0.201187159	0.4371269328	Q13177	PAK2
0.4048947234	0.7075917193	Q6UXH0	ANGPTL8
-0.0270395699	0.8958472511	Q14966	ZNF638
0.2664183499	0.2620174029	P17655	CAPN2
0.2174935373	0.3285264961	Q9BZK7	TBL1XR1
0.418313461	0.1887734921	Q8TDB6	DTX3L
-0.0971730672	0.6260300948	O00214	LGALS8
0.02464793104	0.8728497763	Q13530	SERINC3
-0.06192615223	0.6996724113	O75131	CPNE3
0.3885699282	0.3517532512	Q16665	HIF1A
0.02878676126	0.8772745696	Q14667	BLTP2
0.1589808428	0.3468350781	P10599	TXN
0.1774710842	0.4032249528	O75400	PRPF40A
0.007637365279	0.969247735	O15294	OGT
-0.2066003486	0.2980008618	P61020	RAB5B
0.06369443028	0.7344030657	P83731	RPL24
-0.04242735225	0.8675620311	Q07157	TJP1
0.1400366513	0.5420924103	O95140	MFN2
-0.1827431186	0.3859985173	O75306	NDUFS2
-0.2803592518	0.5343654271	P07108	DBI
-0.1001474114	0.6780389606	P34897	SHMT2
0.3259895818	0.2611332092	Q9NZB2	FAM120A
0.09534271788	0.5214820359	Q96RT1	ERBIN
0.006088330205	0.9805780799	Q13217	DNAJC3
-0.4384182019	0.3353711437	Q9Y2Q3	GSTK1
0.3101152804	0.2720522052	Q8WUM9	SLC20A1
0.0578264902	0.7731942647	Q96D46	NMD3
-0.07535708002	0.6042649868	Q9Y678	COPG1
0.2960518149	0.3104158222	P15880	RPS2
0.08370765385	0.556031882	Q9UBU8	MORF4L1
0.256360696	0.3757370949	O14977	AZIN1
-0.01832740944	0.9484549084	O95164	UBL3
0.286656097	0.2565647491	P60983	GMFB
-0.07028448889	0.7228834562	Q14126	DSG2
-0.150463096	0.5731678778	Q9NTX5	ECHDC1
0.2890352559	0.328326617	P62826	RAN
0.3187950543	0.2606799163	O76094	SRP72
0.03135833328	0.8556351811	Q5MIZ7	PPP4R3B
0.3465790061	0.4858748668	A3KMH1	VWA8
0.3924484125	0.2492922357	O76021	RSL1D1
-0.02934136402	0.8886949933	Q9UK58	CCNL1
-0.3512505833	0.2989987597	P07339	CTSD
0.2177692846	0.3788326264	O60264	SMARCA5
0.2196686038	0.2716138434	Q16236	NFE2L2
0.1597007064	0.3315253342	P05141	SLC25A5
0.2345795508	0.2917459053	P46108	CRK
0.4035469878	0.2716138434	Q8IXQ6	PARP9
-0.1236830754	0.5731678778	Q9NV58	RNF19A
0.2042485136	0.461971458	Q7Z417	NUFIP2
-0.367764633	0.4838885503	Q15714	TSC22D1
0.2109490085	0.5173977322	P14618	PKM
0.09525725769	0.7026829222	Q7L7X3	TAOK1
0.2186886671	0.2428418766	O94826	TOMM70
0.3440612121	0.2182778392	P50991	CCT4
0.1795145356	0.2700820046	O43847	NRDC
0.05116838545	0.8918070539	P30041	PRDX6
-0.1224163253	0.486402509	Q9BSJ8	ESYT1
0.3161927931	0.3403114619	P78371	CCT2
-0.0746097425	0.6951294037	P62249	RPS16
0.01160825158	0.9597694824	P62277	RPS13
0.4393944318	0.203078386	P23497	SP100
-0.783550549	0.2355173272	P20742	PZP
0.1343169475	0.8211683644	Q10471	GALNT2
0.01740067541	0.92152295	O00193	SMAP
0.1476296337	0.3792218483	P36873	PPP1CC
-0.2066459825	0.4759913013	Q96QT4	TRPM7
0.5079103632	0.2692700843	Q9GZQ8	MAP1LC3B
0.2358232475	0.2986135518	Q16659	MAPK6
0.1835910081	0.5109843398	Q02363	ID2
-0.2021064696	0.2702090393	Q9H0R8	GABARAPL1
0.2137201711	0.3567971478	Q96AC1	FERMT2
0.04703215928	0.8174331105	Q96K76	USP47
0.06929064652	0.6733967836	Q96A33	CCDC47
-0.07657288061	0.8202823129	O15173	PGRMC2
-0.4034927918	0.2448501946	P25774	CTSS
-0.4086276412	0.2620174029	Q96IF1	AJUBA
-0.6949374577	0.2794161897	P09327	VIL1
-0.1997225642	0.5428516327	O15431	SLC31A1
0.09934123306	0.5202867019	P43034	PAFAH1B1
-0.05798133129	0.8521463842	Q8WVX3	ARLN
-0.02465778979	0.9502047327	P07954	FH
0.3803855561	0.3141710427	O00299	CLIC1
0.215168051	0.3455247753	Q08211	DHX9
-0.1772972704	0.5923658227	Q96B67	ARRDC3
0.1971334532	0.2620174029	Q5VYK3	ECPAS
0.2180273205	0.3406627422	O00629	KPNA4
0.01348355798	0.9617915609	Q9BY84	DUSP16
-0.1677309711	0.4853349618	Q12802	AKAP13
-0.5305804964	0.454535721	Q92954	PRG4
-0.1540303119	0.6873126787	Q13884	SNTB1
0.1126169038	0.4432682953	Q9BZZ5	API5
0.1967812279	0.2958877404	O14647	CHD2
-0.279918066	0.2333695589	P48509	CD151
-0.8323337499	0.4618398499	Q03591	CFHR1
0.206582869	0.2620174029	O60216	RAD21
-0.5356898176	0.3315253342	Q9BRX8	PRXL2A
-0.09201123413	0.482102778	P12270	TPR
0.07754755778	0.6829061235	Q16563	SYPL1
0.3932343604	0.1814925525	P51858	HDGF
0.08549401859	0.5426820159	P23246	SFPQ
0.4320788747	0.2604270401	O00472	ELL2
-0.03345136378	0.8711505143	Q8TC12	RDH11
-0.3605484087	0.3799294669	P11310	ACADM
0.09867347655	0.4784063933	Q7KZF4	SND1
-0.2004820868	0.4842846004	P24001	IL32
-0.1533775733	0.3468350781	Q9HA38	ZMAT3
-0.9166735268	0.3941946207	P08697	SERPINF2
0.2672183571	0.3272040578	O95573	ACSL3
-0.03567700867	0.8149285805	P54819	AK2
-0.1800552477	0.3955170585	Q96JW4	SLC41A2
0.3580660884	0.3319117634	Q96AG4	LRRC59
0.1196326381	0.5403530867	P49792	RANBP2
0.1421165197	0.4676836862	P08754	GNAI3
0.02028160511	0.9267213426	P18077	RPL35A
-0.8529318616	0.2671848528	P39060	COL18A1
-0.02676133729	0.8777350521	Q9Y2U5	MAP3K2
-0.1518565987	0.4784975648	P22234	PAICS
-0.2759922453	0.7867820054	Q9UBR1	UPB1
0.07692121793	0.7843685609	Q03169	TNFAIP2
0.03938207169	0.9141745652	P00918	CA2
-0.1481582131	0.7677329902	P30837	ALDH1B1
1.184288049	0.2380259829	P48775	TDO2
0.04319804508	0.800562526	O14979	HNRNPDL
0.3432943149	0.6622135443	P28562	DUSP1
0.1847327656	0.3083514961	Q9BTA9	WAC
0.003489195785	0.9903135465	Q9UNF0	PACSIN2
-0.1803421016	0.6848495217	Q9H6L5	RETREG1
0.04817528204	0.785461322	Q6YN16	HSDL2
0.127766818	0.5862934337	Q14997	PSME4
-0.7684449241	0.2807286993	P48740	MASP1
-0.2007733197	0.4511242157	P04035	HMGCR
0.0625500377	0.7843764679	P49591	SARS1
0.2076304957	0.679729279	Q96RU7	TRIB3
0.476450852	0.2248830478	Q9NYS7	WSB2
0.06385227155	0.8315817156	P19224	UGT1A6
-0.1120838894	0.477796621	Q9HC44	GPBP1L1
-0.2084722534	0.4926258091	Q9NX76	CMTM6
0.08375654085	0.6156625311	Q99460	PSMD1
-0.320675259	0.4422928238	Q9HDC9	APMAP
0.2448938776	0.2670748917	P25440	BRD2
0.2174299151	0.4963915355	P08648	ITGA5
0.01241710203	0.9543533877	Q15652	JMJD1C
-0.05963022224	0.8090580871	Q12772	SREBF2
0.0578332945	0.755766525	Q9UBB4	ATXN10
-0.7435197552	0.3835332046	Q9UP52	TFR2
0.3712199377	0.263415668	P35613	BSG
0.06950204796	0.9319438486	Q9NZU0	FLRT3
-0.2228613211	0.3607769157	Q99996	AKAP9
0.1034703685	0.5162973701	Q13148	TARDBP
-0.0114317239	0.9604677997	P62851	RPS25
-0.09721698367	0.6588014583	Q9BT67	NDFIP1
0.0105117024	0.9776716312	O43741	PRKAB2
0.2036450987	0.3691795876	Q86SE9	PCGF5
0.1458060332	0.3616713824	Q86VP6	CAND1
0.07985606867	0.6659200159	Q6Y1H2	HACD2
0.143281034	0.4646751229	Q9NY27	PPP4R2
0.1856828891	0.3480777993	Q92499	DDX1
-0.01087225941	0.9664867497	P61009	SPCS3
0.03877562941	0.7873419974	P40926	MDH2
0.1868440781	0.6787751026	P18206	VCL
-0.0007120377862	0.9977787195	Q6P996	PDXDC1
0.05450789775	0.7659598059	P84103	SRSF3
-0.01887876354	0.932801596	P24863	CCNC
-0.1658503476	0.5043952977	P00505	GOT2
0.01405606449	0.9455691938	P39019	RPS19
0.1663948421	0.3005120799	Q9H7D7	WDR26
-0.2567360187	0.2248830478	P46977	STT3A
0.01707739478	0.9367891274	Q9BUP3	HTATIP2
-0.2604231401	0.4378769245	Q9Y365	STARD10
-0.01976542031	0.9257224623	Q6DD88	ATL3
-0.1548939059	0.4742664984	P48201	ATP5MC3
-0.4747081004	0.1453474844	P05165	PCCA
-0.005996035722	0.9855366523	P42677	RPS27
-0.09563471185	0.6633647214	O75915	ARL6IP5
-0.1427090951	0.5335115125	Q9P035	HACD3
0.04342076829	0.8463216311	O94855	SEC24D
-0.2683944095	0.2807617949	P17029	ZKSCAN1
0.344428921	0.3826812559	P61221	ABCE1
0.1926728795	0.5583638982	Q9UHB7	AFF4
0.1206451471	0.4656481344	P28290	ITPRID2
0.0266379176	0.9134179983	O95394	PGM3
0.1255064455	0.6280207941	Q9Y4L1	HYOU1
0.1562035392	0.3652245589	Q9UL63	MKLN1
-0.9559610495	0.2876575184	P29622	SERPINA4
0.1944781021	0.3406627422	Q9NVJ2	ARL8B
-0.08539808177	0.8728497763	P49715	CEBPA
0.06796771907	0.9105830941	P67936	TPM4
0.02176219663	0.9210267559	P17028	ZNF24
-0.2218909159	0.7101210897	Q5TBA9	FRY
0.201389685	0.3495674857	P25789	PSMA4
-0.04389296607	0.8106630249	Q92576	PHF3
0.214315146	0.4067674813	Q99832	CCT7
-0.4435083736	0.8068729893	Q92748	THRSP
-0.2712703977	0.4832071744	Q9BWD1	ACAT2
0.2329460636	0.3215639012	P48739	PITPNB
-0.02147287912	0.9074010096	P31153	MAT2A
0.08299413226	0.6446796652	Q9NR09	BIRC6
0.1937104665	0.3376282639	Q7Z333	SETX
0.4559478934	0.2124809558	P63241	EIF5A
1.084592805	0.1453474844	O14879	IFIT3
-0.08619184299	0.6687930107	O95232	LUC7L3
-0.1303551751	0.4265513112	O14773	TPP1
-0.07616379904	0.6301080278	Q9Y2W1	THRAP3
0.1733256217	0.4385904522	Q9NRY4	ARHGAP35
0.1687208336	0.2958877404	A0AV96	RBM47
-0.2149468407	0.7594449386	O00763	ACACB
0.1105634819	0.5370956933	Q8WW12	PCNP
-0.1502668537	0.7896885903	Q9NR19	ACSS2
0.003477927182	0.9820706092	Q96QK1	VPS35
-0.0003530643181	0.9984674699	O43237	DYNC1LI2
-0.1253080264	0.7637140728	Q96B21	TMEM45B
-0.01744345594	0.9239986242	O60502	OGA
0.07362091749	0.6881824531	P54368	OAZ1
-0.07054397306	0.6807640038	O75071	EFCAB14
0.04546901059	0.7690122409	P58546	MTPN
-0.3390530334	0.6832852355	P27469	G0S2
0.02630292581	0.8725943343	O60613	SELENOF
-0.05574842151	0.7447913435	P04049	RAF1
0.3197316437	0.4524399564	P28838	LAP3
-0.2438266508	0.335429016	Q9Y6R1	SLC4A4
-0.1298467042	0.5638588199	Q9UBS3	DNAJB9
0.08004789245	0.5950013791	Q13435	SF3B2
0.06433890668	0.7568462348	P62750	RPL23A
-0.09104820095	0.7262675276	Q8N138	ORMDL3
0.008015643654	0.9718750389	Q2LD37	BLTP1
-0.4443703036	0.289642089	Q9NYI0	PSD3
1.96976409	0.09780830679	P09914	IFIT1
0.01050317207	0.9814550402	Q9Y617	PSAT1
-0.2222417048	0.5945037952	Q9NUK0	MBNL3
-0.08636375125	0.5649033628	Q15388	TOMM20
-0.1197108054	0.4109053688	P51991	HNRNPA3
0.05575980382	0.8475368527	Q9Y3C5	RNF11
-0.7706595545	0.4013772216	P49895	DIO1
-0.09550561622	0.6082864399	P49207	RPL34
-0.1319353716	0.6712383841	P36871	PGM1
0.06014268156	0.714685021	P46782	RPS5
0.4564304397	0.2492922357	Q14258	TRIM25
0.1583375744	0.4840673712	Q8TDY2	RB1CC1
-0.3646571609	0.4900426651	Q9NZP8	C1RL
0.02048297627	0.9105040408	P53999	SUB1
0.05160584191	0.8043017333	Q14651	PLS1
0.03507501547	0.910258447	P62330	ARF6
0.06271625865	0.7782591963	P62081	RPS7
-0.03998868986	0.9074010096	Q9BY89	KIAA1671
-0.02932040198	0.9029599026	P07711	CTSL
0.05145860598	0.7307331907	Q96DX7	TRIM44
0.0619195696	0.7054634023	P24539	ATP5PB
-0.6382626408	0.3825845681	P09972	ALDOC
-0.338717404	0.6586042931	P11168	SLC2A2
0.1268109306	0.6824955753	P11047	LAMC1
0.1620661287	0.4822130397	Q96KR1	ZFR
0.06575795818	0.6490675579	Q7Z5Y7	KCTD20
0.09132171416	0.6310827797	O60271	SPAG9
0.3571372803	0.2606799163	P55884	EIF3B
-0.1440900109	0.737666832	Q86UD1	OAF
0.0593637481	0.6753054279	O60313	OPA1
0.1365408158	0.6508970634	P51636	CAV2
0.2448450381	0.4645608102	Q12796	PNRC1
-0.2352599163	0.7771785686	Q16878	CDO1
0.04945358821	0.7049544066	Q9H8S9	MOB1A
-0.1193548957	0.4628070321	Q9H0U3	MAGT1
-0.01082176937	0.9533279457	O15258	RER1
-0.121107124	0.7059253449	Q16134	ETFDH
0.01658424494	0.9272783975	Q07020	RPL18
-0.08626062691	0.5938973075	Q9NR31	SAR1A
0.1234429718	0.5553208316	Q9Y3A5	SBDS
-0.06110305717	0.7741079887	P10768	ESD
-0.006568464365	0.9892176349	P16070	CD44
-0.3929485415	0.6114156466	O14756	HSD17B6
0.05869792873	0.7947435202	Q9Y5B9	SUPT16H
0.05609807814	0.6903351167	Q9UGP8	SEC63
0.1969714408	0.3630163983	Q7L2H7	EIF3M
0.03788634777	0.8824257979	O95563	MPC2
0.2294884765	0.5933099656	Q07817	BCL2L1
0.1433071071	0.4371269328	Q9Y2G3	ATP11B
-0.0816982401	0.6661409937	A0MZ66	SHTN1
-0.006424249288	0.9750036046	Q13131	PRKAA1
0.2009094655	0.4077279165	O00410	IPO5
0.6078320572	0.2045207476	Q9P2E3	ZNFX1
-0.2141503139	0.52289746	P49189	ALDH9A1
0.2355553772	0.2305737559	Q13200	PSMD2
0.1091520413	0.6349259767	P52209	PGD
-0.08240026728	0.7892757722	Q07869	PPARA
-0.10666881	0.5447046389	Q02880	TOP2B
-0.003705945814	0.9878681606	P18084	ITGB5
-0.5558757254	0.3230623378	P27338	MAOB
0.04620409917	0.8054039945	Q7Z739	YTHDF3
-0.2331224767	0.3392653621	Q99717	SMAD5
0.1491713238	0.3709207515	P30876	POLR2B
0.2815543697	0.1914704449	Q8N3C0	ASCC3
0.01117207441	0.9521716641	Q14139	UBE4A
-0.2009522011	0.3559480491	Q9H330	TMEM245
0.07007135757	0.8659352386	P09958	FURIN
0.121110716	0.5007427526	P61960	UFM1
0.4656131511	0.8488352511	P00325	ADH1B
-0.1131510172	0.5470061344	O75643	SNRNP200
0.08840608885	0.7332321346	Q9UPT9	USP22
0.1293343108	0.6208635725	P68371	TUBB4B
-0.1545383827	0.4984708953	Q5THJ4	VPS13D
0.04095326631	0.8445414312	P78552	IL13RA1
-1.306959005	0.1814925525	Q8WWV6	FCAMR
0.04039919146	0.9458202982	P05177	CYP1A2
-0.2581677912	0.4410890532	P11586	MTHFD1
-0.0274031255	0.8763884411	Q15262	PTPRK
-0.0337370898	0.8547893362	Q02447	SP3
-0.2359364798	0.2620174029	P84101	SERF2
0.05773220732	0.6678799922	O75376	NCOR1
0.02453667589	0.8592834422	Q01844	EWSR1
0.03779762437	0.86315669	Q9Y371	SH3GLB1
0.2075241105	0.4586017098	Q96KC2	ARL5B
-0.04370597743	0.8298633397	P14927	UQCRB
-0.655139379	0.1887734921	Q6XR72	SLC30A10
0.1623334989	0.6498375504	Q9BYM8	RBCK1
0.3968106833	0.3013036883	Q6PKG0	LARP1
-0.4776624258	0.3597233804	Q6ZWL3	CYP4V2
0.2045173824	0.4628070321	Q9P0V9	SEPTIN10
-0.3893117326	0.4662923129	O95954	FTCD
0.02311289714	0.9525527028	Q13542	EIF4EBP2
-0.04100436515	0.7546833844	P08240	SRPRA
-0.1007360965	0.556031882	P62906	RPL10A
0.25648218	0.335429016	O15371	EIF3D
-0.2196736657	0.5147885032	Q9UGP4	LIMD1
0.221900465	0.236508846	A0A6I8PU40	TUG1
-0.01619461679	0.9662324763	Q7Z4S6	KIF21A
0.1582550157	0.2794161897	P51114	FXR1
-0.03737621418	0.874555683	Q13137	CALCOCO2
-0.9237216987	0.4823922479	P36980	CFHR2
0.08316000997	0.7438396346	P26045	PTPN3
0.189826199	0.4371269328	P08865	RPSA
-0.9346191072	0.3840688752	P13671	C6
-0.08673785728	0.6159866751	P61019	RAB2A
-0.1850251003	0.2716138434	O60337	MARCHF6
-0.5283281577	0.4454490336	Q86XI6	PPP1R3B
0.1614497214	0.4063333967	Q12849	GRSF1
0.1497542221	0.349098035	Q70CQ2	USP34
0.02677483132	0.9478268307	P10619	CTSA
0.2347486675	0.3254953173	Q9Y3F4	STRAP
0.06980275929	0.7469913302	O00116	AGPS
0.588278298	0.3286546683	Q6GPH4	XAF1
0.1312659884	0.7924822368	Q96JP0	FEM1C
-0.4833169625	0.2949051165	Q92820	GGH
0.3287448379	0.3005120799	P05198	EIF2S1
-0.2115456677	0.4293898142	P17081	RHOQ
-0.3892927937	0.381513921	Q7L0Q8	RHOU
0.1274847857	0.537477857	P57088	TMEM33
-0.06512153561	0.8818525591	Q9H2X6	HIPK2
0.3611590779	0.4694132162	Q13443	ADAM9
0.2541353086	0.2565647491	P25490	YY1
-0.05599099215	0.9392740062	O14975	SLC27A2
-0.1717579618	0.4858525493	Q9UHC9	NPC1L1
0.05959980384	0.7514664141	P61011	SRP54
-0.06133200406	0.6848495217	Q9UM54	MYO6
0.1965001243	0.4044045173	O43143	DHX15
0.2726885935	0.2896679745	Q15046	KARS1
-0.827251265	0.2469575	P05019	IGF1
-0.9268857713	0.1025615218	P80188	LCN2
0.2264597941	0.2538389331	Q05086	UBE3A
0.02201134188	0.9050091192	Q7Z5L9	IRF2BP2
-0.4242050228	0.2469575	P09668	CTSH
0.0450049129	0.8124941328	Q9UM00	TMCO1
0.1434954674	0.6423790454	Q15011	HERPUD1
-0.1962515793	0.5294969662	O75970	MPDZ
-0.07269014976	0.6950861178	Q9BQI3	EIF2AK1
0.2468225562	0.3265537858	Q9UHR4	BAIAP2L1
-0.1189351801	0.5339257535	Q4G0N4	NADK2
-1.092665959	0.2846931213	Q14973	SLC10A1
0.3213993655	0.2508250888	Q9Y5X0	SNX10
-0.1812191235	0.4334781981	Q9H307	PNN
-0.05567310342	0.8206609671	O60869	EDF1
-0.02479905608	0.9156233146	Q9BUN8	DERL1
-0.445127781	0.3707099627	P50135	HNMT
0.1186917314	0.5887491667	Q11201	ST3GAL1
0.1537848917	0.5272026009	O14763	TNFRSF10B
0.1224841303	0.5388765247	Q7Z5K2	WAPL
0.1161685517	0.4811323703	Q9H0D6	XRN2
-0.1178472892	0.7402307991	Q9UBU6	FAM8A1
0.004112029708	0.9862359558	Q9H329	EPB41L4B
-0.2209223744	0.4254459096	Q9NYU2	UGGT1
0.06976504005	0.7718419519	Q13490	BIRC2
-0.1919917648	0.438710804	P10515	DLAT
0.1173999301	0.550926845	Q9Y3I0	RTCB
0.145580139	0.4543418095	P63010	AP2B1
-0.1307459699	0.5054241119	P62745	RHOB
0.1655049949	0.8435594846	P28845	HSD11B1
-0.253284162	0.5770391424	P12830	CDH1
0.1469840678	0.3535084024	P35659	DEK
-0.1289519175	0.4676836862	Q8NC54	KCT2
0.1290746778	0.4083813604	P04156	PRNP
0.009097199134	0.9653844548	Q13427	PPIG
-0.02772717361	0.876245193	Q9HC98	NEK6
-0.05734858327	0.6716385843	Q09028	RBBP4
-0.2549640688	0.4335585364	O14521	SDHD
-0.5279809245	0.2526549736	P03951	F11
0.126680772	0.5152590538	P04632	CAPNS1
-0.003431985408	0.9851847835	P49721	PSMB2
0.1545820595	0.6882353423	Q12965	MYO1E
-0.05047534939	0.8537001214	P41235	HNF4A
0.1810282525	0.3132999069	Q16181	SEPTIN7
-0.1486666498	0.814656254	P21397	MAOA
0.212010451	0.3777159728	Q9BY44	EIF2A
-0.04268676789	0.7932657283	P49756	RBM25
-0.1143646992	0.6282096328	P78417	GSTO1
-1.145081973	0.3455247753	P36537	UGT2B10
0.05986590922	0.7834667206	P21912	SDHB
-0.00274879262	0.986813438	Q6PGP7	SKIC3
-0.1566559611	0.5898286259	Q969W0	SPTSSA
0.1524987028	0.6492295313	Q5SWA1	PPP1R15B
-0.02264717126	0.9616558884	Q8WWZ7	ABCA5
-0.02824255208	0.8800744794	Q9BS26	ERP44
0.06598185115	0.910258447	O95236	APOL3
-0.01238755827	0.9785696364	Q12913	PTPRJ
0.1425415393	0.5466515532	Q96EK6	GNPNAT1
0.2500410265	0.3755982884	O43896	KIF1C
0.3087929178	0.2586842726	O14867	BACH1
-0.09798326559	0.486694102	P46934	NEDD4
0.2317509326	0.512822466	Q17RY0	CPEB4
-0.1672279143	0.4978346551	Q9Y597	KCTD3
-0.07807163175	0.680890323	Q8TF01	PNISR
0.05956510699	0.7529720001	O76031	CLPX
0.355578168	0.2854851859	P17707	AMD1
-0.3039014778	0.3406627422	Q6PD62	CTR9
-0.2770657845	0.3515376418	Q9H1U4	MEGF9
0.3293940423	0.2692700843	P29401	TKT
0.2820613979	0.330724361	Q6DKI1	RPL7L1
-0.1919350419	0.3469120191	Q9NUM4	TMEM106B
0.1310161573	0.3652241293	O15372	EIF3H
0.1966609058	0.3111710129	Q9Y5X1	SNX9
-0.04512051234	0.7627839737	Q9NUM3	SLC39A9
0.1236316715	0.3601485488	Q9UIV1	CNOT7
0.2299071506	0.2807617949	P21359	NF1
-0.5417569894	0.3471303317	Q8IX05	CD302
-0.4736374218	0.307992137	P56199	ITGA1
-0.04612070266	0.7966486677	P47914	RPL29
-0.1530532324	0.7921262132	P19022	CDH2
0.08795135241	0.6617656404	O00443	PIK3C2A
-0.5244644557	0.2994495562	Q9UHG3	PCYOX1
-0.06020805768	0.6990848742	Q9NWD8	TMEM248
0.02567715178	0.9500368862	O75976	CPD
0.0532235342	0.7594449386	Q13523	PRP4K
0.3143079697	0.7091752331	P12643	BMP2
0.07318485258	0.7504189588	Q10472	GALNT1
0.306907395	0.2526549736	P82673	MRPS35
-0.07785478252	0.6773167418	Q8WV83	SLC35F5
0.2177615765	0.2995591326	P09874	PARP1
-0.2156349179	0.6674522074	P52758	RIDA
-0.0152587463	0.9347384069	P46100	ATRX
-0.03719288312	0.8382276942	Q15596	NCOA2
-0.1356680847	0.534345034	Q9H9B4	SFXN1
0.3859105802	0.2628826778	Q9UPZ3	HPS5
0.2163102918	0.3724818739	P55060	CSE1L
-0.02100642171	0.9137239841	P22309	UGT1A1
0.2312511497	0.3840688752	O00232	PSMD12
0.2984372819	0.2599913037	O60333	KIF1B
-0.1318365639	0.5329155908	P15954	COX7C
0.6331397044	0.209440983	P25685	DNAJB1
0.03936222624	0.7594449386	Q15056	EIF4H
-0.2767286412	0.5709020027	P48449	LSS
0.139846822	0.5398762224	P78527	PRKDC
-0.9789301936	0.2692700843	P30039	PBLD
-0.4196986691	0.4254459096	O43520	ATP8B1
0.2052891443	0.2807286993	P61201	COPS2
0.3021158143	0.3176121796	P01111	NRAS
0.2046553896	0.2797430696	O00401	WASL
0.1183476532	0.9484549084	P07327	ADH1A
-0.0379679154	0.8641308815	Q96RI1	NR1H4
0.2181163431	0.3077916084	P46937	YAP1
0.2188517637	0.4391367237	Q15007	WTAP
-0.07530035814	0.5466228526	P05114	HMGN1
0.1426085935	0.4268555546	Q9BTY2	FUCA2
0.04628847294	0.7546301631	Q9NYF8	BCLAF1
0.2029933293	0.3395200438	P00390	GSR
0.1573799441	0.3328867218	O75179	ANKRD17
0.3757708814	0.1762010505	P26599	PTBP1
0.2159582737	0.482102778	Q8NDI1	EHBP1
-0.09354374667	0.588302107	O75787	ATP6AP2
-0.02566469395	0.88999761	O15243	LEPROT
-0.2797326583	0.3537959864	Q96MV1	TLCD4
0.2383322599	0.2896679745	O95071	UBR5
0.254655626	0.3559480491	P48552	NRIP1
-0.03564371285	0.854969013	P62491	RAB11A
-0.1693956589	0.6679854927	Q02809	PLOD1
0.1581069115	0.5054723254	Q9UHD8	SEPTIN9
0.2167999744	0.3559480491	A0AVT1	UBA6
0.2291010757	0.3130859445	P06454	PTMA
-0.05096984808	0.7047752129	Q15773	MLF2
-0.338135107	0.3316107179	P42785	PRCP
0.09707954308	0.7302867301	Q8NI08	NCOA7
-0.0461044169	0.9096773658	Q16394	EXT1
-0.07565106227	0.7025441072	Q6P4E1	GOLM2
0.1962122922	0.3000009959	Q13185	CBX3
-0.2554430455	0.441030798	Q00169	PITPNA
0.2394831366	0.2800024385	P05455	SSB
0.01149303807	0.9430137061	P62256	UBE2H
0.2732323438	0.1925424492	P21281	ATP6V1B2
0.1076707002	0.4419468976	Q8N3U4	STAG2
0.1070267198	0.7714323926	P19021	PAM
0.1682290545	0.3800204998	P42766	RPL35
0.1127365355	0.6999990063	Q8IYM9	TRIM22
-0.2038483983	0.4032249528	P49588	AARS1
-0.2136266766	0.6554446472	P07306	ASGR1
0.7997949019	0.1580971123	Q9UBT7	CTNNAL1
0.07903365907	0.7226034984	P15260	IFNGR1
0.0889039062	0.9367891274	Q9NRX3	COXFA4L2
0.09381004845	0.6175228667	Q6KC79	NIPBL
-0.1732054458	0.939885181	Q7Z5P4	HSD17B13
0.1993440409	0.5914277764	P08670	VIM
-0.05052673684	0.760211114	O15042	U2SURP
0.05320994358	0.6987191912	O14681	EI24
0.1664468081	0.4566853689	Q96JP5	ZFP91
0.1268960535	0.4937316929	Q9UPU5	USP24
-0.2830524987	0.3330360676	P21291	CSRP1
-0.03224150872	0.8892861084	Q9HB21	PLEKHA1
-0.09634085328	0.6975745452	Q9NUN5	LMBRD1
0.2704397436	0.236508846	P54136	RARS1
-0.1978769467	0.3480777993	Q9BRF8	CPPED1
-0.01686440006	0.9485168178	P78310	CXADR
-0.07299057813	0.7307331907	O00712	NFIB
0.3642329682	0.2795030993	P20337	RAB3B
0.06537021387	0.7095047025	Q9C0D9	SELENOI
-0.4858940348	0.309729882	Q96HP8	TMEM176A
0.1172315393	0.6286242294	P20042	EIF2S2
0.1624857979	0.4979741827	Q9Y5A7	NUB1
0.2353519987	0.454535721	O95477	ABCA1
-0.04742293769	0.9805780799	Q969I6	SLC38A4
0.1104332932	0.6314847115	Q58WW2	DCAF6
0.1169876524	0.4833445486	P02545	LMNA
-0.1085257386	0.9391143773	P28332	ADH6
0.2888192055	0.263415668	Q12792	TWF1
0.2257786761	0.4871988239	Q13751	LAMB3
-0.003039681136	0.9855366523	Q9NQZ5	STARD7
0.1755194636	0.5972498664	Q9HBH9	MKNK2
0.2366937672	0.3988865278	Q15072	ZNF146
0.4607306349	0.2185711263	Q92598	HSPH1
1.296577071	0.1357655535	P29728	OAS2
0.06580649434	0.8060570212	Q9NRZ7	AGPAT3
0.04626703242	0.7737130078	Q9GZR7	DDX24
-0.6007413018	0.3759506916	Q96DG6	CMBL
0.0004531459693	0.9978035341	Q14247	CTTN
0.1728003191	0.4759913013	Q6IQ21	ZNF770
-0.7328744173	0.2124809558	P04233	CD74
0.3114370449	0.4621000236	P11926	ODC1
0.1798568137	0.3736783616	P52294	KPNA1
-0.5959056866	0.2802244118	Q15751	HERC1
0.1508060323	0.3646008148	P61086	UBE2K
0.04122242795	0.7991869519	Q9UKV3	ACIN1
-0.1316256947	0.627428938	Q8WWI5	SLC44A1
0.09671679312	0.6114459092	Q13162	PRDX4
0.1607446623	0.4676836862	O95758	PTBP3
0.04689345291	0.7737130078	Q9H910	JPT2
0.06954158131	0.7070492509	Q86YT6	MIB1
0.1970547627	0.3468350781	Q7KZ85	SUPT6H
0.0730406032	0.5828433265	P30419	NMT1
0.001588412377	0.992585528	Q92879	CELF1
-0.5034721395	0.1814925525	Q8N584	TTC39C
-0.1620711321	0.3709207515	Q9HCC0	MCCC2
-0.09235897034	0.7386549896	Q92831	KAT2B
0.193861154	0.236508846	Q9NYJ8	TAB2
-0.1795372099	0.3685513966	Q92743	HTRA1
-0.138193585	0.4336180575	Q8NAP3	ZBTB38
-0.1727518412	0.4850942386	Q2PPJ7	RALGAPA2
-0.3819722205	0.4832044697	P22033	MMUT
0.08900068891	0.6875959653	Q5H9R7	PPP6R3
-0.002644453096	0.9900882086	Q9NSI6	BRWD1
-0.04894046475	0.7258615662	Q13362	PPP2R5C
0.3099252956	0.3799294669	Q96SB4	SRPK1
0.1600509456	0.3872370038	P62945	RPL41
-0.8256500543	0.3601485488	P31513	FMO3
-0.5549051299	0.3646008148	Q96HY7	DHTKD1
-0.2152011306	0.3316107179	Q9H0U9	TSPYL1
0.1320251052	0.3933770199	O00471	EXOC5
0.01891561658	0.9110118239	P61923	COPZ1
-0.2398709077	0.3197933088	Q9C0C2	CNOT12
-0.1180654579	0.5744242774	P42226	STAT6
-0.281189781	0.5426820159	Q06945	SOX4
-0.2326197266	0.2977380734	Q96A49	SYAP1
0.1276675156	0.4510976086	Q96AE4	FUBP1
-0.2338419972	0.3603998269	P14778	IL1R1
0.4642425824	0.4378769245	P78556	CCL20
0.3129354969	0.3354040237	O75822	EIF3J
-0.006603938261	0.9741696918	Q99497	PARK7
0.1139343875	0.4044564621	O75674	TOM1L1
0.1791770707	0.5045409709	P98155	VLDLR
0.1888846871	0.2807286993	P50579	METAP2
0.1135178736	0.5513594141	Q8WWI1	LMO7
-0.4624310575	0.3215639012	P14550	AKR1A1
0.2681528929	0.4214128623	O75317	USP12
0.03238562041	0.8851963524	Q5T0N5	FNBP1L
0.1039664897	0.5546978458	P49757	NUMB
0.03193131428	0.856602032	Q96JI7	SPG11
-0.2961833896	0.2824027943	Q86XS8	RNF130
-0.09497993766	0.7165726709	Q68CZ2	TNS3
-0.01319077842	0.9528116587	Q6UWJ1	SLC9D1
0.401483091	0.2300930989	Q9P265	DIP2B
-0.07430495749	0.7972502802	Q9Y6B2	EID1
-0.4770939273	0.29014505	Q8TCJ0	FBXO25
0.04437439571	0.8808262837	Q7Z401	DENND4A
0.09951980044	0.5466228526	O75165	DNAJC13
0.08224635395	0.584171032	P24534	EEF1B2
-0.1800722951	0.5041593412	P46019	PHKA2
0.1043650819	0.4937413902	Q9NZI7	UBP1
-0.03709494851	0.8829331153	P38606	ATP6V1A
-0.09136717019	0.6351916897	Q9ULV0	MYO5B
-0.01842130862	0.9327672177	P63167	DYNLL1
0.217993555	0.2333695589	P25788	PSMA3
0.06966315321	0.6650523692	P35251	RFC1
0.02900326294	0.8545433876	P62987	UBA52
0.1706050017	0.6713025779	O94929	ABLIM3
0.1076680583	0.4819009559	P52948	NUP98
0.11030214	0.5513594141	Q6P3W7	SCYL2
0.1664969778	0.5556374939	Q8N0Z9	VSIG10
0.09239827889	0.5517055658	Q13619	CUL4A
-0.05678463972	0.6762710522	P31942	HNRNPH3
0.08598180482	0.7022985549	Q14995	NR1D2
-0.3538109652	0.3151164272	Q12857	NFIA
-0.08924516391	0.6807640038	P09429	HMGB1
0.1902397729	0.3519560275	Q9NVP1	DDX18
-0.1243191897	0.3519560275	Q7L576	CYFIP1
0.0550173229	0.7453952909	Q9UHV7	MED13
-0.01120941784	0.9862322038	Q8IVL1	NAV2
-0.5460764291	0.7589158319	Q68CK6	ACSM2B
0.1869566289	0.4209868667	O75116	ROCK2
0.1420888701	0.4107882152	Q15393	SF3B3
-0.1094837607	0.5809242821	Q52LW3	ARHGAP29
-0.5312710718	0.3930887623	P13716	ALAD
-0.02199010064	0.9217643504	Q16891	IMMT
-0.1145875478	0.6595153062	Q8WUD6	CHPT1
-0.04776966098	0.8966925926	P18283	GPX2
-0.1521956921	0.6035644615	Q8TBG4	ETNPPL
-0.05290180673	0.825048703	O00764	PDXK
-0.1531414979	0.490305062	Q9Y5U4	INSIG2
0.01516075344	0.9528116587	O60637	TSPAN3
1.045533903	0.08999624649	Q8IY21	DDX60
0.182936787	0.2327180511	Q9H3L0	MMADHC
-0.1559166423	0.5734551673	P09669	COX6C
0.4315076152	0.247982589	P19525	EIF2AK2
0.08119322408	0.650660635	P36957	DLST
0.1147326774	0.4209868667	P18850	ATF6
0.0264252997	0.9151705728	P32969	RPL9; RPL9P7; RPL9P8; RPL9P9
-0.562900173	0.3840893458	Q16836	HADH
-0.02350886888	0.9056849313	P35813	PPM1A
-0.1668647695	0.3238728537	Q96SN8	CDK5RAP2
0.1762464468	0.3330360676	P62942	FKBP1A
0.1319589464	0.5518462447	Q8IXB1	DNAJC10
-0.2193504529	0.3859458989	P04899	GNAI2
0.02465261897	0.9013749045	Q15172	PPP2R5A
-0.4324071159	0.27443329	P28370	SMARCA1
0.0784321392	0.8896999207	Q9Y2H1	STK38L
-0.183872696	0.3443105929	Q709C8	VPS13C
0.07704295697	0.6933842506	Q86Y37	CACUL1
0.1174942807	0.6367355498	Q9H0R5	GBP3
0.4306631322	0.2546074329	Q9Y266	NUDC
0.04938626611	0.737427603	Q8IWW6	ARHGAP12
0.06444657767	0.8580276482	P01116	KRAS
0.2147883767	0.3806327166	Q15386	UBE3C
-0.03839357224	0.8985893769	Q8IZH2	XRN1
0.08563882061	0.7616177026	P68402	PAFAH1B2
0.1957165962	0.310768673	Q92564	DCUN1D4
0.1639533141	0.2832655579	P40818	USP8
0.08775394729	0.5755815401	Q9NZM3	ITSN2
0.3462565475	0.3171386538	P21283	ATP6V1C1
0.1703671323	0.6934566702	P63313	TMSB10
0.1886098974	0.3613541813	P54578	USP14
0.4249664642	0.3443105929	Q96RU8	TRIB1
-0.5293994705	0.2045207476	Q9UBQ7	GRHPR
0.1539649267	0.4022842749	O43390	HNRNPR
-0.07509734432	0.6405533041	Q92802	N4BP2L2
-0.02021666459	0.9193841701	P36969	GPX4
0.1448795621	0.4336525809	Q13464	ROCK1
0.225897224	0.3230623378	Q9H0C5	BTBD1
0.05232077111	0.7855411262	P51665	PSMD7
-0.1971043974	0.2673212122	P50148	GNAQ
-0.2448898029	0.3792218483	Q99798	ACO2
-0.07270826641	0.6875959653	Q5T200	ZC3H13
-0.3039325489	0.3187865999	O95831	AIFM1
-0.008557125703	0.9789956767	P54577	YARS1
0.06646889771	0.7594449386	O15342	ATP6V0E1
0.0661346221	0.7504189588	Q15075	EEA1
0.2290673528	0.307992137	Q9NQC7	CYLD
-0.2717081538	0.292530212	P49281	SLC11A2
0.1936015962	0.2610595123	Q93009	USP7
0.1964117608	0.4005197218	Q5T5U3	ARHGAP21
-0.1250857445	0.5157031794	Q12907	LMAN2
-0.875510282	0.3601485488	Q9H2A2	ALDH8A1
0.2226203265	0.3354040237	Q14103	HNRNPD
0.05082138148	0.7546301631	Q8N5U6	RNF10
-0.04419386295	0.9052150524	Q9H2F3	HSD3B7
0.4327255142	0.4516986413	P08195	SLC3A2
0.0771862889	0.5709020027	P22059	OSBP
0.1332658915	0.6230445245	Q8N3V7	SYNPO
-0.04090228915	0.8361358959	P35998	PSMC2
-0.04229327942	0.8202823129	Q9H1E5	TMX4
0.18603605	0.4153120582	Q9H2G2	SLK
0.4143487961	0.2045207476	Q02790	FKBP4
0.06125894584	0.8174378092	P51397	DAP
-0.09903118955	0.5338797142	P40616	ARL1
0.2387857506	0.2492922357	Q13616	CUL1
-0.02084339832	0.9367891274	P49759	CLK1
0.2072790076	0.3191869695	Q658Y4	FAM91A1
0.1114464879	0.4998495134	Q5JRX3	PITRM1
-0.2563491585	0.5888658537	P09110	ACAA1
-0.07828192258	0.6432377139	Q9UFW8	CGGBP1
0.1476432291	0.5709020027	Q04917	YWHAH
-0.3770163288	0.3914318608	Q9NVV5	AIG1
0.191383302	0.4841822062	Q7Z6I8	C5orf24
0.08909108848	0.6230445245	Q9NYL9	TMOD3
-0.08649791817	0.6035644615	P63165	SUMO1
-0.2536935189	0.3005120799	P50851	LRBA
0.180526533	0.3627367632	Q14739	LBR
0.440646546	0.2692700843	O14617	AP3D1
-0.2225594678	0.5496526884	Q15746	MYLK
0.005734768962	0.9785696364	Q9UKB1	FBXW11
-0.04971320344	0.811407984	P31930	UQCRC1
-0.004992923917	0.9835247414	P62699	YPEL5
-0.5109248582	0.4663083008	P05981	HPN
-0.2731530861	0.6764616311	P07357	C8A
0.05903041873	0.9095738674	Q13118	KLF10
0.008177980134	0.9750036046	Q9NPH3	IL1RAP
0.03788919179	0.8548898245	Q15366	PCBP2
-0.01493638796	0.9664622157	P22310	UGT1A4
-0.4253513112	0.236508846	Q8IZC6	COL27A1
0.02515569626	0.8918040423	Q9Y277	VDAC3
0.1841446365	0.2707762288	Q14671	PUM1
0.3808027476	0.4053603644	Q9BVP2	GNL3
0.05784525764	0.7706229467	P98170	XIAP
0.2766566355	0.4271596095	Q14978	NOLC1
0.09995123324	0.4764255305	Q15326	ZMYND11
-0.3016192155	0.2229482068	Q9Y624	F11R
0.13306606	0.4169654128	P28066	PSMA5
0.2123918853	0.2743833929	Q9Y6D6	ARFGEF1
0.2313663127	0.3874735644	Q6R327	RICTOR
-0.02298888336	0.8814682662	P35611	ADD1
-0.01076858701	0.9532904073	P20618	PSMB1
-0.03249475516	0.8777183136	A1KXE4	FAM168B
0.006176691508	0.9739355809	Q01130	SRSF2
0.04638965915	0.7259296534	Q86XP3	DDX42
0.09146558675	0.6220488784	Q9UKY1	ZHX1
0.08130576743	0.671782023	P46779	RPL28
-0.065805121	0.7545691148	O14949	UQCRQ
-0.2872691785	0.4627528564	P35914	HMGCL
-0.01803397214	0.932374076	Q96IZ0	PAWR
0.08708479632	0.5506414057	Q96RP9	GFM1
-0.04630727395	0.7494513755	Q96A73	KIAA1191
-0.02064651325	0.9605816487	Q96L96	ALPK3
0.03916569657	0.8039734589	O15519	CFLAR
0.2903448793	0.34032584	P49662	CASP4
-0.3503685336	0.6316961585	P56159	GFRA1
0.121064843	0.5569044514	Q9Y4W6	AFG3L2
-0.09887066386	0.5734551673	P08559	PDHA1
0.1026246953	0.5540025867	O14981	BTAF1
-0.001730104517	0.9927499901	Q96A54	ADIPOR1
-0.3655562823	0.4218212398	P22413	ENPP1
0.07644371967	0.7587884719	P47813	EIF1AX
-0.2427847615	0.3000009959	Q8NI35	PATJ
0.1525492285	0.6171842165	P51825	AFF1
0.2381875188	0.236508846	Q8NI27	THOC2
-0.03971176223	0.8375561736	Q92896	GLG1
-0.4433723369	0.3174962845	Q6IA69	NADSYN1
-0.2047904384	0.5831065373	P31937	HIBADH
0.2269282374	0.2925334727	Q8WU90	ZC3H15
-0.1367265285	0.5112376625	Q06323	PSME1
0.2788692376	0.289642089	O75844	ZMPSTE24
-0.5173369901	0.2526549736	P55268	LAMB2
-0.4080206385	0.2400082042	O00461	GOLIM4
0.08983658286	0.5731678778	Q12959	DLG1
0.1076442276	0.6458846321	Q8NEZ2	VPS37A
0.148446829	0.4416414159	Q8N108	MIER1
-0.04282997575	0.8819463399	Q96CN7	ISOC1
0.2247372342	0.2604270401	Q9UIG0	BAZ1B
0.1942304939	0.2989910961	P68400	CSNK2A1
0.1115953322	0.7875706211	P35869	AHR
0.356359257	0.2142963533	P31948	STIP1
-0.02623122096	0.8882371542	Q08117	TLE5
0.1578360033	0.3638799028	Q8ND56	LSM14A
0.1567187649	0.4838885503	Q13045	FLII
0.2549614832	0.2300930989	Q9NUY8	TBC1D23
0.08197762949	0.6649267398	Q8TBQ9	TMEM167A
0.240294795	0.2615868301	Q9Y2X9	ZNF281
0.03319712443	0.8922534453	P14384	CPM
-0.2400995283	0.3201904155	Q9Y223	GNE
-0.01252863284	0.9490545485	P38159	RBMX
-0.1191648317	0.4819009559	P51790	CLCN3
-0.06038574343	0.6824739652	Q5SSJ5	HP1BP3
-0.03913770645	0.8580124766	Q5GLZ8	HERC4
-0.196186675	0.4718466492	Q9BXM7	PINK1
0.03963553815	0.7924822368	O75494	SRSF10
-0.175123385	0.3249880998	P46781	RPS9
0.07728085996	0.6113094869	O43670	ZNF207
-0.06497243158	0.5957965715	Q9NWB6	ARGLU1
-0.1911570953	0.4044149679	Q8TB96	ITFG1
0.1385981075	0.5012247263	P13688	CEACAM1
-0.09739195199	0.8365409905	Q8N5C8	TAB3
0.2077508728	0.3691795876	Q9H992	MARCHF7
0.06038313536	0.7906065213	O95218	ZRANB2
0.02919275301	0.9027446053	Q86Y82	STX12
-0.074266348	0.6577567717	P28070	PSMB4
0.01388487582	0.9623032513	Q96A29	SLC35C1
-0.02093969006	0.8983867727	Q9Y3I1	FBXO7
-0.001052540791	0.9971443089	Q13829	TNFAIP1
0.08808915376	0.563434991	Q9UIL1	SCOC
0.1705138955	0.3176121796	Q9BUJ2	HNRNPUL1
0.2300633823	0.3933770199	O43684	BUB3
0.2625474909	0.2229482068	Q16537	PPP2R5E
0.2319997268	0.8199595546	Q96SF7	TBX15
0.215499263	0.3159343139	P11387	TOP1
0.226969252	0.2993003998	Q96DR4	STARD4
-0.02651620864	0.9183744288	P98194	ATP2C1
0.2635291472	0.3535084024	Q12906	ILF3
-0.02584785444	0.916749997	Q8WUH6	TMEM263
0.02341641278	0.883200608	P62995	TRA2B
-0.7352676979	0.2773161154	Q9Y2C5	SLC17A4
-0.1529729253	0.3406627422	Q13247	SRSF6
0.006146838552	0.9847333941	Q9UJS0	SLC25A13
0.1030993846	0.6088023505	O60381	HBP1
-0.9485865897	0.328326617	Q9H772	GREM2
0.1162001789	0.5638588199	P46109	CRKL
0.1812139408	0.9059681749	P51857	AKR1D1
0.1266630737	0.4044045173	Q9Y639	NPTN
0.1011488353	0.4447897136	Q9Y4G8	RAPGEF2
-0.1008814349	0.7609802392	Q9BQS8	FYCO1
0.06484977236	0.6667560122	Q86WP2	GPBP1
0.1905178294	0.3285264961	Q9Y5S2	CDC42BPB
0.2577790645	0.2687676563	Q9P2B7	CFAP97
0.1533081273	0.3817266531	Q9NWH9	SLTM
0.1518584746	0.3492632578	Q15545	TAF7
-0.05037857805	0.7332321346	P62341	SELENOT
0.01417253453	0.9638892478	Q86UL3	GPAT4
0.244616456	0.3249399129	P37173	TGFBR2
-0.03473369591	0.9105830941	P20827	EFNA1
-0.05085519766	0.8545759332	Q9UK99	FBXO3
-0.05954350053	0.772438842	O95948	ONECUT2
-0.02235760347	0.9095738674	P42566	EPS15
0.2351318404	0.3000009959	P30260	CDC27
-0.346164999	0.7010709309	P08571	CD14
-0.07311679982	0.7453109405	O14936	CASK
-0.1113921306	0.6999485353	Q86UB9	TMEM135
-0.4726399586	0.3665122621	P08603	CFH
0.2383126848	0.3130859445	P46940	IQGAP1
0.04633048027	0.8592834422	O75608	LYPLA1
0.08210876086	0.7520747497	Q14118	DAG1
0.001555813132	0.9939548054	Q13418	ILK
0.130039061	0.6075353762	O60506	SYNCRIP
-0.2187291262	0.2663931025	Q9BVK6	TMED9
-0.1176361954	0.713980227	Q96A26	FAM162A
-0.07009876943	0.7028915887	Q08357	SLC20A2
0.1362664105	0.5792565298	Q9H6S3	EPS8L2
0.1723215696	0.41528381	Q9BZF1	OSBPL8
0.1352969288	0.4545219898	P14735	IDE
-0.01330201408	0.9462988691	P24666	ACP1
0.1016865059	0.6445815097	Q99459	CDC5L
-0.3759144553	0.289642089	Q9H6R3	ACSS3
0.2370118438	0.2807286993	Q6IN85	PPP4R3A
0.1012550283	0.6472825914	Q9HBU6	ETNK1
0.1460960757	0.4595034485	O75477	ERLIN1
0.04208115482	0.8762008747	P23193	TCEA1
-0.1526016642	0.4050217887	Q99623	PHB2
0.1356788493	0.4925665219	P08651	NFIC
-0.1277344524	0.4764255305	Q9Y262	EIF3L
-0.9716272705	0.388415038	Q14117	DPYS
0.1862741605	0.3035751783	P42285	MTREX
0.226317249	0.3796801647	P36776	LONP1
0.03734063133	0.7939823013	P49768	PSEN1
0.3357364928	0.3376142228	Q5VWN6	TASOR2
0.09825664741	0.5914277764	P35232	PHB1
-0.1279358844	0.4819009559	O95490	ADGRL2
0.1075223511	0.5587613653	P61247	RPS3A
0.05086711956	0.7843863024	Q9NP61	ARFGAP3
0.3512159637	0.09235382027	O00505	KPNA3
-0.4631868301	0.2124809558	O60704	TPST2
-0.03525705988	0.8173029779	Q9ULH0	KIDINS220
-0.2367901113	0.2620174029	O14795	UNC13B
0.2273823653	0.4232162318	Q9UHY1	NRBP1
0.0314567255	0.9000559391	Q96RL7	VPS13A
-0.09255256194	0.6391987392	Q9NZD8	SPG21
-0.3306890207	0.3171386538	P51690	ARSL
-0.04311430601	0.927170133	Q9H1Y3	OPN3
-0.3164859013	0.2333695589	Q9UER7	DAXX
0.2231286304	0.6862531577	P15151	PVR
0.04090486192	0.7921616677	Q7Z6K3	PTAR1
0.04911540188	0.7770419268	O95478	NSA2
0.2417087201	0.2802603266	O43660	PLRG1
0.2001585744	0.2442323403	Q9Y244	POMP
0.8466907628	0.2124809558	P02795	MT2A
0.007025826675	0.9812594918	Q14764	MVP
-0.2226200169	0.3535084024	Q9NXJ5	PGPEP1
0.2350010131	0.4169099856	Q8NHU3	SGMS2
-0.3031246567	0.4005197218	P21860	ERBB3
0.09712138877	0.4971940248	P48200	IREB2
0.02403414381	0.8837686104	Q96EY7	PTCD3
-0.02863848794	0.8820583786	Q6PJT7	ZC3H14
0.05215906769	0.7778813834	Q9Y4X5	ARIH1
0.1471891356	0.663946434	Q9UL03	INTS6
0.2798159549	0.1748843889	P30740	SERPINB1
-0.1281565636	0.5442231987	O95299	NDUFA10
0.1011745422	0.7013688972	Q9P0V3	SH3BP4
-0.003653853739	0.9863625625	Q13620	CUL4B
0.1277621517	0.4180206855	Q9Y376	CAB39
-0.04131155073	0.8639918331	O60476	MAN1A2
0.0278201749	0.8777350521	Q9NRP0	OSTC
-0.3818417637	0.3443105929	Q08999	RBL2
-0.1190176414	0.6513755044	Q8IWE2	FAM114A1
-0.1289678078	0.6453725313	Q6ZS30	NBEAL1
-0.6902433344	0.6002975173	Q93088	BHMT
0.1809643046	0.3567010028	P22061	PCMT1
-0.2331820291	0.552708411	Q8IX03	WWC1
-0.07913817138	0.6435346779	Q969Q0	RPL36AL
0.2252436514	0.4666978647	P19793	RXRA
-0.1403752444	0.463584285	Q9BZF9	UACA
-0.3462775021	0.4529072777	Q16553	LY6E
0.1731624862	0.5709714163	Q10589	BST2
0.08953865115	0.695324683	P35754	GLRX
0.0864403754	0.7328271068	Q9UL46	PSME2
0.05536305085	0.7693922785	Q9Y2S7	POLDIP2
0.1016359021	0.4824240384	Q6PML9	SLC30A9
0.2324107509	0.3519560275	Q9BZQ6	EDEM3
-0.2525223471	0.3799294669	O75581	LRP6
0.1793419143	0.2807233406	P13861	PRKAR2A
0.1594671099	0.370789571	Q9H422	HIPK3
0.01554268407	0.920076695	Q96AG3	SLC25A46
-0.2074410654	0.289642089	Q6UWU4	C6orf89
0.1238618312	0.5769458261	Q5VYS8	TUT7
0.1696931684	0.2933707534	O75348	ATP6V1G1
0.3909950061	0.1814925525	Q7Z2W4	ZC3HAV1
-0.1079877361	0.795152826	Q9Y6I7	WSB1
0.3756259731	0.5387511577	P18847	ATF3
0.1134065106	0.4978224334	Q6FIF0	ZFAND6
0.1027798565	0.5471103317	Q06136	KDSR
0.1672772569	0.2807286993	P51398	DAP3
-0.05970401191	0.6961264873	P42345	MTOR
0.3098779414	0.3176121796	Q9BQE5	APOL2
-0.07190840013	0.8909444352	P48357	LEPR
-0.0365267367	0.8777419976	Q6ICB0	DESI1
0.07769819061	0.6446796652	O75947	ATP5PD
-0.3511076963	0.3759506916	Q9BPW8	NIPSNAP1
-0.09309948185	0.7343296561	Q13510	ASAH1
0.1005312242	0.5237979666	Q92530	PSMF1
0.065844025	0.7453109405	P32519	ELF1
0.03663543898	0.7882731293	Q8WY36	BBX
-0.5334829795	0.3307171157	P30038	ALDH4A1
0.2225025456	0.3515376418	Q8NEW0	SLC30A7
0.009035023704	0.9904792724	P17516	AKR1C4
-0.1044401468	0.7513542965	Q8TCG2	PI4K2B
0.2974197848	0.2620174029	Q9NZ09	UBAP1
0.2816134316	0.263415668	P52272	HNRNPM
0.01435147911	0.9214564155	Q96CW1	AP2M1
-0.3150528816	0.4787505284	P43234	CTSO
-0.04580145094	0.8762008747	P63173	RPL38
0.1507050784	0.5643546589	P25445	FAS
-0.3507982929	0.2190423902	Q96KR6	MIMS2
-0.1145290344	0.5968364162	P29144	TPP2
0.08897959633	0.5926863336	Q15643	TRIP11
-0.1535152083	0.4937316929	Q92628	KIAA0232
-0.08770211294	0.4952686144	Q96S94	CCNL2
-0.2688843072	0.2400082042	Q56VL3	OCIAD2
-0.08501035037	0.6757680754	P29692	EEF1D
-0.256400942	0.4910833598	O43657	TSPAN6
0.1061657164	0.4735186507	Q14683	SMC1A
0.03038336961	0.9145631737	Q99729	HNRNPAB
0.06362879257	0.7353279987	P24311	COX7B
0.3515865719	0.3755982884	Q9BXJ9	NAA15
-0.30359081	0.4674838609	Q658P3	STEAP3
-0.01700915103	0.9533279457	Q9Y4F1	FARP1
-0.1367623709	0.6480114205	P51531	SMARCA2
-0.05427549064	0.7038684936	O00422	SAP18
-0.4769927757	0.4401989698	P49326	FMO5
-0.04185889947	0.8076459014	Q96RV3	PCNX1
-0.04494501189	0.9014039725	Q53H82	LACTB2
-0.1649277936	0.3114647237	P62834	RAP1A
0.01745439003	0.9310415587	P53992	SEC24C
0.2520087906	0.2933910447	Q9Y2K7	KDM2A
0.05304205657	0.7924382578	Q86T24	ZBTB33
-0.2226708521	0.3975408408	Q5T8D3	ACBD5
-1.01276005	0.2620174029	P80162	CXCL6
0.1363317331	0.4659970231	Q9BQE3	TUBA1C
0.08841024175	0.6338595763	P05387	RPLP2
0.1987592183	0.2604270401	O95487	SEC24B
-0.03634872564	0.8867944856	P50570	DNM2
-0.6109355417	0.3204896501	Q7Z3Q1	SLC46A3
0.1705758618	0.3011756345	Q9UJW0	DCTN4
0.1814532124	0.6742402935	P09382	LGALS1
-0.04998047913	0.8697378663	Q96SB8	SMC6
0.3342606061	0.247982589	O14786	NRP1
-0.0224918647	0.8918070539	Q9UQN3	CHMP2B
0.03544612962	0.8389256668	O14818	PSMA7
0.4105768888	0.1747197245	Q9NPJ4	PNRC2
0.3876271645	0.2400082042	Q5QJE6	DNTTIP2
-0.01943061936	0.9195949206	P39687	ANP32A
0.2601620754	0.349886707	Q9P2J5	LARS1
0.1272781686	0.6053421264	Q7Z429	GRINA
0.2237430515	0.5371308752	Q96BD6	SPSB1
-0.1612842252	0.5532804026	P00387	CYB5R3
0.07313869307	0.6665678095	Q6AWC2	WWC2
-0.03219988873	0.9370495539	Q8N128	FAM177A1
-0.02006337787	0.9487615006	P28347	TEAD1
0.1900955412	0.4306314884	Q9UHA3	RSL24D1
-0.05423528516	0.7161734831	Q9BZH6	WDR11
0.1431821157	0.5866518376	O15050	TRANK1
0.02539314525	0.9819764696	P09210	GSTA2
0.2934382728	0.3454507095	Q7L099	RUFY3
0.06447273037	0.7414946735	Q9Y2L5	TRAPPC8
0.124535706	0.543666437	Q9HBD1	RC3H2
0.1315392695	0.5931563191	Q96P16	RPRD1A
0.2181062132	0.2400082042	Q9Y4E8	USP15
-0.08007598661	0.6156625311	P43308	SSR2
0.03277728494	0.8465221013	P08047	SP1
0.2969772033	0.4151647732	Q9H9L7	AKIRIN1
0.1914241644	0.3143781301	Q9NVA2	SEPTIN11
0.06996285813	0.8691469219	Q8NBJ4	GOLM1
-0.1695422509	0.3316107179	Q96M27	PRRC1
-0.3508731139	0.2960966711	Q02818	NUCB1
-0.1828057908	0.3392653621	Q13625	TP53BP2
-0.1871108492	0.3835332046	O75410	TACC1
0.05367253179	0.8391830652	Q9H0R1	AP5M1
0.2533610115	0.2229482068	O75436	VPS26A
0.08958059397	0.5471103317	Q5VT25	CDC42BPA
-1.020214165	0.4244866729	Q86UW1	SLC51A
0.009397843334	0.9543533877	Q8TD19	NEK9
-0.2723935777	0.5176158405	Q15118	PDK1
-0.202072736	0.4005197218	O00237	RNF103
0.08106224521	0.71256385	Q96QD9	FYTTD1
-0.6001827383	0.236508846	Q9NP74	PALMD
0.00785497957	0.9741170001	P39656	DDOST
0.2231159941	0.2620174029	O60884	DNAJA2
0.4320526969	0.5048257217	Q8WV24	PHLDA1
0.07788487148	0.7193270533	Q99081	TCF12
-0.002131856145	0.9908048973	Q6NUK4	REEP3
-0.02116208618	0.9167081806	P50995	ANXA11
0.124588294	0.4538210293	P20339	RAB5A
-0.05431960877	0.8347096494	Q13085	ACACA
0.1314856422	0.3966776218	Q9UQR1	ZNF148
-0.3910013629	0.2795030993	P57105	SYNJ2BP
0.2425192336	0.3239056705	Q01804	OTUD4
-0.3486737364	0.6383640244	Q8N139	ABCA6
0.1043739541	0.4676110284	O43396	TXNL1
0.01876839057	0.9307394976	Q07065	CKAP4
-0.9666851433	0.448791395	P78329	CYP4F2
-0.03099930659	0.8814682662	P53597	SUCLG1
-0.0044095934	0.9827337443	Q16539	MAPK14
-0.1320339104	0.6166606556	P52848	NDST1
-1.114403387	0.3130859445	P14920	DAO
0.09493431268	0.8663449698	Q86VE9	SERINC5
0.3757740385	0.3796801647	Q53SF7	COBLL1
-0.142471238	0.5835616314	Q8N3R3	TCAIM
0.1133881464	0.4966654761	A0FGR8	ESYT2
0.0443983647	0.8488352511	Q04724	TLE1
0.03969728197	0.8488352511	Q13409	DYNC1I2
0.08519087559	0.5522775799	Q8WXA9	SREK1
-0.3876564474	0.7756504966	Q9Y694	SLC22A7
-0.04492372535	0.8964925818	Q9H7D0	DOCK5
0.03655972743	0.905331196	P35398	RORA
-0.2365096741	0.2855879675	Q16718	NDUFA5
-0.01002996739	0.956718236	Q5VZ89	DENND4C
0.008891831271	0.9569935243	Q9UPY3	DICER1
0.488218038	0.5200121373	Q9H3R2	MUC13
-0.2200408307	0.4006895995	Q9UK97	FBXO9
-0.0562005251	0.8030987669	Q8NBJ7	SUMF2
0.1845354802	0.31941009	Q9GZR1	SENP6
-0.120510667	0.6728799931	Q9H5X1	CIAO2A
-0.08515726519	0.7456662579	Q12794	HYAL1
0.241223542	0.236508846	Q9NX47	MARCHF5
0.1598655957	0.5204489429	O15027	SEC16A
0.05206179677	0.714685021	Q9H8Y8	GORASP2
0.2039068284	0.4141420755	P52565	ARHGDIA
0.08419499563	0.6269676405	Q9Y385	UBE2J1
0.1694573108	0.4003662308	Q7Z3B0	SMIM15
0.07225923913	0.6909792342	Q13873	BMPR2
-0.3415171361	0.2463764392	O60519	CREBL2
0.04430638513	0.766780738	Q9UBW7	ZMYM2
0.02111201778	0.9025117711	Q8IWV8	UBR2
0.01517302891	0.9217107544	Q16576	RBBP7
0.1987922229	0.4139215285	Q8NBU5	ATAD1
-1.169241437	0.2333695589	O94956	SLCO2B1
-0.6678193993	0.3762510533	Q6NUN0	ACSM5
0.3449091089	0.3130859445	O95757	HSPA4L
0.1473385975	0.4815592187	P51808	DYNLT3
-0.3023787546	0.2125104706	P98179	RBM3
0.3290994334	0.3186646784	P61289	PSME3
0.1513043117	0.521309565	Q99569	PKP4
0.07016936884	0.6175775464	P40222	TXLNA
0.2656406167	0.2960966711	O00487	PSMD14
0.02370091741	0.9257224623	O43432	EIF4G3
0.1777101003	0.3423626113	Q9H2M9	RAB3GAP2
0.1473631251	0.5813543946	Q96JN0	LCOR
-0.1384585236	0.5189848703	Q96A57	TMEM230
-0.04248003255	0.8110393132	Q96EC8	YIPF6
-0.3221970856	0.2335261775	Q96JQ2	CLMN
0.4794633376	0.3148155269	Q15061	WDR43
0.01828817276	0.901695735	P15336	ATF2
0.2257253552	0.2958877404	O00482	NR5A2
0.3059893421	0.1716636568	O15066	KIF3B
0.04252176046	0.8888339138	O43312	MTSS1
0.09523942271	0.6087006231	Q15796	SMAD2
1.095713159	0.2317769936	P00973	OAS1
-0.08433292597	0.8486142182	Q8NBQ5	HSD17B11
0.1812752603	0.2604270401	Q13618	CUL3
0.3086735459	0.2442323403	Q9NYV4	CDK12
0.04923145416	0.7858502083	Q12905	ILF2
-0.5371451493	0.3848740237	Q5BJF2	TMEM97
-0.08078665117	0.5587209932	Q9UK73	FEM1B
0.2148327369	0.5165035083	O75962	TRIO
0.1644257823	0.4815592187	Q9H8U3	ZFAND3
0.03394677713	0.88440715	Q66K14	TBC1D9B
-0.1370805271	0.4670247928	O94905	ERLIN2
0.3338584153	0.2720522052	Q9UBT2	UBA2
0.1505490991	0.4543418095	Q92664	GTF3A
0.05846174574	0.6708579146	Q5VW38	GPR107
0.06172859746	0.7173481831	O95551	TDP2
0.1073065312	0.6684400741	Q9UL45	BLOC1S6
-0.06805886316	0.8039734589	Q9H2U2	PPA2
-0.2894298658	0.4542455891	P10275	AR
0.2902476078	0.2395165404	Q9C0B5	ZDHHC5
0.2307631259	0.4005197218	P22102	GART
0.2716262402	0.2229482068	Q96T23	RSF1
-0.109364744	0.4452143261	P54105	CLNS1A
0.05678345698	0.8124941328	Q969L2	MAL2
0.09646697197	0.5743968583	Q06787	FMR1
-0.1803599406	0.3547638219	P30414	NKTR
-0.01030686638	0.9515355156	O60684	KPNA6
-0.2584569521	0.5709020027	Q9Y2S2	CRYL1
0.01092476801	0.9658995597	O00483	COXFA4
0.2312063429	0.2469575	Q9NTK5	OLA1
0.3628265005	0.2395165404	Q03701	CEBPZ
-0.5632021011	0.203078386	Q53EL6	PDCD4
0.1399886894	0.4306510961	Q9P2K8	EIF2AK4
-0.5560580375	0.3519560275	Q9UN36	NDRG2
-0.4227633646	0.1925424492	Q9UJC3	HOOK1
0.1278886563	0.5554843272	P57682	KLF3
-0.003772583711	0.9820706092	Q8WUH1	CHURC1
0.1350749796	0.6978227474	Q16204	CCDC6
0.1056207505	0.6003325309	O94822	LTN1
0.09902243744	0.4872777302	Q9UK61	TASOR
-0.2821737304	0.2698229597	P04792	HSPB1
0.03293617638	0.8195204873	Q92504	SLC39A7
-0.2717799054	0.4491420474	Q9NTN3	SLC35D1
0.1819617057	0.6380695576	Q96IP4	TENT5A
0.01134062903	0.9658139698	P02686	MBP
-0.1822263816	0.3706697102	Q13596	SNX1
0.08300074319	0.5888658537	Q8WVM8	SCFD1
-0.05911303735	0.714685021	Q13485	SMAD4
-0.0494829266	0.7550521233	P67812	SEC11A
0.271300513	0.3811428824	Q9BVL2	NUP58
0.2676921607	0.3169789726	Q8IX12	CCAR1
0.3079085722	0.2492922357	Q9Y6E0	STK24
0.05030510323	0.7873419974	Q5W0V3	FHIP2A
-0.1512363449	0.4079969503	Q9Y608	LRRFIP2
0.001420472262	0.9939244456	Q3L8U1	CHD9
-0.2061286348	0.3005120799	Q9UPQ9	TNRC6B
-0.2118539362	0.4023377655	Q9UKK9	NUDT5
0.1554880046	0.532276159	Q9NYY8	FASTKD2
0.2949159579	0.3022702237	Q92540	SMG7
0.5996459213	0.2406031907	Q9P287	BCCIP
0.3501140709	0.4819009559	P45880	VDAC2
0.075436698	0.6043291738	Q9Y6H1	CHCHD2
0.1652110854	0.3192617379	Q99436	PSMB7
0.1080907018	0.438710804	Q16513	PKN2
-0.2343212222	0.2855879675	P30044	PRDX5
0.130692277	0.4938629402	Q9Y5T5	USP16
0.01067593127	0.9524984068	Q05397	PTK2
-0.1651800524	0.5744242774	P50539	MXI1
0.1855292579	0.5830266452	O14544	SOCS6
-0.6548575631	0.4049390036	Q15327	ANKRD1
0.3458189167	0.3933770199	P84022	SMAD3
-0.9324991925	0.2720522052	Q86YB7	ECHDC2
-0.1599791927	0.5107780676	P30040	ERP29
0.1839875032	0.2576673623	Q15042	RAB3GAP1
-0.5331821462	0.08255805805	P23378	GLDC
0.01890649151	0.9231751968	P49406	MRPL19
0.06361890619	0.8058269392	Q03014	HHEX
-0.04171848622	0.9127598839	P16930	FAH
-0.3167792238	0.2601589944	O94886	TMEM63A
0.1083252414	0.4928758417	Q9H3N1	TMX1
-0.0299742888	0.9103820323	P14209	CD99
-1.014656549	0.3316107179	P00480	OTC
0.1043281869	0.7023824074	Q9Y5U8	MPC1
-0.3230486015	0.5287480291	P05160	F13B
0.06743681105	0.772438842	Q92616	GCN1
0.236111518	0.2124809558	Q9P0I2	EMC3
0.07674068786	0.6286242294	Q9BPZ3	PAIP2
0.2373976521	0.6400413677	Q9Y272	RASD1
-0.1339415326	0.4211813211	Q9C0D3	ZYG11B
-0.3023607258	0.6446796652	P55103	INHBC
0.1990052933	0.3403114619	Q9BRZ2	TRIM56
0.07615038284	0.5899689741	P31749	AKT1
0.2512225151	0.3381857214	Q8N114	SHISA5
0.1529644091	0.3215639012	Q9H3C7	GGNBP2
-0.1955449681	0.310901605	Q71UI9	H2AZ2
-0.1846870873	0.2707248195	O94901	SUN1
0.1328304393	0.4858525493	Q5UIP0	RIF1
0.2514026142	0.3424428283	Q15637	SF1
0.2204489888	0.3148155269	Q9Y5A9	YTHDF2
-0.2534288711	0.3600386761	Q96DE5	ANAPC16
0.1915351572	0.3091937578	Q9HAU5	UPF2
0.1166359756	0.3877732345	Q15836	VAMP3
0.08942446658	0.5659749423	Q07666	KHDRBS1
0.1606657931	0.3668633231	Q96CS3	FAF2
-0.5623094395	0.09235382027	Q9H0K1	SIK2
0.1255303929	0.4777953081	Q9NXG2	THUMPD1
0.3090384792	0.3316107179	Q5TGL8	PXDC1
0.1041590636	0.5467042563	Q7Z6E9	RBBP6
-0.0171173387	0.928600741	Q02078	MEF2A
-0.1554992732	0.5301889854	Q9H871	RMND5A
-0.1557894362	0.6634356746	Q9NQR4	NIT2
0.3676830995	0.236508846	Q9UPR3	SMG5
0.1695329834	0.441030798	Q9H1H9	KIF13A
0.02100407616	0.9105040408	O15145	ARPC3
0.04784735608	0.7841171065	Q9H2K2	TNKS2
0.1950060925	0.4389732786	Q8NEZ4	KMT2C
0.2360073045	0.2604270401	A0JNW5	BLTP3B
0.08236799019	0.5660637666	Q96AE7	TTC17
0.09311219909	0.7069951883	Q9HCM1	RESF1
0.0147624782	0.9231751968	Q8NFC6	BOD1L1
-0.06183380148	0.7384914874	Q92804	TAF15
-0.02190523328	0.8835337436	Q8TEL6	TRPC4AP
0.2931548697	0.3941946207	P47756	CAPZB
0.2216158303	0.8173029779	Q96PD7	DGAT2
-0.7697671149	0.4005936338	P50053	KHK
-0.1085171027	0.6325968037	P18859	ATP5PF
0.01859906446	0.9088381359	Q93034	CUL5
0.08475588219	0.5802330782	O60934	NBN
0.1635248467	0.348846606	A6NHR9	SMCHD1
-0.2157051033	0.3252537265	Q7Z434	MAVS
0.2787029987	0.3208273295	P31939	ATIC
0.05990604808	0.7003520473	Q13601	KRR1
0.1718415183	0.2807286993	Q9BYW2	SETD2
0.2644077316	0.3596657368	Q99595	TIMM17A
0.01939464238	0.9350344327	Q6ZT12	UBR3
-0.2089389729	0.4003662308	Q96NT3	GUCD1
0.1111759975	0.6728070121	P55210	CASP7
0.1355737887	0.517334549	Q8NDC0	MAPK1IP1L
-0.2247571761	0.4072650782	P56962	STX17
0.4018435097	0.2622954816	O76003	GLRX3
0.3791917694	0.3740529746	O15118	NPC1
0.2202830555	0.3859458989	Q14157	UBAP2L
-0.03137650257	0.8307834782	O94874	UFL1
0.239596053	0.2720522052	Q8TCT9	HM13
-0.1301324058	0.5034695865	P37108	SRP14
0.001925636771	0.9933767193	P49137	MAPKAPK2
-0.05395619153	0.766579712	O95219	SNX4
0.2764071654	0.2620174029	P09001	MRPL3
0.1261019631	0.5423486201	Q13347	EIF3I
0.3067104456	0.2380259829	Q05209	PTPN12
0.08867047052	0.8815322755	Q9BX10	GTPBP2
0.04446482897	0.7229199087	Q15070	OXA1L
0.1559767456	0.4121365085	P28324	ELK4
0.1227913637	0.6875959653	P46379	BAG6
0.172979421	0.2798166138	O00231	PSMD11
-0.0138683751	0.9723950392	Q9NRQ2	PLSCR4
0.1379717543	0.6983483393	Q9NU22	MDN1
-0.1501892921	0.4283600221	Q9NV92	NDFIP2
0.3190199635	0.2990217308	P30405	PPIF
0.1995559438	0.5291115188	P62070	RRAS2
0.2478500144	0.2795030993	P41229	KDM5C
0.2075278149	0.2515579634	P61006	RAB8A
-1.075583717	0.3148155269	Q9BXR6	CFHR5
0.1696410873	0.4592320454	Q5MNZ6	WDR45B
0.1662851542	0.4656481344	Q9H832	UBE2Z
-0.1464940913	0.5744242774	Q9NWQ8	PAG1
-0.1205280458	0.6508970634	Q96SA4	SERINC2
-0.6737064713	0.2611332092	P05156	CFI
-0.03187451387	0.8686985278	Q6P179	ERAP2
0.1384963941	0.4229078995	Q8TAF3	WDR48
0.1682636404	0.5093381118	Q13310	PABPC4
0.2613139654	0.2526549736	Q15819	UBE2V2
0.1339789162	0.4868725134	P30153	PPP2R1A
0.2710898878	0.352161122	O95297	MPZL1
0.2146121326	0.3210632507	Q9UHP3	USP25
0.04320451739	0.7941182492	Q9Y2T2	AP3M1
0.1464769296	0.338018217	O75937	DNAJC8
0.07774231432	0.7025441072	Q9H2Y7	ZNF106
0.04621034648	0.7966486677	Q8TBA6	GOLGA5
0.06887813006	0.6209438411	Q15276	RABEP1
-0.02277842271	0.9050091192	O75439	PMPCB
-0.08673954302	0.5638588199	Q93073	SECISBP2L
0.1373748872	0.5426820159	P14314	PRKCSH
-0.1226148878	0.7145518184	Q8N4W6	DNAJC22
-0.4245622584	0.2807286993	P38435	GGCX
-0.8094764425	0.5072602346	P00739	HPR
-0.08309122732	0.5490573922	Q9Y282	ERGIC3
-0.04747271116	0.8806731667	P51580	TPMT
0.1560053034	0.5441685685	Q9H444	CHMP4B
-0.1927891445	0.370789571	Q14980	NUMA1
0.02056086716	0.952027287	P23508	MCC
0.22679868	0.309729882	A3KN83	SBNO1
0.07896279736	0.759143187	Q659C4	LARP1B
-0.2460904595	0.5041593412	Q9H7X2	C1orf115
0.09359519366	0.6170983493	Q9Y3U8	ENSG00000130255
0.153139725	0.4234871924	Q12904	AIMP1
-0.1227529806	0.8475368003	P36956	SREBF1
0.0735706242	0.6599215283	Q8N3R9	PALS1
-0.1237617545	0.3711582213	P27695	APEX1
-0.7217047388	0.4458598761	P34913	EPHX2
-0.4669840227	0.3975408408	P00742	F10
0.2922537168	0.6954933302	P48060	GLIPR1
0.1935035748	0.2690697706	Q9Y450	HBS1L
-0.05377357041	0.8609447246	Q9UBS8	RNF14
-0.04958496873	0.8591322805	Q5T7M9	DIPK1A
0.1169947282	0.4811003434	P62333	PSMC6
-0.05246500539	0.8641308815	P14543	NID1
-0.1413412843	0.5873046269	P35573	AGL
0.2856126866	0.2338938326	Q99615	DNAJC7
0.08598454047	0.6492280225	Q8IWJ2	GCC2
0.2051589387	0.3796801647	Q14687	GSE1
0.004130640663	0.9924739733	P37059	HSD17B2
0.08951632274	0.8794627982	Q8NF37	LPCAT1
-0.008724550617	0.9578728238	Q4J6C6	PREPL
0.005894536287	0.9725524192	P29375	KDM5A
0.09743395746	0.4909559784	Q06330	RBPJ
-0.2668206229	0.3406627422	Q96KA5	CLPTM1L
0.02006422871	0.9103820323	O95163	ELP1
0.1190178953	0.6864059593	Q96N67	DOCK7
0.1267511115	0.6628232598	P13674	P4HA1
0.08867615781	0.6215179815	Q14008	CKAP5
-0.9278379721	0.2958822477	Q9UGM5	FETUB
-0.4669834328	0.4948813734	Q9NZH0	GPRC5B
0.3184563703	0.263415668	P68366	TUBA4A
0.1305309045	0.3480777993	P51572	BCAP31
0.07854052617	0.6391436771	Q9UKG1	APPL1
-0.1424399355	0.6777668265	Q9Y2U9	KLHDC2
0.02790017554	0.9450238542	Q99536	VAT1
-0.1300233718	0.6446796652	P11498	PC
-0.1173907883	0.5556536488	Q15811	ITSN1
0.0483101721	0.8432364309	Q99519	NEU1
-0.3481295207	0.6235368785	P08034	GJB1
0.2515485959	0.3403114619	Q15437	SEC23B
-0.8722385378	0.3799294669	P43652	AFM
0.06082862571	0.6267791823	Q13042	CDC16
0.1060548414	0.5914277764	Q92545	TMEM131
-0.01251317781	0.9747488858	O14595	CTDSP2
-0.07117540516	0.7001106222	O60749	SNX2
0.05086693119	0.7177171405	O15397	IPO8
0.01049510546	0.9458202982	O75351	VPS4B
0.03143931703	0.8488352511	P62993	GRB2
-0.211679684	0.8804807921	O15245	SLC22A1
-0.07231774974	0.6606819803	Q07889	SOS1
0.01717598447	0.9208684025	Q8IZP0	ABI1
0.1015395764	0.6125076461	Q6ULP2	AFTPH
-0.004311491331	0.9881456612	Q92542	NCSTN
-0.06827191576	0.6728799931	Q9BSR8	YIPF4
-0.2547772779	0.370789571	P17858	PFKL
0.1211963445	0.4879073349	P49790	NUP153
-0.1489526707	0.8043017333	P50591	TNFSF10
0.09162687699	0.5264095241	P53990	IST1
0.2696991839	0.4859197807	O14933	UBE2L6
0.01743663424	0.9458202982	Q8WUA8	TSKU
0.1393477471	0.4675840358	Q9UKA4	AKAP11
0.1740167981	0.5159298187	A6H8Y1	BDP1
-0.0135006892	0.9745562664	P56192	MARS1
0.09099445654	0.8659352386	P08476	INHBA
0.1028999501	0.5843298489	P49841	GSK3B
0.1821539695	0.4354940775	Q01780	EXOSC10
-0.7954807379	0.2442323403	Q6NUS8	UGT3A1
-0.6629650167	0.4027829319	Q02252	ALDH6A1
0.0495649238	0.793841885	Q69YN4	VIRMA
-0.108008988	0.5759241787	Q6PID8	KLHDC10
-0.1295363851	0.5124510711	P49641	MAN2A2
-0.0404064671	0.86840106	P14406	COX7A2
0.06108748041	0.7326571629	Q12982	BNIP2
0.003124438338	0.9878597493	Q8IWB9	TEX2
0.200410682	0.4592135878	Q15121	PEA15
0.1034687058	0.4659970231	Q14457	BECN1
0.3199654934	0.3184010472	Q9P2I0	CPSF2
-0.06307287657	0.7169658347	P14854	COX6B1
0.002637319605	0.9869999264	Q01085	TIAL1
0.1572284429	0.5428516327	P53611	RABGGTB
-0.1841371478	0.6541725298	O00635	TRIM38
0.017395125	0.952027287	Q96EN8	MOCOS
-0.05301567813	0.8199560034	Q9Y315	DERA
-0.04689055098	0.7594449386	P55795	HNRNPH2
0.5079673252	0.2692700843	Q16719	KYNU
-0.108080082	0.8136321211	Q8NHP8	PLBD2
-0.4652605039	0.5405711187	Q9BQQ7	RTP3
-0.08970217591	0.7051826632	P10109	FDX1
0.2756579102	0.227595407	Q8TDX7	NEK7
-0.607659593	0.151241055	O94911	ABCA8
0.02594705067	0.8743347625	Q96GX2	ATXN7L3B
-0.4235125565	0.5354168016	P49638	TTPA
-0.1030545085	0.6257432279	O60658	PDE8A
0.03939176449	0.7887144938	P17252	PRKCA
0.212028734	0.2442323403	Q9H3U5	MFSD1
0.1292139139	0.370789571	Q9NZN8	CNOT2
0.2358676711	0.2249062179	Q9NPA0	EMC7
0.01702427423	0.9483699381	Q969T9	WBP2
0.2918515643	0.6712656157	P32189	GK
0.0969795326	0.4819009559	Q9H2P0	ADNP
0.0747027832	0.556031882	Q49A26	GLYR1
-0.6670195943	0.6471188371	Q08AH3	ACSM2A
0.3016228785	0.3454507095	Q9Y3B1	PRELID3B
-0.1547819315	0.6059126343	Q8IZ07	ANKRD13A
-0.02552953352	0.8762008747	Q9Y5X3	SNX5
0.1563177347	0.3689009549	P48729	CSNK1A1
0.1522447087	0.5687179916	Q01658	DR1
0.2306140128	0.335429016	Q9Y6Y8	SEC23IP
-0.3004765323	0.3456875394	P16278	GLB1
-0.09932018226	0.6351916897	Q86VS8	HOOK3
-0.09481035521	0.6781943923	O60551	NMT2
0.07760570374	0.6494364852	Q9UKZ1	CNOT11
0.04548800979	0.9146779893	Q9NQG5	RPRD1B
-0.00622124228	0.9743739778	Q9Y4C1	KDM3A
0.06455974914	0.6221255525	O94817	ATG12
0.03788267198	0.785461322	Q99733	NAP1L4
0.2370008342	0.2718212749	Q9BYT8	NLN
0.05268443848	0.8488352511	P55786	NPEPPS
-0.7108915001	0.263415668	P15428	HPGD
-0.1149424713	0.5601087073	O75955	FLOT1
0.1185618553	0.4488217217	P51809	VAMP7
0.4042679496	0.3535084024	Q9BZE4	GTPBP4
0.1010254025	0.537316878	Q9C0A6	SETD5
-0.1036126325	0.7294719212	Q86V85	GPR180
-0.4554989646	0.3060703674	Q9NXB9	ELOVL2
-0.02984910985	0.928878233	Q70E73	RAPH1
-0.08650124743	0.9110118239	Q16822	PCK2
0.2878857512	0.3010227003	Q9P270	SLAIN2
0.05803424362	0.811900781	P10155	RO60
0.0370263879	0.8487503121	Q92543	SNX19
-0.04045222591	0.7979024608	P55036	PSMD4
-0.5066286997	0.2335261775	P42357	HAL
0.2580418993	0.2469575	O96005	CLPTM1
-0.182498831	0.5481320161	P45973	CBX5
-0.09919069793	0.7737130078	P17535	JUND
0.1231637007	0.349886707	O43768	ENSA
0.1168931957	0.6580397199	Q9NYV6	RRN3
-0.02252139401	0.937544359	P20645	M6PR
0.9697870761	0.2714560121	Q86YT5	SLC13A5
0.04507401179	0.8150288581	Q92922	SMARCC1
0.05402190931	0.8650968961	P42858	HTT
-0.3841411216	0.3851334969	P26440	IVD
0.3028429983	0.588302107	O00622	CCN1
-0.5279297714	0.2395165404	Q9Y5V3	MAGED1
0.001291094127	0.997279524	O75923	DYSF
-0.159437242	0.3667528385	Q16629	SRSF7
-1.032153503	0.182626542	P30531	SLC6A1
0.520215858	0.21847452	Q9H0J9	PARP12
-0.09540852854	0.5290098406	Q6IA86	ELP2
0.04255729415	0.8115538328	Q12768	WASHC5
0.5645621062	0.1914704449	Q5TGI4	SAMD5
0.2214263389	0.2608494751	Q8NHH9	ATL2
-0.04619008091	0.7871512938	O14548	COX7A2L
0.2077777171	0.5799264395	P28827	PTPRM
-0.1130073549	0.711562132	P43088	PTGFR
0.2694224238	0.5398762224	Q16828	DUSP6
-0.3602719581	0.3907308745	O00337	SLC28A1
0.1899153019	0.3249880998	Q15008	PSMD6
0.2567058384	0.4560697038	Q9H5J8	TAF1D
0.0244797228	0.8665794142	Q5VW32	BROX
0.1569811423	0.352932244	Q9NP79	VTA1
0.2385099778	0.3738743462	P04920	SLC4A2
-0.7297687397	0.2620174029	Q8IU80	TMPRSS6
-0.1876648461	0.2813619255	P30154	PPP2R1B
-0.03034556349	0.8144518273	Q8IYB3	SRRM1
0.3508318817	0.3836352098	Q3MJ13	WDR72
0.1121823133	0.5640516683	Q14CZ0	HAPSTR1
0.05666698112	0.7056934456	Q9UHC7	MKRN1
0.1799672512	0.3411533715	P51965	UBE2E1
0.4330802084	0.08255805805	Q93077	H2AC6
0.2907872948	0.236508846	Q9UHB9	SRP68
0.1889614894	0.3443105929	Q9Y2L1	DIS3
0.2271166083	0.4280915971	Q8NI36	WDR36
0.07364862195	0.6938620274	Q9H582	ZNF644
-0.3907968269	0.2668051893	Q9Y625	GPC6
-0.4660139382	0.1504038516	Q9NZ08	ERAP1
0.06504425522	0.7375623849	Q9Y4F3	MARF1
0.122791104	0.4570551204	O75367	MACROH2A1
0.03444251495	0.958815596	Q15942	ZYX
0.2094760864	0.4879334129	Q15149	PLEC
0.02017231449	0.9569935243	Q9UHB6	LIMA1
0.1800340198	0.3666769422	Q9H3P7	ACBD3
0.2312944891	0.2620174029	Q9UKX7	NUP50
0.03536720656	0.8771743684	Q13905	RAPGEF1
0.2563725203	0.2866979908	Q9UL26	RAB22A
0.2805546687	0.2545145875	Q96EY1	DNAJA3
-0.09184646194	0.6003325309	Q9NW68	BSDC1
-0.2728808449	0.2311086703	Q9NRE2	TSHZ2
-0.1857593774	0.3598561474	Q13557	CAMK2D
-0.06931020576	0.826910219	Q9UKA1	FBXL5
0.06266306715	0.6990137972	Q9UL25	RAB21
0.07695713414	0.6222390196	Q712K3	UBE2R2
-0.2515347512	0.7427280824	P36222	CHI3L1
0.06429935825	0.6487964324	Q5VT06	CEP350
0.05098556914	0.7892757722	Q03164	KMT2A
-0.01354390837	0.9785696364	O94832	MYO1D
-0.01429581011	0.9772940172	P03923	MT-ND6
0.1229673694	0.5109843398	Q9P2R3	ANKFY1
-0.5191639359	0.3354040237	P43251	BTD
0.101056634	0.467802389	Q9BUQ8	DDX23
0.07881907	0.5803462867	Q9H2K8	TAOK3
-0.2032364633	0.4489048502	P27540	ARNT
0.01412033899	0.9772040097	Q96PU5	NEDD4L
0.06031311673	0.8361261172	P78324	SIRPA
-0.1200813248	0.4755883829	Q9NQE9	HINT3
0.06317740806	0.8356594534	O15347	HMGB3
0.1354940295	0.4051867533	Q9NZZ3	CHMP5
0.105830343	0.7432393566	O00429	DNM1L
0.1242439694	0.4606705257	Q96RQ1	ERGIC2
0.2767461961	0.3915042603	Q9NRL2	BAZ1A
-0.115083532	0.8329960563	Q7Z2W7	TRPM8
-0.2417463777	0.2620174029	Q8IWB7	WDFY1
0.1109236373	0.6235368785	Q99816	TSG101
-0.2601711904	0.3988135161	Q8TD30	GPT2
-0.006872053185	0.9723950392	Q96Q42	ALS2
-0.02420585728	0.9507624548	Q9HD40	SEPSECS
0.1822247258	0.2794161897	O15228	GNPAT
-0.09317523077	0.563927665	Q9UJX4	ANAPC5
-0.02768496449	0.915786983	Q8NDX5	PHC3
0.1434063283	0.4419922591	P32314	FOXN2
0.01287863027	0.9624396126	P80303	NUCB2
-0.2049652278	0.3354040237	P11532	DMD
-0.08186498396	0.7002660531	Q9P2C4	TMEM181
-0.2747665935	0.2400082042	P42685	FRK
0.2747171842	0.2692700843	Q16222	UAP1
-0.04312371166	0.8580276482	Q9NUP9	LIN7C
-0.345862653	0.3381147057	Q7Z628	NET1
-0.01515791893	0.9246389494	O95292	VAPB
0.08551285753	0.5914277764	P17980	PSMC3
0.01359794099	0.9291220168	Q8IZD2	KMT2E
-0.2568188992	0.4277344245	Q8NB49	ATP11C
-0.06692269036	0.6015444854	Q93063	EXT2
0.04457014278	0.8213100246	P19838	NFKB1
0.2315959127	0.3821788134	Q13637	RAB32
0.3208456706	0.1389274101	Q9NTJ3	SMC4
-0.1599873799	0.3315253342	Q7Z3U7	MON2
-0.1547513	0.5372156182	P01034	CST3
-0.06710499144	0.7546833844	O75396	SEC22B
-0.2613339079	0.3086114846	O95674	CDS2
0.08954559831	0.5694167293	Q9H7U1	CCSER2
-0.01578787803	0.9521716641	O95562	SFT2D2
-0.4098883941	0.3350012755	Q96RQ3	MCCC1
0.1325018744	0.4231209463	Q96L73	NSD1
0.09864807567	0.5308099718	Q9HBM0	VEZT
-0.07843636798	0.9103501847	Q9BUB7	TMEM70
-0.02441523763	0.9103501847	Q6PKC3	TXNDC11
0.2431014059	0.4005936338	Q9UBS9	SUCO
-0.1352873905	0.5012600935	Q99828	CIB1
-0.1008648258	0.7511374064	Q5TA31	RNF187
0.0775559642	0.5900221267	Q8TEY7	USP33
0.1038295118	0.5044537517	Q9UNM6	PSMD13
0.2674422757	0.3155660638	Q9NP80	PNPLA8
0.04711779779	0.8836120777	Q9Y4D1	DAAM1
-0.1300171005	0.5792989969	Q01629	IFITM2
0.1430153659	0.4032249528	P20674	COX5A
-0.04664296423	0.9117609543	Q9H223	EHD4
-0.02918835483	0.9623032513	P30291	WEE1
0.05054107069	0.8641308815	Q92614	MYO18A
-0.5547347038	0.4083813604	Q00796	SORD
-0.1161634747	0.5389028528	Q8ND76	CCNY
0.1202197749	0.3746303132	Q9BXK5	BCL2L13
0.02259301894	0.8950782129	Q12986	NFX1
0.1863276346	0.2333695589	Q8IWR0	ZC3H7A
0.2129461365	0.5192330818	Q13823	GNL2
0.3872897783	0.2610595123	Q2NL82	TSR1
-0.08996947606	0.7365393664	O43251	RBFOX2
-0.310840536	0.2045207476	P31483	TIA1
-0.1327496871	0.4773419181	Q13315	ATM
-0.2742448211	0.2604270401	P53355	DAPK1
-0.03524288221	0.8015401657	O60573	EIF4E2
0.1534986846	0.3909787734	Q9UQ13	SHOC2
-0.1127679101	0.4963585879	Q9NRX6	TMEM167B
0.3142058354	0.236508846	Q14241	ELOA
0.2634897137	0.6610760342	P21580	TNFAIP3
0.07446580482	0.5638588199	Q7Z4R8	C6orf120
0.03139720858	0.8483002256	Q14703	MBTPS1
-0.07429354237	0.7821030802	P46939	UTRN
0.222981648	0.2692700843	Q6UXN9	WDR82
0.02299512393	0.8835337436	Q7LBR1	CHMP1B
-0.06418285621	0.6634356746	Q96DZ1	ERLEC1
0.08701429172	0.7735037457	Q86X29	LSR
-0.3734533598	0.2794161897	Q9UK17	KCND3
0.6434671176	0.2327180511	Q9BYX4	IFIH1
0.1521086133	0.6987046456	Q9UGI8	TES
0.07935330164	0.5917343999	Q9Y3L5	RAP2C
-0.06450210885	0.8365930083	O15550	KDM6A
-0.1746121077	0.4662369018	Q969S9	GFM2
0.1404876069	0.4020120508	Q04837	SSBP1
-0.5875511556	0.517334549	Q9UHD4	CIDEB
-0.2359183685	0.3559480491	Q9H8N7	ZNF395
0.07778365774	0.7056934456	Q96GF1	RNF185
-0.1172014921	0.6728799931	P61457	PCBD1
0.2028400252	0.3459350293	Q6GQQ9	OTUD7B
0.04179337832	0.8536430133	Q9Y4L5	RNF115
-0.3654903341	0.2958877404	O60487	MPZL2
0.08044457298	0.6215771673	O14972	VPS26C
0.006927066185	0.9826230226	P12757	SKIL
0.4269486797	0.1996231546	P50552	VASP
-0.08745854903	0.7114189995	P12955	PEPD
0.1883768967	0.448791395	Q9P0K7	RAI14
0.2158791983	0.5028645263	Q9UNX4	WDR3
-0.1811464981	0.448791395	Q8NDV7	TNRC6A
-0.6123676014	0.4819009559	O75891	ALDH1L1
0.2182990627	0.3859458989	Q68CR1	SEL1L3
-0.07376960875	0.7267336976	P32119	PRDX2
-0.05740923369	0.8218556406	Q9HAF1	MEAF6
0.1233951337	0.5660101534	Q9Y6G3	MRPL42
-0.04700762448	0.915786983	A4D0V7	CPED1
0.2676377983	0.3140622167	P46199	MTIF2
0.1186995144	0.603852298	Q92572	AP3S1
0.02548341977	0.8883080562	P36543	ATP6V1E1
0.3169821711	0.2794161897	Q09472	EP300
-0.02584382075	0.8735183072	O76071	CIAO1
-0.5001339131	0.4955094887	O95498	VNN2
0.09268659291	0.6339657761	P19438	TNFRSF1A
0.08701777288	0.7375623849	Q5JSZ5	PRRC2B
-0.1464047289	0.5811661012	Q9UGH3	SLC23A2
0.2544022373	0.2217756781	Q9UBB5	MBD2
0.1588301207	0.6781958736	Q6P1A2	LPCAT3
0.3185937392	0.2627099237	Q9NVF7	FBXO28
0.2981140225	0.227595407	Q9Y397	ZDHHC9
-0.005675814319	0.9861519738	O75390	CS
0.4305398707	0.235622488	Q7Z422	SZRD1
-0.1925664052	0.2765006616	O15400	STX7
0.04576248557	0.8485858335	Q96FJ2	DYNLL2
-0.3672951422	0.2945763874	P28799	GRN
0.09043174034	0.5253388802	Q96MU7	YTHDC1
-0.0008951522608	0.9974658118	O43169	CYB5B
0.1641385554	0.5737387671	P48730	CSNK1D
0.06689979052	0.6496230514	Q8WUW1	BRK1
0.2425737244	0.2338938326	O75592	MYCBP2
-0.03980494757	0.8609538334	P17010	ZFX
0.6068798886	0.4828837904	P04798	CYP1A1
0.1935472524	0.3137332519	Q9H2U1	DHX36
-0.01065968887	0.9668046938	Q86WR0	CCDC25
0.2787201839	0.2692700843	Q9UNH7	SNX6
0.2015064928	0.3176121796	Q13573	SNW1
-0.07613125534	0.7080767986	P40855	PEX19
0.1006641856	0.5762761491	Q9Y2Y9	KLF13
0.0166787025	0.9095738674	O94763	URI1
-0.1617193517	0.4310091339	Q96BI3	APH1A
0.04994751069	0.8134570765	Q9NZJ7	MTCH1
-0.3675274389	0.335429016	Q5TFE4	NT5DC1
1.443531302	0.09718177352	Q9Y6K5	OAS3
0.2033072223	0.3027741584	O95433	AHSA1
0.1800761592	0.4027862378	P60604	UBE2G2
-0.07149526787	0.9484851185	P20132	SDS
0.02267235797	0.8843303651	O60583	CCNT2
0.0693201513	0.6936143204	Q9UKI8	TLK1
0.07889622422	0.6903351167	P24390	KDELR1
-0.1190275534	0.6045778957	Q96MG8	PCMTD1
0.2757417964	0.3378890142	Q8IXK0	PHC2
0.3337564292	0.3792218483	P52630	STAT2
-0.3159907426	0.2380259829	Q93100	PHKB
-0.2316959429	0.3438758254	O75197	LRP5
0.2536710137	0.5478397146	P24522	GADD45A
0.0599763486	0.8321832868	Q14244	MAP7
-0.4894822967	0.5255426725	P05543	SERPINA7
0.06360699983	0.72527206	Q9NRN7	AASDHPPT
0.1234825759	0.467802389	Q8NC42	RNF149
-0.06727739839	0.8397906452	O15455	TLR3
0.1659366698	0.2716138434	P61803	DAD1
0.1143433901	0.5376639569	Q7LBC6	KDM3B
-0.8438646474	0.5553208316	Q99624	SLC38A3
-0.1161657093	0.4949311205	P08621	SNRNP70
0.4822753324	0.2299310753	P63151	PPP2R2A
0.1559390988	0.3376142228	Q7L014	DDX46
0.03356294055	0.8641308815	Q9HAP2	MLXIP
0.2731794957	0.3238728537	O95747	OXSR1
0.06135103543	0.8329960563	P63172	DYNLT1
-0.1331072351	0.4923838264	Q9NVL8	CCDC198
-0.1608097767	0.5862934337	O15164	TRIM24
-0.3618424302	0.335429016	Q07075	ENPEP
0.1542151083	0.5271076079	Q8TAT6	NPLOC4
0.14003414	0.3486491487	Q86XK2	FBXO11
0.4260583485	0.3311147198	Q99650	OSMR
-0.09246443463	0.7040872647	P11177	PDHB
0.1743659886	0.4560697038	Q8TF40	FNIP1
-0.192425576	0.6673646893	Q9BY67	CADM1
0.00743140492	0.9658995597	O43567	RNF13
0.2172571623	0.335429016	P63146	UBE2B
-0.01229690157	0.9729220286	Q9NV12	TMEM140
0.1187316351	0.5214520047	Q12874	SF3A3
0.7554636375	0.1762010505	Q5H9U9	DDX60L
0.09595041437	0.588302107	Q969U6	FBXW5
-0.08717281993	0.6642655498	Q9Y485	DMXL1
-0.1776278038	0.904257052	Q6T423	SLC22A25
-0.1069965313	0.7782096385	Q96QZ7	MAGI1
-0.0375636687	0.9006902354	P05166	PCCB
-0.1394466292	0.3752543814	P52756	RBM5
0.1150135065	0.5447670583	Q7Z3D4	LYSMD3
0.04949165962	0.8115538328	P56556	NDUFA6
-0.2571138551	0.4376016395	Q99735	MGST2
0.1985414014	0.3603998269	O00186	STXBP3
-0.005584910574	0.9821225325	Q13561	DCTN2
0.1499140758	0.3230623378	P48556	PSMD8
0.2256359504	0.3315253342	P61599	NAA20
0.3858670312	0.2720522052	Q5T5P2	KIAA1217
-0.3250888137	0.2355173272	Q14011	CIRBP
0.2324584387	0.3866805541	Q27J81	INF2
-0.2537945696	0.4819009559	O95243	MBD4
0.01177154647	0.9494324411	O95168	NDUFB4
0.1703072154	0.4480403566	Q92769	HDAC2
-0.05606963454	0.714685021	O60879	DIAPH2
-0.6937854644	0.1025615218	P04626	ERBB2
0.1630285373	0.3482084985	Q9UMS4	PRPF19
-0.06683792334	0.7029492665	O60296	TRAK2
-0.001041090621	0.9978035341	Q16739	UGCG
0.1254343641	0.589090142	Q7Z4F1	LRP10
0.001285500208	0.9950413718	Q2PZI1	DPY19L1
0.156907666	0.40374116	Q8NBF6	AVL9
0.3019816074	0.3055777347	Q9Y252	RNF6
0.1984694666	0.4895788833	Q9Y5M8	SRPRB
0.250701284	0.5160053215	P50452	SERPINB8
0.1810005229	0.3137418251	Q96I24	FUBP3
-0.2960780183	0.4001717389	Q08380	LGALS3BP
0.02370729541	0.9662324763	Q8IV03	LURAP1L
0.09338137806	0.4985511892	Q9C0J8	WDR33
-0.1384703209	0.6145446233	O94923	GLCE
-0.01912642529	0.9200520038	P60468	SEC61B
0.08991815725	0.5625740961	Q9H074	PAIP1
0.009097189712	0.986813438	Q9HBI6	CYP4F11
-0.9472404803	0.3149323915	Q9UI17	DMGDH
0.100336714	0.4852586596	Q13123	IK
0.1004750944	0.5318598503	O94903	PLPBP
-0.5850507962	0.4139424196	Q12841	FSTL1
0.1794374187	0.4815592187	Q9Y217	MTMR6
0.2330980658	0.3859830984	Q9Y2X3	NOP58
0.08387419752	0.6855114073	Q5TDH0	DDI2
0.1425719843	0.4621000236	O00267	SUPT5H
0.04242079394	0.8109536913	Q12931	TRAP1
0.3988777762	0.2311086703	P29353	SHC1
0.004930399012	0.9784616868	Q15532	SS18
-0.04287602336	0.829589734	Q9UPT5	EXOC7
0.2140910523	0.6599065028	Q13535	ATR
0.09962563897	0.7735037457	P15408	FOSL2
0.008541326702	0.9668399871	Q96JB2	COG3
0.1606651149	0.5426820159	P30793	GCH1
0.05983439159	0.72527206	O75880	SCO1
-0.3407648996	0.3443105929	Q6NVY1	HIBCH
0.2082749724	0.3562306873	Q9NZC3	GDE1
0.2257915978	0.3077502257	Q08945	SSRP1
-0.07247060047	0.9347384069	Q02318	CYP27A1
-0.1975443357	0.3055777347	O60281	ZNF292
-0.141801906	0.3539578429	Q8IZ81	ELMOD2
0.2332856693	0.4662923129	O75153	CLUH
0.1399340186	0.532276159	Q969G6	RFK
-0.4970564726	0.3666769422	Q16762	TST
0.02668959844	0.8466303939	Q7Z5G4	GOLGA7
0.2764523053	0.3666769422	Q13586	STIM1
0.1112041099	0.7735298036	P23381	WARS1
-0.2709996469	0.203078386	Q9UH62	ARMCX3
-0.09306501088	0.8725943343	O14967	CLGN
0.05703726378	0.7855839096	Q9NQT8	KIF13B
0.2965264669	0.2765006616	Q08J23	NSUN2
0.01271710876	0.9543533877	Q9NR48	ASH1L
-0.04510896139	0.8818525591	P35637	FUS
0.1867269151	0.4009461877	Q86Z02	HIPK1
-0.09963379867	0.770405341	P07360	C8G
0.1290529344	0.4141420755	O95807	TMEM50A
0.1488339134	0.2928019514	P49411	TUFM
-0.2083524468	0.2469575	Q9UEU0	VTI1B
0.1383957953	0.4759913013	Q71F56	MED13L
0.02525935522	0.8762008747	P49585	PCYT1A
0.1863474642	0.2661313062	Q92688	ANP32B
0.324364105	0.2617972566	Q9Y679	AUP1
0.1968423849	0.4364208418	Q9BYH8	NFKBIZ
-0.1648662995	0.4760369138	P26572	MGAT1
0.2594175329	0.2794161897	Q9Y6W5	WASF2
-0.06803662061	0.6978227474	Q9UKT8	FBXW2
0.2225455198	0.595831357	O75460	ERN1
0.3515701813	0.289642089	Q3MIP1	ITPRIPL2
-0.1724968176	0.4319790224	Q6TFL4	KLHL24
0.2918946645	0.3105451366	Q86TB9	PATL1
0.224863188	0.2604270401	Q8IYH5	ZZZ3
-0.03904415364	0.9103501847	Q9HCM4	EPB41L5
0.7238511061	0.4608523797	Q99988	GDF15
-0.163581931	0.6312226695	O14910	LIN7A
0.2692734744	0.4738448161	P50416	CPT1A
0.2431722963	0.4188588866	Q9H583	HEATR1
0.163604009	0.3738743462	Q86X27	RALGPS2
-0.4593474913	0.2620174029	Q13011	ECH1
0.1680178428	0.517334549	Q9NVW2	RLIM
0.0824062593	0.737906058	Q9H993	DCPH1
-0.2455422111	0.3738743462	P29374	ARID4A
0.3440281311	0.3395200438	Q9Y236	OSGIN2
-0.2190292396	0.3148155269	A2VDJ0	TMEM131L
0.1662685769	0.3967803721	P82094	TMF1
0.09181845649	0.786078572	Q9UPU9	SAMD4A
0.02367120643	0.92062792	Q96IX5	ATP5MK
0.1067381559	0.7301587826	P16152	CBR1
0.229947895	0.2620174029	Q9UHD2	TBK1
0.05065631772	0.7988125305	P08134	RHOC
0.03781166958	0.8585495108	Q4FZB7	KMT5B
0.06209661752	0.7757043791	Q15404	RSU1
-0.1742680947	0.6515773666	Q9BYV6	TRIM55
0.1131405407	0.4662369018	P37837	TALDO1
0.1579034968	0.3238728537	Q13617	CUL2
0.0615254216	0.6819045772	Q86TU7	SETD3
-0.7136802742	0.2572068551	P43121	MCAM
0.1679605803	0.3660306754	Q14BN4	SLMAP
0.3372638339	0.2124809558	Q15382	RHEB
-0.5669320372	0.3277437006	O95084	PRSS23
0.236766647	0.2677078542	Q9UDY8	MALT1
0.320210252	0.3281545132	Q9UQ80	PA2G4
0.1238018447	0.7116016332	Q92508	PIEZO1
0.05604121215	0.7034129812	Q5QP82	DCAF10
-0.1060970191	0.7130208383	Q9UH99	SUN2
-0.07774165337	0.6166606556	O43314	PPIP5K2
0.2482366533	0.4319790224	P48634	PRRC2A
0.1326845589	0.4961382561	Q96ST2	IWS1
0.0438635957	0.8420227959	P25054	APC
-0.1742221941	0.8206609671	Q9BY76	ANGPTL4
0.1016680175	0.585362588	Q9Y6M9	NDUFB9
-0.09680283224	0.6547083199	P25963	NFKBIA
0.5015530875	0.2333695589	P17676	CEBPB
0.1516975541	0.6261384845	Q15543	TAF13
0.4383447795	0.2229482068	P24385	CCND1
-0.2386836412	0.5162973701	P25325	MPST
-0.2598808637	0.3423021205	O75110	ATP9A
0.005730379374	0.9785696364	Q9Y2Y0	ARL2BP
-0.15094186	0.4003662308	O43920	NDUFS5
0.1680726916	0.3176121796	Q9Y5L0	TNPO3
0.07555872744	0.5620992642	Q5VZL5	ZMYM4
0.07984910448	0.6069459789	P32321	DCTD
-0.07052475684	0.7193270533	Q16585	SGCB
0.1444893559	0.7550521233	Q9HB63	NTN4
-0.03517757618	0.9001864989	P56381	ATP5F1E
0.0006444793159	0.9978035341	Q92968	PEX13
0.1269753089	0.4207308411	Q9UQE7	SMC3
-0.1933979318	0.6652242161	P04070	PROC
-0.3308269532	0.5171470976	Q16555	DPYSL2
-0.2824420645	0.2687676563	P06865	HEXA
0.2006839201	0.4680998006	Q96JC9	EAF1
0.04092673576	0.8232390606	Q86WG5	SBF2
0.3175865022	0.2846931213	Q86XL3	ANKLE2
-0.02872248282	0.8650266561	Q9HC38	GLOD4
-0.04870205323	0.7951906284	O43286	B4GALT5
-0.06359358427	0.6606819803	O15084	ANKRD28
0.1094551019	0.6886860696	P51589	CYP2J2
0.04752850983	0.7710730006	O15037	KHNYN
0.06323339569	0.7572673738	A8MW92	PHF20L1
-0.3452903962	0.2707248195	Q15555	MAPRE2
0.08661356977	0.6227595383	Q7Z3T8	ZFYVE16
0.2737974476	0.5365976205	Q9BYG0	B3GNT5
0.009111092715	0.9656903223	Q9NTZ6	RBM12
-0.4650311105	0.2229482068	Q9UNF1	MAGED2
0.03340924044	0.817015444	Q68DK7	MSL1
0.07236086089	0.7495927197	O75362	ZNF217
0.01294903907	0.9312610458	Q15631	TSN
0.09886759991	0.5458572833	Q9UPN9	TRIM33
-0.002421034808	0.9964485435	P56945	BCAR1
0.0813053814	0.7328271068	P51159	RAB27A
-0.003622695899	0.9810960939	Q00577	PURA
-0.4884193648	0.6913116687	P11509	CYP2A6
0.2046968148	0.3630163983	Q13033	STRN3
-0.6845695084	0.236508846	O95255	ABCC6
-0.4285705737	0.2492922357	Q8N4T8	CBR4
-0.01864815118	0.9103501847	Q9NVA4	TMEM184C
-0.1612812101	0.6318037098	Q7Z406	MYH14
-0.2189589121	0.3764942954	O43813	LANCL1
1.905656924	0.01978949118	P06727	APOA4
0.06320263059	0.6227595383	Q9Y224	RTRAF
-0.3021306032	0.236508846	Q8IUZ5	PHYKPL
0.1579904656	0.5423486201	Q86UD5	SLC9B2
-0.2019246005	0.2819768936	Q15293	RCN1
-0.5183246324	0.3786075949	Q15166	PON3
-0.2372363098	0.3091937578	Q9HAB8	PPCS
0.2862857264	0.2380259829	P55327	TPD52
0.03576076987	0.8696685722	Q5W0Z9	ZDHHC20
0.01570261504	0.9348050224	P21926	CD9
0.2331122542	0.3537959864	P48163	ME1
0.2119288308	0.2380259829	O43242	PSMD3
-0.09397339459	0.8207102647	P02462	COL4A1
0.1469217496	0.6560447618	Q96CS7	PLEKHB2
0.1708071242	0.4293898142	Q02750	MAP2K1
0.2103294082	0.3601485488	Q9H6S0	YTHDC2
-0.1970972253	0.5888658537	Q5R3I4	TTC38
0.02649300747	0.8764625686	Q8IWD4	CCDC117
0.01965525003	0.91250645	Q96JK2	DCAF5
-0.1279776129	0.5109781067	Q8TE76	MORC4
-0.09004034949	0.8751304121	P51689	ARSD
0.06061860545	0.7484213098	O95376	ARIH2
-0.1154256923	0.6864059593	O75884	RBBP9
0.09818615623	0.7044571096	Q7Z412	PEX26
0.01226432533	0.9569566959	Q9NQL2	RRAGD
-0.1295352423	0.4659970231	Q9NP66	HMG20A
0.01960487826	0.9584091177	P36897	TGFBR1
0.1877687356	0.4745288355	Q9P215	POGK
0.11183544	0.4384261885	P62195	PSMC5
-0.004716165729	0.9820706092	Q96DX4	RSPRY1
-0.1506530002	0.5399530814	Q86VZ5	SGMS1
-0.2330335924	0.2707762288	Q14527	HLTF
0.04123156789	0.7816313407	Q96J02	ITCH
0.2691000135	0.2932006158	O14646	CHD1
0.3028349422	0.2976256957	Q92945	KHSRP
0.1386332472	0.4304823477	Q15057	ACAP2
-0.1649465737	0.5041593412	Q6WCQ1	MPRIP
0.157138114	0.4189681042	Q13127	REST
0.375199672	0.2318126141	Q9H8H0	NOL11
0.06009047068	0.7559553113	Q7L3B6	CDC37L1
0.01133878772	0.9644564445	Q9NRR8	CDC42SE1
0.05797468844	0.673171332	O94842	TOX4
-0.01032661806	0.9624396126	Q9C0K7	STRADB
-0.09414716189	0.6492280225	Q8N4S9	MARVELD2
-0.5591020247	0.3035751783	P51649	ALDH5A1
0.1551977439	0.3249880998	Q8TC07	TBC1D15
0.1224170225	0.5885644661	Q99567	NUP88
0.2084321778	0.4001786342	P09496	CLTA
0.008185560591	0.9695013336	Q9GZZ9	UBA5
0.3582727536	0.3955170585	O00567	NOP56
0.1450014784	0.5047794872	Q86X10	RALGAPB
-0.04114893448	0.8080664268	O60244	MED14
-0.02835367406	0.9052150524	Q8IZA0	KIAA0319L
-0.02453107742	0.9058618045	Q8N3X1	FNBP4
0.1549722035	0.6711995579	P48723	HSPA13
0.428990986	0.2707762288	Q9UEE5	STK17A
-0.05849169776	0.7292179909	Q8N720	ZNF655
0.02183805321	0.9060777787	Q96GG9	DCUN1D1
0.04250503349	0.9347679128	P09038	FGF2
0.004123402693	0.9820706092	Q8WWQ0	PHIP
0.07120368769	0.727866885	Q3V6T2	CCDC88A
0.3106287248	0.2870513895	Q9UGL1	KDM5B
0.2413631962	0.3235293759	Q9NSB8	HOMER2
0.0451764348	0.8466303939	Q96KC8	DNAJC1
-0.1991420864	0.3206653071	Q9BV40	VAMP8
-0.2083863644	0.4523929413	P49754	VPS41
0.03950483791	0.9126734608	Q8IWT6	LRRC8A
-1.204325508	0.1814925525	P58005	SESN3
0.2548250246	0.3279489729	Q92615	LARP4B
0.111384902	0.4874849204	O75143	ATG13
0.250470106	0.236508846	P45985	MAP2K4
0.03050562787	0.8818525591	Q9P2J3	KLHL9
-0.1927151982	0.2794161897	Q8N2G6	ZCCHC24
0.2870678108	0.2380259829	P62253	UBE2G1
0.2404280369	0.2620174029	Q6QNY1	BLOC1S2
-0.6358742858	0.2707248195	P06681	C2
0.1214513653	0.6053421264	P54253	ATXN1
0.08429318395	0.5583638982	Q4G0J3	LARP7
-0.1504082758	0.3485779074	Q96S66	CLCC1
0.1544701817	0.4373385838	Q5T8P6	RBM26
0.191876833	0.2693740967	Q15648	MED1
-0.3139118742	0.4401989698	O15229	KMO
0.109416589	0.5617099277	P27448	MARK3
0.1037223951	0.4815592187	Q9Y5Z4	HEBP2
0.169626804	0.2794161897	P68036	UBE2L3
-0.1455140688	0.4493263375	Q99643	SDHC
0.2345323254	0.5175626	Q15691	MAPRE1
0.02121701803	0.9284116557	Q9Y263	PLAA
-0.2846015377	0.2783705437	P49821	NDUFV1
0.1289624516	0.4841822062	Q92538	GBF1
0.2496943032	0.3400319094	Q86U86	PBRM1
-0.0238058179	0.8920096167	Q8N5G2	MACO1
0.1381941829	0.4953289833	P82650	MRPS22
0.1970956849	0.4231209463	P60059	SEC61G
0.09742878718	0.5387511577	Q7L4I2	RSRC2
0.09858147233	0.5589187214	Q8IZQ1	WDFY3
0.1466878147	0.5435622278	Q96IV0	NGLY1
0.03105618697	0.854659305	Q8WUB8	PHF10
0.03977433556	0.8276102582	Q9NZL9	MAT2B
-0.3485728752	0.5011255588	Q9HBB8	CDHR5
-0.08887304562	0.7322843167	P14373	TRIM27
-0.05943789674	0.774359492	Q08722	CD47
0.2156388143	0.3692787513	Q92621	NUP205
0.03588473725	0.8516281252	Q8NCP5	ZBTB44
-0.05852675742	0.7264298251	Q49A88	CCDC14
-0.161205349	0.2698229597	P54886	ALDH18A1
0.2229173913	0.2620174029	Q14694	USP10
-0.2511775439	0.3526129591	Q6WKZ4	RAB11FIP1
0.07785479081	0.8800154891	Q9NP84	TNFRSF12A
0.1993838989	0.5660637666	Q8WTS1	ABHD5
-0.1831866621	0.7004271671	Q9NQ84	GPRC5C
0.142664519	0.4234871924	O43583	DENR
-0.2810935727	0.2604270401	P09960	LTA4H
0.2951135246	0.2821644076	Q9Y3E0	GOLT1B
-0.1658199736	0.3285264961	Q14696	MESD
-0.05397212442	0.7419825983	Q8WVM7	STAG1
0.2304878437	0.6014307941	Q01813	PFKP
0.1253915208	0.5187529523	Q12830	BPTF
0.4825679688	0.2380259829	P51617	IRAK1
-0.05935194775	0.7568858153	Q6PEV8	FAM199X
0.1115870707	0.4410890532	Q92541	RTF1
0.5152764227	0.2896045946	Q68CJ9	CREB3L3
-0.378886927	0.3642686816	Q9UBN7	HDAC6
0.2108753206	0.4277777635	Q8NCA5	FAM98A
0.009701991059	0.9569935243	O95271	TNKS
-0.01643105835	0.9458202982	P52735	VAV2
0.1257366478	0.50857292	Q8IWA4	MFN1
0.170947951	0.2794161897	Q13242	SRSF9
0.2581054359	0.3399429053	Q9UIF9	BAZ2A
-0.06109716629	0.6666518283	Q8WVD5	RNF141
-0.3765489857	0.2808741936	Q9ULV1	FZD4
0.2901039957	0.1580971123	Q8TEW0	PARD3
-0.1079947089	0.5030101182	O75204	TMEM127
0.02462914529	0.9358050884	P49589	CARS1
-0.04399337463	0.8602404197	O15460	P4HA2
0.02033188852	0.9161958855	Q4LE39	ARID4B
0.1479818921	0.4760369138	P14866	HNRNPL
0.3417327388	0.3316107179	Q9Y2R4	DDX52
0.03084283097	0.9105160285	Q14142	TRIM14
0.3626491772	0.3353827083	Q08AF3	SLFN5
-0.2421135526	0.477796621	Q9BPX6	MICU1
0.2600051381	0.3260734879	Q96FQ6	S100A16
0.08678886143	0.600007064	Q9UGI0	ZRANB1
-0.6274210121	0.3627367632	Q969Z3	MTARC2
0.1106219424	0.5283160445	P82664	MRPS10
0.1771938454	0.3143781301	Q9Y5K8	ATP6V1D
0.1192509424	0.5237979666	Q16543	CDC37
0.1487179235	0.3668934301	Q9UBQ5	EIF3K
0.1819948339	0.5491844189	Q9BX95	SGPP1
0.08901748165	0.7616672309	Q7Z5Q1	CPEB2
0.202238139	0.5466228526	Q13467	FZD5
0.2082052742	0.3963852304	Q8N9Q2	SREK1IP1
0.1013036605	0.5377506781	Q9HC07	TMEM165
-0.01326927357	0.9458202982	Q9NTJ5	SACM1L
0.2010703947	0.3538901881	Q15029	EFTUD2
0.2238062254	0.2595231886	A6NDU8	RIMOC1
0.09381279907	0.4948813734	Q8NFW8	CMAS
-0.1495077232	0.5451706406	Q10469	MGAT2
0.2562856726	0.2764378779	Q96T58	SPEN
-0.2163522794	0.4963725561	P83111	LACTB
0.3299240203	0.2333695589	Q9HCK8	CHD8
-0.3190447451	0.3075081595	Q6UXV4	APOOL
0.09906562292	0.4888955698	Q9UKT7	FBXL3
-0.1488276984	0.8066426694	Q5JSH3	WDR44
0.1413629595	0.3400314251	Q9BZE1	MRPL37
0.1537705688	0.490305062	P62879	GNB2
-0.02313852642	0.8996184191	Q13151	HNRNPA0
0.3436124064	0.194079371	Q9HAV7	GRPEL1
-0.215748362	0.3315253342	Q9NRG4	SMYD2
-0.06341471334	0.7731942647	Q9BTT0	ANP32E
-0.01431020576	0.9520249983	O00161	SNAP23
0.1832052285	0.3065453088	P63098	PPP3R1
-0.1726979536	0.7193270533	Q96HR9	REEP6
0.001168242319	0.9974658118	Q5VVJ2	MYSM1
0.03115128844	0.8410658155	Q5TC82	RC3H1
0.07087819629	0.6710446728	Q9NZ32	ACTR10
0.07535896992	0.7079548098	Q00534	CDK6
0.2476487776	0.4512497791	P98196	ATP11A
0.1915436711	0.335429016	Q9H6S1	AZI2
-0.1395765719	0.4374959736	P35268	RPL22
-0.05479962106	0.7978564943	Q96HT8	MRFAP1L1
0.05484866349	0.8176867632	Q08378	GOLGA3
0.07161430814	0.5910102955	Q9Y6A9	SPCS1
0.2591597531	0.6215179815	Q8WYA1	BMAL2
0.7523662176	0.175421593	O15162	PLSCR1
-0.1109160139	0.4150866092	Q08379	GOLGA2
0.114671896	0.5188683644	Q00059	TFAM
-0.1101042796	0.793528476	O43772	SLC25A20
0.1247369161	0.6918460818	Q9Y305	ACOT9
-0.5300451884	0.335429016	Q7L1S5	CHST9
0.02078462555	0.9110118239	O95260	ATE1
0.04775533619	0.7722419094	P23526	AHCY
-0.1923433184	0.6652242161	Q9P2M7	CGN
0.10320387	0.7336359999	Q6IQ26	DENND5A
-0.3583085382	0.4150866092	Q14449	GRB14
0.2011572593	0.4287500017	O14776	TCERG1
-0.4284598582	0.2229482068	P08236	GUSB
0.1131112733	0.4318903503	Q9NQW7	XPNPEP1
-0.1728711657	0.5881148881	Q9BRN9	TM2D3
0.0529529168	0.8279471899	P53609	PGGT1B
0.04264047842	0.8275151699	Q8TBM8	DNAJB14
0.1676525973	0.5206667262	Q9Y320	TMX2
-0.03469857245	0.867714911	Q8WU20	FRS2
0.2058492108	0.5659234513	Q96CX6	LRRC58
-0.02642370034	0.8764625686	O94921	CDK14
-0.1597877425	0.5093381118	O75718	CRTAP
-0.1195075737	0.4628070321	Q06730	ZNF33A
0.1930680886	0.349098035	Q8NFA0	USP32
0.1213968312	0.4416414159	O60293	ZFC3H1
0.2248600298	0.2720522052	Q9BPZ7	MAPKAP1
0.1772619216	0.477796621	Q8N490	PNKD
0.04974233979	0.7088561363	Q9NRR3	CDC42SE2
-0.2444954945	0.1814925525	P47897	QARS1
0.328914256	0.2673212122	Q15459	SF3A1
-0.3078523024	0.3964550205	Q9UKR5	ERG28
0.2097200105	0.2124809558	O00743	PPP6C
0.6286988759	0.4063333967	Q02952	AKAP12
-0.04506898626	0.7425033175	Q6P6C2	ALKBH5
0.02262744588	0.8762008747	Q92544	TM9SF4
0.21058049	0.2604270401	Q8TF05	PPP4R1
0.2484147403	0.4209868667	Q6UB99	ANKRD11
0.1456948798	0.5828433265	Q86W92	PPFIBP1
0.3830937288	0.2797430696	Q86WC4	OSTM1
0.06185483569	0.7397067338	Q9Y6K0	CEPT1
0.04646334275	0.8016297554	O60524	NEMF
0.1389194177	0.4002818274	Q9BTE3	MCMBP
0.1009039291	0.4502774944	O75347	TBCA
-0.1627514026	0.5709714163	Q9HCJ1	ANKH
0.2694812698	0.236508846	Q9Y255	PRELID1
-0.1861338855	0.3792218483	Q86VN1	VPS36
-0.4845102578	0.2876575184	Q9HAT2	SIAE
-0.10342467	0.5275206356	Q9P0S9	TMEM14C
0.06383198273	0.5957053997	Q6Y7W6	GIGYF2
-0.01381936175	0.9725524192	Q9UQQ2	SH2B3
0.3490991357	0.2692700843	Q9Y508	RNF114
0.2470290114	0.3468350781	Q8NE71	ABCF1
-0.07726797133	0.6773167418	P50897	PPT1
0.09554774377	0.4378769245	Q15311	RALBP1
0.1845284573	0.3296295467	P52655	GTF2A1
-0.39263586	0.3260734879	P20962	PTMS
-0.006811338015	0.9784616868	P42694	HELZ
-0.05798120336	0.7094823401	P30533	LRPAP1
0.320333607	0.2718212749	Q96QU8	XPO6
-0.1517914332	0.6091530072	Q8NBI5	SLC43A3
-0.1503574983	0.7065989525	Q63ZY3	KANK2
0.0588180522	0.7266175505	Q5JTV8	TOR1AIP1
-0.09149737532	0.6322406801	Q9NVR2	INTS10
0.1731304119	0.3708761111	Q8IWI9	MGA
0.300251591	0.3137332519	P19784	CSNK2A2
0.2848443493	0.3679016984	Q9H501	ESF1
-0.5283317488	0.2229482068	Q8TF72	SHROOM3
0.1624964803	0.5022541645	Q9BRA2	TXNDC17
-0.01363522057	0.9359903365	Q2TAY7	SMU1
-0.3444038232	0.4975812641	Q86Z14	KLB
0.1031421791	0.5902678796	P61163	ACTR1A
-0.08242961846	0.7275178958	P55263	ADK
-0.8947985091	0.2712102338	P49419	ALDH7A1
-0.1006405524	0.6091530072	O00409	FOXN3
0.01690707529	0.9064809738	Q9H6Y7	RNF167
-0.1331918092	0.3817645328	Q9NS37	CREBZF
0.03455181276	0.8317420402	Q8TAD4	SLC30A5
-0.1345180323	0.3953548514	Q9UJY4	GGA2
-0.1423152755	0.6364167008	Q9C0K1	SLC39A8
0.2638991311	0.3396120316	Q76L83	ASXL2
0.1024094762	0.612197543	P47985	UQCRFS1
0.019514492	0.9103501847	Q96P70	IPO9
0.06668856653	0.6958591127	Q86TI0	TBC1D1
0.3585427109	0.3091937578	Q08AD1	CAMSAP2
0.08426826944	0.5845385789	Q8NEY8	PPHLN1
0.2172037477	0.3596657368	P52298	NCBP2
0.2572764303	0.2508250888	Q8NDF8	TENT4B
0.166612317	0.4270684237	O43148	RNMT
-0.2632035087	0.2620174029	Q96N96	SPATA13
0.1416005348	0.3799294669	Q7Z478	DHX29
-0.4438089395	0.3872370038	Q96FL8	SLC47A1
0.06241799502	0.6787836464	P34925	RYK
-0.01777569912	0.9487492022	Q6NXT6	TAPT1
0.1109976441	0.3806120661	P55854	SUMO3
0.00659354765	0.9785696364	Q14185	DOCK1
0.06382819147	0.7367197478	P42574	CASP3
0.1504679488	0.5137261771	P17612	PRKACA
0.1452321344	0.3594337011	O00203	AP3B1
-0.4094471996	0.3480777993	P17900	GM2A
0.1932045124	0.3265537858	P43686	PSMC4
0.08676854164	0.663126679	P11216	PYGB
0.2278971876	0.2693740967	P32780	GTF2H1
-0.09906962873	0.6805375653	Q92567	FAM168A
0.1246401873	0.609756317	P28062	PSMB8
-1.081054672	0.07736901762	Q01814	ATP2B2
-0.2895747176	0.5316648998	Q9Y2E6	DTX4
0.4106713754	0.2124809558	Q9UGJ0	PRKAG2
-0.2148449189	0.468479555	P11182	DBT
-0.1175557652	0.7402307991	Q14CS0	UBXN2B
0.1987244325	0.3955170585	Q96K49	TMEM87B
0.1603759135	0.3597404474	Q92844	TANK
-0.03709441931	0.8641308815	O75886	STAM2
0.07505587183	0.6601631403	Q9Y2F5	ICE1
0.2276031968	0.2707248195	P62837	UBE2D2
0.05200803215	0.7882731293	Q9UGR2	ZC3H7B
-0.1838020458	0.5458572833	Q9HBR0	SLC38A10
-0.08752409098	0.5740781613	Q68DH5	LMBRD2
-0.03184977638	0.9457235361	Q9C0H2	TTYH3
0.0546123275	0.8260233456	Q08209	PPP3CA
-0.08421054021	0.7924382578	Q6ZT07	TBC1D9
0.1628448452	0.4229078995	Q92552	MRPS27
0.07593631825	0.6227595383	Q9P2G1	ANKIB1
-0.09037541979	0.531179182	Q9GZY8	MFF
0.07492589002	0.5812791273	Q9BZ95	NSD3
0.1617031494	0.4364208418	Q4G148	GXYLT1
0.2748228248	0.3100099365	Q969H8	MYDGF
0.07521690868	0.7228834562	O75663	TIPRL
-0.2856125163	0.27443329	O95190	OAZ2
0.1525363256	0.4361816712	Q9Y3B4	SF3B6
0.2037395597	0.311568726	Q9BWH2	FUNDC2
-0.001369738074	0.9938102274	Q9NU53	GINM1
0.05488540903	0.7637140728	Q8NBF2	NHLRC2
0.2992283167	0.2380259829	Q13564	NAE1
0.3605720084	0.2720522052	Q9P278	FNIP2
-0.06704194871	0.6312321288	Q9C0E8	LNPK
-0.1196317187	0.7545691148	Q9Y4J8	DTNA
0.3458622266	0.3308941803	Q13325	IFIT5
0.144377592	0.4032681406	P53367	ARFIP1
0.089656663	0.6015444854	Q9Y676	MRPS18B
0.5793690692	0.2229482068	Q8TCS8	PNPT1
0.1578001957	0.4809164378	O94916	NFAT5
0.0544511398	0.8077667437	Q16890	TPD52L1
-0.01583331512	0.9839293087	P56645	PER3
0.137183019	0.4232713334	Q7Z7E8	UBE2Q1
0.2753307199	0.335429016	Q07021	C1QBP
-0.02469952132	0.9520249983	Q6ICG6	KIAA0930
0.05145788098	0.7933569014	Q8TBC4	UBA3
-0.4882068496	0.2229482068	Q9BUD6	SPON2
-0.3373662803	0.3354040237	P35580	MYH10
-0.06641121415	0.8173029779	Q96F24	NRBF2
0.1982660234	0.3866805541	P52788	SMS
-0.5311481962	0.3975408408	P00748	F12
0.07251504881	0.6848495217	Q86SZ2	TRAPPC6B
0.08428157422	0.8829055195	Q9H792	PEAK1
0.1565042264	0.3603180017	O94880	PHF14
-0.09127195507	0.6111816087	Q9H0E2	TOLLIP
0.1997242281	0.2987233718	Q96AT9	RPE
-0.07723967865	0.7079548098	Q6P587	FAHD1
0.08783581019	0.5715943039	O94915	FRYL
0.197346436	0.6169583956	Q8WYQ9	ZCCHC14
0.0933138016	0.4874936722	Q9UNZ2	NSFL1C
0.02745035542	0.9208261856	Q92667	AKAP1
-0.2567659349	0.714685021	Q8N142	ADSS1
-0.180268839	0.4243697994	Q5T9L3	WLS
-0.01260153784	0.9490545485	Q9Y3D3	MRPS16
-0.1507616917	0.5873580253	P50616	TOB1
-0.2557479063	0.4702647937	O43283	MAP3K13
-0.07921914284	0.6918460818	Q8WZA1	POMGNT1
-0.2899507376	0.4392549084	Q8IYS0	GRAMD1C
0.01273751008	0.9612840169	Q9UJC5	SH3BGRL2
-0.1715572748	0.6515160178	O75121	MFAP3L
0.1829235539	0.585362588	Q6L8Q7	PDE12
0.2271368678	0.2839844639	P08574	CYC1
0.1839970057	0.5388765247	Q99848	EBNA1BP2
-0.04921294325	0.7483198982	Q969N2	PIGT
0.0319220642	0.9212639722	Q96F10	SAT2
-0.1993119511	0.3554549393	Q9NNW5	WDR6
0.00192724616	0.9904792724	O15121	DEGS1
0.002183234636	0.9904604932	Q8N573	OXR1
0.0153465107	0.9095433913	A2RRP1	NBAS
0.2051906718	0.2673212122	Q14004	CDK13
0.1130299367	0.534345034	P61088	UBE2N
0.06453344718	0.7569520924	A6NI28	ARHGAP42
0.1513581061	0.4440076733	P11234	RALB
0.2911502226	0.2338938326	Q9P0J7	KCMF1
-0.00920099907	0.9752491361	P10828	THRB
0.08059561689	0.6677037771	Q8IZV5	RDH10
-0.171230745	0.4560205596	O43157	PLXNB1
0.2438495473	0.2590694167	O75794	CDC123
0.05890050487	0.7569520924	Q15797	SMAD1
0.1976515408	0.3443105929	Q8IY18	SMC5
0.4565362847	0.3058206515	P52292	KPNA2
0.07763508794	0.6322966747	Q9NVT9	ARMC1
0.04121257808	0.7820279778	Q6PIY7	TENT2
-0.3358366572	0.2794161897	Q9H0W9	BKGD
-0.08584266982	0.6295038999	P31751	AKT2
0.1141447461	0.435290478	Q00688	FKBP3
0.1693454278	0.4109053688	Q5THK1	PRR14L
0.2934746298	0.3055777347	Q13433	SLC39A6
0.2981104124	0.2380259829	Q15208	STK38
-0.4109619232	0.2692700843	Q13370	PDE3B
0.1458334908	0.3623177806	O75063	FAM20B
-0.06309094593	0.8099425058	Q9Y666	SLC12A7
0.332617384	0.2124809558	Q9NVU7	SDAD1
-0.5630693506	0.2229482068	P0C0L5	C4B; C4B_2
0.1982583609	0.4020120508	Q14119	VEZF1
0.08282652809	0.6793176252	Q92609	TBC1D5
0.0676500797	0.7402296234	Q8N488	RYBP
0.2017157742	0.3400314251	P49354	FNTA
0.2109732747	0.686027954	P19883	FST
-0.03424586906	0.862155785	Q96EU7	C1GALT1C1
-0.2735930496	0.359154351	Q629K1	TRIQK
0.04988075727	0.7917831495	Q7L7V1	DHX32
0.1746751432	0.6575732064	Q9ULJ3	ZBTB21
-0.01300480115	0.9474501223	Q6UWH6	TEX261
-0.7192099747	0.1192296541	Q9BZV2	SLC19A3
-0.2072892426	0.3562306873	P12235	SLC25A4
0.2582581466	0.305043378	P36941	LTBR
0.16223881	0.2692700843	O95391	SLU7
0.1265754664	0.5854432893	Q96FX2	DPH3
0.3553023804	0.5331288957	O75807	PPP1R15A
-0.1438165518	0.4951036976	Q9BQJ4	TMEM47
-0.1125940403	0.662329774	Q5TC12	ATPAF1
0.09395489229	0.6170983493	Q96KP1	EXOC2
-0.04223384505	0.8043017333	A8MTT3	CEBPZOS
-0.5731811258	0.468479555	P20813	CYP2B6
0.05002922055	0.7402307991	P48637	GSS
-0.3690123901	0.3191239935	Q9UEE9	CFDP1
0.1028517798	0.585857341	Q99720	SIGMAR1
0.04313088207	0.8316921649	O60762	DPM1
0.1179760555	0.5751116735	Q14155	ARHGEF7
0.379757909	0.233346267	O15111	CHUK
0.9050127786	0.1426998307	Q5K651	SAMD9
-0.1412167728	0.7534826464	O15484	CAPN5
-0.0716368134	0.7012115066	Q9GZM5	YIPF3
-0.1611589592	0.5550986055	Q96B45	BORCS7
0.2341974253	0.4949311205	Q8IWU2	LMTK2
0.07151041292	0.6617656404	Q7Z460	CLASP1
0.006473775166	0.9830580411	P07384	CAPN1
-0.2065981275	0.4879334129	Q6DN90	IQSEC1
0.1904946608	0.3411533715	Q16594	TAF9
0.1511028326	0.4676110284	Q9H6D8	FNDC4
-0.1331011593	0.6881706002	Q16625	OCLN
0.1472453731	0.4674838609	O14974	PPP1R12A
0.1621856668	0.5301601557	Q96QR8	PURB
-0.3410905624	0.5244321214	Q8TEB1	DCAF11
-0.3226729066	0.3116462085	P25208	NFYB
-0.06113469183	0.8918070539	O95180	CACNA1H
-0.0777693528	0.7737130078	Q7RTP6	MICAL3
-0.5659346527	0.4477446409	Q4L180	FILIP1L
-1.05930419	0.2380259829	Q9ULD0	OGDHL
-0.04169370068	0.8505889404	Q9NX94	WBP1L
-0.161331284	0.4564129874	Q13393	PLD1
0.05001973314	0.8260233456	O75128	COBL
-0.09809776485	0.5766373	Q9NVD7	PARVA
0.1043274973	0.4868725134	O75352	MPDU1
0.09234625658	0.6842446421	O94973	AP2A2
0.1173190539	0.5624261767	O75506	HSBP1
-0.2257961095	0.6737280103	Q05639	EEF1A2
-0.05984135548	0.7585831287	Q8N0U8	VKORC1L1
0.3906715452	0.2526721579	Q96EE3	SEH1L
-0.07660425333	0.7637140728	Q6VMQ6	ATF7IP
0.1173585713	0.6679418578	P42356	PI4KA
0.1236998455	0.3759506916	O43318	MAP3K7
0.2290051699	0.3493031826	Q14692	BMS1
-0.01519636044	0.9170853572	P42338	PIK3CB
0.2104576699	0.3594337011	Q8N8Q9	NIPA2
-0.3166743465	0.4036863424	P61916	NPC2
0.3572427692	0.3537959864	P17812	CTPS1
0.0847120961	0.6170983493	Q9NS00	C1GALT1
0.2275234192	0.3663430356	O60518	RANBP6
0.2674322923	0.3315253342	Q9UGU0	TCF20
-0.01003096547	0.9762273214	Q70SY1	CREB3L2
0.03353484865	0.8466303939	Q9H1K1	ISCU
0.06079676804	0.6943915268	Q9Y5W8	SNX13
0.1320711	0.4538210293	Q96JH7	VCPIP1
-0.1765887922	0.4494413813	Q95460	MR1
0.06392934488	0.6411908723	O60306	AQR
-0.09963239302	0.6438137627	Q5T0T0	MARCHF8
0.2096490814	0.2617972566	Q16401	PSMD5
-0.3158118979	0.268302856	Q96NT5	SLC46A1
0.02316385418	0.9013749045	O60784	TOM1
0.1625050964	0.3406627422	O60927	PPP1R11
0.02405766296	0.910258447	O60729	CDC14B
0.1029054867	0.6976319739	P11233	RALA
0.1283127408	0.5715588715	Q567U6	CCDC93
0.2589964908	0.2604270401	P48059	LIMS1
0.3572384324	0.3780884652	Q00013	MPP1
-0.09921325069	0.6532569044	Q8N5K1	CISD2
0.1498194667	0.5025126997	Q9BQE4	SELENOS
0.1134307499	0.6799050758	Q6P1J9	CDC73
0.130794209	0.7004391755	Q8N543	OGFOD1
0.1084353048	0.4938629402	P84090	ERH
0.07609097715	0.6634356746	Q9BRV8	SIKE1
-0.1049931914	0.7288501144	Q9P2B2	PTGFRN
-0.03407497209	0.8319372475	Q9UBQ0	VPS29
0.43475611	0.3130859445	O94925	GLS
0.2173027784	0.4892233637	Q8WWM7	ATXN2L
0.2270025239	0.6260211143	P50213	IDH3A
0.08372155259	0.7770419268	Q9Y2G1	MYRF
-0.02045352844	0.9146478064	Q13547	HDAC1
0.05421661112	0.9436684036	Q8N357	SLC35F6
-0.1111629398	0.534345034	Q9UIF8	BAZ2B
0.3677996176	0.2794161897	Q13263	TRIM28
0.1131139522	0.4874936722	Q09161	NCBP1
0.08443585113	0.7012115066	Q7Z3E1	TIPARP
0.2642611984	0.2801957757	Q92794	KAT6A
-0.1608994086	0.310768673	Q86UV5	USP48
-0.0132096375	0.9443988497	P40337	VHL
0.227730614	0.3035751783	Q9NPQ8	RIC8A
0.1578241966	0.4955094887	Q9Y2I7	PIKFYVE
-0.1936145096	0.3033394608	Q7L5Y1	ENOSF1
0.04820177993	0.7761580774	O60673	REV3L
-0.01717704715	0.9117822895	Q07890	SOS2
0.039232258	0.7978564943	O60341	KDM1A
0.06327182999	0.7371764353	Q08170	SRSF4
-1.487497285	0.3005120799	Q86U17	SERPINA11
0.3635581321	0.2124809558	Q9C0B9	ZCCHC2
0.02328675446	0.8918040423	Q9NYG2	ZDHHC3
0.1994465199	0.2855879675	Q8NB14	USP38
-0.1176397622	0.5937115773	Q14318	FKBP8
-0.1717936929	0.4859326728	Q9H488	POFUT1
0.02115137516	0.9440515494	Q9Y6X8	ZHX2
-0.06927028432	0.6630639455	Q9Y6Y0	IVNS1ABP
-0.0208945882	0.9029599026	P13798	APEH
0.02220255419	0.9103820323	Q9BQ52	ELAC2
-0.2170458554	0.348846606	Q14154	DELE1
-0.02267104652	0.9231751968	Q9BZV1	UBXN6
-0.1171776744	0.5793524593	P62861	FAU
-0.06169394667	0.6797056865	Q8N697	SLC15A4
0.04082964837	0.8574300246	Q9UHA4	LAMTOR3
0.1620875469	0.4338902697	P23368	ME2
0.3879476512	0.3279489729	Q9NSD9	FARSB
0.3561030871	0.2794161897	Q9UJV3	MID2
-0.1219293536	0.5611276366	A1L390	PLEKHG3
0.2532500575	0.4005197218	Q9C035	TRIM5
-0.6671403319	0.3938159257	P13500	CCL2
0.2759354158	0.4684104545	P46060	RANGAP1
0.1883951245	0.3938827096	Q92766	RREB1
0.0927046687	0.7091752331	Q96DT7	ZBTB10
0.02417498952	0.9161958855	Q9NZE8	MRPL35
-0.02620821139	0.937544359	Q9NZJ5	EIF2AK3
0.2722539179	0.2692700843	O75150	RNF40
0.06693592677	0.8748301143	Q96DH6	MSI2
0.1323435321	0.5286321059	P26368	U2AF2
0.2804489145	0.2742883911	Q7RTP0	NIPA1
0.1975074536	0.3668633231	Q8IXJ9	ASXL1
-0.1481394733	0.4819009559	Q9NRA2	SLC17A5
-0.1082159392	0.5137261771	P24394	IL4R
-0.1732312541	0.3538901881	Q9NZM5	NOP53
0.1454893074	0.3687489394	Q92624	APPBP2
0.05360492943	0.7877774097	P52701	MSH6
0.1002643136	0.5889622784	Q5T0D9	TPRG1L
0.2796235254	0.4815592187	Q9UBN6	TNFRSF10D
0.7793206851	0.2610595123	P30408	TM4SF1
-0.1701695927	0.5173977322	P35080	PFN2
0.1237081416	0.4560697038	Q15022	SUZ12
0.1338629082	0.4984708953	Q9UBT6	POLK
0.01024890909	0.9658139698	Q96RF0	SNX18
-0.2206128742	0.3161162829	O95989	NUDT3
0.4454148727	0.2762435409	Q8NG68	TTL
-0.078059136	0.7317265152	Q14254	FLOT2
-0.02299793661	0.9065907281	Q7LGA3	HS2ST1
0.1844973237	0.2987938647	Q9Y2W2	WBP11
0.1919303427	0.3692787513	Q13627	DYRK1A
0.06943208716	0.7066911065	Q8IZ21	PHACTR4
-0.09420005684	0.7098225225	Q8N5X7	EIF4E3
0.06802990319	0.7438396346	A6ND36	SACK1G
-0.1033430972	0.4564129874	Q9Y657	SPIN1
0.01274869758	0.956718236	Q9BWE0	REPIN1
0.04781486096	0.7977655199	P55957	BID
0.08483513274	0.6318037098	Q15788	NCOA1
0.01163163908	0.9589923057	Q92692	NECTIN2
0.1417199355	0.4948813734	Q5VTL8	PRPF38B
0.09550598427	0.5222360304	Q9Y421	FAM32A
0.5533903401	0.1453474844	Q9H0P0	NT5C3A
-0.07582045782	0.6446796652	Q96T21	SECISBP2
0.002136514106	0.9908048973	P41236	PPP1R2
0.01942041607	0.9268947588	Q32MH5	ATOSA
-0.2092520138	0.3646008148	Q8TCZ2	CD99L2
0.2893929478	0.3772364666	Q9NP92	MRPS30
0.1824910519	0.2807286993	Q7L523	RRAGA
0.2696750586	0.3069258723	Q99836	MYD88
0.1409062004	0.4673491836	Q9Y6M4	CSNK1G3
0.1321193795	0.4979859463	Q12899	TRIM26
0.02907680455	0.8583941326	Q9H6R6	ZDHHC6
0.4569445707	0.3687489394	Q15035	TRAM2
-0.1143258289	0.5230522494	Q96BY7	ATG2B
0.1187950554	0.4903732274	Q9H814	PHAX
-0.9514081764	0.1112667803	Q14956	GPNMB
-0.2754774185	0.3279797142	P22830	FECH
0.1575806299	0.3171386538	P0C0S5	H2AZ1
-0.03822645834	0.8716805703	P06396	GSN
0.1232214281	0.726922398	P54760	EPHB4
0.2588651427	0.3088998706	Q15040	JOSD1
0.1265909691	0.3674857173	O15269	SPTLC1
0.1328529649	0.4955094887	O94913	PCF11
-0.517463576	0.5020047557	Q9BY49	PECR
0.2768853595	0.2395165404	P06400	RB1
0.3082899385	0.2620174029	O95365	ZBTB7A
-0.01257995317	0.9469955474	Q5F1R6	DNAJC21
0.2760708256	0.2229482068	P53582	METAP1
0.1413769036	0.438710804	Q6V1X1	DPP8
0.02962388723	0.8820583786	Q68DQ2	CRYBG3
0.2942061022	0.2338938326	Q9UPW0	FOXJ3
0.05364625486	0.8124941328	Q9Y2Z0	SUGT1
-0.02758495468	0.9396326757	P53007	SLC25A1
-0.01363261601	0.9353660918	O94830	DDHD2
-0.02847351542	0.9161958855	P19388	POLR2E
0.06784020649	0.771109368	Q9H788	SH2D4A
0.06520302205	0.6721587167	Q9H9T3	ELP3
-0.5084424839	0.4445740344	P06276	BCHE
0.07326723807	0.7328271068	Q8TEW6	DOK4
0.5077934715	0.2985922225	P31629	HIVEP2
0.2168088848	0.3835332046	O60318	MCM3AP
0.05881116095	0.7392534348	P20338	RAB4A
0.1957754546	0.2802603266	Q16630	CPSF6
0.1620016341	0.3395200438	Q8NEZ5	FBXO22
0.1483900232	0.3740529746	Q9UIA9	XPO7
-0.03532679777	0.86315669	Q07955	SRSF1
-0.2111154249	0.4306510961	O94955	RHOBTB3
0.0376387012	0.8076322058	P22694	PRKACB
-0.1648315294	0.5022513143	Q8IZR5	CMTM4
0.04345895007	0.8374234943	Q8N448	LNX2
-0.2279631161	0.585362588	Q9HC78	ZBTB20
0.1607160178	0.467802389	Q13129	RLF
-0.1021811946	0.7782591963	Q14558	PRPSAP1
0.2938243117	0.3759506916	Q04941	PLP2
-0.0773272981	0.6297730949	P38484	IFNGR2
0.1220323958	0.3786075949	Q9P0S3	ORMDL1
-0.08331662694	0.534345034	P78332	RBM6
-0.1350547391	0.6011137214	Q5T160	RARS2
0.1314440977	0.6221255525	P51511	MMP15
0.195143191	0.3480777993	P35226	BMI1
0.08634283197	0.77918497	O15516	CLOCK
-0.183514189	0.4480403566	Q9Y2D2	SLC35A3
0.01570684174	0.9771772317	O14495	PLPP3
0.1498321278	0.5432004947	Q9UP83	COG5
0.2603248663	0.5828697508	O75157	TSC22D2
-0.5454839138	0.2229482068	P47989	XDH
-0.408768766	0.2716138434	O75368	SH3BGRL
-0.02960430848	0.8689606342	Q96BN8	OTULIN
0.2653544535	0.3109398151	O75113	N4BP1
0.1514926987	0.6114156466	Q9UPQ0	LIMCH1
0.1293172441	0.5030101182	Q9NVE5	USP40
-1.032303896	0.3040229659	Q9H221	ABCG8
-1.144041875	0.3151164272	P43004	SLC1A2
0.1074942902	0.4263238529	Q9H553	ALG2
0.007987964928	0.9762273214	Q9C0I1	MTMR12
0.07656320044	0.5630759771	O95415	BRI3
0.09511463399	0.5112376625	Q969M3	YIPF5
0.4064902775	0.3562306873	Q86YP4	GATAD2A
-0.05208872831	0.7735037457	Q9UHY8	FEZ2
0.134040655	0.4011412078	Q8IUD2	ERC1
0.2154591916	0.4060915997	O14497	ARID1A
0.06574129636	0.686027954	O43313	ATMIN
-0.1156762804	0.550926845	A6NIH7	UNC119B
0.3230085596	0.1914704449	Q9BUL8	PDCD10
0.07445681171	0.5589017291	P60520	GABARAPL2
-0.04530776801	0.7788387239	Q96DB5	RMDN1
-0.02264988513	0.9524460668	P49796	RGS3
0.3026931975	0.4992975249	Q9UKV8	AGO2
0.05387113245	0.7004391755	O43716	GATC
-0.0168858502	0.9105830941	P45983	MAPK8
0.3808474028	0.3260734879	Q9BYG3	NIFK
0.411072102	0.1678958818	P09486	SPARC
0.03631491745	0.8485858335	Q8N766	EMC1
-0.1186518435	0.4109980226	Q5TAX3	TUT4
0.1494801436	0.3805255304	O00330	PDHX
-0.2331026561	0.596084142	Q8TD22	SFXN5
0.0629645187	0.7300285784	P42336	PIK3CA
-0.003352970927	0.9878597493	Q8WU17	RNF139
0.008669230177	0.9806070509	Q9HCE1	MOV10
0.1724975031	0.338018217	Q9UJZ1	STOML2
-0.4091109511	0.4966654761	Q96C11	FGGY
-0.2798438058	0.472857572	Q9ULQ1	TPCN1
0.222852129	0.3057091479	Q9UMY1	NOL7
-0.02765004663	0.903598076	Q9BY50	SEC11C
0.1144794596	0.5953260482	P07948	LYN
0.1939283103	0.546168208	O15126	SCAMP1
0.005179463219	0.9870071893	Q9P015	MRPL15
-0.04337879025	0.7988125305	Q96I25	RBM17
0.0653206647	0.6318990858	Q5T6F0	DCAF12
0.1861917736	0.3535084024	P29218	IMPA1
0.02243048981	0.8877453201	Q13615	MTMR3
0.2910877994	0.2716138434	Q6Q0C0	TRAF7
-0.09558427773	0.4702647937	Q99549	MPHOSPH8
-0.4763573471	0.258253828	Q14554	PDIA5
0.1706762192	0.4336525809	Q68CQ4	UTP25
-0.2422760912	0.2794161897	P56817	BACE1
0.4758997932	0.3538901881	Q16649	NFIL3
0.1878456936	0.3212346127	Q9NQG6	ENSG00000100335
0.09158426429	0.6073299411	Q96BW5	PTER
0.01171505571	0.9609492011	Q9UMZ2	SYNRG
-0.03430509908	0.8678102905	Q15257	PTPA
1.312325783	0.09718177352	Q8TCB0	IFI44
0.007251795901	0.9908048973	O60669	SLC16A7
0.06793895316	0.6242770676	Q8IYU8	MICU2
-0.2712704432	0.5007116625	Q99808	SLC29A1
-0.2973195363	0.3933770199	Q2M3G4	SHROOM1
-0.06461882721	0.7365393664	Q9BZR9	TRIM8
0.2317889426	0.2229482068	Q9NT62	ATG3
0.3793815468	0.3443105929	P02452	COL1A1
0.06414411119	0.6773167418	Q9BYD1	MRPL13
0.2975453133	0.3809541471	Q03135	CAV1
-0.06619225509	0.7913222686	Q6UX65	DRAM2
0.3551197019	0.2066298382	P42892	ECE1
0.1434128283	0.5215027608	Q13126	MTAP
0.1260554323	0.4386166868	Q14149	MORC3
0.2374482514	0.4719151367	O95602	POLR1A
0.1506649355	0.4277344245	P23443	RPS6KB1
0.2626794151	0.2977380734	Q15424	SAFB
-0.2266751838	0.4560697038	Q96M96	FGD4
0.09484263071	0.5338797142	Q8NBM4	UBAC2
0.2202567639	0.4067674813	Q6IQ16	SPOPL
0.5476912738	0.2041259894	Q9UHD1	CHORDC1
0.355874273	0.2124809558	Q9Y6N5	SQOR
0.1221217964	0.6322214309	Q96BF6	NACC2
-0.2074196574	0.4109053688	O14880	MGST3
-0.01978029001	0.9408993843	Q8NC44	RETREG2
0.02559932364	0.9126734608	Q9NSC2	SALL1
0.01766392991	0.9130185267	Q5VTR2	RNF20
-0.2838108462	0.441030798	O43255	SIAH2
-0.06455007418	0.7504189588	Q8N4Q0	PTGR3
0.01605974682	0.950478962	P53634	CTSC
-0.7243460781	0.3840688752	P05186	ALPL
-0.1711111118	0.3519560275	Q69YQ0	SPECC1L
-0.4992603406	0.2795030993	P04066	FUCA1
0.007028850038	0.9885775605	Q9BSE5	AGMAT
-0.03877282143	0.7951598668	O43633	CHMP2A
0.2553312951	0.2751958873	P49915	GMPS
0.1611644122	0.3740529746	P46063	RECQL
-0.07846256964	0.6262636725	Q9P2M4	TBC1D14
0.2016245526	0.3849653982	Q9Y6Q9	NCOA3
-0.04836363399	0.717001591	Q7Z392	TRAPPC11
-0.1657989229	0.4367793326	Q9Y5T4	DNAJC15
0.1413023452	0.3341938732	P55082	MFAP3
0.3619917072	0.08978652615	P52306	RAP1GDS1
0.06154593159	0.7044571096	P27694	RPA1
-0.1914056799	0.4720464879	Q7Z7J9	CAMK2N1
0.2078273219	0.3668633231	O60343	TBC1D4
0.08530926553	0.5237979666	Q15036	SNX17
0.3174528009	0.3930532292	Q969X6	UTP4
0.07207746144	0.5808132042	Q6ZUT9	DENND5B
0.1146553424	0.4829947143	Q9BV44	THUMPD3
0.07374485573	0.7621812955	Q8NBJ5	COLGALT1
0.1558763937	0.6848495217	Q96QB1	DLC1
-0.03698097897	0.9074010096	Q7L9L4	MOB1B
0.03546397767	0.8370195368	O94806	PRKD3
0.2390381688	0.3930532292	Q9Y4A5	TRRAP
0.2036159899	0.4410890532	Q9Y2L6	FRMD4B
0.2116438911	0.2677078542	Q8IVH8	MAP4K3
0.09107571034	0.5624155003	Q9Y4E5	ZNF451
0.1241864516	0.512822466	Q86VI4	LAPTM4B
-0.09502370846	0.7882361318	P29033	GJB2
0.3463198071	0.2492922357	Q92900	UPF1
-0.07382865261	0.6868753747	Q6PIJ6	FBXO38
-0.4089506981	0.3840893458	Q9UKZ9	PCOLCE2
0.2686982454	0.3151164272	O00541	PES1
0.2053047776	0.4823922479	Q96LT4	SAMD8
0.02738861763	0.886803322	Q8WVC0	LEO1
0.4406597052	0.2620174029	O60832	DKC1
-0.06325997618	0.853644134	P78545	ELF3
0.05307788923	0.8199595546	O00303	EIF3F
0.1223494807	0.5228135458	O95544	NADK
-0.9330652099	0.2744417318	Q96IV6	FAXDC2
-0.04756154937	0.8152605295	O95470	SGPL1
0.2333217291	0.2400082042	Q9UDY4	DNAJB4
0.1565222807	0.4657748958	Q9UBH6	XPR1
0.1102662769	0.8298772351	P08582	MELTF
0.2617332404	0.335429016	Q6P1X5	TAF2
0.3323371912	0.2692700843	Q96EP5	DAZAP1
0.1756182537	0.41528381	Q13136	PPFIA1
-0.05835916426	0.7070616134	Q86VW0	SESTD1
0.1923053815	0.3265123202	O95249	GOSR1
0.1168028989	0.7438396346	P46778	RPL21
0.08290633915	0.5929619755	P18669	PGAM1
0.03686260568	0.8686985278	P49902	NT5C2
0.1237993537	0.6230445245	Q10567	AP1B1
-0.1791779497	0.3316107179	Q7LFL8	CXXC5
0.01917802502	0.9301032635	Q13322	GRB10
-0.2933851927	0.6338595763	A6NCS6	C2orf72
-0.08400273127	0.5738171564	P46527	CDKN1B
-0.2070225879	0.3241884773	Q5TAQ9	DCAF8
-0.06463094087	0.828870933	O43310	CTIF
0.3286009466	0.2677061398	Q8IWA0	WDR75
-0.001994692892	0.9940908515	P61204	ARF3
-0.309313707	0.2891213264	Q9BQT9	CLSTN3
-0.001055544678	0.9964485435	Q5UCC4	EMC10
-0.06697427353	0.8063758796	Q14161	GIT2
0.1213536977	0.4702647937	Q6ZMG9	CERS6
-1.250535941	0.3438758254	O95342	ABCB11
0.2259838431	0.4001786342	Q9NQZ2	UTP3
0.3394339476	0.335429016	Q9H7B2	RPF2
-0.5057774552	0.2279615044	Q9BZC7	ABCA2
0.1771955149	0.3979727544	O14925	TIMM23
-0.05140117582	0.6938620274	Q9NPA8	ENY2
0.137109315	0.5793524593	Q9Y5K5	UCHL5
-0.1417888607	0.5020047557	O15021	MAST4
-0.2913080477	0.2876575184	Q9P1T7	MDFIC
-0.02565347121	0.8882371542	O43719	HTATSF1
0.02873421374	0.8275151699	Q99614	TTC1
-0.1201563217	0.4591452576	Q9UQ90	SPG7
0.4051722991	0.3091937578	Q6V9R5	ZNF562
0.2499320027	0.4336525809	P63279	UBE2I
0.02681391601	0.9270261598	Q8TB40	ABHD4
0.06809331813	0.8072720075	P31150	GDI1
0.2420221764	0.4828837904	Q2M2I8	AAK1
0.271831009	0.3874691838	O15355	PPM1G
-0.1701603373	0.3825845681	Q0JRZ9	FCHO2
-0.2163318744	0.3675747557	P18405	SRD5A1
0.2025824139	0.365920999	O60563	CCNT1
0.100961126	0.5709020027	O60568	PLOD3
-0.5134969219	0.3316107179	Q9H0T7	RAB17
0.1681812451	0.407082367	Q8TF74	WIPF2
-0.04252023436	0.7921262132	Q8IWV7	UBR1
0.3365236308	0.4590848514	Q9Y2H0	DLGAP4
0.03725813898	0.823298281	Q8NHY2	COP1
-0.6912073874	0.2620174029	Q6QAJ8	TMEM220
-0.1431185023	0.4297927868	Q9UIJ5	ZDHHC2
-0.1142992906	0.5660637666	Q8IY95	TMEM192
-0.2055125849	0.5740578021	Q6NSJ0	MYORG
0.1214098552	0.5007427526	Q9UH92	MLX
0.01902820212	0.9046047307	Q5BJD5	TMEM41B
0.1720899188	0.5656128687	Q9NUL5	SHFL
0.1600262338	0.6378138862	O75751	SLC22A3
0.3442393948	0.2338938326	Q9BW60	ELOVL1
0.07429540332	0.7077279259	P16333	NCK1
-0.1899911817	0.3443105929	Q96JJ7	TMX3
0.14853828	0.4832071744	P61224	RAP1B
0.3891726363	0.2419844398	Q92793	CREBBP
0.2386921588	0.4242357451	Q7L0Y3	TRMT10C
-0.09602923177	0.6233618245	P98153	DGCR2
0.255195338	0.3315253342	O95625	ZBTB11
-0.2429814268	0.2692700843	Q68CP4	HGSNAT
0.3083291034	0.239936602	Q8WYP5	AHCTF1
0.04534201402	0.867826614	Q02218	OGDH
-0.9826524161	0.04506956405	P31213	SRD5A2
-0.04384206368	0.8590546636	P10606	COX5B
0.02784018865	0.8763884411	O75122	CLASP2
0.02927715224	0.8465221013	P55735	SEC13
-0.1574758993	0.6539732144	Q5SYE7	NHSL1
-0.1805175341	0.4980190226	Q9UKL6	PCTP
0.03858456056	0.8276391259	Q9Y3S2	ZNF330
-0.04989869611	0.7930395448	P63302	SELENOW
0.05352679555	0.7486915916	Q9UN30	SCML1
-0.2872050404	0.3176121796	O75954	TSPAN9
0.1015874247	0.6446796652	O60907	TBL1X
-0.07617070481	0.7958172903	P43155	CRAT
0.1689811577	0.3642686816	Q8IYT2	CMTR2
0.1196104896	0.4005197218	Q659A1	ICE2
-0.004410939805	0.995091397	Q92974	ARHGEF2
0.1669977323	0.3866805541	P48651	PTDSS1
-0.185795002	0.5264095241	O60447	EVI5
0.1171533425	0.5370956933	Q9HAD4	WDR41
0.1286482716	0.55257199	O95214	LEPROTL1
0.2187452396	0.4003662308	P61962	DCAF7
-0.7224274764	0.3055777347	Q8WXS4	TMEM37
0.0412220359	0.7402307991	P17480	UBTF
0.09350439022	0.6145446233	Q16342	PDCD2
0.2312786869	0.3977232101	P0C7T5	ATXN1L
0.06629891888	0.8076095717	Q9UBB9	TFIP11
0.8944653533	0.3385696935	Q15546	MMD
0.2649790572	0.4502774944	P33261	CYP2C19
0.0129455234	0.9345893801	Q9Y6I4	USP3
0.1804572132	0.493882859	Q9Y289	SLC5A6
-1.119764503	0.3468350781	Q96KN2	CNDP1
0.1929187979	0.5365976205	O94851	MICAL2
-0.07072926054	0.6907090325	Q9Y5P4	CERT1
0.05456827913	0.8039734589	P10114	RAP2A
-0.307804572	0.5009938268	Q96C23	GALM
0.01353511685	0.9643706037	P58335	ANTXR2
0.103890208	0.4032249528	O95630	STAMBP
0.09553333545	0.4776997686	Q8WVP7	LMBR1
0.03559077054	0.9430076577	Q01850	CDR2
-0.1822171308	0.4110019729	Q8TAQ2	SMARCC2
0.136539951	0.3403114619	O14562	UBFD1
-0.416293831	0.4675840358	Q96EY8	MMAB
-0.1663224625	0.3926555533	Q0IIM8	TBC1D8B
-0.2939590206	0.5232979348	O95379	TNFAIP8
-0.1633494935	0.3799294669	Q99592	ZBTB18
0.2510128552	0.537316878	Q92484	SMPDL3A
-0.1483029299	0.4198220295	P51571	SSR4
-0.804413883	0.2124809558	P52179	MYOM1
0.1067825344	0.7782591963	Q8NHU6	TDRD7
0.1217122344	0.4675733534	Q13546	RIPK1
0.1094783523	0.4754825406	Q9P055	JKAMP
-0.2165197802	0.4742001259	O75444	MAF
-0.1815534574	0.4858748668	Q9UGK3	STAP2
0.05276139377	0.7287173073	Q147X3	NAA30
0.02260644149	0.9011693001	Q9Y5B6	PAXBP1
0.2542081314	0.2327180511	Q8TAG9	EXOC6
-0.08038026457	0.6781943923	Q86V20	SHLD2
0.1589266585	0.3284732602	Q9UHD9	UBQLN2
0.04810815463	0.7372094938	Q5T1M5	FKBP15
0.01898266155	0.9610237684	Q96JP2	MYO15B
0.02956546147	0.8689606342	Q9HCE5	METTL14
0.05527614854	0.7778813834	Q7KZN9	COX15
0.1149547588	0.5972374741	Q13506	NAB1
0.03481936753	0.8826867072	Q8TCT0	CERK
-0.1558015693	0.3519560275	Q6DKK2	TTC19
0.004061394761	0.987157602	Q7Z4G4	TRMT11
-0.06978901645	0.6562589515	Q8IU60	DCP2
0.06621041604	0.6753674036	P62136	PPP1CA
-0.1177982846	0.5590618598	Q68DE3	USF3
0.1942566878	0.3000009959	Q9P1Q0	VPS54
0.1343079686	0.4036863424	Q9H1C7	CYSTM1
-0.6228418081	0.4815592187	Q99424	ACOX2
0.2364439486	0.4963385065	Q14690	PDCD11
0.01690074263	0.9181341149	Q9Y6X5	ENPP4
0.2455346214	0.3184196012	Q9BSY9	DESI2
-0.02820686566	0.8907033392	Q9BTC0	DIDO1
0.105310768	0.556031882	Q96C01	TIMCC
0.03051915738	0.8219440932	Q9GZP9	DERL2
-0.09258282505	0.7362601631	Q99571	P2RX4
-0.2720084689	0.39130457	P35712	SOX6
-0.2807309471	0.5513594141	Q8NBP7	PCSK9
-0.06946537921	0.6609334142	O43674	NDUFB5
-0.1666873673	0.6114156466	Q9UJ83	HACL1
0.006443510057	0.9729220286	P19387	POLR2C
-0.03104943966	0.9314331516	O43325	LYRM1
0.1241797114	0.3786075949	Q8TBF4	ZCRB1
-0.128701684	0.467996868	Q8N6M6	AOPEP
0.1104164672	0.6089459136	Q8WU10	PYROXD1
0.09858219258	0.4919161222	P08579	SNRPB2
0.09267421717	0.8038000882	Q9NW15	ANO10
0.171884148	0.3866805541	P07919	UQCRH
0.003025656997	0.99041765	Q9NRH2	SNRK
0.0223948876	0.8641308815	Q9HC62	SENP2
0.03572761754	0.8721526627	Q4ZIN3	TMEM259
-0.228113467	0.6023916322	Q63HM1	AFMID
-0.4796926423	0.2671848528	Q5JS37	NHLRC3
0.06158997877	0.7511374064	O43181	NDUFS4
-0.04391449833	0.8735971857	O60291	MGRN1
0.0648798379	0.7365005495	Q9H1Y0	ATG5
-0.252524374	0.3406627422	Q9NST1	PNPLA3
-0.2612199315	0.3174483779	Q9NSK7	C19orf12
0.2392381773	0.3724818739	Q9H8M1	COQ10B
-0.1097524637	0.6257432279	Q8N1I0	DOCK4
0.09860783634	0.6145446233	Q96II8	LRCH3
0.1764228262	0.6114002101	Q00653	NFKB2
0.05492274586	0.7600098644	Q86YQ8	CPNE8
0.2032036907	0.2928019514	Q9Y6N1	COX11
0.03511271478	0.8772777263	Q9NWT6	HIF1AN
-0.03627766752	0.8881239235	Q8NDX1	PSD4
-0.7397800802	0.419624865	Q8N8V2	GBP7
-0.007565055758	0.9784616868	Q8IUR6	CREBRF
-0.09524114604	0.5553208316	Q6NUQ4	TMEM214
0.0949350262	0.5656085701	O43929	ORC4
-0.1332423846	0.5421518031	Q9GZU7	CTDSP1
-0.311383069	0.4817044463	Q6ZVX9	PAQR9
-0.007210832657	0.9739028797	Q13363	CTBP1
-0.01502554766	0.9389850935	Q7Z3K3	POGZ
0.2282099198	0.2565647491	Q13144	EIF2B5
0.05312010144	0.6815903652	Q9NPI1	BRD7
-0.2668461749	0.6059126343	Q99447	PCYT2
-0.3794102896	0.2956872422	Q6IC98	GRAMD4
0.02980803357	0.8918070539	P61225	RAP2B
0.2197737813	0.2716138434	Q96NB1	CEP20
-0.1689999695	0.3761742166	P98169	ZXDB
-0.2412788243	0.7832541479	Q7Z4W1	DCXR
-0.4116757679	0.3174483779	P04424	ASL
0.07524237259	0.7820875325	Q9Y4K4	MAP4K5
0.3021275984	0.3796801647	Q9NV06	DCAF13
0.1901761281	0.3382851921	Q5SWX8	ODR4
0.3597365291	0.2716138434	Q14CX7	NAA25
-0.1730981407	0.5914277764	P54851	EMP2
-0.06709635568	0.874555683	P47974	ZFP36L2
0.2715981514	0.2716138434	Q9NS56	TOPORS
0.4189647871	0.2229482068	Q6IPR3	TYW3
0.2354591233	0.3942227061	Q12789	GTF3C1
0.05257947015	0.8043017333	Q96K37	SLC35E1
-0.1203007272	0.714685021	Q8WUJ0	STYX
-0.03291110987	0.9152444481	P01033	TIMP1
0.03784968065	0.8249689297	Q9BYC8	MRPL32
0.1063460337	0.5744785679	O43815	STRN
0.2178908911	0.3130859445	Q68D10	SPTY2D1
-0.1607198292	0.6145446233	Q13277	STX3
0.4267308213	0.284970492	Q6NZI2	CAVIN1
0.01283465693	0.9361133038	O43462	MBTPS2
-0.07365352275	0.7735298036	P78347	GTF2I
0.01037664245	0.9530836401	P49720	PSMB3
0.08188662774	0.6543046581	Q9H4L7	SMARCAD1
-0.2105478699	0.3163310975	Q8TDJ6	DMXL2
0.05561211838	0.7904432345	Q969S0	SLC35B4
-0.01683715678	0.9162503351	Q96NC0	ZMAT2
-0.1714924554	0.5792989969	Q96PZ2	FAM111A
-0.2956964885	0.4159053961	Q96Q06	PLIN4
-0.7903358839	0.4442193183	Q02338	BDH1
0.1655520463	0.4900804205	O75190	DNAJB6
0.0765423124	0.7546833844	Q7Z3K6	MIER3
-0.1334111719	0.7035604675	P62273	RPS29
0.04462973949	0.7603860335	Q15717	ELAVL1
0.2228140762	0.391361865	O14530	TXNDC9
-0.01199849601	0.9484549084	O43791	SPOP
-0.4173757928	0.235108871	P40123	CAP2
0.06008187939	0.7374736333	Q7Z3B4	NUP54
0.1987199368	0.4344490387	Q8WZ73	RFFL
-0.1305200442	0.7776898674	O95302	FKBP9
-0.2503514783	0.4175589136	O15488	GYG2
-0.2306592393	0.2808741936	Q8N4C6	NIN
0.1992201679	0.4925922127	Q5U5Q3	MEX3C
-0.05462180431	0.801307155	P17026	ZNF22
0.1958545622	0.4780940289	Q9NX63	CHCHD3
-0.6446782204	0.4841822062	Q13228	SELENBP1
-0.2639930049	0.2948411987	O75503	CLN5
0.1246002296	0.6165206023	Q96PD2	DCBLD2
0.1469453521	0.771109368	O00468	AGRN
-0.05679778338	0.7654882433	P06132	UROD
0.0420788619	0.8018740539	Q9BQ61	TRIR
-0.04461246495	0.7595877761	Q9H0U4	RAB1B
0.08492482911	0.5846221715	Q8WUM0	NUP133
0.2597833654	0.2620174029	Q14C86	GAPVD1
0.1271257231	0.4209868667	P49711	CTCF
-0.5709095172	0.3627367632	P10451	SPP1
0.1994958438	0.5033391192	O95503	CBX6
0.06388718279	0.8958472511	P11245	NAT2
0.1143432053	0.4564129874	Q9UJX2	CDC23
0.3085695855	0.3547638219	O43149	ZZEF1
-0.1264855767	0.4828837904	Q99570	PIK3R4
-0.3421003582	0.3601485488	Q9BTX7	TTPAL
0.2477933769	0.3114647237	Q9H2G9	BLZF1
0.2902391649	0.335429016	O14744	PRMT5
0.425046318	0.3174483779	P51532	SMARCA4
0.2095437593	0.6398341055	Q9NPA3	MID1IP1
0.2689660992	0.3535084024	O94776	MTA2
0.0648863401	0.5830266452	Q10713	PMPCA
-0.5117352608	0.2971028184	Q8TE56	ADAMTS17
0.005426304143	0.9750036046	O95721	SNAP29
0.05890866683	0.7855411262	Q676U5	ATG16L1
0.0458690735	0.7820279778	Q15435	PPP1R7
0.1958633268	0.3378890142	Q13610	PWP1
0.007598374892	0.9711581201	Q9Y2K1	ZBTB1
0.07976690758	0.6227595383	P35237	SERPINB6
-0.2533565455	0.3979308848	Q9GZV5	WWTR1
0.06333457549	0.6145446233	Q13107	USP4
0.02031315633	0.9314713383	Q5VT52	RPRD2
0.126222515	0.6797056865	P08572	COL4A2
-0.003546300492	0.9877143756	Q9NWQ4	GPATCH2L
0.1293144547	0.5583590097	P24468	NR2F2
0.1767256715	0.4761026821	O15305	PMM2
-0.1177888472	0.6062399928	O95429	BAG4
0.321779406	0.2794161897	Q9H9Y2	RPF1
0.1625701011	0.595831357	P10914	IRF1
-0.06377258731	0.8290138952	P30043	BLVRB
-0.4029097127	0.6577567717	P08709	F7
0.07202612458	0.6855905835	O00566	MPHOSPH10
0.1807186686	0.3406627422	Q8N442	GUF1
-0.07448358596	0.811939677	Q02487	DSC2
0.4176571313	0.3946478923	Q96S97	MYADM
0.1575319549	0.4773947814	Q8N2I9	STK40
0.1633020915	0.4939598885	Q6UX53	TMT1B
0.3761956235	0.335429016	P19971	TYMP
0.06237310327	0.8930332431	Q13753	LAMC2
-0.139677135	0.4809335879	Q9C040	TRIM2
0.007893202777	0.9870850849	Q96G03	PGM2
-0.3195101689	0.2692700843	Q8IV08	PLD3
0.06516075313	0.7908852968	Q9Y6D0	SELENOK
-0.3521586517	0.4371269328	Q9Y2V2	CARHSP1
0.1329922245	0.5556536488	O15530	PDPK1
-0.07110487354	0.6464265491	Q8IVD9	NUDCD3
0.058936705	0.7546833844	Q8IUF8	RIOX2
-0.06103041576	0.6918460818	Q8WZA0	LZIC
0.2363147982	0.4231209463	Q7Z2Z2	EFL1
-0.07773237308	0.6792707824	Q9HD23	MRS2
-0.1170324631	0.5845385789	P61970	NUTF2
0.2008241926	0.3519560275	O14976	GAK
-0.1098738104	0.5043952977	Q7Z388	DPY19L4
-0.3293254646	0.5688483385	Q9UBK2	PPARGC1A
0.2442462406	0.236508846	P49459	UBE2A
0.1631304185	0.3686732636	Q01968	OCRL
-0.3474032607	0.2995711164	Q5T013	HYI
0.1359735953	0.5009859709	Q9UIQ6	LNPEP
0.01983794188	0.8882371542	Q5J8M3	EMC4
0.01660689108	0.9284116557	P46459	NSF
-0.07619198304	0.6607775545	Q9ULH7	MRTFB
0.4738460204	0.1039165669	P21589	NT5E
-0.3345702356	0.349886707	Q6NXE6	ARMC6
0.210696142	0.2622954816	Q76FK4	NOL8
0.3006089684	0.2229482068	P82914	MRPS15
-0.1005129776	0.6537405391	Q96SW2	CRBN
0.3308813523	0.2492922357	P19532	TFE3
-0.1092589265	0.7456342069	P23786	CPT2
0.07030328044	0.6018047888	Q8NEB9	PIK3C3
-0.07374570793	0.6145446233	Q9HD26	GOPC
0.07883584294	0.8343631835	Q9NYS0	NKIRAS1
-0.01601690846	0.9293011053	O14966	RAB29
0.1206412024	0.467802389	P28074	PSMB5
0.2833187054	0.328326617	O15234	CASC3
-0.1510586303	0.5354168016	O75170	PPP6R2
0.1342903011	0.412693815	P12081	HARS1
0.2244629109	0.2692700843	Q9UNS2	COPS3
0.01981478993	0.9127018479	Q96A65	EXOC4
-0.1380925583	0.4756977175	Q96N46	TTC14
-0.1345742888	0.4761007793	Q9Y2D9	ZNF652
0.1800290075	0.3761742166	Q9H9A6	LRRC40
0.1345903554	0.7562137312	Q86V48	LUZP1
0.6206183128	0.3825666542	O76061	STC2
0.1573461595	0.4909559784	Q5SVQ8	ZBTB41
0.2939284589	0.5166578296	P17275	JUNB
-0.01976279347	0.8934905388	P50750	CDK9
0.2534440999	0.2549779225	Q9NP77	SSU72
0.3699285723	0.3455247753	Q86TI2	DPP9
0.1144405648	0.5388765247	O75554	WBP4
-0.03200116797	0.8683911579	Q9Y4P8	WIPI2
-0.02622320233	0.8840009063	Q3YBR2	TBRG1
-0.3827770158	0.4936212195	Q16534	HLF
0.1096401982	0.5428516327	Q96S59	RANBP9
0.0791984768	0.6230445245	Q8WUN7	UBTD2
0.1071805206	0.5900221267	Q8N1G2	CMTR1
0.2238643891	0.4306510961	Q8IY81	FTSJ3
0.09948864243	0.5845385789	P45974	USP5
0.1216013447	0.5796811626	Q13287	NMI
-0.04042307525	0.8307634193	Q9Y3D6	FIS1
-0.4724684973	0.3187865999	P09417	QDPR
0.07927859378	0.6586042931	Q06546	GABPA
0.111962206	0.6938422902	Q9NRD0	FBXO8
-0.259092843	0.3918324844	P14923	JUP
0.2372751387	0.3443105929	O14964	HGS
-0.4786534287	0.3601485488	P55899	FCGRT
-0.1032538079	0.6154737529	P18433	PTPRA
0.1393821909	0.394946697	Q9NYH9	UTP6
-0.2880132564	0.2338938326	O14775	GNB5
0.07535593433	0.7093952457	Q8N684	CPSF7
0.0366707849	0.8761399149	Q8IX04	UEVLD
-0.08692208458	0.6257432279	Q9Y227	ENTPD4
-0.1490271366	0.4645608102	Q13838	DDX39B
-0.09393580008	0.5929619755	Q86WH2	RASSF3
0.08032511245	0.6571523761	P61964	WDR5
0.3045750208	0.3141710427	P00491	PNP
0.06720997399	0.6934566702	P49116	NR2C2
0.3999786979	0.2707248195	P46734	MAP2K3
-0.2073960302	0.6436164186	Q8TCE6	DENND10
0.1658786279	0.3429935116	P16298	PPP3CB
0.01184960337	0.9551232764	Q9UBK8	MTRR
0.1493756445	0.4218212398	Q96B02	UBE2W
-0.2163630528	0.2698229597	Q7Z7H5	TMED4
0.0173378989	0.9293011053	Q6ZNA4	RNF111
0.3566932425	0.3353711437	P08174	CD55
-0.04935328666	0.8433005699	Q9BQG2	NUDT12
0.1940532692	0.2934233067	Q9UKM9	RALY
-0.2172026841	0.5426820159	Q8IY42	PGCKA1
-0.02608363534	0.8789876846	Q9Y673	ALG5
0.1086378061	0.4937316929	P78362	SRPK2
0.3232364588	0.2380259829	Q9BSC4	NOL10
0.08216441751	0.5192330818	O75925	PIAS1
0.05411574119	0.8071104322	Q6AI12	ANKRD40
-0.2698604021	0.5100598587	Q5VU43	PDE4DIP
0.0246108478	0.8852531338	Q9UFF9	CNOT8
0.02014064986	0.892679858	Q9GZT6	CCDC90B
0.2075254109	0.4113286053	Q9NVH1	DNAJC11
0.2938869202	0.2469575	Q6PD74	AAGAB
-0.008804399117	0.9607606708	Q13685	AAMP
-0.04725675535	0.825609926	Q8NAN2	MIGA1
0.08554352402	0.6862531577	Q99747	NAPG
0.01476433936	0.9520249983	Q96EV2	RBM33
0.08010393299	0.6248666912	O75943	RAD17
-0.1358170239	0.6170983493	Q01459	CTBS
0.2208650011	0.561011384	Q8NB46	ANKRD52
-0.3648808244	0.5237979666	Q14116	IL18
0.2957313136	0.3279489729	Q9NUQ3	TXLNG
-0.07196669626	0.8330808562	Q96P48	ARAP1
-0.2614750261	0.2690697706	Q68E01	INTS3
0.0410453962	0.8641308815	Q9NVA1	UQCC1
0.01432444837	0.9531373128	P23921	RRM1
-0.05417174949	0.8543250465	Q96F05	C11orf24
0.3389169113	0.2229482068	O75312	ZPR1
0.01605993335	0.9208261856	O00165	HAX1
-0.3459884923	0.2229482068	Q5EB52	MEST
-0.009504986019	0.976839341	P63220	RPS21
0.0951986785	0.5068025555	Q9H9J2	MRPL44
-0.1254835522	0.623326648	Q7Z2K6	ERMP1
0.07626721258	0.6121575317	Q96TA1	NIBAN2
0.0879680691	0.5944546474	P35658	NUP214
0.2175897951	0.4109053688	P41743	PRKCI
0.2362965182	0.3376142228	Q9BUE6	ISCA1
-0.8879529057	0.1814925525	O76062	TM7SF2
0.2456372576	0.40374116	Q9C0E2	XPO4
0.1102056489	0.544220578	Q9UPZ9	CILK1
0.04602009952	0.7485050336	Q4ADV7	RIC1
0.006793204884	0.9694004673	Q9GZU8	PSME3IP1
0.2603691596	0.3468350781	O75167	PHACTR2
0.127950815	0.550926845	P09543	CNP
0.3690697211	0.2783705437	Q9NY61	AATF
0.08883792814	0.7598808106	P24386	CHM
0.07429824566	0.6134681224	Q9NU23	LYRM2
0.02405941078	0.8735183072	P49321	NASP
-0.0107493269	0.9741170001	Q9HCE0	EPG5
0.05198804819	0.7851135693	Q01831	XPC
0.02868253348	0.8762008747	Q9NQ34	TMEM9B
0.07597603847	0.7737130078	O14901	KLF11
0.09004338594	0.7025441072	Q8IX21	SLF2
0.005046744192	0.9787228682	Q96JC1	VPS39
0.01029071574	0.9490545485	Q9NXR5	ANKRD10
-0.08659411762	0.6174419905	O75665	OFD1
-0.03799493503	0.8139216256	Q9Y6W3	CAPN7
0.1458996324	0.3622460205	Q8IV20	LACC1
0.00583985639	0.9785696364	P45984	MAPK9
0.1904666021	0.3130859445	Q9NPE3	NOP10
0.4683987099	0.3014295599	O43187	IRAK2
0.2341606231	0.3176121796	O75821	EIF3G
-0.5040501434	0.5426097629	Q15493	RGN
-0.3688843673	0.4209868667	Q96MK3	FAM20A
-0.007923677174	0.9729220286	Q9NRM2	ZNF277
0.2070169411	0.4925665219	Q9NPI6	DCP1A
-0.01607970967	0.9270261598	Q9H173	SIL1
0.05044840861	0.7512209902	Q13595	TRA2A
-0.1295017398	0.4003662308	Q9ULK4	MED23
0.1787898502	0.3526623277	Q9BZ29	DOCK9
0.1004889153	0.5659992513	O43166	SIPA1L1
0.05317040039	0.7593458589	Q9ULC4	MCTS1
0.2060528447	0.328326617	P49917	LIG4
0.1406558312	0.4543418095	Q96FZ2	HMCES
-0.120106589	0.6793813877	Q96DC8	ECHDC3
0.03203832304	0.8993230227	Q14135	VGLL4
0.348428028	0.2720522052	O43399	TPD52L2
0.2384364037	0.4658545921	Q9UBS4	DNAJB11
0.06617852325	0.7469444507	Q15438	CYTH1
0.4787221901	0.297909892	P51610	HCFC1
-0.1671181557	0.4676110284	Q96RR4	CAMKK2
-0.1289358805	0.5822431594	Q9NR11	ZNF302
0.1440702847	0.6580397199	Q9NSY1	BMP2K
0.1262797296	0.5158102884	Q6YI46	TMEM64
0.04268377977	0.886803322	Q8NI37	PPTC7
-0.05538343177	0.6826979964	P61956	SUMO2
-0.04507744705	0.8772745696	A6NKD9	CCDC85C
-1.454315651	0.09511172915	P14555	PLA2G2A
0.05384477679	0.668428769	Q9UBE0	SAE1
0.01445226006	0.9739028797	Q6IE81	JADE1
-0.5681509472	0.3812850636	Q16775	HAGH
-0.06190388756	0.8316921649	A6NGC4	TLCD2
0.04856154971	0.9741170001	P24821	TNC
-0.282148309	0.3130859445	O95759	TBC1D8
0.03526614402	0.8585106178	Q5VUA4	ZNF318
-0.289798222	0.3884966969	Q6ZNA5	FRRS1
0.6584951382	0.1678958818	P08123	COL1A2
-0.04086153046	0.8471311159	A7E2V4	ZSWIM8
-0.007760822202	0.9694004673	Q9H019	MTFR1L
-0.009796374388	0.9785696364	Q96QA6	YPEL2
-0.01438728654	0.9694240484	Q9NZV6	MSRB1
0.01705430363	0.9319663906	Q5VWZ2	LYPLAL1
0.1454185503	0.5863755472	Q9P0R6	GSKIP
-0.3819948114	0.5290098406	Q9C002	COXFA4L3
-0.0283887926	0.8728497763	Q12888	TP53BP1
0.09137041523	0.6625181482	Q9HCU5	PREB
0.1057466018	0.5441475978	Q5VZE5	NAA35
0.03969552703	0.877827738	Q93050	ATP6V0A1
0.2783410734	0.4826466186	Q96NE9	FRMD6
0.4361723413	0.4123079522	P18510	IL1RN
0.06683246535	0.6563468715	Q9NTI5	PDS5B
-0.3602233429	0.3285264961	Q06732	ZNF33B
-0.119047894	0.4347808744	Q7Z3J2	VPS35L
-0.02468832897	0.8772745696	Q9HCK5	AGO4
-0.2636301919	0.6114002101	Q5T2W1	PDZK1
0.2497945916	0.2958877404	Q13442	PDAP1
0.126552361	0.3937371805	Q8N4S0	CCDC82
-0.1551409859	0.468479555	Q7L775	EPM2AIP1
-0.03773163338	0.7945978397	Q9C037	TRIM4
0.05158144625	0.7414353841	Q9NPL8	TIMMDC1
0.1911816927	0.2415971431	Q8IYB5	SMAP1
0.05491499234	0.714685021	Q9NZS9	BFAR
0.1414077297	0.4013034397	P20020	ATP2B1
-0.0706406989	0.8578083349	Q9BVX2	TMEM106C
0.03796997758	0.8476774318	Q8TEB9	RHBDD1
0.2223751431	0.5072602346	Q5ZPR3	CD276
-0.2819054945	0.3228779126	Q8N4N3	KLHL36
-0.09959173456	0.6114156466	Q99757	TXN2
0.2209032262	0.335429016	Q2TB10	ZNF800
0.1066345809	0.6399838095	O14561	NDUFAB1
-0.01369024232	0.951640629	O43504	LAMTOR5
-0.4018898611	0.3077502257	Q15651	HMGN3
-0.002315938924	0.9904604932	O94992	HEXIM1
-0.4600262771	0.2855879675	Q9Y619	SLC25A15
0.159390555	0.3311147198	Q75QN2	INTS8
0.2288670684	0.4075993615	Q9Y618	NCOR2
-0.03101415286	0.8818525591	Q9GZX9	TWSG1
0.1756680896	0.3115243887	Q9ULG1	INO80
0.1234293703	0.6987046456	Q8N4C8	MINK1
0.1512454722	0.4628070321	Q8TCF1	ZFAND1
-0.1390907231	0.4955094887	O60725	ICMT
0.02811938254	0.8967459464	P15822	HIVEP1
-0.09998049359	0.7469444682	Q8IWY4	SCUBE1
0.2187742699	0.2692700843	Q9NW64	RBM22
-0.06763043627	0.6842540269	P16220	CREB1
0.4347059145	0.2896679745	Q03518	TAP1
-0.227131364	0.6628232598	O75469	NR1I2
-0.21072417	0.3685425452	Q5BKZ1	ZNF326
0.4310552578	0.2617972566	Q9UJX0	OSGIN1
0.1685267751	0.3035751783	Q15390	MTFR1
0.005519808574	0.9855366523	P78356	PIP4K2B
0.316065282	0.2754279707	Q70EK8	USP53
0.0699130478	0.7924822368	P55145	MANF
0.1521271573	0.493882859	Q96G21	IMP4
-0.286324716	0.4824240384	Q9NVS9	PNPO
0.2306111735	0.3311147198	Q9Y295	DRG1
-0.08300414775	0.5769458261	Q8WUU5	GATAD1
0.1741429947	0.4138080665	Q92546	RGP1
0.1896909315	0.5547707522	O60503	ADCY9
0.2062048229	0.582231779	Q9P206	NHSL3
-0.02956680541	0.8539230496	Q96KG9	SCYL1
0.1818337459	0.3212536073	Q9H0U6	MRPL18
-0.1427415349	0.4819009559	Q13153	PAK1
-0.007906707554	0.9692648414	P62952	BLCAP
0.1161128407	0.6664423334	O00139	KIF2A
0.3785330677	0.3975408408	P26640	VARS1
0.04921930011	0.6938422902	Q9H7L9	SUDS3
0.2407639884	0.3353711437	Q14684	RRP1B
0.3521885498	0.3069258723	P78316	NOP14
0.2368285259	0.3454507095	O75354	ENTPD6
0.1460627279	0.6731125565	P0DJ93	SMIM13
-0.04511907628	0.8297850119	P11802	CDK4
0.3830732717	0.3121108105	Q9HAV4	XPO5
-0.0487185263	0.7636950025	Q9H4A4	RNPEP
0.2324181198	0.3648966376	Q8TCY9	URGCP
-0.07739810592	0.7948967674	Q9NPI7	KRCC1
-0.08018746009	0.7006566421	Q9NRK6	ABCB10
0.2427542127	0.3601485488	Q15018	ABRAXAS2
0.1382469474	0.5104449592	Q8IYB8	SUPV3L1
0.01847690725	0.9450238542	Q9NRV9	HEBP1
0.2924443086	0.4201122958	P08887	IL6R
0.3303143096	0.2794161897	Q9NPG3	UBN1
-0.05190841494	0.8202823129	Q8IX01	SUGP2
0.1998911966	0.3184010472	O14519	CDK2AP1
-0.003916000561	0.9892176349	Q86TM6	SYVN1
0.1766149709	0.3035751783	Q15006	EMC2
-0.1443436006	0.4727972206	Q8IW45	NAXD
-0.01672441746	0.9339384991	Q96LI5	CNOT6L
0.1057655465	0.6599215283	P78317	RNF4
0.09637463089	0.6130359386	O00273	DFFA
-0.003064742657	0.986813438	O94906	PRPF6
-0.1920805492	0.3894552024	Q8IVH4	MMAA
0.1641096032	0.4841822062	Q92997	DVL3
0.06439557031	0.6853105273	O75934	BCAS2
-0.4968255302	0.2400082042	P16118	PFKFB1
0.004400900468	0.986813438	Q96GC6	ZNF274
0.1128276986	0.6088023505	Q99959	PKP2
0.1928542336	0.3796801647	Q9H1I8	ASCC2
-0.1908047583	0.3613628595	Q96PV6	LENG8
0.03970911031	0.7984850075	Q16774	GUK1
-0.008791219914	0.9785696364	O75146	HIP1R
0.03335614346	0.8818525591	Q9UBF8	PI4KB
0.04269477236	0.883993839	O75489	NDUFS3
-0.0399912907	0.9200998826	Q93062	RBPMS
0.01559257883	0.9315712016	O94888	UBXN7
-0.132561968	0.4777523592	Q9P2X3	IMPACT
0.2463745704	0.2400082042	O95425	SVIL
0.08513146109	0.5740578021	O95926	SYF2
0.2490859874	0.3920188961	Q9H9Y6	POLR1B
0.2352251879	0.3429935116	Q7L273	KCTD9
0.174511441	0.4488603619	O14737	PDCD5
-0.306316209	0.3174483779	Q14141	SEPTIN6
0.1830036409	0.2928019514	Q92547	TOPBP1
-0.5607104454	0.4933200382	Q6PHW0	IYD
-0.1669183557	0.6842446421	Q8N9U0	TC2N
0.2109215794	0.3174483779	Q9UPN6	SCAF8
-0.09929190011	0.7974609773	Q96DE0	NUDT16
-0.1577402812	0.4545219898	Q99707	MTR
-0.5890776673	0.2852027789	O94769	ECM2
-0.1885118136	0.3770966405	O95273	CCNDBP1
-0.03068050142	0.8928122303	Q9H425	C1orf198
-0.03160505967	0.8641308815	Q9NY35	CLDND1
0.08725812134	0.6089406042	Q9Y222	DMTF1
0.1235297643	0.5914277764	P25686	DNAJB2
0.1179598943	0.5924928086	Q8N999	RLIG1
0.03415000745	0.8365930083	Q9NPJ6	MED4
0.2393836109	0.4113777887	Q13425	SNTB2
0.1313704163	0.3178421297	Q96JG6	VPS50
-0.4220264196	0.2610595123	P60022	DEFB1
-0.4108661261	0.263415668	Q9BYV7	BCO2
-0.098417997	0.5900221267	Q96BZ9	TBC1D20
-0.5808169867	0.3535084024	O75764	TCEA3
-0.0412538041	0.9055579769	Q9UBC0	ONECUT1
0.3716430526	0.3646101893	O75691	UTP20
-0.07659308537	0.7049544066	Q5T7W7	TSTD2
-0.05518446377	0.8102310981	Q9P1Z0	ZBTB4
0.3534458076	0.4951036976	P46695	IER3
-0.3062700631	0.310901605	Q8TBM7	TMEM254
-0.2381738049	0.3311147198	Q86VR2	RETREG3
0.03441666831	0.8365930083	O15127	SCAMP2
-0.07248176776	0.7743124398	Q9BST9	RTKN
0.08801071944	0.6261384845	Q9NVH2	INTS7
-0.1562820782	0.4341622636	Q86XR8	CEP57
0.1765216677	0.3174483779	P61758	VBP1
0.06531422494	0.8550326468	O43298	ZBTB43
0.1358053145	0.4151647732	Q9BXP5	SRRT
-0.2668781908	0.4545219898	Q9P2J9	PDP2
0.07484705042	0.6383640244	Q96E22	NUS1
0.2058704187	0.4822130397	P58317	ZNF121
0.1208800426	0.5339350356	Q9H446	RWDD1
0.04117103301	0.8677596313	Q92574	TSC1
0.09892237286	0.6011137214	P53803	POLR2K
-0.2563635567	0.320341228	Q99538	LGMN
-0.2242371131	0.4274564923	Q14188	TFDP2
-0.1182440499	0.550926845	Q8IWK6	ADGRA3
0.08450418517	0.5466228526	Q9Y3Y2	CHTOP
0.102408153	0.6165134508	Q96H78	SLC25A44
0.1477193594	0.3382851921	Q92905	COPS5
0.02665915091	0.9117822895	Q5FWF5	ESCO1
0.1868182965	0.3539578429	O15014	ZNF609
0.03402441835	0.9195949206	A1A5C7	SLC22A23
0.1070907462	0.6733756684	Q8WU67	ABHD3
0.1492114684	0.4539400085	Q9UKF6	CPSF3
0.0009264864389	0.9964485435	Q9BSE4	HERPUD2
0.1000034463	0.512822466	Q15345	LRRC41
0.2272295534	0.3666769422	Q92797	SYMPK
-0.03738841715	0.8308652318	Q9UBL3	ASH2L
0.0006677138756	0.9970547534	Q9UNN5	FAF1
0.0955305566	0.550926845	Q6NW34	RMP64
-0.1510919976	0.5478397146	O15239	NDUFA1
-0.2237266846	0.4113286053	Q9NPR2	SEMA4B
0.2677961423	0.3627367632	Q04206	RELA
0.14719287	0.6325598324	O75695	RP2
-0.08872951869	0.7483198982	O75475	PSIP1
0.2189237922	0.5118871181	Q8WXH5	SOCS4
-0.06251221811	0.7002660531	Q15776	ZKSCAN8
-0.7840950329	0.4955374885	Q9HCS2	CYP4F12
-0.0211003866	0.9084772004	O43617	TRAPPC3
0.0189373529	0.9453582635	O15120	AGPAT2
-0.2029916521	0.3759506916	Q9NXD2	MTMR10
0.4769817933	0.263415668	O95817	BAG3
-0.3818858738	0.2590694167	Q7Z3F1	GPR155
-0.3021842006	0.4124068153	Q8N8V4	ANKS4B
0.000218002082	0.9991083865	O95405	ZFYVE9
-0.009502271806	0.9812861805	Q15583	TGIF1
0.08997303174	0.5020047557	Q92890	UFD1
0.06732949933	0.6635184075	Q8IX18	DHX40
0.1075316847	0.4968848011	P55081	MFAP1
0.07616677679	0.6260300948	Q8IUR7	ARMC8
-0.1017187106	0.4484102149	O75528	TADA3
-0.1431850868	0.4032249528	Q8TD26	CHD6
-0.03807637744	0.829589734	P50281	MMP14
0.1552585509	0.7165920018	Q00587	CDC42EP1
0.3155660091	0.2395165404	P41182	BCL6
0.1215176747	0.5602398858	Q14541	HNF4G
0.2392915056	0.2610595123	Q7L1W4	LRRC8D
0.1432174245	0.4242415417	Q13405	MRPL49
-0.07269748383	0.7483198982	Q5RI15	COX20
0.1156637547	0.6697323007	Q6BDS2	BLTP3A
0.1489597447	0.3937371805	Q96ST3	SIN3A
0.1281732495	0.5100360261	Q8N4J0	CARNMT1
-0.3281397911	0.3559480491	Q9Y4X4	KLF12
0.05348698791	0.7357733374	Q63HM2	PCNX4
0.1420934349	0.4992975249	Q9P203	BTBD7
-0.09073817257	0.8043017333	P17405	SMPD1
0.3488083273	0.2242715681	Q9H089	LSG1
-0.1585620542	0.4815592187	O00142	TK2
0.2627838629	0.2783705437	Q8IY47	KBTBD2
0.1631622589	0.5374530158	Q9H8G2	CAAP1
-0.3236652244	0.2538389331	Q9Y2L9	LRCH1
-0.005948190913	0.9744285423	Q96HY6	DDRGK1
-0.3186957334	0.2586842726	Q9Y6P5	SESN1
0.03226518426	0.8358477075	Q13233	MAP3K1
0.05792960215	0.7323144833	Q86YH6	PDSS2
0.05528994128	0.679009149	P20936	RASA1
0.08341254223	0.5562621971	Q9NV70	EXOC1
0.1415413653	0.5275206356	Q92600	CNOT9
0.3427538191	0.349098035	Q7Z698	SPRED2
0.09900305573	0.4928758417	Q6I9Y2	THOC7
0.01231509866	0.9558729388	O43837	IDH3B
-0.07084622776	0.8966397311	Q7Z5R6	APBB1IP
-0.3131827622	0.5567434696	Q9BZD6	PRRG4
0.0746113565	0.6694091528	Q03393	PTS
0.03432283996	0.8725943343	Q9UI09	NDUFA12
-0.02646959713	0.9339339762	Q9Y6I3	EPN1
0.1227754381	0.5506269446	Q92738	USP6NL
-0.6738528382	0.05894213981	Q02410	APBA1
-0.3343415328	0.2516917651	P98077	SHC2
0.08773880245	0.6448834207	Q9UBV8	PEF1
0.2091224845	0.4426858654	Q99708	RBBP8
0.2606019332	0.3792218483	Q9HD33	MRPL47
0.0898618576	0.678344815	O75694	NUP155
0.07470372719	0.7332321346	Q04771	ACVR1
0.4860700444	0.2606799163	P02461	COL3A1
-0.4178251909	0.2441298371	Q9HCE6	ARHGEF10L
-0.003413517519	0.9903135465	Q15654	TRIP6
0.06592344536	0.8897740498	P30556	AGTR1
0.1118405287	0.7095047025	P11117	ACP2
0.3695306079	0.4794574957	P19875	CXCL2
-0.06324166962	0.7789961734	Q96K19	RNF170
0.1711625203	0.4524068223	Q9UH65	SWAP70
0.2387217042	0.3480777993	Q68DK2	ZFYVE26
-0.0828635183	0.6380695576	O95861	BPNT1
0.009223996773	0.9567972443	Q9H1N7	SLC35B3
0.02213553729	0.9014039725	Q7L5N1	COPS6
0.2636446649	0.236508846	Q12972	PPP1R8
0.1762533439	0.477796621	Q92966	SNAPC3
0.05380128141	0.7159758097	Q6IQ22	RAB12
-0.212051519	0.2700820046	Q9Y2M0	FAN1
0.2202521078	0.2870513895	Q14938	NFIX
-0.2541722182	0.4820130215	Q96EF6	FBXO17
0.02088978404	0.9090852018	Q9Y5J6	TIMM10B
0.09072141128	0.5505940053	Q8N6H7	ARFGAP2
-0.0008643011522	0.9964485435	Q9P260	RELCH
-0.1065902768	0.4447075961	P17014	ZNF12
0.4676237985	0.2615868301	Q9H6Z9	EGLN3
0.1761525293	0.5048439246	Q99873	PRMT1
-0.7502980915	0.3186838138	Q86WA6	BPHL
0.1958554744	0.3603180017	P49750	YLPM1
0.2646429158	0.3366784263	P54725	RAD23A
-0.4683553489	0.4079969503	P16219	ACADS
-0.003574545313	0.9863625625	Q7RTS9	DYM
-0.2686512138	0.278697231	Q5T4T1	TMEM170B
0.1547391636	0.3171386538	Q9NYZ1	TVP23B
0.4496227144	0.2775599619	Q9HCE7	SMURF1
-0.2444494362	0.2400082042	Q96EI5	TCEAL4
0.2573763606	0.2193521013	Q08752	PPID
-0.03936790053	0.7615597789	Q6NUS6	TCTN3
-0.2571147575	0.261806992	Q06055	ATP5MC2
0.1514775038	0.3797922706	Q8IXH7	NELFCD
0.160482303	0.3764402236	Q13099	IFT88
0.1784491844	0.3083514961	Q9Y5Q9	GTF3C3
0.01883938689	0.9092010803	Q53G59	KLHL12
-0.2773795971	0.3383380939	P53816	PLAAT3
-0.1292966354	0.6186290634	Q9BWS9	CHID1
0.1560820828	0.534566148	Q9UL15	BAG5
-0.5403881619	0.3825666542	Q16589	CCNG2
0.1509046031	0.4151647732	Q9NQS3	NECTIN3
-0.0755053389	0.7731942647	Q14140	SERTAD2
0.09800216435	0.786078572	Q765P7	MTSS2
-0.1222852548	0.7811904058	Q9H939	PSTPIP2
0.1576090416	0.4102630939	Q9UIS9	MBD1
0.1315950482	0.3806327166	P40692	MLH1
-0.1120041508	0.4819009559	Q9H8T0	AKTIP
-0.5036714973	0.2229482068	P11150	LIPC
-0.3014071123	0.5809954347	Q93070	ART4
0.3189160979	0.2707762288	O95835	LATS1
0.1382418264	0.3568490141	P49903	SEPHS1
0.2581380376	0.3603180017	Q9NUA8	ZBTB40
0.2869378399	0.2816090673	P78536	ADAM17
0.2708899519	0.6702467174	Q99439	CNN2
0.1711520707	0.4480403566	Q96QC0	PPP1R10
0.01487240378	0.9117822895	Q14232	EIF2B1
0.2511361741	0.203078386	P41223	BUD31
0.1028795157	0.6053421264	P49005	POLD2
-0.4963396324	0.3174962845	O95897	OLFM2
-0.1636448522	0.4868725134	Q14203	DCTN1
0.1182984699	0.6462770139	O95248	SBF1
-0.9366514103	0.2692700843	Q9H222	ABCG5
0.1694077333	0.5647354296	O14686	KMT2D
-0.3106298308	0.2825488952	P21964	COMT
0.3126796812	0.2149192693	Q9HCG8	CWC22
-0.0688210785	0.7734645628	Q9UP95	SLC12A4
0.1735801506	0.4854225775	Q99755	PIP5K1A
0.02237420776	0.9205848565	Q7L5Y9	MAEA
0.1440931559	0.41528381	Q12769	NUP160
0.07143982101	0.7805698338	Q9H3Z4	DNAJC5
0.2094993426	0.478447146	O95155	UBE4B
0.05756298802	0.737427603	Q9Y2D8	SSX2IP
0.1675265425	0.5929619755	O95782	AP2A1
0.3355974015	0.2515579634	Q9NY93	DDX56
0.04676262365	0.7999344123	Q9P003	CNIH4
-0.07056457262	0.6506127795	Q9P013	CWC15
0.2463517856	0.4966654761	Q9ULH1	ASAP1
0.05641375336	0.6445815097	Q969U7	PSMG2
0.04401706607	0.7538432816	Q9NWQ9	C14orf119
0.1195917325	0.4719151367	O94864	SUPT7L
0.1069747568	0.4560205596	P60510	PPP4C
0.1546352228	0.4980793691	O15033	AREL1
0.08333816534	0.6059126343	Q99627	COPS8
0.1157682617	0.486402509	Q9UHC1	MLH3
0.2296891615	0.2808741936	Q13043	STK4
0.3007938735	0.3471361724	P00519	ABL1
0.1839089556	0.3977232101	Q7L1V2	MON1B
0.007974166182	0.9810504289	Q9NPJ1	MKKS
-0.05708281938	0.7634804658	Q9BQQ3	GORASP1
0.1457692574	0.4967497097	P60891	PRPS1
0.09321914918	0.5451706406	Q9ULJ6	ZMIZ1
0.2956987581	0.2643325665	Q9C0D5	TANC1
0.3944622282	0.2783705437	Q15397	PUM3
0.2985334033	0.4378769245	Q70CQ4	USP31
0.01318297913	0.9664622157	Q96RU3	FNBP1
0.0567857012	0.863057196	P12236	SLC25A6
0.1589914331	0.4971963267	Q9NS69	TOMM22
-0.07818897405	0.6580397199	O14662	STX16
0.2808545874	0.4188588866	Q96GQ7	DDX27
0.03430097236	0.8777350521	P55769	SNU13
0.1452444098	0.5521573206	O00212	RHOD
0.1164513159	0.4322323281	Q6NXT4	SLC30A6
0.04252822346	0.8486142182	Q9GZM8	NDEL1
0.04812636886	0.7890788089	E0CX11	STMP1
0.2006860231	0.3455247753	Q9BW91	NUDT9
0.3213180385	0.2311086703	P63096	GNAI1
0.05368925735	0.7733707738	P61966	AP1S1
0.01037513206	0.9543533877	Q86UA1	PRPF39
0.1633780368	0.4044149679	Q15911	ZFHX3
0.131392401	0.6366851285	Q07617	SPAG1
-0.0615716717	0.6948268947	Q99487	PAFAH2
0.2253599094	0.3140941215	Q9UKJ3	GPATCH8
0.05394384933	0.7001106222	Q9ULX6	AKAP8L
0.4494801411	0.4491420474	P01106	MYC
0.1221919112	0.4365858031	Q9Y4B6	DCAF1
0.1372742062	0.3468350781	Q9Y2R9	MRPS7
0.01638200202	0.9436684036	Q9HAU0	PLEKHA5
-0.6681543552	0.2229482068	Q96AQ6	PBXIP1
0.4646146469	0.2606799163	O75909	CCNK
-0.2104699536	0.4218212398	P62318	SNRPD3
1.908027948	0.07736901762	P09912	IFI6
0.175658888	0.3130859445	P11172	UMPS
0.1825427724	0.340068043	Q7Z7F0	KHDC4
-0.4642099202	0.4159053961	P09467	FBP1
-0.04514010584	0.7645665862	O75820	ZNF189
0.2278053168	0.3174483779	Q3ZAQ7	VMA21
0.3313417091	0.4304823477	Q13569	TDG
-0.336721958	0.4287500017	P36021	SLC16A2
-0.01069140565	0.9789592509	Q9ULU4	ZMYND8
-0.1077770955	0.6421807079	O15194	CTDSPL
0.1980374997	0.6987191912	P26374	CHML
-0.1332634486	0.537316878	O00499	BIN1
0.3612169094	0.4184558273	Q96PP9	GBP4
1.30944765	0.1988741511	Q9UII4	HERC5
-0.2189074086	0.2361803301	Q9H0F5	RNF38
0.3027385265	0.236508846	P54098	POLG
-0.02719912404	0.8873152261	P51692	STAT5B
-0.06990547982	0.691951388	O14656	TOR1A
-0.2271272349	0.3069258723	Q6VN20	RANBP10
0.07310487805	0.8764625686	Q96QD5	DEPDC7
0.04212910526	0.9408993843	Q9NP71	MLXIPL
-0.1529788429	0.4487099351	Q5SRI9	MANEA
-0.1381366139	0.6001118222	Q9NPC3	CCNB1IP1
0.05112068794	0.7869053134	Q14562	DHX8
0.01663549958	0.9389463662	Q99933	BAG1
0.01966391941	0.9050091192	Q96PU4	UHRF2
0.1174743775	0.6666518283	Q8N5N7	MRPL50
-0.07318065689	0.7818204876	Q15738	NSDHL
0.114508308	0.5088096357	O14929	HAT1
0.1184959963	0.7706229467	Q96RK0	CIC
0.1645220673	0.7917831495	Q16787	LAMA3
0.1428351056	0.546498477	O75208	COQ9
0.06282484458	0.671528196	Q9ULA0	DNPEP
0.04768723305	0.8187998822	Q9UDW1	UQCR10
0.3127672901	0.4937316929	Q504T8	MIDN
0.4237956005	0.2565647491	Q9NVM9	INTS13
-0.01059559553	0.958815596	Q9UBU9	NXF1
0.01078042333	0.9668046938	Q9Y530	OARD1
0.2521681809	0.3811428824	Q9ULD4	BRPF3
0.03260269174	0.9593926024	Q99743	NPAS2
-0.233790268	0.3392653621	O00400	SLC33A1
0.01285377068	0.9797839099	Q8NF91	SYNE1
-0.2116102021	0.4288451835	Q08495	DMTN
0.218143362	0.3729931475	Q9HB20	PLEKHA3
0.1133752929	0.6786914739	O60885	BRD4
0.0598568683	0.7533731789	Q7Z3B3	KANSL1
0.4345516134	0.1696930209	Q8WTT2	NOC3L
0.1352513013	0.4736478745	P15056	BRAF
0.03920793034	0.8365930083	Q4U2R6	MRPL51
0.1002822847	0.6023916322	O15265	ATXN7
0.1126210221	0.5665326428	Q96G79	SLC35A4
0.2949997699	0.2769184659	Q9UM22	EPDR1
0.1216977084	0.4596811511	Q9BQ39	DDX50
-0.322044585	0.2794161897	Q8IYN2	TCEAL8
0.1166078917	0.5100598587	Q5HYI8	RABL3
2.336338569	0.08255805805	Q8WXG1	RSAD2
0.1207087401	0.4458339215	Q9UNH6	SNX7
-0.2915849043	0.4815592187	O95081	AGFG2
0.1367226966	0.4121138395	Q6ZXV5	TMTC3
0.2224569994	0.3817158949	Q6ZVD8	PHLPP2
0.3270480643	0.236508846	Q9Y6G9	DYNC1LI1
-0.04560592717	0.8243633267	Q9Y5Z7	HCFC2
-0.3203079191	0.3315253342	Q9NPJ3	ACOT13
0.04819513095	0.7546301631	Q8NFD5	ARID1B
0.01675036052	0.9470001194	Q6PJI9	WDR59
-0.5860902181	0.3130859445	Q9UBX1	CTSF
0.06928108135	0.5593420631	Q53H80	AKIRIN2
0.1973507201	0.4980793691	Q96L91	EP400
-0.1351790658	0.4474620827	P28328	PEX2
-0.1020631634	0.5380497255	Q9NUL3	STAU2
0.366514257	0.3148155269	Q9Y3T9	NOC2L
0.1724598864	0.5473452719	Q92520	FAM3C
0.0561147546	0.7841171065	Q9UHR5	SAP30BP
0.1044639634	0.4282266252	Q96IZ5	RBM41
0.08660583112	0.5969640367	Q9BQ70	TCF25
-0.09081181245	0.7323446973	Q9Y689	ARL5A
-0.05996929447	0.6365427903	Q9H1P3	OSBPL2
0.1154938977	0.6561386821	P56537	EIF6
-0.2854701416	0.2367708635	Q1W6H9	FAM110C
-0.2130289062	0.4800188955	P0C6T2	OST4
0.1756030581	0.356380111	Q8N163	CCAR2
0.004887967337	0.9823987431	O00479	HMGN4
0.1452622926	0.47040254	Q13191	CBLB
-0.01294875071	0.9771772317	Q9Y6G1	TMEM14A
-0.2692988543	0.2685983266	Q9NV79	PCMTD2
-0.2289667758	0.480142682	P35625	TIMP3
1.03261032	0.263415668	P18146	EGR1
0.2093084376	0.474144973	O43909	EXTL3
0.1410230154	0.4948813734	O43715	TRIAP1
-0.05636470595	0.7704143363	Q8N8R7	ARL14EP
0.0486396791	0.7294719212	Q8IZM8	ZNF654
-0.2082312817	0.3736520185	Q9UJU6	DBNL
0.06621098031	0.6975745452	Q8N0V5	GCNT2
0.127129404	0.4833445486	Q92560	BAP1
-0.1896745569	0.4005197218	Q9BV87	CNPPD1
-0.09926808573	0.6142055338	O14494	PLPP1
0.1122720854	0.5583590097	O00442	RTCA
0.08588418078	0.645468721	Q8IXS8	HYCC2
0.1752982732	0.3137332519	Q9UGJ1	TUBGCP4
-0.06644547525	0.8014446117	Q9BZL1	UBL5
0.05081735257	0.8818292169	Q13885	TUBB2A
0.07213745306	0.7004391755	Q8NFZ0	FBH1
0.1822689803	0.3445919828	Q9UHY7	ENOPH1
-0.01488799074	0.943176097	Q9P2R7	SUCLA2
0.06928307241	0.6720752363	Q96DW6	SLC25A38
0.2938421868	0.2720522052	Q9BYJ9	YTHDF1
0.1191068968	0.7003520473	Q96F07	CYFIP2
0.1336843076	0.5926863336	Q9Y6X9	MORC2
-0.1908050448	0.4231209463	Q9Y6W6	DUSP10
0.03608504376	0.8607617863	Q56P03	EAPP
-0.3275229399	0.2692700843	P48382	RFX5
0.2151014819	0.3691795876	Q6ZMT4	KDM7A
0.08892936275	0.7056934456	Q99973	TEP1
0.2610616151	0.2492922357	Q9BTE1	DCTN5
0.08979106436	0.5968364162	Q9Y324	FCF1
-0.1734695411	0.4430937511	Q9H7H0	METTL17
-0.03792609105	0.7997035241	Q9BY42	RTF2
-0.1243543697	0.6999485353	Q9H1X3	DNAJC25
0.05023621309	0.7744547892	Q9Y580	RBM7
-0.04215483261	0.8958472511	Q02543	RPL18A
-0.4701899278	0.2808741936	Q9Y646	CPQ
0.23050324	0.2679238355	Q8NBN3	TMEM87A
0.1395350921	0.4361816712	Q9NRY5	FAM114A2
-0.3350108201	0.2469575	Q05932	FPGS
-0.1178249419	0.6616719091	Q12770	SCAP
0.02264323549	0.9287999671	Q96K17	BTF3L4
-0.1321214726	0.6907090325	Q68CL5	TPGS2
-0.2089836285	0.4115165924	Q5JWR5	DOP1A
-0.02855204424	0.9268947588	Q9Y548	YIPF1
-0.4949889344	0.5022408364	Q9H694	BICC1
-0.3354131264	0.3055777347	P10253	GAA
0.004095684352	0.986813438	Q9P2T1	GMPR2
-0.1049560581	0.7756290163	Q70UQ0	IKBIP
-0.2939763881	0.3130859445	O96006	ZBED1
0.4173207293	0.3596657368	Q8WTP8	AEN
0.3149555471	0.2461176887	Q49AR2	C5orf22
0.2569998535	0.4443182796	Q8N6G5	CSGALNACT2
0.1160818515	0.5068025555	Q05D32	CTDSPL2
0.08662286501	0.4819009559	O75832	PSMD10
0.1693713161	0.3770966405	Q9H6T3	RPAP3
0.05032606296	0.8361261172	P14316	IRF2
-0.01095525035	0.9900716733	Q12882	DPYD
0.1919769413	0.3307171157	O15085	ARHGEF11
0.2991451255	0.4089920785	P53671	LIMK2
0.06032582462	0.7988125305	Q9UKA2	FBXL4
0.0359820598	0.8585106178	Q86X95	CIRSR
0.1503115643	0.5278141347	Q9NY97	B3GNT2
0.2453433726	0.3187865999	Q96RD7	PANX1
-0.05330799257	0.7397067338	Q14790	CASP8
0.280478956	0.3315253342	Q3B726	POLR1F
0.0706572973	0.7012115066	Q7Z3V4	UBE3B
-0.1741309856	0.6777668265	Q9BVG8	KIFC3
-0.1356357809	0.3438758254	Q9BUV0	RSRP1
-0.03562911294	0.8622810641	P13489	RNH1
0.09903320989	0.6884684261	Q9H2A7	CXCL16
0.1916488693	0.5721064855	O43524	FOXO3
0.2384620396	0.3601485488	O43491	EPB41L2
1.048629011	0.1436024123	Q96J88	EPSTI1
0.01069592542	0.9450238542	Q9H3R0	KDM4C
0.2357523606	0.2620174029	Q9NZW5	PALS2
0.01490285576	0.9105830941	Q9BRL6	SRSF8
0.1960860841	0.5501185444	Q969M1	TOMM40L
-0.007349900445	0.9833986469	Q9ULG6	CCPG1
0.07410721589	0.6665678095	Q8NEM7	SUPT20H
-0.09365089531	0.5715943039	Q6P1Q0	LETMD1
-0.2127710458	0.4286348873	A4D1B5	GSAP
-0.5114643774	0.2794161897	P51795	CLCN5
-0.09582617161	0.7799891183	Q9BV23	ABHD6
0.08432837116	0.8125568961	Q9BTV4	TMEM43
0.02304159262	0.9078537581	Q9Y3C8	UFC1
0.313293464	0.4504268378	Q14201	BTG3
0.239222832	0.3569015529	Q92963	RIT1
-0.467199384	0.3199370689	Q8NE62	CHDH
-0.3871435434	0.309733155	Q30201	HFE
0.2303952181	0.4364208418	Q5VIR6	VPS53
0.1880874957	0.3909787734	Q9NRF9	POLE3
-0.7813790878	0.2716138434	P31512	FMO4
0.006766711521	0.9784195595	Q96EK7	FAM120B
0.2027869086	0.5122209848	Q15287	RNPS1
-0.1963733101	0.5915222103	Q15125	EBP
0.03188852003	0.8063325386	Q9H9E3	COG4
-0.2861726791	0.5331288957	P36551	CPOX
0.1617395869	0.5112376625	O15357	INPPL1
-0.00174052465	0.9938526794	Q9BS18	ANAPC13
0.03718644676	0.8314478293	Q9BZJ0	CRNKL1
-0.1121165032	0.4699146373	Q5SGD2	PPM1L
0.2339866619	0.3225858212	Q9BZJ4	SLC25A39
0.4049511988	0.244104077	P06730	EIF4E
0.4767772371	0.3013036883	Q96AH0	NABP1
-0.266257353	0.5280283454	Q9UEY8	ADD3
0.2210875422	0.3826812559	Q15369	ELOC
0.2173028711	0.3806327166	Q8N4V1	MMGT1
-0.04314954392	0.8768023575	Q96RU2	USP28
0.03675371764	0.8176867632	O96000	NDUFB10
-0.3752657079	0.2678953827	Q86YB8	ERO1B
0.2827041171	0.2720522052	Q9BPX5	ARPC5L
-0.3657755791	0.4263238529	Q9NUV7	SPTLC3
-0.289269043	0.3519560275	Q8ND30	PPFIBP2
0.1898841175	0.2469575	Q96SI9	STRBP
0.06624883123	0.8818525591	Q53R41	FASTKD1
0.07847141702	0.7719363917	Q96BM9	ARL8A
0.3534019962	0.2620174029	Q15020	SART3
-0.1065458893	0.5596394916	Q8IUH5	ZDHHC17
-0.02575854884	0.906647989	Q9H2K0	MTIF3
-0.1238529598	0.493882859	Q9NWU2	GID8
0.1435788164	0.5370956933	Q5SR56	SLC71A2
-0.0399115162	0.8639918331	Q4G0F5	VPS26B
-0.05980904427	0.8391830652	P62857	RPS28
-0.6267737354	0.203078386	Q96NU7	AMDHD1
-0.01793085876	0.9273577279	Q86X83	COMMD2
0.1125817384	0.6166606556	Q8N587	ZNF561
0.2262289673	0.3213279861	Q6X4W1	NSMF
-0.2194454172	0.375297381	Q8WVN8	UBE2Q2
-0.5827419582	0.3010227003	O76054	SEC14L2
0.2130939736	0.3758597522	Q86Y07	VRK2
0.1054097939	0.5426820159	Q96G25	MED8
0.4040414728	0.2355173272	O95816	BAG2
-0.02356695811	0.9488691547	Q9UPQ4	TRIM35
-0.5589536786	0.3613541813	Q9UDR5	AASS
-0.2152560042	0.2355173272	P29074	PTPN4
-0.3866529713	0.2461176887	Q8TB22	SPATA20
0.04487297205	0.8600827372	O95198	KLHL2
-0.1154563228	0.4903158393	Q16825	PTPN21
-0.1824263448	0.6145446233	Q92623	TTC9
-0.1109640327	0.7569520924	Q9BV35	SLC25A23
0.05171873845	0.7416168859	Q9BT78	COPS4
0.1387061505	0.5039233753	Q99437	ATP6V0B
0.1168632989	0.6879102765	Q9H1Z4	WDR13
-0.1220410987	0.5561359155	P29597	TYK2
-0.02208739303	0.8997320654	Q9UNW1	MINPP1
0.02075453846	0.906647989	O75027	ABCB7
0.204279454	0.3754976451	Q99700	ATXN2
0.09280550251	0.8585106178	Q15599	NHERF2
0.2530301158	0.2380825738	Q5T3J3	LRIF1
0.2871497462	0.2824027943	P30520	ADSS2
0.428484352	0.4271553027	O00476	SLC17A3
0.1897077667	0.3919163878	Q5T3F8	TMEM63B
0.247145636	0.3699049942	O15417	TNRC18
0.3801562214	0.2537364428	Q14686	NCOA6
0.0182126745	0.9420213226	Q8WWH5	TRUB1
-0.6178680995	0.3088998706	P01344	IGF2
0.1383812656	0.6446796652	P41212	ETV6
-0.04995973801	0.7858616487	O75575	CRCP
0.1856932893	0.705866754	Q9NZJ4	SACS
-0.2696375033	0.2707762288	Q5VZB9	DMRTA1
-0.3545274179	0.4044149679	Q9NVN3	RIC8B
-0.006924221088	0.9791677738	Q6PID6	TTC33
-0.6620709979	0.6515773666	P35575	G6PC1
-0.1908520405	0.4663083008	Q9NUJ1	ABHD10
0.3067242398	0.2229482068	Q9NPR9	GPR108
-0.100984275	0.5799264395	Q92466	DDB2
-0.2372119795	0.2795317788	Q9UP65	PLA2G4C
-0.06078112717	0.8063325386	Q9UKM7	MAN1B1
0.1591492547	0.4151647732	Q9Y4Z0	LSM4
-0.08695876254	0.7433350496	P78410	BTN3A2
-0.01525275832	0.9567457449	Q9UPY8	MAPRE3
0.01769145868	0.9105040408	Q15291	RBBP5
0.3734173761	0.2807286993	P14921	ETS1
0.1624363192	0.2896679745	Q9BVK2	ALG8
-0.004646647423	0.9814550402	O00291	HIP1
0.2040000657	0.5418350315	Q9GZL7	WDR12
0.1319474182	0.4076717989	P38919	EIF4A3
0.1920558809	0.2976256957	P54920	NAPA
0.2922322208	0.3490681907	Q5MNZ9	WIPI1
-0.421369142	0.4044045173	P28330	ACADL
-1.044029418	0.2235703561	Q5VWT5	FYB2
0.1947534822	0.4828837904	Q9BQ65	USB1
0.2696730591	0.4207624267	Q9Y4F5	CEP170B
0.4091645851	0.236508846	Q92783	STAM
0.1747814129	0.6958591127	Q9NWA0	MED9
0.2147182213	0.3035751783	Q9Y2Z2	MTO1
0.3920703406	0.4344490387	Q8N2Y8	RUSC2
0.03789318333	0.8298433636	O14653	GOSR2
-0.1604293693	0.3739295082	Q8TC41	RNF217
0.2308584073	0.3212346127	Q9H334	FOXP1
0.09106640805	0.623326648	O95905	ECD
0.1400828687	0.5364800146	Q92522	H1-10
-0.5187466244	0.3212346127	Q9BX93	PLA2G12B
0.225006351	0.3035751783	Q8WZ64	ARAP2
0.2020932385	0.5702616535	O43353	RIPK2
0.1941779821	0.5122209848	Q13459	MYO9B
-0.04009219275	0.8452894111	Q15904	ATP6AP1
0.07663381406	0.6175775464	Q9Y5V0	ZNF706
0.0909326583	0.4902144441	Q96T51	RUFY1
0.6100775279	0.2400082042	Q9UJP4	KLHL21
0.3231201486	0.3579051283	O60287	URB1
-0.1682494533	0.2872908594	Q9UHH9	IP6K2
-0.08923606996	0.7747293557	P49006	MARCKSL1
0.4009532304	0.2606799163	Q13951	CBFB
-0.01110117789	0.9515355156	P62841	RPS15
0.0976730461	0.6088023505	Q8IWS0	PHF6
-0.08348077051	0.5929619755	O15155	BET1
0.1283067187	0.5850317944	O14787	TNPO2
0.4267191994	0.291187636	Q96H12	MSANTD3
0.01700825114	0.9270261598	Q9BSJ2	TUBGCP2
0.2185563163	0.3315253342	Q9UKN8	GTF3C4
-0.05697204758	0.7645213904	Q8N9N2	ASCC1
-0.07358412057	0.8038612235	P47736	RAP1GAP
0.1243232575	0.4338902697	Q9UBF6	RNF7
-0.0943422746	0.5388765247	Q9NRY2	INIP
0.03953881024	0.7714721646	Q9Y2V7	COG6
-0.01397112157	0.928878233	P55197	MLLT10
0.1368561088	0.3284732602	Q8WUT9	SLC25A43
-0.2109058232	0.4076717989	Q96KN1	LRATD2
0.2377080239	0.4188588866	P62314	SNRPD1
0.09229525768	0.4911493439	Q7Z2T5	TRMT1L
0.1904963912	0.2803956983	Q8WV37	ZNF480
0.1854405637	0.4079969503	Q7Z4H7	HAUS6
0.03949649587	0.813223698	Q9NVK5	FGFR1OP2
0.6524548836	0.3316107179	P40305	IFI27
0.3760046466	0.2229482068	Q99543	DNAJC2
0.06120512418	0.6988151119	Q13630	GFUS
0.1258730268	0.4951036976	Q8NDT2	RBM15B
0.1147024075	0.6933842506	P53701	HCCS
0.07875330735	0.7421277797	Q9UM21	MGAT4A
0.005971551702	0.9899238818	Q9Y2H5	PLEKHA6
-0.6049779431	0.330724361	O43175	PHGDH
0.03237764387	0.8176867632	Q8N3P4	VPS8
-0.03353561385	0.8743347625	Q9NRW7	VPS45
0.2253280044	0.2807286993	O60739	EIF1B
0.106074217	0.5702616535	Q9NYF5	FAM13B
0.2679720524	0.2692700843	Q9BUL5	PHF23
-0.1164770205	0.5576964081	Q8TF46	DIS3L
0.06794094548	0.6773167418	P36406	TRIM23
0.06429869283	0.7598404564	P35790	CHKA
-0.1399535265	0.4150866092	Q7Z4H8	POGLUT3
0.04563472655	0.8896294263	Q9Y3C6	PPIL1
-0.01131663854	0.9474844851	Q9NVZ3	NECAP2
-0.1306763595	0.6043291738	O95139	NDUFB6
0.2270735728	0.3187865999	P29992	GNA11
0.000579105831	0.997485691	Q6AHZ1	ZNF518A
0.2288574612	0.2855879675	Q969T4	UBE2E3
0.6360970064	0.2205867019	P04732	MT1E
-0.003111824903	0.9938102274	Q96JB6	LOXL4
0.1083118808	0.5192330818	Q96HI0	SENP5
-0.040845467	0.8536430133	P55198	MLLT6
0.13620927	0.4858525493	Q49AG3	ZBED5
-0.01985906193	0.9205848565	Q8NEU8	APPL2
0.3146368112	0.3798961819	Q9BRX2	PELO
-0.1731363752	0.4692284512	O43257	ZNHIT1
-0.8275236523	0.1548222127	Q8WYK0	ACOT12
0.3478686759	0.3035751783	Q9H0R6	QRSL1
0.2619251379	0.3381878776	Q8NBZ7	UXS1
0.1955748663	0.5511957206	Q969Z0	TBRG4
0.1906318442	0.4083120315	Q92870	APBB2
0.1725477803	0.4102630939	P04181	OAT
0.3176388071	0.4020120508	Q9UK76	JPT1
0.1763738882	0.3601485488	Q8WVV9	HNRNPLL
0.09582310494	0.8164693454	Q0VAM2	RASGEF1B
-0.0111438805	0.9741696918	Q96B97	SH3KBP1
0.3295480509	0.4207308411	Q8TEV9	SMCR8
-0.3343586387	0.3834351496	Q6UVM3	KCNT2
-0.2176960579	0.5989281426	P46059	SLC15A1
0.330522478	0.2608494751	Q9Y5J1	UTP18
-0.3923980604	0.3171386538	P18065	IGFBP2
-0.07643758514	0.7292179909	Q9Y2I1	NISCH
0.1997019824	0.4268555546	Q8NE86	MCU
0.1036612717	0.5041593412	Q9Y2U8	LEMD3
0.06807987	0.7689115004	Q99714	HSD17B10
-0.165088737	0.3825666542	Q86YS7	C2CD5
0.1683625656	0.3285264961	Q92925	SMARCD2
0.1483213625	0.4756977175	Q9UBP0	SPAST
0.3132454417	0.2226370526	Q9BRQ8	AIFM2
-0.006331851877	0.9785696364	O60664	PLIN3
-0.1847096324	0.4868725134	Q9UJJ9	GNPTG
0.2186530383	0.3005120799	Q9BWU0	SLC4A1AP
0.08475326233	0.6617656404	P62316	SNRPD2
-0.05594600134	0.7854882135	Q9H8Y5	ANKZF1
0.330968113	0.3708761111	Q96C92	ENTR1
0.2844015141	0.3169170593	Q92620	DHX38
0.7277365983	0.2152539344	Q9BYK8	HELZ2
-0.04070760415	0.8206609671	Q8IV63	VRK3
0.0001064448897	0.9997867454	Q96AD5	PNPLA2
0.05632293104	0.7473108458	Q96DM3	RMC1
-0.1894251641	0.4819009559	A6NI79	CCDC69
-0.19326688	0.448791395	Q96GQ5	RUSF1
0.1312029613	0.4169654128	Q9NYK5	MRPL39
0.1706308576	0.4188588866	Q13613	MTMR1
0.1270883137	0.4992975249	Q9UI12	ATP6V1H
-0.5934068936	0.4755883829	O60706	ABCC9
-0.157594184	0.4197161588	Q2TAA2	IAH1
-0.5118304626	0.236508846	O95528	SLC2A10
-0.1891875974	0.3137332519	P13056	NR2C1
-0.8010965688	0.4371269328	P82980	RBP5
-0.1113580255	0.7375623849	Q17RS7	GEN1
0.2497656097	0.2441298371	P53794	SLC5A3
0.2468579011	0.320341228	Q8N7W2	BEND7
0.2830142661	0.3139777246	Q9BYI3	HYCC1
0.06933677933	0.6165134508	P78383	SLC35B1
-0.2099606514	0.6948268947	Q14916	SLC17A1
0.2085503657	0.391361865	Q00537	CDK17
0.02553915115	0.8814682662	O75928	PIAS2
0.2151582639	0.3376142228	P37275	ZEB1
-0.989143531	0.3212346127	Q15858	SCN9A
0.3338607208	0.3786813219	Q9P1F3	ABRACL
0.2138115009	0.2794161897	Q9BXB4	OSBPL11
0.05295206123	0.8318048439	Q96EX1	SMIM12
0.1917891313	0.4306510961	Q96B23	ARK2N
0.07126385328	0.7762005487	A4D1E9	GTPBP10
-0.3412940057	0.4048238925	Q15120	PDK3
-0.251929813	0.7451816826	Q9H5I5	PIEZO2
-0.01350244877	0.9679551179	Q8WYL5	SSH1
-0.4299133156	0.3005120799	O75881	CYP7B1
-0.07718650193	0.6423790454	Q96PB1	CASD1
-0.01727647686	0.9231751968	P35270	SPR
0.1481859602	0.4815592187	Q52LJ0	FAM98B
-0.1964891356	0.3495674857	Q6PCB5	RSBN1L
-0.064731856	0.7182529635	Q9BQ90	KLHDC3
-0.255400858	0.4868329171	Q8WV28	BLNK
0.0885364564	0.5091052102	P19447	ERCC3
0.2043989763	0.4551268168	Q6ZVE7	GOLT1A
0.1159601768	0.5301601557	P57740	NUP107
0.0483403089	0.7945058953	Q9NWF9	RNF216
0.1532931728	0.5159179886	Q9UPV9	TRAK1
0.1292769348	0.4103138381	Q9UIL8	PHF11
-0.06075109232	0.7044571096	Q92805	GOLGA1
-0.3163358359	0.2808741936	O60888	CUTA
0.1057713533	0.5167535655	O75431	MTX2
0.1373871955	0.5167535655	Q13503	MED21
-0.1528915908	0.4474620827	Q0VDG4	SCRN3
0.1033067156	0.9117822895	Q3LXA3	TKFC
0.07446487874	0.6445815097	Q9H5V7	IKZF5
0.2262544998	0.6241217783	Q9Y2J4	AMOTL2
-0.115798028	0.5697991915	Q9UHQ9	CYB5R1
-0.006248057407	0.9744003432	Q6N021	TET2
0.1025428595	0.4651266651	Q9NZ63	C9orf78
0.0893064761	0.6180020652	Q6PJW8	CNST
-0.02124177201	0.8918070539	Q9BS91	SLC35A5
0.1861360519	0.4501217912	Q13114	TRAF3
-0.05403358416	0.8553484564	Q9NYZ2	SLC25A37
0.0317586607	0.8630321442	Q6UWV2	MPZL3
-0.1828213372	0.4832071744	Q14257	RCN2
0.3079597383	0.2818287888	Q7L8L6	FASTKD5
0.2699396754	0.2601873185	Q96GM5	SMARCD1
-0.1741137838	0.6329666942	Q9HB19	PLEKHA2
0.1557783856	0.3840688752	Q8N7H5	PAF1
0.1998987334	0.3817793558	Q9C0D7	ZC3H12C
0.2441268136	0.263415668	Q13057	COASY
0.001727475589	0.9927499901	Q6ZNE5	ATG14
0.1032530026	0.6617656404	Q7Z6B0	CCDC91
0.2152454519	0.2720522052	Q8N567	ZCCHC9
0.01618531987	0.9270261598	O15498	YKT6
-0.02270975465	0.9034169536	Q5T036	FAM120AOS
0.2091296086	0.3130859445	Q9UHX1	PUF60
-0.03105298762	0.9327672177	Q9BRV3	SLC50A1
0.2511056974	0.2692700843	Q96EU6	RRP36
-0.01901828513	0.9551527168	Q9BTW9	TBCD
-0.04135464207	0.8668201285	P35610	SOAT1
-0.6334129148	0.3316107179	Q9NSK0	KLC4
-0.07643283745	0.7371737933	Q6NTF9	RHBDD2
0.07425302654	0.7949452498	P35568	IRS1
0.1448614349	0.4538690294	Q9UBI9	HECA
0.2521264558	0.3740529746	Q9H4M9	EHD1
0.7469008152	0.3799294669	P13640	MT1G
0.1515620184	0.6272716887	Q9ULM3	YEATS2
0.3565487847	0.2229482068	P17032	ZNF37A
0.09149260597	0.5638588199	O96019	ACTL6A
0.04815140979	0.7843863024	Q96G74	OTUD5
0.1570666377	0.4229078995	Q96BJ3	AIDA
-0.01790678369	0.9840650008	P21695	GPD1
0.06168872596	0.7990620402	Q9NZT2	OGFR
0.06125317884	0.7307331907	Q7Z6K1	THAP5
-0.002763465213	0.9938102274	Q8WU79	SMAP2
-0.3845018931	0.2278294013	Q86VZ6	JAZF1
0.04716954076	0.8090521861	Q9NUQ9	CYRIB
-0.1310677826	0.6884324464	Q8NHQ1	CEP70
-0.2444320091	0.5938973075	P09341	CXCL1
0.02339336246	0.9515355156	Q8WYQ3	CHCHD10
-0.4517595015	0.2380259829	O43731	KDELR3
0.3789223191	0.2265421499	Q6ZRV2	SACK1H
0.1884731801	0.8146126453	Q86TG7	PEG10
-0.4801023606	0.543666437	P61812	TGFB2
-0.129945879	0.531179182	Q53HI1	UNC50
-0.0198825826	0.9159601867	P83916	CBX1
0.07771683656	0.6990848742	Q96EK5	KIFBP
0.1406760634	0.4815495104	Q9Y4I1	MYO5A
-0.1441706714	0.4938629402	O15119	TBX3
-0.5316931716	0.1084646823	Q60I27	ALS2CL
-0.1481027218	0.8219323358	Q49AN0	CRY2
0.1462402073	0.4083813604	P83876	TXNL4A
0.04439098519	0.9092010803	P55011	SLC12A2
0.2645346096	0.5104774399	P43005	SLC1A1
-0.2197485524	0.2229482068	O15254	ACOX3
-0.08025088753	0.7770391056	Q8TER5	ARHGEF40
0.201656667	0.4736478745	Q96BR5	COA7
0.09292319179	0.6512200785	Q03113	GNA12
-1.027340288	0.09511172915	Q13822	ENPP2
0.09843641735	0.4820130215	P09234	SNRPC
-0.05501889188	0.8501044036	P78314	SH3BP2
0.1269232385	0.4225681071	Q5HYC2	BRD10
0.2562015334	0.4645608102	Q9Y4C4	MFHAS1
0.1264981461	0.601202081	Q3KNV8	PCGF3
-0.1334843785	0.5946047784	Q6ZMP0	THSD4
0.0371626335	0.8132903139	Q6P3S1	DENND1B
0.2474315342	0.6402376582	O00257	CBX4
-0.09739440301	0.8018740539	Q96IU4	ABHD14B
-0.4680012569	0.2124809558	P10276	RARA
0.07473930534	0.7599090708	Q9NVC3	SLC38A7
0.3224327462	0.161089455	Q14493	SLBP
-0.08914373915	0.7457936771	O95455	TGDS
0.3715581378	0.2273281833	O14802	POLR3A
-0.3787849149	0.1453474844	P45877	PPIC
0.2848381669	0.2560322231	Q75N03	CBLL1
0.09080855044	0.6264778709	Q9NZ45	CISD1
-0.4815423218	0.2305737559	Q13402	MYO7A
0.05947457739	0.8888061934	Q96P53	WDFY2
0.1171732187	0.6464265491	Q53F19	NCBP3
0.0931140731	0.7387170497	Q9NYF3	FAM53C
-0.1989221315	0.3000009959	Q8TCC3	MRPL30
0.3977222832	0.3055777347	Q9BXY0	MAK16
-0.4264006742	0.2797430696	Q9H2L5	RASSF4
-0.7781785987	0.2124809558	Q04756	HGFAC
0.07616110919	0.6879102765	Q9BVI0	PHF20
0.3631203195	0.2692700843	O00178	GTPBP1
-0.1602078313	0.456359282	Q8TB61	SLC35B2
0.1266723308	0.472857572	Q6P4A7	SFXN4
0.1879059819	0.3811428824	Q9UKL0	RCOR1
0.04262887712	0.8741836989	P56378	ATP5MJ
0.279626532	0.2124809558	Q13451	FKBP5
0.1481680018	0.4687636271	O43889	CREB3
-0.0744373332	0.6312826562	P50542	PEX5
0.08766031066	0.7402307991	Q8N201	INTS1
-0.08690786716	0.5617099277	P51523	ZNF84
-0.3895711155	0.592429397	P51449	RORC
0.2042733589	0.3480777993	Q8TDD1	DDX54
0.0853506374	0.7233151838	Q96Q11	TRNT1
0.1905801156	0.335429016	Q9UID6	ZNF639
0.2034680383	0.2891213264	Q8WUA2	PPIL4
0.2914539251	0.3342164228	Q9H4I2	ZHX3
0.1580904663	0.3726917124	Q8IW41	MAPKAPK5
0.2552956072	0.4956256556	P85037	FOXK1
0.1961182199	0.335429016	Q9NYB0	TERF2IP
0.1115913365	0.4937316929	O43422	THAP12
0.2315924196	0.3324567803	Q9BTX1	NDC1
0.1513254435	0.4728111268	Q9H0A0	NAT10
-0.1233153613	0.7105758146	Q9BSH5	HDHD3
0.04591465727	0.8641308815	Q9UJV9	DDX41
0.3135835962	0.2794161897	Q969S3	ZNF622
0.2149181987	0.5230956668	Q7Z7A4	PXK
0.2589211573	0.3328682042	P29084	GTF2E2
-0.3020144423	0.236508846	Q8NCW6	GALNT11
-0.2722181181	0.2380259829	Q504Q3	PAN2
0.2118869563	0.2942674818	Q53GS9	USP39
0.3528521984	0.3464678953	Q6YBV0	SLC36A4
-0.3320084096	0.2989987597	Q9UFN0	NIPSNAP3A
-0.02763991723	0.8768073451	P21675	TAF1
0.2390570918	0.3406627422	Q9BVS4	RIOK2
0.2352603195	0.3666769422	Q5PRF9	SAMD4B
0.01442591528	0.9277485867	O00506	STK25
0.132912484	0.4623803173	O43264	ZW10
0.1078021786	0.6297537998	O95714	HERC2
0.1019043564	0.5398762224	Q9BRL7	SEC22C
0.2515007835	0.2783705437	P82933	MRPS9
0.1935079894	0.3035751783	Q9NX31	OSER1
0.06837044466	0.5740578021	O60508	CDC40
0.1458213496	0.4972572628	Q969W3	VCF1
0.1260634074	0.5388765247	Q8NDZ6	TMEM161B
-0.1118786806	0.4815592187	Q7Z7G8	VPS13B
-0.1596823988	0.5041593412	Q8TBP0	TBC1D16
0.2620511851	0.2620174029	Q9Y546	LRRC42
0.01331319806	0.9511108068	O60930	RNASEH1
0.05640717104	0.7356356403	Q3ZCT1	ZNF260
-0.895852676	0.3845811382	P03950	ANG
0.04125664254	0.8622014506	Q9NXN4	GDAP2
0.02972306756	0.928878233	P62854	RPS26
0.1417485432	0.5189848703	Q8WVD3	RNF138
0.3135200064	0.2794161897	Q86WT6	TRIM69
-0.2287073293	0.4321841001	Q9H2D6	TRIOBP
0.059662947	0.7152261041	Q9H8W3	FAM204A
-0.07675230688	0.5466228526	O95359	TACC2
0.06013250155	0.747533839	P0DMW3	SMIM10L1
-0.07111300061	0.8195204873	Q9NXG0	CNTLN
-0.0954388325	0.6544743908	Q86YJ6	THNSL2
-0.03594497544	0.8430043709	O14920	IKBKB
0.007671086667	0.9640126781	O95453	PARN
-0.1692576479	0.6303798647	Q5VWJ9	SNX30
0.06072316725	0.713669981	P68543	UBXN2A
0.01704237298	0.939838883	O43676	NDUFB3
0.07150245865	0.9042106767	Q9GZS1	POLR1E
0.3033073287	0.2606799163	Q96PQ6	ZNF317
0.2799844923	0.4195797626	Q5T5Y3	CAMSAP1
0.01964027392	0.939838883	P62310	LSM3
-0.0196604939	0.9231751968	Q9NYU1	UGGT2
-0.4375763184	0.3055777347	Q8TBH0	ARRDC2
0.3682583529	0.2380259829	P36507	MAP2K2
-0.5142700166	0.2901097018	P0C0L4	C4A
-0.1105288414	0.7634804658	Q8IV01	SYT12
0.05750234641	0.915970523	Q16526	CRY1
0.1646572112	0.3977232101	Q12894	IFRD2
0.1515077706	0.5100598587	Q9Y4K1	CRYBG1
-0.31292434	0.2380259829	P11908	PRPS2
0.2582500278	0.3646526881	O14640	DVL1
-0.1879905745	0.6405852522	Q8TE04	PANK1
0.190130715	0.3423626113	O94782	USP1
0.05729401568	0.8818525591	P16591	FER
0.175037086	0.3114647237	Q96PM5	RCHY1
0.05620247816	0.7937126176	P36896	ACVR1B
0.01188203307	0.9422748624	Q9H2F5	EPC1
-0.1077679758	0.5909966548	Q92882	OSTF1
-0.05513021609	0.7594449386	P57060	RWDD2B
0.3148920827	0.410834424	Q6NT89	TRNP1
0.08364151353	0.7270818495	Q8IXH6	TP53INP2
0.2329658213	0.7452833974	Q7Z419	RNF144B
0.00214712995	0.9930710126	Q8IUC4	RHPN2
-0.09517090421	0.6586042931	Q8IXI2	RHOT1
0.03254543597	0.8249689297	Q5T2E6	ARMH3
-0.588523758	0.3748428619	Q6UXC1	MAMDC4
-0.4090111092	0.2716138434	O60229	KALRN
0.1970918591	0.4229078995	Q8IWE5	PLEKHM2
0.05224586208	0.8176867632	Q68CP9	ARID2
-0.2518258496	0.2775599619	Q6UW02	CYP20A1
-0.09913889372	0.561011384	Q8N1B4	VPS52
0.1900232962	0.4865965888	Q7L2E3	DHX30
0.150140423	0.6926570948	Q16512	PKN1
-0.07609274718	0.8602041218	Q6IPR1	ETFRF1
-0.6119533887	0.3035751783	O00187	MASP2
0.05576088187	0.8822101728	Q9H0K6	PUS7L
0.157264899	0.3478909077	Q9NWU5	MRPL22
-0.2210630429	0.3930532292	Q01826	SATB1
0.2006613977	0.3328429314	Q9NXW2	DNAJB12
0.1268225059	0.4673491836	Q99698	LYST
0.1754030183	0.4719151367	Q969F1	GTF3C6
0.09141028302	0.6159866751	P28072	PSMB6
0.1287365028	0.4868725134	Q9NUQ8	ABCF3
-0.08775628802	0.8491233974	Q92565	RAPGEF5
0.1936360661	0.3398508733	P14859	POU2F1
0.1042263072	0.4858748668	Q16186	ADRM1
0.2320910412	0.2380259829	O43395	PRPF3
0.1747409275	0.4371269328	Q9BVV7	TIMM21
8.712551365e-05	0.9997461965	Q9P1Y6	PHRF1
-0.4578931898	0.2718212749	Q6PCB0	VWA1
-0.06778092068	0.7538432816	A8K979	ERI2
-0.1863974987	0.3607769157	Q96J42	TXNDC15
0.03940633464	0.830956074	Q8IUX1	TMEM126B
0.1962975858	0.3139777246	Q8WYN0	ATG4A
0.2303699064	0.2842817034	Q63HQ0	AP1AR
0.0605877187	0.7495307417	P43487	RANBP1
0.1423349307	0.5769010839	Q5TC84	OGFRL1
-0.07766370299	0.6230445245	P51957	NEK4
0.07451869382	0.6124010679	Q9BRR6	ADPGK
-0.06277164509	0.757085645	Q13724	MOGS
-0.07001401174	0.6595634554	O15379	HDAC3
0.01129140923	0.9619890616	P82921	MRPS21
0.1409936914	0.6453725313	Q6FI81	CIAPIN1
0.2492235807	0.3484639337	Q8N6S4	ANKRD13C
-0.02404953812	0.9291725972	Q16584	MAP3K11
0.04940730677	0.8034551929	Q7L211	ABHD13
0.2845466354	0.6082348541	P29279	CCN2
-0.009822840191	0.9781308375	P48551	IFNAR2
0.4523421657	0.3171386538	Q86UU0	BCL9L
0.5519806649	0.2555691565	Q9UPN7	PPP6R1
-0.04320937164	0.8592834422	Q9HBF4	ZFYVE1
0.1046939115	0.6650523692	Q15771	RAB30
0.1611615015	0.4858748668	Q14151	SAFB2
0.1824085765	0.4488603619	O96028	NSD2
0.1143854947	0.589090142	Q86X55	CARM1
-0.3064539516	0.3187865999	Q13572	ITPK1
0.112565702	0.467996868	O95628	CNOT4
-0.0276347031	0.8483002256	Q92643	PIGK
0.0599360805	0.8824257979	Q8WVE7	TMEM170A
-0.1133847924	0.8568996432	Q9HCY8	S100A14
-0.2527130932	0.4392549084	Q9UII2	ATP5IF1
-0.2494401862	0.3711582213	Q9P1Z2	CALCOCO1
0.311981153	0.2813619255	Q14166	TTLL12
-0.05652047961	0.7473108458	Q86UP3	ZFHX4
-0.09037589579	0.7079548098	Q9UBD5	ORC3
-0.4766903437	0.3668934301	P21953	BCKDHB
0.1165591473	0.6053421264	Q9NRN9	METTL5
-0.02558702826	0.8768073451	Q6ZU65	UBN2
-0.3720266453	0.3866805541	Q9Y2E5	MAN2B2
-0.3472301829	0.175421593	Q96QE2	SLC2A13
0.1030132506	0.6900362529	O14908	GIPC1
0.04353222458	0.8156757598	Q9H6A0	DENND2D
0.001672893959	0.995310543	O95400	CD2BP2
0.2802916607	0.3186838138	Q9Y3A2	UTP11
-0.1013114353	0.5998090908	P17036	ZNF3
0.1074260842	0.6073588415	Q96ND0	MIMS1
0.08173372053	0.5914277764	Q5T890	ERCC6L2
0.1575233269	0.2934541018	Q6NZY4	ZCCHC8
-0.1458400109	0.4690929978	Q9Y512	SAMM50
0.1432370143	0.4060915997	O60231	DHX16
0.04880453643	0.796421694	Q96GE4	CEP95
-0.0001512513231	0.999601871	Q9H204	MED28
0.01706340545	0.9177400328	Q14587	ZNF268
-0.431545831	0.4889402357	Q6ZNB7	AGMO
0.3379869211	0.21847452	P51946	CCNH
-0.4435382402	0.2492922357	Q9NS15	LTBP3
-0.04226784308	0.8275151699	P56181	NDUFV3
0.1686948374	0.4003662308	P51151	RAB9A
0.1089358465	0.6757680754	Q9Y2K2	SIK3
-0.2535242565	0.6975745452	P98082	DAB2
-0.3662506224	0.2693740967	Q8NBK3	SUMF1
0.1933243754	0.4185191576	Q9BUZ4	TRAF4
-0.2009887305	0.4733924869	P05204	HMGN2
0.1622927902	0.5338387374	P46926	GNPDA1
-0.3235746977	0.6211872567	O60656	UGT1A9
-0.056366607	0.9483699381	Q8TDX5	ACMSD
-0.2791379363	0.2692700843	O60478	GPR137B
0.4770924744	0.3211743652	Q8TDN6	BRIX1
0.2852846515	0.4842846004	P26651	ZFP36
0.1082504438	0.6220488784	Q6ZSS3	ZNF621
-0.1210596943	0.6694091528	Q6ZNC4	ZNF704
-0.1069550048	0.742475128	Q9BSU1	PHAF1
-0.026536991	0.8768073451	Q9P2D3	HEATR5B
0.1541380058	0.4858525493	Q99598	TSNAX
0.1895308214	0.4218212398	Q8TB03	CXorf38
-0.2050502096	0.4662369018	Q8IU85	CAMK1D
-0.2879740325	0.3392653621	Q9P0T7	TMEM9
0.0790925977	0.8762008747	P30511	HLA-F
-0.1704374023	0.4188133953	Q3T906	GNPTAB
-0.04801744128	0.7944850403	O94952	FBXO21
0.2425837253	0.4228418455	Q96RE7	NACC1
0.07609960966	0.6446796652	Q9P2W9	STX18
-0.05638215141	0.8048906295	Q9ULJ7	ANKRD50
0.1240916577	0.4486289456	P56589	PEX3
0.1358960528	0.4371269328	Q96H35	RBM18
0.05454254577	0.6824739652	Q99633	PRPF18
0.3140822011	0.2380259829	O75940	SMNDC1
0.3157839349	0.328326617	O43172	PRPF4
0.04253941369	0.7773440849	Q96SY0	INTS14
-0.2133144946	0.2989987597	Q9H765	ASB8
0.08508492764	0.7184056673	P16383	GCFC2
0.1504438219	0.3966776218	Q9NXC5	MIOS
0.09167595206	0.6003325309	Q9BRG1	VPS25
0.05617743118	0.772438842	Q92665	MRPS31
-0.6268396554	0.2469844706	O76041	NEBL
0.4797164248	0.2229482068	Q9Y3Z3	SAMHD1
0.08866998266	0.6209823087	Q9NP73	ALG13
0.1544515022	0.5532761225	P61421	ATP6V0D1
0.1201367365	0.5601827228	Q8WUX9	CHMP7
0.2257444707	0.4874936722	Q9Y3E5	PTRH2
-0.09064980472	0.6697323007	O14727	APAF1
-0.06898170202	0.8404043358	Q14699	RFTN1
-0.04809627274	0.8979293395	Q6ZSC3	RBM43
-0.3905647068	0.2610595123	Q9UHQ1	NARF
0.1902813965	0.3770966405	O60942	RNGTT
-0.3298605261	0.755766525	O75936	BBOX1
0.2158917115	0.5759585825	Q9ULI3	HEG1
-0.02624943567	0.9014039725	Q5SVS4	SLC25A30
0.08125883423	0.6463608006	Q9Y2D4	EXOC6B
0.2576934048	0.3786075949	P19474	TRIM21
0.1902168882	0.2794161897	Q96S55	WRNIP1
-0.06984139437	0.6976319739	Q9HCG7	GBA2
0.1469253612	0.4395136595	Q8TCN5	ZNF507
0.04829780393	0.8063325386	Q9NUN7	ACER3
-0.002436024777	0.9903135465	Q9Y5U9	IER3IP1
0.303416123	0.3443105929	Q6IQ49	SDE2
0.2282926507	0.3692150776	Q9P2D1	CHD7
0.006802010297	0.9729220286	O94966	USP19
-0.02791262022	0.9105830941	Q05481	ZNF91
-0.03221378294	0.8804807921	P51970	NDUFA8
0.1127867998	0.8277813505	Q5TH69	ARFGEF3
0.1938377011	0.6069933263	Q9Y3B9	RRP15
0.2136457007	0.2599913037	Q9HB71	CACYBP
0.1845968895	0.3645095464	O95104	SCAF4
-0.2847247456	0.2574502241	Q92845	KIFAP3
0.2079066607	0.4833445486	Q14320	FAM50A
-0.1342943728	0.5256633915	Q6UWP7	LCLAT1
0.3472275952	0.2603311167	P18846	ATF1
0.1310097491	0.5226157675	Q12996	CSTF3
0.2017347473	0.4922994934	Q9NUQ2	AGPAT5
0.1083321558	0.6426997374	Q14376	GALE
0.6691348524	0.2798166138	P18754	RCC1
-0.1173775457	0.9455691938	P30613	PKLR
0.211127334	0.2445386406	Q9H3E2	SNX25
0.05617816505	0.8648772321	O15393	TMPRSS2
0.2104084559	0.3933770199	Q8NDN9	RCBTB1
-0.0512866783	0.8195204873	P35670	ATP7B
-0.1037387859	0.6230445245	Q8N5V2	NGEF
0.09078984795	0.4980793691	Q9P2G9	KLHL8
0.2793753881	0.2248830478	Q9H9A5	CNOT10
-0.2676595186	0.4621000236	Q49AM3	TTC31
0.03243254955	0.9074010096	Q9UPX8	SHANK2
-0.09315033399	0.7603860335	Q96MT1	RNF145
0.01269407991	0.9589923057	P25098	GRK2
-0.1362017364	0.6395778486	Q96T83	SLC9A7
-1.135043497	0.08999624649	P01903	HLA-DRA
-0.0445695861	0.833381428	Q9NUH8	TMEM14B
0.04025088452	0.7922963415	Q9NUQ7	UFSP2
0.3448549986	0.2248830478	Q9H7E9	C8orf33
0.1286310902	0.6708959489	Q6P3S6	FBXO42
0.2368148534	0.2193521013	Q8N2H4	SYS1
-0.3685244943	0.2124809558	Q3B7J2	GFOD2
0.1601103466	0.5154445967	Q9BUI4	POLR3C
0.01602170694	0.9345893801	Q86U06	RBM23
0.09424592147	0.4949311205	Q9H270	VPS11
0.09886382442	0.5285243598	Q9H3U1	UNC45A
0.07456933267	0.7293932943	Q12846	STX4
-0.7925842649	0.3137332519	Q15842	KCNJ8
-0.2334728015	0.3809077441	Q86XT9	TMEM219
0.1355190434	0.4980793691	Q9H3H5	DPAGT1
0.1510071294	0.4378769245	P49427	CDC34
-0.1369049596	0.5769458261	Q9NXX6	NSMCE4A
-0.1330393843	0.5660637666	O75072	FKTN
-0.2698475384	0.7988125305	Q9NRD8	DUOX2
0.1128907115	0.7761947616	Q9H741	SPRING1
1.112952514	0.07703057608	Q8IVU3	HERC6
0.1553158455	0.4948813734	Q9UMY4	SNX12
0.2959290206	0.3152490618	P37198	NUP62
-0.02670945178	0.8894245534	Q53TQ3	INO80D
0.1002443689	0.5731769385	O15156	ZBTB7B
-0.08815601559	0.5714707061	Q9H4A5	GOLPH3L
-0.02694953601	0.9450238542	Q5VWQ8	DAB2IP
-0.1305368462	0.7766039855	Q9UHE5	NAT8
-0.3773028069	0.2620174029	Q6UW68	TMEM205
0.04045550434	0.7855411262	Q9H000	MKRN2
0.1521140058	0.5041593412	Q9NVV4	MTPAP
0.4296808248	0.2692700843	Q9UHE8	STEAP1
0.02605868699	0.8924729248	Q9NS73	MBIP
0.3199521561	0.2620174029	P13984	GTF2F2
0.1286608095	0.6173703561	O43760	SYNGR2
-0.1362109657	0.3926555533	Q9P2K3	RCOR3
0.05020633175	0.7924822368	Q9NPC7	MYNN
0.1330204833	0.7534826464	P32929	CTH
-0.2257827583	0.5353905258	O15217	GSTA4
0.1282626983	0.4009461877	Q96AQ8	MCUR1
0.1816966668	0.4146674369	Q14CW9	ATXN7L3
0.1748308971	0.4293037696	Q96LB3	IFT74
-0.1364889204	0.4815495104	Q9P2K6	KLHL42
0.01565140409	0.9511162899	Q96BD5	PHF21A
0.260416748	0.3178421297	Q8WVY7	UBLCP1
0.2050330987	0.3075081595	Q6IQ32	ADNP2
-0.03159967678	0.8949775801	O75688	PPM1B
-0.04437892695	0.8074695194	Q9HA77	CARS2
0.4887428418	0.1240453493	P46976	GYG1
0.02396792168	0.950274323	Q9NTK1	DEPP1
-0.1629288304	0.394946697	Q8NHS3	MFSD8
2.170888362	0.006022453164	Q15646	OASL
-0.02716086	0.9345069322	Q86X76	NIT1
-0.8892738794	0.2565647491	P14780	MMP9
0.06368008455	0.742475128	Q15418	RPS6KA1
-0.1088613599	0.485808339	Q9NTX7	RNF146
0.0389525437	0.7947435202	O00559	EBAG9
0.02752703734	0.9200357084	P61968	LMO4
-0.2083069392	0.4107848467	Q9HAZ1	CLK4
-0.1485739622	0.4872359267	Q9NX70	MED29
0.10599313	0.6606819803	Q6DCA0	AMMECR1L
-0.02322539865	0.939885181	Q969V5	MUL1
0.1121065977	0.5215745125	Q12824	SMARCB1
-0.05987364681	0.7979024608	Q6ZMB5	TMEM184A
0.02565475603	0.9137447716	Q6ZSZ5	ARHGEF18
-0.3867308733	0.203078386	P41247	PNPLA4
0.1642006093	0.5107780676	Q9Y3A3	MOB4
-0.510177563	0.3932687716	P51687	SUOX
0.1523487732	0.4242357451	P62877	RBX1
0.2409541238	0.2738330413	Q14186	TFDP1
0.02444565948	0.886803322	Q12968	NFATC3
0.1313969918	0.4753559375	Q96CN9	GCC1
0.245427062	0.2960966711	P51116	FXR2
0.375900726	0.2494808975	Q8IV48	ERI1
0.09871606925	0.7443995273	P20749	BCL3
-0.4839368942	0.2673212122	Q8NEV8	EXPH5
-0.3345008381	0.2797430696	O00192	ARVCF
0.004522414799	0.9854569855	Q96A35	MRPL24
0.305213009	0.2395165404	Q0P6H9	TMEM62
-0.001476064376	0.9930807632	Q53GS7	GLE1
-0.2053075381	0.2692700843	Q13356	PPIL2
0.06042861629	0.7103711888	Q5VTB9	RNF220
0.05689760206	0.7546833844	Q7Z2E3	APTX
-0.07379186866	0.6697323007	Q5XPI4	RNF123
-0.07840062543	0.6086390527	Q9GZS3	SKIC8
0.147515843	0.388415038	P48147	PREP
-0.07534269514	0.683423365	O95070	YIF1A
0.01365788	0.9510555762	Q15853	USF2
0.484342374	0.4001786342	Q96CT2	KLHL29
0.2397354291	0.258253828	Q96I51	RCC1L
-0.2526029244	0.7804873051	P05181	CYP2E1
-0.1014466022	0.6233618245	Q9Y4E1	WASHC2C
0.60243129	0.3781165209	O43474	KLF4
0.1685545599	0.4815592187	O95999	BCL10
0.144294269	0.4254459096	Q9NW08	POLR3B
0.2913181573	0.310431375	P29558	RBMS1
-0.3966573325	0.4234871924	Q9UK22	FBXO2
0.008594257283	0.9734288635	Q9NQG7	HPS4
0.1513623354	0.4139576799	Q8NCN4	RNF169
0.001415295415	0.9959919087	Q8WV41	SNX33
0.0307154364	0.9152444481	Q9UPQ3	AGAP1
0.5434420967	0.3845811382	O60437	PPL
0.002777707155	0.9903674484	Q9UNP9	PPIE
0.09807320282	0.5175368003	Q8WVQ1	CANT1
0.1428003734	0.5958002693	Q9Y3B8	REXO2
0.2495834163	0.3392653621	Q9ULM6	CNOT6
0.4096495922	0.2904221876	Q5SRE5	NUP188
0.2266066157	0.2707248195	O94972	TRIM37
0.3899420322	0.2994599249	Q00536	CDK16
-0.6666086411	0.4754697036	Q9UJ72	ANXA10
-0.1352534969	0.348846606	Q9H845	ACAD9
0.1518699292	0.5589017291	Q9Y2E8	SLC9A8
0.1100404254	0.5032135891	Q9NYJ1	COA4
0.1871363006	0.4677259298	Q86W56	PARG
0.07592765855	0.7402307991	Q8IYW5	RNF168
0.151867453	0.4817745155	P18031	PTPN1
0.1858163991	0.4992975249	Q3ZCQ8	TIMM50
0.1435282729	0.5479115137	Q8N682	DRAM1
0.2225843945	0.3272040578	Q9NQB0	TCF7L2
-0.1233206097	0.4692284512	Q9C0B1	FTO
0.2049253895	0.3354040237	P10746	UROS
-0.5550834755	0.2795030993	P05997	COL5A2
0.1038437155	0.7063100082	P30519	HMOX2
0.2654890744	0.4036863424	Q5XUX0	FBXO31
-0.2823330651	0.8334718481	Q08828	ADCY1
0.3330105101	0.2327180511	P78406	RAE1
0.1219118247	0.737906058	P51798	CLCN7
-0.1423568516	0.3805319873	Q96IY1	NSL1
0.2451245418	0.236508846	Q7Z569	BRAP
0.3766369564	0.5707174265	Q16654	PDK4
0.01322317798	0.9672040645	O14628	ZNF195
0.03626111959	0.9167081806	Q09328	MGAT5
0.01839491765	0.9610237684	O14924	RGS12
0.1234122194	0.7236867968	Q8N9B5	JMY
0.1278988099	0.5350133176	P55055	NR1H2
-0.204863325	0.7689115004	Q6ZQN7	SLCO4C1
-0.8788967927	0.1084646823	P61626	LYZ
-0.2287724762	0.6599215283	Q03426	MVK
-0.3657802681	0.3687489394	P54803	GALC
-0.1796281518	0.3724818739	Q8NCN5	PDPR
0.02688196466	0.91798865	Q6PJP8	DCLRE1A
0.1464636099	0.3646008148	Q8N5M9	JAGN1
-0.09039058756	0.5740578021	Q8NF99	ZNF397
0.03338861218	0.9095738674	Q9Y312	AAR2
-0.472823768	0.2794161897	O60237	PPP1R12B
0.1495798723	0.4473832793	Q8NCF5	NFATC2IP
0.03553909022	0.9134872815	Q9UI10	EIF2B4
0.1747391218	0.4249954038	P14678	SNRPB
0.2423080748	0.2692700843	Q9Y3D9	MRPS23
-0.286477208	0.7694972903	O75452	RDH16
-0.04496924534	0.8636945723	Q68CQ7	GLT8D1
0.2324350037	0.3091937578	Q6NUQ1	RINT1
0.2031185004	0.6322168444	Q14766	LTBP1
0.2297455875	0.3086114846	P49441	INPP1
-0.007244034397	0.9892176349	Q9NX95	SYBU
0.05749332327	0.7265040009	Q92610	ZNF592
0.1310455606	0.6398941085	Q6PI78	TMEM65
0.2718462308	0.3594165834	Q5VY09	IER5
0.1851859677	0.3668633231	Q8NC96	NECAP1
-0.1524621376	0.4229078995	P30626	SRI
-0.0253677876	0.8964140657	Q17RB8	LONRF1
-0.04380865056	0.796508984	Q9H8M7	MINDY3
-0.1190908272	0.5294969662	P13051	UNG
-0.04105911694	0.9266005014	Q8IZ52	CHPF
-0.3167575744	0.236508846	O43933	PEX1
-0.2761679545	0.2804131876	Q155Q3	DIXDC1
0.02114130902	0.9070665265	Q92982	NINJ1
0.2326879883	0.3423626113	P42684	ABL2
0.1629181899	0.5171470976	Q9NW13	RBM28
0.3630550346	0.3562306873	O15525	MAFG
0.1439326585	0.3763679074	Q66LE6	PPP2R2D
-0.2325902058	0.3811428824	O75840	KLF7
0.4003912938	0.2627099237	Q6W2J9	BCOR
0.06470959371	0.7447254092	P12004	PCNA
-0.1078639393	0.5188251056	Q01415	GALK2
-0.0121410129	0.9548009866	Q9Y3P9	RABGAP1
-0.08865205106	0.7302867301	Q96AB6	NTAN1
-0.2491615757	0.5558030164	Q9UPR0	PLCL2
-0.2468496794	0.2333695589	P49590	HARS2
0.4029289865	0.2333695589	Q9H930	SP140L
0.2364733254	0.4627528564	Q8NFU5	IPMK
0.1174101392	0.608083171	Q96E11	MRRF
0.007086621922	0.9723066013	Q9Y2G8	DNAJC16
-0.09355218329	0.6679854927	O75177	SS18L1
-0.08089544224	0.6267791823	Q96TC7	RMDN3
-0.4304770041	0.2526721579	P34949	MPI
0.07046843917	0.8437824575	Q5XG87	TENT4A
0.04844156048	0.8741836989	P82987	ADAMTSL3
0.3694832417	0.236508846	Q9BXS5	AP1M1
-0.4708236475	0.2416709142	Q86TB3	ALPK2
0.1474386292	0.4430937511	Q96D71	REPS1
-0.05577572873	0.8752931462	Q6PJG2	MIDEAS
0.1054357299	0.6404916741	P12755	SKI
0.1853632366	0.5136600801	Q8N5F7	NKAP
0.3017611982	0.3799294669	P54849	EMP1
0.04842789653	0.833956998	Q9NWS8	RMND1
0.2107085108	0.4378769245	Q9NQZ7	ENTPD7
0.04692778567	0.7924382578	Q96FV9	THOC1
0.09805459204	0.5388765247	Q9GZP4	PITHD1
-0.07750404593	0.6976581743	Q9H841	NIPAL2
0.3143122692	0.2333695589	Q7Z5L2	R3HCC1L
0.1456774548	0.3759506916	Q9H4B6	SAV1
0.07963749206	0.5043885477	Q70Z53	FRA10AC1
0.06038009996	0.9229006617	O60675	MAFK
0.1511369566	0.5596035997	Q9H3Q1	CDC42EP4
-0.2821925079	0.4014277303	Q53F39	MPPE1
0.2373572222	0.7949452498	Q02930	CREB5
-1.564526735	0.09511172915	O14960	LECT2
0.09299385019	0.5663715212	Q00403	GTF2B
0.2580359867	0.335429016	Q9BSF8	BTBD10
0.05340808209	0.7095355065	Q96T76	MMS19
-0.01633823383	0.933259497	Q92599	SEPTIN8
1.915739837	0.1935532347	P05161	ISG15
-0.7393757693	0.2797430696	O00339	MATN2
0.1078656505	0.7012894543	Q8NCR0	B3GALNT2
0.0260290158	0.9066376663	O94887	FARP2
0.1416682483	0.6061071525	O75293	GADD45B
-0.07887917883	0.6377089388	P20933	AGA
0.07426608908	0.8641308815	Q5TCQ9	MAGI3
0.2829202455	0.4274564923	Q9Y5Q0	FADS3
0.2706773592	0.5426063861	Q9P032	NDUFAF4
0.1297685162	0.4613728082	O95707	POP4
0.7816831285	0.08999624649	Q9HB58	SP110
0.005504182569	0.9729220286	P41214	EIF2D
0.04163724748	0.9329183283	O43293	DAPK3
-0.02849082247	0.8668254035	O75531	BANF1
-0.01714104632	0.9557031264	P55317	FOXA1
-0.09892370294	0.6539732144	O75420	GIGYF1
0.4186588535	0.588302107	P30825	SLC7A1
0.005059060056	0.9820776026	O95427	PIGN
-0.0909119356	0.6215179815	Q9BQ48	MRPL34
0.1186816671	0.4373385838	Q96S38	RPS6KC1
-0.4451713818	0.2149192693	Q9BYT1	SLC17A9
0.004268712302	0.9823987431	Q9Y3E7	CHMP3
0.33681665	0.3675747557	Q9NWT1	PAK1IP1
0.1056268875	0.5454969932	Q8N1G4	LRRC47
0.006822340178	0.989216937	Q6VVX0	CYP2R1
-0.1779166695	0.4841822062	Q9P0U1	TOMM7
0.3369826982	0.263415668	P49336	CDK8
0.02668343192	0.9010161897	P10398	ARAF
0.4148525403	0.2380259829	Q9Y4C8	RBM19
0.2084042129	0.3631985979	Q9HBY8	SGK2
0.1078006961	0.4518255431	Q6P1R4	DUS1L
0.01405372753	0.939885181	Q8TC71	SPATA18
-0.144463222	0.3800204998	Q4V328	GRIPAP1
0.03750488904	0.8258500797	O15056	SYNJ2
0.05232440328	0.812489787	Q9NYW8	RBAK
0.4832463785	0.21847452	Q14872	MTF1
-0.01689923133	0.9359903365	Q9BX73	TM2D2
0.08688588202	0.7615597789	Q9NXF8	ZDHHC7
0.07778713826	0.6476855503	Q9BQD3	KXD1
0.04323500419	0.8547893362	P42898	MTHFR
-0.06642555947	0.7818204876	Q2TAK8	PWWP3A
0.2942489298	0.8307634193	O43451	MGAM
0.2789762878	0.3000009959	Q9UHI6	DDX20
0.005689384201	0.9833663707	Q9P2N5	RBM27
0.1571056144	0.6257432279	Q5VVQ6	YOD1
0.06905596578	0.8585106178	Q8NEM1	ZNF680
-0.08476472818	0.6133948459	Q9BW72	HIGD2A
0.3484251643	0.4097821849	Q9NRX1	PNO1
-0.04080133306	0.8827302513	Q9Y294	ASF1A
0.07295356425	0.6733756684	Q13496	MTM1
0.2905498423	0.3260841667	Q6YP21	KYAT3
0.1922414819	0.3519560275	Q9UI26	IPO11
0.006391386935	0.9830260899	Q969K3	RNF34
0.202052127	0.5162973701	Q8TB52	FBXO30
-0.02350826885	0.8952359444	Q15370	ELOB
-0.1067245261	0.7328271068	Q6XZF7	DNMBP
0.1796420642	0.5611664659	Q8NBR6	MINDY2
0.08330476775	0.7588811826	Q5HYI7	MTX3
0.3204871682	0.305043378	P49023	PXN
0.06764968785	0.6059126343	Q6ZUT1	NKAPD1
-0.03430407185	0.8375561736	Q75V66	ANO5
0.05753495521	0.755766525	Q9H8W4	PLEKHF2
0.0188479142	0.9347384069	Q6RI45	BRWD3
0.110297087	0.5828697508	Q9Y3R5	DOP1B
0.005594570217	0.9785696364	P07199	CENPB
0.002660016214	0.9903426797	Q5JPH6	EARS2
-0.0521611618	0.7256953172	Q8NCW5	NAXE
0.3676050339	0.2698229597	Q8NB78	KDM1B
-0.1876546911	0.4858748668	P57764	GSDMD
0.07525682866	0.6787836464	Q9BYD6	MRPL1
-0.0329339593	0.9060777787	Q8TAM1	BBS10
0.1422616981	0.4832071744	Q86U44	METTL3
-0.114412086	0.6044642898	Q9BQ49	SMIM7
-0.04744306113	0.8022943816	Q13190	STX5
-0.3421674302	0.6900665591	Q6ZVF9	GPRIN3
-0.269949664	0.3796801647	O14874	BCKDK
0.1605129445	0.625513351	Q13155	AIMP2
0.0007835009464	0.9964485435	Q9P2Y5	UVRAG
0.1094091446	0.6441542212	Q5JVF3	PCID2
-0.06403762572	0.755292495	Q14865	ARID5B
-0.05815910913	0.7127556444	Q9H0L4	CSTF2T
0.4547375387	0.478447146	P20393	NR1D1
-0.1904857729	0.532276159	Q86SX6	GLRX5
0.007051117135	0.9747488858	P36915	GNL1
0.1724117099	0.2958877404	Q8NBW4	SLC38A9
-0.3606964897	0.442497299	P03973	SLPI
0.2908460143	0.244104077	Q6PL18	ATAD2
-0.1660783992	0.8641308815	P01588	EPO
-0.03329077783	0.8807420482	Q13444	ADAM15
0.3179784813	0.2620174029	Q8NEJ9	NGDN
0.1085979277	0.5295282734	Q9H5Q4	TFB2M
0.2821345924	0.456359282	Q9P275	USP36
-0.09982771334	0.6787751026	Q6UW56	ATRAID
0.1247691215	0.6302594634	Q9HCN3	PGAP6
0.3356761473	0.3758597522	P35240	NF2
0.4387683329	0.3860878523	Q92536	SLC7A6
0.2457127396	0.2692700843	Q96JM3	CHAMP1
0.01733036763	0.9212639722	Q9Y375	NDUFAF1
-0.5966330728	0.714685021	Q6IB77	GLYAT
-0.4648843322	0.2896679745	Q9NSY0	NRBP2
0.03588303773	0.8802667376	Q9H079	KATNBL1
-0.09439861119	0.5289451918	O95777	LSM8
0.1059840712	0.4729384242	Q96BP3	PPWD1
0.005279262896	0.984700821	O94953	KDM4B
0.1897091059	0.4036863424	Q9NXR7	BABAM2
-0.2284625116	0.3068124093	Q8IWU5	SULF2
-0.03039514836	0.9290739014	Q2KHR2	RFX7
0.03911855244	0.8580276482	Q9Y261	FOXA2
0.02855764195	0.8819463399	Q9NY74	ETAA1
-0.1023402936	0.6492295313	Q5QJ74	TBCEL
0.1509056838	0.5545392243	O60308	CEP104
0.06274908961	0.6657578514	Q9UBZ9	REV1
-0.2387437998	0.3977232101	Q4W5G0	TIGD2
0.08786669864	0.6362882413	P49761	CLK3
0.3503071372	0.3406627422	Q9Y221	NIP7
-0.03394324935	0.8878284533	P50747	HLCS
0.2775908577	0.3498966743	Q9NVU0	POLR3E
0.1899033812	0.3330360676	Q8WWC4	MAIP1
-0.1476876371	0.395756013	Q9NV64	TMEM39A
0.2222280964	0.3174483779	Q8IXW5	RPAP2
-0.2305169717	0.4270684237	A1L0T0	HACL2
0.3394320649	0.3431380359	Q12766	HMGXB3
-0.3468161358	0.236508846	Q92956	TNFRSF14
0.0954495399	0.5661246412	P62304	SNRPE
-0.0533220096	0.804857572	Q5H8A4	PIGG
-0.2485409734	0.3764402236	Q9NWH2	TMEM242
0.2164940009	0.6261384845	Q5FYB0	ARSJ
-0.08071803483	0.7056934456	Q96IK5	GMCL1
0.001665775034	0.9930492663	Q969H0	FBXW7
0.165616229	0.27443329	Q9Y297	BTRC
-0.3080788462	0.2707762288	Q9NTJ4	MAN2C1
0.01832840444	0.9060777787	O75879	GATB
0.1418982888	0.461521527	Q8N3A8	PARP8
0.2278462401	0.4047854832	Q68EM7	ARHGAP17
0.02697864754	0.9543533877	P61604	HSPE1
-0.228823524	0.3983182904	Q8WXX7	AUTS2
-0.1303466133	0.6235368785	Q8TAP9	MPLKIP
0.2446017413	0.3184196012	O95456	PSMG1
-0.1341764521	0.4283600221	Q9Y478	PRKAB1
-0.01992009483	0.9450238542	A7KAX9	ARHGAP32
0.107830347	0.588302107	Q96FV3	TSPAN17
0.1697887923	0.461521527	Q7L804	RAB11FIP2
0.1289899068	0.531179182	Q9NRR4	DROSHA
0.3093139253	0.4014277303	Q9Y4H2	IRS2
-0.01099352981	0.9722604938	Q92859	NEO1
0.3411495165	0.287848142	Q9NRJ4	TULP4
0.1866405749	0.349886707	Q5T447	HECTD3
-0.2183083468	0.3085504683	P16260	SLC25A16
0.276800309	0.2720522052	Q96HS1	PGAM5
-0.01405990765	0.9588143645	Q15477	SKIC2
0.3564003984	0.335429016	Q13206	DDX10
0.2171622618	0.2620174029	P38432	COIL
0.3854732463	0.2976316352	Q9BVJ6	UTP14A
0.1399905542	0.5009965083	P12109	COL6A1
-0.02687394593	0.8824257979	P17706	PTPN2
-0.04484459701	0.8041644157	O15270	SPTLC2
-0.0583795678	0.6999936276	Q8NFH3	NUP43
0.1047770269	0.4560697038	Q99470	SDF2
0.1714870806	0.4150866092	Q9UH36	SRRD
0.347756231	0.2620174029	Q05195	MXD1
0.09246229106	0.6007015614	Q8N0T1	RBIS
0.219535778	0.3747003547	Q9BVG4	PBDC1
-0.06074606375	0.7332321346	Q9UF56	FBXL17
0.1539011186	0.5171825673	Q1ED39	KNOP1
0.1581833547	0.5772413444	Q8N8R5	C2orf69
0.06557166502	0.8319372475	Q96L92	SNX27
0.3403133488	0.2492922357	Q15427	SF3B4
0.08368141332	0.612197543	Q8WYA6	CTNNBL1
-0.8046239326	0.2526721579	Q96LJ8	UBXN10
-0.09001743806	0.7256953172	Q8N5D0	WDTC1
0.1081731234	0.4760519084	P53680	AP2S1
0.06617403146	0.7455545864	Q9NR45	NANS
-0.01068329548	0.9719960481	Q96BY2	MOAP1
-0.02664745985	0.9347384069	P04062	GBA1
-0.3064787607	0.2807286993	Q8WW59	SPRYD4
-0.269150743	0.3792218483	Q8WWB7	GLMP
0.22304676	0.3055777347	P53041	PPP5C
-0.4208865443	0.3228779126	Q8TDY4	ASAP3
-0.2437655107	0.328326617	Q7Z4G1	COMMD6
-0.4014235832	0.4862750212	Q9NVF9	ETNK2
0.04395178075	0.7999344123	Q9NYM9	BET1L
-0.01255113687	0.9600006883	O43306	ADCY6
-0.560987665	0.2620174029	O14896	IRF6
-0.02906862945	0.8814682662	Q5VW36	FOCAD
0.324923177	0.3285264961	O60779	SLC19A2
-0.2565659229	0.4742001259	P41226	UBA7
0.1303677506	0.6069933263	P11274	BCR
-0.1324303251	0.4359236448	O95900	TRUB2
0.448124282	0.2229482068	Q6P0Q8	MAST2
0.003954315672	0.9892176349	Q8NEZ3	WDR19
-0.1321131909	0.5159696371	O60256	PRPSAP2
-0.188768081	0.6302522713	Q9NWW6	NMRK1
0.1137806263	0.5338797142	Q5T6V5	QNG1
0.1491017516	0.3315253342	O75616	ERAL1
0.04412259232	0.949851965	Q96PY5	FMNL2
-0.3009508301	0.2610595123	Q9UPT6	MAPK8IP3
-0.1102187176	0.7461850766	Q9NS86	LANCL2
0.07068915534	0.603852298	Q58A45	PAN3
-0.1669838277	0.4729384242	O75387	SLC43A1
0.0111784367	0.9624396126	Q9BWJ5	SF3B5
0.08933546798	0.6615503258	Q9NWN3	FBXO34
0.02593576673	0.8886949933	Q9Y4W2	LAS1L
0.4511091395	0.2720522052	Q9P2D6	FAM135A
0.02471418593	0.9329500896	Q8NFG4	FLCN
-1.432029242	0.1762010505	P80108	GPLD1
-0.02749733928	0.9133375518	Q7Z7K6	CENPV
0.1872082414	0.4639505905	P35269	GTF2F1
0.2076422431	0.4659970231	Q5W111	SPRYD7
-0.1670284173	0.4850942386	Q9Y2E4	DIP2C
0.199017324	0.5914277764	P09471	GNAO1
0.9130992687	0.2380259829	P17301	ITGA2
-0.1672904557	0.6697323007	O00478	BTN3A3
0.1236943571	0.52289746	Q9NVV0	TMEM38B
-0.3551219309	0.2716138434	Q8N2U9	SLC66A2
0.1381537889	0.4977838128	Q8TBX8	PIP4K2C
0.1425184092	0.5587613653	P58004	SESN2
-0.0092742646	0.9601297365	Q8IXQ5	KLHL7
-0.5828752728	0.2492922357	A5PLN7	FAM149A
0.08527769012	0.8979293395	Q9NR00	TCIM
-0.1477840839	0.6091530072	P0CK96	SLC35E2B
0.127516347	0.4364208418	Q7Z6M2	FBXO33
-0.7856259757	0.3171386538	Q6UWW8	CES3
-0.3007302993	0.2492922357	O75843	AP1G2
0.07127251042	0.7431583109	P62191	PSMC1
-0.07759235276	0.7088621015	Q5VZK9	CARMIL1
-0.01177395152	0.9565175707	P61244	MAX
-0.2877150053	0.4819009559	P78524	DENND2B
0.204370638	0.6580397199	Q8IZD6	SLC22A15
0.08902834989	0.589090142	Q14145	KEAP1
-0.3003137634	0.2807286993	O60603	TLR2
0.2603711222	0.4313617459	Q9H3F6	KCTD10
0.6166752669	0.4981527508	P57739	CLDN2
0.2626232317	0.2811729807	Q9ULX3	NOB1
0.2019304861	0.3705027813	Q9H6R0	DHX33
0.1653240221	0.5709714163	Q96JA3	PLEKHA8
0.1502108198	0.3817645328	Q9UNE7	STUB1
0.1796592132	0.3316107179	P52657	GTF2A2
-0.2427424862	0.291187636	O14735	CDIPT
-0.1639829211	0.4858748668	P55345	PRMT2
-0.1221226168	0.539685751	Q8NEB5	PLPP5
-0.01811704555	0.9529002193	Q13886	KLF9
-0.2872306916	0.4862861912	Q9Y5X9	LIPG
-0.03874290506	0.9582017235	Q9C091	GREB1L
-0.1093387222	0.6154737529	Q86W34	AMZ2
-0.02891997275	0.9251635144	Q6VY07	PACS1
0.2497426794	0.2876575184	Q9NVX0	HAUS2
-0.1008936609	0.557878552	Q9C005	DPY30
-0.07238357994	0.9059681749	Q9NZN4	EHD2
-0.1725815736	0.430679136	Q9UHL4	DPP7
0.007817729327	0.9903135465	Q10587	TEF
-0.3449656497	0.3035751783	O00462	MANBA
0.01990900646	0.9165543059	Q9BYC9	MRPL20
0.4157707547	0.2190423902	Q8WXI9	GATAD2B
-0.1153808574	0.8202823129	Q5T9C2	EEIG1
0.3228197334	0.3055777347	Q9BTE7	DCUN1D5
0.1189748961	0.4277344245	Q9Y291	MRPS33
0.02471280839	0.9042642497	Q8IY22	CMIP
0.3318583538	0.4189681042	Q86XP1	DGKH
0.108914366	0.5162973701	Q9HD42	CHMP1A
0.3049865041	0.2692700843	Q9H0G5	NSRP1
-0.05113041795	0.7430815379	Q9UNA4	POLI
-0.233028266	0.3311958414	P42025	ACTR1B
-0.08147671535	0.7387170497	Q8WY22	BRI3BP
0.2784083357	0.3600386761	O75683	SURF6
-0.1112432328	0.956718236	Q96PD5	PGLYRP2
0.1888393616	0.4380570496	Q96EM0	L3HYPDH
-0.1507845344	0.3308941803	Q9Y2R0	COA3
0.1977975818	0.4006895995	P52739	ZBTB35
0.1317292498	0.4497810563	Q8WXG6	MADD
0.01209906337	0.9729220286	P49815	TSC2
0.07537797813	0.6509629569	Q9GZN1	ACTR6
0.1426392744	0.5084392058	Q9H1A4	ANAPC1
0.05078161637	0.7345431145	Q8N5C6	SRBD1
-0.3853051773	0.3786075949	P01011	SERPINA3
-0.2055173547	0.3197933088	O00418	EEF2K
0.1411068387	0.6166606556	P04637	TP53
0.261932184	0.3770966405	P23470	PTPRG
0.1420752554	0.5129873438	Q6PI48	DARS2
-0.7841946112	0.5447046389	Q9BYV1	AGXT2
0.07259497325	0.6281880356	P49447	CYB561
-0.1057110644	0.7267336976	Q9NX78	TMEM260
-0.6293104751	0.3238728537	O00624	SLC17A2
-0.2721644339	0.3468350781	Q86W74	ANKRD46
0.01457211432	0.9469955474	Q8TAD8	SNIP1
-0.2336543535	0.5929619755	Q9Y5Y6	ST14
0.2997718334	0.2995711164	O00308	WWP2
-0.1026033231	0.549640585	P36894	BMPR1A
-0.007713618086	0.9823987431	Q6ZSS7	MFSD6
0.132737155	0.4366752118	P09661	SNRPA1
-0.02909761627	0.845077233	O60513	B4GALT4
0.1300054776	0.6258088798	Q16206	ENOX2
-0.3872530067	0.2720522052	Q9ULR5	PAIP2B
0.08055598306	0.6002975173	Q9NRR5	UBQLN4
0.07687060016	0.8838943767	P13929	ENO3
0.0261747408	0.9190933632	Q8TAX9	GSDMB
0.1298231567	0.5799264395	Q8IVQ6	ZDHHC21
-0.1139337409	0.5866272839	Q5VTQ0	TTC39B
-0.2655266701	0.6220205039	Q14353	GAMT
0.1265976884	0.5702616535	P07741	APRT
0.09640221165	0.6634356746	O14545	TRAFD1
0.1369331865	0.5041593412	P78368	CSNK1G2
0.2043691993	0.3859458989	P56270	MAZ
0.1564041613	0.4524068223	Q8N0X7	SPART
0.4001437165	0.3524706781	P35318	ADM
0.1557418397	0.5287480291	P11474	ESRRA
-0.1015681985	0.7735298036	Q9UMX3	BOK
-0.3031103997	0.2114604308	Q9Y5S9	RBM8A
0.1883209831	0.5100360261	Q9BXF6	RAB11FIP5
0.03390528813	0.8656771192	Q5W5X9	TTC23
-0.5496198951	0.5191391257	P08473	MME
0.0391051978	0.8631559676	Q8N6T3	ARFGAP1
0.06068195293	0.7742065676	Q7Z3E2	CCDC186
-0.02609406168	0.9457315801	Q9UL18	AGO1
0.1791695713	0.305043378	Q15650	TRIP4
-0.1836952387	0.4198220295	Q9Y5Z9	UBIAD1
-0.2226431238	0.4903158393	Q9NPU4	C14orf132
0.07839158066	0.539685751	O43808	SLC25A17
0.001199773112	0.9955728603	Q9UI30	TRMT112
0.2347695814	0.3661965463	O43765	SGTA
0.1039317605	0.7029314778	Q5C9Z4	NOM1
-0.5135404114	0.1887734921	Q32M88	PGGHG
0.3022794542	0.2775599619	Q92630	DYRK2
0.1602560608	0.3851334969	Q8IWE4	DCUN1D3
0.3563217692	0.3081679296	Q8TDM6	DLG5
0.3255568829	0.2924577354	P52747	ZNF143
0.2093092881	0.4014277303	Q6YHU6	THADA
-0.08190268001	0.589090142	Q9NV31	IMP3
0.2197270701	0.3426300056	O43709	BUD23
-0.1331920499	0.5573465605	P10588	NR2F6
0.240802229	0.4736478745	Q9P258	RCC2
0.07777626722	0.7116016332	Q8NCY6	MSANTD4
-0.1837339427	0.3539578429	O43809	NUDT21
-0.1116665722	0.7603807207	Q9NTN9	SEMA4G
0.02549305949	0.9523941153	Q8TEA1	NSUN6
-0.5366668475	0.236508846	Q8N0X4	CLYBL
0.03025002691	0.8840009063	Q08623	PUDP
0.09156664123	0.5828697508	Q9P0M9	MRPL27
-0.3334774745	0.2620174029	Q9NXA8	SIRT5
0.2303945366	0.4944944903	Q8TED0	UTP15
-0.0003110687248	0.9996450378	Q16875	PFKFB3
0.1375065464	0.5714707061	Q9NQ66	PLCB1
0.07361655484	0.6308025561	Q96IK1	BOD1
-0.08364370251	0.563927665	Q9NVH0	EXD2
0.2179206507	0.3754377103	P16083	NQO2
0.1528673504	0.4299864996	O60353	FZD6
-0.2764151001	0.5638588199	Q9UI08	EVL
0.01608030873	0.9373630604	Q96PY6	NEK1
0.308406615	0.2380259829	Q8NEL9	DDHD1
-0.1034144743	0.6529722965	Q8IXQ4	GPALPP1
-0.1569874781	0.4113286053	Q92729	PTPRU
-0.2993908668	0.3212536073	O15211	RGL2
0.1181864352	0.5564647298	Q16644	MAPKAPK3
-0.09752711782	0.6173200571	Q96BN6	FAM149B1
0.1747492526	0.4443182796	Q8TEH3	DENND1A
0.2455393997	0.3152490618	Q9UKN5	PRDM4
0.09946917325	0.8292441399	P35711	SOX5
-0.2856303251	0.2611332092	Q12999	TSPAN31
0.04423661004	0.9134586315	Q8IYS1	PM20D2
0.01017487198	0.9747393425	Q9Y2S6	TMA7
-0.162265996	0.3796801647	A8MQT2	GOLGA8B
0.01317909425	0.9490545485	Q9H869	YY1AP1
0.08624481284	0.5426820159	Q96EB6	SIRT1
-0.06832926713	0.7215390434	Q9NYB9	ABI2
-0.6334229075	0.2604270401	P13796	LCP1
0.05107856545	0.7832541479	Q8NCC5	SLC37A3
0.1993812902	0.3799294669	Q86UE8	TLK2
-0.5775663075	0.4195797626	Q8WZA2	RAPGEF4
0.2410175417	0.3230623378	Q6UX04	CWC27
0.125376166	0.5109412159	O43156	TTI1
-0.07246958321	0.6708579146	Q9Y4K3	TRAF6
0.2536584783	0.4003662308	Q5T6F2	UBAP2
-0.1246704834	0.5696003208	Q8WW01	TSEN15
0.0821857472	0.7204984876	Q8N2K0	ABHD12
0.2323466547	0.4393424459	B2RTY4	MYO9A
0.08249381902	0.5616350683	Q9Y4P3	TBL2
0.25261648	0.3414358844	O43615	TIMM44
-0.1150947999	0.7044571096	P42126	ECI1
-0.0718232551	0.8671254124	Q330K2	NDUFAF6
0.7359614788	0.2338938326	P17096	HMGA1
0.06332132348	0.8360497009	Q8N8A2	ANKRD44
0.04588564638	0.7724874308	Q14207	NPAT
0.2555201739	0.4182767776	Q01167	FOXK2
0.2610132422	0.2692700843	Q6P3X3	TTC27
0.29838195	0.4102188299	Q9H7F4	TMEM185B
0.1537584592	0.3532430442	P52434	POLR2H
-0.1376279403	0.4551268168	Q13395	TARBP1
-0.3234856795	0.3484639337	Q969F9	HPS3
-0.1744586688	0.4656481344	Q8IXJ6	SIRT2
-0.09532624193	0.6314847115	Q9NX14	NDUFB11
-0.1913871395	0.4373385838	Q8IYS2	KIAA2013
0.0901837183	0.714685021	Q07812	BAX
0.1597271381	0.5540025867	Q5SW79	CEP170
-0.1054708845	0.5295626527	O94868	FCHSD2
-0.1825502936	0.3625980098	Q9UJT0	TUBE1
0.001061289304	0.997485691	Q9BWW4	SSBP3
-0.09357235133	0.6909792342	Q05048	CSTF1
0.2059155509	0.4393424459	Q9Y662	HS3ST3B1
-0.03899262922	0.8201850881	Q6P1L8	MRPL14
-0.5469559022	0.2229482068	Q9UIK4	DAPK2
0.1203059688	0.7682105506	Q9HD43	PTPRH
0.05372788238	0.71256385	P43378	PTPN9
-0.05424581903	0.7776538984	Q14642	INPP5A
0.3675342501	0.2716138434	Q86VM9	ZC3H18
-0.05379898787	0.8977662439	Q8TEC5	SH3RF2
-0.02007061767	0.9231751968	Q96I59	NARS2
-0.02184595227	0.9387340811	Q641Q2	WASHC2A
-0.009587191484	0.9582060567	Q96E09	PABIR1
-0.24582006	0.2622954816	Q15131	CDK10
0.582214437	0.3594165834	Q96S65	CSRNP1
0.1865563221	0.6509629569	Q9NZV5	SELENON
0.1957743597	0.6154638583	P35638	DDIT3
0.127655173	0.4483158953	Q96B26	EXOSC8
-0.1460738509	0.7328271068	P78423	CX3CL1
0.1042826559	0.5830824187	O14657	TOR1B
-0.1784099431	0.3035751783	Q53T59	HS1BP3
0.2043941796	0.3949224914	P43007	SLC1A4
0.1217795727	0.5096212643	Q86U38	NOP9
-0.2514619142	0.3381857214	O43556	SGCE
-0.02842234744	0.9148934546	Q99943	AGPAT1
-0.06876336237	0.8063325386	Q96JA1	LRIG1
-0.3099932115	0.4831807044	Q8TB45	DEPTOR
-0.1461787098	0.4307926527	O15078	CEP290
0.4150887523	0.3537959864	Q9UHV9	PFDN2
0.06358232061	0.7328271068	P53365	ARFIP2
-0.5111265852	0.4225681071	O75747	PIK3C2G
0.4356264822	0.7107491063	Q3SYC2	MOGAT2
0.1826860976	0.3921061151	Q15286	RAB35
0.1203015785	0.4207308411	Q9UHJ3	SFMBT1
0.5011657539	0.2361803301	Q96NW4	ANKRD27
-0.3653431331	0.2842817034	Q96HH6	TMEM19
0.1311115105	0.5136600801	Q86SQ9	DHDDS
0.4516459139	0.3315253342	Q9BTL4	IER2
0.3433854853	0.3851334969	P16989	YBX3
0.03689514188	0.9189054961	Q8IY57	YAF2
-0.2016344674	0.3114647237	Q9H082	RAB33B
0.1760171991	0.3866805541	Q8N3Z6	ZCCHC7
0.01013539953	0.9532904073	Q16626	MEA1
0.1037116868	0.6322406801	Q9NQX3	GPHN
0.1125663868	0.671591416	O15213	WDR46
-0.1643063014	0.7585831287	O43557	TNFSF14
0.3710741711	0.3174483779	Q96RS6	NUDCD1
-0.1658718813	0.6446796652	P23468	PTPRD
0.1993366496	0.3792218483	O15514	POLR2D
0.1528566162	0.3932687716	Q13029	PRDM2
0.1884066865	0.4812161983	Q9Y230	RUVBL2
-0.2498650657	0.338018217	Q9HAJ7	SAP30L
-0.5615025975	0.3708761111	P08729	KRT7
-0.02566580122	0.9100401237	Q9Y3D0	CIAO2B
2.674405041	0.07590617489	P02778	CXCL10
-0.2025692627	0.6053421264	Q9HB40	SCPEP1
0.08104945024	0.6617656404	A4D0T7	SMIM30
-0.08288702452	0.7438396346	P82909	KGD4
0.08505342383	0.5287480291	P49069	CAMLG
-0.1261841257	0.430679136	Q9BSD7	NTPCR
-0.07060852572	0.6862531577	Q5W0Q7	USPL1
0.03885308942	0.8057519626	Q9HCI7	MSL2
0.1405329863	0.512822466	Q9UL54	TAOK2
-0.5564700125	0.3597233804	Q8NFW9	MYRIP
-0.01541994089	0.9246389494	Q6UN15	FIP1L1
0.1309080781	0.3799294669	Q92613	JADE3
-0.2966293327	0.2610595123	Q99942	RNF5
0.1423718029	0.6502659893	Q9H305	CDIP1
-0.06869323574	0.798713941	Q07002	CDK18
-0.1523181754	0.335429016	Q9BV94	EDEM2
-0.8082748301	0.236508846	P00751	CFB
0.2700715618	0.2124809558	Q9NX38	ABITRAM
0.2166065178	0.2692700843	O60346	PHLPP1
0.1527208429	0.3000009959	Q8NA19	L3MBTL4
-0.02937527052	0.9002784441	Q8WTW3	COG1
0.03965898333	0.8944936766	Q8TD16	BICD2
-0.1543408588	0.3212536073	Q8N960	CEP120
0.02894933832	0.8740372895	O75159	SOCS5
-0.002063942664	0.9913621216	Q9NRW4	DUSP22
-0.02247587716	0.9327672177	Q8IZE3	SCYL3
-0.004592613935	0.9820706092	Q3KP31	ZNF791
0.2516433797	0.236508846	Q14738	PPP2R5D
0.1185847773	0.4549292088	Q9H1K0	RBSN
0.2048970267	0.3638799028	Q9BTT4	MED10
-0.08199244105	0.6215179815	Q9P2E5	CHPF2
-0.5796357869	0.2469575	P21802	FGFR2
-0.01941755751	0.9359903365	Q13889	GTF2H3
-0.1438177966	0.4784063933	Q9NRC1	ST7
-0.2480008588	0.2526721579	Q9NNW7	TXNRD2
0.1974596277	0.3055777347	Q9HCN4	GPN1
0.2333300957	0.3491714626	Q96H55	MYO19
0.1249179168	0.534003276	Q96RT8	TUBGCP5
0.2375719005	0.2469575	Q8NEM0	MCPH1
0.1832475959	0.4214128623	O43681	GET3
-0.5683037057	0.2124809558	Q99572	P2RX7
-0.002271580663	0.9939548054	Q8N9Z2	CCDC71L
0.2223200217	0.3459350293	Q9P289	STK26
0.04396226679	0.760934188	Q96NG5	ZNF558
-0.04489789946	0.8529225408	Q9Y253	POLH
0.05688544076	0.8803823538	Q9ULF5	SLC39A10
0.05969270071	0.7289431569	Q07864	POLE
0.002281761731	0.9913621216	Q15059	BRD3
0.3508694629	0.1914704449	Q9UGU5	HMGXB4
-0.05792065524	0.8202823129	O75437	ZNF254
-0.1247618456	0.4816642885	Q9UK41	VPS28
-0.1802223634	0.2835036306	Q8NDX6	ZNF740
0.1063711733	0.5046018337	Q9NUX5	POT1
0.03467438201	0.8702435223	Q9P0P0	RNF181
0.2509784656	0.3454507095	Q9GZR2	REXO4
-0.5434622264	0.2692700843	Q9BUT1	BDH2
-0.01594572622	0.9177400328	Q86YL5	TDRP
-0.7148133765	0.4710359752	Q8IVS8	GLYCTK
0.07441901936	0.7640119422	Q9BZL4	PPP1R12C
0.1411131473	0.4427527779	O60858	TRIM13
0.2063816024	0.2692700843	Q96HV5	TMEM41A
-0.03380048398	0.9074010096	Q9H9G7	AGO3
-0.1411532113	0.7087569565	P13497	BMP1
0.03664931613	0.7971195583	Q9H6V9	LDAH
0.1357964368	0.4003662308	Q9Y399	MRPS2
0.0737065465	0.6322406801	Q9UMS0	NFU1
-0.05990259987	0.8877453201	Q8NG11	TSPAN14
0.6691949558	0.3196021321	Q5JTH9	RRP12
0.2741304703	0.3238728537	Q08AM6	VAC14
-0.05608982947	0.7891435727	Q8IXT5	RBM12B
-0.1258724894	0.6531657847	Q8WXK3	ASB13
0.188787699	0.7666069433	O75916	RGS9
0.1101565881	0.7289431569	Q6ZS17	RIPOR1
0.04046814765	0.7778813834	Q8TBB0	THAP6
-0.2247957341	0.3398508733	Q3BBV0	NBPF1
-0.2206107438	0.3169789726	P82663	MRPS25
-0.08789435616	0.6222179823	Q8TEP8	CEP192
0.2888951531	0.3055777347	O75323	NIPSNAP2
0.2747880582	0.5389028528	Q01196	RUNX1
0.2092459049	0.3406627422	Q15283	RASA2
0.1658017114	0.4524068223	Q12778	FOXO1
-0.06474052774	0.843236839	O00481	BTN3A1
0.3630716409	0.3000009959	Q06203	PPAT
0.07053560383	0.7842911119	Q96MS3	GLT1D1
0.3229784864	0.3069258723	O95202	LETM1
-0.1460286353	0.5152590538	P17050	NAGA
-0.1165893208	0.577637633	Q13480	GAB1
-0.1117371548	0.5665326428	Q495W5	POFUT4
-0.2273590299	0.4271596095	O75164	KDM4A
0.05236084419	0.8207102647	Q9UBC2	EPS15L1
0.1908360031	0.3615298792	Q8TCU4	ALMS1
-0.1631758466	0.4336525809	P55212	CASP6
-0.06069853055	0.7821030802	Q96JJ3	ELMO2
-0.2382806008	0.2762435409	Q9H1A3	METTL9
0.1687320079	0.4524068223	O43913	ORC5
0.3254175829	0.3603180017	Q9UJF2	RASAL2
0.2468319768	0.4190508996	O75132	ZBED4
0.2140363817	0.4780940289	Q8TAA5	GRPEL2
0.2364588471	0.7055281422	Q9NNX1	TUFT1
0.1271201085	0.549640585	Q8TCT6	SPPL3
0.01742493564	0.9367891274	Q5HYK3	COQ5
0.1604760535	0.3443105929	Q52LR7	EPC2
0.2414823925	0.3666769422	Q14106	TOB2
0.15074212	0.6191043798	Q9H6T0	ESRP2
0.1184150761	0.6831064596	Q9P2R6	RERE
0.1341129951	0.6560447618	Q9H0X4	FAM234A
0.3644592131	0.2193521013	P09601	HMOX1
0.1855685446	0.5956917671	P37287	PIGA
0.1710213614	0.3885288238	Q14191	WRN
0.1245378459	0.5043885477	Q12872	SFSWAP
0.2564959132	0.4214128623	Q9NUP7	TRMT13
-0.1396298286	0.4499594196	Q86Z20	CCDC125
-0.007222731771	0.9896679593	O00141	SGK1
0.1376084672	0.8764625686	Q9H013	ADAM19
-0.003088077531	0.9893279816	Q92618	ZNF516
0.1850054119	0.5714707061	Q9NVN8	GNL3L
0.1308173144	0.3468350781	O75569	PRKRA
-0.07978562919	0.7116303923	Q9NQ50	MRPL40
0.231728615	0.4391713114	Q9Y285	FARSA
-0.1977527963	0.320341228	P33316	DUT
0.1087358254	0.4780940289	O95372	LYPLA2
-0.1918393503	0.4718466492	O95859	TSPAN12
0.1996396958	0.4023377655	Q9Y570	PPME1
0.1301260705	0.4014277303	Q9NPG8	ZDHHC4
-0.1692951232	0.4662369018	Q9BZM1	PLA2G12A
0.08519139634	0.6256426153	O95251	KAT7
-0.07041411314	0.7056934456	Q8NHV5	MOSMO
-0.1737819593	0.5466228526	Q9NQX4	MYO5C
0.1556822282	0.454982248	Q5JPI3	C3orf38
0.05042378073	0.8005192604	Q9NZ81	PRR13
-0.2049688534	0.441030798	A0A0U1RRL7	MMP24OS
-0.5271371557	0.1814925525	Q7Z3D6	DGLUCY
-0.05440116825	0.891281205	Q9BXJ8	TMEM120A
0.1339851674	0.5742567199	P29466	CASP1
0.3807920205	0.5714707061	Q01650	SLC7A5
-0.0602723326	0.8639918331	Q9NYT0	PLEK2
-0.2755217888	0.2928019514	Q86U70	LDB1
0.0525378599	0.7685261648	O75391	SPAG7
-0.2682510088	0.2795030993	Q9H8M9	EVA1A
0.4893200748	0.2692700843	P31949	S100A11
0.195096556	0.6829991874	Q8NEA6	GLIS3
0.3322383959	0.3328889623	Q6UB35	MTHFD1L
-0.1063143812	0.4868725134	Q9UJX5	ANAPC4
0.1373836258	0.4338902697	Q8IWY8	ZSCAN29
0.1123890947	0.5084598064	Q3T8J9	GON4L
0.06307990106	0.7546301631	Q9H9Y4	GPN2
0.006602078858	0.9752029424	P23511	NFYA
0.2690836471	0.3055777347	P50613	CDK7
0.2587012173	0.2807286993	Q9H081	MIS12
-0.05366183787	0.7670485221	Q9H4P4	RNF41
0.09946637595	0.5854847447	Q96SB3	PPP1R9B
-0.05942988546	0.8815322755	Q15465	SHH
0.8519305515	0.01978949118	P15559	NQO1
0.1865197132	0.4390005215	Q9H6Y2	WDR55
0.142208464	0.4557933663	Q9H9B1	EHMT1
0.04451889843	0.8585106178	Q6IAA8	LAMTOR1
-0.06283199162	0.7998033717	Q9HD15	SRA1
0.1783699936	0.4862861912	P50454	SERPINH1
0.1371234286	0.3601485488	Q92993	KAT5
0.2201084594	0.3519560275	Q8IY26	PLPP6
0.3330237905	0.2687676563	Q6ZWJ1	STXBP4
0.1784164193	0.40374116	P48553	TRAPPC10
-0.02089630431	0.9450238542	Q9NX20	MRPL16
0.1345750838	0.633412835	Q99961	SH3GL1
0.4633310125	0.2720522052	Q03519	TAP2
-0.23062937	0.3476902585	O15020	SPTBN2
0.1301135926	0.4243697994	Q8N5Y2	MSL3
0.1036701517	0.7090925143	O43823	AKAP8
-0.1142524355	0.6650523692	Q96BN2	TADA1
-0.2331386443	0.4218212398	O60507	TPST1
-0.02222081423	0.8822101728	Q96IZ7	RSRC1
0.05447565407	0.8892855556	O15432	SLC31A2
0.1664237239	0.4306510961	Q9ULI0	ATAD2B
0.2983019305	0.2794161897	P51668	UBE2D1
0.07701825488	0.6220488784	Q8NC56	LEMD2
0.1389436728	0.4067524501	Q9NVS2	MRPS18A
-0.1087392388	0.652992365	Q8N806	UBR7
-0.089073839	0.7264097239	Q9BW62	KATNAL1
0.3444571209	0.2124809558	Q96CB8	INTS12
0.1067147406	0.7960825804	Q9C010	PKIB
-0.05584287873	0.8546480098	Q9BR76	CORO1B
-0.1047072109	0.6687930107	Q8IUQ4	SIAH1
-0.0313147663	0.8879640809	P22415	USF1
0.07543209712	0.6356485458	Q96FW1	OTUB1
0.1461740082	0.3988865278	Q9UGN5	PARP2
0.1765340601	0.4545219898	Q96SZ6	CDK5RAP1
-0.1303300521	0.6498765806	O75191	XYLB
-0.0136271377	0.964311344	Q9Y2M5	KLHL20
0.2151110925	0.3215466516	Q86WX3	RPS19BP1
0.0234900301	0.9045291406	Q15005	SPCS2
0.1802401315	0.3884966969	Q9Y265	RUVBL1
0.1904574982	0.310768673	O15116	LSM1
-0.2240526397	0.335429016	Q8TCA0	LRRC20
0.2442617081	0.3429935116	Q96SK2	TMEM209
0.1548933844	0.5956917671	O94985	CLSTN1
0.05180534581	0.7624970392	Q15723	ELF2
-0.1636048329	0.3840688752	O15062	ZBTB5
0.2510649733	0.2977380734	Q9NTM9	CUTC
0.1776259451	0.467802389	Q9NXS3	KLHL28
-0.1224297126	0.4879073349	Q96C24	SYTL4
-0.002699525238	0.9938102274	Q9UPU7	TBC1D2B
-0.2576210542	0.5708466255	Q63HR2	TNS2
0.1636188661	0.4560697038	Q7Z6J0	SH3RF1
0.3432991741	0.2526721579	Q08174	PCDH1
-0.01975959944	0.9543533877	Q96HH9	GRAMD2B
0.1219297712	0.4474620827	Q13188	STK3
0.2342831476	0.5145148648	Q96RN5	MED15
-0.06691711097	0.6446796652	Q9H9C1	VIPAS39
0.04124285562	0.8752341706	Q9BV73	CEP250
-0.3724217337	0.2620174029	Q969P0	IGSF8
-0.03940798322	0.8734002006	O00746	NME4
-0.2213118727	0.714291985	Q9H4G0	EPB41L1
-0.3223756292	0.5845385789	O95154	AKR7A3
0.1618628011	0.4619973517	Q96F46	IL17RA
-0.02592326804	0.9500368862	Q53GL7	PARP10
0.5095764277	0.2354146	Q8N3J5	PPM1K
0.1881261129	0.3799294669	Q92551	IP6K1
0.4087870041	0.2807286993	Q9Y296	TRAPPC4
-0.1214314049	0.6909496151	Q96KM6	ZNF512B
0.2842525129	0.4628070321	Q96EQ0	SGTB
-0.936696041	0.4032249528	Q6ZVN8	HJV
-0.07793888476	0.8594183473	Q96C86	DCPS
-0.5603621086	0.236508846	P28289	TMOD1
0.04233801556	0.8307834782	Q15831	STK11
0.2270736064	0.2743833929	Q8N7R7	CCNYL1
-0.1316940292	0.6059126343	O60783	MRPS14
0.1010090356	0.588302107	Q96CG3	TIFA
-0.07149722428	0.6474900876	O75123	ZNF623
-0.06524407731	0.6634187134	Q5VWQ0	RSBN1
-0.3039169464	0.3771881541	Q96GK7	FAHD2A
0.1743632888	0.3601485488	Q5SWH9	TMEM69
-0.4225213335	0.3601485488	Q8TF65	GIPC2
0.08514002349	0.72735251	Q6ZN18	AEBP2
0.1261831416	0.4816642885	O95772	STARD3NL
0.1489955115	0.3393255157	Q969T7	NT5C3B
0.07572989976	0.6669581295	Q9C0B7	TANGO6
0.101403	0.6875241104	Q14160	SCRIB
0.2047264118	0.2807286993	O43572	AKAP10
0.076229028	0.6310827797	Q6PII3	CCDC174
-0.08232587859	0.726922398	Q15526	SURF1
-0.5092083736	0.5426097629	Q9NYL5	CYP39A1
-0.253113475	0.6571354661	Q96EQ8	RNF125
0.2653046302	0.2508250888	Q9BYD2	MRPL9
0.06474256516	0.6114002101	Q9H0E9	BRD8
0.3941843866	0.1988741511	Q9Y343	SNX24
-0.06759314975	0.7185026407	Q8IYP9	ZDHHC23
0.02163596811	0.9214564155	Q96GD3	SCMH1
-0.07747286985	0.6799050758	Q71RG4	TMUB2
-0.0008936037597	0.9966322243	Q9H6K4	OPA3
0.1236995295	0.4545219898	O14709	ZNF197
-0.1149764671	0.4044564621	Q9NQ29	LUC7L
0.1718569749	0.5122209848	Q8TEQ6	GEMIN5
-0.1678107733	0.512822466	Q6P6B1	ERICH5
-0.008040614447	0.9729220286	P52738	ZNF140
0.2774489528	0.5807665218	P09603	CSF1
-0.2572242577	0.4231209463	Q14202	ZMYM3
-0.01514946167	0.9469955474	Q8TDN4	CABLES1
-0.05006571326	0.8878284533	Q8WZA9	IRGQ
-0.007122589969	0.9823987431	O43296	ZNF264
0.1014831117	0.6132909284	O00258	GET1
-0.1314832657	0.625435685	Q86UW6	N4BP2
-0.07292471425	0.7511374064	Q9Y4C2	TCAF1
-0.1002066554	0.5749191769	Q02040	AKAP17A
0.2922146208	0.2400082042	Q8N3S3	PHTF2
0.1116317979	0.4819009559	Q9BX74	TM2D1
-0.06700468337	0.6882390917	Q92562	FIG4
-0.06661997945	0.8099425058	O43677	NDUFC1
0.3276166342	0.4032249528	P0C2W1	FBXO45
-0.02745558614	0.9270261598	Q86XA9	HEATR5A
-0.960105498	0.3171386538	Q8NA29	MFSD2A
-0.05765580092	0.7133036265	Q4G0X4	KCTD21
0.1602670364	0.5366333598	P18615	NELFE
0.1639623495	0.4543418095	Q8NHV4	NEDD1
0.1287347988	0.4602211697	Q5JTW2	CEP78
0.1531528977	0.4338902697	Q06547	GABPB1
-0.1503522257	0.5950595041	Q8IVF2	AHNAK2
-0.2451603914	0.2620174029	Q9UKU7	ACAD8
0.08015688285	0.570076155	Q8NHP6	MOSPD2
-0.02163063144	0.9008412797	Q13952	NFYC
0.01076076695	0.9614276016	Q9H7E2	TDRD3
0.06565981635	0.7271695868	Q9P000	COMMD9
-0.1297880636	0.4980041566	Q9H2H8	PPIL3
0.08804565121	0.6170024969	Q96MH6	TMEM68
-0.761665939	0.2190423902	Q13571	LAPTM5
-0.09751107013	0.5782180971	Q9BQ24	ZFYVE21
-0.1391106266	0.4365858031	O95178	NDUFB2
-0.05696996959	0.7553360034	Q9C0C6	CIPC
0.02713224209	0.8704401683	Q9Y6R4	MAP3K4
0.1526672906	0.4318903503	Q8IXX5	TMEM183A
0.009220000327	0.9664867497	Q9HA92	RSAD1
0.09234457084	0.5030287687	Q8N2F6	ARMC10
-0.3528324608	0.3205051174	Q99523	SORT1
0.0280061561	0.972423057	Q9NSA1	FGF21
-0.230933142	0.5167535655	Q8N1S5	SLC39A11
0.0126315556	0.9407924786	Q9BVC5	C2orf49
-0.00472707149	0.9835614718	Q8WUS8	SDR42E1
0.1875960784	0.5251876828	Q9UPM8	AP4E1
0.3790341174	0.3642686816	Q7Z699	SPRED1
0.1181236034	0.6217203778	Q86W50	METTL16
0.06060116729	0.8365930083	O15055	PER2
0.1225964243	0.8086019898	P11831	SRF
0.03551365326	0.8820583786	Q9Y4P1	ATG4B
0.04793758265	0.8365930083	Q8IYI6	EXOC8
-0.02534693215	0.8928122303	Q13098	GPS1
-0.6047336953	0.1835482265	Q16612	NREP
0.3851831738	0.3799294669	Q9P109	GCNT4
0.1184415263	0.6807640038	Q9HAH7	FBRS
-0.01194393422	0.9756125698	Q92730	RND1
0.2206419717	0.3668934301	Q8N961	ABTB2
0.1959873945	0.4354096558	O75448	MED24
0.05859586716	0.7306836759	Q04323	UBXN1
0.06898858146	0.7375623849	Q13416	ORC2
-0.07826965131	0.714291985	Q92851	CASP10
0.2435878314	0.4868725134	Q9UKD2	MRTO4
-0.3678549722	0.3171386538	Q9NZL6	RGL1
0.02384223261	0.956718236	Q2TAZ0	ATG2A
-0.2250062194	0.3616713824	Q86YD1	PTOV1
0.1150885031	0.4792755917	Q96P47	AGAP3
-0.1117905499	0.7961043692	P16284	PECAM1
-0.8093656738	0.3717602005	Q13790	APOF
0.1005225933	0.7714721646	Q9UBZ4	APEX2
0.2296988603	0.4973248385	Q9H6R4	NOL6
0.2928380146	0.2808741936	Q2KHT3	CLEC16A
0.1653292252	0.477976438	Q7Z4Q2	HEATR3
0.008104990122	0.9814914356	Q86WR7	PROSER2
0.1616990308	0.4013034397	Q15031	LARS2
0.001223045719	0.9966674559	Q99550	MPHOSPH9
0.1170645724	0.4430937511	Q92581	SLC9A6
0.2491566573	0.2804131876	O14668	PRRG1
0.195612391	0.4079713498	P09497	CLTB
-0.07508981489	0.8235887946	P20333	TNFRSF1B
-0.1276848255	0.7258615662	Q8NE01	CNNM3
0.1098870646	0.7066911065	Q92908	GATA6
-0.3162833068	0.227595407	P56557	TMEM50B
0.2471209164	0.3035751783	Q14197	MRPL58
0.03183242151	0.8742105572	Q9BW27	NUP85
-0.3533415621	0.6183333094	Q9H1K4	SLC25A18
-0.01108086647	0.958815596	P62487	POLR2G
0.3403512432	0.1814925525	Q92636	NSMAF
-0.1139790714	0.7599090708	Q9BSW7	SYT17
-0.3317031755	0.4486289456	P53602	MVD
0.1635548622	0.5100598587	Q9NR50	EIF2B3
-0.3367742606	0.4955094887	Q8N165	PDIK1L
0.2611934829	0.4141420755	Q969V3	NCLN
-0.5826731049	0.4833680301	P16471	PRLR
0.06733165571	0.7397067338	Q12893	TMEM115
0.1218308464	0.5899660645	Q8NCJ5	SPRYD3
0.0603470406	0.8591322805	Q02505	MUC3A
-0.03425652934	0.9329871479	O75385	ULK1
0.1091518492	0.5812791273	Q96RS0	TGS1
0.1237239121	0.6120909938	O75394	MRPL33
0.1138958416	0.631801275	Q8IWF6	DENND6A
0.07237062537	0.6260041819	Q96GX9	APIP
0.1681565741	0.6168561642	Q9NRA1	PDGFC
0.05462263148	0.8006185406	Q9NXV6	CDKN2AIP
0.06812264023	0.758313677	Q14746	COG2
-0.01450077006	0.9543533877	Q6P9G4	TMEM154
0.5197291216	0.333509849	Q8N3F8	MICALL1
0.07449142026	0.7425093995	O14713	ITGB1BP1
0.3038465905	0.3687489394	Q9NPI0	TMEM138
0.311032551	0.3482371539	Q4VC31	MIX23
-0.149247408	0.5404554164	Q9Y6I9	TEX264
0.1625703303	0.3806327166	Q9BZE2	PUS3
0.2215703822	0.4538210293	Q9BZX2	UCK2
0.2043285275	0.4151647732	P22087	FBL
0.2742212946	0.2526721579	Q15032	R3HDM1
0.04854075885	0.8110522314	Q01433	AMPD2
0.1777642987	0.3230623378	Q9BZ23	PANK2
0.1091540694	0.6186290634	Q13330	MTA1
-0.4363257048	0.233346267	Q7Z5S9	TMEM144
-0.1837362378	0.4557933663	O60443	GSDME
-0.1656710954	0.5107780676	Q86UW7	CADPS2
0.4134583385	0.2692700843	Q8N6M9	ZFAND2A
0.1027635784	0.5458572833	Q8IYD1	GSPT2
-0.2173617177	0.3668633231	Q5U5X0	LYRM7
-0.2249800876	0.585857341	Q53TN4	CYBRD1
-0.07757690601	0.7770419268	P98161	PKD1
-0.03070511924	0.9516512456	P54646	PRKAA2
0.1879072645	0.2707248195	Q9BTU6	PI4K2A
-0.1653047548	0.6645825879	O15304	SIVA1
0.0356353809	0.829176708	Q9Y3Q3	TMED3
-0.001607179414	0.9934485719	P54274	TERF1
-0.1443991594	0.4974893228	P59923	ZNF445
0.1006617611	0.7298643722	Q5SVZ6	ZMYM1
0.2119354944	0.3875415054	Q8WXF1	PSPC1
-0.1224342278	0.5553208316	Q9NW38	FANCL
-0.3043196927	0.2492922357	Q92556	ELMO1
-0.1696894875	0.3735350547	Q8N302	AGGF1
0.1417977744	0.4657748958	Q8WUA4	GTF3C2
0.282736989	0.2469575	P62068	USP46
-0.2279450821	0.2380259829	Q5XKK7	FAM219B
-0.1558433359	0.5230956668	O15151	MDM4
0.1373138086	0.4992975249	Q9Y4Y9	LSM5
0.02718750955	0.8888339138	P78318	IGBP1
0.1060104533	0.5251876828	Q9H6Z4	RANBP3
-0.5941171182	0.4191813874	Q96CM8	ACSF2
-0.1194948707	0.6052476947	Q9NQH7	XPNPEP3
0.3544101955	0.3537959864	Q9NZD2	GLTP
0.1612975672	0.4883032856	Q8WVK2	SNRNP27
-0.05888752693	0.7149548431	Q32P28	P3H1
0.2809470825	0.6170983493	Q9NP50	SINHCAF
-0.02159868727	0.8728497763	Q8NAV1	PRPF38A
0.1681251184	0.4486289456	Q8N6R0	METTL13
0.2489257446	0.4524068223	Q8NHQ8	RASSF8
-0.2464217258	0.3212346127	O95684	CEP43
-0.1998658471	0.4695054472	Q8NDZ4	DIPK2A
0.2682401863	0.4189681042	Q9H7N4	SCAF1
-0.4689097387	0.2492922357	Q9H4F8	SMOC1
0.5836502728	0.2798166138	Q9H8V3	ECT2
-0.1763734267	0.3130859445	Q9NRF8	CTPS2
0.2510548351	0.2797430696	Q96B36	AKT1S1
-0.147879863	0.6391202678	Q5TEA3	DNAAF9
0.170635545	0.3381147057	Q96CM3	RPUSD4
0.06971486253	0.8335518754	Q9NWM8	FKBP14
0.3553307005	0.4277344245	Q5VV67	PPRC1
-0.04476936477	0.8153876665	Q8NB37	GATD1
0.03852573465	0.8684512165	Q5VUB5	FAM171A1
0.5551346333	0.2588842081	P54709	ATP1B3
0.1204078619	0.4127827703	P11441	UBL4A
-0.1391256479	0.6445682749	Q96SQ5	ZNF587
-0.712142819	0.2333695589	A1IGU5	ARHGEF37
0.01633526219	0.9614276016	Q9H2F9	CCDC68
-0.1485043342	0.4923838264	Q6N043	ZNF280D
0.2974765201	0.2355173272	Q7L1T6	CYB5R4
0.1544818228	0.4759913013	P51608	MECP2
-0.4065326024	0.3493031826	Q02297	NRG1
-0.02424500392	0.8824257979	Q9UPS8	ANKRD26
-1.324511778	0.2419844398	Q8NAU1	FNDC5
-0.1316366207	0.5224074537	Q96L93	KIF16B
-0.005679461069	0.9879724798	Q9H175	CSRNP2
0.02728138922	0.9723950392	Q9UJY1	HSPB8
0.2420020037	0.4005936338	P59190	RAB15
-0.5185968352	0.3215466516	Q68CJ6	NUGGC
0.1141591758	0.4963725561	Q8NCE2	MTMR14
4.480696989	0.07736901762	Q53G44	IFI44L
0.009063290634	0.9807410656	O15354	GPR37
0.4116752847	0.3141710427	Q9NRM7	LATS2
0.05744724881	0.7812816551	A5PLN9	TRAPPC13
0.04731056742	0.7770419268	Q9H0V1	TMEM168
0.1480191006	0.5119410783	P57078	RIPK4
0.02720863729	0.9025117711	Q9UJX3	ANAPC7
0.003977136669	0.9868360354	O60645	EXOC3
-0.03344942835	0.8768073451	Q7Z4V5	HDGFL2
-0.3116184516	0.3480777993	Q86VD7	SLC25A42
0.1067356021	0.5661246412	Q9NXE8	CWC25
0.1723136635	0.610200269	Q6ZV73	FGD6
0.2874664121	0.2863233639	Q96DU7	ITPKC
0.2494649786	0.2606799163	Q12800	TFCP2
-0.1404006798	0.4361816712	Q9NZL3	ZNF224
-0.1131015988	0.6620105235	Q9NZ01	TECR
0.1122935969	0.4792755917	Q8WXW3	PIBF1
0.254742388	0.3528601162	Q9H9L3	ISG20L2
0.1890073071	0.3882379906	Q06265	EXOSC9
-0.2630220811	0.6842446421	Q15847	ADIRF
0.1296095745	0.3826812559	P15927	RPA2
-0.07136091804	0.7805698338	Q13488	TCIRG1
-0.4319388014	0.3796801647	Q99835	SMO
0.1333789761	0.428207978	Q9Y5J9	TIMM8B
-0.2974397933	0.4483158953	P16455	MGMT
0.2277913931	0.3114647237	Q9Y426	C2CD2
-0.1775153025	0.4931364574	Q6ZMI0	PPP1R21
-0.04659010746	0.7494513755	Q5VTE6	ANGEL2
-0.0156596253	0.9515355156	P59998	ARPC4
0.3010585741	0.3336326646	Q6P9F7	LRRC8B
0.2361468513	0.2838086303	Q9UKE5	TNIK
0.07437875522	0.6832460282	O60671	RAD1
0.1818978177	0.5270087074	Q9BSB4	ATG101
-0.3367307048	0.3893411329	O00115	DNASE2
-0.04868023442	0.8365930083	Q13563	PKD2
0.3080153037	0.2469575	O60674	JAK2
-0.1150542642	0.517334549	P28702	RXRB
-0.02064696014	0.9214564155	Q149N8	SHPRH
0.2406526914	0.2300930989	Q13472	TOP3A
0.2672327524	0.3930887623	P32320	CDA
0.1673474085	0.4378769245	Q9BVK8	TMEM147
0.2896215877	0.4513349616	Q92828	CORO2A
0.2635735502	0.3844785718	Q3ZCW2	LGALSL
-0.1128772645	0.7871512938	Q9BUP0	EFHD1
0.1020628339	0.5316648998	Q96CW5	TUBGCP3
0.03238458591	0.829176708	Q6IEG0	SNRNP48
-0.2055242611	0.5665326428	Q8NF64	ZMIZ2
0.04543114993	0.8049955686	Q8WWY3	PRPF31
0.4601733153	0.2794161897	Q9H299	SH3BGRL3
0.2817632666	0.2542163572	Q92785	DPF2
-0.04786583173	0.8173029779	O76082	SLC22A5
0.009967388574	0.9727781281	Q03111	MLLT1
-0.3750145515	0.4619980713	Q8NFH8	REPS2
0.1815552718	0.5790119577	Q14469	HES1
-0.0333864886	0.937544359	Q9H706	GAREM1
-0.05971989824	0.8005746697	Q9H477	RBKS
-0.07866104265	0.7738599284	Q9BX70	BTBD2
0.1560878738	0.5914277764	Q9BSK4	FEM1A
-0.1071244902	0.7365563092	P35052	GPC1
-0.05553914152	0.8174331105	O60292	SIPA1L3
0.02692840913	0.91250645	P40426	PBX3
0.411669612	0.2124809558	Q15785	TOMM34
0.4738717544	0.4501217912	O75509	TNFRSF21
0.1151477441	0.6229249859	Q14676	MDC1
0.2395018844	0.2441298371	Q9NWU1	OXSM
0.1014238567	0.588302107	Q96CB9	NSUN4
0.1336903956	0.5521573206	Q86XN7	PROSER1
-0.04379295614	0.874555683	Q86US8	SMG6
-0.06812933745	0.8365930083	Q6P9H4	CNKSR3
0.1141771781	0.7066911065	Q6P4Q7	CNNM4
0.2101381172	0.3796801647	O00399	DCTN6
-0.008016986849	0.9623032513	Q8NG27	PJA1
0.2451088012	0.4450600919	Q5TCZ1	SH3PXD2A
-0.1090138464	0.503353609	Q9NWY4	HPF1
-0.2863363102	0.1997378735	Q8N8Q8	COX18
-0.01203760797	0.9722604938	Q14689	DIP2A
1.929902098	0.08999624649	Q5EBM0	CMPK2
-0.1813762264	0.4018291352	Q8N157	AHI1
0.02933369488	0.9017319069	O15504	NUP42
0.1414018203	0.6848495217	Q9Y6E2	BZW2
-0.07440481841	0.7199120082	Q10570	CPSF1
0.03126680961	0.8314478293	Q6P158	DHX57
-0.2525782368	0.4448340258	O60239	SH3BP5
0.04998635153	0.7435733474	O00124	UBXN8
-0.436144072	0.3015639168	Q96HL8	SH3YL1
0.1655367109	0.3130859445	Q9Y3D5	MRPS18C
-0.6632089935	0.2976256957	Q96LJ7	DHRS1
0.03412794729	0.8836265371	P41162	ETV3
-0.1111347584	0.5649410801	O43708	GSTZ1
0.01948405344	0.910258447	Q96IJ6	GMPPA
0.1122695523	0.5041593412	A2RUC4	TYW5
0.06926780644	0.7107491063	P98175	RBM10
0.02097467562	0.9455691938	P62891	RPL39
-0.1930137787	0.3215639012	Q9NRX4	PHPT1
-0.01746939812	0.9723950392	Q9BRS8	LARP6
-0.2148759683	0.3988135161	Q02978	SLC25A11
-0.5563974734	0.3938159257	Q86WU2	LDHD
-0.2002599944	0.4833445486	Q9BWM7	SFXN3
0.7575763568	0.1814925525	Q8IVG5	SAMD9L
0.1870526166	0.3975408408	Q9C0C7	AMBRA1
-0.0797428971	0.7871512938	Q99418	CYTH2
0.06415959978	0.7945058953	P41240	CSK
-0.1188117512	0.5253388802	Q8N8K9	KIAA1958
-0.2070186273	0.4214128623	Q6P1M3	LLGL2
0.06192156465	0.6993622399	Q9UBW8	COPS7A
0.04938274072	0.7438316827	Q9NU02	ANKEF1
0.107082053	0.4963585879	Q16854	DGUOK
0.3637874511	0.4592320454	P29317	EPHA2
-0.1229746721	0.5740578021	P84085	ARF5
0.3841762269	0.3093847119	Q6NYC8	PPP1R18
-0.1864688323	0.2620174029	P49760	CLK2
-0.06554750741	0.7056934456	Q8WV22	NSMCE1
0.3760263132	0.472857572	Q9P2H3	IFT80
-0.05487969151	0.7782562636	Q9HCK1	ZDBF2
0.4740463956	0.4374959736	Q9ULX9	MAFF
0.1499692309	0.6562687736	P22681	CBL
-0.1794801778	0.349098035	Q92537	SUSD6
0.07509559753	0.8109486411	Q96HP0	DOCK6
-0.01354180336	0.9515355156	Q13901	C1D
0.1276483559	0.4378769245	Q15906	VPS72
0.2672476258	0.2692700843	Q9P031	CCDC59
-0.1847337768	0.3538901881	Q9Y3C0	WASHC3
-0.9232664751	0.3376282639	Q5XXA6	ANO1
-0.1346586349	0.7818204876	Q96E16	SMIM19
0.02635904475	0.9231751968	Q14653	IRF3
0.2230456543	0.4368736734	O75530	EED
-0.1014723016	0.8365930083	Q8IXL6	FAM20C
-0.01279734709	0.9548061875	Q9GZY4	COA1
-0.09453387993	0.5818310457	Q9Y2G2	CARD8
-0.06688764029	0.8077667437	Q15907	RAB11B
-0.1107151847	0.7489694471	Q5D1E8	ZC3H12A
0.09117527207	0.6183333094	Q9NWL6	ASNSD1
-0.1468504316	0.6762710522	P62244	RPS15A
-0.01681196742	0.9691241377	O75525	KHDRBS3
0.4763311702	0.2807617949	Q8N3C7	CLIP4
0.141833544	0.5026905303	O75563	SKAP2
0.04790685485	0.7546833844	Q6PH81	C16orf87
0.1786858173	0.3805255304	Q32P41	TRMT5
0.3032644809	0.370789571	Q6ZMZ0	RNF19B
0.2071240471	0.3667528385	Q8TF68	ZNF384
-0.05218272827	0.8163626798	A8MTZ0	BBIP1
0.1927814839	0.3311147198	Q8TBZ3	WDR20
0.1303074338	0.5561359155	Q9UKF7	PITPNC1
-0.1313550745	0.4975812641	Q96QP1	ALPK1
-0.08064507599	0.6827153298	Q05BQ5	MBTD1
0.00218434409	0.991907869	P20585	MSH3
-0.3275295208	0.3759506916	O95633	FSTL3
0.1613747209	0.610884376	O95347	SMC2
0.09545417146	0.5386868452	Q96FK6	WDR89
0.0840318227	0.6250691466	Q92535	PIGC
-0.2316618158	0.6310827797	P25940	COL5A3
-0.1646730713	0.6885278553	Q13683	ITGA7
-0.03210977935	0.88765738	Q9H7Z3	NRDE2
-0.02023322216	0.9066376663	P53384	NUBP1
0.0405146445	0.812489787	Q9NQ48	LZTFL1
0.3140995496	0.3174483779	Q8TDR2	STK35
0.2209587102	0.4005936338	O00625	PIR
-0.09339342365	0.5968364162	O75154	RAB11FIP3
-0.1102414971	0.5677360881	Q8TDH9	BLOC1S5
-0.08769106334	0.5709020027	Q8N983	MRPL43
0.09427114016	0.7433350496	Q15013	MAD2L1BP
0.1164978826	0.5496526884	Q9H981	ACTR8
0.0975256062	0.6452489712	Q03060	CREM
0.1483310533	0.3840688752	Q8WV92	MITD1
0.1576275284	0.4171546825	O75618	DEDD
-0.05973965877	0.6708579146	Q9NQQ7	SLC35H1
0.4782417763	0.584171032	Q6Q788	APOA5
0.08345157333	0.7406452216	Q07960	ARHGAP1
-0.183380013	0.2842817034	Q9Y4F4	TOGARAM1
0.4701201795	0.2400082042	O60678	PRMT3
0.02125933815	0.9430076577	Q9HA65	TBC1D17
0.1406097573	0.5518462447	Q6NT76	HMBOX1
0.004402267431	0.9823391843	P61218	POLR2F
0.1491110815	0.5625740961	Q6TCH7	PAQR3
-0.2861443425	0.2469575	P54252	ATXN3
0.1639819493	0.5547252453	P50453	SERPINB9
0.004006164313	0.9892329486	Q8TEM1	NUP210
-0.03488374544	0.8584108212	Q969W1	ZDHHC16
0.1596805393	0.5586113322	P48454	PPP3CC
0.02846420616	0.8485858335	Q15047	SETDB1
-0.1315474468	0.4937316929	O43439	CBFA2T2
0.007294366804	0.9665058441	Q53FV1	ORMDL2
-0.7678628038	0.4627528564	P30411	BDKRB2
0.01731416027	0.9337364496	Q1KMD3	HNRNPUL2
0.157117108	0.4819009559	Q9Y5J7	TIMM9
-0.3904739565	0.3806327166	Q5S007	LRRK2
-0.002570585087	0.9903674484	Q9BTC8	MTA3
0.04852157832	0.8090521861	Q8NBP5	SLC67A2
-1.309579315	0.375071548	Q14994	NR1I3
0.3734646751	0.2542163572	Q9NXF1	TEX10
0.1100491811	0.7066911065	O75815	BCAR3
-0.5535965157	0.244104077	Q8N4H0	SPATA6L
-0.0125308099	0.9497312095	Q8WYQ5	DGCR8
0.07773929908	0.6516015144	O75380	NDUFS6
-0.08167749513	0.6720675829	Q9P253	VPS18
0.01001047545	0.9722604938	Q3SXM5	HSDL1
0.0195934464	0.9347206679	Q9Y2X8	UBE2D4
0.1738111489	0.4901896135	Q15642	TRIP10
-0.0231602136	0.896815405	Q2QGD7	ZXDC
0.03753372011	0.8234713013	Q9UBE8	NLK
0.6264516258	0.1678958818	P35555	FBN1
0.002179226266	0.9900716733	Q15544	TAF11
-0.0465323298	0.8173029779	Q14584	ZNF266
0.437836744	0.2765006616	O00220	TNFRSF10A
0.3786402428	0.2576673623	Q9Y3A4	RRP7A
0.2888497377	0.3493031826	Q99547	MPHOSPH6
0.07540082013	0.7055281422	Q8WYB5	KAT6B
-0.1416310345	0.901695735	O43704	SULT1B1
-0.3671814682	0.3667528385	Q02083	NAAA
0.1737237649	0.5096212643	P49770	EIF2B2
-0.01910459895	0.9206636676	Q9HAY2	MAGEF1
-0.2973609753	0.3307171157	Q14894	CRYM
0.1687078099	0.4764255305	Q9NRL3	STRN4
0.475626704	0.2361803301	P56182	RRP1
0.06375229221	0.6545368029	P49959	MRE11
0.3726827242	0.4676110284	Q7Z6B7	SRGAP1
0.2281867268	0.3406627422	Q9Y3D8	AK6
-0.1393817163	0.5734985885	O60936	NOL3
0.172739282	0.4032249528	Q96E39	RBMXL1
-0.09428268547	0.7270818495	Q99683	MAP3K5
0.06782333916	0.7993593057	Q6NUT3	MFSD12
0.1691025607	0.5665024621	Q86V21	AACS
-0.03660373272	0.8432920896	Q9Y483	MTF2
0.04704611199	0.8174331105	Q5SW96	LDLRAP1
0.09216673214	0.6296913991	Q8NBI2	CYB561A3
0.08971852183	0.6728799931	Q96H20	SNF8
0.03882298248	0.886803322	O14772	FPGT
-0.08037832611	0.6990848742	Q9BXW6	OSBPL1A
-0.1564372198	0.4067524501	Q99797	MIPEP
-0.262283114	0.3728768162	Q96ED9	HOOK2
0.08055308418	0.757085645	Q8IVB5	LIX1L
-0.5148438122	0.4306510961	Q9UKZ4	TENM1
0.09400124926	0.783296576	P29590	PML
0.03537809916	0.9073135728	Q15349	RPS6KA2
0.2119365305	0.4745288355	Q15155	NOMO1
0.003815134226	0.9892176349	Q8WUA7	TBC1D22A
0.1711947325	0.4942179522	P62308	SNRPG
-0.3666611401	0.2685983266	P49753	ACOT2
-0.1236600189	0.6006272576	Q86WW8	COA5
-0.01883645666	0.9661686489	Q9UL19	PLAAT4
0.1401170738	0.3468350781	Q96AJ9	VTI1A
0.05801790575	0.8488352511	P78543	BTG2
0.1193051403	0.7425033175	P78509	RELN
0.05762840468	0.7098225225	Q8IWX8	CHERP
0.2727153753	0.3526129591	O43290	SART1
0.083152309	0.7762918924	P54277	PMS1
0.1193387948	0.5136472605	Q9NQ92	COPRS
-0.1510714699	0.3975408408	Q8WVJ2	NUDCD2
0.2620517341	0.5694167293	P24593	IGFBP5
-0.2408736094	0.2726388621	P59780	AP3S2
-0.1406159662	0.468589701	Q96K30	RITA1
-0.08896171116	0.786078572	Q2YD98	UVSSA
0.04805802136	0.7482600569	Q6GYQ0	RALGAPA1
-0.4754514531	0.2716138434	O14682	ENC1
0.06296033602	0.7588811826	Q5M7Z0	RNFT1
0.191835376	0.4505139968	Q9NXE4	SMPD4
0.2305395439	0.3834351496	Q9BUT9	MCRIP2
-0.02989360421	0.8501044036	Q99504	EYA3
0.1815813325	0.3564879757	Q8TF20	ZNF721
0.1116454581	0.512822466	Q5H9S7	DCAF17
0.02189199038	0.9158536729	Q9BQE9	BCL7B
0.4276612745	0.3130859445	Q8NCG7	DAGLB
0.1008051843	0.6302594634	Q9NW81	DMAC2
-0.198806236	0.2971028184	Q9Y6A1	POMT1
0.005775008588	0.9729220286	Q9BSJ5	MTNAP1
-0.008433394918	0.9672040645	Q5T7V8	GORAB
-0.2165707225	0.4150079861	Q7Z7M0	MEGF8
0.03848177505	0.8521261275	Q9Y4E6	WDR7
0.1410090916	0.3485764298	Q9NQG1	MANBAL
-0.4417391355	0.4859326728	O43903	GAS2
0.05862551486	0.8099425058	Q5TA45	INTS11
-0.6286226339	0.2045207476	Q8IV45	UNC5CL
-0.02645517991	0.9314331516	Q9UKA9	PTBP2
0.00637415421	0.9826230226	Q68D51	DENND2C
0.08642734509	0.6798744846	Q9Y487	ATP6V0A2
0.08394122231	0.7035460425	Q16842	ST3GAL2
0.2387328496	0.3708761111	Q8IY63	AMOTL1
-0.7614415065	0.4032249528	Q16661	GUCA2B
0.07890506681	0.6446796652	P43246	MSH2
-0.02576569293	0.9443467788	P56385	ATP5ME
0.01491769362	0.9674139303	Q5T0F9	CC2D1B
-0.09440899827	0.6847155425	P28676	GCA
0.0997551499	0.650660635	Q9Y2G5	POFUT2
-0.2588444995	0.2807286993	O14524	NEMP1
-0.3687634741	0.2229482068	Q8N755	SLC66A3
0.234090029	0.3691795876	Q9H5K3	POMK
0.6189285575	0.487299907	Q6NT55	CYP4F22
0.2374769378	0.3623994705	Q96DI7	SNRNP40
-1.03313021	0.3378890142	Q8IVM8	SLC22A9
0.3978370605	0.2976047512	Q6P1M0	SLC27A4
-0.06013777779	0.7483198982	Q9H1J1	UPF3A
0.1277698194	0.8026098458	Q5VTJ3	KLHDC7A
-0.1281508667	0.4707588937	Q9H0V9	LMAN2L
0.6609023341	0.07703057608	Q8N8J7	FAM241A
0.09919424381	0.647842799	Q6P3W2	DNAJC24
-0.1058727433	0.6441542212	P39210	MPV17
-0.3309371875	0.4716908987	P16870	CPE
0.1425751946	0.6220488784	Q7L0R7	RNF44
0.1135311476	0.7073789105	O43781	DYRK3
0.1314544796	0.6599980204	Q5TC63	GRTP1
-0.0657955451	0.6855905835	Q5BJF6	ODF2
0.08831960955	0.7345653773	Q6P1N0	CC2D1A
-0.4122575445	0.2333695589	Q2QL34	MPV17L
-0.05213407123	0.8693993839	Q9BXF3	CECR2
0.2275841927	0.3893411329	Q96QG7	MTMR9
0.09229650615	0.5295458127	Q14331	FRG1
0.1825532688	0.4581055448	Q92733	PRCC
-0.01228252606	0.9664622157	Q96DA6	DNAJC19
0.03690272174	0.9106788261	P05496	ATP5MC1
-0.1516914124	0.4378769245	Q8TEA7	TBCK
-0.36785712	0.268302856	Q5U623	ATF7IP2
0.03201800266	0.8999363253	P32856	STX2
0.04844126113	0.8164693454	P98173	FAM3A
-0.8515910119	0.3235293759	Q9UF12	PRODH2
0.2967648428	0.430679136	Q96PZ0	PUS7
-0.03614756184	0.8491233974	Q7Z6M4	MTERF4
0.05038330101	0.877827738	Q8WWW0	RASSF5
-0.015233688	0.9423904312	Q96S16	JMJD8
0.05637616823	0.8634028111	Q562E7	WDR81
-0.305519573	0.4961382561	P35626	GRK3
-0.01388955668	0.9893279816	O95841	ANGPTL1
0.01415059237	0.9407924786	Q8IY31	IFT20
-0.01953247803	0.9367891274	Q9Y2K5	R3HDM2
0.1830593027	0.3535084024	Q9P246	STIM2
-0.3035701496	0.2380259829	Q2NKJ3	CTC1
0.06279593309	0.7068720698	Q14442	PIGH
0.0006841186752	0.9974658118	P49593	PPM1F
0.1776404995	0.473418867	Q9P1Y5	CAMSAP3
0.0678565503	0.8431822178	Q9H3S7	PTPN23
-0.4370333944	0.2242715681	Q9HA82	CERS4
0.2613507638	0.2716138434	Q9BZI7	UPF3B
-0.02914898221	0.9135472786	Q13158	FADD
0.1755822996	0.3919163878	Q8NFH5	NUP35
-0.074106523	0.7003520473	Q8WV44	TRIM41
-0.09546336692	0.6583561629	Q9Y6G5	COMMD10
0.1741171279	0.5466228526	Q9NWK9	ZNHIT6
0.1677444836	0.4113777887	O14733	MAP2K7
0.6181706325	0.2355173272	P16403	H1-2
0.3219914829	0.2380259829	Q8TBK6	ZCCHC10
-0.01057505731	0.9643706037	Q9NWT8	AURKAIP1
-0.3091864202	0.1814925525	O75056	SDC3
0.007598578106	0.971098935	Q86T82	USP37
0.09754768739	0.5365976205	O14828	SCAMP3
0.1511610954	0.5720848908	P54259	ATN1
-0.3795776514	0.3594165834	P22607	FGFR3
0.4205428978	0.4371269328	Q9Y3C1	NOP16
0.1781401351	0.3519560275	Q92889	ERCC4
-0.1133204212	0.5888954305	Q8NBZ0	INO80E
-0.09022665451	0.8671254124	P55318	FOXA3
0.007966595866	0.9668046938	Q9BTM9	URM1
-0.03806561584	0.935199133	Q8N6D5	ANKRD29
-0.4537273532	0.236508846	Q6JQN1	ACAD10
-0.006815150515	0.9724283523	O60347	TBC1D12
-0.02577042258	0.9307394976	Q9HAU8	RNPEPL1
-0.2210773764	0.310431375	Q9Y2Q5	LAMTOR2
0.1766202727	0.5108583041	Q9UG56	PISD
0.1592698558	0.3114647237	Q9Y5Q8	GTF3C5
-0.1171172789	0.717001591	Q9P241	ATP10D
0.2130083652	0.4815495104	Q9Y4B4	RAD54L2
-0.1388873521	0.5872829427	Q7L8J4	SH3BP5L
0.2245713222	0.2798166138	P78346	RPP30
0.1602851209	0.5761121682	Q9NX08	COMMD8
0.01686263566	0.9583346739	Q14814	MEF2D
0.1483804201	0.4540457894	Q8WXA3	RUFY2
0.1191062216	0.4819009559	Q7L622	G2E3
0.2695926964	0.4044045173	Q00613	HSF1
-0.03206254585	0.8958472511	Q6NT16	SLC18B1
-0.2484668399	0.4560697038	Q96QF0	RAB3IP
-0.08073033846	0.7425726801	Q5RKV6	EXOSC6
0.1116211742	0.5478397146	Q86TJ2	TADA2B
0.04786497009	0.8602404197	Q9Y6J0	CABIN1
0.1121163488	0.6402612998	O43521	BCL2L11
0.30800346	0.2995711164	Q9NY33	DPP3
0.1176969363	0.4879073349	Q7Z7H8	MRPL10
0.05589289243	0.7343825161	Q8WVT3	TRAPPC12
-0.03317514425	0.9242903132	P80192	MAP3K9
-0.09413063964	0.5671965404	Q9NWS0	PIH1D1
-0.1266171057	0.550926845	Q9BW92	TARS2
-0.02694599811	0.8780468239	Q9Y6Y1	CAMTA1
-0.1844778844	0.3115243887	Q86UA6	RPAIN
0.2109142475	0.6199466782	P27708	CAD
-0.3691473441	0.4819009559	Q9H9R9	DBNDD1
0.04072022575	0.9450238542	Q96PC2	IP6K3
0.1673581553	0.6770979957	Q9Y519	TMEM184B
0.07096036379	0.8836120777	P49716	CEBPD
0.1317716783	0.6532569044	Q6UUV7	CRTC3
0.3769799837	0.3667528385	Q5TEC3	ZNF697
0.01644746175	0.9314551533	Q9BX40	LSM14B
0.08645952169	0.69685706	Q9BWT3	PAPOLG
0.1213119378	0.5418350315	Q8N3D4	EHBP1L1
-0.08642744776	0.6841454979	P51553	IDH3G
0.1392305598	0.4209868667	Q6PI26	SHQ1
0.2326488815	0.2441298371	Q99551	MTERF1
-0.1959505676	0.2796656132	Q5T4D3	TMTC4
0.05703036476	0.8936894032	Q96AY4	TTC28
0.1624417165	0.4410890532	Q5W0B1	OBI1
-0.346887013	0.4218212398	Q8NC06	ACBD4
-0.08312662203	0.723786827	P19174	PLCG1
-0.6279813818	0.2976047512	P0DP58	LYNX1
-0.09649443986	0.6961319784	Q9UM11	FZR1
-0.1445455056	0.5055386221	C9J7I0	UMAD1
0.08385454024	0.5521573206	Q53H12	AGK
-0.07007855651	0.589090142	Q9HCG1	ZNF160
0.07151585229	0.8594183473	P43694	GATA4
-0.2897118458	0.3027741584	O75438	NDUFB1
0.005737549532	0.9768620714	Q5T1C6	THEM4
-0.3185240301	0.2370945756	Q5T8I3	EEIG2
-0.2165149633	0.4951036976	Q9NS18	GLRX2
-0.1848241618	0.5473257722	O14807	MRAS
-0.01443070403	0.9436684036	Q9H672	ASB7
-0.2523256269	0.5450377923	Q9UQL6	HDAC5
-0.06672390981	0.8219323358	P17544	ATF7
0.2475794839	0.3916404765	Q5SY16	NOL9
-0.06451029027	0.7714604573	Q8IYQ7	THNSL1
-0.02716892612	0.8641308815	Q6ZN54	DEF8
0.009723400868	0.9785696364	Q9NXF7	DCAF16
0.2050148959	0.3176121796	Q9BSQ5	CCM2
0.02248060722	0.9058658296	Q1MSJ5	CSPP1
-0.2496619788	0.291187636	Q9Y3D2	MSRB2
0.3004650216	0.2794161897	Q6P1N9	TATDN1
0.08473283932	0.668428769	Q9UNZ5	C19orf53
0.14443125	0.5370956933	Q5T6L9	ERMARD
-0.007121550437	0.9878597493	Q02127	DHODH
-0.01239057289	0.9543533877	Q9UI95	MAD2L2
-0.2877139142	0.4948813734	Q14582	MXD4
-0.1535612501	0.4674828775	Q9BQF6	SENP7
-0.215618194	0.4244081145	Q9Y6F1	PARP3
0.1779845792	0.4676110284	Q9BZL6	PRKD2
0.2554729854	0.3932687716	Q16549	PCSK7
0.3185160982	0.3859830984	Q8IWC1	MAP7D3
0.1789579008	0.5256633915	Q9NX24	NHP2
0.268633428	0.349886707	Q8N122	RPTOR
-0.06917664743	0.5926152412	Q9H269	VPS16
-0.04506439899	0.7765433033	Q96AT1	KIAA1143
0.4214184366	0.5389028528	Q8IZJ1	UNC5B
-0.1190931802	0.4248873488	Q9NRG9	AAAS
-0.1213533902	0.5289472993	P40425	PBX2
-0.098996884	0.7947435202	Q9NXC2	GFOD1
0.3946476541	0.2558732742	Q96C90	PPP1R14B
0.07179276561	0.742475128	Q3MIT2	PUS10
0.3038563141	0.2045207476	P58876	H2BC5
-0.07433080718	0.6789669206	Q9H920	RNF121
0.2597211234	0.2604270401	Q9Y2L8	ZKSCAN5
-0.3093280013	0.2610595123	Q9H8J5	MANSC1
0.1418411852	0.4341241662	Q8WY91	THAP4
-0.1003971492	0.4928758417	Q9NPB0	SAYSD1
0.2993615891	0.3666769422	Q9HCJ5	ZSWIM6
-0.124394121	0.731385539	O00515	LAD1
0.2305615525	0.3130859445	Q92585	MAML1
-0.1909569458	0.9014039725	O15296	ALOX15B
0.1356654164	0.4822130397	O75529	TAF5L
0.4440957173	0.5521573206	P13611	VCAN
-0.4923796398	0.3825845681	Q9HBJ8	CLTRN
-0.1411315936	0.4643659928	Q9BZ72	PITPNM2
0.4860318368	0.3152490618	Q8ND90	PNMA1
0.06534774626	0.7056934456	O43159	RRP8
0.1582781807	0.6962360108	Q9Y576	ASB1
-0.1769956396	0.4984138589	Q99941	ATF6B
-0.652236504	0.3035751783	A0A1B0GTU2	CTXND1
0.1308185407	0.5914277764	Q92685	ALG3
-0.2518864216	0.4662923129	Q12767	TMEM94
0.1176737227	0.4560697038	Q8N5G0	SMIM20
0.3181036278	0.258253828	Q3KQU3	MAP7D1
-0.05772498626	0.8594183473	Q9UHQ7	TCEAL9
-0.4743863743	0.1914704449	O43147	SGSM2
0.4033715227	0.6446796652	P13164	IFITM1
-0.3817491605	0.467996868	Q16527	CSRP2
-0.1347706535	0.4979859463	Q8WVS4	DYNC2I1
-0.1825242765	0.3598561474	Q9BSI4	TINF2
-0.2774590617	0.2884257604	Q13825	AUH
0.1701181844	0.3687489394	P07738	BPGM
0.4311731451	0.1696930209	Q9NRG0	CHRAC1
-0.2366823332	0.2945763874	Q9P0W2	HMG20B
-0.03871811031	0.8329960563	Q8ND83	SLAIN1
0.682923559	0.2620174029	P28300	LOX
-0.09766972357	0.6504929848	Q6ZYL4	GTF2H5
0.1573815589	0.6352058217	Q9NYR9	NKIRAS2
0.3186261185	0.2590694167	Q9Y4X0	AMMECR1
-0.1577715806	0.5945911737	O00244	ATOX1
-0.2091092077	0.2620174029	Q96HN2	AHCYL2
0.204798212	0.6742402935	P04083	ANXA1
-0.7120884044	0.3389735085	O15165	LDLRAD4
-0.4354486341	0.3497092173	Q9NYQ6	CELSR1
-0.2742483306	0.5638588199	Q15399	TLR1
0.05451528652	0.8888061934	Q9UJ68	MSRA
0.3222606906	0.3399755585	Q92503	SEC14L1
0.2019985829	0.239936602	O60828	PQBP1
-0.09927558382	0.7613445728	Q70CQ3	USP30
0.3187435987	0.4618398499	Q9BQG0	MYBBP1A
0.1507613572	0.3644680737	Q96EZ8	MCRS1
-0.3166594084	0.4032681406	P08235	NR3C2
0.1286820629	0.468479555	Q6P1M9	ARMCX5
-0.1925921469	0.3616713824	Q8NBA8	DTWD2
0.1404549014	0.4841822062	P06746	POLB
-0.0867394629	0.7932657283	Q9NUI1	DECR2
0.03637751579	0.9014039725	Q8IZL8	PELP1
0.1468386833	0.3811428824	P61326	MAGOH
-0.1626614519	0.4937316929	Q9UPI3	FLVCR2
0.2350475735	0.4189681042	O95785	WIZ
0.1854204382	0.3761742166	Q9NWZ3	IRAK4
-0.252209877	0.2899271594	Q96IG2	FBXL20
0.2318314595	0.2807617949	Q7KYR7	BTN2A1
0.02580795984	0.9105040408	Q96SZ5	ADO
-0.2422197584	0.567086672	Q96DN2	VWCE
-0.8336906275	0.2335550234	P09529	INHBB
0.04978125631	0.8648575851	Q9P0P8	MTRES1
0.4527623291	0.2380259829	Q86SR1	GALNT10
-0.3765603296	0.678344815	Q53FZ2	ACSM3
0.2300535879	0.4422387134	Q9HCP0	CSNK1G1
-0.08205800965	0.8202823129	Q03188	CENPC
0.2002109789	0.4005197218	Q06190	PPP2R3A
0.1006220362	0.5308099718	Q9C0D2	CEP295
-0.0930758231	0.5694167293	Q8IXI1	RHOT2
0.07976772663	0.7248617377	Q9BVC6	TMEM109
-0.0007169568805	0.9978035341	Q9H0H0	INTS2
-0.05019619625	0.7877774097	Q6UWE0	LRSAM1
-0.06389265628	0.6488203088	Q9Y6J8	STYXL1
0.3120160704	0.1084646823	Q96LR5	UBE2E2
-0.2957151233	0.479614333	Q9BY71	LRRC3
-0.1974379145	0.3485779074	Q14296	FASTK
-0.1451305693	0.5536114464	Q9Y547	IFT25
0.3349190952	0.2762435409	Q8N2K1	UBE2J2
-1.193866456	0.550926845	Q96N76	UROC1
0.1356565414	0.5618251457	Q7KZI7	MARK2
-0.180151822	0.467996868	Q9BV36	MLPH
-0.03599898701	0.9105040408	O14894	TM4SF5
0.07051649558	0.6606819803	P82930	MRPS34
-0.3556551338	0.3493031826	O00534	VWA5A
0.04403770367	0.915970523	P51797	CLCN6
-0.01940700242	0.9264342785	Q9BY12	SCAPER
-0.1727181858	0.4270684237	Q8N392	ARHGAP18
-0.2587287006	0.5759585825	B1AKI9	ISM1
0.2168954616	0.4578956429	Q96M94	KLHL15
-0.06465229786	0.8689606342	P12074	COX6A1
0.4574035971	0.236508846	P61081	UBE2M
0.1661731382	0.3585750932	P62380	TBPL1
-0.1102096035	0.7040872647	Q9Y2Y6	TMEM98
0.03468264081	0.9200520038	O00562	PITPNM1
-0.1069513325	0.6299866349	Q9NSD4	ZNF275
0.07075507074	0.6449256371	Q8TC44	POC1B
0.1498030686	0.5989281426	Q9Y2P8	RCL1
0.2085469939	0.4948813734	Q96AP4	ZUP1
0.02946522316	0.8958472511	Q9H2C2	ARV1
-0.1289872656	0.4819009559	Q8IV61	RASGRP3
-0.002492120181	0.9892176349	Q96PE3	INPP4A
-0.2247054262	0.2794161897	O94819	KBTBD11
0.3375568107	0.3060703674	Q8NEF9	SRFBP1
-0.07093179993	0.7328271068	Q96BP2	CHCHD1
0.06624058025	0.7022382462	O60909	B4GALT2
0.2048973588	0.5774980564	Q9UNQ0	ABCG2
-0.0483621867	0.8879851479	Q53H76	PLA1A
0.2591451141	0.6606819803	Q14573	ITPR3
0.2118206325	0.4083120315	Q14765	STAT4
0.001391499649	0.9939548054	Q14849	STARD3
0.1790312918	0.3977232101	Q9NQ89	FERRY3
-0.2134862228	0.3519697879	Q8N660	NBPF15
-0.2269248528	0.3055777347	Q96P50	ACAP3
0.2343047809	0.3279489729	Q9H0E3	SAP130
0.05145360335	0.8090521861	P46736	BRCC3
0.3146870343	0.2720522052	Q6RFH5	WDR74
0.05884154551	0.757085645	Q9Y3C4	TPRKB
0.01373084022	0.9711226961	Q8WWK9	CKAP2
-0.5294697152	0.2124809558	Q8N4M1	SLC44A3
-0.01178468451	0.9521716641	Q13084	MRPL28
-0.1074828628	0.7755976765	Q16651	PRSS8
-0.08669039319	0.779533709	P41208	CETN2
-0.02215370863	0.9058392011	Q8TAM2	TTC8
-0.4424524054	0.3212346127	O00754	MAN2B1
0.06908248439	0.7461695213	Q9BRT2	UQCC2
-0.04474637971	0.8282173844	Q9UJY5	GGA1
-0.05530468329	0.7966486677	Q9BVV6	KIAA0586
-0.01063403538	0.9771772317	Q9GZT9	EGLN1
0.2190349765	0.2229482068	Q5T5C0	STXBP5
0.04823288673	0.78509598	P0C7P0	CISD3
0.130686828	0.6157553087	Q6ZVM7	TOM1L2
-0.06010606263	0.8798111135	Q9Y2G9	SBNO2
0.1234052902	0.4868725134	P55347	PKNOX1
-0.1537254161	0.4985511892	Q9BSL1	UBAC1
-0.02494000796	0.9063527984	Q86T29	ZNF605
-0.0217924639	0.8971828893	P27037	ACVR2A
0.7470626608	0.2807286993	Q68D85	NCR3LG1
0.2632329408	0.1814925525	O95352	ATG7
0.4485814527	0.2026004258	Q8NE35	CPEB3
1.076506188	0.1762010505	Q16690	DUSP5
-0.2356732095	0.3350012755	Q8TBP6	SLC25A40
-0.01545659833	0.9457235361	Q15916	ZBTB6
-0.04585218036	0.8850094045	O75192	PEX11A
-0.5163385618	0.3035751783	Q9Y2I6	NINL
0.28167408	0.3562306873	Q9NQS1	AVEN
0.1157563036	0.4996229822	P48426	PIP4K2A
0.1052075964	0.5792565298	O60870	KIN
0.07712477904	0.7993593057	Q9NUE0	ZDHHC18
-0.2184129522	0.4218212398	Q9BXC9	BBS2
0.08241220454	0.8545433876	Q9Y6M7	SLC4A7
0.3054551387	0.4214128623	O00716	E2F3
0.1202655311	0.5709020027	Q96IZ6	METTL2A
0.2874165989	0.1511804739	P24941	CDK2
0.08380826174	0.7484109844	Q5T7W0	ZNF618
-0.143480498	0.4676110284	Q8TF47	ZFP90
0.06187813274	0.8215912748	O00221	NFKBIE
0.2300978201	0.4089920785	Q14679	TTLL4
0.01661503667	0.9451355579	Q9H490	PIGU
0.2483785379	0.4214128623	Q9GZT3	SLIRP
0.2328077243	0.335429016	Q9BRT6	LLPH
0.1297337802	0.6081102259	Q9BY32	ITPA
-0.03799362744	0.8329960563	Q8IV38	ANKMY2
-0.3045515222	0.3311147198	O43488	AKR7A2
-0.1404792812	0.539685751	Q9H2L4	TMEM60
0.04208373139	0.7826202779	P07992	ERCC1
0.1913544383	0.3601485488	Q9BRU9	UTP23
0.1126417288	0.4619331537	P51148	RAB5C
-0.1623222278	0.479614333	Q86V71	ZNF429
0.01061410649	0.963846698	P51815	ZNF75D
-0.2409184612	0.3400319094	Q8N5I4	DHRSX
0.1163948694	0.6864289844	Q9UPP1	PHF8
-0.1795066894	0.4773419181	Q8N612	FHIP1B
-0.07908640762	0.7328271068	P78560	CRADD
-0.3125200922	0.5387511577	Q8WVP5	TNFAIP8L1
-1.328545132	0.3806120661	P08519	LPA
-0.3351892555	0.6197720725	Q9NR83	SLC2A4RG
0.2485623167	0.4386166868	Q9ULV3	CIZ1
-0.1246716984	0.4359236448	Q6IMN6	CAPRIN2
-0.06315192745	0.7916034629	Q96FT9	IFT43
-0.1798820469	0.5086446704	O15230	LAMA5
0.2209611439	0.3093472982	Q96JX3	SERAC1
0.3439982285	0.325848368	Q9UNQ2	DIMT1
0.04930600971	0.7667766067	O43566	RGS14
-0.06948293456	0.7919101513	Q9Y383	LUC7L2
-0.1926682793	0.3675747557	Q86UB2	BIVM
0.1004071652	0.6165134508	Q9Y4G6	TLN2
0.4670360853	0.1004780744	P37231	PPARG
0.6408216192	0.2229482068	Q53EU6	GPAT3
0.01668622554	0.9452064635	Q969E8	TSR2
-0.3049837481	0.1914704449	Q9NRF2	SH2B1
0.1563579746	0.5694167293	Q96S44	TP53RK
-0.1891651585	0.3568490141	Q9UEG4	ZNF629
0.1051241748	0.6999936276	Q9HBH5	RDH14
-0.3944844898	0.2395165404	Q8N8I0	SAMD12
-0.1009976803	0.6720752363	Q9UBF2	COPG2
0.1873624909	0.6898018848	O15054	KDM6B
0.1503270351	0.5348642459	Q96EY4	TMA16
0.04893973212	0.8017078327	Q96QT6	PHF12
0.005998710873	0.9752029424	Q9BRP8	PYM1
0.2642485396	0.2395165404	P07942	LAMB1
0.1307065327	0.6170983493	Q9NVV9	THAP1
0.06716506402	0.7455545864	Q8N8Z6	DCBLD1
0.1220314615	0.5100360261	Q9HAU4	SMURF2
0.1848283606	0.2994599249	Q9NX01	TXNL4B
-0.2260670998	0.4416414159	Q49AM1	MTERF2
0.0449976192	0.7917831495	Q8N8D1	PDCD7
-0.3210483044	0.6678799922	P42830	CXCL5
0.05570126899	0.8201871823	Q9NZ52	GGA3
0.2914021088	0.7569520924	Q86WB7	UNC93A
0.0720241712	0.6496230514	Q96N20	ZNF75A
0.003421517897	0.9908048973	Q9NZB8	MOCS1
-0.03630013325	0.8485858335	Q9BYG5	PARD6B
-0.05287797859	0.8762008747	Q9Y274	ST3GAL6
0.1800584149	0.3953883092	Q6MZP7	LIN54
0.2013681332	0.2671848528	Q8N3X6	LCORL
0.127692633	0.3882379906	Q7L592	NDUFAF7
0.2143140619	0.2685983266	Q9H9L4	KANSL2
1.192389298	0.09541577972	P12111	COL6A3
0.1976799878	0.3176121796	Q9H3H1	TRIT1
0.06313397096	0.7101210897	Q99426	TBCB
0.1163254167	0.5124995821	Q8ND04	SMG8
0.04884526179	0.8794627982	Q9Y2F9	BTBD3
-0.2233029886	0.4746153247	Q6NVV3	NIPAL1
-0.04960663252	0.77918497	Q9BXW7	HDHD5
-0.4218483318	0.3209388059	Q9H190	SDCBP2
-0.2530551561	0.3627367632	A1XBS5	CIBAR1
-0.1821749406	0.475704266	O43678	NDUFA2
0.1056141037	0.6911215506	Q9BW61	DDA1
-0.1055030843	0.7529720001	Q8WUF8	ARB2A
0.1619215966	0.4280935472	O76064	RNF8
-0.2047016699	0.3901606235	O96011	PEX11B
0.2883930995	0.2510049807	Q9P0K8	FOXJ2
0.3353855303	0.2124809558	Q9H061	TMEM126A
0.06949032864	0.7182792441	Q9H7X0	NAA60
-0.02378532715	0.9347384069	Q6ZS86	GK5
-0.4525038905	0.3311147198	P56730	PRSS12
0.1344370576	0.6864398535	Q76I76	SSH2
0.1392415623	0.4060915997	O00411	POLRMT
-0.09151124203	0.585362588	Q13555	CAMK2G
0.262907269	0.2620174029	Q96MF7	NSMCE2
0.447619104	0.2125104706	O95147	DUSP14
0.1615131149	0.6770979957	P28065	PSMB9
-0.09264881729	0.6634356746	Q8IZN3	ZDHHC14
-0.04906278626	0.7767053377	Q9NV66	TYW1
0.1880874046	0.3000009959	O75319	DUSP11
0.1238677671	0.6367739622	Q6ZT98	TTLL7
0.03882433658	0.7945058953	Q5EBL8	PDZD11
-0.09587250453	0.554393043	O75379	VAMP4
0.9681698426	0.3238728537	P01100	FOS
0.1566426269	0.4979859463	Q92843	BCL2L2
-0.3640037217	0.2754279707	Q14393	GAS6
-0.05026995951	0.8043721809	Q969S6	TMEM203
-0.0346067541	0.8689298366	Q96GC5	MRPL48
-0.3508850148	0.2620174029	O14678	ABCD4
-0.325618007	0.2807617949	P57738	TCTA
-0.1545420609	0.5731678778	Q9HA64	FN3KRP
-0.221898212	0.2716138434	Q6IQ55	TTBK2
0.3484137955	0.3454507095	Q9BZD2	SLC29A3
0.1159242353	0.5012247263	Q5VSL9	STRIP1
0.2193199286	0.7906185491	Q9HBH0	RHOF
-0.1181383484	0.5968364162	A6NJ69	IGIP
0.1035879391	0.5959851706	E7ETH6	ZNF587B
0.04469918884	0.8043017333	P25205	MCM3
-0.06512618272	0.8139216256	Q8TET4	GANC
-0.1415673101	0.6059126343	Q9BWU1	CDK19
-0.1561775365	0.4018291352	O95825	CRYZL1
0.1536976651	0.349886707	P33993	MCM7
-0.1800252112	0.2720522052	P0DPF3	NBPF9
-0.2349931431	0.4718367043	O94844	RHOBTB1
0.2177421558	0.4948813734	O43151	TET3
-0.1974193781	0.3184010472	O95461	LARGE1
0.1332261468	0.6145446233	Q9NS23	RASSF1
0.07664745426	0.712462255	Q9UPT8	ZC3H4
0.1843514515	0.4759913013	P33991	MCM4
0.3837420599	0.3354040237	Q969D9	TSLP
0.2932018941	0.3825666542	Q6NYC1	JMJD6
-0.02258355522	0.9450238542	C9JLR9	ZFTA
-0.08148976575	0.6595153062	Q9BTX3	TMEM208
0.1350219618	0.6489460813	Q93074	MED12
0.1015861355	0.5899689741	Q9C0F1	CEP44
-0.06374584498	0.7812322752	Q8N441	FGFRL1
-0.1908639055	0.525462089	O75964	ATP5MG
-0.2358609149	0.3484639337	Q8NBL1	POGLUT1
-0.09766668042	0.6515773666	Q8NBE8	KLHL23
-0.2872494988	0.3026854377	Q96CU9	FOXRED1
0.150686376	0.3979651609	Q96F86	EDC3
0.0008947772224	0.9964485435	Q8NHG8	ZNRF2
0.1239748016	0.4371269328	Q9BW66	CINP
-0.1031730555	0.6205637392	O75496	GMNN
0.3418065099	0.2620174029	P26358	DNMT1
-0.1817586118	0.4754825406	Q9UKB3	DNAJC12
0.01217523815	0.9739028797	Q8NBJ9	SIDT2
-0.02425774858	0.8975701276	Q9H116	GZF1
-0.03707170208	0.8601270048	O75151	PHF2
0.07569780336	0.7647646831	Q8N1F7	NUP93
-0.2074586821	0.506394426	O75324	SNN
-0.5139289429	0.5275015119	Q86VB7	CD163
0.4012854203	0.2248830478	Q13614	MTMR2
0.2290724978	0.3562306873	O43752	STX6
-0.01368834467	0.9729220286	Q5TF39	SLC60A2
0.232589465	0.3792004691	Q96FA3	PELI1
-0.1036540764	0.6966356271	Q9UJ04	TSPYL4
-0.1102168795	0.6504929848	Q7Z769	SLC35E3
-0.2203894783	0.556031882	Q7Z2X4	PID1
0.2666260257	0.3916404765	Q9H974	QTRT2
0.2788521	0.2546449948	Q6ZPD9	DPY19L3
0.2673356092	0.4829947143	O96008	TOMM40
0.06445450242	0.7882361318	P62306	SNRPF
-0.109834327	0.4628070321	Q9HAS0	C17orf75
-0.3677117861	0.3740529746	O75147	OBSL1
0.1753194018	0.3293607706	Q86YC2	PALB2
0.1551520439	0.3445919828	Q969R5	L3MBTL2
0.3480518618	0.3315253342	Q9UIW2	PLXNA1
0.2066172848	0.2626159803	Q969Q6	PPP2R3C
0.04385279148	0.8329271853	P20594	NPR2
-0.09716330832	0.5734985885	Q96EH3	MALSU1
0.02905627623	0.9146779893	Q9H6A9	PCNX3
-0.2394152782	0.247982589	Q96RT7	TUBGCP6
0.2501040989	0.2720522052	Q86Y56	DNAAF5
-0.4799903705	0.4124678864	O96017	CHEK2
0.2562080987	0.4410890532	Q6ZNB6	NFXL1
-0.07033077735	0.7114521963	Q92521	PIGB
-0.2453453238	0.5611664659	Q9BYS8	LRRC2
0.007388807072	0.9771772317	Q9Y2I8	WDR37
-0.3172227074	0.5752649854	Q00G26	PLIN5
0.2148412904	0.297909892	Q9Y2B1	RXYLT1
-0.07068982688	0.7376701946	Q8N1G0	ZNF687
0.1241538915	0.6543046581	Q9NX46	ADPRS
0.2064416926	0.5387511577	Q9BYX2	TBC1D2
0.7548979226	0.2572068551	Q9NX58	LYAR
-0.2125950995	0.3792218483	P57775	FBXW4
-0.0599649217	0.7336191602	Q9Y2H8	ZNF510
-0.2792537783	0.4376016395	Q96BI1	SLC67A1
0.02950070657	0.8926602531	Q9NZI5	GRHL1
0.1702637716	0.4598370097	Q9H4K7	MTG2
0.0633160209	0.8564585897	P32121	ARRB2
-0.04320622363	0.9208261856	Q9BY08	EBPL
0.03558301884	0.8501044036	Q8IYX8	CEP57L1
0.1216258265	0.6269679182	Q16864	ATP6V1F
-0.777570558	0.2687676563	Q15113	PCOLCE
-0.08115027241	0.8842488544	Q9UHG0	DCDC2
0.133410693	0.4933200382	Q8N5C7	DTWD1
0.04104339304	0.849338954	Q9BTD8	RBM42
0.3953505769	0.3938159257	Q9NZV1	CRIM1
-0.1205021407	0.662329774	Q99489	DDO
0.0154838257	0.9617915609	Q5TF58	IFFO2
0.4619480167	0.2333695589	Q9Y232	CDYL
0.04119188137	0.8174331105	Q13769	THOC5
0.3274418016	0.3035751783	Q9HB90	RRAGC
0.04778864221	0.7978564943	Q9Y3M8	STARD13
0.2256434834	0.2565647491	Q9H078	CLPB
0.2692968261	0.4319790224	Q96A46	SLC25A28
-0.2495173052	0.3802682994	Q6UY14	ADAMTSL4
-0.0892651046	0.6477005966	Q9BUB5	MKNK1
0.1131146298	0.441030798	A6NJ78	METTL15
-0.1190890565	0.5759241787	Q9C0F3	ZNF436
-0.01072151132	0.951847962	Q68DI1	ZNF776
-0.008140159686	0.9614237656	Q8N0X2	SPAG16
-0.1287506734	0.5100598587	Q9BQP7	MGME1
0.2000520962	0.467996868	Q9UMN6	KMT2B
-0.04645921071	0.8146126453	Q9H2P9	DPH5
-0.0608587212	0.8675307286	Q9UKG9	CROT
-0.1671855378	0.5556536488	Q96HP4	OXNAD1
0.02990490849	0.8824257979	Q5JUX0	SPIN3
0.2880258222	0.4368966248	O15405	TOX3
-0.007939938753	0.9785696364	Q8WV99	ZFAND2B
0.06955776649	0.9110118239	Q12791	KCNMA1
-0.1884159172	0.4811323703	A6NEL2	SOWAHB
0.09320411126	0.5290476815	Q4L235	AASDH
0.06308254667	0.7599626269	P52888	THOP1
0.2908173921	0.6268390869	Q92482	AQP3
0.4003139843	0.2620174029	Q8TBZ6	TRMT10A
0.04745934786	0.830432029	Q6PL24	TMED8
-0.1935436701	0.5709020027	Q6UWV6	ENPP7
0.3401044716	0.3962497868	O15169	AXIN1
0.05249647756	0.711562132	Q15649	ZNHIT3
-0.01009701296	0.9814914356	Q99829	CPNE1
0.2635385943	0.254399751	Q15554	TERF2
0.9136330552	0.268302856	Q96AZ6	ISG20
-0.2054101946	0.7778813834	O15442	MPPED1
0.2990239999	0.3799294669	Q96KQ4	PPP1R13B
0.2204702466	0.3382851921	O60921	HUS1
-0.4426385439	0.3535084024	Q5TBK1	N4BP2L1
-0.06448721159	0.6999936276	O75290	ZNF780A
0.2250728751	0.3435957486	Q9H063	MAF1
0.04831069516	0.8471311159	Q8WVL7	ANKRD49
-0.07549345474	0.7328271068	Q8WUD1	RAB2B
-0.1376554328	0.6508970634	P04818	TYMS
0.2651666861	0.3316107179	P43304	GPD2
-0.05250727308	0.8641308815	P00492	HPRT1
0.2851484236	0.369955528	Q9BRS2	RIOK1
-0.2563685961	0.3811428824	Q96PV7	FAM193B
0.03814677783	0.8804291793	P49674	CSNK1E
-0.01927035532	0.9034870469	Q9H7Z6	KAT8
0.2653830357	0.5694167293	Q496Y0	LONRF3
-0.06878550781	0.714685021	O75716	STK16
0.1965830099	0.3342164228	Q8TDR0	IFT54
-0.2840745263	0.4900804205	P00451	F8
0.2762869185	0.3791137687	P78312	FAM193A
-0.1794057074	0.5109412159	Q9H799	CPLANE1
-0.4927862329	0.3559480491	Q5H9K5	ZMAT1
-0.07757078032	0.6581487869	P11801	PSKH1
-0.363262749	0.3000009959	Q13309	SKP2
0.01902194836	0.9063037518	P51814	ZNF41
-0.2002669412	0.5202867019	Q99622	C12orf57
0.04808616461	0.852777473	O43189	PHF1
-0.05312196192	0.8762008747	Q6ZUX7	LHFPL2
0.3814129193	0.289642089	O95857	TSPAN13
-0.1587138491	0.6808781914	O95471	CLDN7
0.004750389082	0.9862359558	Q6P4R8	NFRKB
0.2697506446	0.4003662308	Q9UJA5	TRMT6
-0.1444782872	0.5191391257	Q9P021	CRIPT
0.3327696506	0.2725380247	Q96RL1	UIMC1
0.1175844161	0.6331890668	Q8TAA9	VANGL1
0.2771627648	0.4218212398	Q9BSK2	SLC25A33
-0.497899641	0.2565647491	Q9BX59	TAPBPL
0.05375518305	0.7438396346	Q96GZ6	SLC41A3
-0.02597438995	0.9090852018	Q15528	MED22
0.3321771801	0.2229482068	P50402	EMD
-0.2329218795	0.3118497458	Q9NR46	SH3GLB2
-0.06465171541	0.8516281252	Q9P2B4	CTTNBP2NL
-0.0466965653	0.929774105	A5PLL7	PEDS1
0.2079426392	0.3913122839	Q9HCD5	NCOA5
0.2488674539	0.3616713824	Q15051	IQCB1
-0.2164402406	0.3770966405	Q8WVV5	BTN2A2
-0.1647639205	0.5399530814	O15061	SYNM
-0.01457291421	0.9724241395	Q8N1W1	ARHGEF28
-0.1246267769	0.8436166434	Q9NPE6	SPAG4
-0.08108647757	0.6534836758	Q9Y283	INVS
-0.038884298	0.8484729911	O95424	DEXI
-0.03404219281	0.8225376971	Q9NW82	WDR70
-0.2718271279	0.3215466516	Q7L9B9	EEPD1
-0.1474226786	0.4956256556	Q8N6M3	FITM2
0.3056853114	0.3443105929	Q96GA3	LTV1
-0.2647734851	0.3148155269	P15289	ARSA
0.01968682938	0.9624396126	Q6P5R6	RPL22L1
0.2632646526	0.3055777347	Q8NHQ9	DDX55
0.257696336	0.4227213483	O75386	TULP3
0.1436124617	0.4868725134	Q8N6N3	C1orf52
-0.055394096	0.6638587846	Q9NP64	ZCCHC17
-0.1910382558	0.4819009559	Q5SQN1	SNAP47
0.04820694236	0.811939677	Q7Z589	EMSY
-0.1075030102	0.5740781613	Q9H9E1	ANKRA2
0.1131774293	0.4566259991	Q9Y697	NFS1
0.09337762579	0.5858863768	Q6P1Q9	METTL2B
1.65508494	0.08255805805	P48307	TFPI2
0.2326246084	0.2807617949	Q96N64	PWWP2A
0.0514481373	0.7867820054	Q9BYD3	MRPL4
-0.06297642205	0.6999936276	Q5T011	SZT2
0.1854128852	0.4560697038	P06280	GLA
-0.1023990227	0.6215179815	O43252	PAPSS1
0.08291757654	0.6011137214	Q99496	RNF2
0.2339370632	0.3075081595	Q5TCX8	MAP3K21
-0.3046967181	0.4265544845	Q96PL5	ERMAP
0.126796487	0.4985511892	Q9Y5Y0	FLVCR1
-0.1842062055	0.6666518283	O75054	IGSF3
0.1787942015	0.5233774938	Q9NPG1	FZD3
-0.01091587551	0.9685022745	Q96GE9	DMAC1
-0.318347839	0.2819918717	Q15464	SHB
0.2636712617	0.2610595123	Q6PCD5	RFWD3
0.05375503766	0.844245452	Q8WVK7	SKA2
-0.06012913082	0.6999485353	Q13371	PDCL
0.2604048565	0.2807286993	Q9HCS7	XAB2
0.1498694277	0.5253388802	O94885	SASH1
-0.751836014	0.3035751783	O76027	ANXA9
-0.3641134083	0.3075081595	Q96IU2	ZBED3
0.1396788436	0.6861548638	Q6PIU2	NCEH1
0.07736417508	0.6262592983	Q5TBB1	RNASEH2B
-0.3412136775	0.3311147198	Q9H479	FN3K
-0.1884846563	0.6069933263	Q96LZ7	RMDN2
0.2515202855	0.4262657882	A0A8I5KQE6	RPSA2
-0.3387296342	0.2196304845	Q9P016	THYN1
0.06689295282	0.7867511925	Q9UMS5	PHTF1
-0.3706623523	0.5294969662	P24844	MYL9
0.05767309831	0.7524087785	Q5T1V6	DDX59
0.1519904047	0.6961644668	Q969V6	MRTFA
0.2464317462	0.3638799028	Q96EP1	CHFR
0.2657260891	0.3118410023	Q9UBS0	RPS6KB2
0.3384563418	0.2813619255	Q9NX04	AIRIM
-0.1466523642	0.4658545921	Q9UBK9	UXT
0.01929143847	0.9319438486	Q92917	GPKOW
-0.3848820177	0.3840688752	Q9NUD9	PIGV
0.1078185209	0.7117450022	Q8IVJ1	SLC41A1
0.3760713384	0.3661965463	Q96CT7	CCDC124
-0.3434194577	0.510122008	P05106	ITGB3
0.1391119721	0.482102778	Q15653	NFKBIB
0.244488896	0.4443182796	O94983	CAMTA2
-0.3790087838	0.2182778392	Q6ZRF8	RNF207
0.07732785152	0.629611964	Q08AN1	ZNF616
-0.07013424243	0.877827738	Q13133	NR1H3
0.06539512083	0.780810386	Q9UNA1	ARHGAP26
0.1861725469	0.335429016	Q9C0G0	ZNF407
0.3994578462	0.2620174029	O75051	PLXNA2
0.03492833586	0.8307834782	Q9BRQ0	PYGO2
-0.07492149317	0.6421776126	Q9UNK0	STX8
0.04500300466	0.7763141059	Q5HYJ3	FAM76B
0.1662161023	0.4480403566	O60925	PFDN1
0.3450053283	0.2361803301	P41970	ELK3
-0.1175967295	0.5285729729	Q9BQK8	LPIN3
0.05624126568	0.6855905835	Q9UJ78	ZMYM5
-0.26452872	0.3654806676	A4D1P6	WDR91
0.1457769201	0.5492367996	Q2VPB7	AP5B1
-0.09857272735	0.86315669	Q96GA7	SDSL
0.03737464441	0.8388563256	Q9BY78	RNF26
-0.1341439971	0.4952686144	Q9H3S5	PIGM
0.202724448	0.2720522052	Q2TBE0	CWF19L2
0.1974546449	0.4313617459	O60814	H2BC12
0.0512095691	0.8063325386	Q6J4K2	SLC8B1
-0.4540682185	0.6318037098	Q9Y5R2	MMP24
-0.1307331726	0.4973248385	Q15126	PMVK
-0.03891506119	0.8076095717	Q92800	EZH1
-0.04019411846	0.8718561951	Q96N77	ZNF641
-0.1325023692	0.8549903262	P20711	DDC
-0.09726168364	0.5573465605	Q9BQC6	MRPL57
-0.1576414309	0.4545219898	O43934	MFSD11
-1.253329426	0.2190423902	Q01740	FMO1
0.1511142147	0.3559480491	P82912	MRPS11
0.4109000804	0.2855879675	O00148	DDX39A
0.2400694771	0.4020148114	Q16363	LAMA4
-0.1488496667	0.3874735644	Q9BUE0	MED18
-0.3892969465	0.2987233718	Q00994	BEX3
-0.2624613118	0.4205452076	P38117	ETFB
-0.38762351	0.39130457	P09104	ENO2
0.07173315455	0.7843863024	P16035	TIMP2
-0.005086478672	0.9862322038	Q96FN9	DTD2
-0.07875245013	0.7574418317	P15621	ZNF44
0.2357667884	0.3741907312	O95613	PCNT
-0.1539844198	0.4888459068	Q9BU23	LMF2
-0.7463878638	0.2124809558	Q9UI32	GLS2
-0.03764851534	0.8178256465	Q7Z7C8	TAF8
-0.01659512399	0.9487475814	Q86W11	ZSCAN30
0.2385271641	0.2730248253	Q7Z2W9	MRPL21
0.4705553299	0.3879584039	Q8N159	NAGS
-0.1230443202	0.584171032	Q15928	ZNF141
-0.1589174782	0.7166225976	Q13202	DUSP8
-0.04683064083	0.932758579	Q6P2D0	ZFP1
0.1539495673	0.4819009559	Q16254	E2F4
-0.155823088	0.4543418095	Q14159	SPIDR
0.1405872368	0.533662832	Q8NFT2	STEAP2
0.449383614	0.1914704449	Q9P2F8	SIPA1L2
-0.2634752784	0.4083813604	P56937	HSD17B7
-0.01494462511	0.9549184102	Q96E52	OMA1
-0.0535309047	0.7150258454	Q5HY98	ZNF766
-0.4695944296	0.1033868925	Q96MC5	BMERB1
0.1489802065	0.5709020027	O60512	B4GALT3
0.05531486134	0.7462209256	Q96MG7	NSMCE3
0.1296256589	0.5446533618	Q9NX65	ZSCAN32
-0.0204995791	0.9170853572	Q9H649	NSUN3
0.1369156242	0.7231373684	P78504	JAG1
-0.06105104608	0.8435918008	P51805	PLXNA3
0.3227299599	0.310431375	O15160	POLR1C
-0.2174294588	0.6220488784	Q7RTY0	SLC16A13
0.0148529983	0.9684720439	Q86VP3	PACS2
-0.421296194	0.2516917651	Q96NT0	VMA22
0.1801983468	0.4060915997	P19256	CD58
-0.09302421059	0.6253979501	Q9H1B7	IRF2BPL
0.027452777	0.9082401549	Q7Z3C6	ATG9A
0.3752308542	0.3141710427	Q9UKJ5	CHIC2
-0.06915458021	0.8808262837	Q6PCE3	PGM2L1
-0.4289055949	0.426305674	P22455	FGFR4
-0.06452180009	0.6799107544	Q969P6	TOP1MT
-0.08751922668	0.6867494624	Q5TEU4	NDUFAF5
0.09803287127	0.6728070121	O95696	BRD1
-0.1380886782	0.4036460235	Q5T4F4	ZFYVE27
-0.09189875052	0.592429397	Q13541	EIF4EBP1
-0.3995067091	0.2229482068	Q9UHC6	CNTNAP2
0.3126285221	0.2620174029	Q13478	IL18R1
-0.1678804921	0.5463489562	Q9BQA9	CYBC1
-0.2024633359	0.5929619755	Q01668	CACNA1D
0.1811714076	0.6001193924	Q7Z5J4	RAI1
0.1725689047	0.6076639034	Q9HD20	ATP13A1
-0.2177220036	0.4460900254	Q9UNK9	ANGEL1
-0.3360553508	0.3930532292	P27701	CD82
0.06315088678	0.7264097239	Q9UGM6	WARS2
-0.4183981017	0.2244783739	Q14999	CUL7
0.07976928709	0.6880365573	Q8N9A8	CNEP1R1
0.08824561886	0.7456342069	Q96LD4	TRIM47
0.1148915652	0.6744880346	Q5JVS0	HABP4
-0.2163704601	0.3141710427	Q7Z4L5	TTC21B
0.2751441681	0.2620174029	Q9NUG6	PDRG1
0.05776130869	0.7534826464	O60504	SORBS3
-0.2929801642	0.2794161897	Q9UIY3	RWDD2A
0.05891606906	0.8429992057	P30049	ATP5F1D
0.009611967675	0.9658168229	Q9Y6X3	MAU2
0.1319263422	0.3829071126	Q8NHG7	SVIP
0.2425901679	0.3515376418	P08686	CYP21A2
0.1132399524	0.4378769245	O15212	PFDN6
0.0359766898	0.8814682662	O15063	GARRE1
-0.2483285541	0.3060703674	Q2NKX9	C2orf68
0.276167826	0.2628826778	O43402	EMC8
0.003105635372	0.9884217612	Q8WV60	PTCD2
0.08094728937	0.700179741	P78381	SLC35A2
0.2603763254	0.2526549736	Q9P0U3	SENP1
0.08798497718	0.8030987669	Q13469	NFATC2
-0.2896121327	0.3712719842	P04085	PDGFA
0.01866543448	0.9034169536	Q70HW3	SLC25A26
-0.1922997608	0.5709020027	Q9UHW9	SLC12A6
0.1448762065	0.3953883092	O43766	LIAS
-0.1712165278	0.6111816087	Q7Z591	AKNA
-0.1990088152	0.4892233637	Q8WVZ9	KBTBD7
-0.2371172689	0.5030287687	Q9H9P8	L2HGDH
0.05427623886	0.8299425392	Q9NVR5	DNAAF2
-0.2764220998	0.2400082042	Q9NWV4	CZIB
-0.1049010651	0.6286242294	Q9H8E8	KAT14
0.07714073022	0.7066911065	Q9GZT8	NIF3L1
0.026982873	0.9442231168	Q9UJG1	MOSPD1
0.06091773948	0.7159758097	Q9NZC9	SMARCAL1
-0.0787156118	0.6230445245	Q86SQ7	SDCCAG8
-0.1979804418	0.4307926527	Q9ULL1	PLEKHG1
-0.2114967439	0.2720522052	Q9UJ70	NAGK
0.105265867	0.4390005215	Q9BR61	ACBD6
-0.1090564971	0.4687636271	O43414	ERI3
0.2329468927	0.2794161897	Q14586	ZNF267
-0.335142775	0.1548222127	O60716	CTNND1
0.1614911658	0.4410890532	Q9BWT7	CARD10
-0.3638530082	0.2595231886	Q9BWQ6	YIPF2
0.1172027789	0.5349695943	Q13868	EXOSC2
-0.1243171431	0.4592320454	Q9BRP4	PAAF1
-0.226116605	0.4713483651	Q9UBY8	CLN8
-0.1500837276	0.6476406327	P58107	EPPK1
0.1163233658	0.9656903223	P22680	CYP7A1
0.1129773944	0.5112639934	Q9BT22	ALG1
0.2766219133	0.2854851859	P01135	TGFA
-0.1087426463	0.5938675403	Q96RK4	BBS4
0.3604370011	0.6586042931	P55040	GEM
-0.02042466891	0.9515355156	Q96DN6	MBD6
-0.5993591992	0.2229482068	Q9H3Y8	PPDPF
0.4674689849	0.258253828	Q9H936	SLC25A22
0.3144048933	0.4828837904	Q9Y225	RNF24
-0.03996730328	0.8584849512	Q9Y6K1	DNMT3A
-0.08420717735	0.9353660918	H3BR10	SMLR1
-0.04034700391	0.8149821937	Q14012	CAMK1
0.1424445093	0.4175589136	Q9UNS1	TIMELESS
0.01840740575	0.9515355156	Q8NFF5	FLAD1
-0.04266371106	0.9326178338	P53675	CLTCL1
0.1049795221	0.5620966908	Q8WX92	NELFB
0.3568370313	0.3675747557	Q9NXV2	KCTD5
0.4238090869	0.2045207476	P42702	LIFR
-0.03183396982	0.9117822895	Q96BT3	CENPT
0.215656752	0.2620174029	O43427	FIBP
-0.1260971982	0.7294719212	Q5UAW9	GPR157
-0.05086266417	0.937544359	Q96DT5	DNAH11
-0.04385615282	0.7697366206	Q6P161	MRPL54
-0.2330430129	0.4188020953	Q9H4M3	FBXO44
-0.678065688	0.6720752363	Q9Y2P5	SLC27A5
0.1815391166	0.3975408408	Q96Q83	ALKBH3
0.1005053814	0.6169075369	Q6AI39	BICRAL
0.005607355965	0.9820776026	Q6IAN0	DHRS7B
0.4394933473	0.4819009559	Q8N8N0	RNF152
-0.0634739038	0.7829812283	Q9NQX7	ITM2C
-0.08602131725	0.9094620735	O60282	KIF5C
0.1948531842	0.7462209256	Q03181	PPARD
-0.06066269182	0.7495307417	O75044	SRGAP2
-0.2267704899	0.3771193708	P32019	INPP5B
-0.1430167733	0.550926845	Q9HA47	UCK1
-0.2802950557	0.3403114619	Q9BUK0	CHCHD7
0.4684213091	0.3077502257	Q9NZM1	MYOF
-0.3922696014	0.227595407	Q86Y13	DZIP3
0.3077194797	0.806709777	Q16790	CA9
0.1965996421	0.5423908724	Q9Y496	KIF3A
-0.05033156545	0.8323869373	O14641	DVL2
0.3327719378	0.07590617489	Q9C0D4	ZNF518B
-0.1248458522	0.5137261771	Q9Y4D7	PLXND1
0.04588531202	0.8958472511	O75182	SIN3B
-0.06576666662	0.8410360529	Q6P9A2	GALNT18
0.1381992431	0.5611664659	P19419	ELK1
0.1129505763	0.7627839737	Q9H2C0	GAN
-0.03504193337	0.8975701276	Q96AB3	ISOC2
0.02261864808	0.9246389494	Q9ULW3	ABT1
0.1103633525	0.8063325386	Q99715	COL12A1
-0.09824109801	0.5721064855	Q9Y3M9	ZNF337
0.157344779	0.50857292	Q6ICC9	RTL6
0.2512798903	0.2620174029	Q9BWK5	CYREN
0.08822528217	0.5759241787	Q86WB0	ZC3HC1
0.3982740116	0.4217420344	Q9NWM0	SMOX
-0.03605777181	0.8404700039	Q14061	COX17
0.06867852324	0.7840287817	Q9H4I3	TRABD
-0.3206396356	0.3850733712	Q8TC76	FAM110B
0.2384212388	0.3176121796	Q96CW6	SLC7A6OS
0.1747827856	0.6073299411	Q96HA1	POM121
0.7594551926	0.2333695589	O00391	QSOX1
0.009240757392	0.9705599959	Q9UPW5	AGTPBP1
-0.4655746953	0.2876575184	Q08345	DDR1
0.06743798923	0.7637140728	Q96E29	MTERF3
0.2639719742	0.2896045946	Q9NS91	RAD18
-0.3112882231	0.5381769629	P51570	GALK1
-0.239104227	0.2795030993	Q9BQ13	KCTD14
0.28092629	0.328326617	Q9HC36	MRM3
0.2060674445	0.5217333127	Q96NL0	RUNDC3B
0.1005137166	0.6209823087	Q8TBE0	BAHD1
-0.03068250312	0.8780468239	Q9Y3B7	MRPL11
0.0959071659	0.7932657283	Q9BTM1	H2AJ
-0.07143317845	0.7467107026	Q9NVG8	TBC1D13
-0.2828292723	0.2807617949	Q6IQ20	NAPEPLD
-0.04467716889	0.8584257052	Q9Y573	IPP
-0.1734140133	0.8132903139	O00194	RAB27B
0.2026682318	0.3249880998	Q5JTJ3	COA6
-0.2238944722	0.3005120799	Q8TEQ8	PIGO
0.03488677924	0.9103616364	Q6ZWE6	PLEKHM3
0.2180587469	0.5789755348	P98160	HSPG2
0.03187572483	0.8702435223	O95873	C6orf47
-0.3707991538	0.3805255304	Q9P2D7	DNAH1
0.1420144811	0.4578798614	O75648	TRMU
-0.01625383993	0.939885181	Q9NRA8	EIF4ENIF1
0.0606996927	0.7345653773	Q96C57	CUSTOS
0.147429765	0.4107848467	Q5VST6	ABHD17B
-0.01992699118	0.8952359444	Q8NC60	NOA1
-0.1481919712	0.4429838836	Q7L945	ZNF627
-0.2073211143	0.4690929978	Q8NDA8	MROH1
-0.04497875373	0.8723280042	Q99952	PTPN18
0.3181389094	0.4079713498	Q6GMV2	SMYD5
0.1830060653	0.4032249528	Q8TBK2	SETD6
0.1178156233	0.6890095941	O95208	EPN2
0.1377133614	0.3792004691	Q6XUX3	DSTYK
0.2986469181	0.4020120508	Q9Y4G2	PLEKHM1
-0.2361757342	0.4777523592	A0AUZ9	KANSL1L
0.1671338559	0.3754976451	O43426	SYNJ1
0.1312096143	0.6515773666	P30305	CDC25B
0.002843345082	0.9964485435	P11226	MBL2
-0.05776795618	0.7077279259	P17097	ZNF7
-0.5316021198	0.5048257217	B1AK53	ESPN
0.2071820173	0.4815592187	Q01201	RELB
-0.5597610496	0.3035751783	O15374	SLC16A4
0.2478994305	0.3000009959	Q5JUR7	TEX30
0.07467259465	0.8804807921	O15427	SLC16A3
0.2491215585	0.4992975249	O95671	ASMTL
0.02233264988	0.9461878933	Q8IVH2	FOXP4
0.1532495263	0.5709714163	Q8N5P1	ZC3H8
-0.1986542672	0.3872370038	P35250	RFC2
0.1622613244	0.6560447618	Q86X52	CHSY1
-0.2904722414	0.5740578021	Q86X40	LRRC28
0.001406255554	0.9955728603	P55039	DRG2
-0.05296455219	0.8323869373	Q6P499	NIPAL3
-0.2630414303	0.2716138434	O95295	SNAPIN
-0.008916217139	0.981408162	O43734	TRAF3IP2
0.1050091942	0.9239571177	Q9UK39	NOCT
0.2849024952	0.2338938326	Q86XZ4	SPATS2
-0.3568369737	0.3068124093	Q86YS3	RAB11FIP4
0.08724873336	0.5708466255	Q96BQ5	CCDC127
-0.03548601778	0.9077763599	Q53HC0	CCDC92
-0.0936484671	0.6773167418	P57054	PIGP
-0.5777740475	0.07703057608	Q7Z4P5	GDF7
-0.04861398497	0.8776253705	Q96SI1	KCTD15
-0.1380127907	0.5600057033	Q9NPI8	FANCF
0.1574543672	0.577637633	Q5NDL2	EOGT
-0.1142087197	0.7787129816	P78330	PSPH
-0.2866567404	0.3249880998	Q6ZSZ6	TSHZ1
-0.01965389594	0.9105040408	Q6AI08	HEATR6
0.1486971292	0.6593010143	P15923	TCF3
0.1122505195	0.5929619755	Q14681	KCTD2
-0.09455760822	0.5830204711	Q03936	ZNF92
-0.1459987443	0.6531657847	Q2M3W8	ZNF181
0.05721884941	0.796508984	Q9Y5P6	GMPPB
0.008304160698	0.9823987431	Q5HY92	FIGN
-0.4050850289	0.2538389331	B9EJG8	TMEM150C
-0.171255368	0.4733924869	Q7Z7N9	TMEM179B
0.1120598404	0.6398341055	Q70EL2	USP45
0.1978787562	0.5441685685	Q8WUF5	PPP1R13L
0.1225853098	0.6180020652	Q5SXM1	ZNF678
0.2289260733	0.3378890142	Q53T94	TAF1B
0.2432075076	0.3792218483	H0YL14	TMEM250
-0.1552744758	0.7035230469	Q8WUP2	FBLIM1
-0.1146018738	0.681370741	Q9BVL4	SELENOO
0.3024887868	0.3597233804	Q7Z4V0	ZNF438
0.3697335821	0.4227541407	A8CG34	POM121C
-0.08064750628	0.6577567717	Q5T8A7	PPP1R26
0.2284877547	0.4828837904	Q16877	PFKFB4
-0.145698403	0.5694167293	Q9HAN9	NMNAT1
0.2470897369	0.2400082042	Q9H115	NAPB
-0.9572916123	0.2327180511	Q86YD3	TMEM25
0.06293400764	0.7568858153	O94829	IPO13
0.1748824254	0.3921061151	Q9UPY6	WASF3
0.2039383226	0.284970492	P42695	NCAPD3
0.1085470815	0.4716908987	Q96HW7	INTS4
0.1081547779	0.5751792292	Q9H7Z7	PTGES2
0.4291290242	0.4921805362	Q8N614	TMEM156
0.02005576846	0.9086928416	Q5VV42	CDKAL1
0.1139148291	0.55257199	Q13216	ERCC8
-0.5045160767	0.2620174029	Q9Y4U1	MMACHC
0.09892131621	0.6961264873	Q9UL33	TRAPPC2L
-0.5796381434	0.4373385838	Q8TD20	SLC2A12
0.139825653	0.6351916897	Q5JVL4	EFHC1
-0.4483799394	0.2692700843	Q7Z449	CYP2U1
0.01091122002	0.9682084337	Q6Y288	B3GLCT
0.02977281696	0.8836265371	Q53FA7	TP53I3
0.2771828389	0.2942674818	Q9Y2Z4	YARS2
-0.03085759773	0.8938970389	Q5VXU3	CHIC1
-0.2133936531	0.6534836758	Q9UNP4	ST3GAL5
0.04861695863	0.7820279778	Q9H6F2	TMEM38A
-0.0822675081	0.8630321442	Q02156	PRKCE
0.1043833452	0.4942179522	Q8N680	ZBTB2
-0.1300384607	0.3758597522	Q86VX2	COMMD7
0.05700758408	0.8043017333	Q9H8M2	BRD9
0.151895729	0.4086284008	Q9Y6A4	CFAP20
0.2379435446	0.3301141662	Q3SXY8	ARL13B
0.3996857916	0.3075081595	Q13428	TCOF1
0.1566210784	0.4410890532	Q9NPJ8	NXT2
-0.2156075236	0.5734313572	O15439	ABCC4
-0.1687315065	0.454982248	P0DTL6	ZFTRAF1
0.02022572914	0.937544359	Q92830	KAT2A
0.1654535724	0.5456147408	Q96DB9	FXYD5
-0.1542725002	0.4858525493	Q7Z7K0	CMC1
-0.5739649756	0.2795030993	Q03013	GSTM4
0.4737958469	0.2526721579	O15226	NKRF
-0.04495882092	0.8298606871	Q9NXU5	ARL15
-0.05830460338	0.7945630219	P62875	POLR2L
0.05931817271	0.8585106178	Q6ECI4	ZNF470
-0.167660955	0.4922994934	Q9NPF5	DMAP1
-0.2171362897	0.2720522052	Q9ULP9	TBC1D24
-0.3105191421	0.3316107179	A0AVI4	TMEM129
-0.4467423954	0.236508846	O95995	DRC4
0.1966316463	0.5403530867	Q8N1Q1	CA13
0.04271963939	0.8347096494	Q8TBE9	NANP
0.05717922401	0.6975745452	Q17R31	TATDN3
0.127261582	0.5790119577	Q9NWM3	CUEDC1
-0.2077130639	0.3035751783	P58753	TIRAP
0.08020473205	0.7614318238	Q96D70	R3HDM4
0.1116561398	0.4543418095	P49916	LIG3
-0.1690758378	0.5799264395	Q587I9	SFT2D3
0.1434314326	0.6081102259	Q15021	NCAPD2
0.3820617405	0.2400082042	Q86XN6	ZNF761
-0.02800090658	0.9137447716	P50548	ERF
0.3394438434	0.328326617	Q9BQ67	GRWD1
-0.8479315034	0.258253828	O95704	APBB3
0.2095454598	0.4107882152	Q9ULE0	WWC3
0.03200836666	0.9151705728	Q8IY33	MICALL2
-0.06091379779	0.8503476908	P25786	PSMA1
0.2323760975	0.7130208383	O95395	GCNT3
-0.4293494017	0.1033868925	Q9Y5R4	HEMK1
-0.4870672374	0.2229482068	Q7Z6K5	ARPIN
0.0344911863	0.8420227959	Q9UGV2	NDRG3
0.2447932266	0.3975408408	O00268	TAF4
-0.1324099198	0.6617656404	Q8NC69	KCTD6
0.4214870079	0.3879762337	Q8TEK3	DOT1L
0.002468098528	0.9913621216	Q4G176	ACSF3
-0.131005919	0.4759913013	A2AJT9	BCLAF3
0.06985042838	0.7855411262	Q9UKY4	POMT2
-0.09937088103	0.6987046456	Q9UID3	VPS51
-0.3369617727	0.3252060955	Q8N8R3	SLC25A29
-0.05387721171	0.7778813834	Q8N9N7	LRRC57
-9.544989605e-06	0.9999152927	Q9BRT3	MIEN1
0.2303314738	0.3316107179	Q8WTR7	ZNF473
-0.1903024887	0.3941946207	Q8TEW8	PARD3B
0.5071543348	0.3035751783	Q86U90	YRDC
-0.07114535631	0.8764625686	O75907	DGAT1
-0.06757947037	0.683423365	Q6PI47	KCTD18
-0.1251783183	0.5370956933	Q5XG99	LYSMD4
0.1952364001	0.328326617	Q3B7T1	EDRF1
0.1472820401	0.5709763107	Q96N66	MBOAT7
0.1818733228	0.5192330818	Q96LT7	C9orf72
-0.1654973308	0.5369521654	P25942	CD40
0.09333856585	0.6900665591	O15527	OGG1
-0.1596845774	0.4165608265	Q5I7T1	ALG10B
0.385610903	0.3830881738	Q6NUK1	SLC25A24
-0.1783193451	0.4332493885	O75935	DCTN3
-0.1938708063	0.4011412078	Q96FN4	CPNE2
0.03078537616	0.9050091192	O00255	MEN1
-0.01749969548	0.9784195595	O60285	NUAK1
0.05282398955	0.8479967645	Q96G28	CFAP36
0.0468757083	0.8481365988	Q14919	DRAP1
0.4668686441	0.3995316298	Q9UEW8	STK39
-0.4698048196	0.5166578296	Q8IV31	TMEM139
0.101503563	0.5753438873	O15264	MAPK13
-0.05432739882	0.8428932802	Q5TA50	CPTP
-0.05819072257	0.7424274679	Q96G75	RMND5B
0.03214979283	0.9034704165	Q8N4Q1	CHCHD4
-0.131368927	0.4244866729	Q9Y237	PIN4
0.2066330859	0.5889729589	O00458	IFRD1
0.2667430115	0.3392653621	O75175	CNOT3
-0.2006388678	0.3443105929	Q9UMX5	NENF
-0.1988056128	0.4534919678	Q9BSV6	TSEN34
0.1072979579	0.5793524593	Q8NCT3	MATCAP2
0.1676216776	0.556031882	P98172	EFNB1
0.5069707311	0.5571336645	Q14192	FHL2
0.1731910083	0.472857572	Q9NW75	GPATCH2
0.2515719838	0.320341228	Q9Y535	POLR3H
0.04808703523	0.8438979055	Q13009	TIAM1
0.04488743654	0.8139216256	Q9BU70	TRMO
0.07330809076	0.6889468147	P47224	RABIF
-0.01415192591	0.9367336056	Q14CZ7	FASTKD3
-0.05889833829	0.9231751968	Q15466	NR0B2
-0.06874853903	0.8578083349	Q96DR7	ARHGEF26
-0.1238254631	0.6011137214	C9JCN9	HSBP1L1
-0.09773983522	0.6600380817	Q5TC79	ZBTB37
-0.1247707857	0.5656085701	Q9Y2Z9	COQ6
0.3818796306	0.4070910357	P80217	IFI35
0.03774439325	0.9502244003	Q00597	FANCC
0.202106879	0.3053145084	Q53FT3	HIKESHI
0.7596762565	0.1914704449	Q9BUF5	TUBB6
0.3840537153	0.3625980098	Q8IY37	DHX37
-0.01997459134	0.9469955474	P56134	ATP5MF
-0.1665159724	0.4623627063	Q96T52	IMMP2L
0.1823080603	0.4876888317	Q96T37	RBM15
-0.02996078958	0.9608901014	Q8TAD7	OCC1
0.2111752197	0.3171386538	Q86YI8	PHF13
-0.1389130554	0.3759506916	Q8TCX1	DYNC2LI1
-0.009466592464	0.9782444355	P27361	MAPK3
0.02864507593	0.911675922	Q8TD17	ZNF398
-0.05272967522	0.7722852214	Q8TBF5	PIGX
-0.3008784401	0.370789571	Q6UXM1	LRIG3
0.238626264	0.4356823586	Q9H8H2	DDX31
0.07013151803	0.6938422902	Q96T68	SETDB2
0.03559869247	0.9229463153	Q9NU19	TBC1D22B
0.1725180624	0.6175775464	P57057	SLC37A1
-0.1869651098	0.5112376625	Q8N8Z8	ZNF441
-0.1269405995	0.6864656128	Q13145	BAMBI
0.07123943515	0.6665954627	Q969S2	NEIL2
-0.3282107166	0.3412710481	Q6V0I7	FAT4
-0.2472978623	0.2045207476	Q96BU1	S100PBP
0.0975108283	0.799133113	P42263	GRIA3
-0.1715683435	0.6665678095	Q9UDX3	SEC14L4
0.01328981864	0.9563874665	Q9UHW5	GPN3
-0.3871203566	0.2229482068	Q8TB37	NUBPL
0.002304445885	0.9939548054	Q6PJF5	RHBDF2
-0.114240647	0.6184891956	Q6ZMZ3	SYNE3
0.656995834	0.04481398001	Q92626	PXDN
0.2610145617	0.2337320345	Q7RTV0	PHF5A
0.06073499084	0.7776017554	Q96SL1	SLC49A4
-0.3541523176	0.239936602	Q9BXD5	NPL
0.06246427215	0.8768073451	Q96CP6	GRAMD1A
-0.02904145146	0.9034169536	O60547	GMDS
-0.4699809185	0.1887734921	A4FU01	MTMR11
0.5960809708	0.2395165404	Q16831	UPP1
0.2086399042	0.5768127415	Q96C34	RUNDC1
0.3160938001	0.3000009959	Q9UNX3	RPL26L1
-0.2053606628	0.2691554346	Q8NB50	ZFP62
0.1356457281	0.4942179522	Q9BVS5	TRMT61B
-0.06356973613	0.7594449386	Q86VQ6	TXNRD3
0.09536828881	0.6957249455	O94804	STK10
-0.1898975908	0.4032249528	Q14643	ITPR1
0.1120116417	0.6257432279	P49848	TAF6
-0.1646984051	0.5496526884	Q86YN1	DOLPP1
-0.1476159981	0.4371269328	Q96D09	GPRASP2
-0.02199082492	0.9408993843	Q9Y2G4	ANKRD6
0.1922714156	0.3311147198	Q8IWT0	ZBTB8OS
0.3739526385	0.2526549736	Q9HCU9	BRMS1
0.1212648451	0.6782896096	Q8N4B1	PHETA1
0.02179568329	0.91250645	Q69YN2	CWF19L1
-0.1401826329	0.6258517694	P63027	VAMP2
0.08747883792	0.5320615876	Q9Y672	ALG6
0.08008062977	0.6807640038	Q8TBB5	KLHDC4
0.1985184343	0.2671848528	Q9UK59	DBR1
-0.06607932646	0.8173029779	O75064	DENND4B
0.5864247536	0.3398508733	Q8N335	GPD1L
0.09463418482	0.8844934362	Q86V15	CASZ1
0.0378131041	0.8539230496	Q9NWZ8	GEMIN8
0.1516232688	0.6050323538	Q6ZN19	ZNF841
0.1633268029	0.8634028111	Q6KCM7	SLC25A25
-0.1595098538	0.3682273915	Q9NYG5	ANAPC11
0.3389650083	0.3597233804	Q9P2L0	WDR35
0.1106664779	0.6638587846	Q96PK6	RBM14
0.2294077241	0.2980008618	Q9Y6V7	DDX49
-0.1101697021	0.6927734962	Q8IZU8	DSEL
-0.1263789132	0.5556374939	Q9NYT6	ZNF226
-0.701675505	0.2442323403	P15169	CPN1
0.01614888806	0.9319438486	Q96B42	TMEM18
0.1767497131	0.3005120799	Q8NFH4	NUP37
-0.0253353952	0.9141342956	Q9NWS6	SIRAL2
0.2106249074	0.4645608102	Q9UPV0	CEP164
0.07185409418	0.8080664268	Q86V86	PIM3
-0.1987130922	0.4378769245	Q9NVX7	KBTBD4
-0.02272964477	0.9367891274	Q5H9M0	PWWP3B
-0.5255287632	0.2922622957	Q9Y600	CSAD
-0.2692285725	0.7145518184	Q9Y5Q3	MAFB
-0.1177642691	0.5561359155	Q96K21	ZFYVE19
0.0588320399	0.7820279778	P51948	MNAT1
0.1555665641	0.5957053997	Q9UN79	SOX13
0.1838218767	0.3069258723	Q6ZW49	PAXIP1
-0.2008334731	0.3174483779	O75956	CDK2AP2
0.03634000222	0.8236158128	Q9H3J6	MTRFR
-0.2028805974	0.5372156182	P54802	NAGLU
-0.3081164985	0.4141420755	Q9HAC7	SUGCT
-0.3574373005	0.4006895995	P0C024	NUDT7
-0.1274204032	0.6421712353	P24278	ZBTB25
0.319713766	0.3005120799	Q12887	COX10
0.2071029285	0.5972498664	P06703	S100A6
-0.1631774681	0.3116884712	Q99807	COQ7
-0.05954704989	0.7773440849	Q9NW61	PLEKHJ1
0.0428159487	0.8668254035	Q96L34	MARK4
-0.4849848114	0.3130859445	Q6EMK4	VASN
-0.4543590009	0.3535084024	Q9UNL4	ING4
-0.1721378169	0.6446796652	Q16678	CYP1B1
-0.2649125165	0.6230445245	O75140	DEPDC5
-0.07172809747	0.6999936276	Q9BUB4	ADAT1
-0.1819440212	0.4023377655	Q9H467	CUEDC2
-0.1036700852	0.8763474765	Q1L5Z9	LONRF2
-0.154400475	0.3669847828	Q32P44	EML3
-0.1399734902	0.5093381118	Q96I34	PPP1R16A
0.09221309833	0.6731125565	Q2KHM9	KIAA0753
0.247564022	0.34965831	Q8TDW4	ST7L
-0.1844977101	0.3420857336	O43861	ATP9B
0.187047563	0.556031882	Q6ZRP7	QSOX2
0.2869440767	0.3668633231	Q9C0C9	UBE2O
0.3090277285	0.2273281833	Q14566	MCM6
0.000766372951	0.997485691	Q9NYK6	EURL
0.2923509139	0.2492922357	Q96MW1	CCDC43
-0.09543735328	0.6938422902	Q7Z6M1	RABEPK
-0.1670988194	0.3642686816	Q8NBP0	TTC13
-0.1266871959	0.5118871181	Q13445	TMED1
0.3759216471	0.3130859445	Q8TF30	WHAMM
0.1258046404	0.6035644615	Q96NY9	MUS81
0.1038347012	0.7107491063	O15360	FANCA
0.006836488904	0.9792137933	Q8WYA0	IFT81
-0.09029021971	0.5956917671	Q86T03	PIP4P1
0.4088032015	0.3825845681	Q8TDZ2	MICAL1
-0.1657807409	0.4828837904	Q9H1B5	XYLT2
0.3102782404	0.2190423902	Q86TV6	TTC7B
-0.102994466	0.7429576724	Q8WW43	APH1B
0.1147512214	0.7574418317	Q9NVR7	TBCCD1
0.06193218198	0.6547618866	O75896	TUSC2
-0.005125299955	0.9865685977	O94919	ENDOD1
-0.09735725284	0.6694091528	Q92902	HPS1
0.4044992154	0.1357655535	Q9BX69	CARD6
-0.04347706533	0.8671921751	Q9Y5R8	TRAPPC1
0.02213502326	0.9103616364	Q86V87	FHIP2B
-0.2856810109	0.3437777155	Q6IQ23	PLEKHA7
-0.09485365817	0.5888658537	Q9NWB7	IFT57
0.1887901284	0.3315253342	Q9Y388	RBMX2
0.2463241154	0.320341228	Q96BT7	ALKBH8
0.3329954072	0.3301141662	O15047	SETD1A
0.2944890719	0.2205523801	Q8N9N8	EIF1AD
-0.1880839987	0.3893411329	Q6PK18	OGFOD3
0.3636402302	0.2124809558	P23258	TUBG1
0.1434866027	0.6781175132	Q96F81	DISP1
0.08690129474	0.9074010096	Q8NG31	KNL1
-0.3119964794	0.39130457	P17931	LGALS3
0.3722948581	0.3493031826	Q6PK04	CCDC137
0.1640520507	0.3878201619	Q9Y5W9	SNX11
0.3006216776	0.3601485488	Q9H4M7	PLEKHA4
0.1158174881	0.5517055658	P82932	MRPS6
-0.005767890757	0.9729220286	Q9H9Q2	COPS7B
0.02392491557	0.9115266297	O60825	PFKFB2
-0.03110273367	0.8707056342	Q9NVH6	TMLHE
-0.1592883419	0.4746875411	O76024	WFS1
-0.02270090861	0.9125883361	Q8TCB7	METTL6
-0.3526243396	0.6038831421	Q86VF5	MOGAT3
-0.4900014808	0.2124809558	Q71U36	TUBA1A
-0.1129923884	0.6145446233	Q9HBM6	TAF9B
0.4044583805	0.2620174029	Q9NY12	GAR1
-0.04375454988	0.8641308815	Q96EB1	ELP4
-0.1148264004	0.4923838264	Q96H96	COQ2
0.2281424792	0.3668934301	Q9UPS6	SETD1B
0.01087033314	0.9785696364	P08397	HMBS
-0.4576606517	0.2124809558	Q2MV58	TCTN1
0.1098244172	0.6938422902	Q92888	ARHGEF1
0.09132984623	0.5703088841	Q8WV19	SFT2D1
-0.220804297	0.4249954038	Q8TE77	SSH3
0.1365243601	0.4232162318	Q53HC9	EIPR1
0.3994565864	0.4560697038	Q8TF42	UBASH3B
0.2346074408	0.258253828	Q9H6R7	WDCP
0.1458152887	0.4005197218	Q03933	HSF2
0.5089140015	0.2677881292	Q9NXH9	TRMT1
0.1256512969	0.6563468715	Q15223	NECTIN1
-0.02602900207	0.8882371542	Q9NPF4	OSGEP
-0.01708988844	0.9551813457	Q9H825	METTL8
0.120022919	0.8918373923	O00327	BMAL1
-0.164284093	0.6041191268	O14513	NCKAP5
0.2633042464	0.3270646788	Q9BV81	EMC6
-0.2519895227	0.2716138434	Q9NRG7	SDR39U1
0.1153385259	0.5709714163	Q9HBL7	PLGRKT
-0.2917305694	0.3035751783	O14645	DNALI1
-0.06534815531	0.7484213098	Q86WK6	AMIGO1
-0.4107570225	0.2742883911	O95931	CBX7
0.1013050868	0.811939677	Q15053	KIAA0040
0.2576982909	0.41528381	Q8IW35	CEP97
0.2675068805	0.2565647491	O75414	NME6
0.08789319737	0.7946656383	Q96AW1	VOPP1
-0.032143765	0.9095738674	Q9UHJ9	PGAP2
0.1417063802	0.4452243055	O15381	NVL
-0.09037334785	0.8298633397	Q8TE99	PXYLP1
0.2833801478	0.5173977322	P48065	SLC6A12
0.1326022513	0.3806327166	Q5RL73	RBM48
0.03260019913	0.8952359444	P11230	CHRNB1
0.08691601943	0.8762008747	Q13454	TUSC3
0.3475652799	0.2778990994	Q9UGC7	MTRF1L
-0.08360267213	0.8723280042	Q8NCL8	TMEM116
-0.3756958459	0.539685751	A2VDF0	FUOM
0.1054212103	0.6059126343	Q9ULT6	ZNRF3
-0.3453500867	0.2538389331	Q9P0N8	MARCHF2
0.2219696938	0.3616713824	Q6P4I2	WDR73
-0.0399433722	0.9569935243	Q8IXN7	RIMKLA
0.1750564561	0.5913573225	Q9P0J1	PDP1
0.09487309858	0.6238448382	Q9H0C8	ILKAP
0.1018249313	0.652992365	O15440	ABCC5
-0.1473038623	0.5702616535	Q13077	TRAF1
0.2569858258	0.4171546825	A8MXV4	NUDT19
-0.3210311663	0.2620174029	Q9Y6R6	ZNF780B
-0.3977867935	0.2380259829	O43505	B4GAT1
-0.2097527211	0.6003325309	Q9H008	LHPP
-0.02286943273	0.937544359	P84157	MXRA7
0.1099301336	0.5715943039	Q16514	TAF12
-0.6793156515	0.3077916084	Q8N5Z0	AADAT
0.5244964333	0.2380259829	O60711	LPXN
-0.1168060285	0.5596394916	Q6UXH1	CRELD2
-0.09821632807	0.6542928998	Q86U28	ISCA2
-0.3122664891	0.3835332046	Q99766	DMAC2L
-0.3785790604	0.3149323915	O14939	PLD2
0.5985142315	0.1854274586	Q16666	IFI16
0.1440582074	0.6498009781	Q9BV68	RNF126
0.009590026182	0.9782564438	Q9BRR3	PGAP4
0.05794257515	0.9055023964	Q9Y6X0	SETBP1
-0.06386672546	0.7403632962	Q7Z7A1	CNTRL
-0.4398506338	0.2229482068	Q9UQD0	SCN8A
0.06603609823	0.6807640038	Q6N069	NAA16
0.1352529543	0.7223139634	P46821	MAP1B
-0.0763164336	0.6220488784	Q8IVV7	GID4
0.07028118429	0.7924382578	O14512	SOCS7
-0.1211626696	0.6373870219	Q86XF0	DHFR2
0.7368095107	0.1004780744	P12110	COL6A2
0.1400868626	0.7670485221	Q02556	IRF8
0.1307511553	0.4005936338	Q9Y5N5	HEMK2
0.1902216505	0.4304823477	Q9UBX8	B4GALT6
0.1118153957	0.7006872931	Q92747	ARPC1A
-0.05053556378	0.8346758757	P23025	XPA
-0.1143486993	0.6280207941	Q8N565	MREG
-0.4379977431	0.4283600221	Q9Y6X4	FAM169A
-0.4577097141	0.2337771024	Q96ME7	ZNF512
0.2907955519	0.4141420755	Q5T5M9	CCNJ
0.3171841772	0.2705988235	Q8NFZ5	TNIP2
0.1735195487	0.5466228526	Q6P2E9	EDC4
0.00984389979	0.9723066013	O60303	KATNIP
0.3057667093	0.2743833929	Q9BV86	NTMT1
0.1744806495	0.6446796652	Q969J3	BORCS5
0.2374884071	0.4633044246	Q9UQC2	GAB2
-0.2182231462	0.4324579551	P29372	MPG
-0.3886091727	0.4874936722	M0R2J8	DCDC1
0.2571264011	0.3544874489	Q13686	ALKBH1
0.05138870684	0.8293572563	Q8N8U2	CDYL2
-0.4426553548	0.2152539344	Q96JT2	SLC45A3
-0.674071841	0.3480777993	Q15560	TCEA2
0.2688985997	0.3406627422	Q96C19	EFHD2
0.1789108375	0.3493031826	Q96DT6	ATG4C
-0.02947162149	0.8964916968	Q96DP5	MTFMT
-0.1775328054	0.4937316929	Q9NX57	RAB20
0.1023381924	0.4815592187	Q96FG2	ELMOD3
0.184086779	0.2843104036	Q63HK3	ZKSCAN2
0.09168356933	0.7410046463	P34947	GRK5
0.1470423513	0.4952686144	Q9NYP3	DONSON
0.09168149602	0.7302867301	Q92625	ANKS1A
-0.03936121139	0.82718493	Q6Y2X3	DNAJC14
0.5956576626	0.2610595123	Q9H6F5	CCDC86
0.3777839195	0.2620174029	Q16760	DGKD
-0.06661473109	0.6666400966	Q8WUR7	C15orf40
0.03318469393	0.8807420482	Q53ET0	CRTC2
0.123229316	0.7175468094	Q6IA17	SIGIRR
-0.08801821662	0.6716385843	Q0GE19	SLC10A7
0.1409555143	0.5137261771	A2RUB6	CCDC66
-0.08883860847	0.9023177325	Q9ULZ1	APLN
0.02744782328	0.9104114594	Q9NR21	PARP11
-0.3227447837	0.1814925525	Q4VCS5	AMOT
0.1373672206	0.5553208316	Q9BTE0	NAT9
0.2861193725	0.535166223	Q9BQC3	DPH2
-0.4136884173	0.5709020027	Q8N3K9	CMYA5
-0.5882407904	0.2620174029	P05107	ITGB2
-0.3366096633	0.4083813604	O14732	IMPA2
0.2423133318	0.4545219898	O94766	B3GAT3
-0.2271782628	0.3406627422	Q05084	ICA1
0.07297147411	0.7583601792	Q7RTV5	PRXL2C
0.0465106543	0.874555683	O75808	CAPN15
0.3103072571	0.2555691565	P40617	ARL4A
-0.1470186022	0.3595158992	O14579	COPE
-0.312474297	0.5095761577	P0C7U0	ELFN1
0.04045042248	0.8242881756	Q68DC2	ANKS6
-0.1949066228	0.589090142	Q5HYW3	RTL5
0.2875188043	0.4409985459	Q4AC94	C2CD3
-0.0003348314644	0.9991083865	Q8N4U5	TCP11L2
-0.2448458234	0.367690298	P17568	NDUFB7
0.104756357	0.7700841902	Q9HCM7	FBRSL1
-0.1545265879	0.4525752287	Q9H0A8	COMMD4
0.1527158458	0.4883032856	Q6DD87	ZNF787
0.1766437501	0.5645750846	Q92979	EMG1
0.02156117405	0.9268947588	Q8IUC6	TICAM1
-0.04029392903	0.7924822368	P09012	SNRPA
-0.2970079156	0.3171030012	P40121	CAPG
-0.5247309581	0.1871506485	O95298	NDUFC2
-0.1460663918	0.3666769422	Q8WTW4	NPRL2
-0.3463123458	0.6961264873	P24298	GPT
-0.3153453957	0.4999755954	Q9ULR3	PPM1H
-0.1278452328	0.5929487347	Q9Y3T6	R3HCC1
-0.1283024898	0.4676110284	P83436	COG7
-0.08033734375	0.8641308815	O75474	FRAT2
-0.06523950939	0.7726633176	Q86XE3	MICU3
0.04734000204	0.934582623	Q96SQ7	ATOH8
0.2510683225	0.3930532292	Q13261	IL15RA
0.01766375609	0.9053538275	P52741	ZNF134
-0.236770062	0.3770966405	O94898	LRIG2
0.0309611003	0.8776253705	Q8TE02	ELP5
0.3310341745	0.2193521013	O15297	PPM1D
0.05879653804	0.7461423212	Q86WZ6	ZNF227
-0.218774698	0.6023916322	Q6UXT9	ABHD15
0.2549737701	0.236508846	Q6P2D8	XRRA1
0.523400739	0.3967803721	P51826	AFF3
0.1445373546	0.6365427903	Q9NV35	NUDT15
0.04940320314	0.7782591963	Q9C0B0	UNK
-0.1347751257	0.5540025867	Q9Y5W7	SNX14
0.04153189547	0.8981129904	Q12933	TRAF2
-0.3181830972	0.2538389331	Q9HBE1	PATZ1
-0.3883796193	0.1996231546	Q9BV20	MRI1
0.008039965137	0.9744285423	Q02386	ZNF45
0.05139084849	0.7932712738	Q96AA3	RFT1
0.01305031165	0.9664867497	O95983	MBD3
0.1212528303	0.57023831	Q9UHA2	SS18L2
-0.1271234366	0.5287480291	O43829	ZBTB14
-0.1722253746	0.349098035	Q13795	ARFRP1
0.1096439656	0.6216779723	Q9BV79	MECR
0.1164074467	0.5253388802	Q15054	POLD3
0.2812502262	0.3724818739	Q9BQ95	ECSIT
-0.03929954159	0.8958472511	Q9ULM0	PLEKHH1
0.2845583432	0.3574110405	Q9BWH6	RPAP1
0.1825479161	0.3836352098	Q8IYB7	DIS3L2
-0.3586516811	0.263415668	O60243	HS6ST1
-0.2813350053	0.4659970231	Q86UF1	TSPAN33
-0.2416572041	0.3335628184	P17041	ZNF32
-0.02304508964	0.9110118239	Q8NDD1	FSAF1
-0.4864647173	0.4663083008	Q7RTT9	SLC29A4
-0.2923022941	0.2958877404	Q8N5J2	MINDY1
-0.0241904976	0.8959422244	O75570	MTRF1
-0.3518591153	0.6664423334	Q9UL12	SARDH
0.3024235955	0.3230623378	Q96GX5	MASTL
0.2611643162	0.3526129591	Q9H9J4	USP42
-0.3451162219	0.3538901881	O14841	OPLAH
-0.1698415307	0.5517055658	Q6ICL3	TANGO2
-0.005487830831	0.9772040097	Q5BKY9	FAM133B
0.3227022031	0.3340737409	Q8IUI8	CRLF3
0.06697210486	0.7580980543	P53004	BLVRA
0.02177076809	0.9156251779	Q6PHR2	ULK3
-0.1590152611	0.8764625686	O43581	SYT7
0.1369687643	0.471474205	Q8WXX5	DNAJC9
-0.007363308433	0.9772040097	O43513	MED7
0.4437400772	0.2124809558	Q9NQP4	PFDN4
-0.09388994529	0.8477449764	Q9BYE9	CDHR2
0.2037897831	0.4427693028	Q8N6M0	OTUD6B
0.1017212526	0.6586042931	Q5U5R9	HECTD2
-0.1156625312	0.4279825055	P10072	ZNF875
0.04566514895	0.9089439115	Q6ZNC8	MBOAT1
-0.05301384656	0.8347096494	Q96KQ7	EHMT2
0.1125418509	0.5508407571	Q9BRR8	GPATCH1
0.1676418908	0.7203785112	Q9NPY3	CD93
-0.1204609332	0.4389617621	Q6P9G9	ZNF449
0.117470022	0.6693058669	Q969E2	SCAMP4
0.1136030753	0.72735251	O43824	GTPBP6
0.01232224614	0.9672040645	Q8WV16	DCAF4
0.1490825241	0.4005197218	Q6P0N0	MIS18BP1
0.04885005548	0.8526771419	Q13163	MAP2K5
-0.420759366	0.4271596095	P13686	ACP5
-0.4329148322	0.3230623378	Q96FM1	PGAP3
0.03734341641	0.8480605564	Q13049	TRIM32
-0.2498658016	0.2794161897	Q8NDW4	ZNF248
0.1513771293	0.6987191912	Q8WU58	FAM222B
0.02891139562	0.8807420482	O95985	TOP3B
-0.2733448443	0.3176121796	Q5TAG4	NBPF12
-0.07932059409	0.8518942318	Q6ZTQ3	RASSF6
-0.07772238015	0.6777668265	O60499	STX10
-0.04665421009	0.7849645656	Q9Y3A0	COQ4
0.3968698544	0.2794161897	Q9NQV6	PRDM10
0.2123614227	0.2492922357	Q9Y3B2	EXOSC1
-0.2262140541	0.4116916901	Q96MU8	KREMEN1
-0.2802515266	0.2977380734	Q9UJ14	GGT7
0.3145974118	0.4318903503	Q8IY17	PNPLA6
0.07102314482	0.886803322	P37235	HPCAL1
-0.1873171718	0.3400314251	P20823	HNF1A
-0.1197556652	0.928878233	Q13522	PPP1R1A
0.05701545927	0.8043017333	Q8N1A6	C4orf33
0.4390234107	0.2794161897	Q9GZV4	EIF5A2
0.1871518794	0.3443105929	Q9NWW7	C2orf42
0.1619504911	0.530186832	Q7L5A3	ATOSB
0.03538466822	0.8465183513	Q5PSV4	BRMS1L
-0.1782064839	0.6115103254	Q8N6N6	NATD1
0.2578911584	0.3285264961	Q8N9T8	KRI1
0.2881163989	0.6282096328	P47972	NPTX2
0.02063776366	0.9046897947	Q96IW7	SEC22A
0.113611777	0.5522775799	Q07326	PIGF
-0.02704292446	0.8922534453	Q92832	NELL1
-0.5241675476	0.3712727852	Q9BYP7	WNK3
0.1389705738	0.4338902697	Q8WVM0	TFB1M
-0.1779852327	0.4524792126	Q9NRD5	PICK1
0.2510970851	0.4334781981	Q9UET6	FTSJ1
0.1228969996	0.6446796652	O43303	CCP110
-0.3042348444	0.1883644082	Q9Y3M2	CBY1
-0.4955616586	0.5570097394	Q9UIH9	KLF15
0.1774949531	0.4676110284	Q9UNI6	DUSP12
-0.2620090303	0.3148155269	Q53S58	TMEM177
0.06299708588	0.8836265371	P42772	CDKN2B
0.006033732501	0.9814914356	Q6IQ19	CCSAP
0.2689197479	0.4812161983	Q86WI3	NLRC5
0.02507443903	0.9212639722	O75346	ZNF253
0.4968276264	0.3761742166	O15534	PER1
-0.1116037305	0.6035644615	P34820	BMP8B
0.1324113634	0.671079804	Q9H2J4	PDCL3
-0.08134814041	0.760211114	A6ZKI3	RTL8C
0.003430731884	0.9883552503	Q9Y5L4	TIMM13
0.009055062449	0.9703151884	Q6UWZ7	ABRAXAS1
0.102317657	0.6827433369	Q9BWV3	CDADC1
-0.08592025704	0.7495307417	O00750	PIK3C2B
0.04328679561	0.8375561736	Q9UQ49	NEU3
-0.0838367518	0.6402376582	Q2M2W7	C17orf58
0.2347871405	0.4032249528	O15370	SOX12
-0.09057851898	0.7292179909	Q5VYX0	RNLS
-0.8748489521	0.2798166138	P10124	SRGN
-0.005707545779	0.9833663707	Q9P267	MBD5
0.2367736304	0.3439914345	Q9BV29	CCDC32
0.206551776	0.4386166868	Q9Y5B0	CTDP1
-0.521377859	0.3315253342	Q8N4S7	PAQR4
-0.618019439	0.2380259829	P23763	VAMP1
0.008689572862	0.9624396126	Q8WYH8	ING5
0.3886677033	0.2620174029	Q9H4L5	OSBPL3
-0.0614680967	0.760087367	O95336	PGLS
-0.05654043776	0.7735037457	O95789	ZMYM6
-0.5388348266	0.2229482068	Q13214	SEMA3B
0.3317452227	0.2492922357	P17152	TMEM11
0.03611850926	0.9007025793	Q9UQB8	BAIAP2
0.3091268269	0.2124809558	O75449	KATNA1
-0.0343809029	0.8630321442	A2RTX5	TARS3
0.5042129952	0.2958877404	Q9H4Z2	ZNF335
-0.181607531	0.4282266252	P50443	SLC26A2
-0.193584005	0.7435733474	O14508	SOCS2
-0.05697266313	0.9161958855	Q08431	MFGE8
-0.2090131434	0.4819009559	Q5T440	IBA57
-0.3023836795	0.4493263375	Q13642	FHL1
0.07876689433	0.6634356746	Q9H5V9	STEEP1
0.1506776962	0.4780940289	Q8IWZ8	SUGP1
0.2850558704	0.3468350781	Q9BQ75	CMSS1
0.06475839944	0.7264097239	P17025	ZNF182
-0.1271465774	0.6513755044	Q9P2Y4	ZNF219
0.4030246605	0.2555691565	Q5VWG9	TAF3
0.1366552889	0.5989281426	P12931	SRC
0.03807553578	0.9212639722	Q05513	PRKCZ
-0.06282170363	0.7041158135	O00170	AIP
-0.08559553498	0.6502659893	Q7L3V2	RTL10
-0.4149819517	0.21847452	O75074	LRP3
0.05895192521	0.7549953145	Q86TP1	PRUNE1
0.2182699732	0.3376142228	Q9UDV7	ZNF282
-0.08043915392	0.7924822368	O00623	PEX12
0.1686997103	0.3616713824	Q9NWX6	THG1L
-0.03013687506	0.9093716902	Q9NUD5	ZCCHC3
0.02732565397	0.939885181	O43639	NCK2
0.06898343366	0.7328167883	Q9BPY3	SIRAL1
0.1905885635	0.4385096169	Q0VDF9	HSPA14
-0.6135506971	0.5466228526	O15467	CCL16
0.3089764867	0.3708761111	Q9Y606	PUS1
-0.2198199229	0.5087985565	P29350	PTPN6
-0.1644489801	0.4799186528	Q13432	UNC119
0.1476595756	0.5387511577	Q9H040	SPRTN
0.06246985065	0.8671254124	Q96BX8	MOB3A
-0.07617738841	0.771109368	P78382	SLC35A1
-0.4598983298	0.4631537048	Q86WV1	SKAP1
-0.970454847	0.2743833929	Q96FE7	PIK3IP1
0.01597908464	0.958815596	Q9H6E4	CCDC134
-0.1251297709	0.5841146499	Q7Z7L7	ZER1
0.06675637181	0.7044571096	Q9NXR8	ING3
-0.4248530663	0.2400082042	O60299	LZTS3
-0.1606964969	0.5808154793	Q8NB25	FAM184A
-0.9444863786	0.2229482068	P21709	EPHA1
-0.186855653	0.6283519039	P11309	PIM1
-0.4854365981	0.3316107179	Q5SRE7	PHYHD1
0.1171098222	0.6769482887	O95125	ZNF202
0.1762043915	0.4874849204	P29083	GTF2E1
-0.5180491669	0.3257758601	P54687	BCAT1
0.1298613597	0.4320128871	Q8N5B7	CERS5
-0.1552085595	0.5006706175	Q5VZI3	TMEM268
0.2158315849	0.5145148648	P05423	POLR3D
0.4505073508	0.1580971123	P41161	ETV5
-0.06983852634	0.7008306929	Q9UL36	ZNF236
0.1017646273	0.5728150238	O75971	SNAPC5
0.0454501305	0.87704437	Q8N307	MUC20
-0.2403757338	0.8202823129	O95445	APOM
0.1409261649	0.9086928416	Q13115	DUSP4
0.3085948918	0.4816642885	Q9Y4B5	MTCL1
-0.4077849113	0.4234871924	Q6UX34	SNORC
-0.08599448921	0.5929619755	Q9H0M5	ZNF700
0.1003366192	0.7783344545	Q9BXM9	FSD1L
-0.1029368986	0.668428769	Q3BBV2	NBPF8
-0.09040114931	0.6821760027	P14621	ACYP2
-0.04403069816	0.8602404197	Q96EE4	CCDC126
-0.3484745112	0.3406627422	Q9NRM6	IL17RB
0.04292868677	0.8069425339	Q6P2P2	PRMT9
0.2909888423	0.2124809558	O75586	MED6
0.07304432265	0.7984850075	Q6P280	ZNF529
0.2434586022	0.2794161897	P49840	GSK3A
0.005429424625	0.9789592509	Q96A72	MAGOHB
-0.2043151574	0.4391754155	P35244	RPA3
-0.1369702878	0.4430937511	P15735	PHKG2
0.3732301893	0.2833097975	Q9ULC3	RAB23
-0.1656866393	0.5388765247	Q9P299	COPZ2
0.2495085796	0.2977380734	O15040	TECPR2
0.1247638518	0.4952686144	Q9HCI6	KIAA1586
0.2666624246	0.2469575	Q05655	PRKCD
-0.1581923039	0.737427603	P50549	ETV1
0.03968080064	0.8594183473	Q9UBQ6	EXTL2
-0.02974296929	0.9610237684	P56746	CLDN15
0.3518830817	0.2606799163	Q8N511	VMA12
0.08678817937	0.8776253705	P41221	WNT5A
0.02587136176	0.9254056022	Q5VSY0	GKAP1
0.1874148537	0.4979859463	O96013	PAK4
-0.9026547976	0.4306314884	P10635	CYP2D6
0.1523770924	0.7949452498	Q9HC29	NOD2
-0.1019166791	0.7502454318	Q96F25	ALG14
-0.2209007115	0.3469120191	Q9NPB8	GPCPD1
0.269983036	0.3316107179	Q8WUH2	TGFBRAP1
-0.1218781295	0.6011137214	Q8IYT8	ULK2
-0.09310095865	0.795152826	Q8WUY1	THEM6
-0.1436350676	0.4833445486	Q6P5X5	C22orf39
0.3433531294	0.2854851859	Q9Y692	GMEB1
-0.1544071258	0.5105759958	Q8N5Y8	PARP16
-0.3430222321	0.6446796652	O14529	CUX2
-0.1161150082	0.556033802	P57723	PCBP4
0.03033623403	0.9692648414	Q5T2L2	AKR1C8
0.2239172295	0.328326617	Q5JTD0	TJAP1
-0.04915250598	0.8063325386	Q499Z4	ZNF672
0.4813041257	0.3535084024	Q96RR1	TWNK
-0.4046764349	0.2620174029	O43301	HSPA12A
-0.1072884028	0.6210425217	Q9H0R4	HDHD2
0.0304138614	0.8777350521	Q96KE9	BTBD6
-0.468737092	0.2538389331	Q9NRQ5	SMCO4
-0.2371421847	0.3468350781	Q8N3Y1	FBXW8
0.03403601719	0.8818525591	Q06587	RING1
-0.2350949741	0.3848320385	O00519	FAAH
0.4272806314	0.2380259829	P57678	GEMIN4
0.1389734232	0.4980793691	Q8N8Q1	CYB561D1
-0.2387557076	0.3535084024	Q8TAK5	GABPB2
0.1543096465	0.5059861957	Q8IV50	LYSMD2
0.1052046566	0.6257432279	Q49B96	COX19
0.1956685846	0.4800404701	Q8NE00	SLC38A12
0.6379816539	0.03375573721	Q16778	H2BC21
0.1188610772	0.556031882	Q9H0R3	TMEM222
-0.07555364993	0.7453109405	Q86V97	KBTBD6
-0.5990506833	0.2124809558	P62736	ACTA2
-0.06916521623	0.7615597789	O95059	RPP14
0.04673491609	0.9070245738	Q9Y644	RFNG
-0.1921708102	0.4474620827	Q8WXB4	ZNF606
0.4404491136	0.2976047512	P19623	SRM
-0.1344651681	0.5938675403	A6NFI3	ZNF316
0.1729560645	0.4972416785	O75446	SAP30
0.01636436174	0.9532904073	Q6DHV7	MAPDA
0.2881900266	0.5070113499	Q04726	TLE3
-0.2036521419	0.2620174029	Q9BRH9	ZNF251
0.2549826935	0.236508846	Q96H22	CENPN
0.1850020299	0.5517055658	Q0VDI3	TMEM267
0.1286191962	0.6215179815	O43150	ASAP2
-0.3562258309	0.4816642885	Q15119	PDK2
-0.1592886714	0.5569044514	O75251	NDUFS7
0.1146991282	0.4076717989	Q8N5M4	TTC9C
0.2379831547	0.6367355498	P11166	SLC2A1
-0.05216962287	0.8110522314	Q86W33	TPRA1
0.01355986902	0.9617915609	P16415	ZNF823
-0.06516721704	0.7766915548	O14817	TSPAN4
0.1094705602	0.8155847652	Q96GW9	MARS2
0.3968530137	0.3875188399	Q13895	BYSL
0.1190520157	0.6258088798	Q8N137	CNTROB
0.2275149572	0.3964550205	Q9Y3Q8	TSC22D4
-0.4499085547	0.4498637107	P46952	HAAO
0.2241371552	0.2604270401	P78345	RPP38
0.6514238455	0.4858748668	P05093	CYP17A1
-0.03884998203	0.8194959265	Q9NRX2	MRPL17
-0.155903292	0.60357616	Q9H4I9	SMDT1
-0.2383363147	0.4447897136	Q75T13	PGAP1
0.1429363463	0.563434991	Q9NRD1	FBXO6
-0.03471274314	0.8580276482	Q8TDG4	HELQ
0.02801551754	0.9193841701	Q9Y276	BCS1L
0.1136533906	0.6229537699	O43167	ZBTB24
-0.1241317762	0.6239385588	Q2TAC2	CCDC57
-0.1107591801	0.680857389	Q04864	REL
0.182697784	0.4623119003	Q15428	SF3A2
-0.009972810988	0.9722604938	Q96Q07	BTBD9
-0.09420739226	0.6733756684	Q96A61	TRIM52
0.19500731	0.3661965463	Q7L2R6	ZNF765
0.1600900577	0.3235293759	Q6PIW4	FIGNL1
0.05120707601	0.7276431853	O15182	CETN3
-0.1533329455	0.4480403566	Q8N945	PRELID2
0.2817470353	0.3761742166	Q92558	WASF1
0.2010637894	0.3012873477	Q8IYL3	C1orf174
0.1088752619	0.6531657847	Q03989	ARID5A
0.007174332346	0.9814914356	Q9UII5	ZNF107
0.2560588988	0.3133430329	Q99675	CGRRF1
-0.2354350816	0.370789571	Q9UGQ2	CACFD1
-0.4584899703	0.4498696283	Q86UW2	SLC51B
0.01881760349	0.9805558795	Q8N7C4	TMEM217
0.2908923566	0.349886707	Q9NQR1	KMT5A
0.02124161575	0.9322375346	Q6EMB2	TTLL5
-0.182053513	0.3316107179	O95834	EML2
-0.1556021393	0.430530081	Q4VC05	BCL7A
-0.1998123651	0.5012247263	P10301	RRAS
-0.3193777029	0.3995316298	Q12866	MERTK
-0.3681676665	0.40374116	Q8TBB1	LNX1
0.1678928686	0.5609469163	Q07866	KLC1
0.05352710345	0.8573287092	Q9P0J6	MRPL36
-0.5666424212	0.4304823477	Q5VWP2	TENT5C
-0.1416746765	0.4129449259	Q6UX01	LMBR1L
0.4003349182	0.3315253342	Q14146	URB2
-0.203746642	0.4304823477	Q9Y2B9	PKIG
-0.1786370219	0.552708411	Q16670	ZSCAN26
0.1067424217	0.585362588	Q9NUT2	ABCB8
0.1566145383	0.4390005215	Q9UKI2	CDC42EP3
-0.129879095	0.5759585825	Q9UKA8	RCAN3
0.1983234227	0.4447075961	O94777	DPM2
-0.02786499999	0.924218561	Q96BM1	ANKRD9
-0.2363434538	0.3608173315	Q96GJ1	TRMT2B
-0.3136988667	0.3519560275	Q9HC24	TMBIM4
-0.01543438391	0.9698958057	O94768	STK17B
0.01725781436	0.939885181	Q9BVT8	TMUB1
0.2042355992	0.428100495	O75381	PEX14
0.1222350915	0.5649038634	Q15750	TAB1
0.2084080462	0.467996868	Q9NV56	MRGBP
-0.04729093104	0.8431822178	P36508	ZNF76
0.03118398431	0.8741798348	Q96MD2	KICS2
0.01493021005	0.9455691938	Q7Z2F6	KRABD5
-0.1388608709	0.4538210293	Q53HV7	SMUG1
0.2991757112	0.2700820046	Q9Y3X0	CCDC9
-0.218575822	0.2692700843	Q9NWZ5	UCKL1
0.1305617545	0.6142055338	Q8NG48	LINS1
-0.4447923274	0.3811428824	Q8WWR8	NEU4
-0.09510042248	0.6534077822	Q9H497	TOR3A
0.04216305163	0.8873943326	P42575	CASP2
0.06231120203	0.6934021204	Q0PNE2	ELP6
-0.2592554472	0.4150866092	Q9P0M6	MACROH2A2
-0.03397134883	0.9059681749	Q8IXM3	MRPL41
-0.595805125	0.08255805805	Q9HBG6	IFT122
-0.04727295313	0.9050091192	Q9BT09	CNPY3
-0.1229931386	0.6476855503	Q14289	PTK2B
-0.09259344786	0.7731942647	Q7Z4H4	ADM2
-0.3727752642	0.4155112678	Q6ZSI9	CAPN12
0.3639937784	0.2229482068	Q9ULT0	TTC7A
0.0389911763	0.8567040599	Q9UJK0	TSR3
0.07764712303	0.7385385043	Q9BRD0	BUD13
0.07246978339	0.7229576068	Q15024	EXOSC7
0.1254351923	0.5024576588	Q4AE62	QTMAN
-0.1831292	0.4219650887	Q9HBL8	NMRAL1
0.1685842981	0.5969640367	Q12774	ARHGEF5
0.486876364	0.07736901762	Q9BVQ7	AFG2B
-0.03428965755	0.9116417934	Q8N2M8	CLASRP
-0.03136911096	0.905331196	O94762	RECQL5
-0.5399586237	0.3641745443	Q3MIR4	CDC50B
-0.5121027998	0.2824027943	Q8NHE4	ATP6V0E2
0.2895189277	0.3438758254	Q9UPW6	SATB2
0.002606403357	0.9915858869	Q8NEC7	GSTCD
0.004295396556	0.9903674484	Q8ND25	ZNRF1
0.2260738971	0.4026487913	Q9NTW7	ZFP64
0.00487589283	0.9893279816	Q9BVA6	FICD
0.1195574483	0.5422131051	Q6P087	RPUSD3
-0.08152321976	0.6274261919	Q8N668	COMMD1
0.02245097999	0.9381872994	Q9UN37	VPS4A
0.1196928171	0.6648635201	Q5JPE7	NOMO2
0.08723343081	0.5228135458	Q9BTL3	RAMAC
-0.1160276066	0.6562589515	Q9NRM0	SLC2A9
-0.1899180471	0.3171386538	Q13526	PIN1
-0.003257618579	0.989216937	O00217	NDUFS8
-0.1080969328	0.6634719175	Q86TG1	TMEM150A
-0.07743992249	0.7292746069	Q0VAQ4	SMAGP
0.1967174393	0.6793176252	Q9C019	TRIM15
-0.4685441685	0.3035751783	Q96QU6	ACCS
-0.591110786	0.4354497385	O43236	SEPTIN4
0.05237815644	0.7448992778	O95749	GGPS1
-0.3287671765	0.6191043798	P52789	HK2
-0.2236868286	0.4032249528	Q92934	BAD
0.2481188687	0.543666437	Q8IY34	SLC15A3
-0.2358189789	0.4858748668	O00206	TLR4
-0.2263598508	0.5160053215	Q9H6U6	BCAS3
0.2260864412	0.3316107179	Q9Y6K9	IKBKG
1.692568485	0.1453474844	P26022	PTX3
0.1047957115	0.5694167293	Q99759	MAP3K3
0.1995029224	0.5466228526	Q6IPM2	IQCE
0.1756831664	0.3754976451	Q9UIC8	LCMT1
0.1233670657	0.5765937356	O95237	LRAT
0.1334896077	0.5513594141	Q12788	TBL3
0.2038125093	0.3143349194	P53677	AP3M2
0.3347515597	0.2229482068	Q8IWB1	ITPRIP
-0.05201560361	0.7782591963	Q9H4Z3	PCIF1
0.1036566221	0.4807291635	Q96NB3	ZNF830
0.09588851185	0.4549292088	Q96CF2	CHMP4C
0.2960047485	0.3687489394	Q9H900	ZWILCH
-0.1394903474	0.4733924869	Q9BYN8	MRPS26
0.2166680492	0.3933770199	Q9BYE7	PCGF6
-0.009404677538	0.9674033697	Q6P4H8	ATPSCKMT
0.002304525722	0.9908048973	O76039	CDKL5
-0.9798007688	0.3524969228	P29973	CNGA1
-0.02476235502	0.9528349608	P57772	EEFSEC
0.07957199918	0.5709714163	P51157	RAB28
0.123072385	0.7575875424	P22303	ACHE
-0.1275143309	0.539685751	O43309	ZSCAN12
0.1010893278	0.6082348541	O60307	MAST3
0.274952386	0.1999093721	Q9BQ15	NABP2
0.2033201844	0.6508970634	P55042	RRAD
-0.453477039	0.2833097975	Q02153	GUCY1B1
0.7532332132	0.2797430696	Q92985	IRF7
-0.7584951411	0.1814925525	Q9H251	CDH23
-0.04201033019	0.915786983	P48047	ATP5PO
-0.1433004144	0.4390005215	Q96T60	PNKP
-0.0927025317	0.4816642885	Q8IYR2	SMYD4
0.06939132602	0.7953758229	Q9BV10	ALG12
0.244017194	0.3305911846	Q9BRT8	ZNG1A
-0.1249196855	0.6114002101	Q9H5F2	CFAP68
0.1303570265	0.6642655498	O15541	RNF113A
0.2215248765	0.579325952	Q03252	LMNB2
0.008266215828	0.9656903223	Q9BQA5	HINFP
-0.03709328973	0.8918040423	O15131	KPNA5
-0.1669976737	0.4911493439	Q9NVD3	SETD4
0.1697069916	0.4919588296	A5D8V6	VPS37C
-0.2248884878	0.3171386538	Q5VZM2	RRAGB
-0.002445271196	0.9903674484	Q16740	CLPP
0.08927062786	0.6619955252	Q9Y314	NOSIP
-0.5012031992	0.175421593	Q9P232	CNTN3
0.16572816	0.3913122839	P21127	CDK11B
-0.08358987766	0.6322713117	Q9Y2G7	ZFP30
0.0167003394	0.9612840169	Q8IW50	FAM219A
0.3324942895	0.2813011845	Q8N1G1	REXO1
0.1061720896	0.6463608006	Q96NA2	RILP
0.1696921758	0.5208375369	O43299	AP5Z1
0.1780269666	0.3932687716	Q0VDD8	DNAH14
-0.2728493989	0.3139777246	Q9NPH0	ACP6
0.1588922286	0.4592320454	Q96MD7	C9orf85
-0.08842255249	0.7066911065	Q9H773	DCTPP1
0.2702588355	0.3083514961	A1X283	SH3PXD2B
-0.132168104	0.5655594352	Q8IZ69	TRMT2A
0.08474007971	0.6532569044	Q9NUW8	TDP1
0.05041056246	0.9050091192	Q9HCD6	TANC2
0.6989727258	0.1814925525	P35442	THBS2
-0.2562095051	0.2395165404	Q86WT1	IFT70A
0.0749072287	0.6990137972	Q6PH85	DCUN1D2
0.1586202192	0.5041593412	Q9H1D9	POLR3F
0.449917409	0.2190423902	P26006	ITGA3
-0.01143248922	0.9850384865	Q6ZRR5	TLCD5
-0.1077953042	0.8307634193	Q11206	ST3GAL4
0.282695349	0.4819009559	P52746	ZNF142
-0.1522289797	0.3738743462	Q9UJW8	ZNF180
-0.2023198839	0.4003662308	P30536	TSPO
0.1977850634	0.2692700843	Q15361	TTF1
-0.09200258144	0.6446796652	Q9H6Q4	CIAO3
0.2256802052	0.2692700843	Q96IR2	ZNF845
0.177390691	0.4244866729	Q9NQT5	EXOSC3
-0.4314489643	0.3335628184	Q13332	PTPRS
0.2945570336	0.3316107179	P55085	F2RL1
0.01029979073	0.9720325252	Q6P2H3	CEP85
0.127512212	0.679009149	Q9NTI7	INKA2
-0.1401782149	0.4501853184	P40937	RFC5
0.3315200631	0.3130859445	Q6NW40	RGMB
0.04112219541	0.8828846607	Q8TBP5	FAM174A
0.1150146013	0.5790119577	Q9P2Q2	FRMD4A
-0.2180289588	0.4307926527	Q96LT9	RNPC3
0.001509372587	0.9957376348	Q6PJ69	TRIM65
0.4410311107	0.4645608102	Q15678	PTPN14
-0.8574785198	0.236508846	Q86U10	ASPG
0.05048843159	0.8466303939	Q32NC0	RMP24
0.3212762547	0.1580971123	P61024	CKS1B
-0.1889274087	0.545483533	Q9BQ04	RBM4B
-0.1612882083	0.5011255588	Q9UJX6	ANAPC2
0.2707527986	0.3353711437	Q7Z353	HDX
0.02708255697	0.9646759912	Q15434	RBMS2
-0.9598316427	0.1288571157	P21757	MSR1
-0.2444563874	0.5540073521	Q9BZF3	OSBPL6
-0.2243023078	0.5279243948	P51793	CLCN4
0.1595999451	0.3607769157	Q9Y6X2	PIAS3
-0.08228428414	0.7056934456	O00628	PEX7
0.392256329	0.6175775464	P49910	ZNF165
-0.1273381948	0.7168148411	Q9Y2A9	B3GNT3
-0.0777894839	0.8114893564	A6NGB9	WIPF3
0.1275921982	0.4903587906	Q92994	BRF1
-0.01576256403	0.928385142	Q9H944	MED20
0.1734813328	0.550926845	Q9Y2X0	MED16
0.06496792187	0.7035681554	Q5BJH7	YIF1B
0.1841346449	0.3114647237	Q8ND24	RNF214
0.3163113337	0.2229482068	Q9UKD1	GMEB2
0.03821063915	0.8525065218	Q7Z309	PABIR2
-0.4812811044	0.4380570496	P35558	PCK1
-0.7302115706	0.356380111	Q9UHI7	SLC23A1
0.2061477245	0.5388765247	Q15329	E2F5
0.07765391728	0.6586042931	Q9BWN1	PRR14
0.1397648526	0.5048257217	P52429	DGKE
-0.4125747026	0.2124809558	Q8N0Y2	ZNF444
-0.3389514721	0.3660306754	Q6UY01	LRRC31
0.2038898827	0.4816642885	O60931	CTNS
0.2133831677	0.4390005215	Q9NRP4	SDHAF3
-0.3327123639	0.2400082042	Q8N8E2	ZNF513
0.1692064341	0.4317011679	Q9Y5B8	NME7
0.1669552993	0.5117685836	A0A1W2PQ72	MSANTD7
-0.9562034119	0.3738743462	Q8NCR9	CLRN3
0.2385416729	0.3926555533	Q71SY5	MED25
-1.165893897	0.2620174029	P47871	GCGR
0.2640157669	0.209440983	Q96QE5	TEFM
-8.865910473e-05	0.9996450378	Q8WUD4	CCDC12
0.1334922193	0.4410890532	Q86UD4	ZNF329
0.2380689588	0.3271158858	P84095	RHOG
0.07640389176	0.6987035598	O43464	HTRA2
0.1952732902	0.4036863424	O75398	DEAF1
0.07124257764	0.7421277797	Q19AV6	ZSWIM7
0.3392466502	0.1814925525	Q6ZNG1	ZNF600
0.4511665332	0.2720522052	Q7Z7B1	PIGW
-0.429883656	0.5470176887	Q7LFX5	CHST15
-0.0689997938	0.6542928998	Q2TAA5	ALG11
-0.1549956755	0.6851542166	P21266	GSTM3
-0.2606395041	0.2599913037	Q9NXG6	P4HTM
-0.3089417267	0.2718212749	Q9ULI2	RIMKLB
-0.1776532646	0.6356485458	Q9UDT6	CLIP2
-0.002225461863	0.9938102274	P09132	SRP19
-0.3608943299	0.5709020027	P32942	ICAM3
0.2333445594	0.5709714163	Q9GZN2	TGIF2
0.5558350415	0.482102778	Q9UPY5	SLC7A11
0.2988977253	0.4676110284	Q99758	ABCA3
0.1286633993	0.5388765247	Q8IWZ6	BBS7
-0.1783862172	0.5361163641	P60602	ROMO1
-0.2780116164	0.2300930989	O15068	MCF2L
-0.3989359574	0.5030101182	P45381	ASPA
0.2616747203	0.3537959864	Q8NB16	MLKL
0.2681704281	0.3000009959	P27707	DCK
0.1327406854	0.678306344	Q8WV07	LTO1
0.01435737321	0.937544359	Q9NXL9	MCM9
0.05074610445	0.7875152346	Q04656	ATP7A
-0.3834928433	0.2526549736	O43598	DNPH1
-0.4206772153	0.2679238355	Q9Y6I8	PXMP4
-0.07728491242	0.6605838874	Q6IBW4	NCAPH2
0.3194825505	0.2443719363	Q8N3Z3	GTPBP8
0.08745210254	0.7402307991	Q8WXB1	METTL21A
-0.1292123889	0.498058099	Q5TGY1	TMCO4
-1.088456506	0.1580971123	Q9GZW8	MS4A7
0.353553176	0.3315253342	Q76M96	CCDC80
0.04232349566	0.8896999207	Q8TBC3	SHKBP1
-0.03521151593	0.8819406716	Q9H875	PRKRIP1
-0.6760720174	0.2380259829	P08575	PTPRC
-0.1984912019	0.4001786342	Q96D53	COQ8B
0.1287144514	0.4941669458	O95619	YEATS4
-0.1201502038	0.6508970634	Q8TD43	TRPM4
-0.01501069326	0.963846698	O75817	POP7
0.3464408792	0.3646526881	O60220	TIMM8A
-0.2161518642	0.5681966169	Q6XQN6	NAPRT
-0.1420165675	0.5072602346	Q68D91	MBLAC2
-0.3676183218	0.3382851921	Q8N8N7	PTGR2
0.2099813088	0.4557933663	Q9Y584	TIMM22
0.06797685586	0.8076200463	Q8TEU7	RAPGEF6
0.2920689203	0.3598561474	Q96ME1	FBXL18
0.2634631344	0.4645608102	P55199	ELL
0.1838028253	0.3075081595	Q9Y575	ASB3
-0.09798209608	0.6059126343	P51784	USP11
-0.06035770639	0.8768325429	O15409	FOXP2
-0.2138928247	0.3148155269	Q0VGL1	LAMTOR4
0.09743915394	0.6446796652	Q9NRP2	CMC2
0.1768494981	0.4695708763	O75461	E2F6
0.1502541873	0.787984046	Q16643	DBN1
-0.1300247873	0.6961319784	Q8N0W5	IQCK
-0.150136036	0.5709714163	Q8NDL9	AGBL5
-0.05336053588	0.8829055195	Q9H2X0	CHRD
0.1114656037	0.8291208208	P15018	LIF
-0.06083103539	0.8524381245	Q01995	TAGLN
-0.1212798275	0.5929619755	Q4LDG9	DNAL1
0.1019157324	0.593855372	Q92989	CLP1
-0.07566598362	0.737018619	Q9BUF7	CRB3
-0.05533065763	0.7773440849	Q9P0U4	CXXC1
0.1094009558	0.7282228567	Q99583	MNT
0.2122471328	0.4560697038	Q8N3J2	METTL4
-0.3584263786	0.1572948102	Q9BU61	NDUFAF3
-0.1905745067	0.4189681042	Q9H0N5	PCBD2
0.09641310252	0.4841822062	O95639	CPSF4
-0.2306661466	0.2855879675	Q96MW5	COG8
-0.04859541458	0.8734002006	Q9ULJ1	ODF2L
-0.4574541723	0.2794161897	Q96FV2	SCRN2
-0.04187064231	0.9117822895	Q8N5I9	NOPCHAP1
-0.2020859478	0.6999936276	Q9UK53	ING1
0.0213745847	0.9481629817	Q969L4	LSM10
0.2272810519	0.4948813734	Q7Z2H8	SLC36A1
0.2554091434	0.2797430696	P33897	ABCD1
-0.05129992265	0.8321006756	O75864	PPP1R37
0.0180119758	0.9311835652	O95159	ZFPL1
0.09134483344	0.7972822623	Q96F44	TRIM11
0.1145729758	0.7357444556	Q8NEF3	CCDC112
0.2829261846	0.3035751783	Q96GM1	PLPPR2
-0.3478162689	0.3035751783	Q96A59	MARVELD3
-0.02310765624	0.9729432225	P61254	RPL26
-0.120257406	0.4337186482	O60683	PEX10
0.1789484555	0.4086189603	Q6PI98	INO80C
-0.004262412894	0.9862322038	Q9UPQ8	DOLK
0.1369331189	0.4819009559	Q693B1	KCTD11
-0.01927831414	0.9168192608	Q9Y2B2	PIGL
-0.2347382132	0.4506718425	Q8TB24	RIN3
0.1871355187	0.4280332808	P31321	PRKAR1B
-0.1127149375	0.5702616535	Q96AZ1	EEF1AKMT3
0.306088085	0.3845811382	Q9C004	SPRY4
-0.1460504252	0.5308662367	Q9NTG7	SIRT3
-0.1635039438	0.5041593412	P61165	TMEM258
-0.03007649154	0.9672403466	Q5VX71	SUSD4
-0.1524672505	0.5215027608	Q9H5H4	ZNF768
-0.04390581224	0.9086928416	Q15173	PPP2R5B
0.02748583228	0.891281205	Q96H72	SLC39A13
0.0345421269	0.8807420482	Q14CB8	ARHGAP19
-0.07398893427	0.7614318238	Q96FB5	METTL25B
0.2226945925	0.263415668	P17031	ZNF26
0.2630447315	0.4819009559	Q99576	TSC22D3
0.130344407	0.4959300831	Q969M7	UBE2F
-0.3354505318	0.3601485488	O14618	CCS
-0.4541836386	0.3285264961	Q9GZT4	SRR
-0.1006766482	0.8076095717	Q5T5D7	ZNF684
-0.4710889081	0.2400082042	O00590	ACKR2
-0.06822270721	0.7483198982	O60290	ZNF862
-0.144033292	0.7003520473	O95049	TJP3
0.4841820209	0.5609469163	Q6UXY8	TMC5
0.2625633428	0.3515376418	P35249	RFC4
0.236894027	0.3392653621	Q99801	NKX3-1
-0.03291501411	0.9150195588	Q9Y5X2	SNX8
-0.0595808284	0.8035720173	Q719H9	KCTD1
0.1805577068	0.4422928238	Q96BH1	RNF25
0.04138683372	0.8846410141	Q9UNY4	TTF2
-0.4528091645	0.4865382527	O43278	SPINT1
0.3518269504	0.2807286993	Q9H0W8	SMG9
0.1605994913	0.4816642885	P33240	CSTF2
0.1822894616	0.4819009559	Q9HD34	LYRM4
0.09408592858	0.785461322	O00512	BCL9
-0.2300210116	0.325848368	Q69YZ2	TMEM200B
0.019760747	0.9543533877	Q7Z6V5	ADAT2
0.1034275993	0.7024050813	Q9UHL9	GTF2IRD1
-0.69978606	0.3215466516	P08F94	PKHD1
0.03741530812	0.8477022532	Q8WXD5	GEMIN6
-0.326158238	0.3273099828	Q86SS6	SYT9
0.1910369227	0.4545219898	O60268	KIAA0513
0.2231080057	0.4023377655	Q8N6I1	EID2
-0.2567988427	0.5761121682	Q96AX2	RAB37
0.01897142388	0.9231751968	P52435	POLR2J
-0.2132923574	0.7942778497	P41279	MAP3K8
0.1180624485	0.4756977175	Q9NVE7	PANK4
-0.02606577379	0.929774105	P56703	WNT3
0.1937275509	0.37287708	Q6NXR4	TTI2
-0.008788631203	0.9836434634	Q07912	TNK2
-0.2962796968	0.4662923129	Q5T2T1	MPP7
-0.174776061	0.3863576683	O43924	PDE6D
-0.1732687333	0.4716769495	Q96LW4	PRIMPOL
0.06269164415	0.8202823129	Q2NL67	PARP6
-0.05106725456	0.8988849661	P18440	NAT1
-0.1978340581	0.4100062891	Q86YN6	PPARGC1B
-0.5939355362	0.4390005215	Q07325	CXCL9
-0.411422263	0.3000009959	P01040	CSTA
-0.03841825991	0.9260898527	Q9BT40	INPP5K
-0.2818331209	0.3544874489	Q8IWT3	CUL9
0.3924700027	0.203078386	Q9BTF0	THUMPD2
0.1959634268	0.5626033794	Q5U3C3	TMEM164
0.005754876146	0.9837984142	Q9C0C4	SEMA4C
-0.07591852744	0.7022108278	Q5JTZ9	AARS2
0.003152088998	0.986813438	Q9BT92	TCHP
-0.2757152202	0.3601485488	Q9UMX1	SUFU
-0.1921283936	0.5645750846	P18074	ERCC2
0.3300360731	0.2794161897	O94889	KLHL18
0.4074487634	0.1914704449	Q12873	CHD3
-0.4020937287	0.2797430696	O43292	GPAA1
0.3180593947	0.5290098406	O00180	KCNK1
-0.01553634636	0.9450238542	Q8IUH3	RBM45
-0.04421166291	0.8360038576	Q9Y5A6	ZSCAN21
-0.07226959006	0.6541725298	Q8N8Q3	ENDOV
-0.1278573138	0.5828433265	P0DJJ0	SRGAP2C
0.1758782107	0.8232884198	Q15050	RRS1
-0.1408721008	0.522489534	Q9Y2K6	USP20
0.02408455116	0.9406174384	O15067	PFAS
-0.6640098562	0.4756977175	Q5XG92	CES4A
-0.01766729885	0.9436684036	Q96MY1	NOL4L
0.05429603694	0.8110522314	Q9Y4A0	JRKL
0.1259811547	0.5547707522	Q8TAQ5	ZNF420
0.1700223887	0.3758597522	O00154	ACOT7
-0.8770762702	0.3897050794	Q04609	FOLH1
0.1608405895	0.5751086559	O15235	MRPS12
0.1247124376	0.6638587846	P61764	STXBP1
0.2919762044	0.3492632578	Q8N183	NDUFAF2
-0.3185601997	0.5173977322	P35348	ADRA1A
-0.5599246091	0.2124809558	Q5VVW2	GARNL3
0.1556614718	0.6055337267	O60331	PIP5K1C
0.0938811867	0.8174378092	P15531	NME1
-0.2244673012	0.6577778099	P42568	MLLT3
-0.01665056003	0.9408993843	Q9BUR5	APOO
-0.08543327313	0.610200269	Q6ZR52	ZNF493
0.2616413356	0.2976047512	Q8NA72	POC5
0.07460195565	0.8173029779	Q8NCC3	PLA2G15
-0.1181207544	0.6733756684	Q8IX15	HOMEZ
0.2680665866	0.3519560275	Q9H3P2	NELFA
-0.2349978063	0.599188081	O15344	MID1
-0.3703452816	0.2516917651	Q5VTY9	HHAT
-0.05288509755	0.7689115004	Q9P086	MED11
0.2161850874	0.2692700843	Q6NUN9	ZNF746
0.1692313187	0.3631985979	O43502	RAD51C
-0.3788207286	0.2124809558	Q96MT7	CFAP44
-0.06463243226	0.7292179909	Q8WWV3	RTN4IP1
-0.4853583843	0.1105590242	Q9BW83	IFT27
-0.1478945383	0.6114472625	Q6P1X6	C8orf82
-0.01583856284	0.9450238542	Q9NQ31	AKIP1
0.1994937202	0.4621000236	Q8IUH4	ZDHHC13
-0.02535608843	0.9123271447	Q13424	SNTA1
0.2315687418	0.4206022237	Q86UY8	NT5DC3
-0.307968226	0.705866754	P25106	ACKR3
-0.05542231137	0.8555256187	Q86XJ1	GAS2L3
0.2401666456	0.3055777347	Q9H5U6	ZCCHC4
0.1467573088	0.5938675403	O14770	MEIS2
-0.01036879436	0.9487615006	Q5JUW0	KRABD4
0.06995672657	0.7896682779	Q96BW1	UPRT
0.677835413	0.1389274101	P20908	COL5A1
-0.02714134999	0.9268947588	P51956	NEK3
-0.2650919286	0.2794161897	P51811	XK
0.0195081042	0.937544359	Q5VYV7	SLX4IP
-0.1006512308	0.7215390434	Q8N8L6	ARL10
-0.1826691833	0.3315253342	Q9UMR2	DDX19B
0.2614995051	0.4754825406	Q9Y2X7	GIT1
-0.008613850439	0.9610237684	Q8IVP5	FUNDC1
0.2027187736	0.4228418455	O75604	USP2
-0.4154688553	0.3867892431	Q96HD9	ACY3
-0.2434515868	0.4076717989	Q96BR1	SGK3
-0.2707593799	0.4049390036	Q6DN12	MCTP2
-0.7354835834	0.3351205473	P35858	IGFALS
-0.0006133188009	0.9979857593	Q86VZ2	WDR5B
-0.184235208	0.40374116	Q92995	USP13
-0.02687349412	0.8547893362	Q6N075	SLC61A1
-0.4524185442	0.2808741936	Q96MI6	PPM1M
0.3343471992	0.2586382726	Q8IYL2	TRMT44
0.03982138221	0.854969013	Q8N554	ZNF276
0.834983331	0.539553061	P15514	AREG
0.2057530816	0.3742835577	Q9NRC8	SIRT7
0.2684362496	0.2229482068	Q9H9A7	RMI1
0.1247951357	0.599188081	O75564	JRK
-0.2544523117	0.3608173315	Q8IZD4	DCP1B
0.09595104284	0.6249948188	Q15569	TESK1
-0.02247349382	0.9406241148	P56377	AP1S2
0.2273966358	0.3749670799	Q96HR8	NAF1
0.246225361	0.2692700843	P58557	YBEY
0.1396465704	0.6990848742	Q8TBF2	PRXL2B
0.04257987917	0.8057519626	Q9Y2C4	EXOG
-0.1480121832	0.6251465197	Q8WVR3	TRAPPC14
-0.1328974474	0.5339257535	Q96DB2	HDAC11
-0.08450807897	0.6650485321	Q9BRJ6	CHLSN
0.07530604079	0.813223698	P15884	TCF4
0.2919620311	0.4249954038	Q9H0B6	KLC2
0.3302108901	0.2622954816	Q6NW29	RWDD4
0.0607394115	0.8215912748	Q8NHM5	KDM2B
-0.01541398275	0.9610237684	Q86X53	ERICH1
-0.1515412381	0.5096212643	Q9NX07	TRNAU1AP
-0.2430696784	0.6381460665	P07093	SERPINE2
-0.242802693	0.3646526881	Q86UT6	NLRX1
0.2592964571	0.3685513966	Q8IXZ2	ZC3H3
0.1115508809	0.7402296234	Q9NZJ6	COQ3
-0.02584061344	0.9105040408	Q7Z4H3	HDDC2
-0.6803049669	0.3990328806	P22891	PROZ
0.043059883	0.8201417178	Q8N988	ZNF557
-0.01342365943	0.9774013847	Q9UGQ3	SLC2A6
-0.05244807283	0.8274136696	Q9NVM4	PRMT7
0.0454762541	0.8609538334	Q8WU76	SCFD2
0.06885894968	0.8174331105	O95476	CTDNEP1
-0.0366820804	0.9250421923	A0A096LP01	SMIM26
0.3799030829	0.3202574841	P57768	SNX16
0.1358046568	0.6154898745	Q6NS38	ALKBH2
0.0644744224	0.8763884411	O95631	NTN1
0.08822120173	0.7072975175	Q8IZV2	CMTM8
-0.06217436417	0.7136012763	Q86VG3	IFTAP
-0.2369908048	0.3394374786	Q7Z695	ADCK2
0.1658991021	0.4948813734	Q96ST8	CEP89
-0.4999046972	0.08999624649	P13569	CFTR
-0.3025815484	0.2526721579	Q4VXU2	PABPC1L
0.05840464575	0.6541725298	Q96JM7	L3MBTL3
-0.09539711817	0.7787129816	P61129	ZC3H6
0.04325931627	0.8607030626	Q9Y6B7	AP4B1
0.7459507556	0.1479631748	P62807	H2BC4; H2BC6; H2BC7; H2BC8; H2BC10
0.04103786734	0.8824257979	Q4VC44	FLYWCH1
0.7635942276	0.2870513895	Q9UMW8	USP18
-0.1244753364	0.561011384	Q86UY6	NAA40
0.05944839193	0.8634028111	Q9NQC8	IFT46
-0.1232263397	0.5746164977	Q9NQZ6	ZC4H2
0.1829100957	0.4207624267	Q96GI7	FAM89A
0.04246506324	0.8641308815	P51508	ZNF81
-0.1244126198	0.7143414407	Q13495	MAMLD1
0.2607158709	0.2380259829	O60294	LCMT2
0.04264941332	0.9094620735	Q6UWL2	SUSD1
0.191890517	0.386952181	Q53GI3	ZNF394
0.1367511864	0.5908096678	Q6RW13	AGTRAP
-0.05830495133	0.8135630539	Q8IWY9	CDAN1
-0.1471013333	0.5446637692	O77932	DXO
-0.4324032361	0.2229482068	P22570	FDXR
0.0619450123	0.760934188	Q9UHN1	POLG2
0.1437051782	0.8178761347	P49703	ARL4D
0.1615251556	0.6634480919	Q5T686	AVPI1
-0.07299681647	0.759039422	Q8TB36	GDAP1
-0.0739737594	0.7035681554	O43805	SSNA1
-0.008058910273	0.9833986469	Q9H2G4	TSPYL2
-0.1212325503	0.8547893362	O75030	MITF
0.03251647005	0.9312610458	Q9NQC1	JADE2
0.279672909	0.3535084024	O00592	PODXL
0.0290768302	0.8206609671	Q5BJH2	TMEM128
0.04209363761	0.8841457902	Q96L58	B3GALT6
0.1987423193	0.3806327166	Q9H8K7	PAAT
0.126062941	0.7650687929	Q96JK9	MAML3
0.3529490866	0.3692787513	Q9H8X2	IPPK
0.2985950318	0.5112376625	Q9NQ88	TIGAR
-0.3087722636	0.2124809558	Q86U42	PABPN1
-0.3096617888	0.4231209463	Q6GMR7	FAAH2
0.04675272745	0.8273229236	Q96MN5	TCEANC2
-0.0904399412	0.6428073727	Q96B77	TMEM186
0.06010214759	0.7079548098	P20226	TBP
0.1031716172	0.6114002101	P62312	LSM6
0.1219996777	0.7345653773	Q8WXE0	CASKIN2
0.1113665789	0.6815903652	Q13574	DGKZ
0.02573328388	0.9072121394	Q969R8	ITFG2
-0.09215506519	0.7778813834	Q02833	RASSF7
0.0157283747	0.9729220286	Q9UBM1	PEMT
-0.4028398892	0.2720522052	Q9NZR1	TMOD2
0.1856264212	0.4032249528	Q8WUI4	HDAC7
-0.4103588907	0.2692700843	Q8WVB3	HEXD
-0.2872972952	0.6787836464	Q569K4	ZNF385B
-0.05754499418	0.8375561736	Q3YEC7	RABL6
0.3598238013	0.239936602	Q96M11	HYLS1
-0.2747548938	0.4776997686	Q9BT43	POLR3GL
0.06229298518	0.8762008747	Q13796	SHROOM2
0.223472979	0.4136510748	Q96N11	INTS15
-0.1093183091	0.5929619755	Q6PFW1	PPIP5K1
0.2778405938	0.244104077	Q8WXE9	STON2
-0.2670014466	0.2769184659	Q76N32	CEP68
-0.03655873126	0.8420227959	Q96CS2	HAUS1
0.01308000947	0.9585434276	Q8TAV0	FAM76A
-0.253959073	0.5996029219	Q7Z4I7	LIMS2
-0.5476255849	0.3493031826	Q5VT66	MTARC1
0.01534617225	0.9835371095	P04731	MT1A
-0.1946775632	0.3161162829	Q9H6P5	TASP1
-0.1246359833	0.6799050758	Q9UBI1	COMMD3
-0.3948674267	0.4270942209	Q96R06	SPAG5
-0.1231493777	0.5173977322	Q9UGP5	POLL
0.2775112948	0.4538210293	Q14147	DHX34
0.06753984005	0.7561841057	Q8IWL3	HSCB
0.3181331498	0.2876575184	Q9BQA1	WDR77
-0.156961586	0.5721064855	Q8WUJ1	CYB5D2
0.1473802119	0.4288451835	P98182	ZNF200
-0.183005469	0.4378769245	Q9H0F6	SHARPIN
-0.02615383557	0.886803322	Q9BR84	ZNF559
0.5750518449	0.5111020624	Q9UBD6	RHCG
0.1220151204	0.6757680754	Q9H0W7	THAP2
0.2139293856	0.4888459068	P34059	GALNS
-0.1988537139	0.5744242774	Q9NPD5	SLCO1B3
-0.2285414137	0.4952686144	Q8NBR0	TP53I13
-0.4611671498	0.2229482068	O95865	DDAH2
-0.1067732927	0.6281111107	P82251	SLC7A9
-0.09776150732	0.6627230603	Q8WV48	CCDC107
-0.1152253439	0.6673646893	Q86UT8	CENATAC
0.04835167782	0.8176867632	Q9UL49	TCFL5
0.04412248466	0.8671921751	Q71H61	ILDR2
0.1655098773	0.550926845	Q9HB29	IL1RL2
-0.09190733505	0.652992365	O95167	NDUFA3
0.4599105036	0.2679238355	Q08AG7	MZT1
-0.3101133208	0.5112376625	P41440	SLC19A1
-0.1485091865	0.5369490745	Q3MIS6	ZNF528
-0.0640288391	0.7737130078	Q9UFG5	C19orf25
0.08017781772	0.6324532468	P52744	ZNF138
0.5539457067	0.2273281833	Q12805	EFEMP1
-0.1821793985	0.3739295082	Q16795	NDUFA9
0.05480325007	0.8110522314	Q9UK45	LSM7
-0.3918270976	0.3708761111	Q9H2I8	LRMDA
0.08183069625	0.7805698338	Q92502	STARD8
-0.1434165903	0.6232334925	P14649	MYL6B
-0.1444259235	0.7419115674	P27930	IL1R2
0.06472763362	0.7145518184	Q96ER3	SAAL1
0.01170176775	0.9668046938	Q15814	TBCC
-0.009444339591	0.9698958057	P17019	ZNF708
0.06934248451	0.6731125565	P39748	FEN1
0.3901912765	0.3392653621	Q14137	BOP1
-0.7102683775	0.203078386	Q6ZUT6	CCDC9B
0.2874765383	0.3951597531	Q9UJ42	GPR160
-0.6317913633	0.5734985885	Q9ULW5	RAB26
0.1106785173	0.5707387014	Q15696	ZRSR2
-0.1572287218	0.4868725134	Q96K75	ZNF514
-0.1690333953	0.5041593412	Q6NZ67	MZT2B
-0.08897085145	0.7076209843	Q16560	SNRNP35
-0.1286962463	0.5743968583	Q6P1K1	SLC48A1
-0.1496549706	0.6257432279	Q15843	NEDD8
0.1183481254	0.5929619755	Q9H1K6	TLNRD1
-0.0747105511	0.8225376971	Q9BXV9	GON7
0.4081724913	0.3249399129	Q8TBR7	TLCD3A
-0.01297232218	0.9729220286	P08237	PFKM
-0.07446415916	0.7832687667	Q86XD8	ZFAND4
0.2587814751	0.4521390616	Q12980	NPRL3
-0.2673716519	0.3035751783	O43307	ARHGEF9
-0.04970717759	0.8763884411	Q99417	MYCBP
0.01998843326	0.9135462023	Q9NQY0	BIN3
0.1077411303	0.6652242161	Q8TAE8	GADD45GIP1
0.2826005186	0.3114647237	Q9BZ67	FRMD8
0.3802801598	0.533662832	Q9BZQ8	NIBAN1
-0.2480199697	0.4833445486	Q6P2H8	TMEM53
-0.4686524081	0.2742883911	Q8N465	D2HGDH
-0.1443508603	0.6827153298	O95571	ETHE1
0.2301300218	0.512822466	Q92622	RUBCN
0.2496021245	0.4209141464	Q01970	PLCB3
-0.1943521244	0.2783705437	P52737	ZNF136
-0.1907103687	0.3130859445	Q6UW63	POGLUT2
-0.1841447383	0.4733924869	P16949	STMN1
-0.1704268816	0.4524068223	O95183	VAMP5
-0.04644766997	0.8548262223	Q9BVJ7	DUSP23
0.20169409	0.3265123202	Q86TS9	MRPL52
-0.09693773029	0.6782896096	Q9BXR0	QTRT1
-0.1645832526	0.8176867632	P08727	KRT19
0.2864993632	0.4364208418	O75558	STX11
-0.3935669583	0.3625980098	Q15052	ARHGEF6
0.09653435159	0.5792565298	P42229	STAT5A
0.05375582598	0.7983844536	Q9UHI8	ADAMTS1
0.0054565324	0.9851847835	Q96A05	ATP6V1E2
0.1943756371	0.3392339682	Q9BSM1	PCGF1
-0.2145144107	0.4984138589	O15105	SMAD7
-0.2227010926	0.3015234954	Q13705	ACVR2B
-0.2219855481	0.4110019729	P0CF97	ZBED11
0.2561722193	0.236508846	Q8NDZ2	SIMC1
0.05819396259	0.8014446117	Q8N6S5	ARL6IP6
0.2157110857	0.3953883092	Q9NR33	POLE4
1.587461624	0.2229482068	Q9UQV4	LAMP3
-0.3032793025	0.3011764384	Q8NFI3	ENGASE
-0.4685822407	0.4214128623	P10826	RARB
-0.03703572272	0.9014039725	Q8TE82	SH3TC1
0.01001217216	0.9616763128	Q8IV32	CCDC71
-0.3279654695	0.2601589944	Q7Z7L9	ZSCAN2
0.0580343943	0.8682219821	B2RBV5	MRFAP1L2
0.146335716	0.5290098406	P60002	ELOF1
-0.02387623192	0.972423057	O95158	NXPH4
0.1894317671	0.7489941344	O75310	UGT2B11
0.2955987535	0.5111124467	P13645	KRT10
0.005325146425	0.9810504289	Q9P0N9	TBC1D7
-0.2958543405	0.236501118	Q15170	TCEAL1
-0.2505141676	0.3284732602	Q12979	ABR
-0.1271090991	0.6948268947	Q96I36	COX14
0.1991568066	0.5226157675	Q96G04	EEF2KMT
0.5135985979	0.04481398001	Q9Y448	KNSTRN
-0.9593999544	0.1716636568	P28067	HLA-DMA
1.196575202	0.3674857173	P17066	HSPA6
-0.3410618004	0.4354096558	P00374	DHFR
0.2120383309	0.6286242294	P48029	SLC6A8
0.07130651241	0.7594449386	Q8N2W9	PIAS4
0.04201393246	0.8393292856	Q969W8	ZNF566
-0.05410674847	0.8454083722	Q9H6W3	RIOX1
-0.146887819	0.4628070321	Q8N5M1	ATPAF2
-0.2632742527	0.50857292	P53370	NUDT6
0.006752243784	0.9820706092	Q8TAB5	C1orf216
-0.3490876782	0.335429016	P09455	RBP1
0.04332407298	0.8455526816	Q5VV17	OTUD1
-0.1739498067	0.3866805541	Q8WV93	AFG1L
0.2854454416	0.7454554784	P52823	STC1
0.1595726393	0.612197543	Q96HB5	CCDC120
-1.023998975	0.2317769936	Q9P212	PLCE1
-0.2431827148	0.3454507095	Q9UL01	DSE
0.1152725338	0.4419922591	Q9H147	DNTTIP1
0.4103341242	0.8202823129	Q9NR63	CYP26B1
0.3348108059	0.5769010839	Q96DX8	RTP4
-0.04066066531	0.9152496507	Q5SRH9	TTC39A
-0.9293885074	0.2045207476	B5MCY1	TDRD15
0.0005637797338	0.9979318208	Q14249	ENDOG
-0.08364197679	0.8144518273	Q92947	GCDH
-0.01629543852	0.9469955474	Q9H7X7	IFT22
0.3003461918	0.335429016	Q8NB90	AFG2A
-0.110288886	0.6513755044	Q9NYL4	FKBP11
0.1542759509	0.5011255588	Q14839	CHD4
-0.1098006684	0.8299425392	Q4KMQ1	TPRN
-0.1739588406	0.5503781435	Q96MP8	KCTD7
0.04901275629	0.7966486677	Q96AX1	VPS33A
-0.08213166081	0.7402307991	P67775	PPP2CA
0.03908901994	0.8435417346	Q9NZQ3	NCKIPSD
-0.1304401706	0.4645608102	Q9Y2W6	TDRKH
-0.3832403439	0.3382851921	Q6IPW1	C11orf71
-0.009153536577	0.9685022745	Q96S82	UBL7
0.1987272187	0.7641725393	Q53GG5	PDLIM3
0.1731498907	0.5405711187	Q9BWG6	SCNM1
-0.04617030696	0.830432029	Q8TC05	SAXO6
-0.2581481487	0.4378769245	P49765	VEGFB
0.147959795	0.5386135346	Q7Z5W3	BCDIN3D
-0.009952950583	0.973770975	Q7L4E1	MIGA2
-0.1554225511	0.4994393761	Q9P0W8	SPATA7
-0.3207151822	0.3515376418	Q6Q6R5	CRIP3
0.2813483189	0.4175589136	Q8N413	SLC25A45
-0.03665068966	0.8780468239	Q2M3R5	SLC35G1
-0.038741657	0.8582424247	Q5CZA5	ZNF805
0.1451839968	0.4979007868	Q96F63	CCDC97
0.006551634626	0.9833663707	Q5FWF7	FBXO48
0.1352895225	0.3695267867	Q9BYV8	CEP41
-0.263977877	0.3892700824	P63208	SKP1
-0.1320802335	0.6757928287	Q8TA94	ZNF563
0.2722332776	0.3781165209	Q6ZP29	SLC66A1
-0.331622615	0.3596657368	P36405	ARL3
-0.3187776051	0.4304823477	Q9H213	MAGEH1
0.08867016844	0.5899660645	Q9Y2H2	INPP5F
0.1054971162	0.6331620621	P0C7U1	ASAH2B
0.02957776718	0.8836851518	Q86XA0	METTL23
-0.07105625229	0.7999344123	P51688	SGSH
-0.2943774003	0.4079969503	Q8WVC6	DCAKD
-0.2808523712	0.3495674857	Q96IT1	ZNF496
-0.1096590909	0.5091052102	Q6P9B9	INTS5
-0.09713337613	0.5426820159	Q9Y366	IFT52
-1.10836146	0.09511172915	P01911	HLA-DRB1
-0.09236127074	0.7706229467	Q5VV41	ARHGEF16
-0.2542174979	0.496833637	Q86Y01	DTX1
0.2515963529	0.3152490618	P38935	IGHMBP2
-0.009888550922	0.9656903223	Q8IYI8	ZNF440
-0.1955422767	0.711562132	P04839	CYBB
-0.2706940474	0.2971028184	Q9BRJ7	NUDT16L1
-0.2360103722	0.3817266531	Q9NSA3	CTNNBIP1
-0.4075310805	0.293085554	Q6ZV65	FAM47E
0.1273636723	0.585857341	Q6ZUS6	CCDC149
-0.2019257537	0.352932244	Q9H160	ING2
0.03593554115	0.8284624869	Q5TB80	CEP162
-0.2421297275	0.3800204998	Q9P2N7	KLHL13
-0.0352092081	0.8433005699	Q96AJ1	IFT38
0.2970392512	0.4378769245	P35680	HNF1B
0.2183669945	0.4488603619	Q8NEY1	NAV1
-0.06156166606	0.9329871479	Q7Z6Z6	PNPLA5
-0.084532072	0.7314040369	P10827	THRA
-0.3046187277	0.2977380734	Q96Q05	TRAPPC9
-0.1406066681	0.6261928706	Q9UFB7	ZBTB47
-0.696786036	0.2229482068	Q2M3M2	SLC5A9
0.3258343827	0.1914704449	Q3MHD2	LSM12
-0.3582578875	0.3035751783	Q6ZS27	ZNF662
0.1805898547	0.4295851345	Q9NXP7	GIN1
0.1902184628	0.3661965463	Q92990	GLMN
-0.246439898	0.542383075	Q99558	MAP3K14
0.02114497778	0.928878233	Q6R2W3	SCAND3
0.3496277565	0.2718212749	O43324	EEF1E1
0.2532065854	0.5139647697	Q96C10	DHX58
0.2697792459	0.2819768936	Q96SD1	DCLRE1C
0.4179626562	0.2469575	Q16270	IGFBP7
0.132039086	0.6781958736	P46531	NOTCH1
-0.1753318084	0.6044642898	Q2T9J0	TYSND1
-0.2604306775	0.5556536488	Q9Y5L2	HILPDA
0.02406449126	0.9406174384	O94892	ZNF432
-0.3546657435	0.2807617949	Q9UQF2	MAPK8IP1
0.04084133223	0.8063325386	Q9Y484	WDR45
0.1554890211	0.5608911341	Q99575	POP1
0.07506852895	0.8358118237	Q9H8M5	CNNM2
0.1587672835	0.4939493257	P62072	TIMM10
-0.4613244855	0.3988865278	Q9NQ25	SLAMF7
-0.02398042483	0.9548061875	Q9NSY2	STARD5
-0.4444185726	0.2305737559	Q5JS13	RALGPS1
0.1575422668	0.7385385043	O14788	TNFSF11
-0.3880741844	0.6254361459	P24462	CYP3A7
-0.02087389379	0.942200477	Q5XKL5	BTBD8
0.110837971	0.6357421402	Q9UJW9	SERTAD3
-0.3185081008	0.2807286993	Q3MIN7	RGL3
-0.1500444503	0.4859326728	Q9BU19	ZNF692
0.3540082241	0.236508846	Q6ZRY4	RBPMS2
-0.1828913111	0.4819009559	Q96FZ7	CHMP6
0.2318353168	0.3151164272	Q9HCM9	TRIM39
0.06043351644	0.8985893769	O43819	SCO2
0.02997257008	0.9464507556	Q8ND07	BBOF1
-0.2723339663	0.2515579634	P49184	DNASE1L1
-0.3665162575	0.244104077	Q96C03	MIEF2
-0.1676573939	0.3825845681	Q3SYG4	BBS9
0.04599990172	0.8684512165	Q9NX74	DUS2
0.05545698041	0.8206609671	Q6NX49	ZNF544
-0.1981263229	0.5774980564	Q8IW00	VSTM4
0.410526652	0.2775599619	Q8NET8	TRPV3
0.1181808548	0.613113947	Q6AZZ1	TRIM68
0.4555018281	0.2333695589	Q9UBU7	DBF4
0.2099833643	0.3668633231	P55789	GFER
-0.1015707505	0.6787751026	Q9BWD3	RTL8A
-0.2395965579	0.339805939	Q9NRP7	STK36
0.06497543999	0.7843863024	Q8NE22	SETD9
0.2157444179	0.3400535634	Q6NSZ9	ZSCAN25
0.1028272301	0.6274361395	P09884	POLA1
-0.01505383177	0.9512562587	Q9ULV8	CBLC
0.1695014194	0.6777668265	Q9Y5Z0	BACE2
-0.6469531999	0.3140978151	Q24JP5	TMEM132A
0.028284712	0.9105830941	Q8WUQ7	CACTIN
0.2457931279	0.3811428824	P56524	HDAC4
0.1954051417	0.3539578429	Q969H6	POP5
-0.3262840457	0.3664088218	Q13023	AKAP6
-0.7365337022	0.2601589944	O15205	UBD
-0.08346257934	0.7988125305	Q9H0Z9	RBM38
0.4157832164	0.3069258723	Q8IXL7	MSRB3
0.06144365619	0.7475829852	Q96C36	PYCR2
-0.09715621262	0.6032426765	Q86VV8	RTTN
-0.4928884597	0.5087985565	Q9H246	C1orf21
0.08856561176	0.8493454635	Q9UHF1	EGFL7
-0.4001301761	0.3055777347	Q9ULV5	HSF4
-0.0623374223	0.7984072674	Q5SZL2	CEP85L
0.31175717	0.5520819212	P41134	ID1
0.06836175134	0.6782896096	Q12901	ZNF155
-0.08368757531	0.785461322	Q9NUJ3	TCP11L1
-0.1465765044	0.5508407571	Q05823	RNASEL
0.005994428612	0.9738062549	Q9H0Y0	ATG10
-0.2576568391	0.3055777347	A2RU14	TMEM218
0.2777981729	0.236508846	Q9HBI1	PARVB
0.2326664801	0.4231209463	Q8IVC4	ZNF584
-0.6184505297	0.4835199496	Q86XE5	HOGA1
-0.3162090646	0.3083514961	Q96FI4	NEIL1
-0.457566676	0.2379999528	Q9BXI9	C1QTNF6
0.004353279603	0.9884217612	Q9BZG8	DPH1
0.1581584503	0.5287480291	Q6NSJ5	LRRC8E
0.03089603261	0.9193121395	Q8IU81	IRF2BP1
-0.1075172177	0.7168148411	P60006	ANAPC15
0.08022830693	0.6220488784	P83369	LSM11
0.04934899157	0.8641308815	O15015	ZNF646
0.1034915323	0.6593010143	Q9H9P5	UNKL
-0.09066193927	0.6209823087	Q96IK0	TMEM101
-0.04598091632	0.8063325386	Q6P4F1	POFUT3
-0.1027111162	0.5233556746	P52736	ZNF133
-0.2566910986	0.4153120582	Q9NNZ3	DNAJC4
0.1266942249	0.8585106178	Q8IZ41	RASEF
0.2356359288	0.3775575138	O95396	MOCS3
0.3097179373	0.3316107179	Q8N9B4	ANKRD42
0.1302708508	0.4659970231	Q3SXZ3	ZNF718
-0.1454276519	0.5566193862	Q9Y473	ZNF175
0.1213544656	0.6999936276	P55201	BRPF1
0.1691393707	0.3749670799	Q8N7B6	PACRGL
0.2171983401	0.2190423902	Q9Y3C7	MED31
0.261025731	0.3532010558	Q96EA4	SPDL1
0.3163889767	0.343694891	P49247	RPIA
-0.2467904114	0.5328203098	P13807	GYS1
0.02075667137	0.9277485867	Q9BTV6	DPH7
0.2217583558	0.3687489394	Q99594	TEAD3
0.02688257466	0.905331196	Q9H410	DSN1
0.009335318048	0.9729220286	Q13105	ZBTB17
0.1465949559	0.3670654924	Q13470	TNK1
0.2290902911	0.534345034	O60336	MAPKBP1
-0.2711848353	0.2934233067	Q9NY64	SLC2A8
-0.1572903977	0.6063048742	Q9UKS6	PACSIN3
-0.03610538362	0.8568996432	Q9UPG8	PLAGL2
-0.04545617487	0.7932712738	Q96LW9	ZSCAN31
0.01766952204	0.9543533877	Q9P1U0	POLR1H
-0.1070021146	0.7627839737	Q9BQ69	MACROD1
0.2154864671	0.6257432279	Q8IVW8	SPNS2
-0.2766642246	0.3539578429	Q96S21	RAB40C
-0.1307990397	0.5544031079	Q9ULC8	ZDHHC8
0.2721959122	0.4651266651	O43739	CYTH3
-0.4961637935	0.3393082422	Q8NBQ7	AQP11
-0.5188025064	0.2976047512	P07451	CA3
0.1218908762	0.5740578021	Q16595	FXN
0.1311480603	0.5538134414	Q9H5Z1	DHX35
-0.1144803279	0.5702616535	Q9NRH3	TUBG2
0.08416888299	0.6918460818	Q9P2G4	MAP10
-0.5418890681	0.4979007868	Q8N371	KDM8
-0.4553805758	0.3141710427	P15121	AKR1B1
0.05245241762	0.8975701276	Q9H7P9	PLEKHG2
0.3415022707	0.289642089	P35227	PCGF2
0.01156214504	0.9569935243	Q96CS4	ENSG00000156853
-0.6996784059	0.3608173315	Q17RC7	EXOC3L4
-0.3511531644	0.2976047512	Q8TAU3	ZNF417
-0.1209306199	0.5196877313	Q9UBV7	B4GALT7
-0.1073753823	0.6446796652	Q9NRR6	INPP5E
0.1702535623	0.3515376418	Q8TD10	MIPOL1
-0.08431901165	0.937544359	Q8IWU6	SULF1
0.5082253075	0.1675056705	Q9H9S4	CAB39L
-0.1525628528	0.5626737482	Q16798	ME3
-0.005902782825	0.9785696364	Q6P9B6	MEAK7
0.3680246241	0.175421593	Q9ULD5	ZNF777
-0.136701651	0.5518462447	Q8IUX4	APOBEC3F
0.1200737303	0.5665326428	Q86XI2	NCAPG2
0.2770651625	0.4189681042	Q66K74	MAP1S
0.1291364261	0.6444283915	P13994	YJU2B
0.115977671	0.6052476947	Q3MII6	TBC1D25
-0.1610976414	0.5291103526	A8MT69	CENPX
-0.05698022783	0.7829812283	Q96ER9	CCDC51
0.1504490736	0.5290098406	P54278	PMS2
0.1804107446	0.7234977785	P53814	SMTN
0.1744363837	0.4909559784	Q9H5I1	SUV39H2
0.04970671017	0.8109486411	P43250	GRK6
-0.281211523	0.3279489729	P10074	ZBTB48
0.1272846274	0.5291920115	O14957	UQCR11
0.1115373123	0.4819009559	P98177	FOXO4
-0.1069404164	0.6787836464	Q9BRQ3	NUDT22
0.06680754446	0.7770419268	Q9NRH1	YAE1
-0.141127327	0.6445815097	Q92478	CLEC2B
-0.3137519638	0.2229482068	A8K0R7	ZNF839
-0.4459778281	0.3068124093	Q96PE7	MCEE
-0.3648089717	0.3739295082	Q8NER5	ACVR1C
0.05583881399	0.830432029	Q9BUY5	ZNF426
0.09081664346	0.691951388	Q6NSI8	SANBR
0.1178708405	0.5953056271	Q9Y5U2	TSSC4
-0.6854259731	0.1440771689	P19878	NCF2
-0.02644663075	0.9189054961	Q96I13	ABHD8
0.3489619864	0.4587190771	Q5T9A4	ATAD3B
-0.08984940458	0.6280207941	Q8IYU2	HACE1
0.3047932139	0.4198220295	P19367	HK1
0.01276016907	0.9551232764	Q9BY31	ZNF717
0.08055402203	0.8194959265	Q9ULK2	ATXN7L1
0.1044680614	0.533233168	Q9NPE2	NGRN
0.1075285346	0.5365976205	P63218	GNG5
0.01651730786	0.9502244003	Q9Y5Y5	PEX16
0.2002890126	0.5316648998	Q9NZL4	HSPBP1
-0.02332397669	0.9073806427	Q70IA6	MOB2
-0.1047150284	0.6235368785	Q8N9V3	WDSUB1
0.03729857067	0.874281913	O95149	SNUPN
-0.4646347966	0.5749769516	Q8IUA7	ABCA9
-0.003388443755	0.9911271871	Q15572	TAF1C
-0.007324065	0.9821225325	Q9UKT5	FBXO4
0.1219754141	0.6799107544	Q9BW71	HIRIP3
-0.2426727802	0.5021132593	P49448	GLUD2
0.1071146414	0.8702280156	P33527	ABCC1
-0.004474969245	0.9929883466	Q9BXS9	SLC26A6
-0.03375904001	0.9063704709	O95363	FARS2
-0.06118950127	0.7007110377	O14978	ZNF263
0.1030150678	0.7185026407	Q16635	TAFAZZIN
-0.6526568492	0.6356485458	Q02928	CYP4A11
-0.7241243339	0.1504038516	Q8NAA4	ATG16L2
-0.02310778028	0.934606748	Q9BZE9	ASPSCR1
0.2474031309	0.4698782516	Q9H9H4	VPS37B
0.2190863883	0.3666769422	A0JLT2	MED19
0.1278882221	0.8076459014	O15318	POLR3G
-0.009714843534	0.9729220286	Q9NVM6	DNAJC17
0.07244321077	0.6799050758	Q8WUZ0	BCL7C
-0.1424316956	0.7924822368	Q92915	FGF14
0.2224025352	0.3408745616	Q92834	RPGR
0.2879937762	0.4595502322	P62166	NCS1
0.03040788041	0.8671813114	Q9NV88	INTS9
0.170858709	0.4373385838	Q8IVS2	MCAT
0.1867645356	0.3055777347	Q9Y2V0	CDIN1
-0.081744242	0.7485301901	Q6PG37	ZNF790
-0.25145943	0.5397648945	Q9H607	OCEL1
0.04336649028	0.8804230462	Q2M2Z5	KIZ
-1.010707197	0.2333695589	P52564	MAP2K6
0.05935470976	0.8912615643	Q15562	TEAD2
-0.2455767975	0.2762435409	Q8N0V3	RBFA
-0.419331164	0.4209868667	Q9NS68	TNFRSF19
-0.3339627091	0.4107882152	P56559	ARL4C
0.07987928307	0.7567476131	Q9H867	VCPKMT
0.3907471617	0.1748843889	Q8IUR5	TMTC1
-0.3614664367	0.3169789726	Q12829	RAB40B
-0.3422159586	0.2677486456	Q8N187	CARF
-0.1770270365	0.4219650887	Q9BRK4	LZTS2
0.07404333722	0.711562132	Q6P1L6	ZNF343
0.2999621926	0.3507304096	O14863	SLC30A4
-0.9395751176	0.3021658077	P30279	CCND2
-0.3825225873	0.2333695589	Q9C099	LRRCC1
0.2857946707	0.5224074537	P25189	MPZ
-0.8481663432	0.2124809558	P50895	BCAM
0.1846898631	0.5777702867	Q16548	BCL2A1
-0.7049665484	0.3130859445	Q92824	PCSK5
0.2302465701	0.3835332046	O14893	GEMIN2
0.2046068054	0.5715943039	Q9HCM3	KIAA1549
0.01409650331	0.9443988497	Q66K89	E4F1
-0.09660003241	0.6341946355	Q6PJG6	BRAT1
0.24218108	0.7402296234	P09619	PDGFRB
-0.3591116267	0.4063333967	Q92871	PMM1
-0.7655509076	0.3311147198	P61073	CXCR4
0.4666723763	0.3091937578	O95672	ECEL1
0.3883468468	0.4207308411	Q9NVI7	ATAD3A
0.2245954306	0.2691554346	Q13426	XRCC4
0.3852778548	0.3279489729	Q9NWX5	ASB6
-0.340788312	0.3821788134	Q6IBS0	TWF2
-0.06060117023	0.8386016876	Q86YV9	HPS6
0.3567434559	0.2971028184	Q9NR12	PDLIM7
0.1969476362	0.5162973701	Q96I76	GPATCH3
-0.2076531017	0.5271076079	P10176	COX8A
0.171583703	0.3077712193	Q5T5J6	SWT1
0.5445925911	0.1678958818	Q9Y4K0	LOXL2
-0.1076452889	0.7035604675	Q96AX9	MIB2
-0.9010796876	0.5624155003	Q02985	CFHR3
-0.5521769742	0.2720522052	Q92506	HSD17B8
-0.441983556	0.4780940289	Q99527	GPER1
0.3702388353	0.2380259829	Q9H0I3	CFAP263
-0.03089374708	0.8999853366	P17040	ZSCAN20
0.2599243527	0.2934821188	Q02086	SP2
0.08998301406	0.7782243597	Q86XN8	MEX3D
-0.0007940495265	0.9978035341	A0PJW6	TMEM223
0.0008101703196	0.9974658118	Q9UFC0	LRWD1
0.1876854869	0.3840688752	Q8WTV1	THAP3
-0.003676133353	0.9835247414	Q9GZX5	ZNF350
0.2125885845	0.3955170585	Q9Y333	LSM2
-0.06675983186	0.9513621135	Q9HB55	CYP3A43
0.007919168976	0.9785696364	Q5SXM2	SNAPC4
0.1115115805	0.5446637692	Q8TEQ0	SNX29
-0.4108071904	0.3623177806	Q9P2K2	TXNDC16
0.2774649857	0.2707248195	Q96NL6	SCLT1
-0.01788625628	0.9452064635	Q8N8J6	ZNF615
0.1888580135	0.3811428824	Q93075	TATDN2
-0.1384358169	0.7677329902	O60462	NRP2
0.1250498669	0.6082864399	P48380	RFX3
0.1106381772	0.9329500896	P45844	ABCG1
-0.1252804894	0.6462770139	Q8IYN0	ZNF100
0.1646516803	0.5513594141	Q9Y592	CEP83
-0.2036488591	0.4373385838	Q96LL9	DNAJC30
-0.1002678562	0.87704437	Q8TER0	SNED1
0.03099546899	0.8594183473	O60830	TIMM17B
-0.3334171728	0.3316107179	Q9H1Q7	PCED1A
-0.3686115542	0.2333695589	Q9BWF3	RBM4
0.1902732698	0.4979007868	Q2M3X9	ZNF674
-0.03056425913	0.9103820323	Q9Y5Y2	NUBP2
-0.2455482982	0.4524068223	Q96B33	CLDN23
0.01070646769	0.9863625625	Q05DH4	FHIP1A
-0.1556717453	0.6301673021	Q5T2D3	OTUD3
-0.007089545329	0.9930492663	Q9BZY9	TRIM31
-0.5065065143	0.3398508733	Q8N264	ARHGAP24
0.0566529567	0.8882492393	Q96FJ0	STAMBPL1
-0.1179507449	0.7545691148	Q96FC7	PHYHIPL
-0.004066270972	0.9892176349	Q9NVQ4	FAIM
-0.9893947665	0.3562306873	Q8IWW8	ADHFE1
0.1962639533	0.742475128	Q14019	COTL1
-0.02210930327	0.9231751968	Q6ZS11	RINL
0.03968979471	0.9013749045	Q5SQH8	C6orf136
0.20636338	0.5702616535	Q8WXC6	COPS9
-0.1667772446	0.4874936722	Q96N19	GPR137
-0.09169002636	0.8001330524	Q9H0H3	KLHL25
-0.08010876046	0.6815903652	Q9BVC4	MLST8
-0.1218540137	0.6938422902	Q9P2H5	USP35
0.3905126741	0.2538696801	Q8TDQ7	GNPDA2
0.1529120831	0.5661521381	Q6UB28	METAP1D
-0.1778538643	0.5999483504	Q92833	JARID2
-0.1805416364	0.3637145513	Q6NZ36	FAAP20
-0.006156122885	0.981408162	Q9BS34	ZNF670
0.2659328376	0.3403114619	Q5VU97	CACHD1
-0.2422760039	0.3937371805	Q9BXP2	SLC12A9
0.08866871697	0.8804877737	Q8NFR9	IL17RE
0.005968664783	0.9893279816	Q9NQ11	ATP13A2
0.2978068624	0.263415668	Q53S33	BOLA3
-0.2946858257	0.375297381	Q5FWF6	ZNF789
0.3120807955	0.3661316132	P25116	F2R
-0.004460831448	0.987949429	Q5TAA0	TTC22
-0.3193497836	0.3349098788	A1L020	MEX3A
0.07594330167	0.8689606342	Q5T2R2	PDSS1
-0.05580732793	0.8371999406	Q5T0U0	CCDC122
0.4084494793	0.3975408408	Q9NXK6	PAQR5
0.1212228747	0.6121575317	O43597	SPRY2
0.2127930853	0.4422387134	Q53H54	TYW2
0.1643318536	0.4764255305	Q9NUL7	DDX28
-0.01823266316	0.9569935243	Q92519	TRIB2
0.0493750059	0.8063325386	Q8IUF1	ZNG1B
-0.09393425409	0.8707056342	Q9BT56	SPX
-0.5095753459	0.3156228138	Q8NET6	CHST13
-0.1038033702	0.6494364852	Q1RMZ1	SAMTOR
0.05937970008	0.7287385194	Q9BW85	YJU2
-0.0007152318981	0.9978417496	Q96Q45	TMEM237
-0.4139513325	0.3840688752	P35218	CA5A
0.09605399585	0.5794567355	Q8N9N5	BANP
-0.2536585576	0.8391830652	Q6Q0C1	SLC25A47
0.005824758106	0.9892176349	Q08AE8	SPIRE1
-0.1806754507	0.3212346127	Q96MT8	CEP63
-0.2087798489	0.2980008618	A4D161	FAM221A
0.4768077928	0.2576673623	Q9HD67	MYO10
-0.2319806065	0.4598370097	Q13608	PEX6
0.1348505064	0.4443182796	Q32NB8	PGS1
-0.2589026009	0.4520124549	Q8N9R8	SCAI
0.1479657733	0.5938675403	Q15910	EZH2
0.1961235754	0.4889402357	Q9NWR8	MCUB
-0.5507210678	0.328326617	P48061	CXCL12
-0.003829180697	0.9903135465	P40938	RFC3
0.1575093374	0.5373135545	P57071	PRDM15
-0.3549812472	0.2045207476	Q8TCT7	SPPL2B
-0.0993728948	0.6110075736	A6NED2	RCCD1
-0.09533723334	0.6630109291	P49407	ARRB1
0.09930162019	0.6581487869	Q9BUU2	METTL22
-0.128104379	0.4516734223	O14734	ACOT8
-0.049894169	0.8069183965	Q5MCW4	ZNF569
0.0001375408543	0.9996450378	Q4W4Y0	DORIP1
0.02337332497	0.9579082537	P82675	MRPS5
0.003150045135	0.9904604932	P43351	RAD52
0.2495923561	0.5176158405	Q8WUB2	FAM216A
-0.02884486255	0.929774105	Q9C0K3	ACTR3C
-0.2140353085	0.467802389	Q5XKR9	VCF2
0.5148789405	0.3772683648	Q9NQ30	ESM1
-0.2438048757	0.2794161897	Q9H4B0	OSGEPL1
0.1426371702	0.6841375972	Q7Z6L1	TECPR1
-0.07460129331	0.8307634193	Q4KMP7	TBC1D10B
-0.5122523962	0.5112376625	P30047	GCHFR
0.1139786024	0.6880171591	Q8NCE0	TSEN2
0.003181610045	0.9899238818	Q5EBL4	RILPL1
-0.06929077698	0.6848495217	O00522	KRIT1
0.1275832604	0.4385096169	Q8TCP9	ZBED8L
0.1074628682	0.4534919678	Q9HAW0	BRF2
-0.04868111463	0.7770419268	Q9HCK0	ZBTB26
-0.1235966043	0.4645608102	Q96AC6	KIFC2
0.2851005486	0.38702235	P01112	HRAS
0.2030299388	0.6220488784	A1L3X0	ELOVL7
-0.3891772497	0.2229482068	Q86T96	RNF180
0.08399612004	0.69685706	O94967	WDR47
0.1848478167	0.5426820159	Q9BVG9	PTDSS2
-0.1761381685	0.6463031915	Q9HCR9	PDE11A
-0.07050131563	0.7841921338	Q15048	LRRC14
-0.081682137	0.744196727	Q0VG06	FAAP100
-0.2550672016	0.5605088846	O95847	SLC25A27
-0.06482100086	0.7743227571	O15535	ZSCAN9
-0.02065468606	0.9543533877	A2RU67	FAM234B
-0.008694604555	0.972423057	Q9H6U8	ALG9
-0.1389628568	0.734716161	Q7Z713	ANKRD37
-0.2868388727	0.3806327166	Q9H6X4	TMEM134
-0.474958856	0.2971028184	Q96NB2	SFXN2
0.02624373561	0.9474501223	Q6NSI4	RADX
0.2691890762	0.6610760342	P48436	SOX9
0.04972278444	0.9105040408	P52824	DGKQ
0.240645351	0.4044564621	Q12981	BNIP1
-0.03355072986	0.8888061934	P50583	NUDT2
0.1986927481	0.5100360261	Q96P11	NSUN5
-0.3327681604	0.493007621	P21741	MDK
-0.3335440499	0.4545219898	P15813	CD1D
0.1421506532	0.5338797142	P49842	WHR1
0.3219914401	0.4171546825	P17948	FLT1
0.1358972283	0.5127365222	O95568	METTL18
0.1032409995	0.6999936276	Q9H9F9	ACTR5
-0.4126433006	0.4215241419	P98164	LRP2
0.006782630889	0.9841434079	Q6ZNJ1	NBEAL2
-0.4579027571	0.3077916084	Q9HCL3	ZFP14
0.1662728212	0.4306510961	Q9NXK8	FBXL12
-0.1232717402	0.6669581295	Q53GL0	PLEKHO1
0.09957773266	0.650898519	Q6NXT1	ANKRD54
0.06181242311	0.8346411801	Q03924	ZNF117
0.3869580643	0.2942674818	Q9BXK1	KLF16
-0.02167635149	0.9565175707	Q9HCH0	NCKAP5L
-0.2900244733	0.3747003547	Q6PJ21	SPSB3
-0.08627082567	0.7626633536	Q6UX98	ZDHHC24
-0.07962704803	0.7735037457	Q8IX07	ZFPM1
-0.1060964273	0.6270325785	A0A0U1RRE5	NBDY
-0.1807168811	0.3955170585	Q9NR20	DYRK4
-0.4260650728	0.1479631748	Q5H9R4	ARMCX4
0.218472036	0.3603180017	P41231	P2RY2
-0.115457444	0.4676110284	Q14588	ZNF234
-0.1720385284	0.5366333598	B4DX44	ZNF736
0.1253120085	0.4979859463	P17030	ZNF25
0.2185817714	0.4828837904	Q9NXR1	NDE1
0.1805813725	0.4819009559	Q9BV38	WDR18
0.2508662956	0.5441475978	Q15573	TAF1A
0.009351429568	0.9784195595	Q96CC6	RHBDF1
-0.1628166578	0.5108583041	Q969G3	SMARCE1
0.1935234181	0.3406627422	O60765	ZNF354A
-0.1070433854	0.8800285978	Q9ULD9	ZNF608
0.1599143498	0.4971963267	P28698	MZF1
-0.09280691072	0.8621680436	P10415	BCL2
0.125156187	0.5142685322	Q96LX8	ZNF597
-0.1300318684	0.625435685	Q86SG6	NEK8
-0.2454868622	0.8134570765	Q96K78	ADGRG7
-0.3383995788	0.3097743641	Q9NZC7	WWOX
0.08322178713	0.659552295	Q8N184	ZNF567
0.2902642082	0.4523929413	O00300	TNFRSF11B
0.5233983132	0.2333695589	P33552	CKS2
0.2132040407	0.5716014678	P35968	KDR
-0.3353122808	0.2813619255	P43353	ALDH3B1
-0.613913208	0.3204896501	Q9BQB6	VKORC1
-0.06330104705	0.8584108212	Q96G01	BICD1
-0.3624060494	0.5066351636	O60356	NUPR1
-0.45907775	0.3932687716	P20701	ITGAL
0.05799412143	0.8437824575	A1L188	NDUFAF8
0.2409003386	0.4819009559	Q9NVX2	NLE1
-0.7494205972	0.1887734921	O95876	WDPCP
-0.182165149	0.4865965888	Q8NFZ8	CADM4
0.008314258905	0.9748262953	Q96S52	PIGS
-0.2837742564	0.4049390036	Q9Y680	FKBP7
0.08758110985	0.7114189995	P50748	KNTC1
-0.1741375939	0.3480777993	Q6ZUM4	ARHGAP27
0.03849158748	0.9092010803	Q8WVX9	FAR1
0.01757886931	0.969039392	P53667	LIMK1
-0.09698990169	0.6114002101	P55211	CASP9
-0.1227226582	0.6274361395	P82970	HMGN5
-0.1598635011	0.5908096678	Q5XKP0	MICOS13
0.1355984082	0.6616719091	O75676	RPS6KA4
-0.03054664003	0.8918070539	Q86Y25	ZNF354C
-0.7490833248	0.3270646788	P31152	MAPK4
0.7619296431	0.258253828	Q7RTS1	BHLHA15
-0.3443837765	0.3817793558	Q7Z736	PLEKHH3
-0.1380640994	0.5914277764	O43447	PPIH
0.09067576517	0.6697323007	Q17RP2	TIGD6
-0.131451541	0.6669018784	A6NHX0	CASTOR2
-0.2461233321	0.3887747614	Q53QV2	LBH
0.02476320091	0.9151705728	Q24JQ0	SLC35D4
-0.03671211222	0.8798111135	P15622	ZNF250
-0.2010558661	0.4265513112	Q9UNE2	RPH3AL
-0.04634502195	0.8756836291	O95980	RECK
-0.2466590668	0.5665326428	P07951	TPM2
-0.01184355405	0.9656903223	A2RRH5	WDR27
0.1944818478	0.3350012755	Q9H3S4	TPK1
0.2825489232	0.2716138434	Q9H1U9	SLC25A51
0.07477104202	0.7375623849	Q5JVG2	ZNF484
-0.08247142902	0.7945978397	Q8WWT9	SLC13A3
-0.1749524798	0.6404916741	P31641	SLC6A6
-0.06482586803	0.714685021	Q96DE9	EOLA2
-0.04361858048	0.937544359	Q5VUD6	DIPK1B
-0.03514523047	0.8827302513	Q9H3H3	C11orf68
0.4929257768	0.3932687716	P03956	MMP1
-0.7596103814	0.1748843889	O60486	PLXNC1
0.4103586086	0.3088998706	Q8TBE7	SLC35G2
1.634560528	0.08999624649	Q08629	SPOCK1
-0.1502571456	0.5802330782	Q6P3X8	PGBD2
-1.177642685	0.426847197	Q9ULC6	PADI1
0.1568613111	0.4824240384	P51522	ZNF83
0.05749169181	0.8176867632	Q9NVI1	FANCI
-0.1530412957	0.695555039	O60602	TLR5
0.0876615151	0.796508984	Q9H1C4	UNC93B1
-0.06817608142	0.7654882433	Q86UU1	PHLDB1
-0.4042835855	0.2795030993	Q96BJ8	ELMO3
-0.2840732628	0.6199466782	Q9NZU5	LMCD1
0.3879094901	0.2880586045	Q9UHK0	NUFIP1
-0.4662336885	0.2692700843	Q8NAB2	KBTBD3
-0.3080651509	0.4239714168	Q9BYZ6	RHOBTB2
0.2464638614	0.477796621	Q8TED9	AFAP1L1
-0.2927182819	0.1914704449	Q9BY41	HDAC8
-0.04604816222	0.8319372475	Q8IU57	IFNLR1
0.1519158416	0.5547707522	Q76EJ3	SLC35D2
-0.3044597921	0.5799264395	O14543	SOCS3
0.1809690248	0.5761121682	Q04912	MST1R
-0.209156717	0.4529072777	Q53GT1	KLHL22
0.1615186653	0.5994945393	Q8N8A6	DDX51
0.110008228	0.6782896096	Q6NWY9	PRPF40B
0.2945624679	0.4254459096	Q9NZG7	NINJ2
-0.1359906267	0.5751792292	Q9ULD6	INTU
-0.2576862681	0.4868725134	Q9H7C9	AAMDC
-0.05861316246	0.8078407856	Q6ZSJ8	C1orf122
0.1494248023	0.5731769385	Q9HCJ0	TNRC6C
-0.003622945711	0.9842615354	Q8N0Z6	TTC5
-0.491794705	0.5028928387	P17342	NPR3
-0.3098628122	0.2627099237	Q8WYK2	JDP2
-0.333024611	0.2794161897	P49746	THBS3
0.01390557982	0.9450238542	Q9H9S5	FKRP
-0.1816406536	0.3539578429	Q9NZQ0	DNAJC27
0.2585795526	0.3130859445	Q96Q89	KIF20B
-0.1543918257	0.5694167293	Q96BR9	ZBTB8A
-0.3240695066	0.309729882	Q9HCZ1	ZNF334
0.1673705656	0.4396305047	P40933	IL15
0.2694836062	0.4755883829	O76083	PDE9A
0.2960953202	0.2205867019	Q9UKT4	FBXO5
0.04461734272	0.9105040408	Q9Y5J5	PHLDA3
-0.239390334	0.4868725134	O60721	SLC24A1
0.04795106001	0.8110469176	Q9UM82	SPATA2
-0.2161011186	0.5520819212	Q96I45	TMEM141
-0.08549854078	0.7402307991	Q9BSD3	RHNO1
-1.13842874	0.1479631748	P20036	HLA-DPA1
-0.5674889434	0.2671848528	Q14624	ITIH4
0.1805276207	0.6677726973	O75037	KIF21B
0.02585625999	0.9257224623	Q04727	TLE4
-0.2399709785	0.3930532292	O94811	TPPP
0.4503266053	0.2801957757	Q5H9F3	BCORL1
0.3603555327	0.4380570496	P81408	ENTREP3
-0.03279222915	0.9017664077	Q8TAP6	CEP76
-0.1103633519	0.8173029779	Q6UX07	DHRS13
0.5132537762	0.2229482068	P11388	TOP2A
0.1536083362	0.4816642885	Q2M296	MTHFSD
-0.1455786186	0.4829394715	Q8N4P3	HDDC3
1.004954269	0.03375573721	Q14195	DPYSL3
-0.09017818072	0.7231373684	Q96FS4	SIPA1
-0.2086018954	0.7421277797	Q92837	FRAT1
0.01468712235	0.9658995597	Q9P281	BAHCC1
-0.04128014238	0.8112270765	Q9Y2B5	VPS9D1
-0.02411601263	0.9076782601	Q8IYB9	ZNF595
-0.05903238062	0.8099425058	Q8NEK5	ZNF548
-0.1587428085	0.4868725134	Q96GS6	ABHD17A
-0.6075753701	0.5665024621	Q5SZK8	FREM2
0.1261799297	0.5671049052	Q5T9S5	CCDC18
0.3370508478	0.6525361496	Q8NFJ5	GPRC5A
-0.2313722575	0.4759913013	Q8N5L8	RPP25L
0.2744526842	0.3035751783	Q9BT73	PSMG3
0.05182958144	0.8090521861	Q16656	NRF1
-0.2662653803	0.2620174029	Q9BRR0	ZKSCAN3
0.1721453855	0.3429935116	P0DMQ5	INAFM2
-0.1805795921	0.6235368785	Q8TB05	UBALD1
0.02295355097	0.9440515494	Q9Y6J9	TAF6L
-0.2504385181	0.3354040237	Q8N2G8	GHDC
-0.06610057678	0.8174331105	Q15334	LLGL1
-0.1492740681	0.7365393664	Q8IWF2	FOXRED2
0.02796283882	0.9442512106	Q5VXT5	SYPL2
-0.4059671875	0.2018204706	Q86T75	NBPF11
0.2022756331	0.6855114073	O76090	BEST1
0.06821755424	0.9105830941	Q96KN4	LRATD1
-0.08402642275	0.6993622399	Q9ULJ8	PPP1R9A
-0.7350464289	0.3316107179	Q5T1S8	NCMAP
0.1001169775	0.744034345	Q09019	DMWD
0.7151423914	0.5709714163	P53539	FOSB
0.1885408781	0.539685751	Q5T953	IER5L
-0.00193652955	0.991907869	Q8IZC7	ZNF101
0.2542638849	0.3963852304	Q15742	NAB2
-0.1015934241	0.7843685609	Q9H095	DRC9
-0.167610596	0.595831357	Q8N0W3	FCSK
-0.06701713979	0.8820583786	Q9BRQ5	ORAI3
-0.03231560208	0.9521716641	Q9H7M9	VSIR
-0.03127524183	0.9322375346	Q96GN5	CDCA7L
0.1041985401	0.5802330782	Q99986	VRK1
-0.1355661473	0.5743968583	Q9ULL5	PRR12
0.02216605114	0.9296210012	Q8N1W2	ZNF710
0.2171796769	0.4003662308	Q9H903	MTHFD2L
-0.3543532937	0.2045207476	Q6NTE8	MRNIP
0.2148426979	0.3859458989	Q96DF8	ESS2
-0.09657536109	0.7924382578	Q5VZ18	SHE
-0.09516897411	0.623326648	Q96S19	METTL26
0.7254191399	0.2400082042	P48681	NES
-0.2599945867	0.6733756684	Q9NRJ3	CCL28
-0.4166821244	0.2935124157	Q9HCJ3	RAVER2
0.5906559338	0.2124809558	P17302	GJA1
-0.2583164446	0.6134499967	Q86YT9	JAML
-0.1754036716	0.5762761491	Q9H7J1	PPP1R3E
-0.04568878141	0.8762008747	Q2TB18	ASTE1
0.2059995158	0.3114647237	Q9UNY5	ZNF232
0.04335208101	0.8548262223	Q8IUW5	RELL1
-0.0004610898132	0.9979216252	Q7Z398	ZNF550
-0.01365553122	0.9594947304	P78563	ADARB1
-0.522393183	0.4564129874	Q9C073	FAM117A
-0.05909793324	0.7971316833	Q9H5L6	THAP9
0.09270362316	0.6170983493	Q9BVN2	RUSC1
0.5163817342	0.4121365085	O15446	POLR1G
0.1415500263	0.5112376625	Q52LA3	LIN52
-0.1883366187	0.4076717989	P18887	XRCC1
0.008557362351	0.9723950392	O96018	APBA3
-0.08698234201	0.8109486411	Q9BVA0	KATNB1
-0.3025350391	0.2742883911	Q9HCS5	EPB41L4A
-0.4972283203	0.5163745443	P04180	LCAT
0.253556108	0.5388765247	Q86SJ2	AMIGO2
0.04315179684	0.9014039725	A1A4S6	ARHGAP10
0.06547311866	0.7947435202	P30566	ADSL
-0.2728872053	0.3400319094	Q53H47	SETMAR
-0.07991450068	0.7529720001	Q96JN8	NEURL4
0.1026346747	0.6496230514	Q8IZ73	RPUSD2
-0.193258368	0.4835199496	Q14153	FAM53B
-0.354502585	0.4619980713	Q92903	CDS1
-0.5707456833	0.3800567161	Q5T6J7	IDNK
0.07037536716	0.8074695194	Q5JTC6	AMER1
0.08940024546	0.8231107158	Q6P1L5	FAM117B
-0.2125836137	0.3674764693	O15091	PRORP
0.131786538	0.8334977365	Q8IZF2	ADGRF5
-0.02385472698	0.9396326757	Q8N8E3	CEP112
-0.007864919364	0.9882468848	Q14315	FLNC
-0.5538811544	0.4306314884	Q8TF71	SLC16A10
-0.1738272495	0.7107491063	P52566	ARHGDIB
-0.4807860414	0.662329774	Q13113	PDZK1IP1
-0.09844840554	0.6759424408	Q9UDW3	ZMAT5
0.1507169355	0.5525858183	Q70IA8	MOB3C
0.01451388076	0.951572253	Q96NT1	NAP1L5
0.09658287147	0.6230445245	O60826	CCDC22
-0.1067300787	0.6827240747	Q5VV52	ZNF691
-0.2685484705	0.5034714044	Q8IVT5	KSR1
-0.5698373482	0.3758124244	Q96RW7	HMCN1
0.1225822168	0.7384029721	P20839	IMPDH1
0.2461139581	0.411868317	Q9H0F7	ARL6
0.1290732687	0.6539732144	O95754	SEMA4F
-0.05370010754	0.8899591606	Q9P2K1	CC2D2A
-0.06019397464	0.8018924024	Q96EK4	THAP11
0.1941893604	0.5681966169	Q70EL1	USP54
-0.6735452876	0.5138661209	Q07343	PDE4B
0.1152262122	0.9107936521	P12429	ANXA3
0.09820847337	0.6541725298	O60941	DTNB
-0.2818571227	0.6446796652	Q9Y5I4	PCDHAC2
0.02968829721	0.9086928416	Q9H790	EXO5
0.1495803607	0.5228135458	Q96EV8	DTNBP1
0.2246792685	0.3083514961	Q96HQ2	XTBD1
-0.5334554861	0.2692700843	Q96CX2	KCTD12
0.02832177876	0.9251635144	Q96GY0	ZC2HC1A
-0.03902663567	0.9013749045	Q9NPA1	KCNMB3
-0.2300251206	0.2720522052	O60423	ATP8B3
-0.06873945595	0.851052721	P51153	RAB13
0.1679282218	0.4566853689	P23919	DTYMK
-1.139411291	0.3729931475	Q6ZMH5	SLC39A5
-0.03491475613	0.8641308815	Q9Y3P4	RHBDD3
0.05614953382	0.8765532309	Q9P2F9	ZNF319
-0.6206382617	0.7103711888	P08922	ROS1
-0.06404941921	0.7808387511	Q15633	TARBP2
-0.9207825348	0.1996231546	A1L1A6	IGSF23
-0.01544154799	0.9623032513	Q8TD23	ZNF675
0.603409975	0.5428911278	O75335	PPFIA4
-0.2432935709	0.4336525809	Q0D2I5	IFFO1
-0.07524912347	0.8058269392	Q7Z7F7	MRPL55
0.4475882019	0.2673212122	A6NHQ4	EPOP
-0.8380985105	0.3311147198	Q9BPX1	HSD17B14
0.2675097059	0.4438367374	Q9GZU1	MCOLN1
0.08030827358	0.7614318238	Q6P1R3	MSANTD2
0.3864929159	0.3603998269	O75607	NPM3
0.2630723395	0.3004818764	Q8NHZ8	CDC26
-0.3414680494	0.4537473719	Q03167	TGFBR3
0.3214374153	0.194079371	Q15542	TAF5
-0.03815760826	0.9344020288	Q5VT97	SYDE2
0.1319378704	0.5518811979	Q5TCS8	AK9
-0.01736339944	0.9184791221	Q8NA42	ZNF383
-0.6570318309	0.3295730529	Q96PQ0	SORCS2
0.3904633508	0.6253979501	Q69YH5	CDCA2
0.1687595184	0.5979441717	P19634	SLC9A1
-0.01177199192	0.9623032513	Q8NAT1	POMGNT2
0.08506962992	0.6728308565	P50876	RNF144A
0.2121764068	0.3658952169	O75818	RPP40
-0.122814786	0.5938973075	Q96KF7	SMIM8
0.127320732	0.6759819717	Q8TEA8	DTD1
-0.5973007322	0.3598561474	P19075	TSPAN8
0.1305763381	0.7383561804	Q9UHV2	SERTAD1
-0.5983876272	0.2976256957	Q8N594	MPND
-0.3329694439	0.2620174029	Q9HCE9	ANO8
-0.3621109804	0.4868725134	Q6QNK2	ADGRD1
0.9292639604	0.2045207476	Q9P2F6	ARHGAP20
0.1501579587	0.4855671157	Q96IL0	COA8
-0.2299608102	0.3920170815	Q8WYP3	RIN2
-0.4188165314	0.550926845	P49788	RARRES1
0.1444932972	0.6140024065	A2A3K4	PTPDC1
-0.2806813608	0.3498966743	Q96JB5	CDK5RAP3
-0.5533995248	0.2526721579	Q8NFU3	TSTD1
-0.03190911592	0.8986183747	Q5VUJ9	DRC8
0.3893630009	0.3482084985	Q9P219	CCDC88C
-0.429510678	0.3668633231	Q9BT30	ALKBH7
-0.1930867453	0.4076717989	Q8WWL2	SPIRE2
0.09717369394	0.6961319784	Q8N6T7	SIRT6
-0.0423901182	0.8686985278	Q7L5N7	LPCAT2
-0.2922041976	0.349886707	P18858	LIG1
-0.1252773232	0.9080692818	O95500	CLDN14
-0.6522539375	0.236508846	Q8NI29	FBXO27
-0.04526083411	0.8952359444	Q96MU6	ZNF778
0.1216461185	0.6680624897	Q99674	CGREF1
0.210594581	0.5517055658	Q8IV36	HID1
-0.7774971564	0.2469575	Q9Y2J2	EPB41L3
0.01987724475	0.9050091192	P49643	PRIM2
-0.5258728003	0.3005120799	Q86TA1	MOB3B
0.07245700985	0.7485301901	Q9NUU7	DDX19A
0.2081895197	0.2794161897	Q3LIE5	ADPRM
-0.03764250091	0.8958472511	Q6SZW1	SARM1
0.03791257635	0.9156233146	Q96KR4	LMLN
0.06507814793	0.7447254092	O15060	ZBTB39
-0.06069449557	0.8776253705	Q7M4L6	SHF
0.03941959126	0.9430076577	Q9H7P6	MVB12B
0.07443711984	0.7010709309	Q92696	RABGGTA
0.5055252993	0.203078386	Q16832	DDR2
-0.5655742596	0.2515579634	O43516	WIPF1
-0.4593952379	0.3930532292	Q96M32	AK7
-0.5482727966	0.2558732742	Q9Y342	PLLP
-0.7684139661	0.3159343139	Q6KB66	KRT80
0.3922843231	0.1814925525	Q8IXQ3	C9orf40
-0.2758759647	0.3604388047	Q8NA23	WDR31
-0.08306458887	0.7104313339	Q96B54	ZNF428
0.03187775667	0.9359903365	Q8NHX9	TPCN2
0.2904582909	0.2958877404	Q9H0H5	RACGAP1
-0.1748883115	0.5030101182	O60733	PLA2G6
-0.2622756305	0.3441838816	Q9BU79	TMEM243
-0.06936966424	0.7805698338	Q69YU5	UQCC6
-0.4035638484	0.3085616026	Q8N205	SYNE4
-0.5212062243	0.3326141892	Q5K4L6	SLC27A3
-0.009296255619	0.9669520025	Q8IWA5	SLC44A2
0.1538853952	0.5660637666	O14523	C2CD2L
-0.08802555338	0.833381428	Q96PC3	AP1S3
-0.5870971356	0.3088998706	P55087	AQP4
0.4625112728	0.4815495104	P13995	MTHFD2
0.1196591029	0.7594449386	O15382	BCAT2
0.1047999229	0.6583033079	Q9HAV5	EDA2R
-0.01677500438	0.9619957625	Q9GZU3	TMEM39B
0.1443963432	0.4598370097	Q9NUP1	BLOC1S4
-0.007159040271	0.9723950392	Q6U7Q0	ZNF322
0.01411208346	0.9623032513	Q9P0B6	CCDC167
0.0002778294614	0.9991083865	A8MT65	ZNF891
-0.1366531083	0.7429576724	P30046	DDT
0.08070499779	0.6449256371	Q9P266	JCAD
-0.02676535453	0.9092010803	Q9BTY7	HGH1
0.2464779284	0.3437777155	A1L162	ERICH2
0.1749161253	0.4992975249	Q9H9Q4	NHEJ1
-0.04669388862	0.7270818495	Q9H0M4	ZCWPW1
-0.1919946518	0.5426820159	Q96RK1	CITED4
-2.164400963	0.2442323403	A6NLP5	TTC36
-0.1775173594	0.4710124841	Q86VH2	KIF27
0.1556493887	0.8096291874	P04733	MT1F
-0.2343210133	0.4604438807	P21453	S1PR1
-0.1443709915	0.6552605396	P57679	EVC
-0.8160914872	0.08999624649	Q6P4A8	PLBD1
-0.08859397673	0.6855905835	Q9H9S3	SEC61A2
-0.4547281921	0.2338938326	Q9Y303	AMDHD2
-0.6294051635	0.5041593412	Q9UNA0	ADAMTS5
0.1507362854	0.4961683933	Q9Y234	LIPT1
-0.1526872813	0.6975745452	P51817	PRKX
-0.1903795731	0.4735186507	Q5T3U5	ABCC10
-0.01235056348	0.9623032513	Q96EX3	DYNC2I2
-0.1711257667	0.5093622817	Q9NWW5	CLN6
0.09216729254	0.7402307991	Q96EY5	MVB12A
0.2665981778	0.3772364666	Q8WXF8	DEDD2
0.09561071805	0.7469444507	Q6GMV3	PTRHD1
0.02589891439	0.8996184191	Q9H9V9	JMJD4
-0.2229404741	0.4295252656	O75425	MOSPD3
0.04510610851	0.8358118237	P40225	THPO
-0.3107317453	0.647842799	A8MYP8	CIMAP1B
-0.8481142448	0.1999093721	Q9H3G5	CPVL
0.03190889048	0.9398223561	Q6UWH4	GASK1B
-0.420093818	0.3328682042	Q8N414	PGBD5
-0.05223042254	0.8952359444	Q6P5Z2	PKN3
0.3450126859	0.2229482068	Q96E35	ZMYND19
-0.05900250615	0.8365930083	P57086	SCAND1
-0.6264834053	0.2124809558	Q5JY77	GPRASP1
-0.4887789907	0.4992975249	Q5VWP3	MLIP
-0.08314381163	0.711123242	Q5TGY3	AHDC1
0.01095748821	0.9624396126	Q9H892	TTC12
0.2396292583	0.5621354321	O76074	PDE5A
0.1266745975	0.5709714163	Q6PCB6	ABHD17C
-0.2891399591	0.4501853184	Q9UC07	ZNF69
-0.1166108133	0.5660637666	Q9NXB0	MKS1
-0.01171530401	0.9612840169	Q9UK10	ZNF225
0.05179413959	0.8342009978	Q9BWG4	SSBP4
-0.182125364	0.4564129874	Q9NSG2	FIRRM
-0.04545902101	0.818609356	O95872	GPANK1
-0.1729283593	0.5215745125	Q13867	BLMH
-0.1993768324	0.5709020027	P19235	EPOR
-0.1876783197	0.4265513112	Q9BRA0	NAA38
-0.2676183074	0.3012873477	Q86W42	THOC6
-0.2776784208	0.2577986618	Q6NSJ2	PHLDB3
1.400916254	0.1504038516	P16234	PDGFRA
-0.2729574264	0.479614333	P52943	CRIP2
-0.7566191009	0.1996231546	P61601	NCALD
-0.3849077521	0.4032681406	Q92796	DLG3
0.06827485785	0.742475128	P36954	POLR2I
0.1983238569	0.3376282639	Q8ND82	ZNF280C
-0.3127881571	0.2720522052	Q96PM9	ZNF385A
0.06105283454	0.8259682583	Q9P2S5	WRAP73
0.01901210262	0.9248544165	Q9UBC1	NFKBIL1
-0.1605266966	0.692851617	P61236	YPEL3
-0.2054974036	0.4706643345	Q02446	SP4
-0.09959586091	0.679009149	Q9BSF4	TIMM29
0.2419914834	0.4621000236	Q13946	PDE7A
-0.2044595353	0.4443182796	Q8TD31	CCHCR1
0.003810101431	0.9912047404	O00488	ZNF593
0.2476638846	0.4447075961	Q5JW98	CALHM4
0.2396621125	0.2172340969	Q96HA8	NTAQ1
-0.09170279233	0.7171542221	Q8N2I2	ZNF619
0.2816956351	0.2333695589	Q13352	ITGB3BP
-0.3488234962	0.3400393006	Q86VQ1	GLCCI1
-0.01544303126	0.969039392	Q6ZRI6	PRMT2IP
-0.07290166211	0.7152261041	Q96NI8	ZNF570
0.410787567	0.2400082042	Q9NSI2	SLX9
-0.03691820033	0.8958472511	Q96RY5	CRAMP1
0.07291236638	0.8564585897	Q8NFZ4	NLGN2
-0.3404988118	0.2904138593	A1L170	C1orf226
-0.102138848	0.6884324464	Q8IXV7	KLHDC8B
0.1021905682	0.7374736333	P54922	ADPRH
0.04322648611	0.9103820323	Q9UK23	NAGPA
-0.2845046595	0.3754976451	Q12891	HYAL2
-0.09975691083	0.6960883015	Q969Y2	GTPBP3
0.3269460007	0.2743833929	Q9UJT1	TUBD1
0.1383407289	0.6448834207	Q9BY27	DGCR6L
-0.3440826449	0.1890414017	Q9UK00	C3orf18
-0.2604186375	0.4656481344	P46020	PHKA1
0.3396446063	0.3005120799	Q9P243	ZFAT
0.04833701165	0.8764826007	Q96G46	DUS3L
0.1606795197	0.4543418095	A6NFY7	SDHAF1
0.1867977317	0.648505721	P22083	FUT4
-0.03622241323	0.8735183072	P15848	ARSB
-0.051999703	0.8386016876	Q9UK80	USP21
0.2739370142	0.4365858031	Q7RTV3	ZNF367
-0.45713202	0.3750961307	O60315	ZEB2
0.04856131888	0.8671254124	Q66K64	DCAF15
0.5308131435	0.2958877404	Q14767	LTBP2
-0.2911800521	0.2606799163	Q7L4S7	ARMCX6
-0.001329608462	0.9954101368	Q8N6T0	TOP6BL
-0.0873625066	0.6248708771	Q9NZ43	USE1
0.1766070943	0.5931563191	P41227	NAA10
-0.5772053702	0.2229482068	P0C7U3	ZDHHC11B
-0.2525596666	0.4608523797	Q8N5I2	ARRDC1
0.04325445467	0.8958472511	Q0VAA5	PLCXD2
-0.3262645234	0.3055777347	P51178	PLCD1
-0.2667624036	0.5478397146	P78334	GABRE
-0.3635367364	0.550926845	Q9H1J7	WNT5B
-0.06352044838	0.7386549896	Q96S90	LYSMD1
0.104218969	0.7293932943	Q9Y561	LRP12
-0.3240813299	0.3687489394	O95199	RCBTB2
-0.3397190332	0.4079969503	Q4KMG0	CDON
0.4599988281	0.2333695589	Q96D31	ORAI1
0.1804419816	0.3792218483	Q6UVJ0	SASS6
-0.2258845369	0.482828325	Q8N300	SVBP
0.08475904753	0.6092077986	Q96ES7	SGF29
0.2515848415	0.3645095464	P30281	CCND3
0.2864007022	0.3353994196	P54198	HIRA
0.3450336176	0.2942674818	Q9BVW5	TIPIN
0.3164490821	0.4436897461	Q5GH70	XKR9
0.07254597027	0.7627839737	P81877	SSBP2
-0.2001609963	0.4003662308	Q96MF6	COQ10A
-0.3033320169	0.4922293685	Q3KR16	PLEKHG6
-0.3325869627	0.3315253342	P38405	GNAL
-0.1860236258	0.5441475978	Q9BSG0	PRADC1
0.1950694489	0.4305475488	Q8IZM9	SLC38A6
-0.733439264	0.4780940289	P51993	FUT6
0.2433801708	0.3376142228	Q9H840	GEMIN7
0.04788013351	0.8689606342	Q14807	KIF22
0.2922433264	0.47040254	Q8WVI7	PPP1R1C
-0.06539053903	0.8839649182	Q13591	SEMA5A
-0.312091633	0.5087985565	Q7Z692	CEACAM19
-1.063883722	0.09975875189	O43174	CYP26A1
-0.5307645448	0.4439561702	Q96CH1	GPR146
0.5321286604	0.2182778392	O43818	RRP9
-0.1254322999	0.6011137214	P35070	BTC
0.07333505718	0.7927670892	Q8IVF5	TIAM2
-0.1795939271	0.5744242774	Q9P2F5	STOX2
0.2218592948	0.6011137214	Q8N365	CIART
0.5838798659	0.2526721579	Q8N556	AFAP1
-0.3241388194	0.7044571096	Q96J66	ABCC11
-0.08015617149	0.7462209256	Q8TE69	EOLA1
0.05089936563	0.8835337436	Q86WN1	FCHSD1
1.271798825	0.1279906135	Q96AQ7	CIDEC
-0.1427178901	0.7090925143	P30872	SSTR1
-0.1780627969	0.5072602346	O15209	ZBTB22
0.2718430808	0.2400082042	Q7Z5U6	WDR53
-0.07002610345	0.7546833844	Q5VSG8	MANEAL
-0.2543691891	0.6664423334	Q9NRM1	ENAM
0.05207922685	0.8014446117	Q9UL40	ZNF346
0.3891998124	0.3311147198	Q96FX7	TRMT61A
0.2656940444	0.4180112081	Q6QNY0	BLOC1S3
0.1305497057	0.6799705688	A6NFQ2	TCAF2
-0.2829353846	0.2395165404	Q5JVG8	ZNF506
0.04518149063	0.9291220168	Q96DN5	TBC1D31
0.6564007257	0.3186436328	Q86YM7	HOMER1
-0.229884841	0.4560697038	Q8NCS7	SLC44A5
-0.366006087	0.2538389331	Q6UUV9	CRTC1
-0.04332250231	0.9058618045	Q69YG0	TMEM42
-0.2485159191	0.2807286993	Q9HC96	CAPN10
-0.05546010117	0.8048906295	Q5FWF4	ZRANB3
-0.2914019913	0.7304675208	Q9P2P1	NYNRIN
0.1622465635	0.3519560275	O95278	EPM2A
-0.1646115615	0.5513594141	Q15628	TRADD
-0.1925187056	0.7022985549	P06241	FYN
0.001969755942	0.9971138529	P28906	CD34
-0.04776948196	0.8512895936	Q8N1B3	CCNQ
0.1415623947	0.4862750212	Q53FD0	ZC2HC1C
-0.09542913612	0.6793176252	Q86UE3	ZNF546
0.04728651383	0.8045156676	Q96BW9	TAMM41
-0.1729798931	0.4002214509	Q92784	DPF3
-0.1154302299	0.6059126343	Q96GE5	ZNF799
-0.04919013834	0.8030987669	Q96NL8	CFAP418
-0.5774700477	0.1257153133	P26010	ITGB7
-0.2677700468	0.6218962575	Q9HBA0	TRPV4
-0.3793570434	0.2794161897	Q0P5N6	ARL16
-0.07564716158	0.9329500896	P09238	MMP10
-0.3860914232	0.2355173272	Q9H707	ZNF552
-0.1190300849	0.6728799931	Q8TDP1	RNASEH2C
-0.07799909285	0.6533756823	Q8N7M2	ZNF283
-0.05655194656	0.8479967645	O75223	GGCT
0.3653925699	0.4410890532	Q9UBD9	CLCF1
-0.03148577462	0.9156251779	A9UHW6	MIF4GD
0.3115040973	0.2685983266	Q9H6L4	ARMC7
-0.1292713859	0.8596366543	Q9HD36	BCL2L10
0.1406449504	0.5171470976	P17035	ZNF28
-0.2482688552	0.4885751578	Q6UXB0	FAM131A
-0.1442132036	0.5517055658	Q9NX05	FAM120C
-0.09983424157	0.7574418317	A0PK00	TMEM120B
0.05519819913	0.8688249746	Q8TCD5	NT5C
-0.2620277185	0.6700193192	P50749	RASSF2
-0.6350234728	0.2707248195	Q9Y5I7	CLDN16
-0.2207752643	0.8485858335	A0A1B0GTC6	C3orf85
0.1023730179	0.6380695576	O95258	SLC25A14
-0.2749834286	0.2994599249	Q9Y4R8	TELO2
-0.5969101183	0.1084646823	Q96BY6	DOCK10
-0.2694001834	0.5287480291	Q8WWX9	SELENOM
-0.04244002819	0.9072121394	Q969P5	FBXO32
-0.2979850482	0.772438842	P01584	IL1B
-0.2411156178	0.2807286993	Q9NRA0	SPHK2
0.01479779708	0.9490545485	A0AV02	SLC12A8
0.3759968164	0.3901294077	Q9P2N4	ADAMTS9
-0.1848353168	0.5799264395	Q643R3	LPCAT4
0.1183773607	0.7882731293	Q14112	NID2
-0.06916169064	0.7972822623	Q9UDY6	TRIM10
-0.2223988244	0.4560096723	Q96HE8	TMEM80
0.0343298656	0.8987179082	A6NDG6	PGP
-0.4812237737	0.09511172915	Q5SQI0	ATAT1
0.1823480559	0.6222390196	P33151	CDH5
-0.3148026089	0.2611332092	P43235	CTSK
0.2043772036	0.4311967765	Q16658	FSCN1
-0.2113224459	0.6657578514	P16671	CD36
-0.04560241536	0.8032320138	Q9UDV6	ZNF212
0.115467823	0.7175468094	Q8IYN6	UBALD2
-0.08578497281	0.6743606727	O14593	RFXANK
-0.1048386184	0.7988125305	Q8WWG1	NRG4
-0.4173319067	0.5929730065	O75038	PLCH2
0.3509730149	0.2190423902	Q15506	SPA17
0.3770457032	0.4020120508	Q9UN70	PCDHGC3
-0.2049978512	0.6161083247	Q86UN3	RTN4RL2
-0.5668783696	0.2807286993	A6NKN8	PCP4L1
-0.3065357441	0.4158245304	Q01432	AMPD3
0.05660480462	0.8641308815	Q9P107	GMIP
0.2242820423	0.4307926527	Q96C00	ZBTB9
-0.7984911163	0.2124809558	P21730	C5AR1
-0.05080223976	0.844245452	Q8N5T2	TBC1D19
-0.007802192539	0.9734288635	Q5JS54	PSMG4
0.02677960987	0.9666794159	Q9HCU4	CELSR2
-0.05261969756	0.827192607	Q96HQ0	ZNF419
-0.6205685881	0.3454507095	Q9UFP1	GASK1A
-0.198594699	0.6875959653	Q76NI1	KNDC1
-0.1736295421	0.4910215533	O75953	DNAJB5
0.08617283691	0.7056934456	Q8IY45	AMN1
0.3093117382	0.4664095005	P16422	EPCAM
-0.07278339248	0.7447254092	Q9HCS4	TCF7L1
0.2552096798	0.479614333	O94986	CEP152
-0.4577514749	0.2327180511	Q9BXY5	CAPS2
-0.269239775	0.5231221995	Q6PKH6	DHRS4L2
-0.3621882635	0.6992956144	O60809	PRAMEF10
-0.004090710107	0.9893279816	Q9H7B4	SMYD3
-0.2653092965	0.5167535655	Q8TAP8	PPP1R35
0.07608737892	0.7962640668	Q9BT49	THAP7
-0.06416045029	0.7843764679	O75752	B3GALNT1
-0.1962689322	0.4773858685	Q9H5N1	RABEP2
-0.04806097201	0.8218473313	Q6ZP80	TMEM182
-0.06662587042	0.6634356746	Q9H094	NBPF3
1.40757207	0.1890414017	O95760	IL33
-0.4533784443	0.1814925525	Q13554	CAMK2B
0.00325944282	0.9930492663	P26583	HMGB2
-0.7036030915	0.3668633231	O14638	ENPP3
0.02993428751	0.8840009063	Q5D0E6	DALRD3
-0.07183006199	0.7733707738	Q8WUK0	PTPMT1
0.1390269693	0.5458572833	Q9HD47	RANGRF
-0.1633049743	0.3806327166	P79522	PRR3
0.008207551515	0.9668046938	Q96LW1	ZNF354B
0.2057075369	0.335429016	O00213	APBB1
-0.05745695534	0.7787129816	Q8IVF6	ANKRD18A
0.2505311353	0.412693815	Q9UNT1	RABL2B
-0.011314816	0.9543533877	Q7Z6J9	TSEN54
0.1119545964	0.5956917671	Q9NYP9	MIS18A
-0.2096827328	0.5909966548	Q9NZC4	EHF
-0.3343124916	0.4598370097	Q12765	SCRN1
0.5906435198	0.2707762288	Q14439	GPR176
-0.06917826064	0.828870933	Q9HC77	CPAP
-0.1292357005	0.5567174086	Q13505	MTX1
-0.8496171254	0.451856861	O75795	UGT2B17
-0.06649385231	0.826244974	Q9NP87	POLM
-0.1003831471	0.6736899442	Q969J2	ZKSCAN4
0.179065548	0.4731401339	Q96HR3	MED30
-0.3376003732	0.2205867019	Q9Y6U7	RNF215
0.3220035352	0.3932687716	Q9UKK6	NXT1
0.3486511598	0.5522775799	O15123	ANGPT2
-0.3176573622	0.3285264961	Q9UG01	IFT172
0.1660287736	0.4003662308	Q9NUS5	AP5S1
-0.2596952315	0.5630759771	Q9BTZ2	DHRS4
-0.06033994528	0.9606157066	Q9BQI5	SGIP1
-0.2779084846	0.5558030164	P07203	GPX1
-0.3576706788	0.2794161897	Q86YJ5	MARCHF9
-0.0898981411	0.6088023505	Q7L3T8	PARS2
-0.04379625481	0.7840287817	Q5BKT4	ALG10
-0.08646580516	0.6338595763	A8K8P3	SFI1
-0.2007420578	0.3668633231	O95998	IL18BP
-0.01717258058	0.9567972443	A0AVF1	IFT56
-0.3423933243	0.3691795876	Q5T0B9	ZNF362
-0.1449102179	0.6707323448	Q969K4	ABTB1
0.3528869804	0.2819904838	P04275	VWF
-0.0520998819	0.888065632	Q9UBI4	STOML1
0.04305692117	0.826488811	P0C1Z6	TFPT
-0.08257401206	0.7529720001	Q9H6D3	XKR8
-0.006206283697	0.9855366523	Q9NXT0	ZNF586
0.3481323732	0.2972732804	Q6P2C8	MED27
-0.2015536202	0.471474205	Q8IW19	APLF
-0.2388660422	0.439998095	Q9BV97	ZNF747
0.1577359697	0.4764255305	Q96L50	LRR1
0.1227046245	0.6672248064	Q6NUJ5	PWWP2B
-0.05181454821	0.9018915394	Q9P2P6	STARD9
-0.1229209717	0.6542928998	O43609	SPRY1
-0.1482823964	0.6762710522	A0A1B0GUI7	BRD3OS
-0.3537614706	0.3631092073	Q8WWZ4	ABCA10
-0.4785575381	0.2707248195	Q969K7	TMEM54
-0.03173378644	0.9059308002	P17022	ZNF18
-0.225130287	0.7152486069	Q8IXQ9	ETFBKMT
-0.01618472865	0.9511097921	Q9Y247	FAM50B
-0.1749715098	0.4388488624	Q5VUM1	SDHAF4
0.3934193149	0.4231209463	Q16602	CALCRL
0.05623527881	0.8547893362	Q96N21	TEPSIN
-0.2777952041	0.391361865	Q68DY9	ZNF772
0.05995282533	0.8522650836	Q68DY1	ZNF626
0.1723389033	0.6530656275	Q96M86	DNHD1
-0.1769343882	0.5306330948	Q9H6J7	CSTPP1
0.2641143516	0.4249954038	P11413	G6PD
0.001412471917	0.9956925029	Q7L8W6	DPH6
0.1099756507	0.6606819803	P00568	AK1
-0.8076260096	0.1453474844	P19397	CD53
-0.0336538892	0.9408993843	Q8NBN7	RDH13
-0.4172628158	0.2041259894	Q8IYE0	CCDC146
-0.006119955127	0.9892176349	Q96EH8	NEURL3
-0.01678498629	0.9430137061	Q9BQI6	SLF1
0.0849924852	0.6720752363	Q6ZUJ4	C3orf62
1.367552966	0.2026004258	P30530	AXL
-2.276239085	0.3311147198	P35557	GCK
-0.04583181852	0.9085387121	Q9P1W9	PIM2
-0.348081786	0.3272040578	Q01151	CD83
-0.03200844849	0.9387340811	Q96JY6	PDLIM2
-0.5001711463	0.550926845	Q5MY95	ENTPD8
0.2562809213	0.4141420755	Q96LA8	PRMT6
-0.002020155066	0.9964485435	Q9UG22	GIMAP2
-0.3167744123	0.2492922357	Q8NCH0	CHST14
1.186182739	0.005859483757	P46013	MKI67
-0.03278094404	0.8762008747	Q8NCU4	CCDC191
0.0231780418	0.9443988497	Q6ZTN6	ANKRD13D
-0.1381398234	0.7984072674	P78540	ARG2
0.4339830633	0.3398508733	Q99075	HBEGF
-0.193544164	0.4945648187	Q9H777	ELAC1
0.3115711035	0.3975408408	Q9UBB6	NCDN
-0.3504829929	0.2333695589	P50336	PPOX
0.261889544	0.3796801647	Q8WXE1	ATRIP
0.2435299176	0.4948813734	Q99501	GAS2L1
-0.5394456419	0.2720522052	P08567	PLEK
-0.1374937911	0.7546833844	Q8N865	SPMIP4
-0.4522206965	0.2620174029	P23469	PTPRE
0.9790348365	0.3822072724	P00750	PLAT
-0.5559477051	0.3230623378	Q9NQW1	SEC31B
0.08991879331	0.679009149	Q8N1F8	STK11IP
0.1927348445	0.6768125734	Q9HBW9	ADGRL4
-0.2137866274	0.3835332046	O75771	RAD51D
0.1163655394	0.6547083199	Q8TA86	RP9
0.2361126236	0.3851334969	Q2TAM9	TUSC1
0.03867769379	0.9257224623	Q86VU5	COMTD1
-0.06152231482	0.8173029779	Q9UJU3	ZNF112
-0.1294407534	0.6302594634	Q6PJ61	FBXO46
-0.06489304512	0.8049955686	P20700	LMNB1
-0.04042605139	0.906236214	Q8N4W9	ZNF808
0.1815867077	0.6782896096	P21583	KITLG
-0.1167837624	0.7169658347	Q96BR6	ZNF669
-0.07456342275	0.7865620232	Q6P1K2	PMF1
-0.6273061295	0.5466228526	P07332	FES
-0.5371622203	0.2565647491	Q01955	COL4A3
-0.09735397446	0.8950782129	Q6ZSG1	ARK2C
-0.04613945078	0.8555155799	Q6WN34	CHRDL2
-0.5291679543	0.2124809558	Q9H093	NUAK2
0.4267615576	0.3086114846	Q13887	KLF5
0.2609713288	0.6855114073	Q14592	ZNF460
0.03951449861	0.9450238542	Q10571	MN1
0.01821471394	0.944500026	Q8N6I4	LYSET
-0.01013846838	0.9855089607	P31040	SDHA
-0.1892484007	0.3005120799	Q99676	ZNF184
-0.3510232116	0.3519560275	Q9UHF7	TRPS1
0.1793988846	0.5291115188	Q86WQ0	NR2C2AP
0.006091289972	0.9814914356	Q96GM8	TOE1
-0.6341447124	0.2692700843	Q2M3V2	SOWAHA
-0.2334724949	0.6109174442	Q9BVM4	GGACT
-0.3608491576	0.3284957573	Q9HC16	APOBEC3G
-0.06028974191	0.8958472511	P98198	ATP8B2
0.2050521687	0.6423790454	Q06828	FMOD
-0.4726652881	0.4518638551	O75553	DAB1
-0.6978441963	0.2620174029	P50607	TUB
-0.3014180765	0.3799294669	Q9Y587	AP4S1
-0.1176293807	0.5759285276	Q8TBC5	ZSCAN18
0.1400107821	0.7924822368	Q9H2B4	SLC26A1
-0.1193402305	0.662329774	Q9HCX3	ZNF304
0.02521934435	0.9034870469	Q5JPI9	EEF1AKMT2
0.05083490608	0.7917831495	Q9GZP1	NRSN2
0.03025892631	0.8894304869	Q8TAF7	ZNF461
-0.005970090586	0.9819764696	Q9HCN8	SDF2L1
-0.04860833701	0.8815322755	Q8WZ19	KCTD13
0.05752549875	0.8356594534	Q9BZM4	ULBP3
0.003079491643	0.99041765	Q16587	ZNF74
0.03135078991	0.8918070539	P10073	ZSCAN22
-0.06647279645	0.7733707738	Q6ZMW2	ZNF782
-0.03650560816	0.9096773658	P24855	DNASE1
-0.288291088	0.2692700843	O14569	CYB561D2
0.1254788507	0.5383821779	Q3ZCQ3	FAM174B
-0.4424439873	0.2415971431	Q9C0H9	SRCIN1
0.07490577569	0.6253979501	Q96ND8	ZNF583
-0.09653103408	0.7970849588	Q6UXU6	TMEM92
0.07385012544	0.9200357084	Q9HAV0	GNB4
-0.3505505727	0.525301164	P20062	TCN2
0.1800010788	0.695555039	Q9Y6N7	ROBO1
-0.098754023	0.8276391259	Q8TDX6	CSGALNACT1
0.1340089269	0.5962035985	Q502X0	MORN2
0.1287327625	0.5561359155	Q7L2Z9	CENPQ
0.5245133602	0.2794161897	Q96BK5	PINX1
0.2671959771	0.5734551673	Q9H813	PACC1
-0.1419130894	0.5388765247	Q8N0U4	FAM185A
0.2817360545	0.3666769422	Q8WY54	PPM1E
0.2879955252	0.4209868667	Q9NVR0	KLHL11
0.2606594921	0.3692787513	O75717	WDHD1
-0.1350244031	0.7751932471	O43194	GPR39
0.1962577579	0.4274564923	Q8TF50	ZNF526
0.03236923047	0.8918040423	Q52M93	ZNF585B
-0.05217761037	0.883200608	P42680	TEC
0.2375187776	0.4363859464	Q9P1U1	ACTR3B
-0.2654376949	0.3893411329	B2RXF5	ZBTB42
-0.1015682444	0.7485301901	P10600	TGFB3
-0.1843253942	0.6922860883	O00470	MEIS1
-0.2878591901	0.441030798	O75600	GCAT
0.05769272278	0.8109486411	Q6BCY4	CYB5R2
-0.02338577593	0.928878233	O95620	DUS4L
0.0845769447	0.8174331105	Q9NPF0	CD320
-0.4326572911	0.4382336287	Q13015	MLLT11
-0.08595442857	0.8432920896	A4GXA9	EME2
-0.1727437089	0.4415680692	Q96P71	NECAB3
-0.5404351655	0.2826187649	P0C7I6	CCDC159
0.03421968479	0.8975701276	P98168	ZXDA
0.1342977346	0.6808135456	Q16611	BAK1
-0.1693248846	0.7310378913	Q13636	RAB31
-0.1021478606	0.7204984876	Q69YI7	NAIF1
0.1056834155	0.6270325785	Q6PF06	TRMT10B
0.1557994974	0.4979859463	Q96S15	WDR24
0.6425326688	0.1914704449	Q9ULW0	TPX2
0.2091166803	0.4948813734	P36959	GMPR
-0.290431767	0.3932687716	Q9Y334	VWA7
-0.1655120728	0.6351916897	Q6ZTQ4	CDHR3
0.01478719383	0.9610237684	Q9NWV8	BABAM1
-0.3138991061	0.5957210585	A6NH11	GLTPD2
-0.1386325028	0.678306344	Q9BSA9	TMEM175
0.3028621618	0.3729931475	P08253	MMP2
-0.03473797188	0.9075300688	Q6ZW76	ANKS3
-0.1558184693	0.5478397146	P49356	FNTB
-0.06827440148	0.8102310981	Q8N196	SIX5
-0.4724946883	0.2620174029	Q2VPJ9	LRRC75B
-0.6336218696	0.2124809558	Q9P272	TRMT9B
0.7629436655	0.4542455891	P80294	MT1H
0.004361830433	0.9892501107	Q969X0	RILPL2
0.1778690465	0.6169583956	P69849	NOMO3
0.08560819947	0.7438396346	Q9UBP6	METTL1
-0.3005536727	0.5100598587	O94964	MTCL2
-0.05646813878	0.8319372475	Q5BKX5	ACTMAP
-0.01859210204	0.9097946252	Q68CZ1	RPGRIP1L
0.3522593032	0.3143781301	Q9NQS7	INCENP
-0.04258296584	0.8901853384	Q9NX61	TMEM161A
-0.6580326619	0.1814925525	Q05193	DNM1
-0.9732601015	0.2572068551	A0PJX8	TMEM82
-0.07793548425	0.7947435202	Q6P3V2	ZNF585A
-1.260385728	0.2182778392	P08637	FCGR3A
0.3380300178	0.2876575184	Q6ZRQ5	MMS22L
0.9197650657	0.3438758254	Q9NP99	TREM1
0.2990876833	0.6312936033	O14827	RASGRF2
-0.2668592617	0.4980793691	Q8N4P2	IFT70B
0.2490708081	0.5709020027	Q05BV3	EML5
-0.9891359165	0.4822130397	Q92496	CFHR4
0.1441050332	0.8630321442	P23677	ITPKA
0.1532066986	0.625513351	Q9BVM2	DPCD
-0.3025680341	0.3176121796	O75373	ZNF737
-0.464393727	0.2205867019	Q96T66	NMNAT3
0.2230925906	0.3537959864	Q9BS31	ZNF649
-0.1384288298	0.6660028056	Q8N9I5	FADS6
0.07625199719	0.8641308815	P10636	MAPT
-0.4872630867	0.1548222127	Q68EN5	MATCAP1
0.01567741852	0.9543533877	P28749	RBL1
0.1848248125	0.5740578021	P22670	RFX1
0.1041687144	0.7598758609	Q96CP7	TLCD1
-0.1578054191	0.5388765247	Q9H492	MAP1LC3A
0.5562886677	0.3658233333	Q8N4G2	ARL14
-0.5566399836	0.3601485488	Q6ZV29	PNPLA7
-0.3729557798	0.2620174029	Q9UJD0	RIMS3
0.6241306328	0.2441298371	Q9Y6M1	IGF2BP2
-0.4116469699	0.3733695409	O95858	TSPAN15
-0.1128201323	0.7462209256	O95136	S1PR2
-0.02180966045	0.950478962	P36402	TCF7
0.2151932211	0.4629245949	Q69YL0	NCBP2AS2
0.01470130204	0.9643706037	Q8N782	ZNF525
0.8109602386	0.01309982749	Q96RD6	PANX2
-0.4372822445	0.2692700843	Q8NER1	TRPV1
0.3348983554	0.3848740237	Q9UQR0	SCML2
-0.1765399957	0.7551971981	P35520	CBS
-0.3120816539	0.4209868667	Q8N283	ANKRD35
-0.02482417821	0.9487615006	O00463	TRAF5
-0.2645229909	0.5802330782	Q03405	PLAUR
1.183511736	0.3005120799	P22736	NR4A1
0.06680376703	0.8156661921	O75382	TRIM3
0.2922475792	0.5326086537	Q9BYV9	BACH2
-0.01966674934	0.9519733142	Q8IYD8	FANCM
-0.09513038588	0.8455526816	Q8TC59	PIWIL2
0.432899014	0.2692700843	O00423	EML1
0.07158879001	0.7534826464	Q96EW2	HSPBAP1
-0.3216955267	0.3291253327	Q9BRB3	PIGQ
-0.1944453938	0.4026487913	Q96MX3	ZNF48
0.008143100152	0.9892825386	Q9BTT6	LRRC1
0.1622117743	0.4538690294	Q8TC21	ZNF596
-0.1077739897	0.5329320378	Q96LU5	IMMP1L
-0.6677833849	0.2317769936	Q8N2H3	PYROXD2
-0.0383754087	0.9014039725	A6NFY4	NEMP2
0.516877431	0.410834424	Q9BX46	RBM24
0.07413628656	0.7328643751	Q8NB42	ZNF527
0.04513064446	0.8795380108	Q5I0X7	TTC32
0.33245983	0.5501868691	Q9UJT9	FBXL7
0.01623914679	0.9569935243	Q8N6Q8	METTL25
0.6940112172	0.2124809558	Q9BUL9	RPP25
-0.3769631545	0.5649038634	P56278	MTCP1
-0.2556223406	0.3637145513	Q8TD55	PLEKHO2
0.03713841637	0.9443988497	Q9BTV7	CABLES2
0.01414843233	0.9443988497	Q7L311	ARMCX2
-0.03938584423	0.8762008747	Q6ZMS4	ZNF852
0.263747063	0.3995316298	O14683	TP53I11
0.5713334351	0.2794161897	Q9C0J9	BHLHE41
0.2140505415	0.3796801647	P38570	ITGAE
-0.22623023	0.5709020027	Q9Y4R7	TTLL3
0.3762055858	0.322035405	Q16533	SNAPC1
-0.04250674108	0.8771743684	Q64LD2	WDR25
-0.4414563428	0.3471361724	O75865	TRAPPC6A
-0.3552772707	0.2531185388	Q9C0I9	LRRC27
-0.0956231021	0.9150195588	P25089	FPR3
-0.08009039598	0.8697378663	Q9H4T2	ZSCAN16
-0.3303005798	0.2813619255	Q9Y2D0	CA5B
-0.1598379623	0.7924822368	P09237	MMP7
0.01710519721	0.9533279457	Q9GZQ3	COMMD5
0.09651416345	0.6777668265	Q9BT25	HAUS8
0.06273267131	0.8734002006	O14717	TRDMT1
-0.1600373967	0.4815592187	Q00535	CDK5
0.07217615261	0.747533839	Q8WVE0	EEF1AKMT1
-0.1779336454	0.5167535655	Q9Y3E2	BOLA1
-0.8036495453	0.6634356746	O75445	USH2A
0.3173966608	0.3866805541	Q29980	MICB
-0.3412697039	0.2691554346	Q9Y5G0	PCDHGB5
0.152120114	0.4627178575	Q9BUM1	G6PC3
0.2197776093	0.3933770199	P13682	ZNF35
0.07938755311	0.8347096494	O00311	CDC7
0.6156597131	0.1914704449	P51587	BRCA2
-0.5621696978	0.2604270401	Q86TX2	ACOT1
1.413153739	0.3060703674	O94808	GFPT2
-0.01473864695	0.9820706092	Q12889	OVGP1
0.9955389189	0.2797430696	Q01638	IL1RL1
0.3623144753	0.4742001259	Q96DC9	OTUB2
0.4510206031	0.3866805541	Q9H7M6	ZSWIM4
-0.09294214675	0.8149821937	Q9UKS7	IKZF2
-0.07269735676	0.829589734	P40306	PSMB10
-0.2571968287	0.4035948419	P54852	EMP3
-0.04694547344	0.8795380108	P28340	POLD1
0.02197567977	0.9612840169	Q9Y256	RCE1
-0.02449009072	0.9379070737	Q9NR81	ARHGEF3
0.1162439008	0.5702616535	Q4G0I0	UQCC4
-0.504116068	0.2299310753	Q96DC7	TMCO6
0.2531050577	0.5451861114	P13232	IL7
-0.04309977458	0.91798865	Q8WY64	MYLIP
-0.7492741743	0.2056490623	Q86UN2	RTN4RL1
-0.2242822813	0.3913122839	Q9NQX6	ZNF331
0.3738889995	0.2229482068	Q5TKA1	LIN9
-0.1957723238	0.426305674	Q8IYT4	KATNAL2
0.2423681807	0.5172943442	Q9HCE3	ZNF532
-0.3280827315	0.2361803301	A8K8V0	ZNF785
0.3532393968	0.2212633434	Q9NRZ9	HELLS
0.2604695039	0.5041593412	Q9GZN8	ADISSP
0.1066773587	0.7743124398	O60232	ZNRD2
0.003631412976	0.9917155908	Q9H0C3	TMEM117
-0.2819641928	0.3443105929	Q7Z494	NPHP3
0.7728865396	0.2287129349	P17813	ENG
0.2387439363	0.3941946207	Q86TL0	ATG4D
-0.2137214375	0.6750557268	Q8WXG9	ADGRV1
-0.08604903395	0.8959933514	Q13303	KCNAB2
-0.1104295154	0.6243189931	Q9BSK1	ZNF577
0.4448819974	0.2891213264	P61952	GNG11
-0.4630571651	0.3055777347	O43291	SPINT2
-0.2613154682	0.3772242493	Q8WTR4	GDPD5
0.02347295512	0.9567457449	Q6WRX3	ZYG11A
0.6325444479	0.4844086815	Q2M2H8	MGAM2
-0.1707064759	0.5652613436	Q96GR4	ZDHHC12
-0.02393090652	0.9656903223	P11362	FGFR1
-0.2909388086	0.4011412078	Q9H4Y5	GSTO2
-1.012265141	0.2800024385	Q14206	RCAN2
-0.2396657012	0.3848320385	A6NC05	C5orf63
-1.065227681	0.2692700843	O60894	RAMP1
-0.06837788259	0.7733707738	Q8NEP9	ZNF555
-0.3067517513	0.5828697508	Q9HCH5	SYTL2
-0.576897852	0.1814925525	Q15915	ZIC1
0.2520893244	0.4083813604	Q66GS9	CEP135
0.1218508847	0.7107491063	Q8N0Z8	PUSL1
-0.4657037043	0.4067674813	Q9NR34	MAN1C1
-0.425762569	0.3512982798	Q9UKU0	ACSL6
0.336070772	0.3893411329	Q99985	SEMA3C
0.07383412348	0.8685889513	Q9P2S6	ANKMY1
-0.1541834471	0.4948813734	Q96MX0	CMTM3
0.1596515059	0.6678799922	A6NCL1	GMNC
-0.3875528886	0.4667419123	Q6UX71	PLXDC2
0.182444455	0.4560697038	A8MPS7	YDJC
-0.03373348853	0.9103501847	O00189	AP4M1
-0.3312915487	0.3381857214	Q5TI25	NBPF14
0.2756690013	0.3660306754	Q9H4L4	SENP3
0.1584867684	0.3411533715	Q13568	IRF5
-0.1931370305	0.4815592187	Q86TN4	TRPT1
0.5533414917	0.3953883092	P11137	MAP2
0.2986170332	0.6015444854	Q6ZP65	BICDL1
-0.2447511918	0.8049955686	A6NES4	MROH2A
-0.1376927343	0.6214982745	Q8IZ83	ALDH16A1
-0.07392650268	0.7424817699	Q9Y5H3	PCDHGA10
0.1183387596	0.5777210798	Q86VX9	MON1A
0.3534731783	0.5802308395	Q8TAL6	FIBIN
0.1645150198	0.6651168002	Q8IY92	SLX4
0.001641154144	0.9956925029	O75340	PDCD6
0.4124941511	0.3195990619	Q8N6P7	IL22RA1
-0.0007750068835	0.997485691	Q8NCU8	MTLN
-0.01303158575	0.9559062511	P21506	ZNF10
0.1237699263	0.6987046456	Q9BUV8	RAB5IF
-0.2083376099	0.6209823087	Q96S53	TESK2
0.096252612	0.6446796652	Q6UWP2	DHRS11
-0.05705677259	0.8776253705	Q2T9K0	TMEM44
-0.07399891298	0.86315669	Q96SN7	ORAI2
1.414127293	0.005859483757	Q9NQW6	ANLN
-0.5225499813	0.3212536073	Q53RY4	KRTCAP3
0.1856422072	0.6261384845	Q6DN14	MCTP1
-0.1842638251	0.5638588199	Q8NFV4	ABHD11
-0.1984674227	0.5694167293	Q9BV19	C1orf50
0.00344805436	0.9915422269	Q9Y243	AKT3
-0.6835447545	0.3260734879	Q58DX5	NAALADL2
-0.05514645486	0.9098866943	Q9P296	C5AR2
0.1628088154	0.5645750846	Q8IX29	FBXO16
0.1438201223	0.6938620274	Q96CN4	EVI5L
0.1944831758	0.7438396346	O75061	DNAJC6
0.2290719221	0.568411524	Q01543	FLI1
-0.1778486455	0.6515160178	Q02045	MYL5
-0.01949706149	0.9881456612	Q1HG44	DUOXA2
0.2117043678	0.4972427625	Q96MY7	FAM161B
0.5163553947	0.328326617	Q8NFY9	KBTBD8
0.02817191469	0.9313113428	Q96JL9	ZNF333
0.1147560601	0.652359772	Q658N2	WSCD1
-0.08228487273	0.6998526555	Q14590	ZNF235
0.4559690714	0.2395165404	Q8N8X9	MAB21L3
0.5090040172	0.3454507095	Q9H4B4	PLK3
0.3687447454	0.3881024573	Q00532	CDKL1
0.5417685321	0.2212633434	P49454	CENPF
-0.265214907	0.4127304017	Q9C093	SPEF2
-0.171587845	0.4948520506	Q86WA9	SLC26A11
-0.2940913407	0.4005936338	Q8IV42	PSTK
0.108667518	0.5656085701	Q8IVF7	FMNL3
-0.02873159974	0.9109179279	Q9UGK8	SERGEF
-0.007493379982	0.9861549887	Q96SJ8	TSPAN18
0.07646370237	0.7168148411	Q32M78	ZNF699
1.211062797	0.2265421499	P15407	FOSL1
-0.2850045341	0.4371269328	Q14656	TMEM187
-0.4498394987	0.2363714	Q6ZNG9	KRABD2
-0.5913392938	0.1678958818	Q86UR1	NOXA1
0.1141452495	0.4819009559	Q9BVI4	NOC4L
-0.04062016364	0.9307394976	Q15973	ZNF124
-0.1833051134	0.7301587826	P22105	TNXB
-0.5459242222	0.2026004258	O60262	GNG7
0.04119625621	0.9497915258	O60687	SRPX2
0.1678533957	0.5520819212	Q9H9D4	ZNF408
-0.04228083098	0.9117822895	Q96RY7	IFT140
0.1712209634	0.6378138862	Q567V2	MPV17L2
-0.1281426266	0.6922877772	Q8NB15	ZNF511
-0.3777072398	0.3187865999	Q02108	GUCY1A1
-0.2057612174	0.4955214952	Q8N531	FBXL6
0.0102696294	0.9729220286	Q6PF04	ZNF613
-0.1328095811	0.6710446728	Q8NG66	NEK11
-0.2627115539	0.4361816712	P17039	ZNF30
0.110456116	0.7843863024	P09131	SLC10A3
-0.1695668476	0.5136472605	Q6P582	MZT2A
0.1649316614	0.4790839202	P38398	BRCA1
-0.2500868232	0.4242357451	Q9NX36	DNAJC28
0.1047502203	0.7591739273	P57076	CFAP298
-1.455336658	0.1835482265	Q2M385	MPEG1
-0.1251515995	0.5660637666	Q5BKU9	OXLD1
-0.1235461608	0.6391946807	P17020	ZNF16
-0.1116597531	0.7787129816	Q02388	COL7A1
-0.09048502133	0.8824257979	Q9BZE0	GLIS2
-0.1699055612	0.5956917671	Q9H4G4	GLIPR2
-0.7045928094	0.2698229597	O60688	YPEL1
-0.02984304397	0.9263944331	P01137	TGFB1
0.004121736733	0.9882468848	Q9BU76	MMTAG2
-0.6577478083	0.391361865	P55160	NCKAP1L
0.04111215836	0.8918040423	Q9BTN0	LRFN3
-0.3195607866	0.3055777347	Q96JF6	ZNF594
-0.1698201861	0.4815592187	Q7Z5B4	RIC3
-0.008041684359	0.9800267014	Q53EQ6	TIGD5
-0.1332568085	0.6329666942	F5GYI3	UBAP1L
-0.2347916327	0.6268705064	O95210	STBD1
-1.115755415	0.08999624649	Q9UIB8	CD84
0.05353025435	0.8153876665	Q15406	NR6A1
0.02450838589	0.9327672177	Q9H7X3	ZNF696
-0.05066249158	0.8835337436	Q5JPF3	ANKRD36C
-0.125160982	0.5421518031	Q96N95	ZNF396
-0.1910252794	0.6720752363	Q9BQ31	KCNS3
0.3322224119	0.5136472605	Q13641	TPBG
-0.4065561456	0.4229078995	A6NDV4	TMEM8B
0.2402861658	0.5308662367	Q9H6X2	ANTXR1
1.366407208	0.2463764392	P35504	UGT1A5
-0.09017685702	0.7752374577	Q17RM4	CCDC142
-0.1700573657	0.6609334142	Q6ZNG0	ZNF620
-0.6081102194	0.3537959864	P30273	FCER1G
-0.06412490692	0.8826129985	P17098	ZNF8
0.4328464025	0.2620174029	Q96RE9	ZNF300
-0.1804804559	0.3843194108	Q96A37	RNF166
0.359121176	0.3641506946	Q9BSF0	AKAP19
0.1427483997	0.5828433265	Q6ZN55	ZNF574
0.2495259573	0.3152490618	Q8NHH1	TTLL11
0.4212852958	0.2620174029	Q14644	RASA3
-0.2473601545	0.4959300831	Q4G0N7	FAM229B
0.1427869886	0.7254460421	Q14728	SLC75A1
-0.4708971682	0.2419844398	Q16769	QPCT
-0.004875680616	0.9892176349	A8K855	EFCAB7
0.8540407415	0.2720522052	Q5BVD1	TTMP
0.08318712071	0.7657938994	Q86UL8	MAGI2
-0.317739242	0.5659992513	Q14451	GRB7
-0.1883050601	0.650898519	O95848	NUDT14
-0.1481620941	0.8583941326	Q02535	ID3
0.3089856947	0.5671965404	Q02779	MAP3K10
-0.4366064217	0.3389735085	O43490	PROM1
-0.04291804035	0.7924822368	Q86T90	KIAA1328
-0.9728712347	0.09511172915	Q9UPZ6	THSD7A
-0.5716547935	0.2692700843	Q9NZK5	ADA2
0.389019075	0.3975408408	Q8WUX2	CHAC2
0.2101921817	0.4209868667	Q5HYA8	TMEM67
0.1009280943	0.6367224714	Q6ZW61	BBS12
0.2977377653	0.4165698541	Q9P227	ARHGAP23
-0.6821428634	0.2620174029	Q13093	PLA2G7
0.04496950341	0.9105040408	P49736	MCM2
-0.1079009061	0.7967228361	Q9NTX9	FAM217B
0.3637268125	0.4874849204	P55285	CDH6
-0.115414754	0.7171969455	Q96NA8	TSNARE1
-0.004783205233	0.9854227806	Q96CD2	PPCDC
-0.07538875416	0.8276391259	P43657	LPAR6
0.1221757922	0.7559242245	Q8NFB2	TMEM185A
-0.03682613734	0.9105040408	Q147U1	ZNF846
-0.1342254365	0.7023824074	Q9Y6H3	ATP23
-0.4079429682	0.2798166138	Q9NSE2	CISH
0.04601339748	0.8877453201	P52799	EFNB2
-0.224578958	0.8222615537	Q10586	DBP
-0.0473961294	0.8639147587	Q8N653	LZTR1
-0.1932949804	0.4979007868	Q969T3	SNX21
0.0009099719079	0.9977787195	Q96LW2	RSKR
0.1693379844	0.6221463615	Q92569	PIK3R3
0.01929424841	0.9650059821	Q6UW78	UQCC3
0.09266529733	0.6773167418	Q9H6X5	C19orf44
0.1743109531	0.4928348604	Q8TBZ5	ZNF502
-1.053702697	0.2620174029	Q6MZZ7	CAPN13
-0.1228313357	0.6383640244	Q9HB75	PIDD1
-0.1750126001	0.5659234513	Q9H511	KLHL31
-0.06443375661	0.8063325386	Q9BR77	CCDC77
1.198606514	0.4833445486	Q9UBY5	LPAR3
-0.2073861234	0.5389028528	P19099	CYP11B2
0.09394899675	0.700508952	Q9ULR0	ISY1
-0.3119588011	0.647842799	Q9HC56	PCDH9
0.3978345157	0.4519480305	Q86YD5	LDLRAD3
0.07189079804	0.9162801258	P06702	S100A9
-0.3007491806	0.4365858031	P68431	H3C1; H3C2; H3C3; H3C4; H3C6; H3C7; H3C8; H3C10; H3C11; H3C12
0.1350453936	0.5294969662	Q9Y239	NOD1
-0.393298309	0.4049390036	P59768	GNG2
-0.2633748553	0.5181253063	Q8N3F0	MTURN
-0.008148329846	0.9785696364	Q2NL68	PROSER3
0.2061918976	0.4815592187	O60906	SMPD2
0.0412030584	0.9231751968	O00219	HAS3
-0.1327781866	0.4676110284	Q9Y5F9	PCDHGB6
-0.2108413324	0.4928348604	Q9BUW7	BBLN
0.1034928695	0.73267198	Q9H816	DCLRE1B
-0.1685966455	0.5626124477	Q96IC2	REXO5
0.2004108655	0.7094823401	Q5SZD1	C6orf141
0.09768541477	0.7353241878	Q6ZMS7	ZNF783
0.04675567729	0.9347384069	O95716	RAB3D
-0.5556557855	0.5744242774	P22897	MRC1
-0.1058923847	0.6539732144	Q9HBT8	ZNF286A
0.2183390742	0.4371269328	P16104	H2AX
-0.4113576537	0.2380259829	H3BQW9	FAM229A
0.1753071471	0.7294719212	Q8IZP9	ADGRG2
-0.3008974055	0.3687489394	Q96GX1	TCTN2
-0.004152661261	0.9855366523	Q49AA0	ZFP69
0.004621114415	0.986813438	Q9P2Z0	THAP10
-0.8274910714	0.2977380734	Q6ZSM3	SLC16A12
-0.2249845232	0.5190981837	Q9BYW1	SLC2A11
-0.02387711026	0.9306645868	Q9UIE0	ZNF230
-0.3734038835	0.2649132628	Q8TCD1	C18orf32
0.6957060774	0.2355173272	Q9NZQ7	CD274
-0.09182282852	0.6280944842	Q9HC52	CBX8
0.1423255591	0.726922398	Q9BRG2	SH2D3A
-0.2249584688	0.4209868667	Q15697	ZNF174
-0.01242272829	0.9772040097	P0CJ78	ZNF865
-0.1372279812	0.4676110284	O75486	SUPT3H
0.9559267452	0.6025787706	P25815	S100P
-0.2021237529	0.4909559784	A0A1W2PQU2	KANTR
0.2492403635	0.3879762337	Q8WWN8	ARAP3
0.3473275828	0.236508846	Q13111	CHAF1A
0.1383018744	0.6649267398	Q9BSG1	ZNF2
0.1685004663	0.4581192509	Q9BYC5	FUT8
-0.03761481594	0.9617915609	Q8TF62	ATP8B4
0.3411364938	0.3180177272	Q16647	PTGIS
-0.08736188919	0.8316921649	Q14264	ERV3-1
0.2536178535	0.4378769245	Q5T6S3	PHF19
-0.1790654902	0.7293932943	Q969W9	PMEPA1
-0.1345536181	0.6999936276	Q5T0N1	CFAP70
-0.0453165651	0.8307834782	Q96EN9	REX1BD
-0.6679889029	0.3738743462	Q9NT68	TENM2
-0.1415030506	0.6634356746	Q8TBZ0	CCDC110
-0.02085108446	0.9329500896	Q96S06	LMF1
0.3923075669	0.3353711437	Q7Z402	TMC7
0.2338505182	0.3528601162	O95402	MED26
0.2328239452	0.5759585825	P53778	MAPK12
-0.02533638481	0.8931052782	Q6UWY0	ARSK
0.4703036887	0.5215745125	Q9H5V8	CDCP1
-0.2326434494	0.4922293685	Q9NUR3	TMEM74B
-0.5487014358	0.4796744587	P34096	RNASE4
-1.207408044	0.2333695589	Q96DX5	ASB9
0.07214546634	0.8139216256	Q5TH74	STPG1
-0.08669328691	0.8276391259	P01127	PDGFB
0.1342225692	0.4787505284	Q15937	ZNF79
-0.08973032259	0.7504189588	Q99613	EIF3C
0.4512077124	0.4296667732	P16144	ITGB4
-0.4620125395	0.2502859077	Q8N2S1	LTBP4
-0.2168598965	0.5150088872	Q9Y2A4	ZNF443
0.0502570636	0.8648772321	Q96MB7	HARBI1
-0.08697846994	0.7440709903	Q12851	MAP4K2
-0.2425076126	0.365920999	Q17RN3	FAM98C
-0.115363092	0.8139216256	Q9NS84	CHST7
0.09174067036	0.6380695576	Q96QE4	LRRC37B
-0.2023563427	0.3627741823	O60890	OPHN1
-0.2231831015	0.5189848703	Q969E4	TCEAL3
-0.5914143963	0.4321841001	O14520	AQP7
0.1565035778	0.4975812641	P33992	MCM5
0.1861459703	0.5638588199	Q9UG63	ABCF2
-0.02895083114	0.8689606342	Q6VVB1	NHLRC1
-0.0712384076	0.7265040009	Q96SL8	FIZ1
0.06234090046	0.8585106178	A5D8W1	CFAP69
-0.1531096842	0.5538018835	Q13398	ZNF211
-0.6636605666	0.1814925525	Q9NRC6	SPTBN5
-0.01366363187	0.9802764503	P57077	MAP3K7CL
0.009339720497	0.9810960939	Q13635	PTCH1
-0.3903117344	0.3799294669	Q9P2X0	DPM3
0.1904658179	0.4777953081	Q6PCT2	FBXL19
-0.4080192477	0.3480777993	Q8N370	SLC43A2
0.2751323515	0.370789571	Q9BT17	MTG1
-0.2320453753	0.50857292	Q8TEY5	CREB3L4
-0.2390893384	0.4619980713	Q9BR11	ZSWIM1
0.02492113978	0.9025117711	P00813	ADA
-0.1903252328	0.5100598587	P19484	TFEB
-0.004020126558	0.9943896446	Q9BUK6	MSTO1
-0.1674066429	0.5100598587	Q96MX6	DNAAF10
-0.4208901727	0.4096644816	Q14542	SLC29A2
-0.01206952417	0.9694240484	P20309	CHRM3
-0.008835435074	0.9785696364	Q5TGZ0	MICOS10
0.04496595439	0.8780836368	O94927	HAUS5
2.021415341	0.1156488985	P14210	HGF
0.5504829409	0.1678958818	P07585	DCN
0.0702761498	0.8321006756	P15918	RAG1
0.03218936286	0.891281205	Q68EA5	ZNF57
0.1823177121	0.3662309013	Q86VY4	TSPYL5
-0.04699576998	0.9064963916	P15374	UCHL3
-0.1327681273	0.5473452719	Q8N8B7	TCEANC
0.1950002598	0.5681177595	Q96F45	ZNF503
-0.2379063895	0.3668633231	Q9P0L1	ZKSCAN7
-0.2179969461	0.4819009559	Q9BWC9	CCDC106
0.1783176135	0.5196494684	Q8N9M5	TMEM102
0.2521472936	0.3005120799	Q9NQT4	EXOSC5
-0.1886856144	0.5517055658	P78549	NTHL1
-0.2901699677	0.2783705437	O94788	ALDH1A2
-0.5160933732	0.4243997208	Q86SF2	GALNT7
-0.3904923905	0.2692700843	Q5JSL3	DOCK11
-0.1854606642	0.4874849204	Q9UNH5	CDC14A
-0.1126619672	0.7949452498	Q9UK32	RPS6KA6
-0.04579180932	0.9074010096	Q9H808	TLE6
-0.8115305904	0.2604270401	P28161	GSTM2
-0.1174579841	0.7917831495	Q5W0U4	BSPRY
0.01230435688	0.9778244949	Q9BZW7	TSGA10
0.06232967057	0.9117822895	Q5T5X7	BEND3
-0.7109036582	0.2903720749	O75095	MEGF6
0.1967964392	0.7075442073	Q5M775	SPECC1
-0.1664772739	0.7049905182	Q5M9N0	CCDC158
0.05070157224	0.8076095717	Q96FC9	DDX11
-0.2098344807	0.4992975249	Q86TJ5	ZNF554
-0.03025386988	0.9436684036	Q5T124	UBXN11
0.05356947356	0.8772745696	P08708	RPS17
-0.05730577306	0.8860131968	Q86TW2	ADCK1
0.01583080986	0.9904604932	Q9GZN0	GPR88
0.3155609486	0.4076717989	O76070	SNCG
0.1342947228	0.6338595763	Q96EH5	RPL39L
-1.060408483	0.2400082042	P27216	ANXA13
-0.3599820158	0.2273281833	Q9H8P0	SRD5A3
-0.3846421289	0.3493031826	O00584	RNASET2
-0.1051720742	0.7234977785	Q96K80	ZC3H10
-0.4674950516	0.3208273295	Q6UWB1	IL27RA
-0.06353919779	0.7700841902	Q16540	MRPL23
0.02259684755	0.9578728238	Q9BUG6	ZSCAN5A
0.3933080711	0.3646526881	Q9UBP4	DKK3
0.3304155833	0.3907308745	Q9BVC3	DSCC1
-1.050959844	0.2229482068	O15117	FYB1
-0.2205190205	0.6651168002	Q8TC29	ENKUR
0.1215902253	0.714291985	Q09013	DMPK
-0.3040789663	0.4736535019	O43820	HYAL3
-0.2298810014	0.4646191691	Q9BUN1	MENT
-0.1209002575	0.7484109844	Q6PCB7	SLC27A1
0.1775716515	0.6087006231	Q9NR71	ASAH2
-0.2259479723	0.3708761111	Q96JS3	PGBD1
-0.5238932629	0.1914704449	Q9BUY7	EFCAB11
0.04060072885	0.8958472511	Q9Y3B6	EMC9
-0.3703915466	0.3000009959	Q6UWU2	GLB1L
0.5113386512	0.1655105079	Q562F6	SGO2
-0.1212971646	0.7035604675	Q8IZY2	ABCA7
0.3459786118	0.7035604675	Q9C075	KRT23
0.5104878245	0.2124809558	P14635	CCNB1
0.3318353988	0.3526623277	Q8N394	TMTC2
-0.2065146825	0.5726203378	E5RQL4	FTCDNL1
-0.1024802934	0.8209653683	Q9ULS5	TMCC3
0.2849406892	0.3693407543	P51530	DNA2
0.1296868642	0.6827153298	Q9Y2Y1	POLR3K
-0.8764234672	0.2604270401	Q8IVN8	SBSPON
-0.3643340539	0.4819009559	Q6PKX4	DOK6
-0.2349928115	0.4474670138	P0C7X2	ZNF688
-0.1709881505	0.5247227204	Q96LW7	CARD19
0.3071942418	0.6934021204	P23219	PTGS1
-0.5252730984	0.2617972566	Q96L94	SNX22
-0.2743121751	0.4879073349	Q9UPM9	B9D1
-0.03094449786	0.8764625686	Q9BSY4	CHCHD5
0.277239546	0.3130859445	Q99728	BARD1
-0.03591014985	0.8862706663	Q9BWX1	PHF7
0.7853777572	0.356380111	Q53GA4	PHLDA2
-0.1425696736	0.6701444759	Q8TAC2	JOSD2
-0.2216976363	0.584171032	Q7L8A9	VASH1
0.3677772471	0.2754279707	Q9HAB3	SLC52A2
0.0502283032	0.8752931462	Q96BZ8	LENG1
-0.7106670217	0.2586842726	P14317	HCLS1
-0.4734508152	0.236508846	Q8TDQ0	HAVCR2
0.3275933733	0.4450959491	Q13368	MPP3
0.5529471413	0.1887700016	P62079	TSPAN5
0.7482119687	0.08726692014	Q8NC67	NETO2
0.1849439608	0.6113690079	Q99856	ARID3A
-0.3983216324	0.3057091479	P09211	GSTP1
-0.2621150746	0.3783648157	P49789	FHIT
-0.7947189073	0.4032249528	Q9BXJ7	AMN
0.01728213431	0.9507624548	Q8N9M1	C19orf47
-0.7682628442	0.3792218483	P80723	BASP1
0.2031563129	0.5740578021	Q13164	MAPK7
-0.1311630982	0.9141729838	Q14749	GNMT
-0.1574275171	0.7387124701	Q8NCM8	DYNC2H1
-0.02552877465	0.9347206679	Q96D05	FAM241B
0.4542262932	0.2229482068	Q8N344	MIER2
-2.715091032	0.09866525451	O43827	ANGPTL7
0.2004011122	0.505102204	A8MXE2	B3GALT9
-0.2447251348	0.2620174029	Q0VGE8	ZNF816
0.05561747742	0.8556351811	Q8NCK3	ZNF485
-0.4072218413	0.2709371473	Q07092	COL16A1
0.06822394439	0.9458202982	Q96PP8	GBP5
-0.05137097039	0.9059308002	Q6IPT4	CYB5RL
-0.1102701851	0.7613445728	Q9NUD7	C20orf96
-0.1703932291	0.4003662308	Q9H609	ZNF576
1.066574845	0.1814925525	Q8IZT6	ASPM
-0.664167256	0.07703057608	Q6ZMW3	EML6
0.01797423676	0.9694004673	O95822	MLYCD
0.03976169535	0.9025117711	Q7L2J0	MEPCE
0.006786638869	0.9893279816	Q5QJU3	ACER2
0.150956495	0.6215179815	Q96HJ3	CCDC34
0.009527180644	0.9710664193	Q96KV7	WDR90
-0.0208226494	0.9821225325	Q6E0U4	DMKN
-0.2131143164	0.4443182796	Q9NQ86	TRIM36
0.1200647931	0.5152590538	P17021	ZNF17
-0.6294811618	0.2185711263	Q96A83	COL26A1
0.3579662111	0.2395165404	Q9BRY0	SLC39A3
-0.06518713328	0.7917831495	Q8IZL9	CDK20
0.1693809673	0.7072975175	Q92913	FGF13
0.08017940693	0.6905874263	Q86UQ0	ZNF589
-0.08494316262	0.6961644668	Q96C45	ULK4
-0.1125142088	0.613155278	A2RU49	HYKK
-0.0274240137	0.9200866782	Q7Z340	ZNF551
0.2015653594	0.4109980226	A5YM69	ARHGEF35
0.06197247956	0.8521463842	Q05516	ZBTB16
-0.1134242621	0.7729075061	Q9Y4A8	NFE2L3
0.0422675508	0.8735183072	Q9NXW9	ALKBH4
0.5129056557	0.5714707061	Q15306	IRF4
-0.2901813232	0.3027741584	Q3KQV3	ZNF792
-0.2792466708	0.370789571	Q13882	PTK6
-0.3462816172	0.5271409466	Q8TCU6	PREX1
-0.04794281596	0.8743347625	Q8NEJ0	DUSP18
0.02869834146	0.8966397311	O96015	DNAL4
-0.3478534364	0.2205523801	A7E2F4	GOLGA8A
0.07839963861	0.7624970392	Q6PGQ7	BORA
0.1733453977	0.8246873308	P21810	BGN
-0.3091471498	0.5387511577	Q96CN5	LRRC45
0.2096831226	0.3995316298	Q99638	RAD9A
1.274826976	0.3638799028	P61328	FGF12
-0.3892328401	0.08726692014	P24723	PRKCH
-0.1936804051	0.6395528346	O95319	CELF2
0.1272479914	0.662329774	Q96C55	ZNF524
-0.209428254	0.4739018791	C9JLW8	MCRIP1
-0.2792960838	0.3230623378	Q8NEM8	AGBL3
-0.1779809406	0.6496230514	Q14934	NFATC4
0.08499106629	0.7397488357	Q9H6E5	TUT1
-0.3589529677	0.2045207476	Q86X67	NUDT13
0.01586978743	0.9741170001	P56545	CTBP2
-0.1004458688	0.8058269392	P07550	ADRB2
-0.03894972953	0.910258447	Q7Z3E5	ARMC9
0.4538575822	0.3757848861	Q6AZY7	SCARA3
0.2019353287	0.3692787513	Q2M1Z3	ARHGAP31
-0.1568779559	0.6777668265	P05108	CYP11A1
-0.06964860896	0.9072560771	Q0ZGT2	NEXN
0.4721569176	0.2492922357	Q9Y6A5	TACC3
-0.3421932257	0.3057091479	Q8N4B5	PRR18
-0.2734806982	0.50857292	Q9Y2B0	CNPY2
-0.05565060887	0.8896999207	Q96DM1	PGBD4
-0.05270230582	0.8772745696	A5PL33	KRABD3
-0.2906028592	0.2400082042	P35475	IDUA
0.04924422525	0.9304335885	Q56A73	SPIN4
-0.401414656	0.2217756781	Q9UN71	PCDHGB4
0.1981872524	0.5630759771	P08069	IGF1R
-0.08548128483	0.714685021	Q6NT04	TIGD7
-0.1651396005	0.7236867968	A4FU49	SH3D21
-0.1929709839	0.5186661278	P85299	PRR5
0.1584203	0.4992975249	Q9UM13	ANAPC10
-0.05563565517	0.8271123226	Q3KRA6	C2orf76
-0.05894415073	0.905331196	O43361	ZNF749
-0.2723423242	0.6145446233	P35368	ADRA1B
0.01071998898	0.9751733192	Q8N393	ZNF786
-0.002100323298	0.9964485435	Q9HAT8	PELI2
-0.1796481891	0.4072650782	P51788	CLCN2
0.04860643168	0.8882371542	Q8N9F7	GDPD1
-0.1690467842	0.6777668265	Q9UIG8	SLCO3A1
0.1639574966	0.7025441072	Q15758	SLC1A5
2.283957598	0.02459051899	O14625	CXCL11
-0.2450211148	0.7615597789	P10147	CCL3
0.3409878522	0.6014769738	Q9NRW1	RAB6B
0.4738227674	0.291187636	Q7Z2K8	GPRIN1
0.1679387545	0.4962514099	Q3B820	FAM161A
0.07916660751	0.8014446117	Q9Y6Q6	TNFRSF11A
-0.06500136484	0.874555683	Q5T1R4	HIVEP3
-0.5743594973	0.3058206515	Q9UKU6	TRHDE
0.2034719831	0.6792707824	O14965	AURKA
0.2825765226	0.4067674813	Q9NPC4	A4GALT
-0.2838450353	0.5338627471	Q86TZ1	TTC6
-0.04695270042	0.9329500896	Q6DKJ4	NXN
-0.8278735305	0.2604270401	O95153	TSPOAP1
0.1016598762	0.8677596313	Q9NUJ7	PLCXD1
0.4810254372	0.4124068153	P35030	PRSS3
-0.05834996406	0.8803813567	Q8IUW3	SPATA2L
0.5978990806	0.2124809558	Q06418	TYRO3
-0.1028608179	0.7978717381	Q15722	LTB4R
0.6040038957	0.07372104488	P52732	KIF11
0.6495746189	0.3238728537	O95279	KCNK5
-0.06677549119	0.8723280042	Q6ZNL6	FGD5
-0.9044632687	0.3630163983	P16860	NPPB
0.3836794813	0.6634356746	Q9HCC6	HES4
0.1969308657	0.512932232	Q13487	SNAPC2
-1.044151443	0.09866525451	P01909	HLA-DQA1
0.2526773115	0.5744242774	P57081	WDR4
0.07931534307	0.7088621015	Q8N823	ZNF611
-0.008979396076	0.9724308968	Q7Z5J8	ANKAR
-0.6586223464	0.3130859445	Q8N1A0	KRT222
0.2989107508	0.4590848514	P48167	GLRB
-0.6245325758	0.2611332092	P53420	COL4A4
-0.6267403601	0.2380259829	Q86WK9	PAQR7
-0.1862570586	0.6918460818	P60763	RAC3
-0.02852158422	0.9569935243	Q4G0U5	CFAP221
-0.2291094922	0.6446796652	Q9NZN3	EHD3
0.9507910519	0.3494239512	Q6ZV89	SH2D5
-0.08920223974	0.769047068	P52798	EFNA4
-0.09774640564	0.7160902866	Q9BWM5	ZNF416
-0.1722812151	0.647842799	Q96PV0	SYNGAP1
0.03224118523	0.9464507556	Q9HC21	SLC25A19
-0.3080604147	0.7304029377	Q93096	PTP4A1
-0.04418373007	0.906954235	Q96NL1	TMEM74
-0.3555683292	0.5815901701	Q9NRU3	CNNM1
0.3703030215	0.3400319094	Q9BUR4	WRAP53
0.3948506078	0.3668934301	Q6ZNX1	SHLD3
-1.060282029	0.4263238529	Q5TCH4	CYP4A22
0.8129609476	0.2469575	P13726	F3
-0.4404868885	0.4819009559	O95622	ADCY5
-0.4838183778	0.3559480491	Q99999	GAL3ST1
0.01598429057	0.969039392	A6NNY8	USP27X
-0.8655046812	0.2627099237	P11169	SLC2A3
-0.3373087113	0.3468350781	Q9Y6R9	CCDC61
-0.3905945508	0.5598231912	P07949	RET
-1.050447004	0.1389274101	O60635	TSPAN1
-0.4962329264	0.2333695589	Q96SL4	GPX7
-0.2318804776	0.5709714163	Q14164	IKBKE
0.4692531577	0.2601589944	Q15527	SURF2
0.2403077091	0.5395098758	Q9GZU2	PEG3
-0.4603493536	0.4545219898	Q6FHJ7	SFRP4
0.03214373755	0.9117609543	Q6UX72	B3GNT9
-0.3482122898	0.5721064855	O95257	GADD45G
-0.1619835561	0.6446796652	Q9H2S9	IKZF4
0.08936738914	0.7345431145	Q8NEA4	FBXO36
0.4993183053	0.2854851859	Q9BU64	CENPO
0.2318814248	0.4129449259	Q00978	IRF9
0.1179197748	0.6421807079	Q96F83	CLBA1
-0.7686200272	0.2161560895	P43405	SYK
-0.3364151555	0.3035751783	Q6P2I3	FAHD2B
0.1866092187	0.4005197218	Q7Z624	CAMKMT
0.167506994	0.7172463896	Q96C12	ARMC5
-0.1582231567	0.6645825879	Q96CQ1	SLC25A36
-0.5698069499	0.2124809558	A7XYQ1	SOBP
0.08436332895	0.8470323586	P83881	RPL36A
-0.1953260691	0.6140024065	P40424	PBX1
-0.2859010496	0.3669364506	Q14162	SCARF1
-0.1507165795	0.6147495089	Q96GS4	BORCS6
0.6424965271	0.3451415066	P49798	RGS4
-0.4173185661	0.3315253342	Q3KQV9	UAP1L1
-1.081824888	0.21847452	Q8TBJ4	PLPPR1
-0.4785327284	0.39130457	O15551	CLDN3
-0.2470596128	0.6463608006	Q9BW04	SARG
0.010737955	0.9747488858	Q504Y2	PKDCC
0.7981965684	0.200212139	Q8N1L9	BATF2
0.2389244407	0.289642089	O95201	ZNF205
-0.2122540303	0.550926845	Q04725	TLE2
-0.1845042766	0.5952153178	Q9NZM4	BICRA
0.787027482	0.1025615218	P31350	RRM2
-0.03029645262	0.9334515472	Q9HAC8	UBTD1
0.6944020529	0.2783705437	Q99741	CDC6
-0.8958645443	0.4271596095	Q9NSD5	SLC6A13
0.02017849339	0.9521716641	Q8IUD6	RNF135
-0.5898482287	0.3667528385	Q9BQE6	LBHD1
-0.1346055273	0.5812791273	Q9NXS2	QPCTL
0.152421745	0.7507605662	Q9P2K5	MYEF2
0.3427519966	0.310901605	Q2VPK5	CTU2
-0.4384013124	0.4510976086	P10721	KIT
0.542946863	0.5790119577	Q9C009	FOXQ1
0.3581157756	0.6252238709	Q96BS2	TESC
-0.1074735001	0.796508984	O76095	JTB
0.07145015174	0.812489787	Q9UL59	ZNF214
-0.2039573661	0.5842053945	Q96FF7	MISP3
0.06064818609	0.8323768258	Q8N7K0	ZNF433
-0.02473462853	0.935199133	Q969Y0	NXPE3
0.1835928688	0.5124182469	Q53H96	PYCR3
0.2679807029	0.4960251267	Q8TDW0	LRRC8C
0.04582374326	0.901695735	Q9P0T4	ZNF581
-0.1571371712	0.556031882	O00329	PIK3CD
-0.7734801823	0.2924577354	Q96LC9	BMF
-0.1996949692	0.6807640038	Q9Y463	DYRK1B
-0.1091016905	0.8277813505	Q9Y6S9	RPS6KL1
-0.000432900358	0.9978946131	Q14863	POU6F1
0.1968724592	0.4777811106	Q8NC24	RELL2
-0.7142686611	0.2229482068	Q7Z410	TMPRSS9
-0.5722043961	0.2807286993	A8MSI8	LYRM9
-0.07209915732	0.8718041443	Q9H469	FBXL15
-0.2799947209	0.386952181	Q9P1Z3	HCN3
-0.3902055234	0.6075353762	Q5PT55	SLC10A5
-0.4280778381	0.2190423902	Q92854	SEMA4D
0.1717667179	0.5242716013	Q9HBI5	CEP15
-0.2709376267	0.3627367632	Q8N4L8	CCDC24
-0.08525363205	0.7645213904	O94941	UBOX5
-0.6786238879	0.3598561474	Q8TDB8	SLC2A14
-0.1325561954	0.6160696456	Q08499	PDE4D
0.3344139423	0.349098035	Q16637	SMN1; SMN2
0.4426599245	0.1105590242	O75746	SLC25A12
-0.1460442761	0.5602398858	A6QL64	ANKRD36
-0.211772284	0.2469575	Q86T20	SMIM29
-0.04856191586	0.8829055195	O95881	TXNDC12
0.3704271371	0.3866805541	Q06710	PAX8
-0.8735586365	0.1357655535	Q8NF50	DOCK8
0.001527437343	0.9971443089	Q8TAC9	SCAMP5
-0.8234048924	0.2995711164	Q9UH77	KLHL3
0.2651954959	0.2395165404	Q9UIM3	FKBPL
0.1168735484	0.4689083104	B7Z6K7	ZNF814
-0.3213708811	0.4364208418	Q9UKT9	IKZF3
-0.249295698	0.3600386761	Q9P202	WHRN
-0.3368604473	0.2813619255	Q6ZR85	C17orf107
-0.09003014204	0.8155847652	P27815	PDE4A
-0.4114459613	0.1914704449	Q5VVH5	IRAK1BP1
-0.022089987	0.9820706092	Q0P6D2	DIPK1C
0.2418881708	0.3781165209	Q53HC5	KLHL26
-0.3563062628	0.3601485488	Q9ULK0	GRID1
-0.2640531379	0.2588842081	Q8WY98	TMEM234
0.5487007013	0.2807286993	Q9H4F1	ST6GALNAC4
-0.03719569355	0.9345893801	P19526	FUT1
0.155200045	0.6059126343	Q9NUB1	ACSS1
-1.144162993	0.2622954816	O75363	BCAS1
0.9489265908	0.09511172915	Q13387	MAPK8IP2
0.299311693	0.6671577473	Q9Y603	ETV7
-0.4184875007	0.4780940289	P19876	CXCL3
-0.1974550253	0.4819009559	Q96LD8	SENP8
-0.01021422931	0.9785696364	Q9UJJ7	RPUSD1
-0.9549765692	0.268302856	P01730	CD4
0.2491391654	0.7328271068	Q4LDE5	SVEP1
0.1661933316	0.6292371354	Q96JB3	HIC2
-0.08801351866	0.7585831287	Q9Y5P8	PPP2R3B
-0.1344764952	0.5973817542	O75541	ZNF821
-0.05836647041	0.8435849617	O60304	ZNF500
0.3690007528	0.1720866524	Q7Z6J8	UBE3D
0.09132219789	0.8578083349	Q9Y275	TNFSF13B
-0.881945015	0.4266831912	P62760	VSNL1
0.4474951764	0.375071548	Q96J84	KIRREL1
0.08811414233	0.7690122409	Q8N8Y5	ZFP41
0.927307626	0.4014121377	Q86VI3	IQGAP3
-0.3437218225	0.2400082042	Q5TZA2	CROCC
-0.3364221956	0.338018217	Q8N9H8	EXD3
0.2088215945	0.7132171209	Q86YR5	GPSM1
-0.05758814119	0.8621680436	O60260	PRKN
-0.2591331577	0.4072716232	Q9UDY2	TJP2
-0.2628075472	0.3411533715	Q6ZUS5	CCDC121
-0.3585703212	0.4214128623	Q96AN5	TMEM143
0.1779839512	0.8109486411	Q8WUJ3	CEMIP
-0.03779169825	0.9110118239	Q494U1	PLEKHN1
0.004205357657	0.9882468848	Q7Z3V5	ZNF571
0.008717167208	0.9889046788	P28907	CD38
0.7324137619	0.2611332092	P10589	NR2F1
-0.7467767054	0.4610121185	P14151	SELL
0.2080881574	0.6318037098	Q684P5	RAP1GAP2
0.01882525142	0.9494324411	Q96AP0	ACD
0.2492342651	0.5458572833	Q9BZL3	SMIM3
0.002682316026	0.995091397	P07311	ACYP1
0.1632532974	0.7397067338	Q9BXY8	BEX2
0.1828158117	0.5591642878	Q16600	ZNF239
0.06030453011	0.8818525591	Q9HCC9	ZFYVE28
-0.704833823	0.3106420739	P19961	AMY2B
-0.4677836769	0.4401896809	A1A4G5	LNP1
0.4438274463	0.3114647237	P26992	CNTFR
0.1512612286	0.6798744846	Q9H158	PCDHAC1
0.0009879952276	0.9979216252	Q6ZW31	SYDE1
-0.3349432019	0.3796801647	Q96DD7	SHISA4
0.07825688669	0.7634894982	Q9C030	TRIM6
-0.9245003716	0.2229482068	P04440	HLA-DPB1
-0.2844515061	0.7754901394	Q5T7N3	KANK4
-0.0673297424	0.8083245066	Q96C28	ZNF707
0.05580371344	0.9055023964	Q4V339	ZNG1F
-0.02170395223	0.9266360866	Q96H86	ZNF764
0.9631764485	0.3615298792	Q9NQ69	LHX9
0.1229005945	0.8212491866	B0YJ81	HACD1
-0.2294333904	0.3666769422	Q9NWD9	BEX4
-0.2832491198	0.5973817542	P18564	ITGB6
-1.217261885	0.236508846	O95428	PAPLN
0.5108224913	0.2692700843	Q9BX97	PLVAP
-1.001654043	0.258253828	Q9H324	ADAMTS10
-0.02516400054	0.9143985824	Q9P2J8	ZNF624
-0.552519036	0.2510049807	Q15102	PAFAH1B3
0.09391315119	0.8049955686	P48960	ADGRE5
0.04985441678	0.8768073451	O75145	PPFIA3
-0.006777277395	0.980153079	Q01081	U2AF1
-0.3014942782	0.3933770199	P33076	CIITA
-0.7004979037	0.5009859709	O43895	XPNPEP2
-0.6935619358	0.3463656228	Q9NP56	PDE7B
-0.164742993	0.5365976205	Q9H0I2	ENKD1
0.18096739	0.6786914739	Q8N143	BCL6B
-0.005231487429	0.9893279816	Q9P217	ZSWIM5
-1.179198117	0.3171628503	P03372	ESR1
-0.5568095554	0.2469575	Q9H0C1	ZMYND12
0.03848007781	0.9279412647	Q9BTK6	PAGR1
-0.2560798707	0.4603070351	P23743	DGKA
-0.651389914	0.3240852445	Q92608	DOCK2
-0.01242420568	0.97867752	Q8N2H9	PELI3
0.01524937198	0.9729220286	Q15759	MAPK11
-0.5234353306	0.5465437433	Q9BZW4	TM6SF2
-0.01058212949	0.9723950392	Q9H6H4	REEP4
0.08857039552	0.8039734589	Q0P6D6	CCDC15
-0.5270059363	0.4665540552	P12644	BMP4
0.01368210908	0.9699664924	Q7L266	ASRGL1
-0.141777626	0.5709714163	Q9Y664	KPTN
0.1124419284	0.7159758097	Q96FZ5	CMTM7
-0.8196944625	0.2604270401	Q8WWM9	CYGB
0.02374947763	0.9654301762	Q8NAF0	ZNF579
-0.3460039309	0.3931539664	Q9H6D7	HAUS4
-0.8785911114	0.3931539664	B7ZBB8	PPP1R3G
-0.4619649612	0.2604270401	Q8N129	CNPY4
0.1729064312	0.7504189588	Q8WXF0	SRSF12
-0.4766588745	0.2989987597	Q13232	NME3
-0.1015922374	0.6750557268	Q9UJH8	METRN
0.1146280683	0.7095355065	A0A096LP55	UQCRHL
0.172923751	0.6001193924	Q5JXC2	MIIP
-0.4021065242	0.3069258723	Q9UBX3	SLC25A10
-0.09555247191	0.8043017333	Q9H857	NT5DC2
-0.2735174957	0.5301889854	Q96HA4	C1orf159
-0.4374998086	0.6282096328	Q687X5	STEAP4
0.2612015328	0.4662923129	O95382	MAP3K6
-0.6234128981	0.4443182796	Q7Z3G6	PRICKLE2
-0.445025351	0.3125404314	Q9BT88	SYT11
0.6302039416	0.1996231546	P55290	CDH13
0.5118025156	0.3667528385	Q96GV9	MACIR
1.00005278	0.2692700843	P43354	NR4A2
-0.1937432538	0.3840893458	A6NEM1	GOLGA6L9
-0.7116913692	0.3212536073	P55058	PLTP
0.2967282538	0.2798166138	Q9Y6R0	NUMBL
-0.6295156518	0.4707588937	P05305	EDN1
-0.102952854	0.7144219384	Q9H300	PARL
-0.1054574455	0.7528656778	O15315	RAD51B
-0.008722312438	0.991907869	Q8IYA7	MKX
-0.2552133586	0.6174717426	Q9NPF8	ADAP2
0.1124462045	0.7010709309	Q86XK3	SFR1
-0.3624296346	0.3069258723	Q9NRB3	CHST12
0.1722424113	0.7670883223	Q6ZVT6	CFAP20DC
0.4930400407	0.1053359076	Q96M89	CCDC138
-0.08953443651	0.7161734831	Q9H972	C14orf93
0.56420905	0.2595231886	Q9HB09	BCL2L12
-0.4271003027	0.2229482068	Q99542	MMP19
-0.01834656236	0.9543533877	Q96J01	THOC3
-0.1915165314	0.6088023505	O43679	LDB2
-0.2273573433	0.4937316929	Q01860	POU5F1
-0.1043797042	0.7103711888	P51828	ADCY7
-0.09365309977	0.8824257979	Q8TBY9	CFAP251
0.08146980083	0.7046177819	Q86UW9	DTX2
-0.3249592712	0.4909217482	Q8WYN3	CSRNP3
-0.140481796	0.5837564985	P43243	MATR3
0.07870515648	0.7737130078	Q96KS0	EGLN2
-0.4067164944	0.4014277303	P22914	CRYGS
-0.3860777934	0.2380259829	Q8IZ26	ZNF34
-0.7730321534	0.3382851921	Q02325	PLGLB1; PLGLB2
0.3269800859	0.3803863473	Q56NI9	ESCO2
-0.09257525866	0.7885294883	Q9NVC6	MED17
-0.1811534992	0.5909966548	Q9NQV5	PRDM11
-0.3076338293	0.533662832	Q86YV5	PRAG1
0.239121854	0.6064585615	Q9UKU9	ANGPTL2
-0.02389969573	0.9612840169	Q96HU8	DIRAS2
-0.2907873288	0.6464265491	Q16850	CYP51A1
0.1412973797	0.6543046581	Q9Y2R5	MRPS17
-0.5097273853	0.4391367237	Q9BXJ4	C1QTNF3
-0.111438554	0.7361475229	P32322	PYCR1
0.01310688084	0.9698958057	A2RRD8	ZNF320
0.06839605692	0.8072720075	Q9UHB4	NDOR1
0.363468951	0.4948813734	Q96L08	SUSD3
-0.5521491899	0.2620174029	O75081	CBFA2T3
0.06101618306	0.9014039725	A6NC98	CCDC88B
0.8872367383	0.3319117634	A6NJI1	C11orf86
-0.04568112828	0.9612840169	P02771	AFP
-0.02725976791	0.9176730704	Q9Y3V2	RWDD3
-0.2876801056	0.4034729617	Q14585	ZNF345
0.710541412	0.2590694167	Q9NSV4	DIAPH3
0.0276951771	0.9450238542	Q504U0	C4orf46
-0.1128771456	0.7407775109	P13612	ITGA4
0.7663778351	0.04481398001	Q15468	STIL
0.4675041685	0.5513594141	Q14114	LRP8
-0.5014927514	0.1478804952	Q9UMR5	PPT2
-0.03861973286	0.8826877048	Q9UBX5	FBLN5
0.4846528193	0.1914704449	Q8N5W9	RFLNB
-0.6689175158	0.2620174029	Q13094	LCP2
0.1491727328	0.6987191912	Q8N883	ZNF614
0.2773162444	0.3184010472	Q9BXW9	FANCD2
0.2206195711	0.8950782129	P37288	AVPR1A
0.1514269761	0.6069933263	Q3ZCX4	ZNF568
0.4359057253	0.461971458	P00749	PLAU
-0.1222678776	0.5451861114	Q68CZ6	HAUS3
-0.02441556772	0.9221420364	Q5VTM2	AGAP9
0.1236509324	0.6492280225	Q13112	CHAF1B
-0.04671381441	0.9105040408	Q70CQ1	USP49
0.8091910835	0.2692700843	Q9P104	DOK5
-0.6430227917	0.3616713824	Q5U5Z8	AGBL2
0.02800971471	0.924218561	Q9BRX5	GINS3
-0.01492842713	0.9804769758	Q8WXI2	CNKSR2
0.06031620676	0.8485858335	Q9UK96	FBXO10
1.016729138	0.1084646823	Q8TED1	GPX8
0.2218276504	0.2958877404	Q14691	GINS1
-1.009913965	0.2492922357	Q13239	SLA
0.9615031282	0.236508846	A6NCE7	MAP1LC3B2
-0.3749980877	0.3666769422	Q96ES6	SLC33A2
-0.6484367148	0.347624931	Q9Y616	IRAK3
0.48301777	0.2526721579	Q8N0S6	CENPL
-0.1086281442	0.8691915419	P43003	SLC1A3
0.01181921316	0.9785696364	Q6ZSB9	ZBTB49
-0.03977718581	0.9487492022	Q7Z7L1	SLFN11
-0.1300016533	0.6449708248	Q8N6R1	SERP2
-0.1693075188	0.6875959653	Q969G5	CAVIN3
0.3445260742	0.2807286993	Q8NHS4	CLHC1
-0.7360002467	0.3055777347	Q53RD9	FBLN7
-0.1475109987	0.6333376352	Q86YA3	ZGRF1
0.7127985951	0.2610595123	P62805	H4C1; H4C2; H4C3; H4C4; H4C5; H4C6; H4C8; H4C9; H4C11; H4C12; H4C13; H4C14; H4C15; H4C16
0.3612900294	0.5709020027	Q9H7S9	ZNF703
-0.8251932981	0.1706971886	P33241	LSP1
-0.3968481522	0.3674791936	Q6ZVK8	NUDT18
-0.1818105605	0.6577567717	Q99500	S1PR3
0.6366984831	0.4410890532	O94813	SLIT2
0.3544405398	0.4538690294	Q99877	H2BC15
-0.2664732928	0.4937316929	Q9NZ53	PODXL2
0.317148957	0.5752649854	Q7Z7G0	ABI3BP
0.1533318186	0.652992365	Q9P209	CEP72
0.1073838446	0.8292003204	Q7Z5H3	ARHGAP22
0.1794276253	0.557878552	P56282	POLE2
0.0522750287	0.9025117711	Q9BX82	ZNF471
-0.7154598663	0.2620174029	Q5T4B2	CERCAM
0.4799232067	0.4638111896	Q8NFX7	STXBP6
-0.6632926315	0.21847452	P14784	IL2RB
0.2680514678	0.7624970392	O96014	WNT11
-0.5057089847	0.3820637533	Q9HAY6	BCO1
-0.4470949455	0.3403114619	P12524	MYCL
-0.1794289623	0.556031882	O75467	ZNF324
-0.3824749011	0.3792218483	P16885	PLCG2
-0.2830605799	0.3601485488	O95073	FSBP
-0.3722719668	0.4032249528	Q8NCX0	CCDC150
-0.1984497615	0.5365976205	P28715	ERCC5
0.206638943	0.588302107	Q6IN84	MRM1
0.01230566009	0.9676626209	P29972	AQP1
0.3080184256	0.2611332092	Q16829	DUSP7
0.3238134911	0.2620174029	Q92878	RAD50
-0.1589881692	0.367690298	Q6NVV7	CDPF1
-0.2293819075	0.7842675345	Q8N6C5	IGSF1
-0.2679525442	0.3601485488	Q9BRQ6	CHCHD6
-0.6861065418	0.3755982884	Q8TE73	DNAH5
-0.3463563104	0.47040254	A0PJZ3	GXYLT2
0.5480826081	0.2620174029	Q8IVW6	ARID3B
-0.1468423874	0.5828080348	Q9Y6Y9	LY96
0.1461490901	0.4496990139	Q9UHJ6	SHPK
0.2910075408	0.3027741584	Q96SE7	ZNF347
-0.5445617333	0.171982419	Q7Z7D3	VTCN1
-0.3496643073	0.3840688752	Q96S99	PLEKHF1
0.4120828181	0.2400082042	Q71F23	CENPU
-0.1622028471	0.6875241104	Q5T1H1	EYS
-0.7024854993	0.2620174029	Q8IXW0	LMNTD2
-0.265501511	0.5630759771	Q86VD9	PIGZ
-0.1703273206	0.5656128687	Q9UKJ0	PILRB
-0.1207357787	0.6726503289	Q8IZ13	ZBED8
-0.2078751858	0.4722925534	Q92791	P3H4
-0.2167163039	0.4263238529	O75129	ASTN2
0.1502548401	0.4232713334	Q9H3R5	CENPH
0.3550385194	0.4242415417	Q6P4F7	ARHGAP11A
0.1100579917	0.7855411262	O43155	FLRT2
0.1176715477	0.7253255759	C9JE40	PATL2
0.3520382403	0.3395200438	Q9BVG3	TRIM62
-0.3309879965	0.4189681042	Q9ULW6	NAP1L2
-0.01466989915	0.9817552666	Q9H8L6	MMRN2
0.2457450794	0.7095355065	P31947	SFN
0.2433944436	0.8341175759	Q96D42	HAVCR1
0.6828294048	0.2333695589	P55287	CDH11
-1.565871881	0.3005120799	Q08AI8	MAB21L4
-0.2248419246	0.5570650588	Q9H091	ZMYND15
-0.4214514874	0.3037112532	Q9NPF2	CHST11
0.08727236208	0.763699421	O75838	CIB2
-0.2847861529	0.585857341	P26012	ITGB8
-0.3316518311	0.6337406458	P32246	CCR1
0.3527417733	0.4270684237	O14757	CHEK1
-0.7584367669	0.2515579634	Q86SE8	NPM2
-0.5341121578	0.3398508733	Q8N386	LRRC25
-0.2060160779	0.3909787734	Q5JR59	MTUS2
-1.070699539	0.2610595123	Q86TC9	MYPN
-0.2167420306	0.5938675403	Q96PE2	ARHGEF17
0.1126772454	0.7595877761	Q9BXA5	SUCNR1
0.3156133781	0.2193521013	Q96M83	CCDC7
-0.2484198285	0.4735186507	Q9NWH7	SPATA6
1.003125886	0.2380259829	P41220	RGS2
-0.47561349	0.2229482068	O43759	SYNGR1
0.09689393208	0.6727814329	O43463	SUV39H1
-0.5119747498	0.5146184669	P37088	SCNN1A
0.3324283643	0.4858525493	O75106	AOC2
-0.1340932466	0.6492012909	P49642	PRIM1
-0.0573621454	0.8707056342	Q9UHV5	RAPGEFL1
-0.03570589497	0.938893823	P48145	NPBWR1
0.2530086477	0.3761742166	P23610	F8A1; F8A2; F8A3
-0.2660726308	0.6227595383	Q92838	EDA
-0.4764657384	0.4299864996	Q8IYT3	CCDC170
0.1956486132	0.4959300831	Q6ZNA1	ZNF836
-0.09959185711	0.6722712892	Q99471	PFDN5
-0.01356036294	0.9516098726	Q8TCD6	PHOSPHO2
0.9028066118	0.2229482068	Q8N2G4	LYPD1
-0.07874192849	0.8484066019	Q86YE8	ZNF573
0.0211647272	0.9694004673	Q14392	LRRC32
-0.8816349532	0.2620174029	Q9Y5P3	RAI2
-0.2635274932	0.7284092031	P35542	SAA4
-0.3518302565	0.3266497558	Q9GZN7	ROGDI
1.048647292	0.2620174029	P04216	THY1
-0.942762997	0.2441298371	P20807	CAPN3
0.1534459731	0.7984072674	P48067	SLC6A9
-0.0280680898	0.9430963757	Q14CX5	SLC68A1
0.06718899292	0.8480939031	Q9NX18	SDHAF2
0.2908004418	0.559957874	P09936	UCHL1
-0.05610295196	0.9134872815	Q96AH8	RAB7B
0.02007330038	0.9723950392	Q86YW9	MED12L
-0.2835346998	0.3094362704	Q96FH0	BORCS8
-0.05790823953	0.9470001194	Q8TDW5	SYTL5
-0.1920136878	0.4787505284	A6NFA1	TRABD2B
-0.339799115	0.3184010472	Q7Z3I7	ZNF572
-0.07975392194	0.8820583786	O95800	GPR75
-0.2413955025	0.4925665219	P13591	NCAM1
-0.3192275356	0.5100360261	Q641Q3	METRNL
-0.3452258315	0.3149323915	Q86UX7	FERMT3
0.156974141	0.4738448161	Q6P1K8	GTF2H2C; GTF2H2C_2
-0.06397385082	0.7594449386	O75298	RTN2
-0.2653883597	0.5532804026	Q8TDS5	OXER1
-0.211600523	0.714685021	Q8WWY8	LIPH
0.3108957499	0.6381163629	Q9C0D6	FHDC1
0.551910919	0.236508846	P21781	FGF7
0.2544259534	0.4948985387	O95644	NFATC1
-0.1778160168	0.7345653773	Q86TY3	ARMH4
-0.2337385721	0.3741907312	Q96NJ6	ZFP3
-0.03065884426	0.8963624027	Q6TDP4	KLHL17
0.497036083	0.4815495104	Q9UBP9	GULP1
-0.4009000366	0.3668633231	O95837	GNA14
-0.5331293722	0.2492922357	A0PJE2	DHRS12
-0.2739129779	0.370789571	Q9H668	STN1
0.1485504516	0.6966356271	Q96K58	ZNF668
-0.0004527646877	0.999601871	Q6UXY1	BAIAP2L2
0.0649101945	0.9277485867	Q9BPW9	DHRS9
-0.5794896584	0.2576673623	O43822	CFAP410
-0.4460642334	0.5382084408	Q14721	KCNB1
-0.05246873341	0.9361133038	Q86V25	VASH2
-0.1150287292	0.6215179815	Q8N1E6	FBXL14
-0.2618950817	0.4243697994	Q96MP5	ZSWIM3
-0.1359420065	0.8594183473	P14672	SLC2A4
-0.2313397058	0.5983594684	P40967	PMEL
0.02419902041	0.9403167317	Q9H461	FZD8
-0.495559272	0.3230623378	Q92619	ARHGAP45
-0.06298804621	0.9524955384	Q8WWX8	SLC5A11
-0.2933041418	0.3930532292	Q9NZ42	PSENEN
-0.2647081407	0.5567434696	A4D126	CRPPA
-0.3217209835	0.3866805541	Q6UX40	TMEM107
-0.2787633868	0.4271596095	Q5HYM0	ZC3H12B
0.3627421858	0.5072602346	O75161	NPHP4
-0.03841459205	0.9291671862	P08949	NMB
-0.4724444103	0.3668633231	Q96NY7	CLIC6
0.04950845804	0.9060777787	Q9UP38	FZD1
0.4894106844	0.175421593	Q13257	MAD2L1
-0.2807876058	0.5138661209	Q96B96	LDAF1
-0.7587219682	0.3398508733	Q92485	SMPDL3B
0.3901764581	0.2807286993	Q8NBI6	XXYLT1
-0.7891199625	0.3681210317	P02747	C1QC
-0.3606442408	0.2896679745	Q96MS0	ROBO3
0.1742657707	0.612197543	Q9Y316	MEMO1
0.4343501448	0.1678958818	Q02224	CENPE
-0.2797985485	0.4188133953	O95922	TTLL1
-0.2676724534	0.5929619755	Q9NRG1	PRTFDC1
-0.2070883099	0.3210632507	Q96HD1	CRELD1
-0.799425273	0.1814925525	Q9BXX0	EMILIN2
0.3184009389	0.4549784989	Q9BRT9	GINS4
-0.001992209331	0.9936897296	P0DQW0	ZC3H11C
0.4350944134	0.3637654133	Q15561	TEAD4
-0.138188732	0.5167535655	O00287	RFXAP
-0.3854626495	0.3916404765	Q9NW07	ZNF358
0.2459095772	0.5946633017	Q14003	KCNC3
-0.2644039226	0.4151647732	O60449	LY75
0.4451253463	0.4151647732	O43184	ADAM12
0.6580343702	0.2604270401	Q8N4B4	FBXO39
0.3332850719	0.3260734879	Q96EK9	KTI12
-0.1611546855	0.6231195632	Q9BZR6	RTN4R
-0.3931029483	0.2794161897	Q3MIX3	ADCK5
0.3252799351	0.4651266651	Q9BS40	LXN
-0.5960617603	0.2525532939	O60883	GPR37L1
-0.1919909514	0.5041593412	O75582	RPS6KA5
-0.03307156073	0.9373630604	A8MQ14	ZNF850
0.5207934142	0.2794161897	P23467	PTPRB
0.1165244471	0.7906065213	Q8NG08	HELB
-0.09235613552	0.8828947845	P07998	RNASE1
-0.423655462	0.3562306873	Q99689	FEZ1
-0.2200983442	0.4560697038	O75052	NOS1AP
0.9264966634	0.1935532347	Q3SY69	ALDH1L2
-0.2503562335	0.4905698379	Q68DV7	RNF43
-0.2685732155	0.4401989698	Q92526	CCT6B
-0.2445409077	0.5043885477	O43508	TNFSF12
0.03344453649	0.9214564155	Q5VTH9	DNAI4
0.4762961108	0.349098035	O95361	TRIM16
-0.3692487423	0.3406627422	Q8TEZ7	PAQR8
-0.05647655971	0.8882371542	Q8NDC4	MORN4
0.05333521607	0.8840009063	B1APH4	ZNF487
-0.4265217542	0.4913783302	Q13219	PAPPA
-0.01158214882	0.9869233488	P19320	VCAM1
-0.6310923143	0.2045207476	Q2L4Q9	PRSS53
0.3656009054	0.2692700843	A7MCY6	TBKBP1
0.1004811154	0.7831690325	Q9UPN4	CEP131
-0.7897875894	0.2620174029	Q9Y5E9	PCDHB14
0.1244673545	0.7401889163	Q8IZ08	GPR135
-0.04808838176	0.8689606342	Q9BRX9	WDR83
-0.4906657371	0.3171386538	Q70EK9	USP51
-1.128682711	0.203078386	Q96A84	EMID1
-0.345086022	0.236508846	Q6P3W6	NBPF10
0.8577132168	0.1389274101	Q8IUX7	AEBP1
-0.522174365	0.3758597522	Q8IV56	PRR15
0.1038062743	0.6987046456	Q96BM0	IFI27L1
-0.1887601815	0.6260300948	Q14435	GALNT3
-0.351457025	0.2692700843	Q53EV4	LRRC23
-0.273975748	0.4229078995	Q96MH2	HEXIM2
-1.166177821	0.1814925525	Q6JVE5	LCN12
0.2302038535	0.2754163442	Q9UJA3	MCM8
-0.3147849073	0.3668633231	Q96NL3	ZNF599
0.7143009935	0.1999093721	Q96AY3	FKBP10
-0.3642811139	0.6665678095	Q9UJA9	ENPP5
-0.2736188016	0.3454507095	Q9BYL1	SAMD10
0.1680001067	0.66920897	Q9NPG4	PCDH12
-0.09662109694	0.8063325386	Q96LR9	APOLD1
-0.7097308145	0.3195990619	H3BS89	TMEM178B
0.2548954216	0.4169654128	O43900	PRICKLE3
0.340777867	0.532276159	A6NM28	ZFP92
0.1638831098	0.7256953172	Q6PJG9	LRFN4
-0.2454659582	0.3443105929	Q5TYW1	ZNF658
0.4097735982	0.2620174029	Q49MG5	MAP9
-0.2740518819	0.5638013637	Q8NFP9	NBEA
-0.5474107879	0.2229482068	Q9Y2Q0	ATP8A1
-0.8466381625	0.3921061151	Q6MZW2	FSTL4
-0.1616061245	0.69685706	Q9Y2C9	TLR6
0.1403510242	0.5967056998	Q99704	DOK1
0.2868240018	0.3539578429	Q9BU89	DOHH
-0.2065424961	0.7690122409	Q07837	SLC3A1
-1.017784323	0.06467951367	Q7Z6I6	ARHGAP30
0.04944109731	0.919220563	Q06413	MEF2C
0.6776425757	0.1814925525	Q9Y3E1	HDGFL3
0.5832724275	0.1580971123	Q8TCG1	CIP2A
-0.4241783527	0.2229482068	Q8IWZ3	ANKHD1
0.5514103516	0.2864364506	O14493	CLDN4
-0.6811164676	0.2333695589	P47900	P2RY1
-0.2511993381	0.4719103396	Q9H2W6	MRPL46
0.05876664657	0.9208684025	Q96AP7	ESAM
-0.3082283657	0.4414425522	Q9UM01	SLC7A7
0.3130188948	0.3174483779	Q96DY7	MTBP
-0.1407806655	0.6515773666	Q9BXM0	PRX
-0.2312512032	0.6232334925	Q01453	PMP22
0.2109831931	0.5020047557	P18621	RPL17
-0.4347486537	0.678344815	O00338	SULT1C2
-0.2912632894	0.4799186528	Q6ZNW5	GDPGP1
0.1989608691	0.6634480919	P09758	TACSTD2
0.06713851446	0.8735183072	Q9Y6E7	SIRT4
-0.758629706	0.3212346127	Q6NXP0	EFCAB12
-0.2189250964	0.7337639217	Q32M84	BTBD16
-0.3420562947	0.4714553736	O15247	CLIC2
1.018067028	0.1357655535	Q16610	ECM1
0.1567192932	0.6391946807	O15321	TM9SF1
-0.1006040126	0.8298433636	Q96D15	RCN3
0.1491398794	0.5715943039	Q5SRD1	TIMM23B
-0.02230589243	0.951847962	Q5T6C5	ATXN7L2
-0.01556153368	0.969039392	A0A0B4J2F0	PIGBOS1
-0.1080434129	0.8587618519	Q6H8Q1	ABLIM2
0.09966443915	0.7962640668	O95810	CAVIN2
-1.032921416	0.2620174029	Q8NHJ6	LILRB4
0.3438505821	0.2977380734	P49619	DGKG
-0.07550379187	0.8043017333	Q9UK12	ZNF222
0.04965228749	0.9282819503	Q9NYQ7	CELSR3
0.2274254539	0.5365976205	O95072	REC8
-0.7999674587	0.2526549736	Q13268	DHRS2
-0.06816849033	0.8319372475	Q08AG5	ZNF844
-0.1535488529	0.7047752129	P78364	PHC1
0.1335723539	0.7954673034	Q9BRP1	PDCD2L
-0.03752073466	0.9459199266	A6NIN4	RNF227
-0.1428367278	0.5744242774	A8MU93	C17orf100
0.2473528155	0.5343654271	O75326	SEMA7A
-0.1354875839	0.6252238709	Q6T310	RASL11A
-0.01625730525	0.963860607	Q8N2A8	PLD6
-0.008795931178	0.9836579311	Q5JU85	IQSEC2
0.2023197441	0.3740529746	Q14657	LAGE3
0.4953762468	0.3674857173	P55809	OXCT1
-0.1715993401	0.8375561736	Q9H0B3	IQCN
-0.2303531349	0.6690577959	O43405	COCH
0.612537029	0.2995591326	Q16763	UBE2S
-0.08514390765	0.8485858335	Q8IZS6	DYNLT2
-0.1316712404	0.8077667437	Q8IXM6	NRM
-0.1867870993	0.6353788076	P27987	ITPKB
0.2205711966	0.6666518283	P81274	GPSM2
-0.5723535522	0.2620174029	Q9BQW3	EBF4
0.494709595	0.4205452076	Q7LGC8	CHST3
-0.2799778025	0.6793176252	Q9H4X1	RGCC
-0.520585171	0.297909892	Q96G27	WBP1
-0.2443159066	0.4534919678	Q969Q5	RAB24
0.08220006105	0.8916607231	Q8N3E9	PLCD3
-0.04151514159	0.9110795519	Q8NCA9	ZNF784
-0.1536586533	0.5734551673	Q96JE9	MAP6
0.499127226	0.3537959864	Q02241	KIF23
-0.2753322785	0.4474620827	Q9H5J0	ZBTB3
-0.2900537872	0.4524068223	Q0ZLH3	PJVK
-0.2611904918	0.4573046314	P22304	IDS
-0.009500691269	0.9819764696	O15539	RGS5
0.1396504005	0.7402296234	Q6NUP7	PPP4R4
0.3245290343	0.3666769422	Q9H967	WDR76
-0.1646057132	0.5899933001	P13501	CCL5
0.1645233381	0.5200121373	Q9Y4I5	TESMIN
0.03141465263	0.9676109573	Q8WX77	IGFBPL1
-0.003699989598	0.9893279816	Q9UMS6	SYNPO2
-0.007894471472	0.9870071893	O95967	EFEMP2
0.01473327218	0.9722604938	Q96K62	ZBTB45
0.2415803067	0.5828433265	A0A2Z4LIS9	FOXO3B
0.2967395118	0.5811208272	Q9BQL6	FERMT1
-0.2242498971	0.6209823087	Q96JE7	SEC16B
0.1059076326	0.8109486411	Q9NRW3	APOBEC3C
-0.6163453803	0.2720522052	Q15198	PDGFRL
-0.8541105826	0.2338938326	P20702	ITGAX
-1.660318872	0.1814925525	Q02413	DSG1
-0.02219239872	0.9450238542	P04921	GYPC
0.3413156475	0.1814925525	Q9UQ07	MOK
0.2688053616	0.4962605802	Q9NPD8	UBE2T
0.4632605569	0.3055777347	Q96CE8	TM4SF18
-0.3625158231	0.2604270401	Q86Y39	NDUFA11
-0.640083462	0.3465424502	Q8N7M0	DYNLT5
-0.6233604035	0.3389735085	Q9Y543	HES2
-0.03796776226	0.915816802	Q8TE67	EPS8L3
0.2159261046	0.7829812283	Q9ULC0	EMCN
-1.173384997	0.09866525451	P05413	FABP3
0.3301620169	0.4322323281	Q9P2P5	HECW2
-1.004446224	0.1716636568	Q13651	IL10RA
-0.1801386106	0.7259296534	Q96HH4	TMEM169
-0.02526018704	0.9513287539	Q9BXL8	CDCA4
-0.2222813137	0.7546301631	Q8NCU7	C2CD4A
-0.1648749888	0.5899689741	Q9BV99	LRRC61
-0.1876894339	0.6777787375	Q8NEP3	DNAAF1
-0.4584036319	0.2808741936	Q3ZCU0	GVQW3
-0.103400312	0.5915936852	Q9BXI6	TBC1D10A
-0.3888950774	0.3451045188	Q70J99	UNC13D
-0.01741795111	0.9819764696	Q15063	POSTN
-0.5486192194	0.554068528	Q8N8U9	BMPER
-0.04652231521	0.934582623	Q969R2	OSBP2
0.4190373492	0.2229482068	Q9BSK0	MARVELD1
0.8616912485	0.2196304845	Q14680	MELK
-0.01624618761	0.9893279816	Q5TCY1	TTBK1
-0.3159905155	0.4631537048	Q92781	RDH5
-0.6358323927	0.3055777347	P34910	EVI2B
0.2935024965	0.4994393761	Q9NS62	THSD1
0.1354343568	0.9167489645	Q9P2J2	IGSF9
-0.5948102745	0.2355173272	Q9UBK7	RABL2A
0.189944307	0.6666518283	P98174	FGD1
0.1793003968	0.7040872647	O95229	ZWINT
0.06583144341	0.8077667437	Q86X19	TMEM17
0.3968805559	0.3955170585	P78352	DLG4
0.4762350438	0.34442858	Q70EL4	USP43
0.7084667024	0.2533660836	Q8N4L2	PIP4P2
-0.6910430661	0.3876199239	A8MW99	MEI4
0.006887766495	0.9892176349	Q8NEG4	SACK1F
0.2757772014	0.3468350781	Q9HAQ2	KIF9
-0.1847599728	0.6441542212	B4DU55	ZNF879
-0.2419251555	0.5701110554	Q6PIY5	ARMH1
-0.2643904838	0.5291103526	Q9H6L2	TMEM231
0.04256058633	0.8804291793	Q9BT81	SOX7
-0.2582558838	0.4662923129	A6NNL5	C15orf61
-0.09412876649	0.7006566421	P17023	ZNF19
0.02735613634	0.9323676477	Q9P0N5	TMEM216
-0.1940618011	0.6385745444	Q96A25	TMEM106A
-0.8581426438	0.2797430696	Q16581	C3AR1
-0.3805137577	0.3035751783	Q8N4Y2	CRACR2B
-1.00271719	0.09780830679	O00160	MYO1F
-0.06851244952	0.969039392	O15335	CHAD
0.4347456618	0.310768673	Q9BX67	JAM3
0.04962376544	0.8918070539	P15882	CHN1
0.34938549	0.2492922357	P32298	GRK4
-0.8544544215	0.2720522052	Q9H8W5	TRIM45
-0.1502590468	0.7725504827	Q9BUA3	SPINDOC
-0.2974125219	0.4364208418	P15153	RAC2
-0.4551199265	0.5451861114	Q8WXX0	DNAH7
0.1978207374	0.3541007613	Q86VZ4	LRP11
0.2220919987	0.6097232733	Q9BYN7	ZNF341
-0.4012096377	0.236508846	Q6NX45	ZNF774
0.642753742	0.2400082042	Q8WZ75	ROBO4
-0.5433581262	0.6233171566	A6QL63	ABTB3
0.36468049	0.5356033094	Q03112	MECOM
-0.4266879834	0.3933770199	Q2VYF4	LETM2
-0.2246402634	0.3668633231	Q6P6B7	ANKRD16
0.09091879326	0.6951294037	Q9UNN8	PROCR
-0.09374842565	0.8856162707	Q96HZ4	HES6
0.4128135206	0.3866805541	Q9BUX1	CHAC1
0.2732367326	0.737427603	Q92570	NR4A3
-0.1104419269	0.6918460818	Q5JNZ3	ZNF311
-0.03441575052	0.9327672177	Q9BYD9	ACTRT3
-0.4445774314	0.6446796652	O14948	TFEC
-0.3651759982	0.4890627251	Q8TF39	ZNF483
-0.4527943938	0.2601589944	P51172	SCNN1D
-0.9614200064	0.1748843889	P11215	ITGAM
0.03275053651	0.9314331516	P11308	ERG
-0.0744859671	0.8556228495	Q4KWH8	PLCH1
0.02206656916	0.9672040645	P19086	GNAZ
-0.119515695	0.7218298788	Q8WVI0	UQCC5
0.2035169539	0.7184056673	P78562	PHEX
-0.1103419972	0.7568462348	P24592	IGFBP6
0.2321285566	0.543666437	Q14593	ZNF273
0.3535456251	0.2913934155	Q9H237	PORCN
0.763231237	0.2807617949	Q9UQ03	CORO2B
-0.692653247	0.3316107179	P35228	NOS2
0.1243630585	0.6383640244	Q9NWS9	ZNF446
0.02087672386	0.970787357	Q9UHR6	ZNHIT2
-0.1106168945	0.6541725298	Q8N6V9	TEX9
-0.08976888139	0.7550521233	A6NKB5	PCNX2
0.2425841094	0.561011384	A6NHC0	CAPN8
-0.3333409429	0.335429016	Q93015	NAA80
-0.6498019726	0.2515579634	Q16853	AOC3
-0.5547750219	0.2515579634	O43295	SRGAP3
0.2562682935	0.6283519039	P05231	IL6
0.04109218675	0.9462988691	O43602	DCX
0.1134208179	0.734716161	Q96CP2	FLYWCH2
0.05411610154	0.9097187888	Q5SNT2	TMEM201
-0.6638353149	0.3316107179	Q9NR77	PXMP2
-0.3823441083	0.4067674813	O95502	NPTXR
0.1858433356	0.4828837904	Q6ZTW0	TPGS1
-0.6144231311	0.6165134508	P50553	ASCL1
-0.5851167437	0.1914704449	C9J069	AJM1
-0.4596454513	0.2229482068	Q9ULM2	ZNF490
-0.2305805343	0.6826979964	Q8N2U0	TMEM256
-1.591919345	0.1039165669	P01591	JCHAIN
-0.5617654423	0.4504268378	P39905	GDNF
-0.1817284837	0.7402296234	O14782	KIF3C
-0.08302759076	0.8390966721	Q08ER8	ZNF543
0.1431336702	0.6257432279	O95447	LCA5L
0.09603473589	0.7945978397	Q5H9E4	SLC25A53
-0.3580719232	0.3866805541	Q6ZN04	MEX3B
-0.5950887977	0.3919163878	A6NCL7	ANKRD33B
-0.4219919083	0.4242958593	O95169	NDUFB8
-0.3798832598	0.5084392058	O43541	SMAD6
1.33300265	0.2494512463	Q8IVL0	NAV3
-0.4765543715	0.2606799163	O00233	PSMD9
0.5619874637	0.3666769422	Q9NYA1	SPHK1
0.110026908	0.6807640038	Q86XI8	ZSWIM9
0.0064769978	0.9898768702	Q8N9K5	ZNF565
0.2131045902	0.5772413444	Q8NBT0	POC1A
0.1264899864	0.7365563092	P04183	TK1
-0.4122584957	0.3630163983	Q5VST9	OBSCN
0.06961922915	0.8804291793	Q9H977	WDR54
-0.3037126608	0.3817158949	A0A1B0GVN3	C2orf92
0.7422749262	0.2355173272	P40199	CEACAM6
-0.1136936395	0.8860989907	Q99748	NRTN
0.1655514202	0.7114189995	Q96NH3	TBC1D32
0.4765984321	0.3601485488	Q8N339	MT1M
-0.2028260822	0.4665540552	Q8IXK2	GALNT12
0.3529334975	0.4560697038	P24864	CCNE1
-0.03982917993	0.969039392	Q4G0S7	CCDC152
0.288694077	0.2807286993	Q9Y613	FHOD1
-0.2595161977	0.5633884071	Q8WV74	NUDT8
-0.4979996559	0.1105808298	Q86Y97	KMT5C
0.008513881323	0.9892825386	Q9H7C4	SYNC
-0.1552622057	0.6531657847	O14715	RGPD8
-0.7601327645	0.2808741936	Q8NA03	FSIP1
-0.0477546916	0.8780468239	Q15935	ZNF77
0.1194848893	0.7603860335	Q9Y257	KCNK6
0.05960835576	0.8634028111	Q6NVH7	SWSAP1
-0.1112650592	0.874555683	Q9GZM7	TINAGL1
-0.28700423	0.4188588866	P13498	CYBA
0.8449858965	0.2794161897	O75508	CLDN11
0.1484314305	0.6742402935	Q99607	ELF4
0.0703231452	0.867714911	Q9UJL9	ZFP69B
0.8471026713	0.08999624649	P20248	CCNA2
0.1955400379	0.5709714163	Q01664	TFAP4
0.2844568346	0.4819009559	O43623	SNAI2
0.3808561214	0.2059893767	Q8IW93	ARHGEF19
-0.9731439304	0.2839771994	P01876	IGHA1
-0.4651412555	0.2124809558	Q9P0S2	COX16
0.03616019204	0.9189054961	Q8TE49	OTUD7A
0.1691099268	0.714685021	Q9H0J4	QRICH2
-0.06075707067	0.9105830941	Q6STE5	SMARCD3
-0.1849328222	0.5331288957	Q96RG2	PASK
-0.1111022947	0.6708959489	Q6ZMY9	ZNF517
-0.474033081	0.2045207476	Q9BS92	NIPSNAP3B
-1.229936351	0.2707762288	Q9NSI8	SAMSN1
-0.6079872069	0.2380259829	P05771	PRKCB
0.4886913942	0.7375623849	P20853	CYP2A7
-0.03322622603	0.9617915609	Q9UL62	TRPC5
-0.1160985398	0.7756504966	Q8N2C3	DEPDC4
0.3954654248	0.1854274586	Q2M218	ZNF630
-0.2416207081	0.7287173073	Q9NR16	CD163L1
-0.05583527616	0.9001864989	Q9Y6X6	MYO16
-0.06479381107	0.7919953644	O75427	LRCH4
0.8972767175	0.2813619255	P58397	ADAMTS12
-0.5019810308	0.3241884773	Q6DT37	CDC42BPG
0.005372611043	0.9892176349	Q96DZ5	CLIP3
-0.8667642341	0.2801957757	P08631	HCK
0.1255122461	0.7402296234	O75173	ADAMTS4
-0.001294663584	0.9978035341	Q8IZL2	MAML2
0.7269707574	0.3601485488	O14917	PCDH17
1.096538796	0.2193521013	Q96HE9	PRR11
0.6478140491	0.3687489394	Q8N6Y2	LRRC17
-0.5785985987	0.4623803173	Q96JQ5	MS4A4A
-0.1485809802	0.6745760785	Q5T089	MORN1
0.1180243693	0.6391987392	Q96MW7	TIGD1
-0.5093634361	0.4819009559	Q9H902	REEP1
0.1355937606	0.7365563092	A0A087WUV0	ZNF892
-0.6575110526	0.579038689	P07333	CSF1R
-0.4995210374	0.233346267	Q9Y5G7	PCDHGA6
0.04785417116	0.9176730704	Q9H819	DNAJC18
-0.1400909446	0.8485858335	Q96KS9	FAM167A
0.2732980668	0.2707762288	P11055	MYH3
-0.3405927123	0.3465424502	Q86T65	DAAM2
-0.2159456829	0.6339042156	Q9C026	TRIM9
0.3299247111	0.3844784693	Q9Y219	JAG2
0.877004796	0.2620174029	Q7Z3H0	ANKRD33
-0.1735925989	0.7523774134	Q86VR7	VSIG10L
1.208166396	0.2088502324	Q12884	FAP
-0.2400620968	0.4928872742	Q9H0X6	RNF208
-0.279708902	0.6014769738	Q9UL42	PNMA2
-0.2290256712	0.556031882	Q9HCU8	POLD4
-0.4124573509	0.2620174029	Q8NA92	THAP8
-0.00482396427	0.9892825386	Q96K31	C8orf76
-0.244236116	0.4992908928	Q9UK33	ZNF580
0.140091107	0.7556426196	Q9Y653	ADGRG1
-0.002480291194	0.9971443089	Q8NFM7	IL17RD
-0.2779812302	0.5456147408	Q6IWH7	ANO7
0.2484567806	0.6441861122	Q6NV75	GPR153
0.07735521117	0.8641308815	Q5U649	C12orf60
0.5066423406	0.4107848467	P27658	COL8A1
0.6515107485	0.239936602	O95965	ITGBL1
-0.1857421147	0.3811428824	Q4G0W2	DUSP28
-0.5556661905	0.2595231886	Q9UJQ4	SALL4
-0.04980313945	0.9373630604	Q13275	SEMA3F
-0.1434402691	0.7721677117	Q9UBG0	MRC2
-0.2532592375	0.5959851706	Q14774	HLX
0.2354516819	0.6174717426	Q9ULL8	SHROOM4
-0.3654989584	0.3215639012	Q8WZ74	CTTNBP2
-0.2429436285	0.4044564621	P60842	EIF4A1
0.09556868701	0.8211683644	Q9NZI6	TFCP2L1
-0.4056741304	0.6235368785	O95661	DIRAS3
-0.2919432057	0.5567434696	Q9UBP5	HEY2
-0.0888997656	0.8018727691	Q6P4D5	PABIR3
-0.7355861083	0.2045207476	Q8N7A1	KLHDC1
-0.340702783	0.3667528385	Q9UJA2	CRLS1
-0.1399495335	0.832665655	Q8WTX9	ZDHHC1
-0.5245907312	0.3328429314	Q8N2M4	TMEM86A
-0.3578838679	0.3519560275	Q8TF45	ZNF418
-0.6817262862	0.2494808975	Q9UBL0	ARPP21
-0.4930311149	0.5594296868	Q9UKV0	HDAC9
-0.2164738988	0.6679418578	O00182	LGALS9
-0.4055769198	0.4044045173	Q9P0V8	SLAMF8
-0.2658415157	0.6018047888	Q96HM7	PCED1B
-0.9422654803	0.335429016	P56373	P2RX3
0.4167043194	0.258253828	Q969Z4	RELT
0.1626321848	0.742475128	Q96IQ9	ZNF414
0.1848871273	0.6069933263	O75969	AKAP3
-0.7311576609	0.09511172915	Q12967	RALGDS
0.1261000322	0.87704437	P06858	LPL
0.4941806916	0.3114647237	Q9UH17	APOBEC3B
-1.096734212	0.4124068153	P54840	GYS2
-0.4460486354	0.4948813734	O60522	TDRD6
-0.1514536042	0.7770008096	Q9NUV9	GIMAP4
-0.1508517252	0.6627230603	Q8N0Z3	SPICE1
0.4829674997	0.3792218483	Q13888	GTF2H2
-0.006732955354	0.9862359558	O15287	FANCG
-0.1865237315	0.575505184	Q9BYG4	PARD6G
0.395406733	0.413101129	P41271	NBL1
0.1185322358	0.7010709309	Q6P9A1	ZNF530
-0.1698566305	0.6387258218	Q07699	SCN1B
1.224163685	0.2620174029	Q6ZU35	CRACD
-0.6651973339	0.479614333	Q8IVL5	P3H2
-0.5943824822	0.4780940289	P52198	RND2
0.3260075436	0.3893411329	Q8N884	CGAS
0.02229528826	0.9819764696	P47895	ALDH1A3
-0.2463925229	0.4686610441	P35408	PTGER4
0.4893808665	0.1814925525	P41002	CCNF
-0.05599514597	0.939885181	Q9H3T2	SEMA6C
0.7183303758	0.309729882	Q13794	PMAIP1
0.164321003	0.5929619755	Q8IV33	KIAA0825
0.1849388358	0.7173416239	P12277	CKB
0.03609381314	0.9462988691	Q9BSH4	TACO1
0.2176504316	0.5638588199	Q6IS14	EIF5AL1
-0.4057468067	0.3480777993	P57058	HUNK
-0.2124457852	0.5626033794	Q8IYM2	SLFN12
0.4401881636	0.3005120799	O75330	HMMR
-0.2483210015	0.6707323448	Q15700	DLG2
-0.09300572789	0.781668175	Q8WVE6	TMEM171
-0.3596217982	0.4819009559	Q6ZR62	RTL4
-0.1038864904	0.8711980666	Q9Y2Q9	MRPS28
0.2370727385	0.556031882	P51884	LUM
0.7610554719	0.5645750846	D6RIA3	C4orf54
-0.297323656	0.5938675403	O43921	EFNA2
0.2945995086	0.5769458261	Q5U5X8	FAM222A
-0.6027287333	0.2748569675	Q9UBC3	DNMT3B
0.630731789	0.2611332092	Q9BX63	BRIP1
-0.1695646688	0.335429016	O43610	SPRY3
-0.3072584277	0.4388488624	Q8NDW8	TTC21A
0.1859601284	0.5900221267	Q9UK13	ZNF221
-0.6717880659	0.1849668338	Q86UP0	CDH24
-0.613658572	0.2989910961	Q9NWW0	HCFC1R1
-1.001836716	0.2807617949	A0A1B0GWB2	PRRT1B
-0.3240620696	0.6114002101	Q6GTX8	LAIR1
-0.1276371099	0.8546260169	P48995	TRPC1
-0.3726685133	0.4874936722	P52740	ZNF132
-0.4765246321	0.3840893458	Q96HA9	PEX11G
-0.6151720427	0.3212536073	A2RUS2	DENND3
0.412235662	0.3668934301	Q96QE3	ATAD5
-0.3724144256	0.3990960412	Q68BL8	OLFML2B
0.1407503366	0.8061395537	O15524	SOCS1
0.0182650267	0.9892176349	Q9Y216	MTMR7
0.08700875702	0.7585030933	Q96LK0	CEP19
1.782464499	0.2058304385	Q92819	HAS2
-1.018137993	0.236508846	O43280	TREH
1.073851816	0.5072602346	O14944	EREG
-0.7382748623	0.203078386	Q92835	INPP5D
-0.6078352859	0.2807286993	Q8NCL4	GALNT6
-0.6854401267	0.4234871924	Q6UW01	CBLN3
0.08069322247	0.8510623258	O75127	PTCD1
0.1147341385	0.8765532309	Q86VR8	FJX1
-0.2354894533	0.4076717989	Q9UBS5	GABBR1
0.4175932198	0.6755810361	A6PVY3	FAM177B
-0.3211589125	0.5866101185	Q9H7T0	CATSPERB
0.06603152394	0.8202823129	Q99574	SERPINI1
-0.2451340303	0.6451092731	P0DI80	ERLN
-0.5541834129	0.2917100076	Q8NEG7	DENND6B
-0.1449827749	0.6927734962	Q8WVF1	OSCP1
-0.09007022542	0.7958172903	Q8TF32	ZNF431
-0.6390169165	0.3392653621	Q96M98	PACRG
-0.5587978663	0.263415668	P50225	SULT1A1
-0.1949758438	0.5979747855	P60953	CDC42
-0.8824970032	0.2380259829	O43914	TYROBP
0.3454653242	0.5097564136	O95786	RIGI
0.01854242156	0.9439195821	Q53RE8	ANKRD39
-0.3176717358	0.236508846	Q5VVM6	CCDC30
0.1080390915	0.8193002319	Q14674	ESPL1
0.03451152147	0.9074579618	Q86Y79	PTRH1
-0.1624150234	0.6304167272	Q96ET8	TVP23C
-0.1912498291	0.6634187134	Q9H7R0	ZNF442
-0.6169964702	0.2794161897	F8WBI6	GOLGA8N
0.5843650013	0.3645095464	O75952	CABYR
-0.1701696282	0.6075506614	Q86VE0	MYPOP
-0.07664810175	0.8641308815	P42331	ARHGAP25
0.05584640437	0.9070665265	O60309	LRRC37A3
0.4220872689	0.3817266531	Q15645	TRIP13
-0.5977341698	0.3845811382	Q6NT32	CES5A
-0.005005904809	0.9903426797	Q9NV72	ZNF701
-0.6856895638	0.4018291352	P28068	HLA-DMB
0.1547815321	0.5709714163	Q0P5P2	C17orf67
2.263948812	0.09235382027	P20592	MX2
0.7576300748	0.3544874489	Q9H853	TUBA4B
-0.2825301993	0.6348463071	Q7Z5A7	TAFA5
-0.01790655258	0.9678468798	P54652	HSPA2
-0.4286448812	0.2691554346	Q8IW92	GLB1L2
-0.4081630377	0.236508846	A6NHN6	NPIPB15
-0.6256414363	0.2716138434	Q8WXF7	ATL1
0.1410718655	0.7484109844	Q8TCU5	GRIN3A
0.02446326189	0.9458202982	Q96T49	PPP1R16B
-0.2090223075	0.7627839737	O60266	ADCY3
-0.3900967081	0.2794161897	Q96P56	CATSPER2
0.350785145	0.3998451309	P35590	TIE1
-0.3308677605	0.4277777635	Q96PX1	RNF157
-0.2334829503	0.6165206023	Q7RTN6	STRADA
-0.22661344	0.430679136	P0C025	NUDT17
0.02366677001	0.9569935243	Q6TFL3	CCDC171
0.4248206052	0.4254459096	O14810	CPLX1
-0.3680314739	0.3035751783	Q96A70	AZIN2
-0.3154997813	0.5354029596	Q8NBM8	PCYOX1L
-0.8038160232	0.1478804952	P78325	ADAM8
-0.366757218	0.507766348	Q9Y6H6	KCNE3
0.1861642407	0.6131981405	Q9BSE2	TMEM79
0.05434283558	0.9069728904	Q9H8G1	ZNF430
-0.8537671048	0.3603998269	Q6UWY5	OLFML1
-0.6059983331	0.7165726709	Q13103	SPP2
0.7616431785	0.0358789748	P06493	CDK1
0.01283964073	0.9694004673	Q13643	FHL3
-0.02664974563	0.9703151884	P49763	PGF
-0.4998555655	0.3443105929	Q9UMX6	GUCA1B
0.2437449829	0.4243394577	Q96CJ1	EAF2
0.2954833771	0.4832071744	Q6ZRS2	SRCAP
-0.5878393562	0.2442323403	Q9Y215	COLQ
0.1378925346	0.772438842	Q8WTR2	DUSP19
0.5002626907	0.4545219898	Q8WZ71	TMEM158
-0.05262825367	0.9161958855	Q6PGN9	PSRC1
0.5086278348	0.4334781981	Q8N699	MYCT1
0.1050057879	0.8927355027	P78357	CNTNAP1
-0.2886726594	0.6793176252	P13236	CCL4
-0.6769721819	0.2620174029	P07902	GALT
0.4019772071	0.4124068153	Q99466	NOTCH4
0.181785052	0.3826812559	Q96E40	SPACA9
0.8839114055	0.04481398001	P49767	VEGFC
0.07875338715	0.8288667077	O76075	DFFB
0.4355465311	0.2754163442	P0CJ79	ZNF888
-0.2829522322	0.4378769245	Q8NDH3	NPEPL1
-0.6286735846	0.2565647491	O60861	GAS7
0.07033269971	0.8445341816	O43542	XRCC3
-0.6863175055	0.3315253342	P29400	COL4A5
-0.1494308161	0.5587613653	Q99584	S100A13
-0.02907610161	0.952027287	P23434	GCSH
-0.05572499645	0.8043017333	A6NM11	LRRC37A2
0.1123015334	0.7758691882	Q96E17	RAB3C
-0.1693204929	0.7945058953	O95466	FMNL1
-0.3796677126	0.4419468976	Q7L591	DOK3
-0.1552592346	0.6546314618	P78537	BLOC1S1
0.1745918805	0.3822072724	Q5XUX1	FBXW9
-0.352093355	0.5478397146	Q5JSJ4	INTS6L
0.197680874	0.7049544066	Q969G9	NKD1
-0.2201306747	0.4879073349	P48378	RFX2
-0.02675190626	0.9526021094	Q9GZN6	SLC6A16
-0.7632496493	0.1748843889	Q9GZY6	LAT2
-0.1182188574	0.8090521861	Q13404	UBE2V1
-0.4897102452	0.3733695409	O75325	LRRN2
-0.2412983965	0.5734551673	P10075	GLI4
0.2018631036	0.7966486677	Q9Y693	LHFPL6
0.1274248257	0.8293572563	Q86YF9	DZIP1
-0.02580775279	0.9662319856	Q9NW97	TMEM51
-0.3349645046	0.4109053688	Q9BQD7	ANTKMT
-0.4275897018	0.4231209463	Q1XH10	SKIDA1
-0.1156619708	0.7120595191	Q6AW86	ZNF324B
0.1008365121	0.8035896773	Q9P291	ARMCX1
0.1741962209	0.6786914739	Q96JQ0	DCHS1
-0.09417693067	0.8894245534	Q49AH0	CDNF
-0.3674951333	0.2338938326	Q8IZQ5	SELENOH
-0.2351554391	0.8206194644	Q5R3F8	ELFN2
0.9163746737	0.04247519307	O96020	CCNE2
-0.1168815274	0.747533839	Q8N1P7	CRYBG2
-0.09139009035	0.8166968457	A1YPR0	ZBTB7C
-0.09761751882	0.9472220017	Q9NYQ3	HAO2
0.1571729245	0.7172463896	Q6P7N7	TMEM81
-0.08761088689	0.8585106178	Q8TBN0	RAB3IL1
-0.4417667099	0.4430937511	A1A5B4	ANO9
-0.2100767058	0.5547707522	Q08334	IL10RB
-0.08560208321	0.8818525591	Q96JM2	ZNF462
0.009639750713	0.9835614718	Q6IV72	ZNF425
-0.275044496	0.4422387134	Q96M60	FAM227B
0.1801619822	0.523688412	Q9NVP4	DZANK1
0.2163393163	0.4005936338	Q9BTP7	FAAP24
-0.8420230078	0.3438758254	O60759	CYTIP
-1.34436989	0.2802603266	P51911	CNN1
1.237549911	0.07736901762	Q9BPX3	NCAPG
0.01840724539	0.9607606708	O15259	NPHP1
1.170551456	0.2045207476	Q6UXH8	CCBE1
-0.2298691051	0.6753054279	B5MCN3	SEC14L6
-0.9104051961	0.3515376418	Q08289	CACNB2
-0.3911695535	0.2986135518	P54296	MYOM2
-0.1710847331	0.5888954305	Q8N3I7	BBS5
-0.3736833508	0.544220578	P14174	MIF
0.5098049884	0.3382851921	Q9UM63	PLAGL1
-0.03361908195	0.9322375346	P26447	S100A4
-0.2976290618	0.8144518273	Q9NQR7	CCDC177
0.3130294651	0.5041593412	Q96N03	VSTM2L
-0.3748644997	0.4438367374	Q9NRZ5	AGPAT4
-0.1043299367	0.86315669	Q13797	ITGA9
-0.03203427214	0.9539074961	O00444	PLK4
-0.1766011484	0.4979859463	Q86X45	DNAAF11
-1.252147449	0.1999093721	Q8WZ60	KLHL6
0.03746051173	0.9238937496	Q96CK0	ZNF653
0.2583735981	0.8173029779	Q9H8S5	CCNP
-1.17993347	0.2333695589	Q30154	HLA-DRB5
-0.04737484366	0.9025117711	Q6PK81	ZNF773
-0.05314857949	0.8918040423	Q9C0A1	ZFHX2
0.1582270667	0.7993593057	Q6ZN28	MACC1
-0.3328913057	0.4643819625	Q9Y468	L3MBTL1
0.1238806964	0.6864289844	Q96N06	SPATA33
-0.3903196087	0.3086114846	P25787	PSMA2
-0.05486646518	0.9011693001	Q9H2E6	SEMA6A
-0.2067263422	0.6662594962	O94812	BAIAP3
-0.3545662032	0.3230623378	Q6DJT9	PLAG1
-0.663862477	0.2229482068	P32927	CSF2RB
-0.004659790789	0.9908048973	Q5EG05	CARD16
0.02468688851	0.9632631388	Q8NAV2	C8orf58
-0.23180265	0.4415680692	Q96HA7	TONSL
-0.6789093298	0.3000009959	Q8NE31	FAM13C
0.4691666381	0.3176165278	Q9Y6C2	EMILIN1
0.3285758771	0.2627099237	Q96PE1	ADGRA2
0.4638236662	0.3859458989	Q8N5Z5	KCTD17
-0.2586313304	0.524144554	A6NMB9	FIGNL2
-0.03377613593	0.9137447716	Q14929	ZNF169
-0.6494648066	0.2720522052	Q05707	COL14A1
-0.1081199618	0.8689606342	Q96PD6	MOGAT1
0.2617017868	0.5799264395	Q6ZN06	ZNF813
-0.267880916	0.493882859	Q93097	WNT2B
-1.591950381	0.09511172915	P02144	MB
0.08089862608	0.9001977131	Q9C0H5	ARHGAP39
0.3869145261	0.4759913013	O95450	ADAMTS2
-0.3531879193	0.3884966969	Q9H6Y5	MAGIX
-0.5880054058	0.2526721579	Q14005	IL16
-0.01174655309	0.9750036046	O60542	PSPN
-0.5433684388	0.1814925525	Q76LX8	ADAMTS13
-0.6710887259	0.3463656228	Q8WYR1	PIK3R5
-0.353802045	0.4992975249	P57727	TMPRSS3
-1.104085359	0.2692700843	P09326	CD48
0.6067586366	0.1580971123	Q9Y242	TCF19
0.2186312875	0.6082864399	Q3KNS6	ZNF829
0.3059700446	0.2966543492	Q9H4E5	RHOJ
-0.01436117267	0.9684720439	P49795	RGS19
-1.134392124	0.2229482068	O95976	IGSF6
0.07591512368	0.7892757722	Q9UJN7	ZNF391
0.1434342227	0.6001118222	O15049	N4BP3
0.3211850991	0.2450671963	Q6ZU80	CEP128
0.790720249	0.2783705437	P63252	KCNJ2
0.0001988622591	0.9996910863	Q9Y2W7	KCNIP3
0.4190200808	0.3668633231	Q96CX3	ZNF501
0.2963859835	0.3840688752	Q96B01	RAD51AP1
-0.402476381	0.467996868	Q6UWT2	ENHO
1.28958279	0.006022453164	Q53EZ4	CEP55
-0.3316585297	0.603852298	Q8IUH2	CREG2
-0.4918984326	0.3519560275	Q9NQZ8	ZNF71
-0.1606409918	0.6918460818	Q7L3S4	ZNF771
-0.5882828436	0.3075081595	Q2NL98	VMAC
-0.647841877	0.6666518283	A6ND91	ASPDH
-0.3164156074	0.527590531	Q10588	BST1
-0.1280166806	0.7118544206	Q16663	CCL15
0.07359585044	0.7900355692	Q86UX6	STK32C
0.1863111396	0.8077667437	Q8IXU6	SLC35F2
0.1612197107	0.6913116687	Q9HAZ2	PRDM16
-1.60287709	0.09235382027	P42081	CD86
-0.4957696458	0.21847452	Q9Y5F0	PCDHB13
-0.3203668424	0.4109053688	Q9BXJ1	C1QTNF1
0.04002104174	0.9291220168	Q17RB0	RTL8B
-0.09407722824	0.8580276482	Q8IY85	EFCAB13
-0.3966086299	0.7015491066	Q14515	SPARCL1
0.3115890741	0.5866272839	Q9H756	LRRC19
0.3890120577	0.405832155	Q15078	CDK5R1
-0.6404757428	0.2229482068	Q9Y5H1	PCDHGA2
0.2225722688	0.6976581743	Q6L9W6	B4GALNT3
-0.2420800304	0.3758483488	Q9H0S4	DDX47
-0.1895300789	0.582231779	Q8NDQ6	ZNF540
-0.7798402732	0.2045207476	Q8NEQ5	C1orf162
-0.09045313017	0.9430076577	Q92823	NRCAM
-0.6877033632	0.4273517373	Q08AI6	SLC38A11
-0.06081665942	0.8225376971	Q8TDM0	BCAS4
0.2951311588	0.3272040578	O15231	ZNF185
-0.3305235382	0.5792989969	Q8NAX2	KDF1
0.5673275179	0.2124809558	Q9ULQ0	STRIP2
-0.5145569439	0.3670654924	P29323	EPHB2
-0.2626684012	0.3519560275	Q6PDB4	ZNF880
-0.04991139809	0.9403918212	P78363	ABCA4
1.59804664	0.0470739263	Q96AV8	E2F7
0.2712206059	0.5967291717	Q86X02	CDR2L
0.131116413	0.7953758229	Q8TB68	PRR7
-0.2696137921	0.6496230514	Q8NFP4	MDGA1
0.7198971893	0.2668051893	Q8WW22	DNAJA4
0.4493899786	0.6265789867	Q7Z7L8	C11orf96
-0.03056478416	0.9440275009	Q8WWW8	GAB3
0.09339094976	0.8567040599	P0CW24	PNMA6A
-0.4290253284	0.6227595383	Q9UIA0	CYTH4
-0.1985196552	0.6232334925	Q8NEN0	ARMC2
0.2316925966	0.617662459	Q9P2W1	PSMC3IP
-0.03705785247	0.9146779893	Q15109	AGER
-0.2696507038	0.2742883911	Q86VS3	IQCH
0.2784181563	0.4537473719	Q6PJE2	POMZP3
0.261821962	0.4938629402	Q4G0Z9	MCMDC2
0.07612721647	0.8582424247	Q96CD0	FBXL8
-0.312456697	0.2797430696	Q93038	TNFRSF25
-0.1399084014	0.785461322	Q9BWP8	COLEC11
0.03471364455	0.9351165402	Q5EE01	CENPW
-0.3194078985	0.5609469163	Q00973	B4GALNT1
-1.420862589	0.09511172915	Q8TCQ1	MARCHF1
0.2652064597	0.5908528892	Q13671	RIN1
-0.341159505	0.5589017291	O75487	GPC4
0.4955583616	0.2691554346	O43683	BUB1
0.07285661323	0.9585434276	Q9Y5Y7	LYVE1
0.1456389905	0.7079548098	Q2M1P5	KIF7
-0.2525238002	0.5923658227	A6NK58	LIPT2
-0.181170902	0.7431807225	Q6P9H5	GIMAP6
-0.0875018277	0.8961570392	P48736	PIK3CG
1.031816642	0.3035751783	P54289	CACNA2D1
-2.319125463	0.2545145875	P01871	IGHM
-0.2175988496	0.5217333127	Q9UKP5	ADAMTS6
-0.6811561582	0.2124809558	A0A1B0GWH6	LASP1NB
-0.2458508383	0.6145446233	Q13241	KLRD1
-0.1441784823	0.7035604675	O00548	DLL1
-0.1413467857	0.7328271068	P51513	NOVA1
-0.4569419118	0.6432377139	P30532	CHRNA5
-0.264651404	0.4049390036	P60900	PSMA6
-0.1747050769	0.4994393761	Q7Z5J1	HSD11B1L
-0.4185407519	0.3781165209	P61266	STX1B
0.02824450243	0.951997388	O94827	PLEKHG5
0.1535692127	0.5868583999	Q70JA7	CHSY3
-0.4450100799	0.3786075949	Q8N8L2	ZNF491
0.4637121109	0.3679016984	O75949	NALF2
0.08942406776	0.7932115664	O14771	ZNF213
-0.7198670305	0.2622954816	Q658L1	SAXO2
0.7036363756	0.3748428619	A8MV65	VGLL3
-1.327511281	0.2249062179	P05230	FGF1
0.2644186565	0.6616120384	Q9H7Y0	DIPK2B
-0.4404880756	0.5589017291	P55008	AIF1
0.08256651426	0.8950782129	Q9Y2M2	SSUH2
-0.5241397703	0.2572068551	Q6UW60	PCSK4
-0.09356652184	0.7375623849	Q67FW5	QTGAL
0.4669549532	0.3398508733	Q96G91	P2RY11
-0.3649853328	0.4337186482	Q9NPH2	ISYNA1
1.078363286	0.1858511797	O60565	GREM1
0.5749635149	0.3352852468	Q70Z35	PREX2
2.178121144	0.1339244664	Q8N474	SFRP1
-0.270732077	0.4729384242	O75366	AVIL
-0.3351313532	0.6446796652	Q9Y2T7	YBX2
-0.3175257296	0.5335115125	P13598	ICAM2
-0.2451761742	0.5228135458	Q9NPB6	PARD6A
0.1524251687	0.5660101534	Q12962	TAF10
0.3303037198	0.5466228526	Q9UL58	ZNF215
-0.1970758507	0.4980793691	Q4G0X9	CCDC40
-0.3809008521	0.3519560275	Q8N3F9	GPR137C
0.04964366472	0.9329500896	Q9HCI5	MAGEE1
-0.4018201122	0.5369490745	Q8WY41	NANOS1
-0.324845322	0.2819768936	Q9UI14	RABAC1
0.1830488114	0.6848495217	Q86YJ7	ANKRD13B
-0.2020234008	0.8475368527	P48549	KCNJ3
0.2300940015	0.7733707738	Q12948	FOXC1
-0.004151746507	0.9938102274	Q86XT2	VPS37D
-0.3679504265	0.4348788469	Q9UC06	ZNF70
-0.6586818798	0.2124809558	Q9ULZ3	PYCARD
0.2603626897	0.6690577959	B3KU38	IQCJ-SCHIP1
-0.4541445662	0.348846606	P41732	TSPAN7
0.06995420688	0.8826869515	Q13201	MMRN1
-1.578341728	0.2813619255	P04217	A1BG
-0.1988987719	0.9128069094	A0A0G2JMD5	PRAMEF33
0.04865655726	0.9360213058	Q99608	NDN
-0.141527425	0.8288473978	Q86TH1	ADAMTSL2
-0.3481551249	0.3152490618	Q9H8X9	ZDHHC11
-0.4258655223	0.6448181096	Q6JBY9	RCSD1
0.368610003	0.5388765247	Q9NQ55	PPAN
-0.1195468997	0.8346411801	Q12955	ANK3
-0.6804767092	0.2698229597	Q13422	IKZF1
-0.7019374747	0.2333695589	Q8N3T1	GALNT15
0.1129106376	0.760934188	Q4KMZ1	IQCC
-0.3912846864	0.3682273915	O14669	PRRG2
-0.4147253427	0.2692700843	Q8N859	ZNF713
-0.1271155894	0.8836265371	Q9H0Q0	CYRIA
-0.3341224911	0.4427527779	Q9NP78	ABCB9
0.701417939	0.4745424103	P11161	EGR2
0.1808973484	0.7932657283	Q8NCG5	CHST4
0.2734747213	0.4948813734	Q6P9G0	CYB5D1
0.001170892893	0.9978035341	Q03721	KCNC4
-0.646842458	0.2278923743	Q8WWF1	C1orf54
-0.5108311241	0.4557933663	Q9Y467	SALL2
-0.2190288428	0.6221255525	Q8N5H7	SH2D3C
-1.013504244	0.293085554	Q4G0S4	CYP27C1
0.5353517841	0.3859458989	P49918	CDKN1C
-0.5999763752	0.3077502257	P24347	MMP11
-0.4065477192	0.2456385147	Q7Z403	TMC6
-0.6727343419	0.2870513895	Q9H2X8	IFI27L2
-0.5897743674	0.258253828	Q01484	ANK2
-0.2532451885	0.4984138589	Q86VQ0	LCA5
0.1405118852	0.8110522314	C9JJ37	BTBD19
0.3543054314	0.7178309455	Q6W4X9	MUC6
0.4072235614	0.3319117634	Q9NWS1	PARPBP
0.2885852321	0.6112679356	O00408	PDE2A
-0.1641469242	0.6999936276	Q8IUZ0	LRRC49
-0.595168423	0.4378769245	Q99788	CMKLR1
0.1144234664	0.7924822368	P52797	EFNA3
-0.5971215006	0.4819009559	A6NKF2	ARID3C
-0.3022568165	0.3171386538	Q9BU02	THTPA
-0.1357974693	0.5900221267	P54284	CACNB3
0.0886647281	0.6881417524	A1Z1Q3	MACROD2
-0.4536449646	0.5656128687	O00591	GABRP
-0.7773866276	0.2819904838	Q6P988	NOTUM
-0.2517105911	0.6303798647	Q96KN7	RPGRIP1
0.468980112	0.3114647237	Q8IVI9	NOSTRIN
-0.4993145239	0.2990217308	Q9NX00	TMEM160
-0.5702298719	0.4929833788	Q9UKQ2	ADAM28
-0.04480976264	0.9372357872	Q14654	KCNJ11
0.318871822	0.4373962443	Q6UXP7	FAM151B
1.417960332	0.2380259829	Q9NV23	OLAH
-0.09852047047	0.7843863024	Q86W54	SPATA24
0.3162532016	0.6133948459	P11473	VDR
-0.1927536495	0.4741415796	Q9H2T7	RANBP17
-0.6621110246	0.2795030993	Q18PE1	DOK7
0.3164636941	0.8132903139	O43593	HR
-0.1691707469	0.7259296534	Q8IZU1	FAM9A
0.7113538558	0.4263238529	Q765I0	UTS2B
0.006243982101	0.9785696364	Q8N6L1	KRTCAP2
-0.1044753331	0.8550694844	P01148	GNRH1
-0.9505197583	0.2185711263	Q92187	ST8SIA4
-0.03042709682	0.9692648414	P37023	ACVRL1
-0.05486624639	0.9752539351	O95750	FGF19
-0.9645466639	0.260605822	P12318	FCGR2A
1.526231371	0.1339244664	Q15398	DLGAP5
0.07912264718	0.86315669	O43294	TGFB1I1
0.3324816836	0.4819009559	Q68CR7	LRRC66
-0.326211699	0.2300930989	Q494X3	ZNF404
0.02115123115	0.9557031264	O95780	ZNF682
0.8069823603	0.1814925525	P23510	TNFSF4
-0.3568549374	0.335429016	Q5SY80	CATSPERE
0.5162335044	0.7270162319	B4DJY2	TMEM233
-0.5385033223	0.2333695589	Q6ZSY5	PPP1R3F
-0.7828849477	0.3554553424	O75914	PAK3
0.5214998809	0.472857572	P25713	MT3
0.1855606456	0.6257432279	H3BRN8	PIERCE2
-0.3852908042	0.2124809558	Q9NX55	HYPK
-0.1373573414	0.8404043358	Q9UH03	SEPTIN3
0.6368143115	0.1835482265	Q8IXT1	DDIAS
0.1421234325	0.6884324464	Q99619	SPSB2
-0.4787140071	0.3749670799	O95150	TNFSF15
-0.1501759616	0.6057099383	O14559	ARHGAP33
0.03220024145	0.9612840169	Q16623	STX1A
-0.184282456	0.667679367	P31146	CORO1A
-0.4288602583	0.3781165209	Q7L5D6	GET4
-0.5688611843	0.4285827235	P24557	TBXAS1
-6.622610417e-05	0.9999152927	Q6UXL0	IL20RB
-0.167345422	0.6322406801	Q8TF61	FBXO41
0.1318377804	0.8549903262	P06899	H2BC11
-0.1475484945	0.8369784528	P80098	CCL7
0.09975219838	0.844245452	Q4VX76	SYTL3
0.06604835185	0.8764625686	P42773	CDKN2C
0.3416832143	0.6733967836	Q9NY15	STAB1
-0.03576457621	0.9430076577	Q9NR61	DLL4
-0.002426437775	0.9966674559	Q8TF21	ANKRD24
-0.3192905009	0.4911493439	Q6UVY6	MOXD1
0.1456046268	0.7766279815	P10243	MYBL1
-0.2191607014	0.7145518184	Q96A19	CCDC102A
-0.849713478	0.2333695589	Q07011	TNFRSF9
-0.634256677	0.09780830679	Q9UHI5	SLC7A8
-0.4095667676	0.1814925525	Q5H9J7	BEX5
-0.1418697438	0.5945831927	Q8WUY8	NAT14
-0.2221321581	0.5504167325	Q9BQ89	FAM110A
-0.3827813298	0.5709714163	B2CW77	KLLN
-0.5618696985	0.3944698383	Q8NDH6	ICA1L
1.258083836	0.236508846	P78559	MAP1A
1.881884758	0.194079371	P54821	PRRX1
-0.4692816028	0.602158162	Q96AA8	JAKMIP2
-0.5228004203	0.3926555533	Q9BPW4	APOL4
0.3613639845	0.5600057033	P07204	THBD
-0.0425321838	0.8747652803	Q2VY69	ZNF284
-0.2215249852	0.610200269	P59543	TAS2R20
0.7073003549	0.3438758254	Q9NP91	SLC6A20
0.4945072877	0.3772364666	P36383	GJC1
-0.3832662667	0.3406627422	Q96EG1	ARSG
0.9441615084	0.4815592187	O14578	CIT
-0.03681282719	0.8800744794	Q9BWF2	TRAIP
-0.6364329054	0.1858511797	Q96MF2	STAC3
-0.1988423785	0.6351916897	Q9BR09	NEURL2
0.4607856011	0.3851334969	Q6SJ93	FAM111B
0.4332211606	0.4198220295	O60566	BUB1B
-0.08347579351	0.8521261275	A8K0Z3	WASHC1
-0.4209827748	0.4562395596	Q92563	SPOCK2
-0.288162784	0.4698782516	Q9Y248	GINS2
0.00272453997	0.9967605759	Q9C029	TRIM7
0.5852364362	0.5222756162	Q9BYJ1	ALOXE3
0.04871510161	0.927308533	Q8TB69	ZNF519
0.1427503599	0.596084142	O95685	PPP1R3D
-0.08029845878	0.7326571629	Q8WWL7	CCNB3
-0.2101939865	0.6787836464	Q66K66	TMEM198
-0.2752762516	0.4984138589	Q4G0T1	SCART1
-0.829310148	0.4274862016	Q8IVY1	C1orf210
-0.1933218516	0.5828697508	Q9H267	VPS33B
0.3366717479	0.6862531577	O95390	GDF11
0.2189473211	0.6918460818	Q9UBL6	CPNE7
0.01428706515	0.9654926251	Q8TAC1	RFESD
0.482465211	0.3055777347	P0DPD7	EEF1AKMT4
0.3168485294	0.3449072272	Q9HB96	FANCE
0.3952527118	0.6961264873	Q6PIF6	MYO7B
-0.5063751912	0.4107882152	O15204	ADAMDEC1
-0.5490754926	0.3772364666	Q5VUE5	C1orf53
0.6461093111	0.4189681042	P80297	MT1X
-0.02149645237	0.9830260899	Q6PCB8	EMB
0.04551484454	0.9052150524	Q9Y5H2	PCDHGA11
-0.5161334065	0.3118634528	Q9UHP7	CLEC2D
-0.2762201049	0.6221463615	Q86Y34	ADGRG3
-0.006924657406	0.9903674484	Q9GZP0	PDGFD
0.2653665597	0.4868725134	Q96QF7	GCNA
-0.07953673383	0.8748301143	Q6ZT21	TMPPE
-1.964029096	0.006022453164	P39900	MMP12
-0.302474208	0.4083813604	Q9BVA1	TUBB2B
-0.2740235901	0.4926258091	Q9Y5L3	ENTPD2
-0.2082050781	0.5175368003	Q9BZ76	CNTNAP3
0.1531666742	0.8018924024	Q9Y5W3	KLF2
0.7661554726	0.1357655535	Q6XE24	RBMS3
0.2081996186	0.6492280225	O75897	SULT1C4
-0.1110492781	0.8322259386	Q96SR6	ZNF382
0.1756971642	0.7270134657	Q6IPU0	CENPP
0.3942881453	0.389377081	Q6ICL7	SLC35E4
-0.2298739581	0.5039233753	O95484	CLDN9
0.6483113754	0.3075081595	O43761	SYNGR3
-0.00342081651	0.9954258729	A6XGL0	YJEFN3
-0.2133822394	0.7402307991	Q6XYB7	LBX2
-0.1241337993	0.7775563446	O43916	CHST1
0.62782335	0.2700820046	Q6BDI9	REP15
-0.4810083728	0.3091937578	Q9UBW5	BIN2
-0.641713926	0.2380259829	Q9Y5E4	PCDHB5
0.3246639154	0.5020047557	Q9NXH8	TOR4A
-0.0019989031	0.997485691	P04075	ALDOA
-0.7215038088	0.200212139	Q5THR3	EFCAB6
-0.6563693419	0.3000009959	Q14314	FGL2
0.2169081786	0.4079713498	Q8IVE3	PLEKHH2
0.1275864675	0.9380600754	P16581	SELE
1.428794478	0.2784822302	Q7L7L0	H2AC25
-0.1149529296	0.7103711888	O60667	FCMR
0.5888730706	0.1914704449	Q16667	CDKN3
-0.5602809113	0.2692700843	Q7Z442	PKD1L2
-0.6919397281	0.236508846	P02655	APOC2
0.5341110172	0.2807286993	Q7Z7K2	ZNF467
-0.224374815	0.6807640038	P42768	WAS
-0.7833725365	0.2333695589	Q96RQ9	IL4I1
-0.5315985603	0.4951036976	Q00888	PSG4
0.5216867475	0.4293535537	Q9Y5S1	TRPV2
-1.183143159	0.2149192693	Q08116	RGS1
-0.1147823831	0.7170688153	P28472	GABRB3
0.03928351257	0.9614276016	P02511	CRYAB
0.2177880274	0.8014446117	Q5T0Z8	C6orf132
-0.01299382762	0.9917169467	P35354	PTGS2
-0.2559792909	0.6432377139	P59044	NLRP6
-0.5299559414	0.7722419094	P51654	GPC3
-0.2664883096	0.8488352511	Q92629	SGCD
-0.1847755125	0.6525318922	A6NNF4	ZNF726
-0.2167967794	0.4953289833	A6NGR9	MROH6
0.0923401149	0.8845388754	Q17R89	ARHGAP44
0.4221787553	0.3005120799	Q5VY43	PEAR1
-0.04882753611	0.9291220168	Q9Y3D7	PAM16
0.3441796988	0.3609707926	Q96LX7	CCDC17
-0.1271740281	0.8124941328	P25791	LMO2
-0.2819741299	0.4645325558	Q3KR37	GRAMD1B
-0.1000410977	0.9231751968	Q8N6W0	CELF5
0.2472027847	0.7114189995	Q6ZUI0	TPRG1
-0.5195980899	0.3759506916	Q3KRA9	ALKBH6
0.2057228361	0.4787505284	Q12923	PTPN13
-0.2442906041	0.5054723254	Q9BW11	MXD3
0.1125016704	0.8072720075	P52815	MRPL12
1.084036599	0.04481398001	Q8NEM2	SHCBP1
-0.09552640988	0.6888509568	P34931	HSPA1L
-0.1659215509	0.6864398535	Q96IM9	DYDC2
0.01477945636	0.9692648414	Q96H79	ZC3HAV1L
-0.429164725	0.6578427431	P15498	VAV1
0.5231802335	0.4404355797	Q86UD3	MARCHF3
0.1962338292	0.7035681554	Q12934	BFSP1
0.37373905	0.5107780676	Q92750	TAF4B
0.2522556664	0.7722419094	Q7Z7B0	FILIP1
0.1864143432	0.6519693556	Q8N461	FBXL16
-0.6122142858	0.3933770199	O75908	SOAT2
-0.5409115861	0.2056490623	Q8N6U8	GPR161
-0.6467757011	0.2124809558	Q9Y5I0	PCDHA13
-0.3475500681	0.759143187	Q0VD83	APOBR
0.2294848268	0.3708761111	A8MUP2	CSKMT
0.0324536182	0.9344020288	Q6P5W5	SLC39A4
0.7081283643	0.2380259829	Q9UNX9	KCNJ14
0.1397033473	0.7418507247	Q6P9A3	ZNF549
-0.4999886713	0.419624865	P24310	COX7A1
-0.2380150151	0.6864059593	P32418	SLC8A1
-0.7792591407	0.3000009959	P28039	AOAH
-0.02347257754	0.9850384865	P09917	ALOX5
-1.076817745	0.1914704449	P01857	IGHG1
0.1028757865	0.8329960563	O75152	ZC3H11A
-0.0246849711	0.9596371272	P13631	RARG
-0.07978260326	0.9022026233	P48751	SLC4A3
-0.2628147125	0.5517055658	O75626	PRDM1
-0.6225376106	0.2193521013	Q8TED4	SLC37A2
-0.1911070735	0.6720636719	A0A1B0GUT2	C10orf143
-0.09032391798	0.8891038036	Q9UHK6	AMACR
0.7194429138	0.1748843889	O60806	TBX19
-0.1697957082	0.6267526452	Q9H9V4	RNF122
-0.3076007068	0.4919613469	Q8NFT6	DBF4B
-0.3858415494	0.3932483673	P36404	ARL2
0.1747757892	0.6142055338	Q9Y2P7	ZNF256
-0.302424553	0.4948813734	Q9P2M1	LRP2BP
-0.3341442147	0.5545392243	Q9Y4C5	CHST2
0.04854729243	0.8836721847	Q9Y462	ZNF711
-0.1949469631	0.6492280225	P17693	HLA-G
0.08846165672	0.8202823129	C9JVW0	INAFM1
-0.6640270686	0.2604270401	O75995	SASH3
-0.8041597081	0.203078386	Q9H2S1	KCNN2
-0.05011714594	0.9436684036	Q01973	ROR1
-0.8378792617	0.200212139	Q3SY77	UGT3A2
-0.05747556601	0.956718236	Q8WZ42	TTN
-0.3060842975	0.4815592187	Q6P5S7	RNASEK
-0.8373535204	0.1389274101	Q8NEP7	KLHDC9
0.6608036776	0.1815478525	Q8TEJ3	SH3RF3
-0.9767236917	0.2690697706	Q5TEJ8	THEMIS2
-0.1635375051	0.6739141115	Q9BT04	FUZ
1.192643978	0.1762010505	P24043	LAMA2
-0.3426020247	0.4032249528	Q86YV6	MYLK4
-0.1862554295	0.5608541737	Q5HYW2	NHSL2
0.3988750916	0.2692700843	Q86WV6	STING1
-0.9879047082	0.2804131876	Q9NZR2	LRP1B
0.3499804879	0.744034345	O94856	NFASC
0.3155718482	0.4542455891	Q9BXB5	OSBPL10
1.401031515	0.1996231546	Q9H6B4	CLMP
0.3861591891	0.472117879	O95235	KIF20A
-0.691493788	0.2819918717	Q9HBZ2	ARNT2
-0.1690967663	0.6635882974	P51681	CCR5
0.2998078194	0.5316648998	O14777	NDC80
-0.7403827677	0.2333695589	P25105	PTAFR
-0.270065355	0.3661316132	Q96I15	SCLY
0.05052783886	0.9450238542	P63162	SNRPN
-0.6766521168	0.2355173272	O94759	TRPM2
-0.4654295052	0.4390005215	P98171	ARHGAP4
0.05011432503	0.9608901014	Q400G9	AMZ1
-0.4997293241	0.3623177806	Q17R98	ZNF827
-0.1333647831	0.8952359444	Q14432	PDE3A
0.02926589863	0.9422748624	Q5VT40	FAM78B
-0.6003868819	0.3340051001	Q6VAB6	KSR2
-0.1940677369	0.6280207941	Q16799	RTN1
0.8119156949	0.1039165669	Q9NZJ0	DTL
-0.7739869702	0.4110019729	Q9H0D2	ZNF541
0.8228856875	0.2395165404	Q86T13	CLEC14A
-0.3273763483	0.4032681406	Q9NR80	ARHGEF4
-0.210886358	0.7006566421	Q4ZG55	GREB1
-0.6406579263	0.537477857	P42681	TXK
-0.8262941953	0.5072602346	Q8NGU4	OR2I1
-0.1016612214	0.8261557226	Q9H0A6	RNF32
0.6431476212	0.4819009559	P46098	HTR3A
0.7378034584	0.2617972566	O95997	PTTG1
-0.04696035994	0.8894304869	Q96NG8	ZNF582
0.5079628078	0.4992975249	Q96BA8	CREB3L1
0.3272972312	0.3995316298	A8MQ27	NEURL1B
0.133714073	0.5715943039	Q9Y6Q3	ZFP37
-0.2675334373	0.4764255305	Q9Y5F8	PCDHGB7
0.2267272183	0.632282432	Q8NCR3	MFI
-0.1777083535	0.5573465605	Q9BU20	CPLANE2
-0.177837867	0.7507605662	Q8N141	ZFP82
-0.1865528534	0.6601631403	Q9NQX5	NPDC1
-0.9745148525	0.2361803301	P17947	SPI1
-0.01411732826	0.9814914356	A0A1B0GUW7	TZMP1
-0.1713386994	0.7336359999	P0DMP2	SRGAP2B
-0.1416065491	0.6794626573	Q14626	IL11RA
0.0634650798	0.8589239553	Q96M20	CNBD2
-0.8520969636	0.32303593	Q9ULY5	CLEC4E
-0.2222122933	0.544220578	Q9NYV8	TAS2R14
0.09938269947	0.8039734589	O43529	CHST10
1.246491912	0.1339244664	P33981	TTK
0.002726224343	0.9957376348	Q15834	CCDC85B
-0.1330710945	0.8194959265	P54845	NRL
-0.5336685986	0.3085239284	P13928	ANXA8
0.2722399236	0.7268521641	P12544	GZMA
-0.7452714302	0.3307171157	Q8IZU0	FAM9B
-1.291320306	0.2193521013	Q14246	ADGRE1
-0.3192517925	0.4410890532	O75888	TNFSF13
-0.6724300395	0.1914704449	P09769	FGR
-0.436143267	0.3260734879	Q9NRJ7	PCDHB16
-0.3284515381	0.587307506	Q6UXG2	ELAPOR1
0.005444704208	0.9892329486	Q8N2R8	FAM43A
-0.2707872135	0.5938973075	P49914	MTHFS
-0.3530887889	0.3820733043	Q86SX3	TEDC1
-0.3384106148	0.4443182796	Q8N2N9	ANKRD36B
0.2724767909	0.6875959653	Q9NQ35	NRIP3
-1.031684724	0.2510049807	Q6UX46	ALKAL2
-0.8123849177	0.258253828	Q8N423	LILRB2
-0.5374871307	0.4598370097	Q6ZR37	PLEKHG7
-0.9767362435	0.3378890142	Q9H3S1	SEMA4A
-0.7800443436	0.2361803301	Q8N468	SLC60A1
-0.047063623	0.9156233146	P00797	REN
-0.1543818103	0.7770008096	Q8IWR1	TRIM59
-0.1161832113	0.7038684936	B4DH59	NBPF26
-0.3369418947	0.5481320161	Q15003	NCAPH
0.7034702639	0.2400082042	Q5TB30	DEPDC1
0.1714792405	0.6855114073	P30304	CDC25A
-0.7954900331	0.5937115773	Q9UEF7	KL
0.1322273783	0.7964806628	Q6NUM6	TYW1B
-0.662189275	0.5968364162	Q8NI99	ANGPTL6
-0.1907934753	0.7568858153	P08151	GLI1
1.138484727	0.2164785053	Q08050	FOXM1
-0.04081252981	0.9530836401	Q9BZM6	ULBP1
0.61536638	0.3930532292	Q92633	LPAR1
-0.1034617187	0.6634480919	Q12852	MAP3K12
-0.2574603526	0.3721344464	Q9BSA4	TTYH2
0.1126222752	0.8319372475	Q8NEV1	CSNK2A3
-0.3462987627	0.6383640244	P51810	GPR143
-0.6165654137	0.2340561263	O95267	RASGRP1
0.07903839228	0.8684512165	Q4VC12	MSS51
-0.6479600166	0.3174483779	Q12918	KLRB1
0.2736770504	0.6326927739	Q8IVP9	ZNF547
0.1006687819	0.9014039725	O60240	PLIN1
1.605307725	0.06467951367	Q96E14	RMI2
-0.9631100617	0.236508846	Q14242	SELPLG
0.3026176747	0.5624155003	Q4JDL3	PTPN20
-0.06486188174	0.911675922	Q8IXY8	PPIL6
0.2837462341	0.467802389	Q5EBL2	ZNF628
-0.5037948087	0.2273225179	Q86UZ6	ZBTB46
-0.9970818319	0.08999624649	O95936	EOMES
-0.586083715	0.06467951367	Q9Y2R2	PTPN22
-0.1666994859	0.5647354296	Q6ZN57	ZFP2
0.8083614492	0.2515579634	P78539	SRPX
-1.135984562	0.1887734921	Q8N4Z0	RAB42
0.1619068162	0.6626524081	Q96PL2	TECTB
0.6977075474	0.2620174029	A0A1B0GVG4	CCDC194
0.4289465795	0.4297927868	Q8TBF8	FAM81A
-0.05610531189	0.9545492379	P16871	IL7R
0.02179408394	0.9676109573	Q2NKQ1	SGSM1
-0.5793803228	0.2606799163	P09086	POU2F2
0.7340731024	0.2045207476	P53350	PLK1
0.2740633817	0.7047752129	Q9Y4D2	DAGLA
-0.09182233214	0.9096046872	Q9H2Y9	SLCO5A1
0.3567226994	0.5496526884	O14558	HSPB6
-0.01637408899	0.971631762	Q9HAP6	LIN7B
-0.02095383094	0.963846698	Q9UJ41	RABGEF1
-0.4649495598	0.3055777347	Q8WYR4	RSPH1
0.07371934477	0.8991411111	A9QM74	KPNA7
-0.09895574317	0.8048853463	Q8WVB6	CHTF18
0.7120481695	0.3130859445	O95388	CCN4
-0.7196056153	0.4633044246	P15509	CSF2RA
1.473045591	0.3057091479	P08254	MMP3
0.4138469618	0.4676110284	P19404	NDUFV2
0.009363226918	0.9823987431	Q7Z7A3	CTU1
1.373494119	0.1182668872	Q12834	CDC20
0.2402242803	0.5994573149	Q8N8F7	LSMEM1
-0.2069750245	0.7867511925	Q9UI42	CPA4
-0.4557007159	0.4780940289	P49961	ENTPD1
-0.1421711282	0.6482020281	Q5T5S1	CCDC183
-0.3182704864	0.4538210293	P0DPK3	NOTCH2NLB
1.422830341	0.03630053545	Q8IYA6	CKAP2L
-0.04105045275	0.9439195821	Q8N661	TMEM86B
0.02900079495	0.951847962	O15143	ARPC1B
0.7783087196	0.3926454801	P08588	ADRB1
0.6325361307	0.236508846	O15392	BIRC5
-0.4449559957	0.4780940289	P55851	UCP2
-0.5214701517	0.5585393194	Q00722	PLCB2
-0.4482382737	0.5370956933	Q9NV29	TMEM100
0.2653748029	0.5929619755	O43688	PLPP2
-0.5238728379	0.6639643964	Q5VXH5	PRAMEF7
-0.1814019327	0.6034136991	Q15139	PRKD1
-0.4280609653	0.4348788469	Q6ZMV7	LEKR1
-0.8560812854	0.3454507095	Q1ZYL8	IZUMO4
0.03322636098	0.9450238542	Q8TAW3	ZNF671
-0.4553183796	0.3761821417	P59045	NLRP11
-0.7332929454	0.543666437	Q9UI47	CTNNA3
-0.8793759733	0.3104158222	P03952	KLKB1
0.2660477091	0.6111816087	Q9BZM5	ULBP2
1.074884988	0.1357655535	Q6ZWT7	MBOAT2
0.5310622175	0.4124068153	Q6ZRR7	LRRC9
-0.1539788799	0.6744546669	Q96NJ3	ZNF285
-1.26752613	0.2114604308	Q8N135	LGI4
0.3674909238	0.4819009559	Q9HDC5	JPH1
0.07427632518	0.9092010803	P24530	EDNRB
-0.4071906778	0.3733695409	P04234	CD3D
-0.7628830138	0.3497762121	Q9H5Z6	FAM124B
0.09998869821	0.8758543983	Q9H1D0	TRPV6
-0.4427526835	0.382920234	Q96NN9	AIFM3
0.4359169749	0.3859830984	O43854	EDIL3
0.1630116388	0.7550521233	P30559	OXTR
0.4604721506	0.5694167293	O95196	CSPG5
-1.10096117	0.3502321782	Q8NEV9	IL27
-0.4971495491	0.5660637666	Q9NRD9	DUOX1
-0.3837917405	0.6225734037	Q08AH1	ACSM1
-0.01852817738	0.9729220286	Q02641	CACNB1
-0.1984381322	0.7805698338	Q04844	CHRNE
-0.3278367692	0.3687489394	Q3KQZ1	SLC25A35
-0.4580059413	0.3176121796	Q59H18	TNNI3K
-1.202034155	0.2958877404	P51800	CLCNKA
-1.084377996	0.2124809558	Q6ZS81	WDFY4
1.178816019	0.08726692014	Q8NI77	KIF18A
0.2813566319	0.4262657882	Q53HL2	CDCA8
0.1090990663	0.822268607	Q9BPU9	B9D2
0.04227387904	0.9488691547	Q11203	ST3GAL3
0.054678341	0.9215396077	Q9UPA5	BSN
-0.2661419646	0.5004259045	Q9H1M0	NUP62CL
0.4050163038	0.4218212398	Q6P995	FAM171B
-0.7598064086	0.3184196012	Q9BXN2	CLEC7A
0.0669778483	0.9025117711	Q15777	MPPED2
-0.1850698233	0.5018360008	Q96D98	EID2B
-0.3277841181	0.4549784989	Q9Y5G6	PCDHGA7
0.4715512582	0.3772364666	O15391	YY2
-0.409480465	0.3850733712	O75365	PTP4A3
-0.8719756181	0.3429935116	Q9UHX3	ADGRE2
0.08661580965	0.8751304121	Q7Z6K4	NRARP
0.8086514307	0.2380259829	Q8NDH2	LRTM3
-0.3534001453	0.4529072777	Q68D06	SLFN13
-0.3737348397	0.6170983493	Q9NXI6	RNF186
-0.664134044	0.2908503573	Q8TCX5	RHPN1
-0.4208052143	0.4392393542	A8K830	POU2AF3
0.2886639363	0.2707248195	Q96F85	CNRIP1
-0.4706168102	0.4262657882	Q15762	CD226
-0.2642241768	0.3840893458	Q9Y5G2	PCDHGB2
0.4570889388	0.5540025867	O14905	WNT9B
0.04849399785	0.9698958057	Q8NEH6	MNS1
0.1610329818	0.6629782118	Q8WWB5	PIH1D2
-0.1987607949	0.6145446233	P0DJ07	PET100
0.1522829785	0.711562132	Q6ZNH5	ZNF497
0.470077096	0.4674838609	Q86SK9	SCD5
-0.03830371556	0.9440494922	Q01469	FABP5
0.3487492387	0.3528601162	Q9ULE6	PALD1
-0.7838698895	0.1482363971	P68106	FKBP1B
0.3161663788	0.5709020027	Q6UW49	SPESP1
0.2676858738	0.3755982884	O43543	XRCC2
-0.6627747749	0.3005120799	Q8N3Y3	LARGE2
0.2555459823	0.7426108894	Q8NFK1	GJC3
0.4431913117	0.3171386538	P55273	CDKN2D
-0.03155306698	0.9263944331	Q96LL4	C8orf48
-0.02048806677	0.9624396126	Q9Y5J3	HEY1
-0.2539168889	0.5110765867	Q6P2I7	EBLN2
1.045937249	0.2124809558	Q9HAW4	CLSPN
-0.1466157956	0.8918373923	Q5T292	TMEM273
0.4936150859	0.3817645328	Q9H4H8	SACK1D
-0.4643709074	0.3468350781	Q15813	TBCE
-0.1707230589	0.8479967645	A6NE52	WDR97
-0.9016712462	0.4020120508	Q8NFU7	TET1
-0.542439199	0.3165254338	P40200	CD96
0.8109538941	0.3939562542	P15382	KCNE1
0.2308053427	0.6775423737	Q2M1K9	ZNF423
-1.864758607	0.04247519307	P60880	SNAP25
-0.6834851986	0.3607769157	Q96LC7	SIGLEC10
0.2553621806	0.5887821905	O60330	PCDHGA12
-0.4916314849	0.3548024172	Q96SE0	ABHD1
-0.7453774999	0.3535084024	Q02742	GCNT1
-0.5129071984	0.3311147198	P80365	HSD11B2
-0.03816061354	0.9092010803	Q9Y5G4	PCDHGA9
0.668386133	0.3537959864	Q96D03	DDIT4L
-0.07659380677	0.8949775801	Q8N7Z5	ANKRD31
-0.5877463146	0.3515376418	B9A6J9	TBC1D3L
0.6771667254	0.391361865	Q9BZR8	BCL2L14
0.7361940639	0.236508846	Q8IYD9	LAS2
-0.6510854562	0.4327695255	Q7Z5L0	VMO1
-0.4817599177	0.3055777347	Q7Z3S7	CACNA2D4
-0.2205066094	0.7494513755	Q9UIG5	PSORS1C1
-0.3685026157	0.4564129874	Q99640	PKMYT1
-0.003710479282	0.9964485435	Q9Y574	ASB4
0.8165488437	0.4110446721	Q02763	TEK
0.01324486239	0.9855366523	A7MBM2	DISP2
-0.7596205728	0.2828478179	Q8N6F8	METTL27
-0.2394090246	0.7451816826	Q5CZC0	FSIP2
-0.1788139282	0.5707387014	Q5BN46	PIERCE1
0.5887075153	0.3630163983	O75417	POLQ
-0.1023918644	0.8641308815	Q9UGY1	NOL12
0.1606132623	0.8516281252	P80075	CCL8
-0.2143172331	0.5041593412	Q96G97	BSCL2
-0.295168971	0.4949311205	Q96NJ5	KLHL32
0.692386883	0.3077916084	Q8N5S9	CAMKK1
-0.3026495978	0.7540618213	Q8IYB1	MB21D2
0.264910276	0.5398159657	P46783	RPS10
-0.1544674341	0.8088703304	Q9NRN5	OLFML3
-0.2670599979	0.651734896	Q86YS6	RAB43
-0.1926669544	0.7342846687	P41217	CD200
0.7472631771	0.1836945197	Q96FF9	CDCA5
0.0614567573	0.9676109573	Q8IV53	DENND1C
2.187131777	0.006022453164	Q96CG8	CTHRC1
-0.6520437841	0.09511172915	P0C869	PLA2G4B
-0.2878659206	0.6364167008	A2RU48	SMCO3
0.06548879421	0.8909444352	Q9HBT7	ZNF287
-0.1320535618	0.8365930083	Q9NPB1	NT5M
0.322164354	0.7281429226	Q8WVN6	SECTM1
-0.3457463058	0.5624261767	Q15735	INPP5J
0.1836879159	0.7332321346	Q6ZRK6	CCDC73
0.9267720642	0.3055777347	Q96J86	CYYR1
-0.163155751	0.7376701946	Q8NAC3	IL17RC
-0.7749803157	0.5745935438	Q8NCK7	SLC16A11
-0.05881765332	0.8763031425	Q86WJ1	CHD1L
-0.6569567028	0.203078386	P0C875	FAM228B
-0.438482446	0.3948186226	C9JQI7	TMEM232
-0.1023784406	0.8768073451	P04278	SHBG
-0.2434562991	0.5011255588	O95166	GABARAP
0.04216735028	0.9464507556	P28360	MSX1
0.1696098149	0.8270775327	Q86XX4	FRAS1
-0.2021828622	0.8469973419	Q9BYG7	MRO
0.8012305856	0.4218212398	Q9H0B8	CRISPLD2
-0.1725583721	0.8275151699	Q6T4R5	NHS
-0.09861699319	0.8824257979	P31323	PRKAR2B
0.2461657355	0.7545691148	P35916	FLT4
0.09822151277	0.6338595763	Q9NSC5	HOMER3
0.1844699099	0.5789755348	Q5U651	RASIP1
-0.7889638752	0.2906823296	P31994	FCGR2B
1.254099882	0.1678958818	P52926	HMGA2
-0.04550307901	0.9383127799	Q5T2N8	ATAD3C
0.1055145758	0.7482600569	Q9BUJ0	ABHD14A
-0.1116844733	0.816085724	O14492	SH2B2
-0.03968967362	0.9323923142	Q9Y6A2	CYP46A1
1.263752918	0.3212536073	P0DPI2	GATD3
0.4356930469	0.584171032	O43448	KCNAB3
-0.3219859872	0.4980793691	Q8ND71	GIMAP8
-0.3214243009	0.3858045353	Q9Y330	ZBTB12
-0.5956743111	0.5743968583	Q9UBV4	WNT16
0.1353596417	0.80885043	Q2M329	CFAP184
-0.3665274605	0.7001106222	Q8WVV4	POF1B
0.1569680254	0.6864656128	Q9P2H0	CEP126
-0.3640685174	0.4232713334	F5H4B4	FAM227A
0.6491191825	0.2692700843	Q9Y6Z7	COLEC10
0.4314499806	0.2620174029	Q9UND3	NPIPA1
0.01858984577	0.9713590614	P57729	RAB38
0.009278905873	0.9927996168	A8MZ36	EVPLL
-0.8090155572	0.3806327166	P51693	APLP1
-0.2785824251	0.610200269	Q9UJW7	ZNF229
-0.1634409188	0.886803322	Q8N228	SCML4
0.4118358429	0.336084886	Q99661	KIF2C
0.1919742884	0.7787129816	Q96AM1	MRGPRF
-0.0715146321	0.9060777787	Q9C000	NLRP1
-0.4712092486	0.602158162	Q8NET5	NFAM1
-1.056131222	0.2510049807	Q9HBI0	PARVG
0.01708976116	0.9651032006	Q8N5A5	ZGPAT
0.4318482935	0.3480777993	Q5QGS0	NEXMIF
-0.3636297671	0.6166606556	Q8NEW7	TMIE
-0.4338328979	0.4306314884	P17027	ZNF23
1.135409343	0.4830666593	O76038	SCGN
0.7638679702	0.2338938326	Q9ULE3	DENND2A
-0.656914289	0.4176140724	Q9H3D4	TP63
-0.5698840826	0.3938827096	Q9UKW4	VAV3
0.08429362879	0.8547222096	Q9BXA6	TSSK6
-0.651682893	0.4277777635	Q13938	CAPS
0.1641651607	0.7616177026	Q8NFR3	SPTSSB
-0.293136577	0.4815592187	Q6UXD5	SEZ6L2
0.6184503776	0.2720522052	Q6ZMY3	SPOCD1
0.2551246425	0.5815901701	O60383	GDF9
-1.276684868	0.2361803301	Q6Q759	SPAG17
-0.05224992331	0.9214564155	O14798	TNFRSF10C
0.3233826572	0.7458836249	Q6ZN30	BNC2
0.1181755525	0.7770008096	Q9UQB9	AURKC
0.5593630165	0.3555678184	Q9BW19	KIFC1
-0.07799324249	0.9672040645	Q5VWM4	PRAMEF8
-0.03326592628	0.9626519078	Q9NYN1	RASL12
-0.1861718494	0.4873317734	P48745	CCN3
1.075336525	0.09780830679	Q96KB5	PBK
-0.4932183401	0.4304823477	A0FGR9	ESYT3
-0.3351368722	0.4271596095	A8MXQ7	IQANK1
0.3207680126	0.4079969503	O94989	ARHGEF15
-0.02451199158	0.9623032513	Q96MH7	C5orf34
0.994796969	0.1814925525	Q15058	KIF14
0.3547511236	0.4390005215	Q9BRP7	FDXACB1
-0.2902197718	0.6511964848	P02745	C1QA
0.8881339862	0.1337684454	O95239	KIF4A
-0.4916773542	0.4109053688	Q9BZW5	TM6SF1
-0.4256003418	0.544220578	P01732	CD8A
-0.3474015395	0.6362889791	P10997	IAPP
-1.148801357	0.3601485488	P49279	SLC11A1
-0.6908577341	0.3537959864	Q9Y2C2	UST
0.3237662671	0.5842224318	Q9BQ51	PDCD1LG2
0.3182980003	0.5146184669	Q8N4H5	TOMM5
-1.163977972	0.2794161897	Q6QHC5	DEGS2
-0.3136464911	0.479614333	Q86YV0	RASAL3
-0.3361168243	0.7023454183	A7E2U8	CFAP96
0.256446941	0.7125224982	Q14181	POLA2
0.4359800454	0.3012873477	H3BMG3	SMKR1
-0.3349894678	0.5786907909	Q9ULP0	NDRG4
-0.1660109457	0.7778813834	Q6B0I6	KDM4D
0.4179174614	0.5513594141	Q8NDX9	LY6G5B
0.1114374272	0.7494346741	P36639	NUDT1
0.1312359106	0.7990620402	P17038	ZNF43
0.878369893	0.430679136	Q8TAX0	OSR1
0.1114459821	0.8611077716	Q9Y2T4	PPP2R2C
-0.1172459061	0.7770419268	O43559	FRS3
-0.3914329799	0.4928758417	Q9HBW0	LPAR2
-0.4020325072	0.5815901701	Q9BQT8	SLC25A21
0.2244889104	0.5422240041	Q96EG3	ZNF837
-0.2290515107	0.804895091	Q68DA7	FMN1
-0.1087702475	0.9170853572	P98066	TNFAIP6
0.162827992	0.6487964324	P43268	ETV4
0.7872506081	0.2357917706	P23142	FBLN1
-0.8125717229	0.3000009959	Q8IVB4	SLC9A9
0.1459014239	0.6710446728	A2A2Y4	FRMD3
1.103523263	0.09780830679	Q9HCL0	PCDH18
-0.1211864091	0.7421277797	Q5I0X4	PEX39
0.6277331173	0.2707762288	Q9BS16	CENPK
0.2386305111	0.6855114073	Q8J025	APCDD1
-0.07409355908	0.9185896182	Q7Z4T9	CFAP91
0.4800008054	0.1996231546	Q9HC97	GPR35
-0.2881288788	0.7021467496	P48546	GIPR
0.0267739488	0.9774013847	Q5KU26	COLEC12
0.9470809642	0.1091261018	Q9HCU0	CD248
-2.763686453	0.1182668872	O15394	NCAM2
-0.2690526091	0.5660637666	Q9UIU6	SIX4
0.2003460048	0.6671314209	P57737	CORO7
0.1712142697	0.7596726513	Q9BYV2	TRIM54
0.3701303447	0.3316107179	Q8N5C1	CALHM5
0.09906263965	0.825609926	Q5JXM2	METTL24
-0.6068314587	0.339805939	Q5T653	MRPL2
0.5465288509	0.588302107	Q10981	FUT2
-0.6203456599	0.3055777347	P49366	DHPS
-0.1681563773	0.8207102647	Q6ZQX7	LIAT1
0.01162846237	0.9860447188	Q9BR10	SPATA25
-0.3899422464	0.534345034	Q9Y586	MAB21L2
-0.1498276267	0.8900673411	Q9NY59	SMPD3
-0.01807181335	0.9643765218	Q8TAL5	C9orf43
0.3191059138	0.6059126343	Q9UEW3	MARCO
-0.6468448606	0.2707762288	P24588	AKAP5
-0.2215026209	0.6920718206	Q96PN7	TRERF1
-0.5865508984	0.2604270401	P58505	C21orf58
-0.2640985637	0.6531657847	Q8NDM7	CFAP43
0.1712715742	0.5671049052	Q96EF0	MTMR8
-0.3416617692	0.5517055658	Q13588	GRAP
0.7418019354	0.4335073053	P39059	COL15A1
-0.3913087573	0.3975408408	Q8NHY6	ZFP28
0.1236853279	0.8404549547	Q92674	CENPI
-0.437792949	0.3381857214	Q9C0F0	ASXL3
0.4386757526	0.5048257217	Q9BRK3	MXRA8
-0.08625932259	0.8510623258	Q8NI38	NFKBID
-0.4492641793	0.4141420755	Q9Y4H4	GPSM3
0.7255378939	0.5881148881	Q9UKX5	ITGA11
0.6489306523	0.2807286993	O00425	IGF2BP3
0.5362793743	0.5012247263	O60234	GMFG
-0.2392321599	0.7159758097	Q7L513	FCRLA
0.7620125588	0.2854851859	Q8NCD3	HJURP
-0.6290342822	0.2743833929	Q9Y5G8	PCDHGA5
0.8670431244	0.5470176887	Q9P0L9	PKD2L1
0.2703554677	0.6896444739	Q96K12	FAR2
-0.02086703885	0.9668046938	A6NIX2	WTIP
-0.524181004	0.4255384391	A5PKW4	PSD
-0.03599042946	0.9591726732	O75084	FZD7
-0.1899990755	0.7307331907	Q5JUQ0	FAM78A
0.2654205678	0.4902253168	Q9UM47	NOTCH3
-0.3928276627	0.4239714168	Q9NUU6	OTULINL
-0.2643020364	0.7743227571	P16619	CCL3L1; CCL3L3
0.1711720876	0.8119872892	Q9H9K5	ERVMER34-1
-0.265583895	0.479614333	Q460N3	PARP15
0.3354521319	0.2903720749	A0A0D9SF12	CCDC163
-0.402488544	0.5467791085	Q9Y279	VSIG4
-0.7133387404	0.236508846	Q9UKJ1	PILRA
0.3005153571	0.6736033318	Q7L8C5	SYT13
0.1426521248	0.6310827797	Q969H4	CNKSR1
0.10566088	0.8927355027	P23560	BDNF
0.4348114099	0.4656481344	P22004	BMP6
-0.09857582234	0.9258590384	P49019	HCAR3
-0.7362362572	0.2229482068	Q9H4E7	DEF6
-0.7770351795	0.2395165404	Q9C0G6	DNAH6
-0.06349987475	0.9624396126	Q99259	GAD1
-0.7587017231	0.1814925525	P16150	SPN
-0.6065498247	0.4484909832	P43116	PTGER2
-0.05315961642	0.9436684036	Q9UGI6	KCNN3
0.2198478692	0.7568858153	Q9Y233	PDE10A
-0.682017729	0.2124809558	Q9BX68	HINT2
-0.5506720217	0.3638799028	Q86SU0	ILDR1
-0.3417541209	0.5734551673	Q9NVM1	EVA1B
-0.003422668615	0.9964485435	Q93084	ATP2A3
0.4115959667	0.6697323007	Q86VY9	TMEM200A
-0.9491210572	0.2604270401	Q9NR97	TLR8
-0.3781006812	0.8090521861	P49888	SULT1E1
-0.4743145396	0.3806327166	Q9Y5G1	PCDHGB3
-0.2147794089	0.7421277797	O00421	CCRL2
0.07680938205	0.9396326757	P22466	GAL
-0.008469911711	0.9908048973	Q9BZ71	PITPNM3
-1.029617157	0.3097743641	Q9H714	RUBCNL
-0.4780622627	0.7334959199	Q9BXP8	PAPPA2
-0.002472778581	0.9962241817	Q96JK4	HHIPL1
0.5443411282	0.2707248195	Q6PIV7	SLC25A34
0.1221672689	0.812489787	Q495B1	ANKDD1A
0.4615845518	0.2958877404	Q8TE68	EPS8L1
-0.7193416285	0.1861708228	Q8WYJ6	SEPTIN1
1.493727436	0.1479631748	O95863	SNAI1
-1.120342874	0.2807286993	Q99705	MCHR1
0.3623369197	0.652992365	Q13308	PTK7
0.7960060096	0.4972416785	O00254	F2RL2
0.5165438522	0.349886707	Q96MT3	PRICKLE1
0.2048071448	0.6828496111	Q8TBY0	RBM46
0.4874371625	0.2205867019	O75712	GJB3
0.3498166029	0.3191239935	P12821	ACE
-0.3688415292	0.4784975648	Q5VUG0	SFMBT2
-1.339574157	0.2698229597	O94818	NOL4
-0.1413296525	0.8211683644	Q8NBT2	SPC24
0.007655824447	0.9862322038	P49810	PSEN2
-0.3165897095	0.7589371414	Q496F6	CD300E
0.5653187757	0.3616622301	O94910	ADGRL1
-0.01786382897	0.9729220286	Q9UBX0	HESX1
-0.2953045681	0.6562604204	Q8WU43	C2orf15
0.3703261264	0.3596657368	Q86Y38	XYLT1
0.9069704892	0.5152590538	Q14050	COL9A3
0.6299268114	0.3443105929	F5H4A9	C3orf80
-0.2529501347	0.647842799	P20963	CD247
-0.3778395075	0.5387511577	Q92932	PTPRN2
0.08754499344	0.8437824575	Q6ZNQ3	LRRC69
0.2402831861	0.5802330782	P0DPB3	SCHIP1
-0.463982782	0.3894552024	O60880	SH2D1A
0.3634082187	0.4618398499	Q9NS87	KIF15
-0.5231895014	0.375071548	Q6TCH4	PAQR6
-0.6640419078	0.236508846	O95870	ABHD16A
0.3869587624	0.6140179106	Q8N140	EID3
-0.02736632007	0.9771772317	Q96GX8	CLMB
0.08025969431	0.8881239235	Q9BQI4	CCDC3
-0.03969765355	0.9500368862	A8MVS5	HIDE1
0.5166869603	0.711787311	A8K5M9	C15orf62
0.03050643494	0.9784195595	Q9NRR2	TPSG1
0.6120317809	0.5200121373	Q96PN6	ADCY10
-0.6707295006	0.3973005136	P23352	ANOS1
-0.8462953799	0.2958877404	P17540	CKMT2
-0.3909050801	0.4819009559	O00222	GRM8
-0.4517716843	0.335429016	Q5SRR4	LY6G5C
-0.4306548595	0.4244866729	Q9NP60	IL1RAPL2
-0.08657166246	0.8648575851	O75828	CBR3
0.03235722962	0.9359903365	Q8TE85	GRHL3
0.563994515	0.4242357451	Q5T7B8	KIF24
0.2032613327	0.8445276146	Q8TCI5	CIMAP3
-0.6426339176	0.339805939	Q6WBX8	RAD9B
-0.813746888	0.3843194108	P43681	CHRNA4
-0.6897298085	0.3877931113	Q8NFR7	CCDC148
-0.2614609251	0.5977590111	P58499	FAM3B
0.1570413425	0.6185379605	Q96DV4	MRPL38
-0.7293783629	0.2229482068	P20800	EDN2
-0.4281572899	0.4979859463	Q12912	IRAG2
-0.410741661	0.4005936338	Q8IYG6	LRRC56
-0.03578199443	0.9612177163	Q68D86	CCDC102B
0.2306160627	0.7568462348	Q38SD2	LRRK1
0.1357682297	0.8485858335	O15195	VILL
0.1752330654	0.8711505143	Q9C0D0	PHACTR1
0.6173012449	0.3741907312	Q9P121	NTM
-0.159013983	0.8072720075	O94907	DKK1
-0.5388781538	0.5321736186	Q9H069	DRC3
1.208867307	0.1105808298	Q9NYZ3	GTSE1
0.7662434651	0.3005120799	O00762	UBE2C
0.7385643522	0.3091937578	P14651	HOXB3
1.488463854	0.04247519307	O95067	CCNB2
-0.7129975789	0.203078386	Q9BT23	LIMD2
0.5415125664	0.4906196353	Q13415	ORC1
-0.4696834781	0.2400082042	P20336	RAB3A
-2.005075315	0.1814925525	P47872	SCTR
-0.4638554295	0.3930532292	Q5JRV8	TMEM255A
-0.1180988358	0.8030987669	Q5TEZ5	C6orf163
-0.02505797901	0.9674139303	Q9UHC3	ASIC3
-0.2997273208	0.4841822062	Q9UN75	PCDHA12
-0.2065420732	0.588302107	A6PVS8	LRRIQ3
0.3232193119	0.6593534872	Q8IWX5	SGPP2
-0.0933801719	0.8132903139	Q2VIR3	EIF2S3B
0.09809748803	0.9088381359	Q9Y251	HPSE
-0.8043162716	0.3000009959	Q5SW24	DACT2
0.05627605038	0.9105040408	Q9H254	SPTBN4
0.6260821323	0.2808741936	O43482	OIP5
-0.3555988436	0.5744785679	Q8N319	LINC03040
-0.1413006737	0.7615597789	Q86WZ0	HEATR4
-0.01725518781	0.9723950392	Q8NDY3	ADPRHL1
0.3716337772	0.6681491997	P78369	CLDN10
-0.346563287	0.5937115773	Q5T1A1	DCST2
-0.2708609787	0.4293037696	O43196	MSH5
0.1520342197	0.5805170842	Q8TBE1	CNIH3
-0.1994698196	0.7473108458	Q5VZ19	TDRD10
-0.4291647044	0.3754976451	Q15833	STXBP2
-0.2753424839	0.5044740256	Q6IPT2	GARIN5A
0.01946816957	0.986813438	Q14134	TRIM29
0.02112322456	0.9656903223	Q9H0X9	OSBPL5
-1.479284789	0.2576673623	Q8WW52	FAM151A
0.3056967375	0.6605838874	Q8IYR0	CFAP206
-0.2798793746	0.7052395132	Q5BKX6	SLC45A4
-0.05902583932	0.9563228916	O95256	IL18RAP
-0.01576714207	0.972423057	Q8NBD8	TMEM229B
-0.855735028	0.07703057608	Q8NHV1	GIMAP7
-0.03390156275	0.9616420128	Q99956	DUSP9
-0.2960329159	0.5899689741	Q9BUN5	CCDC28B
-0.01243433418	0.9900716733	Q6ZMQ8	AATK
-0.01223015589	0.9835371095	Q5JTY5	ZNG1C
-0.2243839168	0.6782896096	Q9UKP4	ADAMTS7
-0.5382289472	0.3858045353	Q9Y228	TRAF3IP3
-0.6647838858	0.391361865	Q02246	CNTN2
0.8990136124	0.2692902813	Q14D04	VEPH1
0.3074226794	0.8043017333	Q8WWZ8	OIT3
-0.4268957245	0.5223376016	Q96MK2	RIPOR3
0.06781118154	0.910258447	P35789	ZNF93
-0.2039468132	0.7026829222	Q86V40	TRABD2A
0.1662202138	0.8708644064	Q6NXG1	ESRP1
0.6331950771	0.447974988	Q96Q80	DERL3
-0.6954740012	0.4971963267	Q7RTX9	SLC16A14
0.1459001206	0.7204338788	E9PKD4	NPIPA5
0.1839453449	0.7615597789	Q8NB91	FANCB
-0.1544589737	0.8110522314	Q9H3T3	SEMA6B
0.2166628973	0.6132750706	Q8NDY8	TMEM52
-0.2852876158	0.7932657283	Q16099	GRIK4
-0.8337154851	0.1914704449	P58658	EVA1C
-0.1577906669	0.7098545984	Q9Y620	RAD54B
-0.3475986344	0.4948813734	Q9Y572	RIPK3
-0.4299124898	0.40374116	Q6ZW13	C16orf86
-0.6714974739	0.2380259829	Q16627	CCL14
0.06658375259	0.9117822895	Q9BPZ2	SPIN2B
-0.1718356409	0.8860131968	Q86VV4	RANBP3L
0.2359203231	0.4244866729	Q8IYI0	SHLD1
-0.1117769517	0.9347165722	H3BSY2	GOLGA8M
-0.2529385226	0.6446796652	Q9NRI5	DISC1
0.004231487599	0.9964485435	Q03395	ROM1
0.7139055698	0.2400082042	Q5VY80	RAET1L
