gene_id,product,prediction,support
TGME49_224760,SAG-related sequence SRS40E,PM - peripheral 1,0.9880545352406251
TGME49_284010,"5'-3' exonuclease, N-terminal resolvase family domain-containing protein",apicoplast,0.9834420132192486
TGME49_251740,AP2 domain transcription factor AP2XII-9,apical 1,0.9790728551383547
TGME49_278390,Toxoplasma gondii family A protein,PM - peripheral 1,0.9707695083508134
TGME49_320250,SAG-related sequence SRS15A,PM - peripheral 1,0.9692663952534287
TGME49_252200,palmitoyltransferase DHHC7,rhoptries 2,0.9675138243249042
TGME49_278370,Toxoplasma gondii family A protein,PM - peripheral 1,0.9644883526532771
TGME49_280570,SAG-related sequence SRS35A,PM - peripheral 1,0.9629125240853524
TGME49_306700,hypothetical protein,PM - peripheral 2,0.9625225003634349
TGME49_292270,SAG-related sequence SRS36C,PM - peripheral 1,0.9590088004731324
TGME49_312950,RAP-1 family protein,rhoptries 1,0.9561896153410763
TGME49_273110,SAG-related sequence SRS30D,PM - peripheral 1,0.9515953698006745
TGME49_311810,hypothetical protein,apicoplast,0.9482349419061307
TGME49_321470,SAG-related sequence SRS12D,PM - peripheral 1,0.9481568658073798
TGME49_288610,"50S ribosomal protein L21, putative",apicoplast,0.947544971721008
TGME49_253790,zinc finger (CCCH type) motif-containing protein,apicoplast,0.9426060553750087
TGME49_316190,superoxide dismutase SOD3,PM - peripheral 2,0.9425922223072262
TGME49_315390,SAG-related sequence SRS53C,PM - peripheral 1,0.941349969769676
TGME49_224770,SAG-related sequence SRS40D,PM - peripheral 1,0.9399548756609094
TGME49_254820,hypothetical protein,apicoplast,0.9380860548513996
TGME49_255370,apicoplast import protein TIC20,apicoplast,0.9357011772570925
TGME49_247710,casein kinase I,PM - peripheral 2,0.9347159006803528
TGME49_244070,hypothetical protein,rhoptries 2,0.9333562379795718
TGME49_313750,hypothetical protein,apicoplast,0.9277740328304106
TGME49_318470,AP2 domain transcription factor AP2IV-4,apical 1,0.9267319510797298
TGME49_275830,"3'-5' exonuclease, putative",mitochondrion - soluble,0.9227894229240555
TGME49_238470,SAG-related sequence SRS22C,PM - peripheral 1,0.9221011733703113
TGME49_278090,Toxoplasma gondii family A protein,PM - peripheral 1,0.9185206597678469
TGME49_249570,hypothetical protein,rhoptries 1,0.9185117143694298
TGME49_309330,SAG-related sequence SRS55F,PM - peripheral 1,0.9152276543518388
TGME49_314320,"GTP-binding protein, putative",apicoplast,0.9142600340371148
TGME49_313960,ribosomal protein L19 protein,mitochondrion - soluble,0.9142293458032075
TGME49_267790,hypothetical protein,apicoplast,0.9139876943949082
TGME49_321490,SAG-related sequence SRS12A,PM - peripheral 1,0.9139410727948567
TGME49_271950,hypothetical protein,apicoplast,0.9120867481154691
TGME49_215970,hypothetical protein,PM - peripheral 2,0.9111806064235063
TGME49_219348,SAG-related sequence SRS55M,PM - peripheral 1,0.9085182696127746
TGME49_306270,hypothetical protein,micronemes,0.9080370066689509
TGME49_254200,anticodon binding domain-containing protein,apicoplast,0.9066628126956148
TGME49_222155,hypothetical protein,apicoplast,0.9058616278153611
TGME49_240970,hypothetical protein,apicoplast,0.9040924448376739
TGME49_238895,inner membrane complex protein IMC43,apical 1,0.9033609191211663
TGME49_309110,tRNA-specific 2-thiouridylase MNMA,apicoplast,0.9010078019498835
TGME49_312175,hypothetical protein,apicoplast,0.9009258581598223
TGME49_254630,CDK-related protein kinase CRK6,apicoplast,0.9002605948530467
TGME49_242340,ribosomal protein RPS29,40S ribosome,0.8967035880547036
TGME49_202020,DnAK-TPR,PM - peripheral 2,0.8949294264658877
TGME49_271625,serine--tRNA ligase,apicoplast,0.8916983763062375
TGME49_262420,AP2 domain transcription factor AP2VIIb-1/ADA2-B,nucleus - chromatin,0.8882569330626693
TGME49_309790,hypothetical protein,mitochondrion - soluble,0.8881321879271734
TGME49_273330,hypothetical protein,apicoplast,0.8878902273064578
TGME49_207750,glycosyltransferase family 17 protein,micronemes,0.8872959715064979
TGME49_221990,hypothetical protein,apical 1,0.8868383224512666
TGME49_244140,hypothetical protein,apicoplast,0.8845223686279057
TGME49_275360,SAG-related sequence SRS47B,PM - peripheral 1,0.8829562749217869
TGME49_267160,SAG-related sequence SRS38D,PM - peripheral 1,0.8823786278168315
TGME49_315380,SAG-related sequence SRS53B,PM - peripheral 1,0.8807665122072591
TGME49_238500,SAG-related sequence SRS22F,PM - peripheral 1,0.8801941029219678
TGME49_309150,hypothetical protein,rhoptries 2,0.8796231090829909
TGME49_278330,Toxoplasma gondii family A protein,PM - peripheral 1,0.8788238971669151
TGME49_250115,hypothetical protein,dense granules,0.8784815221660146
TGME49_247660,thioredoxin domain-containing protein,endomembrane vesicles,0.8780933817842721
TGME49_243130,Toxoplasma gondii family A protein,PM - peripheral 1,0.8747434682992117
TGME49_249950,Mak16 protein,nucleolus,0.8746998371169311
TGME49_273650,kinesin B,PM - peripheral 2,0.8743201429628044
TGME49_216710,apicomplexan amino acid transporter ApiAT5-4,Golgi,0.8743003964633058
TGME49_239340,"GTP-binding protein, putative",apicoplast,0.8740507948497446
TGME49_243190,Toxoplasma gondii family A protein,PM - peripheral 1,0.8721021961247862
TGME49_201720,alpha N-terminal protein methyltransferase NTM1,nucleolus,0.871091864973424
TGME49_224790,SAG-related sequence SRS40A,PM - peripheral 1,0.870577733394036
TGME49_256830,SacI domain-containing protein,apicoplast,0.8705024878460066
TGME49_206600,"sigma-70, region 3 protein",apicoplast,0.8704584811166383
TGME49_278320,Toxoplasma gondii family A protein,PM - peripheral 1,0.870150333760454
TGME49_320240,SAG-related sequence SRS15B,PM - peripheral 1,0.8688936581260588
TGME49_278380,Toxoplasma gondii family A protein,PM - peripheral 1,0.8670698591635225
TGME49_247620,hypothetical protein,apicoplast,0.8652179807962832
TGME49_320515,hypothetical protein,apical 1,0.8646929813515336
TGME49_238850,SAG-related sequence SRS22I,PM - peripheral 1,0.861781323162332
TGME49_259290,SAG-related sequence SRS26C,PM - peripheral 1,0.8612687449492225
TGME49_275380,SAG-related sequence SRS47D,PM - peripheral 1,0.8606944243889659
TGME49_274110,glycoprotease family protein,apicoplast,0.8606736721169495
TGME49_278290,Toxoplasma gondii family A protein,PM - peripheral 1,0.8604912163104007
TGME49_271070,OTU domain-containing protein OTUD6A,apicoplast,0.859960046952109
TGME49_208040,aldo-keto reductase,apicoplast,0.85767499972872
TGME49_294380,"thiocytidine biosynthesis protein TTCA, putative",nucleolus,0.856985738695387
TGME49_309300,SAG-related sequence SRS55A,PM - peripheral 1,0.8554782295459632
TGME49_277030,"isoleucyl-tRNA synthetase, putative",apicoplast,0.8501725114418212
TGME49_311650,leucine rich repeat-containing protein,PM - peripheral 2,0.8478888134223805
TGME49_206310,"prenyltransferase, UbiA family protein",apicoplast,0.8477583678806415
TGME49_239090,SAG-related sequence SRS23,PM - peripheral 1,0.8474929453036594
TGME49_226230,hypothetical protein,PM - peripheral 2,0.847352293097004
TGME49_315640,lipoyl(octanoyl) transferase,apicoplast,0.8466359200133584
TGME49_251660,hypothetical protein,dense granules,0.8451388913237194
TGME49_285490,helix-hairpin-helix motif domain-containing protein,apicoplast,0.8423369186138588
TGME49_209550,hypothetical protein,mitochondrion - soluble,0.8422019324667359
TGME49_294610,inner membrane complex protein IMC30,IMC,0.8416125730711623
TGME49_255635,hypothetical protein,mitochondrion - soluble,0.841152598390371
TGME49_301216,endonuclease/exonuclease/phosphatase family protein,mitochondrion - soluble,0.8399910660707525
TGME49_297270,hypothetical protein,apicoplast,0.8392496393402972
TGME49_273815,hypothetical protein,apicoplast,0.8374391034314094
TGME49_225960,STE kinase,nucleus - chromatin,0.8368927935946668
TGME49_310470,cytochrome c oxidase subunit COX2b,mitochondrion - membranes,0.8365230350751562
TGME49_283800,hypothetical protein,rhoptries 2,0.8361488413375416
TGME49_274150,hypothetical protein,apicoplast,0.8352557039718562
TGME49_257700,hypothetical protein,apicoplast,0.8351018879298525
TGME49_278430,Toxoplasma gondii family A protein,PM - peripheral 1,0.8346208468632744
TGME49_216500,"tRNA synthetase, putative",apicoplast,0.8337759653685105
TGME49_288950,AP2 domain transcription factor AP2IX-4,apical 1,0.8325916785596006
TGME49_310200,hypothetical protein,mitochondrion - soluble,0.8322151403194784
TGME49_318650,transhydrogenase,rhoptries 2,0.8304529641616095
TGME49_294805,hypothetical protein,PM - peripheral 2,0.8300204904025072
TGME49_267010,hypothetical protein,apicoplast,0.8295811545551678
TGME49_221720,hypothetical protein,nucleus - chromatin,0.82867310653102
TGME49_266330,Toxoplasma gondii family A protein,PM - peripheral 1,0.8279064776908374
TGME49_228420,cAMP-dependent protein kinase subunit PKAc2,PM - peripheral 2,0.8273961596246366
TGME49_251600,"IMP4 family U3 small nucleolar ribonucleoprotein (snoRNP), putative",nucleolus,0.826570345794
TGME49_278410,Toxoplasma gondii family A protein,PM - peripheral 1,0.8263248306772129
TGME49_278080,Toxoplasma gondii family A protein,PM - peripheral 1,0.8259620580423007
TGME49_239855,Ras-associated protein Rap1 isoform 1 family protein,PM - peripheral 2,0.8247505429799185
TGME49_265650,protein phosphatase 2C domain-containing protein,apical 2,0.8233980186752623
TGME49_313870,"zinc finger, C3HC4 type (RING finger) domain-containing protein",nucleus - chromatin,0.8219970771895054
TGME49_288940,hypothetical protein,apicoplast,0.8213136613674403
TGME49_500174,KRUF family protein,dense granules,0.820183709456356
TGME49_257790,lysine deacetylase KDAC4,apicoplast,0.8181025289138608
TGME49_238490,SAG-related sequence SRS22E,PM - peripheral 1,0.8175921974581861
TGME49_290860,apicomplexan amino acid transporter ApiAT6-2,PM - integral,0.8158637219458238
TGME49_243770,hypothetical protein,apicoplast,0.815757169982626
TGME49_273100,3'-5' exonuclease domain-containing protein,mitochondrion - soluble,0.8156652810687421
TGME49_216430,TBC domain-containing protein TBC7,PM - peripheral 2,0.8139965364866395
TGME49_209640,hypothetical protein,mitochondrion - soluble,0.8129487248595537
TGME49_225720,hypothetical protein,mitochondrion - soluble,0.8098182329503444
TGME49_203590,hypothetical protein,apicoplast,0.8095565917585891
TGME49_278400,Toxoplasma gondii family A protein,PM - peripheral 1,0.8085973885060546
TGME49_253870,hypothetical protein,apicoplast,0.8079975687278953
TGME49_266730,leucyl-tRNA synthetase (LeuRS2),apicoplast,0.8076624531778893
TGME49_311770,basal complex component BCC3,apical 1,0.8075333261723947
TGME49_244680,hypothetical protein,apicoplast,0.8065416621495817
TGME49_256070,CDK-related protein kinase CRK4,apicoplast,0.8054210848526987
TGME49_227010,rhoptry kinase family protein ROP30,micronemes,0.8048978947551262
TGME49_236870,dense granule protein GRA42,dense granules,0.8038640938588144
TGME49_234640,hypothetical protein,nucleus - chromatin,0.8016443848544132
TGME49_500255,"hypothetical protein, conserved",Golgi,0.801556670619979
TGME49_500182,"regulator of chromosome condensation, putative",apicoplast,0.8010115373797627
TGME49_306620,AP2 domain transcription factor AP2IX-9,micronemes,0.7968527187517133
TGME49_289710,AP2 domain transcription factor AP2IX-5,nucleus - chromatin,0.7966084632992491
TGME49_233490,hypothetical protein,apicoplast,0.7965208012943962
TGME49_268985,hypothetical protein,PM - peripheral 2,0.7959956389558729
TGME49_238460,SAG-related sequence SRS22B,PM - peripheral 1,0.7956630075998122
TGME49_313550,ribosomal protein RPL22,apicoplast,0.7933782763576137
TGME49_228240,hypothetical protein,ER,0.7930484662465075
TGME49_243180,Toxoplasma gondii family A protein,PM - peripheral 1,0.7914969737167348
TGME49_266110,DEAD/DEAH box helicase domain-containing protein,mitochondrion - soluble,0.7903950787451366
TGME49_319610,eIF2 kinase IF2K-D (incomplete catalytic triad),PM - peripheral 2,0.7903568113972066
TGME49_210320,SAG-related sequence SRS37A,PM - peripheral 1,0.7894208985541324
TGME49_271040,hypothetical protein,PM - peripheral 1,0.7892180632471867
TGME49_203270,"ATP-dependent Clp endopeptidase, proteolytic subunit ClpP domain-containing protein",apicoplast,0.788330818864041
TGME49_293720,HAD-like superfamily,rhoptries 2,0.7865244554373935
TGME49_243340,atypical MEK-related kinase (incomplete catalytic triad),apicoplast,0.7864901321057172
TGME49_243520,hypothetical protein,apicoplast,0.7861404702629682
TGME49_202490,AP2 domain transcription factor AP2VIIa-7,nucleus - chromatin,0.7838882515291506
TGME49_290605,hypothetical protein,apicoplast,0.7838229010953583
TGME49_314440,hypothetical protein,apicoplast,0.7812170186667309
TGME49_258550,SAG-related sequence SRS28,PM - peripheral 1,0.7802404949032723
TGME49_243160,Toxoplasma gondii family A protein,PM - peripheral 1,0.7790846123553604
TGME49_225190,hypothetical protein,apicoplast,0.7780276565467888
TGME49_224710,PA domain-containing protein,Golgi,0.7778844850262424
TGME49_213580,ribosomal protein L41,40S ribosome,0.7775136625215285
TGME49_262510,"GTP-binding protein engB, putative",apicoplast,0.7767997224868504
TGME49_258610,RNA recognition motif-containing protein,apicoplast,0.7767149147338941
TGME49_230535,hypothetical protein,PM - peripheral 2,0.7752817798171692
TGME49_266860,BTB/POZ domain-containing protein,PM - peripheral 2,0.7739959154110334
TGME49_270850,glycosyl hydrolases family 17 protein,ER,0.7730879720800177
TGME49_234990,hypothetical protein,nucleus - chromatin,0.7729076786299303
TGME49_243170,Toxoplasma gondii family A protein,PM - peripheral 1,0.7722626955072428
TGME49_291650,hypothetical protein,apical 1,0.7719262225406992
TGME49_500256,"hypothetical protein, conserved",apicoplast,0.771873456442032
TGME49_250100,hypothetical protein,rhoptries 2,0.7711817810731805
TGME49_272210,"RNA methyltransferase, putative",apicoplast,0.768794536998503
TGME49_300690,"RNA polymerase C2, putative",apicoplast,0.7677898677583188
TGME49_301140,SAG-related sequence SRS19A,PM - peripheral 1,0.7676736278976128
TGME49_241610,dense granule protein GRA21,dense granules,0.7668272885519968
TGME49_272570,dihydrouridine synthase (dus) protein,apicoplast,0.7666595132605639
TGME49_229280,hypothetical protein,apical 1,0.7666117717993675
TGME49_294020,"zinc finger, C3HC4 type (RING finger) domain-containing protein",Golgi,0.7665241788922819
TGME49_297870,inner membrane complex protein IMC36,apical 1,0.7652532611137884
TGME49_248380,hypothetical protein,Golgi,0.7639295056179471
TGME49_263785,phosphatidate cytidylyltransferase CDS2,apicoplast,0.7627002551767101
TGME49_268010,hypothetical protein,apicoplast,0.7609792896924303
TGME49_221818,hypothetical protein,mitochondrion - soluble,0.7609400416696884
TGME49_218550,PIK3R4 kinase-related protein,apical 1,0.760052952601818
TGME49_257595,SET domain-containing protein,mitochondrion - soluble,0.759877080729023
TGME49_267000,hypothetical protein,apicoplast,0.7595683973814618
TGME49_240270,hypothetical protein,mitochondrion - soluble,0.7591384987344393
TGME49_315120,hypothetical protein,mitochondrion - soluble,0.7590780209618072
TGME49_269582,14-3-3 protein,PM - peripheral 2,0.7589107198796653
TGME49_315370,SAG-related sequence SRS53A,PM - peripheral 1,0.7577819230643011
TGME49_231180,hypothetical protein,dense granules,0.7576890780854683
TGME49_273995,hypothetical protein,mitochondrion - soluble,0.7575216891569094
TGME49_257800,polynucleotide adenylyltransferase,apicoplast,0.7568865089473297
TGME49_295430,hypothetical protein,PM - peripheral 2,0.7539121378635919
TGME49_201390,hypothetical protein,dense granules,0.7530812141834976
TGME49_278350,Toxoplasma gondii family A protein,PM - peripheral 1,0.7525466542649663
TGME49_257460,hypothetical protein,Golgi,0.7516456958940079
TGME49_221600,"ribosomal silencing factor RsfS, putative",apicoplast,0.7515591982749898
TGME49_220470,hypothetical protein,nucleus - chromatin,0.7511846560182583
TGME49_247680,hypothetical protein,apicoplast,0.7504221288814354
TGME49_244190,hypothetical protein,apical 1,0.749238214507865
TGME49_218850,ribosomal protein RPS9,apicoplast,0.7487832322282181
TGME49_230650,DUF2362 domain-containing protein,nucleus - chromatin,0.7485306947065735
TGME49_224290,palmitoyltransferase DHHC5,micronemes,0.748197275914215
TGME49_216040,"30S ribosomal protein S15, putative",mitochondrion - soluble,0.7476180107696211
TGME49_226460,hypothetical protein,apicoplast,0.7467442587655826
TGME49_500298,"hypothetical protein, conserved",Golgi,0.7455980698325237
TGME49_232655,hypothetical protein,Golgi,0.7448983714296779
TGME49_222280,hypothetical protein,mitochondrion - soluble,0.7438892564939948
TGME49_323400,cytochrome c oxidase subunit iii subfamily protein,mitochondrion - membranes,0.7423218081116977
TGME49_283520,hypothetical protein,nucleus - chromatin,0.7420988192711382
TGME49_284040,hypothetical protein,apicoplast,0.7404789976475418
TGME49_288390,B3GNTL1 protein,mitochondrion - soluble,0.7403300749906238
TGME49_232010,"protein phosphatase PPM14, putative",PM - peripheral 2,0.7396024552543881
TGME49_240800,MORN repeat-containing protein,mitochondrion - soluble,0.7390685032489182
TGME49_204100,eIF2 kinase IF2K-C,nucleus - chromatin,0.7389637168097389
TGME49_220840,threonine synthase,PM - peripheral 2,0.7389003335168001
TGME49_205490,"integral membrane protein, putative",PM - integral,0.738294529836125
TGME49_218750,"nucleoside triphosphate hydrolase, putative",apicoplast,0.7366456438453542
TGME49_224950,calcium-dependent protein kinase CDPK5,micronemes,0.7365285996390931
TGME49_226985,hypothetical protein,Golgi,0.735752137553467
TGME49_202080,hypothetical protein,mitochondrion - soluble,0.7354915079557586
TGME49_210330,SAG-related sequence SRS37B,PM - peripheral 1,0.7350667649456295
TGME49_223725,hypothetical protein,PM - peripheral 2,0.7350615812809382
TGME49_295600,SAG-related sequence SRS10,PM - peripheral 1,0.7336371250191277
TGME49_238220,EGF family domain-containing protein,PM - peripheral 1,0.7334901502526844
TGME49_210450,hypothetical protein,nucleolus,0.7327104798267936
TGME49_222930,hypothetical protein,mitochondrion - soluble,0.7307360534416564
TGME49_210420,hypothetical protein,rhoptries 2,0.7290012065999274
TGME49_202500,glideosome-associated protein with multiple-membrane spans GAPM1A,IMC,0.7285672306052248
TGME49_254680,hypothetical protein,PM - peripheral 2,0.7256730372491134
TGME49_261990,"zinc finger, C3HC4 type (RING finger) domain-containing protein",Golgi,0.7250159192137745
TGME49_278965,hypothetical protein,Golgi,0.7244361507273477
TGME49_292375,KRUF family protein,apicoplast,0.7243257706075067
TGME49_270700,membrane protein MYR2,dense granules,0.7238688451768002
TGME49_202920,p-aminobenzoic acid synthase,apicoplast,0.72373327762822
TGME49_286410,hypothetical protein,mitochondrion - soluble,0.7214201696027188
TGME49_272510,aspartyl protease ASP6,PM - peripheral 2,0.7212946663351049
TGME49_313120,"DNA-directed RNA polymerase, alpha subunit",apicoplast,0.7209009002656819
TGME49_295770,hypothetical protein,nucleus - chromatin,0.7207833510939171
TGME49_278230,prenyltransferase GGT-1,apicoplast,0.7191437965872935
TGME49_267340,hypothetical protein,mitochondrion - membranes,0.71878994507302
TGME49_248620,hypothetical protein,apicoplast,0.7176816520339364
TGME49_286250,hypothetical protein,PM - peripheral 2,0.7168278779144244
TGME49_226330,hypothetical protein,apicoplast,0.7167703247271682
TGME49_288890,hypothetical protein,apicoplast,0.7145497813008435
TGME49_240680,MOLO1 domain-containing protein,Golgi,0.7144625690360837
TGME49_250680,TBC domain-containing protein TBC5,nucleus - chromatin,0.7144058858706993
TGME49_221250,hypothetical protein,apical 2,0.7142124202843796
TGME49_265160,hypothetical protein,apicoplast,0.713721391994459
TGME49_229020,CDK-related protein kinase CRK5,apicoplast,0.7135434074947508
TGME49_243150,Toxoplasma gondii family A protein,PM - peripheral 1,0.7129438134683492
TGME49_250685,hypothetical protein,PM - peripheral 2,0.7127525383972223
TGME49_211360,hypothetical protein,mitochondrion - membranes,0.7122200360164307
TGME49_257550,hypothetical protein,apical 1,0.711647768540048
TGME49_214430,hypothetical protein,dense granules,0.7096837785837898
TGME49_314515,hypothetical protein,apicoplast,0.7089620423401413
TGME49_309090,hypothetical protein,apical 1,0.7080901581308789
TGME49_232040,cell division control protein CDC50.2,PM - integral,0.7066049753023755
TGME49_263680,hypothetical protein,mitochondrion - membranes,0.7064468035965726
TGME49_259590,"membrane protein, putative",Golgi,0.7063510466289249
TGME49_284660,"mitochondrial ribosomal protein s6-2, putative",mitochondrion - soluble,0.704881336152664
TGME49_225510,RAP domain-containing protein,mitochondrion - soluble,0.704447511212101
TGME49_255450,inner membrane complex protein IMC31,IMC,0.7032739024470482
TGME49_295610,"histone lysine methyltransferase, SET, putative",nucleus - chromatin,0.70262183515928
TGME49_281500,"aminotransferase, putative",apicoplast,0.7019419742262762
TGME49_222700,hypothetical protein,mitochondrion - membranes,0.7014884211075968
TGME49_299270,hypothetical protein,apicoplast,0.7014300216826246
TGME49_500143,"hypothetical protein, conserved",apicoplast,0.7005855636599786
TGME49_212970,protein kinase (incomplete catalytic triad),mitochondrion - soluble,0.7005379996890179
TGME49_500316,"hypothetical protein, conserved",Golgi,0.7002213191940528
TGME49_309100,"peroxisomal biogenesis factor 3, putative",dense granules,0.6997156776494049
TGME49_277220,hypothetical protein,apicoplast,0.6976617424135737
TGME49_313360,hypothetical protein,nucleus - chromatin,0.6970412920274192
TGME49_252300,hypothetical protein,dense granules,0.6959129311273526
TGME49_273040,hypothetical protein,PM - peripheral 2,0.6957921701364743
TGME49_236960,transporter facilitator protein TFP2,rhoptries 2,0.6941681793806085
TGME49_253320,hypothetical protein,mitochondrion - soluble,0.6940387955029595
TGME49_244840,zinc knuckle domain-containing protein,nucleus - non-chromatin,0.693917650291291
TGME49_238170,IMC-associated protein IAP3,apical 1,0.6938988481154145
TGME49_236850,hypothetical protein,apical 1,0.6932605946909758
TGME49_269780,ADP-ribosylation factor-like protein ArlX1,rhoptries 2,0.6928010135455781
TGME49_205480,IMC subcompartment protein ISP4,micronemes,0.6922866185577354
TGME49_234400,hypothetical protein,PM - peripheral 1,0.6913493912635542
TGME49_231420,"folate/biopterin transporter, putative",Golgi,0.6913322352725529
TGME49_270790,hypothetical protein,nucleus - non-chromatin,0.6902618467619337
TGME49_246700,hypothetical protein,rhoptries 2,0.6899673651626997
TGME49_264472,hypothetical protein,mitochondrion - soluble,0.6888562355932444
TGME49_242640,hypothetical protein,nucleus - chromatin,0.6884207981906932
TGME49_236830,hypothetical protein,apicoplast,0.6881397426775885
TGME49_311780,Zn-containing alcohol dehydrogenase,endomembrane vesicles,0.686990436962077
TGME49_204520,hypothetical protein,rhoptries 1,0.6859591588976518
TGME49_500124,anaphase-promoting complex subunit 1,apicoplast,0.6832050009513551
TGME49_305020,CS domain-containing protein,apicoplast,0.6819799545742938
TGME49_242625,ATPase family associated with various cellular activities (AAA) subfamily protein,nucleolus,0.6819419511579977
TGME49_278300,Toxoplasma gondii family A protein,PM - peripheral 1,0.6819121730227846
TGME49_297925,HesB-like domain-containing protein,mitochondrion - soluble,0.681906259802051
TGME49_298060,Toxoplasma gondii family C protein,dense granules,0.6812639561520635
TGME49_286060,tricarboxylate carrier protein,mitochondrion - membranes,0.680824590009194
TGME49_247950,DNA-directed RNA polymerase II largest subunit,mitochondrion - membranes,0.6807968415461525
TGME49_307030,Purine nucleoside phosphorylase,mitochondrion - soluble,0.6807076707828795
TGME49_207610,rhoptry kinase family protein ROP36 (incomplete catalytic triad),PM - peripheral 1,0.6793291951541536
TGME49_216770,hypothetical protein,dense granules,0.6765660857532737
TGME49_269860,hypothetical protein,PM - peripheral 2,0.6764538265894473
TGME49_229370,AP2 domain transcription factor AP2VIII-1,nucleus - chromatin,0.6764361700899569
TGME49_295010,DEAD/DEAH box helicase domain-containing protein,nucleolus,0.6759045506077032
TGME49_271770,hypothetical protein,rhoptries 1,0.6756398506427932
TGME49_266290,hypothetical protein,apicoplast,0.6754299778237003
TGME49_310560,TRP cation channel TRPPL2,Golgi,0.6753969941246809
TGME49_223490,hypothetical protein,nucleolus,0.6752122200077856
TGME49_248673,hypothetical protein,Golgi,0.6749534856719083
TGME49_209583,hypothetical protein,Golgi,0.6746019006454141
TGME49_309352,SAG-related sequence SRS55N,PM - peripheral 1,0.6728467619470037
TGME49_316370,hypothetical protein,apicoplast,0.6712390998487525
TGME49_271840,RAP domain-containing protein,mitochondrion - soluble,0.6711637076257431
TGME49_237840,hypothetical protein,apicoplast,0.6705845765269688
TGME49_201160,hypothetical protein,dense granules,0.6697648963190849
TGME49_262410,"WD domain, G-beta repeat-containing protein",nucleus - chromatin,0.669046745281044
TGME49_216280,adenylate cyclase alpha 2,endomembrane vesicles,0.6688618097611387
TGME49_213810,iron-sulfur cluster protein ISCA,mitochondrion - soluble,0.6687902541117119
TGME49_272560,SAG-related sequence SRS31B,PM - peripheral 2,0.668329332922299
TGME49_288820,"magnesium transporter, putative",Golgi,0.6674205931884051
TGME49_249440,apical cap protein AC12,apical 1,0.667364878237337
TGME49_322210,"apocytochrome b, putative",Golgi,0.6671053252507182
TGME49_296121,hypothetical protein,apicoplast,0.6670869026385426
TGME49_235860,subtilisin SUB11,endomembrane vesicles,0.667061150177182
TGME49_288440,NEK kinase,PM - peripheral 2,0.6669656346727242
TGME49_311830,hypothetical protein,nucleolus,0.6666706683306962
TGME49_209590,hypothetical protein,Golgi,0.6662985791105664
TGME49_285670,hypothetical protein,PM - integral,0.6662641732231609
TGME49_217810,hypothetical protein,apicoplast,0.6660886864431624
TGME49_269417,hypothetical protein,rhoptries 2,0.665226996962097
TGME49_266870,"transporter, major facilitator family protein",Golgi,0.6651823305455975
TGME49_311490,hypothetical protein,mitochondrion - membranes,0.6646567776837344
TGME49_225290,GDA1/CD39 (nucleoside phosphatase) family protein,endomembrane vesicles,0.6646158415406962
TGME49_265542,protein phosphatase 2C domain-containing protein,mitochondrion - soluble,0.6639193445267392
TGME49_220280,mucin family glycoprotein,PM - peripheral 1,0.6635174341300544
TGME49_225170,hypothetical protein,Golgi,0.6630276851257055
TGME49_298070,hypothetical protein,PM - peripheral 2,0.662898231900573
TGME49_268178,hypothetical protein,rhoptries 2,0.6614182106725778
TGME49_221455,hypothetical protein,apicoplast,0.6612970912177609
TGME49_217360,hypothetical protein,apical 2,0.6609581361081923
TGME49_210412,hypothetical protein,PM - integral,0.6609370970795978
TGME49_297770,hypothetical protein,PM - peripheral 2,0.6608722200276818
TGME49_285530,ribosomal protein RPL35,mitochondrion - soluble,0.6605971991201754
TGME49_284310,hypothetical protein,dense granules,0.6604613957101383
TGME49_301370,palmitoyltransferase DHHC10,Golgi,0.6602131196372206
TGME49_286610,"ribosomal protein RPS14, putative",mitochondrion - soluble,0.6598294374842596
TGME49_233170,hypothetical protein,mitochondrion - membranes,0.6588052831231503
TGME49_258420,hypothetical protein,nucleus - chromatin,0.6582505957555306
TGME49_296640,SAG-related sequence SRS48E,PM - peripheral 1,0.6576776405125525
TGME49_250360,alpha/beta hydrolase fold domain-containing protein,endomembrane vesicles,0.6572188254119082
TGME49_215600,hypothetical protein,mitochondrion - soluble,0.6570804358695588
TGME49_239560,myosin E,rhoptries 2,0.6568103334362173
TGME49_313780,hypothetical protein,apical 1,0.6567261244446078
TGME49_289745,hypothetical protein,PM - peripheral 2,0.656311062866847
TGME49_235710,hypothetical protein,mitochondrion - soluble,0.6556366782440695
TGME49_265430,hypothetical protein,mitochondrion - membranes,0.6556325496236373
TGME49_258085,hypothetical protein,apicoplast,0.6555928375921677
TGME49_264110,hypothetical protein,mitochondrion - soluble,0.6555255131064949
TGME49_267350,LSM domain-containing protein,nucleus - non-chromatin,0.650956524045161
TGME49_202800,"cytochrome c oxidase assembly protein COX11 protein, putative",mitochondrion - membranes,0.6506019881447496
TGME49_235720,hypothetical protein,mitochondrion - soluble,0.650501405943132
TGME49_233470,hypothetical protein,apicoplast,0.6503362960564013
TGME49_286180,tRNA ligases class I (M) protein,apicoplast,0.6502439879155172
TGME49_224560,hypothetical protein,rhoptries 2,0.650111918546259
TGME49_500384,F-box domain-containing protein,apicoplast,0.6498768953610828
TGME49_265100,hypothetical protein,apicoplast,0.6491994133829568
TGME49_213920,hypothetical protein,apical 1,0.6485204943581832
TGME49_275590,mono- or diacylglycerol acyltransferase,Golgi,0.64848511475144
TGME49_265080,Tubulin-tyrosine ligase family protein,apical 2,0.6484557876479436
TGME49_239270,hypothetical protein,apicoplast,0.6482341782538384
TGME49_318675,3'5'-cyclic nucleotide phosphodiesterase PDE8,PM - integral,0.6479091089160895
TGME49_221840,hypothetical protein,apicoplast,0.6478718633758893
TGME49_275850,dense granule protein GRA12C,PM - peripheral 1,0.647849803847164
TGME49_258370,rhoptry kinase family protein ROP28,micronemes,0.6474647817406349
TGME49_256900,DEAD/DEAH box helicase domain-containing protein,nucleus - chromatin,0.6473233010664176
TGME49_259270,SAG-related sequence SRS26E,PM - peripheral 1,0.6470340478650705
TGME49_247850,"28 kDa A-kinase anchor, putative",mitochondrion - soluble,0.6468713193285484
TGME49_240780,hypothetical protein,mitochondrion - membranes,0.6468115054089911
TGME49_260210,DnaJ domain-containing protein,mitochondrion - soluble,0.6460267359827043
TGME49_271190,bicoid-interacting protein BIN3,mitochondrion - soluble,0.6460001046382902
TGME49_202290,"membrane protein, putative",PM - integral,0.645891463475758
TGME49_305750,"nucleolar gtp-binding protein 2, putative",nucleolus,0.64570481659962
TGME49_247015,hypothetical protein,apicoplast,0.6447992794453214
TGME49_251962,SAG-related sequence SRS59K,PM - peripheral 1,0.6442245642852977
TGME49_240255,hypothetical protein,mitochondrion - membranes,0.6439754705619394
TGME49_232290,hypothetical protein,apicoplast,0.643533912896016
TGME49_213746,hypothetical protein,mitochondrion - membranes,0.6426609596878367
TGME49_286170,hypothetical protein,apicoplast,0.6424388899110585
TGME49_268680,hypothetical protein,apical 1,0.6419245237364196
TGME49_500287,"phosphatidylinositol 4-kinase, putative",apicoplast,0.6418296616018613
TGME49_285930,hypothetical protein,micronemes,0.6415283586933453
TGME49_246160,hypothetical protein,Golgi,0.6410560382829611
TGME49_214330,DnaJ domain-containing protein,Golgi,0.640067755211368
TGME49_209120,"PAT complex subunit Asterix, putative",ER,0.6400200265885514
TGME49_270610,hypothetical protein,mitochondrion - soluble,0.6396822932512675
TGME49_206360,peptidyl-tRNA hydrolase domain-containing protein,apicoplast,0.6394427702263774
TGME49_254290,hypothetical protein,apical 1,0.6392915607910374
TGME49_308030,hypothetical protein,apicoplast,0.6392307881633302
TGME49_260790,RAP domain-containing protein,mitochondrion - soluble,0.6390996779867508
TGME49_500047,Dpy-30 motif protein,apicoplast,0.6386924456521558
TGME49_329800,hypothetical protein,apicoplast,0.6385918570826129
TGME49_313277,hypothetical protein,apicoplast,0.6382066713276413
TGME49_202170,hypothetical protein,mitochondrion - soluble,0.6375294452334123
TGME49_249215,hypothetical protein,mitochondrion - soluble,0.637398738378516
TGME49_307980,"GTP-binding protein lepA, putative",mitochondrion - soluble,0.6373214641296063
TGME49_300650,iron-sulfur cluster assembly protein SufB,PM - peripheral 2,0.6354581815119212
TGME49_288010,hypothetical protein,Golgi,0.6352399358105973
TGME49_295935,KRUF family protein,dense granules,0.6341911103685616
TGME49_220110,hypothetical protein,nucleus - chromatin,0.6339388094797204
TGME49_216700,"peptide deformylase, putative",apicoplast,0.6334055237527605
TGME49_257970,hypothetical protein,micronemes,0.6334030672833924
TGME49_296015,rhoptry kinase family protein,rhoptries 2,0.6329626374396309
TGME49_319370,hypothetical protein,nucleus - chromatin,0.6328875300558452
TGME49_292250,SAG-related sequence SRS36A,PM - peripheral 1,0.632843530605424
TGME49_260230,hypothetical protein,mitochondrion - soluble,0.6325450401524593
TGME49_207940,"ribosomal protein S9, putative",mitochondrion - soluble,0.6324399100275501
TGME49_285470,patched family protein,ER,0.6320825100795311
TGME49_315970,lipoxygenase-like enzyme LOXL1,apicoplast,0.6317837688951893
TGME49_312940,hypothetical protein,mitochondrion - membranes,0.6314599918329437
TGME49_213325,TBC domain-containing protein TBC18,nucleus - chromatin,0.6306646927005692
TGME49_318120,hypothetical protein,apicoplast,0.6299591576883602
TGME49_248660,"cytochrome c oxidase assembly protein COX14, putative",mitochondrion - membranes,0.6299407859088101
TGME49_311790,hypothetical protein,mitochondrion - soluble,0.6293115457861401
TGME49_259920,"GTP-binding protein, putative",apicoplast,0.6287642722042969
TGME49_263020,"50S ribosomal protein L33, putative",mitochondrion - soluble,0.6282386854380754
TGME49_285800,"transporter, putative",PM - integral,0.6280669729790448
TGME49_200385,bradyzoite-formation deficient protein BFD1,PM - peripheral 2,0.6278841826577156
TGME49_277540,hypothetical protein,apicoplast,0.6273472237846792
TGME49_288245,hypothetical protein,ER,0.6268567444872797
TGME49_212735,"transporter, major facilitator family protein",apicoplast,0.6267866450788137
TGME49_212830,expressed protein JLP1,apicoplast,0.6260379613659832
TGME49_220070,hypothetical protein,apicoplast,0.6258964116535638
TGME49_237070,hypothetical protein,mitochondrion - soluble,0.6258054454193457
TGME49_218740,"membrane protein, putative",rhoptries 2,0.6255052720522954
TGME49_500296,KRUF family protein,apicoplast,0.6254736554999484
TGME49_203840,DEAD/DEAH box helicase domain-containing protein,mitochondrion - soluble,0.6248564409964522
TGME49_271000,hypothetical protein,apical 2,0.6245329131715781
TGME49_220460,SNF7 family protein,PM - peripheral 2,0.6245197903376767
TGME49_200700,Toxoplasma gondii family C protein,rhoptries 1,0.6242795338032465
TGME49_215270,hypothetical protein,apicoplast,0.624214731548139
TGME49_239690,"ER membrane protein complex subunit 6, putative",mitochondrion - membranes,0.623560148577956
TGME49_282160,hypothetical protein,apicoplast,0.6234488379999615
TGME49_305310,ERCC4 domain-containing protein,apicoplast,0.623363872486332
TGME49_305060,CAP-Gly domain-containing protein,mitochondrion - soluble,0.6233627431806619
TGME49_306470,isoprenylcysteine carboxyl methyltransferase (icmt) family protein,ER,0.6232316287173199
TGME49_255940,hypothetical protein,mitochondrion - soluble,0.6231973204360401
TGME49_257000,"solute carrier family 13, putative",ER,0.6229470709013551
TGME49_277020,hypothetical protein,apicoplast,0.622680627781748
TGME49_218880,striated fiber assemblin SFA3,apical 2,0.6225488938258449
TGME49_263510,Spc97 / Spc98 family protein,nucleus - chromatin,0.6222368812162621
TGME49_295300,Toxoplasma gondii family B protein,Golgi,0.6222277241690746
TGME49_204540,DUF367 domain-containing protein,nucleus - non-chromatin,0.6218464834270938
TGME49_277055,hypothetical protein,apicoplast,0.621824459769552
TGME49_224020,hypothetical protein,mitochondrion - membranes,0.6217918163916545
TGME49_244490,"insulysin, putative",PM - peripheral 2,0.6217768391794231
TGME49_213850,MORN repeat-containing protein,PM - peripheral 2,0.6205372822626644
TGME49_255680,YbaK/proline-tRNA ligase associated domain-containing protein,cytosol,0.6204251367454139
TGME49_233090,XPG N-terminal domain-containing protein,apicoplast,0.6199197800783361
TGME49_310110,hypothetical protein,apicoplast,0.6199123886741369
TGME49_237830,DNA polymerase I domain-containing protein,mitochondrion - soluble,0.6196719388613897
TGME49_243530,pentatricopeptide repeat domain-containing protein,mitochondrion - soluble,0.6195322104207704
TGME49_297090,hypothetical protein,mitochondrion - membranes,0.6192792112583921
TGME49_212140,hypothetical protein,nucleus - chromatin,0.6190857935241331
TGME49_231125,hypothetical protein,Golgi,0.6190381293427999
TGME49_247740,"methyltransferase, putative",mitochondrion - soluble,0.6186118879136792
TGME49_270280,hypothetical protein,endomembrane vesicles,0.6183135317019262
TGME49_251860,hypothetical protein,apicoplast,0.6178612407553803
TGME49_224750,SAG-related sequence SRS40F,PM - peripheral 1,0.6178461927210227
TGME49_229220,hypothetical protein,dense granules,0.6177770440344792
TGME49_235478,pantothenate kinase 2,nucleus - chromatin,0.6176913423722884
TGME49_205658,F5/8 type C domain-containing protein,endomembrane vesicles,0.6172407687686939
TGME49_209200,hypothetical protein,apical 1,0.6161588916040573
TGME49_310970,hypothetical protein,apical 1,0.6158143066870895
TGME49_209860,"SRP40, C-terminal domain-containing protein",nucleolus,0.6156667085929828
TGME49_214115,hypothetical protein,Golgi,0.615645144771252
TGME49_270890,hypothetical protein,apical 2,0.6147750100521465
TGME49_233360,hypothetical protein,PM - peripheral 2,0.6143759603442523
TGME49_278580,hypothetical protein,Golgi,0.6135199005580532
TGME49_264990,inner membrane complex protein IMC16,IMC,0.6134059922365865
TGME49_306590,MIP18 domain-containing protein,nucleus - non-chromatin,0.6131585912529538
TGME49_306490,rhoptry apical surface protein RASP3,PM - peripheral 2,0.6115954388347999
TGME49_298830,hypothetical protein,mitochondrion - membranes,0.6115221793944442
TGME49_300130,apical membrane antigen AMA2,micronemes,0.6113717596677077
TGME49_232980,hypothetical protein,mitochondrion - soluble,0.6111133932771559
TGME49_305620,RFT1 domain-containing protein,ER,0.6110003451138322
TGME49_244090,hypothetical protein,mitochondrion - soluble,0.6109973691925902
TGME49_228670,"zinc finger, C2H2 type domain-containing protein",nucleus - chromatin,0.6109411318980502
TGME49_500179,FYVE zinc finger domain-containing protein,apicoplast,0.6107413881580183
TGME49_320500,patched family protein,ER,0.610284750960654
TGME49_244580,L1P family of ribosomal protein,mitochondrion - soluble,0.6102398600184187
TGME49_240410,protein kinase (incomplete catalytic triad),apicoplast,0.610227646706966
TGME49_278882,GDA1/CD39 (nucleoside phosphatase) family protein,micronemes,0.6101100639470989
TGME49_272450,hypothetical protein,PM - peripheral 2,0.6095707936177344
TGME49_243140,Toxoplasma gondii family A protein,PM - peripheral 1,0.6091744271845697
TGME49_259620,hypothetical protein,PM - peripheral 2,0.6084560421452113
TGME49_272190,hypothetical protein,mitochondrion - soluble,0.6083278981116103
TGME49_249490,hypothetical protein,mitochondrion - soluble,0.6075532117674223
TGME49_269210,hypothetical protein,nucleus - chromatin,0.60735079652043
TGME49_244515,hypothetical protein,PM - peripheral 2,0.6070806788232627
TGME49_324800,tryptophanyl-tRNA synthetase,mitochondrion - membranes,0.6065542866328
TGME49_225360,hypothetical protein,mitochondrion - soluble,0.606006422512151
TGME49_220940,ribosomal RNA methyltransferase (FtsJ) family protein,mitochondrion - soluble,0.6054292438673877
TGME49_250220,hypothetical protein,rhoptries 2,0.6052889477971147
TGME49_267020,tetratricopeptide repeat-containing protein,apicoplast,0.6052384549735004
TGME49_278110,"1,3-beta-glucan synthase component protein",ER,0.6051376176443718
TGME49_204010,hypothetical protein,mitochondrion - membranes,0.6045796542332792
TGME49_264630,hypothetical protein,endomembrane vesicles,0.6044650089330634
TGME49_219100,cyclin-dependent kinase regulatory subunit protein,apicoplast,0.6043342003718001
TGME49_246050,hypothetical protein,mitochondrion - soluble,0.6039473861357456
TGME49_309410,AP2 domain transcription factor AP2XI-1,apical 1,0.603687800188876
TGME49_204360,subtilisin SUB4,dense granules,0.6034593587421244
TGME49_315345,SAG-related sequence SRS52F,PM - peripheral 1,0.6027862175249765
TGME49_314955,"DNA ligase (NAD+), putative",apicoplast,0.6027592597475995
TGME49_259140,hypothetical protein,mitochondrion - soluble,0.6023626489540752
TGME49_219840,hypothetical protein,apicoplast,0.6021160231783832
TGME49_272475,protein kinase domain-containing protein,nucleus - chromatin,0.6019290818710483
TGME49_244400,hypothetical protein,mitochondrion - soluble,0.6018021114950137
TGME49_261240,histone H3,nucleus - chromatin,0.6011585069954422
TGME49_262715,hypothetical protein,mitochondrion - membranes,0.601006632270832
TGME49_202100,hypothetical protein,ER 2,0.6007957845392314
TGME49_241180,hypothetical protein,PM - integral,0.6006474337671667
TGME49_311080,two pore calcium channel protein TPC,apicoplast,0.6004039444181117
TGME49_500005,apicoplast DER1,mitochondrion - membranes,0.600350661758171
TGME49_307270,hypothetical protein,PM - peripheral 2,0.6001426137464418
TGME49_267570,hypothetical protein,mitochondrion - soluble,0.6000041052313676
TGME49_206570,"kinesin, putative",mitochondrion - soluble,0.5999061939801756
TGME49_201870,tetratricopeptide repeat-containing protein,apicoplast,0.5994917648938772
TGME49_221830,subtilisin SUB12,endomembrane vesicles,0.5991718793807884
TGME49_276880,LEA domain-containing protein LEA880,PM - peripheral 2,0.5990973569517497
TGME49_316260,hypothetical protein,rhoptries 2,0.5990534387389553
TGME49_229160,palmitoyltransferase DHHC12,Golgi,0.5989599198906762
TGME49_213700,coiled-coil domain-containing protein,mitochondrion - soluble,0.5989492294851033
TGME49_203020,ribosome biogenesis GTPase Der protein,apicoplast,0.5988438997665815
TGME49_237800,dense granule protein GRA11B,dense granules,0.5987892907264472
TGME49_262933,hypothetical protein,apical 1,0.598692132086398
TGME49_500053,"hypothetical protein, conserved",mitochondrion - soluble,0.5986506517121734
TGME49_276980,hypothetical protein,dense granules,0.5979297583814721
TGME49_207150,SAG-related sequence SRS49C,PM - peripheral 1,0.5979075959442466
TGME49_235920,"dynein, axonemal, heavy chain 2 family protein",endomembrane vesicles,0.5976577757340024
TGME49_258810,SAG-related sequence SRS27B,PM - peripheral 1,0.5974898825911744
TGME49_228320,"ribosome-binding factor A, putative",mitochondrion - soluble,0.5968596330356933
TGME49_244080,hypothetical protein,rhoptries 1,0.5966873981290044
TGME49_241140,DEAD/DEAH box helicase domain-containing protein,apicoplast,0.5965355880686906
TGME49_262825,peptidase family c50 protein,apicoplast,0.5963339693553704
TGME49_260360,GTP-binding protein,mitochondrion - soluble,0.5960540522601717
TGME49_269425,hypothetical protein,Golgi,0.5958903236038855
TGME49_294902,"lipoate-protein ligase 2, putative",mitochondrion - soluble,0.5958260480022731
TGME49_285690,notch (dsl) domain-containing protein,endomembrane vesicles,0.5955282465397549
TGME49_281370,polynucleotide adenylyltransferase,mitochondrion - soluble,0.5954133565607057
TGME49_247780,hypothetical protein,PM - integral,0.5952562389009586
TGME49_225980,hypothetical protein,mitochondrion - soluble,0.594937024609084
TGME49_500411,"hypothetical protein, conserved",Golgi,0.5949338232009922
TGME49_310840,hypothetical protein,mitochondrion - membranes,0.5948977810535784
TGME49_264960,spindle and kinetochore-associated protein SKA1,mitochondrion - soluble,0.5945320037200782
TGME49_216720,hypothetical protein,dense granules,0.5941452461315567
TGME49_311450,"zinc finger, c2h2 type domain-containing protein",mitochondrion - soluble,0.5938722788400429
TGME49_227430,amino acid transporter AAT2,Golgi,0.5936806849243119
TGME49_268210,store potentiating/activating regulatory kinase SPARK,mitochondrion - soluble,0.5932495524383891
TGME49_201170,hypothetical protein,IMC,0.5929099312848121
TGME49_282070,inner membrane complex protein IMC33,IMC,0.592806763350215
TGME49_272730,hypothetical protein,mitochondrion - soluble,0.5926880649940258
TGME49_295400,"MINDY deubiquitinase, putative",nucleus - chromatin,0.5925296557449016
TGME49_311700,hypothetical protein,endomembrane vesicles,0.5916586693302487
TGME49_268270,hypothetical protein,PM - peripheral 1,0.5915791794961469
TGME49_226010,pterin-4-alpha-carbinolamine dehydratase,mitochondrion - soluble,0.5914695356162379
TGME49_264230,hypothetical protein,PM - peripheral 2,0.5914266645830902
TGME49_235650,carrier superfamily protein,ER,0.5912361327221255
TGME49_213020,RING zinc finger protein,nucleus - chromatin,0.5910735977418525
TGME49_207950,hypothetical protein,Golgi,0.5910654730476852
TGME49_281960,hypothetical protein,apical 1,0.5906595646900816
TGME49_260340,DNL zinc finger protein,mitochondrion - soluble,0.5904981955933994
TGME49_236280,hypothetical protein,mitochondrion - soluble,0.590493705134966
TGME49_287240,hypothetical protein,apicoplast,0.5902587315669723
TGME49_260850,"mitochondrial import inner membrane translocase subunit TIM10, putative",mitochondrion - soluble,0.5901751216225081
TGME49_248310,"vacuolar protein sorting-associated protein 32, putative",endomembrane vesicles,0.5898313746249346
TGME49_217720,hypothetical protein,PM - integral,0.5894074095045913
TGME49_213560,hypothetical protein,apicoplast,0.5893951190101668
TGME49_297850,Branched-chain-amino-acid aminotransferase,mitochondrion - soluble,0.5893854030604371
TGME49_249370,"translation initiation factor SUI1, putative",IMC,0.5893135250064605
TGME49_226090,DEAD/DEAH box helicase domain-containing protein,apicoplast,0.5892347678994745
TGME49_253710,hypothetical protein,PM - peripheral 2,0.5890425579871745
TGME49_213590,hypothetical protein,Golgi,0.588886741665687
TGME49_239510,START domain-containing protein,mitochondrion - soluble,0.5886513971996974
TGME49_244450,"protein phosphatase PPM3E, putative",endomembrane vesicles,0.5886067344898394
TGME49_246660,AP2 domain transcription factor AP2XII-3,mitochondrion - membranes,0.5884355077325578
TGME49_205520,apicomplexan amino acid transporter ApiAT5-2,ER,0.5882594700851073
TGME49_249720,"ATP synthase F0 subunit 9, putative",mitochondrion - membranes,0.5880288885118005
TGME49_227940,hypothetical protein,Golgi,0.5876903324190543
TGME49_234310,hypothetical protein,cytosol,0.5875674287510363
TGME49_249698,hypothetical protein,mitochondrion - soluble,0.5872568596928217
TGME49_201240,hypothetical protein,IMC,0.5872363138932974
TGME49_255470,"GTP-binding protein, putative",mitochondrion - soluble,0.5869336950206159
TGME49_261200,TBC domain-containing protein TBC8,PM - peripheral 2,0.5862770406389414
TGME49_242415,histone lysine-specific demethylase,nucleus - chromatin,0.5861889997168481
TGME49_244430,"pseudouridylate synthase, putative",mitochondrion - soluble,0.5861681331649221
TGME49_500230,"hypothetical protein, conserved",apicoplast,0.5861223928350825
TGME49_500142,"serine-protein kinase ATM, putative",apicoplast,0.5855044401982027
TGME49_276840,hypothetical protein,PM - peripheral 2,0.5848547542115942
TGME49_260580,hypothetical protein,apical 2,0.5846991941010228
TGME49_308980,hypothetical protein,apicoplast,0.584410038571966
TGME49_244630,"tRNA pseudouridine synthase D, putative",mitochondrion - soluble,0.5843682930019063
TGME49_249200,Ctr copper transporter family protein,PM - integral,0.5841808996017782
TGME49_251710,"protein transport protein GOS1, putative",Golgi,0.5839159860397589
TGME49_320610,SAC3 domain-containing protein,dense granules,0.583829452240133
TGME49_240370,Toxoplasma gondii family E protein,dense granules,0.5830614574071009
TGME49_223520,EF hand domain-containing protein,Golgi,0.5828270044333265
TGME49_500169,CFAP99 domain-containing protein,apicoplast,0.5826530817291278
TGME49_304755,hypothetical protein,Golgi,0.5822247833630079
TGME49_209070,hypothetical protein,apicoplast,0.5821105693649302
TGME49_255715,hypothetical protein,mitochondrion - soluble,0.5819714815085899
TGME49_294180,tRNA -methyltransferase family protein,cytosol,0.5818396057083192
TGME49_220212,pseudouridine synthase,PM - peripheral 2,0.5817904445154005
TGME49_500423,"MYCBP-associated protein, putative",apicoplast,0.5813807842151388
TGME49_280690,DNA polymerase epsilon subunit B protein,apicoplast,0.5813693724201566
TGME49_219510,"GTP binding protein 7 isoform 2 family protein, putative",mitochondrion - soluble,0.5808046157102167
TGME49_256220,hypothetical protein,apicoplast,0.5793242291194339
TGME49_249540,hypothetical protein,nucleus - chromatin,0.5792501210789671
TGME49_292390,KRUF family protein,apicoplast,0.5791381022090483
TGME49_268920,inositol polyphosphate kinase,apicoplast,0.5790920942513618
TGME49_320130,hypothetical protein,mitochondrion - soluble,0.5789129984671989
TGME49_314415,hypothetical protein,ER,0.5783755170025255
TGME49_288045,hypothetical protein,Golgi,0.5779627365963758
TGME49_228110,transmembrane protein TMEM14C,mitochondrion - membranes,0.5779610659212572
TGME49_288060,hypothetical protein,apicoplast,0.5779497011879176
TGME49_500026,Toxoplasma gondii family B protein,Golgi,0.5779328779585167
TGME49_287970,hypothetical protein,apical 1,0.577892486076913
TGME49_292275,SAG-related sequence SRS36E,PM - peripheral 1,0.577725053752078
TGME49_500082,armadillo repeat-containing protein,mitochondrion - soluble,0.5776318106108347
TGME49_211330,methionine aminopeptidase 1c,apicoplast,0.5776291689470786
TGME49_291690,hypothetical protein,apicoplast,0.5759918884257924
TGME49_239430,EF hand domain-containing protein,Golgi,0.5757676774175112
TGME49_240350,Toxoplasma gondii family E protein,mitochondrion - membranes,0.5754641205624873
TGME49_256965,hypothetical protein,mitochondrion - membranes,0.5753862107810052
TGME49_284170,palmitoyltransferase DHHC11,Golgi,0.5752792217227617
TGME49_321685,hypothetical protein,apicoplast,0.5752334761295864
TGME49_288450,aldehyde dehydrogenase (NAD) family protein,endomembrane vesicles,0.5750904137884018
TGME49_309420,ferlin 1,PM - integral,0.574699661385017
TGME49_203470,hypothetical protein,apicoplast,0.5745721754914657
TGME49_300608,"ribosomal protein L6, putative",apicoplast,0.574249652791718
TGME49_284550,EF hand domain-containing protein,PM - peripheral 1,0.5741012809184135
TGME49_271400,hypothetical protein,apicoplast,0.5740681192514933
TGME49_264010,"U4/U6.U5 small nuclear ribonucleoprotein, putative",nucleus - non-chromatin,0.5734879288961121
TGME49_275640,hypothetical protein,micronemes,0.5734288582491556
TGME49_300980,hypothetical protein,apicoplast,0.5729052265582945
TGME49_263030,dynein light chain 8 family E protein,cytosol,0.5724065091319381
TGME49_271260,hypothetical protein,rhoptries 2,0.5721878657942815
TGME49_300055,hypothetical protein,PM - peripheral 2,0.5721726222216407
TGME49_225110,AP2 domain transcription factor AP2X-2,dense granules,0.572069515573859
TGME49_252890,hypothetical protein,mitochondrion - soluble,0.5718979303414327
TGME49_310090,hypothetical protein,apicoplast,0.5717432685611289
TGME49_283500,tetratricopeptide repeat-containing protein,PM - peripheral 2,0.5715438297442145
TGME49_266340,Toxoplasma gondii family A protein,PM - peripheral 1,0.5710296617907755
TGME49_286420,"elongation factor 1-alpha (EF-1-ALPHA), putative",40S ribosome,0.570813997526447
TGME49_278910,"O-acetylserine (thiol) lyase 2, putative",mitochondrion - soluble,0.5705099087734666
TGME49_310360,ATP synthase-associated protein,mitochondrion - membranes,0.5697892625311839
TGME49_297465,hypothetical protein,mitochondrion - soluble,0.5696006940022807
TGME49_203665,hypothetical protein,apicoplast,0.5695077337978829
TGME49_211280,hypothetical protein,PM - peripheral 2,0.5694031724827806
TGME49_278170,hypothetical protein,apicoplast,0.5688798080432295
TGME49_239830,TBC domain-containing protein TBC11,apical 1,0.5684599331649557
TGME49_233550,polyketide cyclase/dehydrase,mitochondrion - soluble,0.5683395809619707
TGME49_271080,hypothetical protein,apicoplast,0.5682591533804021
TGME49_277740,"zinc finger, C3HC4 type (RING finger) domain-containing protein",nucleus - chromatin,0.5680177520493159
TGME49_253410,hypothetical protein,PM - peripheral 2,0.5677742004582069
TGME49_252190,KRUF family protein,dense granules,0.5671594515268779
TGME49_255170,hypothetical protein,mitochondrion - soluble,0.5669965183128957
TGME49_213115,hypothetical protein,apicoplast,0.566710676361131
TGME49_305280,hypothetical protein,Golgi,0.5666837729691987
TGME49_253510,transporter/permease protein,PM - integral,0.5657809269133812
TGME49_223668,LYAR-type C2HC zinc finger protein,cytosol,0.5656973712043406
TGME49_242310,hypothetical protein,apicoplast,0.5647232713208585
TGME49_500439,"hypothetical protein, conserved",mitochondrion - membranes,0.564523768179696
TGME49_233530,hypothetical protein,Golgi,0.5640409335478925
TGME49_321550,hypothetical protein,nucleus - non-chromatin,0.5638241727426883
TGME49_201730,hypothetical protein,PM - peripheral 2,0.5633998153193268
TGME49_210440,polynucleotide adenylyltransferase,PM - peripheral 2,0.56298266046858
TGME49_293420,apicomplexan amino acid transporter ApiAT5-5,endomembrane vesicles,0.5626210278362669
TGME49_500111,Toxoplasma gondii family B protein,Golgi,0.5625190968049067
TGME49_320680,AP2 domain transcription factor AP2IV-2,nucleus - chromatin,0.5624047768333386
TGME49_223690,hypothetical protein,mitochondrion - soluble,0.5622198313193933
TGME49_283882,hypothetical protein,endomembrane vesicles,0.5621615334268734
TGME49_283450,Toxoplasma gondii family B protein,PM - peripheral 1,0.5611749446028985
TGME49_247370,polycystin cation channel protein,Golgi,0.5605355015529335
TGME49_313530,"transmembrane protein 167, putative",ER,0.560501893862272
TGME49_500092,"hypothetical protein, conserved",Golgi,0.5604431841938453
TGME49_238270,hypothetical protein,apicoplast,0.5603029522660984
TGME49_241870,"tRNA ligase class I (E and Q), catalytic domain-containing protein",apicoplast,0.5597464065996104
TGME49_294030,hypothetical protein,Golgi,0.5588458273369509
TGME49_252250,"ATPase, AAA family protein",nucleus - chromatin,0.5588250149618434
TGME49_268380,RNA recognition motif-containing protein,PM - peripheral 2,0.5587696991210233
TGME49_314730,"ALG6, ALG8 glycosyltransferase family protein",ER,0.558522119247799
TGME49_309170,TAF7-like RNA polymerase II TAF7L,nucleus - chromatin,0.5584128984870608
TGME49_244480,peptidase M16 inactive domain-containing protein,PM - peripheral 2,0.5584094439876044
TGME49_226050,hypothetical protein,nucleus - chromatin,0.5581814787480508
TGME49_293780,hypothetical protein,rhoptries 1,0.5580853732808709
TGME49_255245,mitochondrial import receptor subunit TOM22,mitochondrion - membranes,0.5580624144880576
TGME49_308965,hypothetical protein,Golgi,0.5573894067325654
TGME49_233770,"calcium-translocating P-type ATPase, PMCA-type protein",endomembrane vesicles,0.5567463651075909
TGME49_216390,"RNA methyltransferase, TrmH family protein",apicoplast,0.5567363757032023
TGME49_260150,tetratricopeptide repeat-containing protein,nucleus - chromatin,0.5562302869906987
TGME49_315540,calcium binding egf domain-containing protein,Golgi,0.5562005403346993
TGME49_500237,WD repeat-containing protein,mitochondrion - soluble,0.5555863739276865
TGME49_296231,hypothetical protein,apicoplast,0.5554893016422309
TGME49_263570,hypothetical protein,cytosol,0.5554210300216151
TGME49_287260,hypothetical protein,nucleus - chromatin,0.555358282278074
TGME49_293840,EF hand domain-containing protein,apicoplast,0.5552532380974556
TGME49_286140,"DNA replication complex GINS protein Psf2, putative",apicoplast,0.5551537503279512
TGME49_244950,hypothetical protein,apicoplast,0.5548194752325143
TGME49_216285,"zinc finger, c2h2 type domain-containing protein",mitochondrion - soluble,0.5548070127888034
TGME49_286270,hypothetical protein,nucleus - chromatin,0.5544225526181241
TGME49_265070,hypothetical protein,PM - integral,0.5543041145139994
TGME49_291040,lactate dehydrogenase LDH2,apicoplast,0.5539884591180091
TGME49_237700,"ADP/ATP carrier protein, putative",apicoplast,0.5536825985356808
TGME49_232085,hypothetical protein,apicoplast,0.5535517079905824
TGME49_223130,"tRNA:m(4)X modification enzyme TRM13, putative",nucleolus,0.5534085350569486
TGME49_254750,c3orf15 protein,apicoplast,0.5533511574775645
TGME49_236790,hypothetical protein,mitochondrion - soluble,0.5513678641204256
TGME49_305330,"cyclin, N-terminal domain-containing protein",nucleus - chromatin,0.5511407162312534
TGME49_218260,histone H3.3,IMC,0.5507699363305338
TGME49_237190,hypothetical protein,rhoptries 1,0.550729773063309
TGME49_268765,hypothetical protein,rhoptries 2,0.5506530298216737
TGME49_288240,GRIP domain-containing protein,nucleus - chromatin,0.5504326509590743
TGME49_232970,"origin recognition complex subunit 5, putative",nucleus - chromatin,0.5503829409002569
TGME49_246010,hypothetical protein,PM - peripheral 2,0.5502057567524784
TGME49_222340,NOL1/NOP2/sun family protein,mitochondrion - membranes,0.550139320749243
TGME49_500081,"hypothetical protein, conserved",Golgi,0.5498415247241403
TGME49_211385,hypothetical protein,mitochondrion - soluble,0.5490872622258789
TGME49_295105,"rhoptry protein, putative",dense granules,0.5487386515724175
TGME49_242260,hypothetical protein,nucleus - chromatin,0.5483682465977942
TGME49_290610,hypothetical protein,PM - peripheral 2,0.5483422700474744
TGME49_273510,hypothetical protein,PM - peripheral 2,0.5478295213859435
TGME49_500366,"hypothetical protein, conserved",mitochondrion - membranes,0.5477712508406831
TGME49_225315,hypothetical protein,Golgi,0.5475510740104904
TGME49_258710,"spindle assembly abnormal protein 4, putative",PM - peripheral 2,0.5471263872952162
TGME49_309050,hypothetical protein,apicoplast,0.5470762467346648
TGME49_307460,Toxoplasma gondii family B protein,mitochondrion - membranes,0.5466789146570867
TGME49_227880,hypothetical protein,PM - peripheral 2,0.5465337422130763
TGME49_312430,"mitochondrial inner membrane protein OXA1, putative",apicoplast,0.5464872756496872
TGME49_240920,hypothetical protein,apicoplast,0.5462815815458928
TGME49_229240,hypothetical protein,PM - peripheral 1,0.5462699007517842
TGME49_249660,hypothetical protein,ER,0.545653603703563
TGME49_220420,3'5'-cyclic nucleotide phosphodiesterase PDE5,Golgi,0.545278680140724
TGME49_259280,hypothetical protein,apicoplast,0.5452371352578241
TGME49_294750,hypothetical protein,mitochondrion - soluble,0.5450705313603865
TGME49_203260,"cell cycle checkpoint protein RAD17, putative",nucleus - chromatin,0.545064329494279
TGME49_231800,"helicase, putative",apicoplast,0.5446893677460739
TGME49_266366,BT1 family protein,PM - integral,0.5443758691251313
TGME49_279000,SAG-related sequence SRS59J,PM - peripheral 1,0.5443724342869481
TGME49_300621,ribosomal protein L2,apicoplast,0.544300297214191
TGME49_217692,hypothetical protein,PM - peripheral 2,0.5436022386089011
TGME49_315958,radical SAM domain-containing protein,mitochondrion - soluble,0.5433775162223605
TGME49_273430,SAM-dependent methyltransferase,mitochondrion - soluble,0.5433546316593664
TGME49_203815,hypothetical protein,apicoplast,0.5431337935058209
TGME49_200410,hypothetical protein,PM - peripheral 2,0.5429565334238513
TGME49_238060,EF hand domain-containing protein,endomembrane vesicles,0.5429135919707816
TGME49_241010,K+ channel tetramerisation domain-containing protein,IMC,0.5427806088792461
TGME49_315550,calcium-binding egf domain-containing protein CBDP4,Golgi,0.5424507724723395
TGME49_238480,SAG-related sequence SRS22D,PM - peripheral 1,0.5421850359246758
TGME49_309860,hypothetical protein,apicoplast,0.5420430704703303
TGME49_255960,hypothetical protein,apicoplast,0.5419523207628004
TGME49_261970,hypothetical protein,dense granules,0.54159396456576
TGME49_202180,hypothetical protein,mitochondrion - soluble,0.5410552419647637
TGME49_221910,AN1 family Zinc finger domain-containing protein,nucleus - non-chromatin,0.5407100530452443
TGME49_283820,glycine cleavage T-protein (aminomethyl transferase) domain-containing protein,apicoplast,0.5406729181676662
TGME49_208718,"protein tyrosine phosphatase type IVA A, putative",mitochondrion - soluble,0.5405547726806278
TGME49_254625,hypothetical protein,mitochondrion - membranes,0.5405353179947587
TGME49_202580,"chaperone protein ClpB5, putative",mitochondrion - soluble,0.5403425489610207
TGME49_268820,hypothetical protein,ER,0.5403292099961622
TGME49_226790,"ABC transporter, ATP-binding domain-containing protein",apicoplast,0.5395553016349071
TGME49_207005,SAG-related sequence SRS48Q,PM - peripheral 1,0.5392045930368488
TGME49_253830,hypothetical protein,mitochondrion - membranes,0.5389565963734949
TGME49_299040,phosphatidylinositol n-acetylglucosaminyltransferase,PM - integral,0.5389560081630443
TGME49_220340,"transporter, putative",ER,0.5386542838405298
TGME49_291010,hypothetical protein,apicoplast,0.5385209592643632
TGME49_269175,"U6 snRNA phosphodiesterase, putative",mitochondrion - soluble,0.5384504252406705
TGME49_243740,"WD domain, G-beta repeat-containing protein",PM - peripheral 2,0.538275446997628
TGME49_299790,hypothetical protein,Golgi,0.5381849403659534
TGME49_202880,carrier superfamily protein,apicoplast,0.5378065202501875
TGME49_236120,hypothetical protein,mitochondrion - soluble,0.5372125156297585
TGME49_272155,hypothetical protein,nucleus - chromatin,0.5371239619405531
TGME49_278360,Toxoplasma gondii family A protein,PM - peripheral 1,0.5370175285609475
TGME49_226532,hypothetical protein,Golgi,0.5366026169874465
TGME49_202650,hypothetical protein,PM - integral,0.5364969575816645
TGME49_250840,myosin light chain MLC3,apical 2,0.5362252070256893
TGME49_291050,serine/threonine-protein kinase KIN,rhoptries 2,0.5361317822698111
TGME49_215930,mediator complex subunit MED21,mitochondrion - soluble,0.5360746490632664
TGME49_500040,MORN repeat-containing protein,apicoplast,0.53601547099691
TGME49_253960,"oxidoreductase, short chain dehydrogenase/reductase family protein",mitochondrion - soluble,0.5357392582917183
TGME49_251670,"werner helicase interacting protein 1, putative",endomembrane vesicles,0.5355865855236474
TGME49_268685,mitochondrial large subunit ribosomal protein,mitochondrion - soluble,0.5351429011167511
TGME49_260410,hypothetical protein,apicoplast,0.5351277212817565
TGME49_247260,hypothetical protein,mitochondrion - membranes,0.5349837600824636
TGME49_231230,hypothetical protein,rhoptries 2,0.5343276101389826
TGME49_288640,radical SAM domain-containing protein,mitochondrion - soluble,0.5341203307941276
TGME49_320005,hypothetical protein,mitochondrion - soluble,0.5336449489339932
TGME49_294300,hypothetical protein,PM - peripheral 2,0.5327938723467575
TGME49_267410,scavenger receptor protein SR1 precursor,endomembrane vesicles,0.5327406397327253
TGME49_277680,hypothetical protein,apicoplast,0.532731012235523
TGME49_284620,hypothetical protein,PM - peripheral 2,0.5325485896095401
TGME49_225435,hypothetical protein,apicoplast,0.5322634243944109
TGME49_233610,hypothetical protein,dense granules,0.5318191355686299
TGME49_217380,hypothetical protein,apicoplast,0.5317287567598155
TGME49_222305,hypothetical protein,mitochondrion - membranes,0.5311142760659624
TGME49_207420,hypothetical protein,mitochondrion - membranes,0.5309999975112786
TGME49_263540,hypothetical protein,PM - peripheral 2,0.5308861663295116
TGME49_230130,hypothetical protein,apicoplast,0.5307856976692344
TGME49_224932,hypothetical protein,mitochondrion - soluble,0.5306012052294381
TGME49_231055,hypothetical protein,PM - peripheral 2,0.5301732129280611
TGME49_210490,hypothetical protein,apicoplast,0.5299380654553454
TGME49_278340,Toxoplasma gondii family A protein,PM - peripheral 1,0.5298444237197667
TGME49_223470,hypothetical protein,apicoplast,0.5298401503758676
TGME49_291660,hypothetical protein,Golgi,0.5297812660947139
TGME49_295460,Got1 family protein,ER,0.5295915299941069
TGME49_267725,hypothetical protein,mitochondrion - soluble,0.5295023687592508
TGME49_231360,hypothetical protein,apicoplast,0.5294654547502089
TGME49_312410,"methyltransferase, putative",mitochondrion - soluble,0.5292139662037132
TGME49_230610,transmembrane protein TMEM222,ER,0.5290386736480133
TGME49_289030,hypothetical protein,apicoplast,0.5286043586367235
TGME49_242435,hypothetical protein,nucleus - chromatin,0.5284006409978681
TGME49_305890,hypothetical protein,apicoplast,0.5281267879612891
TGME49_500193,chromo domain-containing protein,mitochondrion - soluble,0.5278780786306478
TGME49_316120,hypothetical protein,apicoplast,0.5276720768423624
TGME49_263980,pentatricopeptide repeat domain-containing protein,apicoplast,0.5275890309429483
TGME49_300052,hypothetical protein,PM - peripheral 2,0.5273189513768665
TGME49_223630,"E2F-associated phosphoprotein, putative",mitochondrion - membranes,0.5271475324319429
TGME49_259890,Kazal-type serine protease inhibitor domain-containing protein,PM - peripheral 1,0.5270242161907588
TGME49_225420,histidine triad domain-containing protein,mitochondrion - soluble,0.52539045691767
TGME49_281555,hypothetical protein,PM - peripheral 1,0.5253586042523758
TGME49_297120,inner membrane complex protein IMC44,IMC,0.525182656062316
TGME49_214783,hypothetical protein,apicoplast,0.5250757849491684
TGME49_257710,actin-like protein ALP 5,apicoplast,0.5249675446314817
TGME49_262030,"ALG6, ALG8 glycosyltransferase family protein",ER,0.5248109695969693
TGME49_209770,"helicase, putative",apicoplast,0.5246749803778824
TGME49_315950,cytoskeleton salvaging RING family member 1,IMC,0.5244262476570231
TGME49_255460,EGF family domain-containing protein,micronemes,0.5239934268158445
TGME49_295030,hypothetical protein,dense granules,0.5238593439434845
TGME49_278040,G-patch domain-containing protein,nucleolus,0.5237762508402902
TGME49_230135,Kinesin-associated protein,PM - peripheral 1,0.5237373061730123
TGME49_272260,Dpy-30 motif protein,PM - peripheral 1,0.5235840784715495
TGME49_209710,ribosomal protein RPL28,apicoplast,0.5231910739600594
TGME49_205590,centrosomal protein CEP131,apicoplast,0.5231517492939081
TGME49_236060,hypothetical protein,apical 1,0.523085208322819
TGME49_303450,coatomer gamma subunit,Golgi,0.5230110940436734
TGME49_221930,hypothetical protein,mitochondrion - membranes,0.5228937349199393
TGME49_227270,hypothetical protein,nucleus - non-chromatin,0.5228267716992003
TGME49_245550,hypothetical protein,PM - integral,0.5226035309794216
TGME49_306250,hypothetical protein,mitochondrion - soluble,0.5222983958003535
TGME49_238450,hypothetical protein,apicoplast,0.5220813507862305
TGME49_270350,hypothetical protein,Golgi,0.5217164966504217
TGME49_299150,AP2 domain transcription factor AP2III-3,ER 2,0.521714123006098
TGME49_273790,hypothetical protein,endomembrane vesicles,0.5216504907639804
TGME49_253180,hypothetical protein,mitochondrion - soluble,0.5216109292800796
TGME49_307650,uracil-DNA glycosylase,nucleus - non-chromatin,0.5213319970115361
TGME49_321600,hypothetical protein,apical 1,0.5213179022786266
TGME49_500156,hypothetical protein,mitochondrion - membranes,0.5211271021859312
TGME49_262470,"C protein immunoglobulin-A-binding beta antigen, putative",PM - peripheral 2,0.5210192221568021
TGME49_217520,hypothetical protein,rhoptries 1,0.5207255324372505
TGME49_300090,hypothetical protein,mitochondrion - membranes,0.5198755431236832
TGME49_251570,CAAX amino terminal protease family protein,apicoplast,0.5198588388508053
TGME49_207400,"splicing factor Yju2, putative",nucleus - non-chromatin,0.5198572917989077
TGME49_208330,DUF2981 domain-containing protein,Golgi,0.5197089301833446
TGME49_264670,DNA polymerase family B protein,apicoplast,0.5196209030397293
TGME49_247640,hypothetical protein,mitochondrion - soluble,0.5193985375095111
TGME49_313470,helix-hairpin-helix motif domain-containing protein,mitochondrion - soluble,0.5193720420557586
TGME49_209920,PAN domain-containing protein,dense granules,0.5193493505894433
TGME49_204330,hypothetical protein,PM - peripheral 2,0.5191955704859188
TGME49_296000,rhoptry kinase family protein ROP2L12,PM - peripheral 2,0.5191673812270251
TGME49_500260,"hypothetical protein, conserved",apicoplast,0.5190083784889826
TGME49_283580,DnaJ domain-containing protein,mitochondrion - soluble,0.5189243602348789
TGME49_220730,hypothetical protein,apicoplast,0.5187765294732752
TGME49_214860,hypothetical protein,apicoplast,0.5187488245241098
TGME49_216640,"GHMP kinase, putative",dense granules,0.5186728406220819
TGME49_209460,hypothetical protein,apicoplast,0.5184513049300574
TGME49_206660,hypothetical protein,PM - peripheral 2,0.5184398394031549
TGME49_240755,hypothetical protein,apicoplast,0.5183683197585092
TGME49_292600,hypothetical protein,mitochondrion - soluble,0.5183302488647332
TGME49_306900,NOL1/NOP2/sun family protein,mitochondrion - soluble,0.5182269111807257
TGME49_254950,RNA cap guanine-N2 methyltransferase,nucleus - chromatin,0.5178148803993922
TGME49_237530,hypothetical protein,mitochondrion - soluble,0.5175881039996449
TGME49_241130,CKK domain-containing protein,apicoplast,0.5173271558156216
TGME49_306550,hypothetical protein,apicoplast,0.5168704276255831
TGME49_214385,hypothetical protein,mitochondrion - membranes,0.5167842934006913
TGME49_500045,"endo-1,3(4)-beta-glucanase, putative",ER,0.5164175842463828
TGME49_212420,hypothetical protein,dense granules,0.5162941297708473
TGME49_230630,hypothetical protein,mitochondrion - soluble,0.5162560324337131
TGME49_213660,zinc finger (CCCH type) motif-containing protein,apicoplast,0.516197942378148
TGME49_245630,hypothetical protein,Golgi,0.5157589773615899
TGME49_294310,hypothetical protein,mitochondrion - membranes,0.5156339241298415
TGME49_262850,"histone methyltransferase complex subunit ASH2, putative",apicoplast,0.5155317401567064
TGME49_240940,hypothetical protein,apicoplast,0.5151981231280389
TGME49_314840,ubiquitin carboxyl-terminal hydrolase,PM - peripheral 2,0.514978412683106
TGME49_254280,DNA-directed RNA polymerase III RPC9,nucleus - non-chromatin,0.5149330531896322
TGME49_319590,"helicase, putative",apicoplast,0.514460943667808
TGME49_235560,hypothetical protein,mitochondrion - soluble,0.5144481495000325
TGME49_270900,"ATPase, AAA family protein",apicoplast,0.5143019207243346
TGME49_254830,hypothetical protein,mitochondrion - soluble,0.5140083910466413
TGME49_221260,Class-II DAHP synthetase family protein,mitochondrion - soluble,0.5137901362420573
TGME49_308820,hypothetical protein,mitochondrion - membranes,0.5137348678961365
TGME49_272440,RNA recognition motif-containing protein,apicoplast,0.5132314342858517
TGME49_239130,tyrosine kinase-like protein TKL7,nucleus - chromatin,0.5129984351690463
TGME49_255360,hypothetical protein,dense granules,0.5129940487245576
TGME49_255490,hypothetical protein,apicoplast,0.512718928054405
TGME49_283490,"Alpha-amylase AMY3, putative",mitochondrion - membranes,0.5122589250749919
TGME49_306390,"cytochrome c oxidase subunit 6B, putative",mitochondrion - soluble,0.51223274253377
TGME49_208770,hypothetical protein,Golgi,0.5119457200740011
TGME49_257625,"tetrahydrofolate dehydrogenase/cyclohydrolase, NAD(P)-binding domain-containing protein",apicoplast,0.5118023418878184
TGME49_311510,eIF2 kinase IF2K-B,nucleus - chromatin,0.5116288453780055
TGME49_220380,hypothetical protein,micronemes,0.5115583387850203
TGME49_223810,"magnesium transporter, putative",Golgi,0.511553768835777
TGME49_244010,HORMA domain-containing protein,apicoplast,0.5111403187047211
TGME49_237860,calcium-dependent protein kinase CDPK7A,apicoplast,0.5110913513301282
TGME49_313318,hypothetical protein,mitochondrion - membranes,0.5110279893838471
TGME49_244920,Toxoplasma gondii family B protein,dense granules,0.510953102602194
TGME49_250780,Zn-finger in ubiquitin-hydrolases domain-containing protein,nucleus - chromatin,0.5109316537319041
TGME49_263340,"RNA methyltransferase, TrmH family protein",nucleolus,0.5108460645333099
TGME49_258020,"glutaminyl-peptide cyclotransferase, putative",endomembrane vesicles,0.5106261892023372
TGME49_214560,hypothetical protein,nucleus - chromatin,0.5105796660756375
TGME49_248790,hypothetical protein,mitochondrion - membranes,0.5105444972032576
TGME49_288220,CAP domain-containing protein,endomembrane vesicles,0.5105130700949705
TGME49_319662,"histone lysine methyltransferase, SET, putative",apicoplast,0.5103479162495127
TGME49_267980,hypothetical protein,ER 2,0.5098635756147701
TGME49_500347,"hypothetical protein, conserved",Golgi,0.5094736667611837
TGME49_320260,hypothetical protein,micronemes,0.5093906473140254
TGME49_220180,hypothetical protein,apicoplast,0.5090082475218083
TGME49_202285,EGF family domain-containing protein,Golgi,0.5089227473619901
TGME49_220850,hypothetical protein,apicoplast,0.5087828658736913
TGME49_249725,hypothetical protein,apicoplast,0.5085373497451787
TGME49_307080,hypothetical protein,PM - peripheral 2,0.508232969926215
TGME49_320620,queuine tRNA ribosyl transferase,apicoplast,0.5078862860619536
TGME49_234507,hypothetical protein,Golgi,0.5078233357039064
TGME49_207065,hypothetical protein,mitochondrion - membranes,0.5076222695550102
TGME49_277490,hypothetical protein,dense granules,0.5075811289629556
TGME49_229260,basal complex component BCC4,apical 1,0.5071158914970578
TGME49_266335,Toxoplasma gondii family A protein,PM - peripheral 1,0.506727947275227
TGME49_241305,hypothetical protein,apicoplast,0.5065566293832531
TGME49_238520,SAG-related sequence SRS22G,PM - peripheral 1,0.5061756364549848
TGME49_217630,hypothetical protein,apicoplast,0.506048258060143
TGME49_500291,"WD repeat-containing protein 19, putative",mitochondrion - soluble,0.5059684546219105
TGME49_265820,Las1 family protein,nucleus - chromatin,0.5059484366789451
TGME49_242900,Toxoplasma gondii family A protein,PM - peripheral 1,0.5057381948925983
TGME49_201110,hypothetical protein,mitochondrion - soluble,0.505590632099987
TGME49_247040,hypothetical protein,nucleus - chromatin,0.505057678895987
TGME49_257180,"DNA repair protein RAD50, putative",nucleus - chromatin,0.5050257475151019
TGME49_307050,hypothetical protein,PM - peripheral 2,0.5049399932359375
TGME49_247560,"dynein light chain protein, putative",PM - peripheral 2,0.5045986921492117
TGME49_280530,hypothetical protein,mitochondrion - soluble,0.5044278680135322
TGME49_222935,hypothetical protein,PM - peripheral 1,0.5043762727881471
TGME49_225680,hypothetical protein,PM - peripheral 2,0.5036062214109052
TGME49_265460,hypothetical protein,nucleus - chromatin,0.5035919937379817
TGME49_242860,hypothetical protein,apical 1,0.5029091558316593
TGME49_290923,hypothetical protein,mitochondrion - membranes,0.5028550469178472
TGME49_311070,RNA recognition motif-containing protein,nucleus - chromatin,0.5028144391419577
TGME49_289700,"apicomplexan kinetochore protein AKIT6, putative",mitochondrion - membranes,0.5024564448884548
TGME49_224670,DnaJ domain-containing protein,PM - peripheral 2,0.5023956112324509
TGME49_271800,serine esterase (DUF676) protein,nucleus - chromatin,0.5022873767969426
TGME49_278070,Toxoplasma gondii family A protein,PM - peripheral 1,0.5019072048131175
TGME49_302060,"elongation factor tu, apicoplast, putative",apicoplast,0.5017650801709466
TGME49_245980,hypothetical protein,dense granules,0.5017126346920207
TGME49_220330,hypothetical protein,dense granules,0.5015749710765448
TGME49_265175,hypothetical protein,apicoplast,0.5015647246733558
TGME49_207050,hypothetical protein,mitochondrion - membranes,0.5014906274103604
TGME49_205230,hypothetical protein,mitochondrion - soluble,0.5013789879405556
TGME49_203890,hypothetical protein,dense granules,0.5010882086736338
TGME49_318350,Pumilio-family RNA binding repeat-containing protein,nucleus - chromatin,0.5008918541249493
TGME49_208580,"DNA ligase 1, putative",nucleus - chromatin,0.5007638351205109
TGME49_299172,hypothetical protein,mitochondrion - soluble,0.5006549114031698
TGME49_301690,hypothetical protein,dense granules,0.5005419415262908
TGME49_241300,hypothetical protein,rhoptries 2,0.5004330036102241
TGME49_300250,MtN3/saliva family protein,micronemes,0.5001873041026188
TGME49_209650,"telomerase reverse transcriptase, putative",PM - peripheral 2,0.5001416372947628
TGME49_310045,hypothetical protein,mitochondrion - membranes,0.5000422115191143
TGME49_285780,"gamma-tubulin complex component, putative",apicoplast,0.4998919501162121
TGME49_233710,"inorganic anion transporter, sulfate permease (SulP) family protein",PM - integral,0.4996069267628182
TGME49_232590,"glutamate-cysteine ligase, catalytic subunit domain-containing protein",endomembrane vesicles,0.4994991140233899
TGME49_264875,hypothetical protein,PM - peripheral 2,0.49930471654451847
TGME49_307580,CBS domain-containing protein,Golgi,0.4990943775389113
TGME49_203070,hypothetical protein,Golgi,0.4990498916283129
TGME49_292170,"histone lysine methyltransferase, SET, putative",apicoplast,0.4989399703613625
TGME49_320270,"nucleoside transporter, putative",ER,0.4988064910066133
TGME49_307045,Toxoplasma gondii family B protein,PM - peripheral 2,0.49877136806504496
TGME49_500086,"hypothetical protein, conserved",mitochondrion - membranes,0.4987434203242296
TGME49_251470,"V-type ATPase V0 subunit e, putative",ER,0.4985052993670234
TGME49_210230,"pseudouridine synthase, putative",mitochondrion - soluble,0.4982416905986112
TGME49_268835,hypothetical protein,apicoplast,0.49816618644361593
TGME49_263610,tetratricopeptide repeat-containing protein,nucleus - chromatin,0.49797148692718557
TGME49_293010,hypothetical protein,apicoplast,0.49792456416978165
TGME49_268220,hypothetical protein,apicoplast,0.49780747431003614
TGME49_270720,hypothetical protein,nucleus - chromatin,0.497786078436666
TGME49_240080,"transporter, major facilitator family protein",Golgi,0.49674166866662245
TGME49_252280,hypothetical protein,apicoplast,0.4965249194114526
TGME49_308940,hypothetical protein,apicoplast,0.49649616662689233
TGME49_214630,hypothetical protein,Golgi,0.49614238551567963
TGME49_227920,succinate dehydrogenase subunit SDH10,mitochondrion - soluble,0.4960677256019542
TGME49_224880,kinesin motor domain-containing protein,apical 2,0.4958490139041352
TGME49_246978,hypothetical protein,mitochondrion - soluble,0.49581724188508713
TGME49_297100,hypothetical protein,mitochondrion - membranes,0.4952356175718338
TGME49_280770,regulator of chromosome condensation (RCC1) repeat-containing protein,apical 2,0.49512094728025
TGME49_263595,RNA-binding protein,nucleus - non-chromatin,0.4951054073611751
TGME49_287235,hypothetical protein,mitochondrion - soluble,0.4950646635323609
TGME49_207020,hypothetical protein,mitochondrion - membranes,0.4950350272036315
TGME49_265380,tetratricopeptide repeat (TPR)-/ U-box domain-containing protein,apicoplast,0.49493289359803777
TGME49_269830,RAP domain-binding protein RA15,mitochondrion - membranes,0.49472010373179387
TGME49_312875,hypothetical protein,nucleus - chromatin,0.4946071031704336
TGME49_220370,hypothetical protein,apical 1,0.4940812759076547
TGME49_222260,hypothetical protein,Golgi,0.4939313222161234
TGME49_270020,hypothetical protein,apicoplast,0.49379245844960773
TGME49_294740,hypothetical protein,nucleus - chromatin,0.49365179717785423
TGME49_201830,ribosomal protein L37,mitochondrion - soluble,0.4936441147653129
TGME49_243100,Toxoplasma gondii family A protein,PM - peripheral 1,0.4936066662626886
TGME49_202860,hypothetical protein,apicoplast,0.49337269731482153
TGME49_217590,"50S ribosomal protein L17, putative",apicoplast,0.492361853270271
TGME49_307020,hypothetical protein,apical 2,0.4923393296337834
TGME49_237893,hypothetical protein,apicoplast,0.4921806291794827
TGME49_218215,hypothetical protein,mitochondrion - soluble,0.4918088949953651
TGME49_500266,"hypothetical protein, conserved",mitochondrion - soluble,0.49174692511004187
TGME49_273075,hypothetical protein,PM - peripheral 2,0.491643678154905
TGME49_215385,"transporter, major facilitator family protein",Golgi,0.4914318855964617
TGME49_272415,hypothetical protein,apicoplast,0.4910136542936998
TGME49_271200,AP2 domain transcription factor AP2VIII-5,PM - peripheral 2,0.49100048589130485
TGME49_233270,MORN repeat-containing protein,apicoplast,0.4909578498089227
TGME49_297290,hypothetical protein,dense granules,0.49065002933199947
TGME49_287280,Toxoplasma gondii family C protein,mitochondrion - membranes,0.4904469694348952
TGME49_266940,palmitoyltransferase DHHC16,endomembrane vesicles,0.4903791162917096
TGME49_216335,hypothetical protein,nucleus - chromatin,0.4902774622401673
TGME49_285770,"coiled-coil domain-containing protein 189, putative",mitochondrion - membranes,0.4901541480059133
TGME49_500271,"vacuolar protein 8, putative",apicoplast,0.48985431680381797
TGME49_255175,hypothetical protein,apicoplast,0.48955664748659433
TGME49_203720,vitamin k epoxide reductase family protein,ER,0.48928983879776716
TGME49_294760,hypothetical protein,mitochondrion - soluble,0.48899081670068467
TGME49_291910,hypothetical protein,dense granules,0.4888067628357366
TGME49_278757,hypothetical protein,mitochondrion - membranes,0.4884229969431852
TGME49_254530,hypothetical protein,mitochondrion - soluble,0.4879608274144802
TGME49_295995,hypothetical protein,Golgi,0.48793413659262846
TGME49_232950,hypothetical protein,Golgi,0.48784412523405374
TGME49_220585,hypothetical protein,apicoplast,0.4875928443065784
TGME49_266360,hypothetical protein,mitochondrion - membranes,0.4875252870020223
TGME49_316480,XRN 5'-3' exonuclease N-terminus protein,apicoplast,0.4874989674574056
TGME49_312980,"flagella associated protein, putative",PM - peripheral 2,0.4874801569946671
TGME49_214835,hypothetical protein,PM - peripheral 2,0.4874049540522682
TGME49_273300,hypothetical protein,apicoplast,0.48737694486358135
TGME49_271174,hypothetical protein,Golgi,0.4872772290434665
TGME49_244620,NEK kinase,mitochondrion - soluble,0.4870718628632765
TGME49_281030,hypothetical protein,PM - peripheral 2,0.4870697930138732
TGME49_326500,hypothetical protein,mitochondrion - membranes,0.4869458086642397
TGME49_220150,"50S ribosomal protein L16, putative",mitochondrion - soluble,0.4869040300304
TGME49_232140,hypothetical protein,PM - peripheral 2,0.4868029838350452
TGME49_289670,DNA repair metallo-beta-lactamase,mitochondrion - soluble,0.4867977671515893
TGME49_217724,hypothetical protein,mitochondrion - membranes,0.4867547105619319
TGME49_261220,transcription elongation factor SPT4,mitochondrion - membranes,0.4866455881739645
TGME49_230460,Dpy-30 motif protein,mitochondrion - soluble,0.485887283661288
TGME49_243480,"50S ribosomal protein L3, putative",mitochondrion - soluble,0.4858003464288007
TGME49_231990,hypothetical protein,rhoptries 2,0.4857093290735458
TGME49_211270,sushi domain (scr repeat) domain-containing protein,ER,0.48548464585527845
TGME49_500189,"E3 ubiquitin-protein ligase, putative",mitochondrion - membranes,0.4854481581010313
TGME49_254730,POPLD (NUC188) domain-containing protein,nucleus - non-chromatin,0.4854402693500802
TGME49_290225,"protein kinase, putative",endomembrane vesicles,0.4854180063358738
TGME49_220650,hypothetical protein,apicoplast,0.4849529576175869
TGME49_257650,hypothetical protein,mitochondrion - soluble,0.4846655563423775
TGME49_205060,hypothetical protein,apicoplast,0.4846566632384714
TGME49_268350,WD repeat-containing protein,apicoplast,0.48433338280752297
TGME49_308010,hypothetical protein,apical 1,0.48398793282042046
TGME49_220480,hypothetical protein,apicoplast,0.4839768706295985
TGME49_224235,translation initiation factor IF-3 protein,mitochondrion - membranes,0.4836195229861383
TGME49_289910,haloacid dehalogenase-like hydrolase HAD2a,rhoptries 2,0.48319662901506033
TGME49_217961,hypothetical protein,apicoplast,0.48310455096705535
TGME49_314660,TPRX1 protein,mitochondrion - soluble,0.4830003786696137
TGME49_500090,"hypothetical protein, conserved",mitochondrion - soluble,0.4828893469219874
TGME49_278310,hypothetical protein,apicoplast,0.48253060544687654
TGME49_214540,hypothetical protein,apicoplast,0.4822061332673677
TGME49_209540,hypothetical protein,mitochondrion - soluble,0.48188901835583053
TGME49_230122,hypothetical protein,mitochondrion - membranes,0.4818602666573379
TGME49_294990,hypothetical protein,dense granules,0.48154842322776
TGME49_305635,hypothetical protein,mitochondrion - soluble,0.4814017257263926
TGME49_203350,hypothetical protein,PM - integral,0.4814016830548552
TGME49_259600,hypothetical protein,apicoplast,0.4813500352959645
TGME49_211450,"pseudouridine synthase, putative",apicoplast,0.4809560772323082
TGME49_259580,hypothetical protein,mitochondrion - soluble,0.4808966223085728
TGME49_214400,hypothetical protein,rhoptries 1,0.48078876520826946
TGME49_254840,tetratricopeptide repeat-containing protein,PM - peripheral 2,0.4806213917620565
TGME49_295970,hypothetical protein,Golgi,0.4805706029161552
TGME49_294230,hypothetical protein,mitochondrion - membranes,0.48053577116460083
TGME49_204000,hypothetical protein,Golgi,0.4802347268714858
TGME49_245570,origin recognition complex subunit 2 protein,apicoplast,0.48014043155983227
TGME49_500294,"protein BRAWNIN, putative",Golgi,0.479989564722886
TGME49_230640,hypothetical protein,mitochondrion - soluble,0.47992946374620704
TGME49_212940,"condensin-2 complex subunit H2, putative",nucleus - chromatin,0.4797676526371746
TGME49_287160,"kinesin-like protein KIF24, putative",nucleus - chromatin,0.4797413010292958
TGME49_233040,3'5'-cyclic nucleotide phosphodiesterase PDE15,ER,0.4793547012963101
TGME49_264730,hypothetical protein,mitochondrion - membranes,0.47908484663941775
TGME49_205370,hypothetical protein,PM - integral,0.47886654406347745
TGME49_260860,hypothetical protein,apicoplast,0.4785322904959811
TGME49_320650,ankyrin repeat-containing protein,apicoplast,0.47741480022295796
TGME49_214280,phosphoadenosine phosphosulfate reductase family protein,mitochondrion - soluble,0.47740498162449774
TGME49_322500,hypothetical protein,mitochondrion - membranes,0.4771403509665937
TGME49_313200,F-Box Protein L2,apicoplast,0.47694085361994903
TGME49_325200,pyridoxal-phosphate dependent superfamily protein,mitochondrion - membranes,0.47686465066873474
TGME49_257050,ketopantoate hydroxymethyltransferase - ketopantoate reductase,PM - peripheral 2,0.4768327661952737
TGME49_310810,apyrase,ER,0.47675065049483073
TGME49_221370,hypothetical protein,apical 1,0.47671273062623076
TGME49_243420,hypothetical protein,Golgi,0.4766985123027674
TGME49_215530,hypothetical protein,rhoptries 1,0.47635334185867334
TGME49_262550,hypothetical protein,nucleus - chromatin,0.47620074058952405
TGME49_217160,Der1 family protein,Golgi,0.47585932886092347
TGME49_256865,WD repeat domain 35 family protein,apicoplast,0.47581784804902805
TGME49_222130,hypothetical protein,nucleus - non-chromatin,0.4758150400385661
TGME49_312210,hypothetical protein,mitochondrion - soluble,0.4757868580410559
TGME49_310910,"WD domain, G-beta repeat-containing protein",apicoplast,0.47569067649916486
TGME49_309890,"alpha/beta hydrolase, putative",nucleus - chromatin,0.4756818790703679
TGME49_233210,hypothetical protein,ER,0.47563177521914884
TGME49_271980,SAG-related sequence SRS32,PM - peripheral 1,0.4752727503390669
TGME49_221400,hypothetical protein,nucleus - chromatin,0.4752541248808341
TGME49_226450,hypothetical protein,dense granules,0.4749947234338038
TGME49_309095,hypothetical protein,Golgi,0.47493598561006467
TGME49_228020,hypothetical protein,mitochondrion - membranes,0.47476082436590555
TGME49_281360,hypothetical protein,ER 2,0.47452923504885025
TGME49_266150,hypothetical protein,apicoplast,0.4745289264329235
TGME49_207100,hypothetical protein,nucleus - chromatin,0.47447122055736146
TGME49_287200,TMEM234 domain-containing protein,mitochondrion - membranes,0.4744689509612465
TGME49_245590,rhomboid protease ROM6,mitochondrion - membranes,0.47443125426784055
TGME49_255720,"tRNA intron endonuclease, putative",mitochondrion - soluble,0.4743262322789585
TGME49_240460,AP2 domain transcription factor AP2VI-1,rhoptries 1,0.47419892880314635
TGME49_217722,hypothetical protein,apicoplast,0.4740955171044916
TGME49_270630,hypothetical protein,mitochondrion - soluble,0.47394723574123804
TGME49_212770,inner membrane complex protein IMC34,apical 1,0.47375846769850993
TGME49_247400,hypothetical protein,PM - peripheral 2,0.4732602893754679
TGME49_248720,hypothetical protein,nucleus - chromatin,0.47269139748799793
TGME49_246780,hypothetical protein,PM - integral,0.47262481958236907
TGME49_260270,HEAT repeat-containing protein,apicoplast,0.47257106925372677
TGME49_318540,calcium-binding egf domain-containing protein CBDP2,PM - peripheral 2,0.47228814872560004
TGME49_294720,RING zinc finger protein,PM - peripheral 2,0.47220503856428386
TGME49_209610,oocyst wall protein OWP2,Golgi,0.4716355762195246
TGME49_315420,hypothetical protein,apicoplast,0.4716099285693685
TGME49_301000,methyltransferase,PM - peripheral 2,0.47155949399074604
TGME49_224230,AP2 domain transcription factor AP2X-3,nucleus - chromatin,0.4714224310157455
TGME49_260030,atypical MEK-related kinase (incomplete catalytic triad),nucleus - non-chromatin,0.47102648121588264
TGME49_500382,"hypothetical protein, conserved",Golgi,0.4705688396923796
TGME49_319360,SAG-related sequence SRS17A,dense granules,0.4703104925981574
TGME49_320040,CHORD protein,cytosol,0.4702371334605223
TGME49_295658,zinc finger in N-recognin protein,nucleus - chromatin,0.47021085599471374
TGME49_226850,TBC domain-containing protein TBC15,PM - peripheral 2,0.4701238188505695
TGME49_208020,AP2 domain transcription factor AP2Ib-1,nucleus - chromatin,0.4699108988586259
TGME49_234200,hypothetical protein,mitochondrion - soluble,0.46978790616262955
TGME49_300660,RNA polymerase B,apicoplast,0.4692474030772588
TGME49_271030,AP2 domain transcription factor AP2VIII-6,nucleus - chromatin,0.4691541412200316
TGME49_239365,hypothetical protein,ER 2,0.46900788721543724
TGME49_252090,hypothetical protein,apicoplast,0.4689883735020502
TGME49_316760,hypothetical protein,mitochondrion - soluble,0.46886782829721996
TGME49_232530,"ATP-dependent RNA helicase SUV3, putative",nucleus - chromatin,0.4687382746056674
TGME49_500132,"hypothetical protein, conserved",apicoplast,0.46843163607175997
TGME49_500184,Toxoplasma gondii family C protein,Golgi,0.4682628458884558
TGME49_202900,zinc finger (CCCH type) motif-containing protein,nucleus - chromatin,0.46817639326178556
TGME49_234300,hypothetical protein,apical 1,0.4681106761359975
TGME49_289870,hypothetical protein,Golgi,0.4676667208645613
TGME49_327500,hypothetical protein,mitochondrion - membranes,0.4675355692536832
TGME49_294785,zinc finger (CCCH type) motif-containing protein,mitochondrion - soluble,0.46750172524046885
TGME49_500304,"P25-alpha family protein, putative",mitochondrion - soluble,0.46749479342090805
TGME49_253540,hypothetical protein,endomembrane vesicles,0.4671673038452304
TGME49_240390,calcium-dependent protein kinase CDPK4B,endomembrane vesicles,0.4670955417876779
TGME49_273780,SWI2/SNF2-containing protein,nucleus - chromatin,0.4666912542167523
TGME49_500121,dephospho-CoA kinase,Golgi,0.4666245334802247
TGME49_307830,hypothetical protein,IMC,0.4661944803955649
TGME49_213720,"dynein regulatory complex subunit 7, putative",mitochondrion - soluble,0.4661247038080611
TGME49_260840,tetratricopeptide repeat-containing protein,mitochondrion - soluble,0.4659892920517384
TGME49_314560,hypothetical protein,mitochondrion - membranes,0.4659071711222748
TGME49_249930,hypothetical protein,Golgi,0.4657136959501977
TGME49_254400,"LSU ribosomal protein L2P, putative",mitochondrion - soluble,0.46565108320650084
TGME49_500104,hypothetical protein,mitochondrion - soluble,0.4653596176061716
TGME49_228310,hypothetical protein,PM - integral,0.4652213882120458
TGME49_275610,"protein kinase, other",apical 1,0.46445006093289426
TGME49_207180,indole-3-glycerol phosphate synthase domain-containing protein,apicoplast,0.46424326256245596
TGME49_254835,RNA recognition motif-containing protein,mitochondrion - soluble,0.46413710794227464
TGME49_258120,Pex2 / Pex12 amino terminal region protein,PM - peripheral 2,0.46388249794688213
TGME49_311040,hypothetical protein,mitochondrion - membranes,0.46373531214442465
TGME49_258840,hypothetical protein,dense granules,0.4635595142357357
TGME49_225340,hypothetical protein,apical 2,0.46321271967424543
TGME49_292140,NIMA-related protein kinase NIMA1,nucleus - chromatin,0.462987880549263
TGME49_267120,hypothetical protein,mitochondrion - membranes,0.4628429581020589
TGME49_227100,glutaredoxin 5,PM - peripheral 2,0.4627272132115267
TGME49_202010,hypothetical protein,dense granules,0.46265527800683043
TGME49_232670,hypothetical protein,dense granules,0.46251544953015317
TGME49_248690,hypothetical protein,apical 1,0.46251287394260676
TGME49_500396,hypothetical protein,Golgi,0.4624858732712266
TGME49_219450,"WD domain, G-beta repeat-containing protein",apicoplast,0.4623883854485462
TGME49_214130,hypothetical protein,nucleus - chromatin,0.462339017410866
TGME49_204380,hypothetical protein,nucleus - chromatin,0.4622903658849775
TGME49_268035,hypothetical protein,apicoplast,0.46223747932501935
TGME49_307760,Tubulin-tyrosine ligase family protein,rhoptries 2,0.4618936834347642
TGME49_224590,DNA-directed RNA polymerase III POLR3C,nucleus - non-chromatin,0.4618593930647477
TGME49_231590,SGS domain-containing protein,mitochondrion - soluble,0.4618322263236392
TGME49_319695,hypothetical protein,mitochondrion - soluble,0.46182024613011347
TGME49_233792,hypothetical protein,PM - peripheral 1,0.46179114294593976
TGME49_500220,"hypothetical protein, conserved",apicoplast,0.46165955203251685
TGME49_270450,MCM2/3/5 family protein,mitochondrion - soluble,0.46157480273542584
TGME49_261380,"ribosomal protein S8, putative",mitochondrion - soluble,0.46149146713079325
TGME49_288280,hypothetical protein,mitochondrion - soluble,0.46139878434376136
TGME49_221970,DUF2423 domain-containing protein,nucleolus,0.4612685513698887
TGME49_300641,ribosomal protein S4,apicoplast,0.46123248952003
TGME49_297320,hypothetical protein,apicoplast,0.46117774939446826
TGME49_202450,hypothetical protein,mitochondrion - membranes,0.46062542795940575
TGME49_309185,hypothetical protein,mitochondrion - soluble,0.4602782055688831
TGME49_236595,ankyrin repeat-containing protein,endomembrane vesicles,0.4602507925541706
TGME49_310220,basal complex component BCC10,apical 2,0.45988254849696447
TGME49_305530,hypothetical protein,dense granules,0.4597265601608851
TGME49_247240,"ubiquitin carboxyl-terminal hydrolase, family 1 protein",cytosol,0.45963749058915404
TGME49_201120,ELMO/CED-12 family protein,nucleus - chromatin,0.45953742632487016
TGME49_220640,hypothetical protein,apicoplast,0.45951281899529006
TGME49_221550,"CMGC kinase, MAPK family, MEK kinase-related (incomplete catalytic triad)",PM - peripheral 2,0.45948776291871635
TGME49_311850,hypothetical protein,apicoplast,0.45906000218433074
TGME49_231780,hypothetical protein,Golgi,0.4590310527416043
TGME49_309040,hypothetical protein,nucleus - chromatin,0.45830805754278364
TGME49_250090,hypothetical protein,mitochondrion - soluble,0.4580431138852484
TGME49_304980,hypothetical protein,Golgi,0.4579881837320963
TGME49_253310,hypothetical protein,nucleus - non-chromatin,0.45773867979296695
TGME49_306300,hypothetical protein,apical 1,0.45773732751128493
TGME49_285425,hypothetical protein,apical 1,0.4573583369607502
TGME49_220170,coiled-coil domain-containing protein,nucleus - non-chromatin,0.457085050619385
TGME49_314370,hypothetical protein,mitochondrion - soluble,0.45707425509918886
TGME49_292190,"rRNA-processing protein FCF1, putative",nucleus - non-chromatin,0.45663721528354817
TGME49_278920,hypothetical protein,Golgi,0.4563805923683203
TGME49_313422,hypothetical protein,mitochondrion - soluble,0.4563314515430235
TGME49_313210,hypothetical protein,apicoplast,0.45604629837847926
TGME49_500057,EF-hand domain-containing protein,mitochondrion - soluble,0.45600429742266835
TGME49_289240,DnaJ domain-containing protein,mitochondrion - soluble,0.4559186253030642
TGME49_244500,Tubulin-tyrosine ligase family protein,apical 1,0.45548612457342325
TGME49_278930,Tubulin-tyrosine ligase family protein,mitochondrion - soluble,0.45484012777103283
TGME49_313160,hypothetical protein,mitochondrion - membranes,0.4547522521757965
TGME49_277700,"ribosomal protein S14 precursor, putative",mitochondrion - membranes,0.4546375285317829
TGME49_272890,RNA recognition motif-containing protein,endomembrane vesicles,0.4545947346954372
TGME49_252070,KRUF family protein,dense granules,0.45429491954045964
TGME49_252640,P-type ATPase PMA1,PM - integral,0.4541453764727603
TGME49_308990,"transporter, solute:sodium symporter (SSS) family protein",PM - integral,0.4540018921950557
TGME49_312590,CLASP domain-containing protein,nucleus - chromatin,0.4538810743792572
TGME49_280725,"zinc finger, C2H2 type domain-containing protein",apicoplast,0.4538273601632171
TGME49_217040,hypothetical protein,Golgi,0.4536752499238268
TGME49_295720,"sulfite oxidase, putative",apicoplast,0.45332191717609377
TGME49_211675,hypothetical protein,Golgi,0.4532865184710946
TGME49_316610,hypothetical protein,mitochondrion - soluble,0.4528782243633613
TGME49_225958,hypothetical protein,apicoplast,0.45234289705137193
TGME49_298840,hypothetical protein,PM - peripheral 2,0.4522225673654417
TGME49_235630,hypothetical protein,dense granules,0.4521180347603179
TGME49_236780,"zinc finger, C3HC4 type (RING finger) domain-containing protein",nucleus - chromatin,0.45206477067533507
TGME49_308850,hypothetical protein,Golgi,0.45196039077107236
TGME49_271370,hypothetical protein,nucleus - chromatin,0.4518406886050574
TGME49_270190,protein phosphatase PPM18,PM - peripheral 2,0.4516252093073836
TGME49_250000,hypothetical protein,Golgi,0.4515836969412385
TGME49_200130,Toxoplasma gondii family C protein,dense granules,0.45145191995845924
TGME49_244130,hypothetical protein,PM - peripheral 2,0.45125188254043186
TGME49_319740,"transporter, major facilitator family protein",apicoplast,0.450919788261709
TGME49_318490,"protein arginine N-methyltransferase SFM1-like, putative",mitochondrion - membranes,0.4508816170365919
TGME49_234600,hypothetical protein,PM - peripheral 2,0.4508580933802553
TGME49_274290,Toxoplasma gondii family B protein,mitochondrion - membranes,0.4508225024425116
TGME49_269170,hypothetical protein,apicoplast,0.45081614803016845
TGME49_309230,hypothetical protein,mitochondrion - soluble,0.45063416165937087
TGME49_302150,"ATPase, AAA family protein",Golgi,0.4505229011936723
TGME49_292035,hypothetical protein,nucleus - chromatin,0.45051004201769784
TGME49_242740,hypothetical protein,PM - peripheral 1,0.45049534047594464
TGME49_236020,BT1 family protein,endomembrane vesicles,0.45025732937624985
TGME49_304750,"zinc finger, C3HC4 type (RING finger) domain-containing protein",ER,0.45005948136624446
TGME49_207200,hypothetical protein,mitochondrion - soluble,0.44949049619434284
TGME49_268182,"transporter, major facilitator family protein",PM - integral,0.44940607917503655
TGME49_228680,mitochondrial carrier superfamily protein,PM - integral,0.4493442104691235
TGME49_248150,"AP-5 complex subunit zeta, putative",endomembrane vesicles,0.4493121232981986
TGME49_274090,"TIM10 family protein, putative",mitochondrion - membranes,0.448723653598464
TGME49_253780,"GTP cyclohydrolase I, putative",mitochondrion - soluble,0.44836276420250215
TGME49_246190,centrosome protein CEP530,apical 1,0.4481981117743653
TGME49_216380,"phospholipid-translocating P-type ATPase, flippase subfamily protein",PM - integral,0.44816758144003727
TGME49_240610,hypothetical protein,apicoplast,0.44785186611810024
TGME49_306692,hypothetical protein,PM - peripheral 2,0.4477617926800475
TGME49_257910,hypothetical protein,mitochondrion - soluble,0.4476639841832133
TGME49_254606,hypothetical protein,mitochondrion - soluble,0.44742688283081106
TGME49_277010,SufE-like protein 2,mitochondrion - membranes,0.44736515316510306
TGME49_240310,Toxoplasma gondii family E protein,apicoplast,0.4469801656968898
TGME49_291080,TATA-box binding protein TBP1,apicoplast,0.4469678409958356
TGME49_261730,hypothetical protein,nucleus - chromatin,0.44690883856730346
TGME49_271110,hypothetical protein,mitochondrion - soluble,0.4466835209402571
TGME49_217710,DnaJ domain-containing protein,PM - peripheral 1,0.44667500772478796
TGME49_227400,hypothetical protein,apicoplast,0.4466274854568989
TGME49_268170,hypothetical protein,apicoplast,0.44654377898310094
TGME49_209000,HECT-domain (ubiquitin-transferase) domain-containing protein,nucleus - chromatin,0.4465260580645969
TGME49_300790,hypothetical protein,mitochondrion - membranes,0.4463596430229101
TGME49_294225,hypothetical protein,mitochondrion - membranes,0.44607339048206096
TGME49_271145,hypothetical protein,nucleus - chromatin,0.44604363497423843
TGME49_205200,hypothetical protein,apical 1,0.4460191432819091
TGME49_262020,hypothetical protein,apicoplast,0.4459074451338538
TGME49_271010,hypothetical protein,mitochondrion - membranes,0.4456627290443999
TGME49_312065,hypothetical protein,apicoplast,0.44500900001541044
TGME49_241860,"N-acetylglucosaminyl-phosphatidylinositol biosynthetic protein PigA, family GT4 protein",mitochondrion - soluble,0.44494544307091227
TGME49_200330,basal complex component BCC9,rhoptries 2,0.4449285711983858
TGME49_293620,hypothetical protein,apicoplast,0.44486607324292843
TGME49_236800,hypothetical protein,nucleus - chromatin,0.4448569981739757
TGME49_234550,ribosomal protein RPL29,60S ribosome,0.4446704351004899
TGME49_218870,TBC domain-containing protein TBC3,Golgi,0.44431378014814604
TGME49_277050,SPRY domain-containing protein,nucleus - chromatin,0.4442418369857575
TGME49_313677,hypothetical protein,apicoplast,0.44422816461247355
TGME49_315900,hypothetical protein,apicoplast,0.4440509854907811
TGME49_260650,"glycosyltransferase, group 2 family protein",apicoplast,0.4440220324592955
TGME49_320060,DnaJ domain-containing protein,Golgi,0.44398036216647035
TGME49_273970,CorA family Mg2+ transporter protein,rhoptries 2,0.44355446606289967
TGME49_236190,hypothetical protein,apicoplast,0.4434550794632871
TGME49_217665,hypothetical protein,Golgi,0.44313843509341694
TGME49_500264,"hypothetical protein, conserved",apicoplast,0.4429475062720575
TGME49_500267,"intraflagellar transport protein IFT140, putative",mitochondrion - soluble,0.4428169599932512
TGME49_254485,hypothetical protein,mitochondrion - membranes,0.4427778609072199
TGME49_500009,kinesin-like protein,apicoplast,0.4423718715439277
TGME49_500036,"RNA binding protein, putative",mitochondrion - soluble,0.44225792460298313
TGME49_220290,hypothetical protein,apicoplast,0.4421786123853325
TGME49_228480,hypothetical protein,apicoplast,0.44217801513837374
TGME49_220520,hypothetical protein,nucleus - chromatin,0.44216159574412484
TGME49_318190,phosphoglycerate mutase family protein,nucleus - chromatin,0.4420850997784412
TGME49_262160,"ubiquitin-like protein, putative",mitochondrion - membranes,0.4417115769804015
TGME49_307090,hypothetical protein,PM - peripheral 2,0.4414229036888318
TGME49_500087,"hypothetical protein, conserved",mitochondrion - soluble,0.4409615182040586
TGME49_221560,hypothetical protein,mitochondrion - membranes,0.4408581729657186
TGME49_231280,"WD domain, G-beta repeat-containing protein",nucleus - non-chromatin,0.4405057407950783
TGME49_251800,hypothetical protein,mitochondrion - membranes,0.44050046405252036
TGME49_319890,tyrosine-rich oocyst wall protein,PM - peripheral 1,0.4404388701708399
TGME49_249425,hypothetical protein,apical 1,0.4404357966548218
TGME49_223830,fasciclin domain-containing protein,mitochondrion - soluble,0.440355335103346
TGME49_500058,"ferlin 3, putative",PM - integral,0.44010446845457757
TGME49_313740,zinc finger (CCCH type) motif-containing protein,PM - peripheral 1,0.43988501454578194
TGME49_292960,hypothetical protein,Golgi,0.4398829816745474
TGME49_500012,thrombospondin type 1 domain-containing protein,PM - integral,0.43963477802555023
TGME49_233280,hypothetical protein,ER,0.4396187593580096
TGME49_250350,"CRIPT, putative",mitochondrion - soluble,0.43947814116485373
TGME49_313760,RING zinc finger protein,Golgi,0.4394378928465192
TGME49_273985,hypothetical protein,mitochondrion - membranes,0.43938718878696764
TGME49_207010,SAG-related sequence SRS48K,PM - peripheral 1,0.43934900965335905
TGME49_223440,DEAD/DEAH box helicase domain-containing protein,apicoplast,0.4392216873351652
TGME49_202510,glideosome-associated protein with multiple-membrane spans GAPM1B,PM - integral,0.4391144310027344
TGME49_277560,hypothetical protein,nucleus - chromatin,0.43898371965819805
TGME49_205615,hypothetical protein,apicoplast,0.4389345088061163
TGME49_316690,hypothetical protein,mitochondrion - soluble,0.43872643622806334
TGME49_289860,hypothetical protein,Golgi,0.43871153067902957
TGME49_221340,CRAL-TRIO domain-containing protein,apicoplast,0.43867637665221526
TGME49_246490,sphingolipid synthase,PM - integral,0.43852406398209953
TGME49_207790,"enkurin, putative",mitochondrion - soluble,0.43842555306246606
TGME49_282000,hypothetical protein,PM - peripheral 2,0.438408135675434
TGME49_320560,p25-alpha family protein,mitochondrion - soluble,0.4382992270529478
TGME49_292335,hypothetical protein,PM - peripheral 2,0.43825300456376043
TGME49_219070,cyclic nucleotide-binding domain-containing protein,apical 1,0.4381663188285393
TGME49_252450,hypothetical protein,apicoplast,0.43812808139283776
TGME49_269160,"outer dynein arm docking complex protein ODA1, putative",mitochondrion - soluble,0.4380647720111098
TGME49_230990,hypothetical protein,mitochondrion - soluble,0.43802889848685794
TGME49_288945,hypothetical protein,PM - peripheral 2,0.4377398418482098
TGME49_231050,hypothetical protein,mitochondrion - membranes,0.43766097437939433
TGME49_265340,hypothetical protein,Golgi,0.4374157022803202
TGME49_241830,peptidyl-prolyl cis-trans isomerase,nucleus - non-chromatin,0.4370828283046011
TGME49_289660,hypothetical protein,Golgi,0.43705606280578535
TGME49_251958,SAG-related sequence SRS59B,PM - peripheral 1,0.43690740922638494
TGME49_233330,radial spokehead family protein,apicoplast,0.43686384250942434
TGME49_239755,hypothetical protein,PM - integral,0.43667662545004843
TGME49_310235,hypothetical protein,rhoptries 2,0.4366196177114406
TGME49_226390,hypothetical protein,nucleus - chromatin,0.4365211566189159
TGME49_285260,hypothetical protein,mitochondrion - soluble,0.4363028892299166
TGME49_202410,CRAL/TRIO domain-containing protein,nucleus - chromatin,0.43594474468667777
TGME49_263140,SWI2/SNF2-containing protein RAD26,PM - peripheral 2,0.4355325049245277
TGME49_310520,3'5'-cyclic nucleotide phosphodiesterase PDE12,PM - integral,0.43552594856569365
TGME49_277830,hypothetical protein,apicoplast,0.4349880249585321
TGME49_312690,hypothetical protein,dense granules,0.4348925512765889
TGME49_261590,"ankyrin, putative",cytosol,0.4346927618566944
TGME49_243550,"H-SHIPPO 1, putative",PM - peripheral 1,0.4345306932035943
TGME49_270760,asparagine synthase,nucleus - chromatin,0.4343017214743053
TGME49_500290,"hypothetical protein, conserved",mitochondrion - membranes,0.4342970567189589
TGME49_216800,flagellar/basal body protein,PM - integral,0.4342959026533656
TGME49_253480,"topoisomerase VIA, putative",PM - peripheral 2,0.4341228932003398
TGME49_255620,B9-C2 domain-containing protein,PM - peripheral 1,0.43409111728514593
TGME49_242250,Protein kinase domain-containing protein [Source:UniProtKB/TrEMBL;Acc:S8F3P2],apicoplast,0.43405659729171137
TGME49_249665,hypothetical protein,apicoplast,0.43401823148941154
TGME49_270570,hypothetical protein,mitochondrion - soluble,0.4337894519381128
TGME49_244230,hypothetical protein,apicoplast,0.4337483280930154
TGME49_223120,cyclin-dependent kinase regulatory subunit protein,PM - peripheral 2,0.43359279840335213
TGME49_500023,"hypothetical protein, conserved",Golgi,0.4331900929310766
TGME49_253490,hypothetical protein,nucleus - chromatin,0.4328248914156572
TGME49_220208,hypothetical protein,mitochondrion - soluble,0.43280195811297145
TGME49_291005,hypothetical protein,PM - peripheral 2,0.43280194441267633
TGME49_204560,"type I fatty acid synthase, putative",PM - peripheral 2,0.4326152525266521
TGME49_313418,hypothetical protein,mitochondrion - membranes,0.43258086118419864
TGME49_223560,hypothetical protein,PM - integral,0.43238472852940957
TGME49_321800,EGF family domain-containing protein,micronemes,0.43208195923675363
TGME49_202735,hypothetical protein,apicoplast,0.4319722300372114
TGME49_243298,"metacaspase MCA3, putative",nucleus - chromatin,0.4318415777750256
TGME49_251910,hypothetical protein,dense granules,0.4317365572053643
TGME49_206710,hypothetical protein,apical 2,0.4315808777270248
TGME49_248770,hypothetical protein,apicoplast,0.43151055016611406
TGME49_263350,hypothetical protein,PM - integral,0.4314256202761936
TGME49_289810,hypothetical protein,mitochondrion - membranes,0.43115458673676116
TGME49_253660,"RING finger protein, putative",PM - peripheral 1,0.4307522513790733
TGME49_322120,rhoptry kinase family protein,apicoplast,0.430492181008288
TGME49_272285,tetratricopeptide repeat-containing protein,apicoplast,0.43025547912635526
TGME49_272430,perforin-like protein PLP2,PM - peripheral 1,0.4302053678342146
TGME49_285480,hypothetical protein,apicoplast,0.4301515719853837
TGME49_500019,"hypothetical protein, conserved",Golgi,0.4301444522765899
TGME49_264190,"pseudouridine synthase, putative",nucleus - non-chromatin,0.42995294885073737
TGME49_240900,AP2 domain transcription factor AP2VI-2,apical 1,0.42955933745516495
TGME49_213600,hypothetical protein,mitochondrion - soluble,0.4294359673773163
TGME49_205562,hypothetical protein,nucleus - chromatin,0.42836070854889485
TGME49_249890,hypothetical protein,nucleus - chromatin,0.4282645975740552
TGME49_308590,Mov34/MPN/PAD-1 family protein,mitochondrion - soluble,0.42812267488106875
TGME49_318640,hypothetical protein,apicoplast,0.42811726827380675
TGME49_258920,hypothetical protein,mitochondrion - membranes,0.428068353683229
TGME49_311660,"histone lysine methyltransferase, SET, putative",nucleus - chromatin,0.42800743848002415
TGME49_263120,hypothetical protein,mitochondrion - soluble,0.4276847492481008
TGME49_297680,"calmodulin, putative",PM - peripheral 1,0.4276456589482585
TGME49_204280,cell-cycle-associated protein kinase DYRK1,nucleus - chromatin,0.42716545027219355
TGME49_228390,hypothetical protein,apicoplast,0.427092509692072
TGME49_228080,dihydrouridine synthase (dus) protein,nucleus - chromatin,0.42708291138155113
TGME49_295100,hypothetical protein,nucleus - chromatin,0.4270262737900323
TGME49_208810,"peptidyl-prolyl cis-trans isomerase, putative",mitochondrion - soluble,0.426510671431564
TGME49_216375,hypothetical protein,ER,0.42641825183411064
TGME49_201820,hypothetical protein,nucleus - chromatin,0.42635580106096854
TGME49_269280,hypothetical protein,mitochondrion - membranes,0.4261568435888504
TGME49_274170,protein kinase (incomplete catalytic triad),dense granules,0.4260802697955953
TGME49_248610,apicomplexan amino acid transporter ApiAT5-1,Golgi,0.4258527911606771
TGME49_316750,DEAD/DEAH box helicase domain-containing protein,nucleus - chromatin,0.42575344954765554
TGME49_239640,hypothetical protein,Golgi,0.4257309408628117
TGME49_260610,methyltransferase,nucleus - non-chromatin,0.4256203178069469
TGME49_259410,SAG-related sequence SRS26A,PM - peripheral 1,0.42540319691774403
TGME49_200110,hypothetical protein,apicoplast,0.4253006440693397
TGME49_210975,hypothetical protein,apicoplast,0.42524673757581505
TGME49_500061,PAN domain-containing protein,apicoplast,0.42498634575153177
TGME49_223485,"protein MPODD, putative",mitochondrion - soluble,0.4249685104584792
TGME49_290645,hypothetical protein,apicoplast,0.4249469029038984
TGME49_203300,DUF726 domain-containing protein,Golgi,0.4247654047279476
TGME49_308075,hypothetical protein,rhoptries 2,0.4246665176329195
TGME49_278565,hypothetical protein,PM - peripheral 2,0.4246401712535613
TGME49_319390,hypothetical protein,mitochondrion - membranes,0.42457630966243914
TGME49_225745,hypothetical protein,nucleus - chromatin,0.42444408958966845
TGME49_276230,Toxoplasma gondii family B protein,PM - peripheral 1,0.42443627864979855
TGME49_318390,hypothetical protein,Golgi,0.42440437494735167
TGME49_244060,ankyrin repeat-containing protein,PM - peripheral 2,0.424150271544358
TGME49_257330,hypothetical protein,apicoplast,0.4238657113890452
TGME49_252465,radical SAM domain-containing protein,mitochondrion - soluble,0.42384391742904737
TGME49_226755,3'5'-cyclic nucleotide phosphodiesterase PDE18,ER,0.4238225187569004
TGME49_211600,hypothetical protein,nucleus - chromatin,0.4236825950282639
TGME49_231175,hypothetical protein,PM - peripheral 1,0.42365233387204176
TGME49_208050,"ABC transporter, putative",apicoplast,0.4235996097451365
TGME49_292320,"queuine tRNA-ribosyltransferase, putative",PM - peripheral 2,0.4235944412187519
TGME49_319880,MORN repeat-containing protein,nucleus - chromatin,0.4235516610942233
TGME49_219730,hypothetical protein,apical 1,0.4235474202053738
TGME49_309830,hypothetical protein,apicoplast,0.4233258785297367
TGME49_302450,"TFIIH basal transcription factor complex helicase XPB subunit, putative",Golgi,0.423271795068375
TGME49_230170,hypothetical protein,dense granules,0.4232592926193553
TGME49_216950,helicase,nucleus - non-chromatin,0.4231789384960784
TGME49_209945,hypothetical protein,mitochondrion - soluble,0.42317442177954123
TGME49_319960,hypothetical protein,mitochondrion - membranes,0.4230929805435429
TGME49_221500,"dual specificity phosphatase, catalytic domain-containing protein",nucleus - non-chromatin,0.4229240056733695
TGME49_203050,AP2 domain transcription factor AP2VIIa-6,dense granules,0.4228610356624926
TGME49_213415,hypothetical protein,apicoplast,0.42249376060125227
TGME49_268560,XPG N-terminal domain-containing protein,nucleus - chromatin,0.42242101624929423
TGME49_261390,hypothetical protein,PM - peripheral 2,0.42241959614883273
TGME49_288330,"histone lysine methyltransferase, SET, putative",nucleus - chromatin,0.4221149995481267
TGME49_224840,3'5'-cyclic nucleotide phosphodiesterase PDE11,PM - integral,0.42197706479334696
TGME49_318340,hypothetical protein,mitochondrion - soluble,0.42188149705151046
TGME49_500354,"hypothetical protein, conserved",mitochondrion - membranes,0.42174570965508695
TGME49_254910,hypothetical protein,PM - peripheral 2,0.4217071993125013
TGME49_219370,hypothetical protein,dense granules,0.4216780565320878
TGME49_226925,hypothetical protein,Golgi,0.4214226543756336
TGME49_500421,"hypothetical protein, conserved",apicoplast,0.4210704369334744
TGME49_299820,hypothetical protein,mitochondrion - membranes,0.4208916109425884
TGME49_276830,hypothetical protein,mitochondrion - soluble,0.4208747947290889
TGME49_284680,hypothetical protein,rhoptries 2,0.4208603537805312
TGME49_287450,hypothetical protein,mitochondrion - membranes,0.42083218339407197
TGME49_205430,isovaleryl-CoA dehydrogenase,apicoplast,0.4206763174949212
TGME49_233920,"zinc finger, C3HC4 type (RING finger) domain-containing protein",apicoplast,0.4206583414749887
TGME49_240400,hypothetical protein,mitochondrion - soluble,0.4206557433951247
TGME49_290990,HEAT repeat-containing protein,nucleus - chromatin,0.42064959549902575
TGME49_286020,hypothetical protein,mitochondrion - membranes,0.4206223169864556
TGME49_324900,STAS domain-containing protein,Golgi,0.42061272688263607
TGME49_254640,"DNA polymerase delta subunit 4, putative",Golgi,0.4205584465911967
TGME49_289900,n-acetyltransferase family protein,mitochondrion - membranes,0.42055382415561593
TGME49_275420,histone lysine-specific demethylase LSD1/BHC110/KDMA1A,apicoplast,0.42046933807018744
TGME49_289610,hypothetical protein,Golgi,0.4204595312317223
TGME49_259530,GalNac,PM - peripheral 2,0.42028157157051094
TGME49_320525,DUF1308 domain-containing protein,mitochondrion - membranes,0.42005144315164294
TGME49_209740,hypothetical protein,mitochondrion - membranes,0.42001345537046864
TGME49_278940,HECT-domain (ubiquitin-transferase) domain-containing protein,nucleus - chromatin,0.41999639080130746
TGME49_277070,SWI2/SNF2-containing protein,endomembrane vesicles,0.41991919707415826
TGME49_500303,PAN domain-containing protein,Golgi,0.4198644937377662
TGME49_246763,hypothetical protein,apicoplast,0.4198012197429482
TGME49_300990,Toxoplasma gondii family C protein,dense granules,0.4196886614092421
TGME49_228990,zinc finger (CCCH type) motif-containing protein,apicoplast,0.4196548771424336
TGME49_246535,hypothetical protein,mitochondrion - membranes,0.4195867097258061
TGME49_293490,hypothetical protein,ER,0.41951172554985205
TGME49_262530,leucine rich repeat-containing protein,cytosol,0.41943088733258344
TGME49_273060,"ribosomal protein S17, putative",mitochondrion - soluble,0.41915420367927214
TGME49_288540,nucleoside transporter protein,PM - integral,0.4191184469608624
TGME49_217620,"translation initiation factor IF-1, putative",mitochondrion - soluble,0.41898082074389376
TGME49_273280,hypothetical protein,mitochondrion - soluble,0.4189560651885527
TGME49_261630,gamma interferon inducible lysosomal thiol reductase (GILT) protein,PM - peripheral 1,0.41891048573625217
TGME49_244860,PH domain-containing protein,PM - peripheral 2,0.4186139212078601
TGME49_266890,hypothetical protein,rhoptries 1,0.4184562202352354
TGME49_223450,ubiquitin carboxyl-terminal hydrolase,nucleus - chromatin,0.41844900733507595
TGME49_221855,hypothetical protein,apicoplast,0.41832097004188173
TGME49_209050,Tyrosine kinase-like (TKL) protein,rhoptries 2,0.417946550339428
TGME49_217700,AP2 domain transcription factor AP2XII-2,apical 1,0.417665946725457
TGME49_313650,hypothetical protein,apicoplast,0.4175110737186138
TGME49_314550,hypothetical protein,mitochondrion - soluble,0.41750429315638243
TGME49_287990,hypothetical protein,apicoplast,0.41738474134466086
TGME49_215080,hypothetical protein,nucleus - chromatin,0.41721572776728255
TGME49_275430,hypothetical protein,apicoplast,0.41699597374794134
TGME49_500258,EF hand domain-containing protein,apicoplast,0.4166991499927277
TGME49_318660,protein phosphatase PPM5B,PM - peripheral 2,0.4163566814573162
TGME49_227930,hypothetical protein,apicoplast,0.4160937311396364
TGME49_257945,3'5'-cyclic nucleotide phosphodiesterase PDE17,ER,0.41597306660617206
TGME49_249410,hypothetical protein,nucleus - non-chromatin,0.415785876930895
TGME49_209630,coiled-coil domain-containing protein,nucleus - non-chromatin,0.4156581502254151
TGME49_269150,palmitoyltransferase DHHC9,PM - integral,0.4156475264384621
TGME49_209585,hypothetical protein,Golgi,0.4155302849065565
TGME49_290570,hypothetical protein,mitochondrion - soluble,0.4154570641275363
TGME49_250670,hypothetical protein,dense granules,0.41534497169532
TGME49_226480,DNA topoisomerase family protein,cytosol,0.41513082431875453
TGME49_253030,"glycosyl hydrolase, family 31 protein",endomembrane vesicles,0.41495034253950663
TGME49_203830,FHA domain-containing protein,PM - peripheral 2,0.4149187826578339
TGME49_280470,AP2 domain transcription factor AP2VIIa-1,apical 1,0.4148437328243751
TGME49_204510,"WD domain, G-beta repeat-containing protein",PM - peripheral 2,0.41448065884362983
TGME49_310410,"WD domain, G-beta repeat-containing protein",nucleolus,0.4143519648777559
TGME49_245770,hypothetical protein,apicoplast,0.41428585102714305
TGME49_300230,"nuclease, putative",ER,0.4142278248266033
TGME49_234570,sterol carrier protein-2 HAD-2SCP-2,endomembrane vesicles,0.41415559190155166
TGME49_320090,hypothetical protein,mitochondrion - membranes,0.41393962289283176
TGME49_320715,hypothetical protein,mitochondrion - soluble,0.41388469444650583
TGME49_249880,hypothetical protein,nucleus - chromatin,0.41386774626779826
TGME49_250720,hypothetical protein,mitochondrion - soluble,0.4138558128783349
TGME49_206350,"ER-retrevial receptor Ter1p, putative",ER,0.4138357597685007
TGME49_208760,hypothetical protein,dense granules,0.41382554018374496
TGME49_219090,hypothetical protein,apicoplast,0.41382481861816656
TGME49_297910,hypothetical protein,PM - peripheral 1,0.4135768468069081
TGME49_214120,hypothetical protein,apicoplast,0.41330637029601697
TGME49_217770,hypothetical protein,nucleus - chromatin,0.4122817970734365
TGME49_227070,hypothetical protein,PM - peripheral 2,0.4120231367075147
TGME49_316100,queuine trna-ribosyltransferase domain-containing protein,mitochondrion - soluble,0.411893364333843
TGME49_224800,hypothetical protein,PM - integral,0.41182314199681763
TGME49_244520,"glycosyl transferase, group 4 family protein",ER,0.411707397831909
TGME49_242300,dihydrodipicolinate synthase,mitochondrion - soluble,0.41159938865260254
TGME49_231840,preconoidal region protein PCR3,apical 1,0.4115895141879413
TGME49_270160,hypothetical protein,apicoplast,0.4115705039072953
TGME49_316210,hypothetical protein,mitochondrion - membranes,0.411556222777885
TGME49_500274,"hypothetical protein, conserved",Golgi,0.41146568956359786
TGME49_228730,CRT domain-containing protein,Golgi,0.4114298972361711
TGME49_303050,"zinc finger, c2h2 type family protein",apicoplast,0.4114133480745709
TGME49_243220,hypothetical protein,apicoplast,0.4112918242312833
TGME49_293500,hypothetical protein,rhoptries 1,0.41127250996325876
TGME49_248440,hypothetical protein,mitochondrion - soluble,0.41109430440351263
TGME49_229660,hypothetical protein,mitochondrion - membranes,0.41102658651664326
TGME49_288260,ADP-ribosylation factor-like protein ArlX3,Golgi,0.41093161717950477
TGME49_225250,"LSU ribosomal protein L14P, putative",mitochondrion - soluble,0.4107374027531235
TGME49_209520,"WD domain, G-beta repeat-containing protein",nucleus - chromatin,0.4106974528047016
TGME49_232420,hypothetical protein,mitochondrion - membranes,0.4106731111059416
TGME49_266710,NEK kinase,PM - peripheral 1,0.4106523832186073
TGME49_320470,hypothetical protein,mitochondrion - membranes,0.41033725810641214
TGME49_500014,"hypothetical protein, conserved",mitochondrion - soluble,0.4099363195306647
TGME49_222180,hypothetical protein,mitochondrion - membranes,0.4098406913944655
TGME49_240525,hypothetical protein,Golgi,0.4096024644147284
TGME49_500119,"CRAL/TRIO domain-containing protein, putative",apicoplast,0.4093774431488246
TGME49_266900,"cyclin, N-terminal domain-containing protein",Golgi,0.40935905623925833
TGME49_293660,hypothetical protein,apicoplast,0.40934701460247214
TGME49_273290,Mpv17 / PMP22 family protein,mitochondrion - membranes,0.4092532163283595
TGME49_302053,ribosomal protein S7,Golgi,0.4092146606341008
TGME49_225130,hypothetical protein,mitochondrion - soluble,0.40906368550700883
TGME49_257760,hypothetical protein,Golgi,0.40896809553735575
TGME49_258670,hypothetical protein,mitochondrion - membranes,0.40895705468492544
TGME49_208510,hypothetical protein,nucleus - chromatin,0.4087274685744622
TGME49_500008,"CCCH-type zinc finger protein, putative",mitochondrion - soluble,0.4087092640421151
TGME49_500166,"hypothetical protein, conserved",mitochondrion - soluble,0.4085961634233625
TGME49_277260,hypothetical protein,apicoplast,0.40845129104174094
TGME49_207965,"FAD-dependent oxidoreductase, putative",mitochondrion - soluble,0.40833310576706916
TGME49_213780,radical SAM domain-containing protein,endomembrane vesicles,0.4081811565294471
TGME49_205190,hypothetical protein,mitochondrion - soluble,0.40814035638628565
TGME49_210345,hypothetical protein,nucleus - chromatin,0.4080037847184195
TGME49_266368,hypothetical protein,mitochondrion - soluble,0.4078022078993163
TGME49_244940,hypothetical protein,PM - peripheral 2,0.40763514624155617
TGME49_240243,hypothetical protein,mitochondrion - soluble,0.4075683314595541
TGME49_272770,LTV1 domain-containing protein,nucleolus,0.40743103647710427
TGME49_220920,hypothetical protein,mitochondrion - soluble,0.4073668731836334
TGME49_275660,"methyltransferase, putative",PM - peripheral 1,0.4072693862603652
TGME49_500355,ankyrin repeat-containing protein,mitochondrion - soluble,0.40723277551043247
TGME49_289790,spindle and kinetochore-associated protein SKA3,apicoplast,0.40712208857179544
TGME49_281650,hypothetical protein,apical 1,0.4070227719347718
TGME49_307770,pantothenate kinase 1,apicoplast,0.4069845720537237
TGME49_282020,hypothetical protein,Golgi,0.40688100347676187
TGME49_237490,centrin family protein,PM - peripheral 1,0.40682187651537327
TGME49_216740,riboflavin kinase,nucleus - chromatin,0.4067488192638117
TGME49_221275,hypothetical protein,apicoplast,0.4066807833332289
TGME49_281530,hypothetical protein,Golgi,0.40654342058733156
TGME49_240300,"zinc finger domain, LSD1 subclass domain-containing protein",nucleus - chromatin,0.40646999779476234
TGME49_225490,calcium-dependent protein kinase CDPK2,rhoptries 2,0.40616256615016894
TGME49_268240,hypothetical protein,nucleus - chromatin,0.40612377342039935
TGME49_314875,RIC1 protein,nucleus - chromatin,0.40597694585349325
TGME49_289200,RAP domain-containing protein,mitochondrion - soluble,0.4059378213976343
TGME49_308050,thioredoxin domain-containing protein,19S proteasome,0.40592237686999866
TGME49_216470,hypothetical protein,apicoplast,0.4057617893905603
TGME49_311425,hypothetical protein,Golgi,0.40546200766652474
TGME49_252870,hypothetical protein,mitochondrion - soluble,0.4053374612188489
TGME49_294860,basal complex component BCC0,nucleus - chromatin,0.4053156004673109
TGME49_500054,"c-Myc-binding protein, putative",mitochondrion - membranes,0.4050312833597193
TGME49_289060,hypothetical protein,apicoplast,0.4049272560766244
TGME49_313630,VPS13 domain-containing protein,nucleus - chromatin,0.40490383296561905
TGME49_294808,hypothetical protein,mitochondrion - membranes,0.40487430084802856
TGME49_259205,hypothetical protein,apicoplast,0.4048601691421508
TGME49_327900,hypothetical protein,mitochondrion - membranes,0.4047587735745165
TGME49_259130,4-hydroxybenzoate polyprenyl transferase,mitochondrion - membranes,0.4046840474476658
TGME49_224740,hypothetical protein,nucleus - non-chromatin,0.4046280773617258
TGME49_216160,hypothetical protein,apicoplast,0.4046064484330136
TGME49_288700,structural maintenance of chromosomes protein SMC1,nucleus - chromatin,0.4040700557004725
TGME49_213460,hypothetical protein,mitochondrion - soluble,0.403960793160348
TGME49_202140,enoyl-CoA hydratase/isomerase family protein,mitochondrion - soluble,0.403912545353266
TGME49_207910,calcium/proton exchanger CAX,PM - integral,0.40386499446851876
TGME49_235360,hypothetical protein,mitochondrion - soluble,0.4037658635678932
TGME49_278518,N-acetylgalactosaminyl transferase,Golgi,0.4037300978890088
TGME49_251750,MORN repeat-containing protein,PM - peripheral 2,0.4036749138654092
TGME49_203500,alanine dehydrogenase/pyridine nucleotide transhydrogenase domain-containing protein,mitochondrion - membranes,0.4035693147678151
TGME49_286910,hypothetical protein,mitochondrion - membranes,0.4034252537213261
TGME49_500079,"cilia- and flagella-associated protein 69, putative",apicoplast,0.40323933558664676
TGME49_322010,myosin-light-chain kinase,rhoptries 1,0.4031068478174846
TGME49_329100,Toxoplasma gondii family C protein,Golgi,0.4027802026167992
TGME49_253110,"kinesin-8, putative",apicoplast,0.40267307330500174
TGME49_210255,mitochondrial import receptor subunit TOM7,mitochondrion - membranes,0.4023845274130988
TGME49_273020,hypothetical protein,apicoplast,0.4023831914457704
TGME49_269720,hypothetical protein,mitochondrion - soluble,0.4022648423389988
TGME49_204395,hypothetical protein,mitochondrion - membranes,0.40224129558018507
TGME49_274700,hypothetical protein,apicoplast,0.4021278718700935
TGME49_227260,RIO1 family protein,nucleus - non-chromatin,0.4020038818203199
TGME49_297210,"E3 ubiquitin-protein ligase RBBP6, putative",nucleus - chromatin,0.4018788201060643
TGME49_268320,hypothetical protein,nucleus - chromatin,0.40185039868393885
TGME49_309610,hypothetical protein,Golgi,0.40174619729244326
TGME49_500159,hypothetical protein,Golgi,0.4016149098668883
TGME49_500235,"hypothetical protein, conserved",mitochondrion - membranes,0.4015212487255454
TGME49_315520,calcium-binding egf domain-containing protein CBDP1,micronemes,0.40139934908108377
TGME49_500310,"nucleotidyltransferase, putative",mitochondrion - soluble,0.40083261727662606
TGME49_310720,hypothetical protein,nucleus - chromatin,0.40081519971411744
TGME49_205290,glucan phosphatase Laforin,PM - peripheral 2,0.40062401947728976
TGME49_227580,amino acid transporter AAT4,PM - integral,0.4004846538160149
TGME49_310620,starch binding domain-containing protein,PM - peripheral 2,0.4003399978087739
TGME49_254150,hypothetical protein,dense granules,0.40015142244880986
TGME49_222250,hypothetical protein,nucleus - chromatin,0.3999973463023845
TGME49_232740,hypothetical protein,rhoptries 2,0.3997432611757675
TGME49_283770,hypothetical protein,PM - peripheral 2,0.39971054901737546
TGME49_269320,hypothetical protein,Golgi,0.39968206559385183
TGME49_207700,rhoptry kinase family protein ROP22 (incomplete catalytic triad),apicoplast,0.399487807217834
TGME49_293240,triacylglycerol lipase,PM - peripheral 2,0.3994346835357212
TGME49_201690,BT1 family protein,micronemes,0.3992965826581224
TGME49_257420,hypothetical protein,mitochondrion - soluble,0.39923125957846495
TGME49_204500,hypothetical protein,dense granules,0.39920864504343395
TGME49_233780,hypothetical protein,Golgi,0.39916273305181493
TGME49_310510,hypothetical protein,Golgi,0.3991393744611733
TGME49_324100,hypothetical protein,mitochondrion - membranes,0.3990345439433929
TGME49_291580,hypothetical protein,mitochondrion - membranes,0.3990319206950413
TGME49_213100,hypothetical protein,mitochondrion - membranes,0.3989610090715075
TGME49_231625,hypothetical protein,mitochondrion - soluble,0.3988458427399179
TGME49_211610,hypothetical protein,apical 1,0.3987675012707704
TGME49_218570,Nin one binding (NOB1) Zn-ribbon family protein,nucleus - non-chromatin,0.3987021465232661
TGME49_271210,4-alpha-glucanotransferase,PM - peripheral 2,0.39861931182285193
TGME49_231470,hypothetical protein,apicoplast,0.39856253979977285
TGME49_315330,SAG-related sequence SRS52D,PM - peripheral 1,0.39853824324103143
TGME49_293520,hypothetical protein,mitochondrion - membranes,0.3979412201719213
TGME49_311420,hypothetical protein,PM - integral,0.39787202642759556
TGME49_218800,hypothetical protein,dense granules,0.3977537331421438
TGME49_294290,Der1ER1,ER,0.39744672809409165
TGME49_286520,hypothetical protein,apicoplast,0.3973227224627519
TGME49_315660,hypothetical protein,apicoplast,0.3972876502857163
TGME49_223900,hypothetical protein,Golgi,0.39723562424459014
TGME49_235370,"protein kinase, putative",apical 1,0.3972322179977691
TGME49_287515,hypothetical protein,mitochondrion - membranes,0.39697204021173255
TGME49_321900,"fructose-1,6-bisphosphate aldolase",mitochondrion - membranes,0.39690283287600214
TGME49_271860,tRNA (Uracil-5-)-methyltransferase,apicoplast,0.3966532495507236
TGME49_295640,peptidase family M13 protein,endomembrane vesicles,0.39664499891075833
TGME49_220630,hypothetical protein,dense granules,0.39655563394685933
TGME49_201230,kinesin motor domain-containing protein,apical 1,0.3963992490825916
TGME49_259155,hypothetical protein,mitochondrion - soluble,0.3963650498216724
TGME49_252990,hypothetical protein,mitochondrion - soluble,0.39615127088335683
TGME49_266065,hypothetical protein,mitochondrion - soluble,0.39610766228125766
TGME49_275600,diacylglycerol acyltransferase,Golgi,0.39608572941706305
TGME49_217800,hypothetical protein,mitochondrion - membranes,0.39600001291527437
TGME49_319630,hypothetical protein,mitochondrion - membranes,0.39598673481141705
TGME49_209755,cyst matrix protein MAG2,apicoplast,0.39597811690177953
TGME49_216370,golgi localizing protein GLP2,mitochondrion - membranes,0.3959386650559421
TGME49_211400,DEAD/DEAH box helicase domain-containing protein,nucleolus,0.3958123394197575
TGME49_319860,DNA polymerase family B protein,apicoplast,0.3957523843288867
TGME49_306950,RAP domain-containing protein,apicoplast,0.3957502164978772
TGME49_212780,hypothetical protein,apical 2,0.395380220518408
TGME49_247980,hypothetical protein,Golgi,0.39508439284084385
TGME49_266650,hypothetical protein,PM - peripheral 2,0.3950675606525356
TGME49_322020,hypothetical protein,mitochondrion - membranes,0.3947278036857936
TGME49_220560,"transmembrane protein TauE, putative",micronemes,0.3943273909539392
TGME49_255970,histone lysine methyltransferase SET/SUV39,apicoplast,0.3941724476328161
TGME49_500436,"EF-hand calcium-binding domain-containing protein 10, putative",mitochondrion - soluble,0.39388114008924474
TGME49_241165,hypothetical protein,mitochondrion - soluble,0.39367676272564844
TGME49_264250,hypothetical protein,mitochondrion - membranes,0.39349868930065507
TGME49_221240,hypothetical protein,Golgi,0.3931994967049944
TGME49_319710,kinesin motor domain-containing protein,PM - peripheral 2,0.3931766388209353
TGME49_273610,hypothetical protein,apicoplast,0.3931025032216589
TGME49_257120,sugar transporter ST1,rhoptries 2,0.39308333817096525
TGME49_269760,'chromo' (CHRromatin Organization MOdifier) domain-containing protein,PM - peripheral 2,0.39303748707216574
TGME49_228030,hypothetical protein,Golgi,0.39302496153244104
TGME49_201100,hypothetical protein,ER 2,0.3926662730853949
TGME49_247340,PIH1 domain-containing protein,PM - peripheral 1,0.39246287201748087
TGME49_243590,endonuclease/exonuclease/phosphatase family protein,cytosol,0.3923429519826571
TGME49_259020,bradyzoite antigen BAG1,endomembrane vesicles,0.3921241996632749
TGME49_257568,hypothetical protein,mitochondrion - membranes,0.3920384261703124
TGME49_202190,hypothetical protein,PM - peripheral 2,0.3919524337072075
TGME49_212240,"beta-1 tubulin, putative",PM - peripheral 2,0.3919219555386067
TGME49_310280,Phosphoethanolamine-cytidyltransferase,nucleus - non-chromatin,0.39185086777978284
TGME49_259115,ABC1 family protein,Golgi,0.3917954928168291
TGME49_500027,"hypothetical protein, conserved",Golgi,0.39174747838874097
TGME49_328800,hypothetical protein,apicoplast,0.39165533458949897
TGME49_248490,hypothetical protein,mitochondrion - membranes,0.3916309241620425
TGME49_264790,hypothetical protein,endomembrane vesicles,0.39109049239228955
TGME49_231996,hypothetical protein,apicoplast,0.3910865818549625
TGME49_306050,FAS1 domain-containing protein,ER 2,0.39089318131934886
TGME49_500085,"P-type ATPase, putative",apicoplast,0.39075385957112224
TGME49_204140,PHD-finger domain-containing protein,apicoplast,0.3906921415873036
TGME49_258720,"Ubiquitin family protein, putative",cytosol,0.39067551826163444
TGME49_300070,hypothetical protein,PM - peripheral 2,0.3906416207007522
TGME49_322200,"apocytochrome b, putative",apicoplast,0.3905877639524182
TGME49_305490,"programmed cell death protein 2, c-terminal domain-containing protein",mitochondrion - membranes,0.39041001484749616
TGME49_307840,striated fiber assemblin SFA1,cytosol,0.3900936173399067
TGME49_294820,"type I fatty acid synthase, putative",PM - peripheral 2,0.3900218650674252
TGME49_205280,hypothetical protein,Golgi,0.38987921273804915
TGME49_235010,hypothetical protein,PM - peripheral 2,0.38965538801168353
TGME49_500201,"hypothetical protein, conserved",mitochondrion - membranes,0.38952171793977153
TGME49_221450,SPRY domain-containing protein,mitochondrion - soluble,0.389263484938733
TGME49_260480,leucine rich repeat-containing protein,apicoplast,0.38923486881465374
TGME49_315100,hypothetical protein,apicoplast,0.38922412939355805
TGME49_263135,hypothetical protein,PM - peripheral 2,0.38877671120876856
TGME49_242240,rhoptry kinase family protein ROP19A,rhoptries 2,0.38856935248292157
TGME49_500033,"hypothetical protein, conserved",mitochondrion - soluble,0.38844549915175286
TGME49_286040,hypothetical protein,PM - peripheral 1,0.38821177038610793
TGME49_231020,hypothetical protein,mitochondrion - soluble,0.3881990314491395
TGME49_269110,"ornithine aminotransferase, mitochondrial precursor, putative",PM - peripheral 2,0.388142591140938
TGME49_298960,Toxoplasma gondii family C protein,PM - peripheral 2,0.38812314269769205
TGME49_500049,"hypothetical protein, conserved",mitochondrion - soluble,0.38794982188688915
TGME49_210260,NAD-dependent glycerol-3-phosphate dehydrogenase,PM - peripheral 2,0.3879226239810484
TGME49_202110,hypothetical protein,Golgi,0.38787060264871526
TGME49_232560,hypothetical protein,apical 1,0.38742303902327124
TGME49_212937,hypothetical protein,mitochondrion - membranes,0.3872594990511014
TGME49_253530,"ribonuclease P/MRP protein subunit POP5, putative",nucleolus,0.3871587377077915
TGME49_500071,"sugar transporter, putative",Golgi,0.38714147354347983
TGME49_236900,hypothetical protein,Golgi,0.3870001797662676
TGME49_271320,hypothetical protein,mitochondrion - soluble,0.3869880712151378
TGME49_224010,hypothetical protein,ER,0.38692602677174653
TGME49_302003,ORF E,apicoplast,0.3868840165743693
TGME49_270650,deoxyribose-phosphate aldolase,endomembrane vesicles,0.3867190655005546
TGME49_321580,"membrane protein, putative",Golgi,0.3866823579791293
TGME49_216970,"coronin, putative",endomembrane vesicles,0.3866706292115218
TGME49_269670,hypothetical protein,apicoplast,0.38613326584852237
TGME49_245530,hypothetical protein,Golgi,0.38609811448181364
TGME49_203010,aurora-related kinase ARK3,apical 1,0.3860090674575331
TGME49_208980,hypothetical protein,dense granules,0.3859612729594927
TGME49_294570,rhodanese family domain-containing protein,apicoplast,0.38593709962321343
TGME49_299220,hypothetical protein,PM - peripheral 2,0.3859254975687903
TGME49_203030,N-methyl-D-aspartate receptor-associated protein,Golgi,0.3858196400947957
TGME49_243330,hypothetical protein,mitochondrion - soluble,0.38533854109055266
TGME49_500438,SPAG17 domain-containing protein,mitochondrion - membranes,0.3853180430611447
TGME49_230500,hypothetical protein,mitochondrion - soluble,0.3852412109573186
TGME49_278005,hypothetical protein,mitochondrion - soluble,0.38498528618371375
TGME49_500248,"hypothetical protein, conserved",apicoplast,0.38474706637464784
TGME49_225090,WD repeat-containing protein,nucleus - chromatin,0.38468136429033256
TGME49_213748,hypothetical protein,mitochondrion - membranes,0.38449105511567805
TGME49_237130,"cytochrome b, putative",mitochondrion - membranes,0.38437683018767516
TGME49_285740,hypothetical protein,mitochondrion - membranes,0.3843720588643988
TGME49_242055,DEAD/DEAH box helicase domain-containing protein,apicoplast,0.3843479493297094
TGME49_288730,"DNA polymerase, putative",PM - peripheral 2,0.384307131110175
TGME49_286640,GTPase,mitochondrion - soluble,0.3842570684565031
TGME49_208380,hypothetical protein,endomembrane vesicles,0.3840397413948972
TGME49_280580,SAG-related sequence SRS35B,ER 2,0.38399842371732523
TGME49_213950,hypothetical protein,Golgi,0.38390976212567374
TGME49_278260,polynucleotide adenylyltransferase,endomembrane vesicles,0.38388924645305084
TGME49_269730,myosin-light-chain kinase,apical 1,0.38373482196717984
TGME49_500361,"aminopeptidase, putative",PM - integral,0.38355019730650586
TGME49_253550,"WD repeat-containing protein 92, putative",PM - peripheral 1,0.38345676434067394
TGME49_248225,"PF2 arrest specific protein 8/11, putative",PM - peripheral 1,0.38342487639515205
TGME49_277950,lipase,mitochondrion - soluble,0.38324142800787375
TGME49_237080,hypothetical protein,mitochondrion - membranes,0.3831272580683492
TGME49_285990,Filamin/ABP280 repeat-containing protein,apical 2,0.38305386274637193
TGME49_280390,"kinetochore protein STU2, putative",PM - peripheral 2,0.3829821335566807
TGME49_500365,"tRNA (guanine-N1-)-methyltransferase, putative",mitochondrion - soluble,0.38285230161422995
TGME49_244890,"cyclin, putative",apicoplast,0.3827887314419254
TGME49_319500,TMEM121 domain-containing protein,PM - integral,0.38275771415635107
TGME49_206700,hypothetical protein,mitochondrion - soluble,0.38274329355133735
TGME49_253770,hypothetical protein,apicoplast,0.3827307580280851
TGME49_307260,Toxoplasma gondii family C protein,PM - peripheral 2,0.38214696842437795
TGME49_500325,WD repeat-containing protein,apicoplast,0.38213724728957527
TGME49_266270,short-chain-acyl-CoA dehydrogenase,cytosol,0.38210205362110083
TGME49_311760,hypothetical protein,PM - peripheral 2,0.38168245475718465
TGME49_284180,hypothetical protein,nucleus - chromatin,0.381422034046987
TGME49_298820,hypothetical protein,mitochondrion - membranes,0.38141299684067925
TGME49_312850,hypothetical protein,PM - peripheral 2,0.3811704346185142
TGME49_309000,hypothetical protein,mitochondrion - soluble,0.38109381321408575
TGME49_244720,hypothetical protein,apical 1,0.3810709422416192
TGME49_224810,hypothetical protein,mitochondrion - soluble,0.381053757088813
TGME49_286200,hypothetical protein,mitochondrion - membranes,0.3807318718320438
TGME49_261300,hypothetical protein,apicoplast,0.380661712182425
TGME49_295980,hypothetical protein,apicoplast,0.3805655880342841
TGME49_312300,TBC domain-containing protein TBC16,nucleus - chromatin,0.3804527284148695
TGME49_307800,GDA1/CD39 (nucleoside phosphatase) family protein,PM - peripheral 2,0.3803542579847585
TGME49_238530,SRS domain-containing protein,mitochondrion - soluble,0.38032143789891487
TGME49_236400,hypothetical protein,endomembrane vesicles,0.3801458427388532
TGME49_220525,hypothetical protein,apicoplast,0.38013998011742195
TGME49_293330,protein of unknown function UPF0301,nucleus - chromatin,0.38013458408952283
TGME49_224935,hypothetical protein,PM - integral,0.3801042365875997
TGME49_250050,hypothetical protein,apicoplast,0.37996492061540604
TGME49_306710,hypothetical protein,PM - peripheral 2,0.37977997297041416
TGME49_214295,hypothetical protein,mitochondrion - membranes,0.3797135145726531
TGME49_269940,"zinc finger motif, C2HC5-type protein",nucleus - chromatin,0.37968590876777975
TGME49_500128,"hypothetical protein, conserved",mitochondrion - membranes,0.3795817565412362
TGME49_260250,"cyclin domain protein, cyclin H family protein",nucleus - chromatin,0.37943297075362636
TGME49_205650,AP2 domain transcription factor AP2VIIa-3,nucleus - chromatin,0.3792124653762689
TGME49_207130,SAG-related sequence SRS49A,PM - peripheral 1,0.3791420024046527
TGME49_256010,hypothetical protein,mitochondrion - soluble,0.3791023829498477
TGME49_291090,SWI2/SNF2-containing protein,nucleus - chromatin,0.3790986314641259
TGME49_235950,subtilisin SUB8,ER,0.3788604015295221
TGME49_321170,Toxoplasma gondii family C protein,ER,0.3788389215310542
TGME49_225770,tyrosine kinase-like protein TKL8,nucleus - chromatin,0.378815206009893
TGME49_265770,"apicomplexan kinetochore protein AKIT5, putative",nucleus - chromatin,0.3784680575227155
TGME49_273390,mitochondrial carrier superfamily protein,mitochondrion - membranes,0.3783779156085837
TGME49_206390,"checkpoint protein HUS1, putative",mitochondrion - soluble,0.37811733331241615
TGME49_221360,"autophagy-related protein ATG6, putative",nucleus - chromatin,0.37806857662683596
TGME49_500385,"cilia- and flagella-associated protein 58, putative",mitochondrion - soluble,0.3780013405184228
TGME49_327800,"dynein-1-alpha heavy chain, flagellar inner arm I1 complex, putative",mitochondrion - membranes,0.3778030912624771
TGME49_224860,"exosome component 2, putative",nucleus - non-chromatin,0.37767808000937353
TGME49_202970,hypothetical protein,apicoplast,0.3772274154892694
TGME49_298590,hypothetical protein,dense granules,0.37716686465909677
TGME49_215500,TPR repeat-containing protein,cytosol,0.37703039417322126
TGME49_238930,hypothetical protein,apicoplast,0.37688784308856443
TGME49_242850,hypothetical protein,Golgi,0.37673334274489556
TGME49_277730,hypothetical protein,Golgi,0.37670811074216903
TGME49_230470,"rhoptry kinase family protein ROP46, putative",apical 2,0.37656453898471
TGME49_310530,SNF2 family N-terminal domain-containing protein,nucleus - chromatin,0.3764694329949015
TGME49_287470,hypothetical protein,apicoplast,0.3764291270261
TGME49_281990,Nicotinamidase,mitochondrion - soluble,0.3763614767378873
TGME49_287490,hypothetical protein,dense granules,0.3763457437485374
TGME49_315260,alanine dehydrogenase,endomembrane vesicles,0.3759039118872969
TGME49_224320,hypothetical protein,mitochondrion - soluble,0.3757649370144033
TGME49_240580,hypothetical protein,ER,0.37568380686856767
TGME49_315500,hypothetical protein,rhoptries 2,0.3756345734720747
TGME49_284570,hypothetical protein,mitochondrion - soluble,0.3755400250337873
TGME49_228710,hypothetical protein,mitochondrion - soluble,0.37526737746726635
TGME49_254090,hypothetical protein,mitochondrion - soluble,0.37519405893499436
TGME49_203700,SFT2 family protein,ER,0.3750942492072071
TGME49_210270,hypothetical protein,apical 1,0.37507761782638593
TGME49_281480,"WD domain, G-beta repeat-containing protein",apicoplast,0.37507464575608956
TGME49_233735,hypothetical protein,nucleus - chromatin,0.37506922204192333
TGME49_204290,hypothetical protein,Golgi,0.37499166646680115
TGME49_203688,hypothetical protein,dense granules,0.3749905750598072
TGME49_232690,"DP-fucose transporter, putative",PM - integral,0.37480922787339144
TGME49_278160,vesicle transport v-snare protein,ER,0.3747976908154142
TGME49_293600,ribosomal protein RPL27,apicoplast,0.37478696657711
TGME49_312570,"CMGC kinase, MAPK family (ERK) MAPK-1",apical 1,0.3747260762858352
TGME49_272590,hypothetical protein,mitochondrion - membranes,0.37448850622709656
TGME49_315190,"CAM kinase, SNF1 family",apical 1,0.37442548831066313
TGME49_500285,"CPBP intramembrane metalloprotease, putative",Golgi,0.3743207591231392
TGME49_203060,hypothetical protein,mitochondrion - soluble,0.3742977916583246
TGME49_315680,"vacuolar protein sorting-associated protein vps4, putative",cytosol,0.3741182882151546
TGME49_260490,hypothetical protein,nucleus - chromatin,0.3740287881004233
TGME49_232940,heat shock protein HSP20,micronemes,0.37377559262228827
TGME49_225950,zinc finger (CCCH type) motif-containing protein,PM - peripheral 2,0.3737285509866998
TGME49_500067,"hypothetical protein, conserved",mitochondrion - soluble,0.37358363557972296
TGME49_213930,"exosome complex component RRP45, putative",nucleus - non-chromatin,0.37347711828883245
TGME49_202255,hypothetical protein,mitochondrion - soluble,0.37347197134233884
TGME49_247025,PITH domain-containing protein,Golgi,0.3734673924867968
TGME49_326300,hypothetical protein,mitochondrion - membranes,0.37338113621679614
TGME49_259168,hypothetical protein,apicoplast,0.37326009610058597
TGME49_318500,cpw-wpc domain-containing protein,apicoplast,0.37312579943369023
TGME49_216090,hypothetical protein,Golgi,0.3729927089729376
TGME49_228640,hypothetical protein,apicoplast,0.3729090915380317
TGME49_207070,"UDP-N-acetylglucosamine transferase subunit ALG14, putative",ER,0.37280888081250085
TGME49_243970,hypothetical protein,nucleus - chromatin,0.37261049735728435
TGME49_246770,hypothetical protein,apicoplast,0.37257001993095085
TGME49_266380,hypothetical protein,endomembrane vesicles,0.3724852334788407
TGME49_279360,hypothetical protein,ER,0.3724255476045915
TGME49_262890,hypothetical protein,mitochondrion - soluble,0.37230190348081577
TGME49_249230,hypothetical protein,mitochondrion - membranes,0.3719889090884786
TGME49_223700,F5/8 type C domain-containing protein,PM - peripheral 2,0.3719247234144123
TGME49_228220,MYND finger domain-containing protein,mitochondrion - soluble,0.371748850599733
TGME49_225280,hypothetical protein,mitochondrion - soluble,0.371564627170351
TGME49_268930,hypothetical protein,mitochondrion - membranes,0.371477328918827
TGME49_226740,"zinc finger, C3HC4 type (RING finger) domain-containing protein",micronemes,0.3714587581409939
TGME49_300040,ubiquitin-conjugating enzyme subfamily protein,PM - peripheral 2,0.37139111438520767
TGME49_249770,Nmda1 protein,PM - integral,0.3712183196122527
TGME49_268020,"transporter, major facilitator family protein",ER,0.37119151229366854
TGME49_283840,GATA zinc finger domain-containing protein,mitochondrion - soluble,0.37110388407305267
TGME49_228145,hypothetical protein,mitochondrion - soluble,0.3710208386788104
TGME49_289930,"phosphoenolpyruvate carboxykinase, putative",mitochondrion - soluble,0.37095015331509185
TGME49_211480,"GTP-binding protein engA, putative",apicoplast,0.37073369750465374
TGME49_212910,rhomboid protease ROM3,PM - integral,0.3707294800550081
TGME49_245428,hypothetical protein,apicoplast,0.3703561718805692
TGME49_314920,hypothetical protein,mitochondrion - soluble,0.370315623029556
TGME49_500192,"hypothetical protein, conserved",apicoplast,0.3701828372394071
TGME49_268600,DNA polymerase epsilon subunit B protein,nucleus - chromatin,0.3700583264982132
TGME49_219742,hypothetical protein,micronemes,0.3697516744808171
TGME49_500206,coiled-coil domain-containing protein,mitochondrion - soluble,0.369741631402666
TGME49_215570,AP2 domain transcription factor AP2X-11,nucleus - chromatin,0.3695710781769627
TGME49_202750,"3' exoribonuclease family, domain 1 domain-containing protein",nucleus - non-chromatin,0.36939729597027365
TGME49_205760,membrane protein,endomembrane vesicles,0.3691534397115312
TGME49_205398,"DNA repair and recombination protein RAD54, putative",Golgi,0.3690553072074449
TGME49_213620,ABC1 family protein,PM - peripheral 2,0.3689090601755342
TGME49_268900,dense granule protein GRA10,nucleus - chromatin,0.368715121523919
TGME49_255510,ankyrin repeat-containing protein,nucleus - non-chromatin,0.36849658707285793
TGME49_246760,hypothetical protein,mitochondrion - soluble,0.368376499158221
TGME49_221160,"acetyltransferase, GNAT family protein",mitochondrion - soluble,0.3683148215067245
TGME49_203170,OB-fold nucleic acid binding domain-containing protein,cytosol,0.3682891327903502
TGME49_500232,PIH1 domain-containing protein,apicoplast,0.3680596265411426
TGME49_297340,hypothetical protein,apical 1,0.36802903985222035
TGME49_500252,AP2 domain transcription factor AP2XII-10,mitochondrion - soluble,0.3680120355781678
TGME49_316890,hypothetical oocyst wall protein HOWP1,mitochondrion - membranes,0.3678320825799084
TGME49_322700,"collagen, putative",mitochondrion - membranes,0.36777823826112127
TGME49_312680,"60S ribosomal protein L27, putative",mitochondrion - membranes,0.3677113599870113
TGME49_323020,KRUF family protein,dense granules,0.3671900943295644
TGME49_248190,hypothetical protein,rhoptries 1,0.3670392403788267
TGME49_277705,hypothetical protein,mitochondrion - membranes,0.36697482270378795
TGME49_277860,hypothetical protein,mitochondrion - soluble,0.3669514431958829
TGME49_222075,hypothetical protein,PM - peripheral 2,0.3669487452958816
TGME49_291810,thioredoxin domain-containing protein,cytosol,0.3669421242580712
TGME49_235640,formyl transferase domain-containing protein,mitochondrion - soluble,0.3669382594621584
TGME49_247790,VRR-NUC domain-containing protein,PM - peripheral 2,0.3669355036416053
TGME49_233315,hypothetical protein,mitochondrion - soluble,0.36683712169857585
TGME49_276810,hypothetical protein,mitochondrion - membranes,0.36654389051991676
TGME49_310055,hypothetical protein,mitochondrion - membranes,0.36642370891253623
TGME49_261040,hypothetical protein,mitochondrion - membranes,0.3664073182897988
TGME49_318770,aurora-related kinase ARK2,apicoplast,0.3663751806944501
TGME49_212850,PI31 domain-containing protein,mitochondrion - soluble,0.36627022172191
TGME49_227080,PCIF1 WW domain-containing protein,mitochondrion - soluble,0.3662162574183549
TGME49_259070,"acetyltransferase, GNAT family protein",apicoplast,0.36611962497261136
TGME49_201850,"WD domain, G-beta repeat-containing protein",PM - peripheral 2,0.3660883903056305
TGME49_283460,SAG-related sequence SRS21,PM - peripheral 2,0.3660419974295257
TGME49_202040,hypothetical protein,apical 1,0.3660150061912411
TGME49_251560,hypothetical protein,apical 1,0.36596666210256895
TGME49_270030,hypothetical protein,mitochondrion - membranes,0.3659032425133002
TGME49_285210,"centrosomal protein CEP120, putative",PM - peripheral 2,0.36587146558666006
TGME49_250890,3'-5' exonuclease domain-containing protein,apicoplast,0.36585880853125907
TGME49_285940,"male gamete fusion factor HAP2, putative",endomembrane vesicles,0.365635836439015
TGME49_272905,hypothetical protein,mitochondrion - membranes,0.3653347853931374
TGME49_314650,hypothetical protein,mitochondrion - soluble,0.36506958465532185
TGME49_215055,hypothetical protein,mitochondrion - soluble,0.3649448022869914
TGME49_258010,"calcium signaling protein kinase RAD53, putative",nucleus - chromatin,0.36489616974707406
TGME49_263380,Dullard family phosphatase domain-containing protein,cytosol,0.3646657082117512
TGME49_266372,hypothetical protein,apicoplast,0.3645480821397779
TGME49_228395,hypothetical protein,nucleus - chromatin,0.3645212608737382
TGME49_500099,"hypothetical protein, conserved",apicoplast,0.36444434772788703
TGME49_231120,"ribosomal protein S11, putative",mitochondrion - soluble,0.3644380805203375
TGME49_215165,hypothetical protein,Golgi,0.3643993412809583
TGME49_252320,Sas10/Utp3/C1D family protein,nucleus - non-chromatin,0.3642140643141657
TGME49_240210,"phosphate transporter family protein, putative",PM - integral,0.36411649056901446
TGME49_500432,"hypothetical protein, conserved",mitochondrion - soluble,0.36406878330073056
TGME49_314250,bradyzoite rhoptry protein BRP1,mitochondrion - membranes,0.36401205384483165
TGME49_223480,sushi domain (scr repeat) domain-containing protein,endomembrane vesicles,0.36400535430637887
TGME49_218450,hypothetical protein,Golgi,0.3639830031236976
TGME49_248445,hypothetical protein,apical 1,0.3639215578852717
TGME49_500044,3'5'-cyclic nucleotide phosphodiesterase PDE16,ER,0.36389285356447876
TGME49_321460,hypothetical protein,PM - peripheral 2,0.3637516498029699
TGME49_235200,PAN domain-containing protein,dense granules,0.36372247071153513
TGME49_299570,Toxoplasma gondii family B protein,dense granules,0.36371858815131997
TGME49_232580,"acyl-CoA synthetase ACS6, putative",endomembrane vesicles,0.36369952261014954
TGME49_500282,"thioredoxin, putative",mitochondrion - soluble,0.3636686285459055
TGME49_216990,LysM domain-containing protein,endomembrane vesicles,0.36352719787116816
TGME49_223780,armadillo repeat-containing protein,apical 2,0.36348922018919005
TGME49_215620,hypothetical protein,nucleus - chromatin,0.36346854310007254
TGME49_265290,hypothetical protein,apicoplast,0.36345611706996306
TGME49_247485,"zinc finger, C3HC4 type (RING finger) domain-containing protein",apicoplast,0.36344032192646564
TGME49_259560,endonuclease/exonuclease/phosphatase family protein,nucleus - chromatin,0.3634330769558945
TGME49_212030,hypothetical protein,dense granules,0.36341514045218865
TGME49_232990,hypothetical protein,mitochondrion - membranes,0.36323610041124793
TGME49_311800,endonuclease/exonuclease/phosphatase family protein,rhoptries 2,0.36297993049109095
TGME49_218460,hypothetical protein,apicoplast,0.3629477180659683
TGME49_239780,hypothetical protein,rhoptries 1,0.36293946980672626
TGME49_311335,"dual specificity phosphatase, catalytic domain-containing protein",dense granules,0.36291266736530975
TGME49_225140,BT1 family protein,Golgi,0.36280783281998025
TGME49_305090,kinase binding protein cgi-121 protein,mitochondrion - soluble,0.36251740737696714
TGME49_228040,PPIC-type PPIASE domain-containing protein,nucleus - non-chromatin,0.3624080654020252
TGME49_270100,"oxidoreductase, aldo/keto reductase family protein",mitochondrion - soluble,0.36223253491459073
TGME49_284530,hypothetical protein,endomembrane vesicles,0.3621204798563393
TGME49_313250,hypothetical protein,mitochondrion - membranes,0.36206838645641304
TGME49_252395,hypothetical protein,mitochondrion - soluble,0.3620603791780328
TGME49_221265,hypothetical protein,mitochondrion - membranes,0.36204217980419795
TGME49_243500,"CAM kinase, SNF1/AMK1 family ToxPK1",mitochondrion - soluble,0.36203046276183315
TGME49_265860,"ribonuclease ZC3H12D, putative",endomembrane vesicles,0.36192153707314106
TGME49_267380,nucleotide-sugar transporter NST1,PM - integral,0.3618763790360141
TGME49_240530,hypothetical protein,mitochondrion - membranes,0.3618556204443768
TGME49_201785,hypothetical protein,rhoptries 2,0.36176462469072745
TGME49_266390,"DNA mismatch repair protein, C-terminal domain-containing protein",nucleus - chromatin,0.3616284697744154
TGME49_258880,"axonemal dynein light chain p33, putative",mitochondrion - soluble,0.36160399455420433
TGME49_225220,SCP family extracellular subfamily protein,PM - peripheral 2,0.36154308857204154
TGME49_300604,ribosomal protein L36,Golgi,0.36152253121964467
TGME49_248470,subtilisin SUB6,PM - peripheral 2,0.3614772902059903
TGME49_216140,tetratricopeptide repeat-containing protein ANK1,PM - peripheral 2,0.361260021495273
TGME49_283810,hypothetical protein,rhoptries 1,0.3612222181008212
TGME49_277920,hypothetical protein,mitochondrion - membranes,0.36113576966526534
TGME49_205640,hypothetical protein,nucleus - chromatin,0.3610234625475343
TGME49_500120,"hypothetical protein, conserved",mitochondrion - soluble,0.36098278670130646
TGME49_297110,kinesin motor domain-containing protein,nucleus - chromatin,0.36096053400524214
TGME49_260550,"acetyltransferase, GNAT family protein",nucleus - chromatin,0.3608551355298404
TGME49_220440,cyclin-dependent kinase regulatory subunit protein,apicoplast,0.36078654475309935
