gene_a,product_a,gene_b,product_b,divergence,compartment_a,compartment_b
TGME49_207005,SAG-related sequence SRS48Q,TGME49_271050,SAG-related sequence SRS34A,1.6964549261797037,,PM - peripheral 1
TGME49_207010,SAG-related sequence SRS48K,TGME49_271050,SAG-related sequence SRS34A,1.6826047746374395,,PM - peripheral 1
TGME49_207015,SRS domain-containing protein,TGME49_271050,SAG-related sequence SRS34A,1.6737768580756178,,PM - peripheral 1
TGME49_316190,superoxide dismutase SOD3,TGME49_316310,superoxide dismutase SOD1,1.6143831732879963,,cytosol
TGME49_204130,perforin-like protein PLP1,TGME49_272430,perforin-like protein PLP2,1.5772598876527255,micronemes,
TGME49_308020,SAG-related sequence SRS57,TGME49_224780,SAG-related sequence SRS40B [Source:UniProtKB/TrEMBL;Acc:S8EU84],1.5734457593342412,PM - peripheral 1,
TGME49_296640,SAG-related sequence SRS48E,TGME49_271050,SAG-related sequence SRS34A,1.5273299371023876,,PM - peripheral 1
TGME49_315320,SAG-related sequence SRS52A,TGME49_315370,SAG-related sequence SRS53A,1.5221880097901028,PM - peripheral 1,
TGME49_316330,superoxide dismutase SOD2,TGME49_316190,superoxide dismutase SOD3,1.5176674004222976,mitochondrion - soluble,
TGME49_309352,SAG-related sequence SRS55N,TGME49_271050,SAG-related sequence SRS34A,1.5146934697022627,,PM - peripheral 1
TGME49_275380,SAG-related sequence SRS47D,TGME49_271050,SAG-related sequence SRS34A,1.5034793228022032,,PM - peripheral 1
TGME49_202520,hypothetical protein,TGME49_326900,hypothetical protein,1.4923235260395384,nucleus - chromatin,
TGME49_207005,SAG-related sequence SRS48Q,TGME49_285870,SAG-related sequence SRS20A,1.4840957396711791,,PM - peripheral 1
TGME49_292200,RNA recognition motif-containing protein,TGME49_328100,RNA recognition motif-containing protein,1.483087429290624,nucleus - non-chromatin,
TGME49_219348,SAG-related sequence SRS55M,TGME49_271050,SAG-related sequence SRS34A,1.477741461022792,,PM - peripheral 1
TGME49_315380,SAG-related sequence SRS53B,TGME49_315320,SAG-related sequence SRS52A,1.4775175233525655,,PM - peripheral 1
TGME49_315320,SAG-related sequence SRS52A,TGME49_315390,SAG-related sequence SRS53C,1.4751120993934759,PM - peripheral 1,
TGME49_308020,SAG-related sequence SRS57,TGME49_292250,SAG-related sequence SRS36A,1.4609823786822513,PM - peripheral 1,
TGME49_309330,SAG-related sequence SRS55F,TGME49_271050,SAG-related sequence SRS34A,1.4593226707435412,,PM - peripheral 1
TGME49_315400,SAG-related sequence SRS53D,TGME49_315320,SAG-related sequence SRS52A,1.4569050891737214,,PM - peripheral 1
TGME49_308020,SAG-related sequence SRS57,TGME49_272560,SAG-related sequence SRS31B,1.454994465297509,PM - peripheral 1,
TGME49_205490,"integral membrane protein, putative",TGME49_231420,"folate/biopterin transporter, putative",1.4546404249557459,,
TGME49_311300,"cAMP-dependent protein kinase regulatory subunit 2, putative",TGME49_242070,cAMP-dependent protein kinase regulatory subunit 1,1.444530744685101,,IMC
TGME49_224790,SAG-related sequence SRS40A,TGME49_308020,SAG-related sequence SRS57,1.4408122372368093,,PM - peripheral 1
TGME49_308020,SAG-related sequence SRS57,TGME49_295600,SAG-related sequence SRS10,1.4406326767330064,PM - peripheral 1,
TGME49_207010,SAG-related sequence SRS48K,TGME49_285870,SAG-related sequence SRS20A,1.4388573511305216,,PM - peripheral 1
TGME49_235860,subtilisin SUB11,TGME49_204050,subtilisin SUB1,1.4378428865875026,,micronemes
TGME49_315320,SAG-related sequence SRS52A,TGME49_315330,SAG-related sequence SRS52D,1.425849795611728,PM - peripheral 1,
TGME49_321470,SAG-related sequence SRS12D,TGME49_233460,SAG-related sequence SRS29B,1.4203384930306713,,PM - peripheral 1
TGME49_224790,SAG-related sequence SRS40A,TGME49_233460,SAG-related sequence SRS29B,1.4197136202378897,,PM - peripheral 1
TGME49_320240,SAG-related sequence SRS15B,TGME49_233460,SAG-related sequence SRS29B,1.4179594849004646,,PM - peripheral 1
TGME49_207015,SRS domain-containing protein,TGME49_285870,SAG-related sequence SRS20A,1.415685442238818,,PM - peripheral 1
TGME49_289620,cathepsin CPC1,TGME49_267490,"cathepsin CPC3, putative",1.4002859129767586,micronemes,
TGME49_206590,calcium-dependent protein kinase CDPK2A,TGME49_242400,calcium-dependent protein kinase CDPK2B,1.3986930471369694,nucleus - chromatin,
TGME49_297310,hypothetical protein,TGME49_310390,hypothetical protein,1.39864714065912,,PM - integral
TGME49_308840,SAG-related sequence SRS51,TGME49_224780,SAG-related sequence SRS40B [Source:UniProtKB/TrEMBL;Acc:S8EU84],1.3958404853040856,PM - peripheral 1,
TGME49_307570,"glycerol-3-phosphate dehydrogenase (gpdh), putative",TGME49_210260,NAD-dependent glycerol-3-phosphate dehydrogenase,1.3957042128289323,nucleus - chromatin,
TGME49_231770,"alpha-tubulin I, putative",TGME49_316400,alpha tubulin TUBA1,1.3885334594422332,,tubulin cytoskeleton
TGME49_321470,SAG-related sequence SRS12D,TGME49_308020,SAG-related sequence SRS57,1.3881599897115098,,PM - peripheral 1
TGME49_224790,SAG-related sequence SRS40A,TGME49_233480,SAG-related sequence SRS29C,1.385793199913431,,PM - peripheral 1
TGME49_221830,subtilisin SUB12,TGME49_314500,subtilisin SUB2,1.3831728834324424,,Golgi
TGME49_500296,KRUF family protein,TGME49_323000,KRUF family protein,1.3819569917100605,,nucleus - chromatin
TGME49_233460,SAG-related sequence SRS29B,TGME49_224780,SAG-related sequence SRS40B [Source:UniProtKB/TrEMBL;Acc:S8EU84],1.3760335339373246,PM - peripheral 1,
TGME49_281675,rhoptry kinase family protein ROP35,TGME49_258580,rhoptry protein ROP17,1.3743282187487018,dense granules,rhoptries 1
TGME49_224790,SAG-related sequence SRS40A,TGME49_308840,SAG-related sequence SRS51,1.3668433609243138,,PM - peripheral 1
TGME49_225490,calcium-dependent protein kinase CDPK2,TGME49_242400,calcium-dependent protein kinase CDPK2B,1.3665318734447522,,
TGME49_301140,SAG-related sequence SRS19A,TGME49_308020,SAG-related sequence SRS57,1.3652548482517395,,PM - peripheral 1
TGME49_320240,SAG-related sequence SRS15B,TGME49_233480,SAG-related sequence SRS29C,1.3646715764799937,,PM - peripheral 1
TGME49_281675,rhoptry kinase family protein ROP35,TGME49_266100,rhoptry kinase family protein ROP41,1.364577522399843,dense granules,
TGME49_321490,SAG-related sequence SRS12A,TGME49_308020,SAG-related sequence SRS57,1.3603705092937985,,PM - peripheral 1
TGME49_320240,SAG-related sequence SRS15B,TGME49_308840,SAG-related sequence SRS51,1.3575409931903062,,PM - peripheral 1
TGME49_229170,formate/nitrite transporter FNT3,TGME49_209800,formate/nitrite transporter FNT1,1.354848009117311,,PM - integral
TGME49_213660,zinc finger (CCCH type) motif-containing protein,TGME49_228990,zinc finger (CCCH type) motif-containing protein,1.352257296061667,,
TGME49_288220,CAP domain-containing protein,TGME49_239890,SCP family extracellular subfamily protein,1.351903508602694,,PM - peripheral 1
TGME49_320250,SAG-related sequence SRS15A,TGME49_233460,SAG-related sequence SRS29B,1.3509920900715886,,PM - peripheral 1
TGME49_320250,SAG-related sequence SRS15A,TGME49_308020,SAG-related sequence SRS57,1.3499377193449482,,PM - peripheral 1
TGME49_226310,zinc finger (CCCH type) motif-containing protein,TGME49_228990,zinc finger (CCCH type) motif-containing protein,1.349558908668084,,
TGME49_288650,dense granule protein GRA12,TGME49_275850,dense granule protein GRA12C,1.344416280366561,dense granules,
TGME49_233480,SAG-related sequence SRS29C,TGME49_224780,SAG-related sequence SRS40B [Source:UniProtKB/TrEMBL;Acc:S8EU84],1.3388862690681949,PM - peripheral 1,
TGME49_320240,SAG-related sequence SRS15B,TGME49_308020,SAG-related sequence SRS57,1.336277934672808,,PM - peripheral 1
TGME49_277030,"isoleucyl-tRNA synthetase, putative",TGME49_328600,Isoleucine-tRNA ligase,1.3359031969335073,,
TGME49_224750,SAG-related sequence SRS40F,TGME49_233460,SAG-related sequence SRS29B,1.3358973731154697,,PM - peripheral 1
TGME49_316680,RNA pseudouridine synthase superfamily protein,TGME49_205410,RNA pseudouridine synthase superfamily protein,1.3353077856518605,nucleus - chromatin,
TGME49_224750,SAG-related sequence SRS40F,TGME49_308020,SAG-related sequence SRS57,1.33454496185701,,PM - peripheral 1
TGME49_218880,striated fiber assemblin SFA3,TGME49_307840,striated fiber assemblin SFA1,1.3336729920573935,,
TGME49_315560,ATP-binding cassette G family transporter ABCG77,TGME49_288920,ATP-binding cassette G family transporter ABCG96,1.3322005317582801,,apicoplast
TGME49_275360,SAG-related sequence SRS47B,TGME49_271050,SAG-related sequence SRS34A,1.3316824091069006,,PM - peripheral 1
TGME49_252500,polo kinase,TGME49_295130,hypothetical protein,1.3299701504681691,rhoptries 1,
TGME49_315320,SAG-related sequence SRS52A,TGME49_315345,SAG-related sequence SRS52F,1.3254317998003922,PM - peripheral 1,
TGME49_215775,rhoptry protein ROP8,TGME49_295130,hypothetical protein,1.3247272689277567,rhoptries 1,
TGME49_309330,SAG-related sequence SRS55F,TGME49_285870,SAG-related sequence SRS20A,1.3238843975680936,,PM - peripheral 1
TGME49_275850,dense granule protein GRA12C,TGME49_275860,dense granule protein GRA12B,1.321920501807354,,dense granules
TGME49_224750,SAG-related sequence SRS40F,TGME49_233480,SAG-related sequence SRS29C,1.3187163614685415,,PM - peripheral 1
TGME49_309300,SAG-related sequence SRS55A,TGME49_271050,SAG-related sequence SRS34A,1.3176831632661816,,PM - peripheral 1
TGME49_224760,SAG-related sequence SRS40E,TGME49_233460,SAG-related sequence SRS29B,1.313969028356896,,PM - peripheral 1
TGME49_500296,KRUF family protein,TGME49_323020,KRUF family protein,1.3137355422827115,,
TGME49_273110,SAG-related sequence SRS30D,TGME49_308020,SAG-related sequence SRS57,1.3113586769408334,,PM - peripheral 1
TGME49_285870,SAG-related sequence SRS20A,TGME49_296640,SAG-related sequence SRS48E,1.3109226687179885,PM - peripheral 1,
TGME49_219348,SAG-related sequence SRS55M,TGME49_285870,SAG-related sequence SRS20A,1.3092771989264524,,PM - peripheral 1
TGME49_321470,SAG-related sequence SRS12D,TGME49_233480,SAG-related sequence SRS29C,1.3086275479161635,,PM - peripheral 1
TGME49_233450,SAG-related sequence SRS29A,TGME49_224780,SAG-related sequence SRS40B [Source:UniProtKB/TrEMBL;Acc:S8EU84],1.307457147225012,PM - peripheral 1,
TGME49_309352,SAG-related sequence SRS55N,TGME49_285870,SAG-related sequence SRS20A,1.3074286203951633,,PM - peripheral 1
TGME49_295935,KRUF family protein,TGME49_323000,KRUF family protein,1.3055334259940867,,nucleus - chromatin
TGME49_233460,SAG-related sequence SRS29B,TGME49_295600,SAG-related sequence SRS10,1.3012154388810067,PM - peripheral 1,
TGME49_321490,SAG-related sequence SRS12A,TGME49_233460,SAG-related sequence SRS29B,1.3004906755310779,,PM - peripheral 1
TGME49_219590,RuvB family 1 protein,TGME49_293372,TIP49 family protein,1.3000283225938192,cytosol,
TGME49_295110,rhoptry protein ROP7,TGME49_295130,hypothetical protein,1.2989272869392932,rhoptries 1,
TGME49_233460,SAG-related sequence SRS29B,TGME49_292250,SAG-related sequence SRS36A,1.297662404379319,PM - peripheral 1,
TGME49_224750,SAG-related sequence SRS40F,TGME49_308840,SAG-related sequence SRS51,1.2956440943781902,,PM - peripheral 1
TGME49_308020,SAG-related sequence SRS57,TGME49_328700,hypothetical protein,1.2954869712531145,PM - peripheral 1,
TGME49_235000,phosphorylase family protein,TGME49_310640,phosphorylase family protein,1.2945990109380936,,cytosol
TGME49_315320,SAG-related sequence SRS52A,TGME49_315340,SAG-related sequence SRS52C,1.2935880035857177,PM - peripheral 1,
TGME49_308020,SAG-related sequence SRS57,TGME49_292270,SAG-related sequence SRS36C,1.2893859158966503,PM - peripheral 1,
TGME49_321470,SAG-related sequence SRS12D,TGME49_308840,SAG-related sequence SRS51,1.289138464272793,,PM - peripheral 1
TGME49_200290,rhomboid protease ROM1,TGME49_212910,rhomboid protease ROM3,1.285991877103175,,
TGME49_500198,"hypothetical protein, conserved",TGME49_267810,ras-related protein RAB5A,1.2831087260666745,,endomembrane vesicles
TGME49_233450,SAG-related sequence SRS29A,TGME49_320240,SAG-related sequence SRS15B,1.2830697103030075,PM - peripheral 1,
TGME49_275850,dense granule protein GRA12C,TGME49_220890,dense granule protein GRA12A,1.2823261945336206,,PM - integral
TGME49_233460,SAG-related sequence SRS29B,TGME49_272560,SAG-related sequence SRS31B,1.2782218296393097,PM - peripheral 1,
TGME49_321490,SAG-related sequence SRS12A,TGME49_308840,SAG-related sequence SRS51,1.2769646918995798,,PM - peripheral 1
TGME49_248673,hypothetical protein,TGME49_230480,hypothetical protein,1.2743681712601733,,PM - integral
TGME49_233450,SAG-related sequence SRS29A,TGME49_224790,SAG-related sequence SRS40A,1.273882782640506,PM - peripheral 1,
TGME49_308020,SAG-related sequence SRS57,TGME49_267150,SAG-related sequence SRS38C,1.2713332283123417,PM - peripheral 1,endomembrane vesicles
TGME49_216710,apicomplexan amino acid transporter ApiAT5-4,TGME49_257530,apicomplexan amino acid transporter ApiAT5-3,1.2680026954741037,,PM - integral
TGME49_271050,SAG-related sequence SRS34A,TGME49_275355,SAG-related sequence SRS47A,1.267893877860196,PM - peripheral 1,
TGME49_312370,RNA pseudouridine synthase superfamily protein,TGME49_263400,hypothetical protein,1.2661319757717273,,nucleus - chromatin
TGME49_229930,p25-alpha family protein,TGME49_320560,p25-alpha family protein,1.2623365708703482,nucleus - chromatin,
TGME49_224760,SAG-related sequence SRS40E,TGME49_308020,SAG-related sequence SRS57,1.260839708625031,,PM - peripheral 1
TGME49_224760,SAG-related sequence SRS40E,TGME49_233480,SAG-related sequence SRS29C,1.2606619598862732,,PM - peripheral 1
TGME49_233450,SAG-related sequence SRS29A,TGME49_224750,SAG-related sequence SRS40F,1.2552813327117018,PM - peripheral 1,
TGME49_320250,SAG-related sequence SRS15A,TGME49_233480,SAG-related sequence SRS29C,1.2540313599827333,,PM - peripheral 1
TGME49_254060,SAG-related sequence SRS14A,TGME49_271050,SAG-related sequence SRS34A,1.2531758882783952,PM - peripheral 1,PM - peripheral 1
TGME49_275380,SAG-related sequence SRS47D,TGME49_285870,SAG-related sequence SRS20A,1.2529006579028699,,PM - peripheral 1
TGME49_249320,flavodoxin domain-containing protein,TGME49_258930,peptidylprolyl isomerase,1.2522294900202662,mitochondrion - membranes,cytosol
TGME49_265538,hypothetical protein,TGME49_270310,"acyl carrier protein, mitochondrial",1.2519338998964336,,mitochondrion - soluble
TGME49_205250,rhoptry protein ROP18,TGME49_295130,hypothetical protein,1.2510595459775475,rhoptries 1,
TGME49_266120,thioredoxin-dependent peroxidase TPX1/2,TGME49_266130,peroxiredoxin PRX2,1.2501159622051536,Golgi,
TGME49_301150,SAG-related sequence SRS19B,TGME49_308020,SAG-related sequence SRS57,1.2494671049548691,PM - peripheral 1,PM - peripheral 1
TGME49_233480,SAG-related sequence SRS29C,TGME49_328700,hypothetical protein,1.2483360099053598,PM - peripheral 1,
TGME49_232040,cell division control protein CDC50.2,TGME49_230820,cell division control protein CDC50.1,1.2476657102638478,,Golgi
TGME49_268850,enolase 2,TGME49_268860,enolase 1,1.2471701681924257,cytosol,
TGME49_226420,dense granule protein GRA69,TGME49_216150,peptidase family M3 protein,1.2450583178258543,dense granules,
TGME49_252360,rhoptry kinase family protein ROP24 (incomplete catalytic triad),TGME49_295130,hypothetical protein,1.2449151742937983,rhoptries 1,
TGME49_308020,SAG-related sequence SRS57,TGME49_292260,SAG-related sequence SRS36B,1.244681496556089,PM - peripheral 1,PM - peripheral 1
TGME49_308840,SAG-related sequence SRS51,TGME49_328700,hypothetical protein,1.2435667487123592,PM - peripheral 1,
TGME49_320230,SAG-related sequence SRS15C,TGME49_308020,SAG-related sequence SRS57,1.242482369683116,PM - peripheral 1,PM - peripheral 1
TGME49_213900,regulator of chromosome condensation RCC1,TGME49_249000,regulator of chromosome condensation (RCC1) repeat-containing protein,1.2418499053746057,nucleus - chromatin,mitochondrion - soluble
TGME49_267150,SAG-related sequence SRS38C,TGME49_233460,SAG-related sequence SRS29B,1.2391268843630852,endomembrane vesicles,PM - peripheral 1
TGME49_320170,SAG-related sequence SRS16E,TGME49_308020,SAG-related sequence SRS57,1.2384718366318042,PM - peripheral 1,PM - peripheral 1
TGME49_306660,RNA pseudouridine synthase superfamily protein,TGME49_328500,hypothetical protein,1.237728371802437,nucleus - chromatin,
TGME49_321490,SAG-related sequence SRS12A,TGME49_233480,SAG-related sequence SRS29C,1.2373819132155948,,PM - peripheral 1
TGME49_500199,SAG-related sequence,TGME49_271050,SAG-related sequence SRS34A,1.2365716550077517,,PM - peripheral 1
TGME49_233460,SAG-related sequence SRS29B,TGME49_328700,hypothetical protein,1.2364347569857947,PM - peripheral 1,
TGME49_205470,"translation elongation factor 2 family protein, putative",TGME49_327100,"U5 small nuclear ribonuclear protein, putative",1.2353471687157656,cytosol,
TGME49_233450,SAG-related sequence SRS29A,TGME49_321470,SAG-related sequence SRS12D,1.2350220414287096,PM - peripheral 1,
TGME49_273110,SAG-related sequence SRS30D,TGME49_233460,SAG-related sequence SRS29B,1.2324591909836815,,PM - peripheral 1
TGME49_265000,phosphotransferase enzyme family protein,TGME49_320630,phosphotransferase enzyme family protein,1.2320969357159808,nucleus - chromatin,dense granules
TGME49_244335,hypothetical protein,TGME49_299780,dense granule protein GRA76,1.2303257908344676,,dense granules
TGME49_202640,tRNA pseudouridine synthase 1,TGME49_263400,hypothetical protein,1.2300835661880394,,nucleus - chromatin
TGME49_257290,"RNA 2'-phosphotransferase, Tpt1/KptA family protein",TGME49_232640,"RNA 2'-phosphotransferase, Tpt1/KptA family protein",1.2255711100972533,,
TGME49_224770,SAG-related sequence SRS40D,TGME49_311440,SAG-related sequence SRS50,1.2249896329523353,,
TGME49_244060,ankyrin repeat-containing protein,TGME49_219210,ankyrin repeat-containing protein,1.2237462623008672,,
TGME49_271040,hypothetical protein,TGME49_271050,SAG-related sequence SRS34A,1.2237014887670017,,PM - peripheral 1
TGME49_301890,Toxoplasma gondii family B protein,TGME49_299570,Toxoplasma gondii family B protein,1.2221250155289667,,
TGME49_236040,"fructose-1,6-bisphosphate aldolase",TGME49_236050,"fructose-bisphosphate aldolase, putative",1.2213846529720533,cytosol,
TGME49_295105,"rhoptry protein, putative",TGME49_295130,hypothetical protein,1.218577666998633,,
TGME49_269885,rhoptry metalloprotease toxolysin TLN1,TGME49_257010,toxolysin TLN3,1.2182138890090581,rhoptries 2,
TGME49_202290,"membrane protein, putative",TGME49_239755,hypothetical protein,1.2173894773689964,,
TGME49_320250,SAG-related sequence SRS15A,TGME49_308840,SAG-related sequence SRS51,1.2172222197240334,,PM - peripheral 1
TGME49_308840,SAG-related sequence SRS51,TGME49_295600,SAG-related sequence SRS10,1.216551901404847,PM - peripheral 1,
TGME49_308840,SAG-related sequence SRS51,TGME49_272560,SAG-related sequence SRS31B,1.2164786704326367,PM - peripheral 1,
TGME49_201120,ELMO/CED-12 family protein,TGME49_258180,ELMO domain-containing protein,1.2147443873220012,,ER
TGME49_320170,SAG-related sequence SRS16E,TGME49_233460,SAG-related sequence SRS29B,1.2125471675055177,PM - peripheral 1,PM - peripheral 1
TGME49_301140,SAG-related sequence SRS19A,TGME49_233460,SAG-related sequence SRS29B,1.2124009353450136,,PM - peripheral 1
TGME49_315320,SAG-related sequence SRS52A,TGME49_315410,SAG-related sequence SRS53F,1.2105467948485826,PM - peripheral 1,PM - peripheral 1
TGME49_273110,SAG-related sequence SRS30D,TGME49_233480,SAG-related sequence SRS29C,1.2096048331508857,,PM - peripheral 1
TGME49_320230,SAG-related sequence SRS15C,TGME49_233460,SAG-related sequence SRS29B,1.2071019843848816,PM - peripheral 1,PM - peripheral 1
TGME49_297640,acyltransferase ATS2,TGME49_240860,acyl-glycerol-3-phosphate acyltransferase AGPAT,1.2063005415045804,,ER
TGME49_212240,"beta-1 tubulin, putative",TGME49_266960,beta tubulin,1.2052885101566029,,tubulin cytoskeleton
TGME49_311440,SAG-related sequence SRS50,TGME49_224780,SAG-related sequence SRS40B [Source:UniProtKB/TrEMBL;Acc:S8EU84],1.2043550338083735,,
TGME49_258870,cyst wall protein CST7,TGME49_244335,hypothetical protein,1.2023063776406735,dense granules,
TGME49_258590,"ribonuclease Z, putative",TGME49_235905,"ribonuclease z, putative",1.2014449424780742,apicoplast,
TGME49_277720,GDA1/CD39 (nucleoside phosphatase) family protein,TGME49_278882,GDA1/CD39 (nucleoside phosphatase) family protein,1.2007463804829817,rhoptries 1,
TGME49_224950,calcium-dependent protein kinase CDPK5,TGME49_242400,calcium-dependent protein kinase CDPK2B,1.200428610774192,,
TGME49_233450,SAG-related sequence SRS29A,TGME49_321490,SAG-related sequence SRS12A,1.1996664881289862,PM - peripheral 1,
TGME49_224770,SAG-related sequence SRS40D,TGME49_308020,SAG-related sequence SRS57,1.19676554465539,,PM - peripheral 1
TGME49_221580,ribosomal RNA large subunit methyltransferase J protein,TGME49_216610,ribosomal RNA large subunit methyltransferase J protein,1.1947561341302775,cytosol,
TGME49_308020,SAG-related sequence SRS57,TGME49_292275,SAG-related sequence SRS36E,1.1943333276089827,PM - peripheral 1,
TGME49_224760,SAG-related sequence SRS40E,TGME49_308840,SAG-related sequence SRS51,1.1941898938788928,,PM - peripheral 1
TGME49_267130,SAG-related sequence SRS38A,TGME49_233460,SAG-related sequence SRS29B,1.1926518559432646,PM - peripheral 1,PM - peripheral 1
TGME49_214500,ankyrin repeat-containing protein,TGME49_219210,ankyrin repeat-containing protein,1.192261565067088,cytosol,
TGME49_320230,SAG-related sequence SRS15C,TGME49_233480,SAG-related sequence SRS29C,1.190328022302887,PM - peripheral 1,PM - peripheral 1
TGME49_224170,SAG-related sequence SRS60A,TGME49_329700,SAG-related sequence SRS26J,1.1901346665287529,,
TGME49_301150,SAG-related sequence SRS19B,TGME49_233460,SAG-related sequence SRS29B,1.189782101444623,PM - peripheral 1,PM - peripheral 1
TGME49_308090,rhoptry protein ROP5,TGME49_295130,hypothetical protein,1.187386011139003,rhoptries 1,
TGME49_249900,adenine nucleotide translocator,TGME49_300360,ADP/ATP translocase,1.187358890561213,mitochondrion - membranes,
TGME49_269885,rhoptry metalloprotease toxolysin TLN1,TGME49_244480,peptidase M16 inactive domain-containing protein,1.1861700503655799,rhoptries 2,
TGME49_214410,hypothetical protein,TGME49_214420,hypothetical protein,1.1858288821955179,dense granules,
TGME49_323000,KRUF family protein,TGME49_252070,KRUF family protein,1.1848666885092298,nucleus - chromatin,
TGME49_295935,KRUF family protein,TGME49_323020,KRUF family protein,1.1844566756858472,,
TGME49_292270,SAG-related sequence SRS36C,TGME49_233460,SAG-related sequence SRS29B,1.183003925973144,,PM - peripheral 1
TGME49_308840,SAG-related sequence SRS51,TGME49_292250,SAG-related sequence SRS36A,1.1825532166324584,PM - peripheral 1,
TGME49_262380,"elongation factor Tu, putative",TGME49_302050,"elongation factor tu, apicoplast, putative",1.1823804800469437,nucleus - chromatin,apicoplast
TGME49_320490,dense granule protein GRA66,TGME49_231150,hypothetical protein,1.1816851229789052,dense granules,mitochondrion - membranes
TGME49_247025,PITH domain-containing protein,TGME49_270120,thioredoxin-like protein TLP1,1.1816687882169419,,mitochondrion - soluble
TGME49_267150,SAG-related sequence SRS38C,TGME49_308840,SAG-related sequence SRS51,1.1815844683714125,endomembrane vesicles,PM - peripheral 1
TGME49_273110,SAG-related sequence SRS30D,TGME49_308840,SAG-related sequence SRS51,1.1800386176937776,,PM - peripheral 1
TGME49_235470,myosin A,TGME49_239560,myosin E,1.1796667574037927,IMC,
TGME49_323000,KRUF family protein,TGME49_252190,KRUF family protein,1.1777249685397493,nucleus - chromatin,
TGME49_233450,SAG-related sequence SRS29A,TGME49_267150,SAG-related sequence SRS38C,1.1773083928771875,PM - peripheral 1,endomembrane vesicles
TGME49_229930,p25-alpha family protein,TGME49_500304,"P25-alpha family protein, putative",1.177096537666765,nucleus - chromatin,
TGME49_273130,SAG-related sequence SRS30A,TGME49_328700,hypothetical protein,1.176498403924398,PM - peripheral 1,
TGME49_244060,ankyrin repeat-containing protein,TGME49_214500,ankyrin repeat-containing protein,1.1764145980400782,,cytosol
TGME49_247025,PITH domain-containing protein,TGME49_218530,proteasome-interacting thioredoxin domain-containing protein,1.1761497893951565,,cytosol
TGME49_233480,SAG-related sequence SRS29C,TGME49_272560,SAG-related sequence SRS31B,1.1758971041581912,PM - peripheral 1,
TGME49_220630,hypothetical protein,TGME49_245760,hypothetical protein,1.1723873722890856,,
TGME49_500228,"30S ribosomal protein S10, putative",TGME49_223120,cyclin-dependent kinase regulatory subunit protein,1.1710972052234423,,
TGME49_221310,aminopeptidase N1,TGME49_224460,aminopeptidase N3,1.169304741908001,,dense granules
TGME49_301140,SAG-related sequence SRS19A,TGME49_308840,SAG-related sequence SRS51,1.1689547975183368,,PM - peripheral 1
TGME49_296121,hypothetical protein,TGME49_245760,hypothetical protein,1.166866136322854,,
TGME49_289980,"HAD hydrolase, family IIA protein",TGME49_209870,"HAD hydrolase, family IIA protein",1.1632550963705852,nucleus - chromatin,cytosol
TGME49_292100,"2-oxoisovalerate dehydrogenase subunit alpha, putative",TGME49_239490,2-oxoisovalerate dehydrogenase subunit alpha,1.1632137045434312,,mitochondrion - soluble
TGME49_247025,PITH domain-containing protein,TGME49_293870,thioredoxin 1,1.1604536610936933,,cytosol
TGME49_295935,KRUF family protein,TGME49_292390,KRUF family protein,1.159807616172471,,
TGME49_308840,SAG-related sequence SRS51,TGME49_292270,SAG-related sequence SRS36C,1.1586377404137003,PM - peripheral 1,
TGME49_267470,cold-shock DNA-binding domain-containing protein,TGME49_320600,cold-shock DNA-binding domain-containing protein,1.157746635286801,,nucleus - non-chromatin
TGME49_233450,SAG-related sequence SRS29A,TGME49_273110,SAG-related sequence SRS30D,1.1566846698338673,PM - peripheral 1,
TGME49_224770,SAG-related sequence SRS40D,TGME49_233460,SAG-related sequence SRS29B,1.1559304031153672,,PM - peripheral 1
TGME49_224170,SAG-related sequence SRS60A,TGME49_239090,SAG-related sequence SRS23,1.1557670680905894,,
TGME49_308096,rhoptry kinase family protein (incomplete catalytic triad),TGME49_252360,rhoptry kinase family protein ROP24 (incomplete catalytic triad),1.1545261906560842,,rhoptries 1
TGME49_301140,SAG-related sequence SRS19A,TGME49_233480,SAG-related sequence SRS29C,1.154047030612473,,PM - peripheral 1
TGME49_308093,rhoptry kinase family protein (incomplete catalytic triad),TGME49_295130,hypothetical protein,1.1494210803032003,dense granules,
TGME49_281675,rhoptry kinase family protein ROP35,TGME49_258800,rhoptry kinase family protein ROP31,1.1492513798589519,dense granules,rhoptries 1
TGME49_210600,KRUF family protein,TGME49_250955,KRUF family protein,1.148022401997924,,dense granules
TGME49_295935,KRUF family protein,TGME49_252080,hypothetical protein,1.1469676393144927,,
TGME49_233460,SAG-related sequence SRS29B,TGME49_292275,SAG-related sequence SRS36E,1.1463740684906978,PM - peripheral 1,
TGME49_301180,SAG-related sequence SRS19F,TGME49_328700,hypothetical protein,1.1460654716081162,PM - peripheral 1,
TGME49_263130,"citrate synthase, putative",TGME49_203110,"citrate synthase, putative",1.1445864794924374,cytosol,
TGME49_234570,sterol carrier protein-2 HAD-2SCP-2,TGME49_229140,MaoC family domain-containing protein,1.1444310659785846,,nucleus - non-chromatin
TGME49_267130,SAG-related sequence SRS38A,TGME49_308020,SAG-related sequence SRS57,1.1432126635260453,PM - peripheral 1,PM - peripheral 1
TGME49_252500,polo kinase,TGME49_308096,rhoptry kinase family protein (incomplete catalytic triad),1.1424268947724574,rhoptries 1,
TGME49_233450,SAG-related sequence SRS29A,TGME49_328700,hypothetical protein,1.142102301559815,PM - peripheral 1,
TGME49_301160,SAG-related sequence SRS19C,TGME49_311440,SAG-related sequence SRS50,1.1418724877267086,PM - peripheral 1,
TGME49_233450,SAG-related sequence SRS29A,TGME49_320250,SAG-related sequence SRS15A,1.140525506344686,PM - peripheral 1,
TGME49_275360,SAG-related sequence SRS47B,TGME49_285870,SAG-related sequence SRS20A,1.1391990691970884,,PM - peripheral 1
TGME49_233480,SAG-related sequence SRS29C,TGME49_292275,SAG-related sequence SRS36E,1.1380021284873356,PM - peripheral 1,
TGME49_320190,SAG-related sequence SRS16B,TGME49_273120,SAG-related sequence SRS30C,1.13770574996782,PM - peripheral 1,PM - peripheral 1
TGME49_233450,SAG-related sequence SRS29A,TGME49_320230,SAG-related sequence SRS15C,1.1365411638397842,PM - peripheral 1,PM - peripheral 1
TGME49_254060,SAG-related sequence SRS14A,TGME49_285870,SAG-related sequence SRS20A,1.1364671193571416,PM - peripheral 1,PM - peripheral 1
TGME49_202640,tRNA pseudouridine synthase 1,TGME49_298980,RNA pseudouridine synthase superfamily protein,1.1360518890435238,,
TGME49_208570,"ubiquitin conjugating enzyme E2, putative",TGME49_251640,ubiquitin-conjugating enzyme subfamily protein,1.1354890273041816,,Golgi
TGME49_273120,SAG-related sequence SRS30C,TGME49_311440,SAG-related sequence SRS50,1.1343963422515806,PM - peripheral 1,
TGME49_224790,SAG-related sequence SRS40A,TGME49_273130,SAG-related sequence SRS30A,1.1336149227331047,,PM - peripheral 1
TGME49_205410,RNA pseudouridine synthase superfamily protein,TGME49_263400,hypothetical protein,1.1334166125114928,,nucleus - chromatin
TGME49_285870,SAG-related sequence SRS20A,TGME49_275355,SAG-related sequence SRS47A,1.133370916301667,PM - peripheral 1,
TGME49_267150,SAG-related sequence SRS38C,TGME49_233480,SAG-related sequence SRS29C,1.1332561613855443,endomembrane vesicles,PM - peripheral 1
TGME49_308950,histidine acid phosphatase superfamily protein,TGME49_308945,hypothetical protein,1.1328375841559661,dense granules,
TGME49_292260,SAG-related sequence SRS36B,TGME49_233460,SAG-related sequence SRS29B,1.131074909726487,PM - peripheral 1,PM - peripheral 1
TGME49_292375,KRUF family protein,TGME49_323000,KRUF family protein,1.1307541394771186,,nucleus - chromatin
TGME49_259300,SAG-related sequence SRS26B,TGME49_224170,SAG-related sequence SRS60A,1.1303758565260127,,
TGME49_233480,SAG-related sequence SRS29C,TGME49_292250,SAG-related sequence SRS36A,1.1296028033528371,PM - peripheral 1,
TGME49_315320,SAG-related sequence SRS52A,TGME49_258550,SAG-related sequence SRS28,1.1290487769320243,PM - peripheral 1,
TGME49_233480,SAG-related sequence SRS29C,TGME49_292260,SAG-related sequence SRS36B,1.1264898306954751,PM - peripheral 1,PM - peripheral 1
TGME49_295720,"sulfite oxidase, putative",TGME49_262910,"NADH-cytochrome b5 reductase 1, putative",1.1263956621055646,,ER
TGME49_267160,SAG-related sequence SRS38D,TGME49_233460,SAG-related sequence SRS29B,1.1240873352482323,,PM - peripheral 1
TGME49_259270,SAG-related sequence SRS26E,TGME49_224170,SAG-related sequence SRS60A,1.1238707923175055,,
TGME49_238160,hypothetical protein,TGME49_238150,hypothetical protein,1.1225799879619205,,PM - integral
TGME49_320170,SAG-related sequence SRS16E,TGME49_233480,SAG-related sequence SRS29C,1.1209712287461406,PM - peripheral 1,PM - peripheral 1
TGME49_224770,SAG-related sequence SRS40D,TGME49_233480,SAG-related sequence SRS29C,1.1209604718912851,,PM - peripheral 1
TGME49_233450,SAG-related sequence SRS29A,TGME49_292260,SAG-related sequence SRS36B,1.120351549530334,PM - peripheral 1,PM - peripheral 1
TGME49_233480,SAG-related sequence SRS29C,TGME49_295600,SAG-related sequence SRS10,1.1192276476672331,PM - peripheral 1,
TGME49_213740,"methyltransferase, putative",TGME49_310070,apical annuli methyltransferase AAMT,1.1187034866187493,nucleus - chromatin,cytosol
TGME49_285870,SAG-related sequence SRS20A,TGME49_271040,hypothetical protein,1.1186882932176057,PM - peripheral 1,
TGME49_301890,Toxoplasma gondii family B protein,TGME49_295300,Toxoplasma gondii family B protein,1.1170329177198806,,
TGME49_222260,hypothetical protein,TGME49_230480,hypothetical protein,1.1167552305928912,,PM - integral
TGME49_224770,SAG-related sequence SRS40D,TGME49_308840,SAG-related sequence SRS51,1.1161040044676385,,PM - peripheral 1
TGME49_308020,SAG-related sequence SRS57,TGME49_292280,SAG-related sequence SRS36D,1.115067162056143,PM - peripheral 1,PM - peripheral 1
TGME49_241150,N2227 domain-containing protein,TGME49_301000,methyltransferase,1.1146115506618677,cytosol,
TGME49_278960,hypothetical protein,TGME49_278965,hypothetical protein,1.113270502583045,ER,
TGME49_233450,SAG-related sequence SRS29A,TGME49_224770,SAG-related sequence SRS40D,1.1122751411630623,PM - peripheral 1,
TGME49_500300,"hypothetical protein, conserved",TGME49_500036,"RNA binding protein, putative",1.1106568031558888,nucleus - non-chromatin,
TGME49_275370,SAG-related sequence SRS47C,TGME49_271050,SAG-related sequence SRS34A,1.1094992729457698,PM - peripheral 1,PM - peripheral 1
TGME49_267130,SAG-related sequence SRS38A,TGME49_308840,SAG-related sequence SRS51,1.1094358747365,PM - peripheral 1,PM - peripheral 1
TGME49_321480,SAG-related sequence SRS12B,TGME49_308020,SAG-related sequence SRS57,1.1091260331681412,PM - peripheral 1,PM - peripheral 1
TGME49_255870,"WD domain, G-beta repeat-containing protein",TGME49_313350,WD repeat-containing protein,1.108974002663248,nucleus - chromatin,nucleus - chromatin
TGME49_273130,SAG-related sequence SRS30A,TGME49_224780,SAG-related sequence SRS40B [Source:UniProtKB/TrEMBL;Acc:S8EU84],1.1081261015589627,PM - peripheral 1,
TGME49_290970,serine palmitoyltransferase SPT2,TGME49_290980,serine palmitoyltransferase SPT1,1.1069936622838996,ER,ER
TGME49_309890,"alpha/beta hydrolase, putative",TGME49_261500,hydrolase,1.1068832025565003,,nucleus - chromatin
TGME49_320190,SAG-related sequence SRS16B,TGME49_311440,SAG-related sequence SRS50,1.1058931312901188,PM - peripheral 1,
TGME49_500174,KRUF family protein,TGME49_252080,hypothetical protein,1.1058468914244899,,
TGME49_258210,DNA-directed RNA polymerase II RPB2,TGME49_300660,RNA polymerase B,1.105701824353289,nucleus - non-chromatin,
TGME49_308840,SAG-related sequence SRS51,TGME49_292275,SAG-related sequence SRS36E,1.1050694874312836,PM - peripheral 1,
TGME49_257120,sugar transporter ST1,TGME49_214320,facilitative glucose transporter GT1,1.103985920891328,,PM - integral
TGME49_301170,SAG-related sequence SRS19D,TGME49_308020,SAG-related sequence SRS57,1.1036635082275204,PM - peripheral 1,PM - peripheral 1
TGME49_250115,hypothetical protein,TGME49_245760,hypothetical protein,1.1030717858782608,,
TGME49_254200,anticodon binding domain-containing protein,TGME49_256990,glycyl-tRNA synthetase,1.1005766298432231,,cytosol
TGME49_233450,SAG-related sequence SRS29A,TGME49_301150,SAG-related sequence SRS19B,1.0999449145056928,PM - peripheral 1,PM - peripheral 1
TGME49_301150,SAG-related sequence SRS19B,TGME49_308840,SAG-related sequence SRS51,1.0998948287266668,PM - peripheral 1,PM - peripheral 1
TGME49_233710,"inorganic anion transporter, sulfate permease (SulP) family protein",TGME49_280500,"inorganic anion transporter, sulfate permease (SulP) family protein",1.0981896137936913,,
TGME49_301150,SAG-related sequence SRS19B,TGME49_233480,SAG-related sequence SRS29C,1.097358273267824,PM - peripheral 1,PM - peripheral 1
TGME49_253790,zinc finger (CCCH type) motif-containing protein,TGME49_268570,zinc finger (CCCH type) motif-containing protein,1.0966692254254502,,nucleus - non-chromatin
TGME49_245510,"phospholipid-translocating P-type ATPase, flippase subfamily protein",TGME49_257720,"proton ATPase, putative",1.0956563939773196,PM - integral,
TGME49_271980,SAG-related sequence SRS32,TGME49_224170,SAG-related sequence SRS60A,1.0947651944029977,,
TGME49_312370,RNA pseudouridine synthase superfamily protein,TGME49_298980,RNA pseudouridine synthase superfamily protein,1.094299695682673,,
TGME49_267130,SAG-related sequence SRS38A,TGME49_233480,SAG-related sequence SRS29C,1.0939721153164295,PM - peripheral 1,PM - peripheral 1
TGME49_233450,SAG-related sequence SRS29A,TGME49_224760,SAG-related sequence SRS40E,1.0924755298275395,PM - peripheral 1,
TGME49_233450,SAG-related sequence SRS29A,TGME49_267130,SAG-related sequence SRS38A,1.0916541541080882,PM - peripheral 1,PM - peripheral 1
TGME49_253790,zinc finger (CCCH type) motif-containing protein,TGME49_228990,zinc finger (CCCH type) motif-containing protein,1.0915770810454526,,
TGME49_268570,zinc finger (CCCH type) motif-containing protein,TGME49_228990,zinc finger (CCCH type) motif-containing protein,1.0912376659179182,nucleus - non-chromatin,
TGME49_259290,SAG-related sequence SRS26C,TGME49_224170,SAG-related sequence SRS60A,1.0909230188532044,,
TGME49_295110,rhoptry protein ROP7,TGME49_308096,rhoptry kinase family protein (incomplete catalytic triad),1.0900102524012967,rhoptries 1,
TGME49_229170,formate/nitrite transporter FNT3,TGME49_292110,formate/nitrite transporter FNT2,1.0897962627516085,,PM - integral
TGME49_209920,PAN domain-containing protein,TGME49_208030,microneme protein MIC4,1.08870253445961,,micronemes
TGME49_321480,SAG-related sequence SRS12B,TGME49_233460,SAG-related sequence SRS29B,1.0875463997062784,PM - peripheral 1,PM - peripheral 1
TGME49_233480,SAG-related sequence SRS29C,TGME49_292270,SAG-related sequence SRS36C,1.087396673070984,PM - peripheral 1,
TGME49_292280,SAG-related sequence SRS36D,TGME49_311440,SAG-related sequence SRS50,1.0867148018144566,PM - peripheral 1,
TGME49_301890,Toxoplasma gondii family B protein,TGME49_500295,Toxoplasma gondii family B protein,1.085445256655642,,
TGME49_234950,protein kinase (incomplete catalytic triad),TGME49_274170,protein kinase (incomplete catalytic triad),1.0842663890150148,dense granules,
TGME49_236510,TMEM65 domain-containing protein,TGME49_293800,"transmembrane protein 65, putative",1.0826375400040318,mitochondrion - membranes,
TGME49_233450,SAG-related sequence SRS29A,TGME49_292250,SAG-related sequence SRS36A,1.0822221221838002,PM - peripheral 1,
TGME49_277720,GDA1/CD39 (nucleoside phosphatase) family protein,TGME49_225290,GDA1/CD39 (nucleoside phosphatase) family protein,1.0815873271248126,rhoptries 1,
TGME49_205250,rhoptry protein ROP18,TGME49_308096,rhoptry kinase family protein (incomplete catalytic triad),1.0814825138033874,rhoptries 1,
TGME49_221620,"beta-tubulin, putative",TGME49_212240,"beta-1 tubulin, putative",1.0808395742444372,tubulin cytoskeleton,
TGME49_233450,SAG-related sequence SRS29A,TGME49_272560,SAG-related sequence SRS31B,1.080793474629262,PM - peripheral 1,
TGME49_320190,SAG-related sequence SRS16B,TGME49_273130,SAG-related sequence SRS30A,1.0804901459394447,PM - peripheral 1,PM - peripheral 1
TGME49_307480,Toxoplasma gondii family B protein,TGME49_301890,Toxoplasma gondii family B protein,1.0803842550077616,,
TGME49_232300,ribosomal protein RPS3,TGME49_300615,"ribosomal protein S3, putative",1.0793330418785059,40S ribosome,
TGME49_301890,Toxoplasma gondii family B protein,TGME49_276230,Toxoplasma gondii family B protein,1.079325105492495,,
TGME49_329710,SAG-related sequence SRS26I,TGME49_224170,SAG-related sequence SRS60A,1.078500107934371,,
TGME49_262380,"elongation factor Tu, putative",TGME49_302060,"elongation factor tu, apicoplast, putative",1.0784278611051217,nucleus - chromatin,
TGME49_308810,rhoptry neck protein RON9,TGME49_261590,"ankyrin, putative",1.0782955916958668,rhoptries 2,
TGME49_216130,"ubiquitin conjugating enzyme E2, putative",TGME49_263490,"ubiquitin conjugating enzyme E2, putative",1.0762427170616473,cytosol,
TGME49_300990,Toxoplasma gondii family C protein,TGME49_200700,Toxoplasma gondii family C protein,1.0757674822637997,,
TGME49_311440,SAG-related sequence SRS50,TGME49_295600,SAG-related sequence SRS10,1.0741110764348623,,
TGME49_320230,SAG-related sequence SRS15C,TGME49_308840,SAG-related sequence SRS51,1.0731533862298364,PM - peripheral 1,PM - peripheral 1
TGME49_300320,dimethyladenosine transferase,TGME49_248200,"ribosomal RNA (adenine(1779)-N(6)/adenine(1780)-N(6))- dimethyltransferase, putative",1.072841271494516,,
TGME49_228160,acid phosphatase,TGME49_228170,dense granule protein GRA44,1.0712647159346935,,dense granules
TGME49_283450,Toxoplasma gondii family B protein,TGME49_301890,Toxoplasma gondii family B protein,1.0700689292223327,,
TGME49_258380,elongation factor P,TGME49_309010,"elongation factor P, putative",1.068430074230843,apicoplast,mitochondrion - soluble
TGME49_233450,SAG-related sequence SRS29A,TGME49_295600,SAG-related sequence SRS10,1.0679528009229864,PM - peripheral 1,
TGME49_250115,hypothetical protein,TGME49_220650,hypothetical protein,1.067949549394365,,
TGME49_301140,SAG-related sequence SRS19A,TGME49_273130,SAG-related sequence SRS30A,1.0677597055398558,,PM - peripheral 1
TGME49_292260,SAG-related sequence SRS36B,TGME49_308840,SAG-related sequence SRS51,1.067706030022151,PM - peripheral 1,PM - peripheral 1
TGME49_312090,ribosomal protein RPL23,TGME49_300611,ribosomal protein L14,1.066440893672257,60S ribosome,
TGME49_243910,Cof family hydrolase subfamily protein,TGME49_229330,Cof family hydrolase subfamily protein,1.0640253370711876,cytosol,
TGME49_215775,rhoptry protein ROP8,TGME49_296000,rhoptry kinase family protein ROP2L12,1.0625564565006216,rhoptries 1,
TGME49_239270,hypothetical protein,TGME49_213480,hypothetical protein,1.0624057272400789,,
TGME49_292250,SAG-related sequence SRS36A,TGME49_311440,SAG-related sequence SRS50,1.0620980887919762,,
TGME49_285860,SAG-related sequence SRS20C,TGME49_271050,SAG-related sequence SRS34A,1.0606888614654457,PM - peripheral 1,PM - peripheral 1
TGME49_225220,SCP family extracellular subfamily protein,TGME49_288220,CAP domain-containing protein,1.0599345168682441,,
TGME49_500296,KRUF family protein,TGME49_292390,KRUF family protein,1.0591124196851784,,
TGME49_233450,SAG-related sequence SRS29A,TGME49_301140,SAG-related sequence SRS19A,1.0586499032750005,PM - peripheral 1,
TGME49_233450,SAG-related sequence SRS29A,TGME49_292270,SAG-related sequence SRS36C,1.0575012996593165,PM - peripheral 1,
TGME49_234930,SAG-related sequence SRS43,TGME49_311440,SAG-related sequence SRS50,1.0573373190364455,PM - peripheral 1,
TGME49_500296,KRUF family protein,TGME49_252080,hypothetical protein,1.0569976321127361,,
TGME49_202580,"chaperone protein ClpB5, putative",TGME49_275690,chaperone protein ClpB3,1.0569290428548712,,apicoplast
TGME49_212980,KH domain-containing protein,TGME49_217880,"RNA-binding protein Nova-1, putative",1.055822516892835,nucleus - chromatin,
TGME49_311440,SAG-related sequence SRS50,TGME49_272560,SAG-related sequence SRS31B,1.055282716817146,,
TGME49_267160,SAG-related sequence SRS38D,TGME49_308020,SAG-related sequence SRS57,1.0546522935718035,,PM - peripheral 1
TGME49_309300,SAG-related sequence SRS55A,TGME49_285870,SAG-related sequence SRS20A,1.0545520090997027,,PM - peripheral 1
TGME49_292270,SAG-related sequence SRS36C,TGME49_311440,SAG-related sequence SRS50,1.0541476330380226,,
TGME49_301170,SAG-related sequence SRS19D,TGME49_328700,hypothetical protein,1.0529478691924958,PM - peripheral 1,
TGME49_288920,ATP-binding cassette G family transporter ABCG96,TGME49_290580,ATP-binding cassette G family transporter ABCG89,1.0523592967934576,apicoplast,PM - integral
TGME49_273130,SAG-related sequence SRS30A,TGME49_272560,SAG-related sequence SRS31B,1.0517980742887767,PM - peripheral 1,
TGME49_275690,chaperone protein ClpB3,TGME49_268650,chaperone protein ClpB2,1.0514189933228784,apicoplast,mitochondrion - soluble
TGME49_320190,SAG-related sequence SRS16B,TGME49_321490,SAG-related sequence SRS12A,1.0509666920876857,PM - peripheral 1,
TGME49_311440,SAG-related sequence SRS50,TGME49_328700,hypothetical protein,1.0508089033569343,,
TGME49_220560,"transmembrane protein TauE, putative",TGME49_205300,hypothetical protein,1.0507582037455878,,PM - integral
TGME49_320200,SAG-related sequence SRS16A,TGME49_308020,SAG-related sequence SRS57,1.050248876900576,PM - peripheral 1,PM - peripheral 1
TGME49_234930,SAG-related sequence SRS43,TGME49_328700,hypothetical protein,1.0487942484415984,PM - peripheral 1,
TGME49_220640,hypothetical protein,TGME49_245760,hypothetical protein,1.0487304532443933,,
TGME49_500228,"30S ribosomal protein S10, putative",TGME49_219100,cyclin-dependent kinase regulatory subunit protein,1.0486686475375018,,
TGME49_219100,cyclin-dependent kinase regulatory subunit protein,TGME49_223120,cyclin-dependent kinase regulatory subunit protein,1.047243522130227,,
TGME49_232350,lactate dehydrogenase LDH1,TGME49_291040,lactate dehydrogenase LDH2,1.0465774118869149,cytosol,
TGME49_201840,aspartyl protease ASP1,TGME49_262940,aspartyl protease ASP2,1.0442366026373981,endomembrane vesicles,
TGME49_315560,ATP-binding cassette G family transporter ABCG77,TGME49_289350,ATP-binding cassette G family transporter ABCG84,1.0439972641711988,,PM - integral
TGME49_219590,RuvB family 1 protein,TGME49_293368,TIP49 C-terminus family protein,1.0439414655374566,cytosol,
TGME49_239020,ABC transporter transmembrane region domain-containing protein,TGME49_316320,ABC transporter transmembrane region domain-containing protein,1.04349933835299,PM - integral,
TGME49_298090,Toxoplasma gondii family B protein,TGME49_301890,Toxoplasma gondii family B protein,1.0430752344304681,,
TGME49_301160,SAG-related sequence SRS19C,TGME49_308020,SAG-related sequence SRS57,1.0423611992282373,PM - peripheral 1,PM - peripheral 1
TGME49_314020,hypothetical protein,TGME49_223900,hypothetical protein,1.0406291444399691,Golgi,
TGME49_292375,KRUF family protein,TGME49_323020,KRUF family protein,1.0382566708767733,,
TGME49_301150,SAG-related sequence SRS19B,TGME49_311440,SAG-related sequence SRS50,1.0357413942445064,PM - peripheral 1,
TGME49_259410,SAG-related sequence SRS26A,TGME49_224170,SAG-related sequence SRS60A,1.0353542290207947,,
TGME49_320170,SAG-related sequence SRS16E,TGME49_311440,SAG-related sequence SRS50,1.0350996843068136,PM - peripheral 1,
TGME49_315740,SAG-related sequence SRS54,TGME49_311440,SAG-related sequence SRS50,1.0350444043024694,PM - peripheral 1,
TGME49_320190,SAG-related sequence SRS16B,TGME49_267140,SAG-related sequence SRS38B,1.0346005045985651,PM - peripheral 1,PM - peripheral 1
TGME49_200230,microneme protein MIC17C,TGME49_200250,microneme protein MIC17A,1.0342666343547873,,micronemes
TGME49_202580,"chaperone protein ClpB5, putative",TGME49_268650,chaperone protein ClpB2,1.0340199778599286,,mitochondrion - soluble
TGME49_301170,SAG-related sequence SRS19D,TGME49_311440,SAG-related sequence SRS50,1.033060712854889,PM - peripheral 1,
TGME49_272640,"eukaryotic initiation factor-2B, epsilon subunit, putative",TGME49_274190,"eukaryotic initiation factor 2B epsilon subunit, putative",1.0328832853381766,nucleus - chromatin,cytosol
TGME49_301140,SAG-related sequence SRS19A,TGME49_311440,SAG-related sequence SRS50,1.0326528111945155,,
TGME49_285180,hypothetical protein,TGME49_228370,hypothetical protein,1.0322163537367923,PM - peripheral 2,
TGME49_308090,rhoptry protein ROP5,TGME49_308096,rhoptry kinase family protein (incomplete catalytic triad),1.0318513203117403,rhoptries 1,
TGME49_233860,DALR anticodon binding domain-containing protein,TGME49_210840,arginyl-tRNA synthetase family protein,1.0315911767840713,apicoplast,cytosol
TGME49_329400,Toxoplasma gondii family C protein,TGME49_307260,Toxoplasma gondii family C protein,1.0315908493063042,,
TGME49_320190,SAG-related sequence SRS16B,TGME49_308020,SAG-related sequence SRS57,1.0315324032876867,PM - peripheral 1,PM - peripheral 1
TGME49_320170,SAG-related sequence SRS16E,TGME49_308840,SAG-related sequence SRS51,1.0308305054232103,PM - peripheral 1,PM - peripheral 1
TGME49_250955,KRUF family protein,TGME49_252080,hypothetical protein,1.030676809576752,dense granules,
TGME49_250750,tRNA (uracil-5-)-methyltransferase,TGME49_271860,tRNA (Uracil-5-)-methyltransferase,1.0302052885281732,nucleus - non-chromatin,
TGME49_233450,SAG-related sequence SRS29A,TGME49_320170,SAG-related sequence SRS16E,1.0294684999097914,PM - peripheral 1,PM - peripheral 1
TGME49_233450,SAG-related sequence SRS29A,TGME49_292275,SAG-related sequence SRS36E,1.027555301190764,PM - peripheral 1,
TGME49_239600,rhoptry kinase family protein ROP23 (incomplete catalytic triad),TGME49_295130,hypothetical protein,1.0237417603648982,,
TGME49_291040,lactate dehydrogenase LDH2,TGME49_318430,malate dehydrogenase MDH,1.0220219832183515,,cytosol
TGME49_292280,SAG-related sequence SRS36D,TGME49_233460,SAG-related sequence SRS29B,1.0219753725232406,PM - peripheral 1,PM - peripheral 1
TGME49_306870,hypothetical protein,TGME49_301890,Toxoplasma gondii family B protein,1.0219617816733328,,
TGME49_321480,SAG-related sequence SRS12B,TGME49_233480,SAG-related sequence SRS29C,1.0215469101178123,PM - peripheral 1,PM - peripheral 1
TGME49_320180,SAG-related sequence SRS16C,TGME49_328700,hypothetical protein,1.0201738367406759,PM - peripheral 1,
TGME49_226310,zinc finger (CCCH type) motif-containing protein,TGME49_268570,zinc finger (CCCH type) motif-containing protein,1.0196024831996042,,nucleus - non-chromatin
TGME49_267160,SAG-related sequence SRS38D,TGME49_308840,SAG-related sequence SRS51,1.0193536454203178,,PM - peripheral 1
TGME49_273110,SAG-related sequence SRS30D,TGME49_320190,SAG-related sequence SRS16B,1.0182603872189986,,PM - peripheral 1
TGME49_320200,SAG-related sequence SRS16A,TGME49_311440,SAG-related sequence SRS50,1.017873708232887,PM - peripheral 1,
TGME49_202580,"chaperone protein ClpB5, putative",TGME49_257990,chaperone protein ClpB1,1.0170216030406634,,cytosol
TGME49_322010,myosin-light-chain kinase,TGME49_322130,hypothetical protein,1.0169865559637195,,
TGME49_308096,rhoptry kinase family protein (incomplete catalytic triad),TGME49_295105,"rhoptry protein, putative",1.0152030530333276,,
TGME49_215775,rhoptry protein ROP8,TGME49_308096,rhoptry kinase family protein (incomplete catalytic triad),1.014707143079194,rhoptries 1,
TGME49_220630,hypothetical protein,TGME49_220650,hypothetical protein,1.0133107278542162,,
TGME49_255190,"myosin C, myosin B",TGME49_239560,myosin E,1.0124525920083756,IMC,
TGME49_258990,bromodomain-containing protein BDP3,TGME49_264640,bromodomain-containing protein BDP2,1.0123570159809252,nucleus - chromatin,nucleus - chromatin
TGME49_267160,SAG-related sequence SRS38D,TGME49_233480,SAG-related sequence SRS29C,1.0121991892577642,,PM - peripheral 1
TGME49_320190,SAG-related sequence SRS16B,TGME49_320240,SAG-related sequence SRS15B,1.011864626820805,PM - peripheral 1,
TGME49_208850,SAG-related sequence SRS11,TGME49_271050,SAG-related sequence SRS34A,1.0114499275726738,PM - peripheral 1,PM - peripheral 1
TGME49_320250,SAG-related sequence SRS15A,TGME49_311440,SAG-related sequence SRS50,1.0106604750760786,,
TGME49_320190,SAG-related sequence SRS16B,TGME49_234930,SAG-related sequence SRS43,1.009109642874828,PM - peripheral 1,PM - peripheral 1
TGME49_224170,SAG-related sequence SRS60A,TGME49_279000,SAG-related sequence SRS59J,1.0084553589197387,,
TGME49_295110,rhoptry protein ROP7,TGME49_296000,rhoptry kinase family protein ROP2L12,1.006763342427969,rhoptries 1,
TGME49_320190,SAG-related sequence SRS16B,TGME49_315740,SAG-related sequence SRS54,1.0058049858274338,PM - peripheral 1,PM - peripheral 1
TGME49_320200,SAG-related sequence SRS16A,TGME49_233460,SAG-related sequence SRS29B,1.005414676676243,PM - peripheral 1,PM - peripheral 1
TGME49_224790,SAG-related sequence SRS40A,TGME49_311440,SAG-related sequence SRS50,1.0046387198516966,,
TGME49_308090,rhoptry protein ROP5,TGME49_296000,rhoptry kinase family protein ROP2L12,1.0035383745268185,rhoptries 1,
TGME49_228780,Toxoplasma gondii family C protein,TGME49_329400,Toxoplasma gondii family C protein,1.0034976945136156,,
TGME49_224750,SAG-related sequence SRS40F,TGME49_311440,SAG-related sequence SRS50,1.002985750347436,,
TGME49_241240,dense granule protein GRA65,TGME49_241710,hypothetical protein,1.001876982253579,dense granules,
TGME49_217670,ribosomal protein RPS6,TGME49_284660,"mitochondrial ribosomal protein s6-2, putative",1.0015229163651365,,
TGME49_320230,SAG-related sequence SRS15C,TGME49_311440,SAG-related sequence SRS50,1.001340141888923,PM - peripheral 1,
TGME49_323000,KRUF family protein,TGME49_252065,KRUF family protein,1.0012459480072433,nucleus - chromatin,
TGME49_242260,hypothetical protein,TGME49_322110,hypothetical protein,1.0011217640310226,,
TGME49_210600,KRUF family protein,TGME49_250950,KRUF family protein,1.0006677758335905,,
TGME49_225410,histone H3 centromeric CENH3,TGME49_326600,"histone, putative",1.0003237963554223,nucleus - chromatin,
TGME49_233450,SAG-related sequence SRS29A,TGME49_267160,SAG-related sequence SRS38D,0.999518716094314,PM - peripheral 1,
TGME49_292390,KRUF family protein,TGME49_250955,KRUF family protein,0.9986304694017383,,dense granules
TGME49_301890,Toxoplasma gondii family B protein,TGME49_244920,Toxoplasma gondii family B protein,0.9982600323724071,,
TGME49_233450,SAG-related sequence SRS29A,TGME49_321480,SAG-related sequence SRS12B,0.9980969844719071,PM - peripheral 1,PM - peripheral 1
TGME49_233460,SAG-related sequence SRS29B,TGME49_311440,SAG-related sequence SRS50,0.9973113804176397,PM - peripheral 1,
TGME49_250115,hypothetical protein,TGME49_287440,hypothetical protein,0.9968719259499841,,
TGME49_307045,Toxoplasma gondii family B protein,TGME49_301890,Toxoplasma gondii family B protein,0.996511013943151,,
TGME49_315440,hypothetical protein,TGME49_203350,hypothetical protein,0.9960969729976391,,
TGME49_321470,SAG-related sequence SRS12D,TGME49_273130,SAG-related sequence SRS30A,0.9931826470661416,,PM - peripheral 1
TGME49_320230,SAG-related sequence SRS15C,TGME49_320190,SAG-related sequence SRS16B,0.9928753205140992,PM - peripheral 1,PM - peripheral 1
TGME49_226380,dense granule protein GRA35,TGME49_257970,hypothetical protein,0.9921404591352677,dense granules,
TGME49_292260,SAG-related sequence SRS36B,TGME49_311440,SAG-related sequence SRS50,0.9903697847465451,PM - peripheral 1,
TGME49_320770,Toxoplasma gondii family B protein,TGME49_301890,Toxoplasma gondii family B protein,0.9898496154398608,,
TGME49_321480,SAG-related sequence SRS12B,TGME49_311440,SAG-related sequence SRS50,0.9898106027348647,PM - peripheral 1,
TGME49_301160,SAG-related sequence SRS19C,TGME49_328700,hypothetical protein,0.9891342179444489,PM - peripheral 1,
TGME49_315740,SAG-related sequence SRS54,TGME49_328700,hypothetical protein,0.9886645681706987,PM - peripheral 1,
TGME49_309265,"oxidoreductase, short chain dehydrogenase/reductase family protein",TGME49_260460,"oxidoreductase, putative",0.9878809028670165,ER,
TGME49_286080,elongation factor 2 family protein,TGME49_327100,"U5 small nuclear ribonuclear protein, putative",0.9878620247014727,nucleus - non-chromatin,
TGME49_262420,AP2 domain transcription factor AP2VIIb-1/ADA2-B,TGME49_217050,ADA2-A transcriptional co-activator SAGA component,0.9873293767821442,,nucleus - chromatin
TGME49_288920,ATP-binding cassette G family transporter ABCG96,TGME49_289350,ATP-binding cassette G family transporter ABCG84,0.9872952731477543,apicoplast,PM - integral
TGME49_311440,SAG-related sequence SRS50,TGME49_292275,SAG-related sequence SRS36E,0.9871233454786991,,
TGME49_251400,hypothetical protein,TGME49_319550,"membrane protein C17G8.08c, putative",0.986979940392991,,ER
TGME49_500344,AP2 domain transcription factor AP2X-6,TGME49_500394,CAP domain-containing protein,0.985429276880975,,
TGME49_320240,SAG-related sequence SRS15B,TGME49_273130,SAG-related sequence SRS30A,0.9852037661992199,,PM - peripheral 1
TGME49_224760,SAG-related sequence SRS40E,TGME49_273130,SAG-related sequence SRS30A,0.9844355602171768,,PM - peripheral 1
TGME49_320190,SAG-related sequence SRS16B,TGME49_267150,SAG-related sequence SRS38C,0.9840814397657317,PM - peripheral 1,endomembrane vesicles
TGME49_271625,serine--tRNA ligase,TGME49_251690,"seryl-tRNA synthetase, cytoplasmic, putative",0.9837609962361006,,cytosol
TGME49_273130,SAG-related sequence SRS30A,TGME49_295600,SAG-related sequence SRS10,0.9837325625732096,PM - peripheral 1,
TGME49_292375,KRUF family protein,TGME49_252080,hypothetical protein,0.9828455234858945,,
TGME49_316680,RNA pseudouridine synthase superfamily protein,TGME49_263400,hypothetical protein,0.9827609311645993,nucleus - chromatin,nucleus - chromatin
TGME49_200250,microneme protein MIC17A,TGME49_200240,microneme protein MIC17B,0.981157860875429,micronemes,micronemes
TGME49_310050,RNA recognition motif-containing protein,TGME49_324100,hypothetical protein,0.9790666307168834,nucleus - non-chromatin,
TGME49_220080,Toxoplasma gondii family C protein,TGME49_200700,Toxoplasma gondii family C protein,0.9778737414612687,,
TGME49_205250,rhoptry protein ROP18,TGME49_296000,rhoptry kinase family protein ROP2L12,0.9770095975014591,rhoptries 1,
TGME49_286720,heat shock protein HSP28,TGME49_259020,bradyzoite antigen BAG1,0.9764316735007333,mitochondrion - membranes,
TGME49_300990,Toxoplasma gondii family C protein,TGME49_329100,Toxoplasma gondii family C protein,0.976139942339582,,
TGME49_250950,KRUF family protein,TGME49_252070,KRUF family protein,0.9757662295173322,,
TGME49_320200,SAG-related sequence SRS16A,TGME49_308840,SAG-related sequence SRS51,0.9757228577646205,PM - peripheral 1,PM - peripheral 1
TGME49_210330,SAG-related sequence SRS37B,TGME49_224170,SAG-related sequence SRS60A,0.9752247501722732,,
TGME49_278080,Toxoplasma gondii family A protein,TGME49_278100,Toxoplasma gondii family A protein,0.974756642204115,,PM - peripheral 1
TGME49_200130,Toxoplasma gondii family C protein,TGME49_329100,Toxoplasma gondii family C protein,0.9716010546353251,,
TGME49_289230,"50S ribosomal protein L12, putative",TGME49_251950,ribosomal protein l7/l12 c-terminal domain-containing protein,0.9705678838066358,apicoplast,mitochondrion - soluble
TGME49_220630,hypothetical protein,TGME49_287460,hypothetical protein,0.9697997230933698,,
TGME49_224070,hypothetical protein,TGME49_320760,hypothetical protein,0.9694467051149941,,PM - peripheral 2
TGME49_233480,SAG-related sequence SRS29C,TGME49_311440,SAG-related sequence SRS50,0.9690469808781881,PM - peripheral 1,
TGME49_243910,Cof family hydrolase subfamily protein,TGME49_229320,Cof family hydrolase subfamily protein,0.9678237346546439,cytosol,
TGME49_241710,hypothetical protein,TGME49_241300,hypothetical protein,0.967558224074254,,
TGME49_292280,SAG-related sequence SRS36D,TGME49_308840,SAG-related sequence SRS51,0.9674928879443306,PM - peripheral 1,PM - peripheral 1
TGME49_320200,SAG-related sequence SRS16A,TGME49_233480,SAG-related sequence SRS29C,0.9674740942540779,PM - peripheral 1,PM - peripheral 1
TGME49_250950,KRUF family protein,TGME49_252065,KRUF family protein,0.9669918203131966,,
TGME49_319360,SAG-related sequence SRS17A,TGME49_319350,SAG-related sequence SRS17B,0.9665480489074015,,PM - peripheral 1
TGME49_267140,SAG-related sequence SRS38B,TGME49_267130,SAG-related sequence SRS38A,0.9663467449465848,PM - peripheral 1,PM - peripheral 1
TGME49_267140,SAG-related sequence SRS38B,TGME49_311440,SAG-related sequence SRS50,0.9659446892909612,PM - peripheral 1,
TGME49_275600,diacylglycerol acyltransferase,TGME49_226370,dgat2l1-prov protein,0.9650519042947678,,ER
TGME49_500035,"hypothetical protein, conserved",TGME49_265510,hypothetical protein,0.9640212983168495,,cytosol
TGME49_224350,aminopeptidase N2,TGME49_221310,aminopeptidase N1,0.9635028632277033,cytosol,
TGME49_296231,hypothetical protein,TGME49_245760,hypothetical protein,0.9631644459804746,,
TGME49_213067,dense granule protein GRA36,TGME49_257970,hypothetical protein,0.9628330770515736,dense granules,
TGME49_224750,SAG-related sequence SRS40F,TGME49_273130,SAG-related sequence SRS30A,0.9619952044229344,,PM - peripheral 1
TGME49_220630,hypothetical protein,TGME49_287440,hypothetical protein,0.9617578394644954,,
TGME49_329400,Toxoplasma gondii family C protein,TGME49_200590,Toxoplasma gondii family C protein,0.9594367267807974,,
TGME49_233450,SAG-related sequence SRS29A,TGME49_301170,SAG-related sequence SRS19D,0.9584126992218424,PM - peripheral 1,PM - peripheral 1
TGME49_251958,SAG-related sequence SRS59B,TGME49_224170,SAG-related sequence SRS60A,0.9566561494689105,,
TGME49_275590,mono- or diacylglycerol acyltransferase,TGME49_226370,dgat2l1-prov protein,0.9551936852607205,,ER
TGME49_267160,SAG-related sequence SRS38D,TGME49_311440,SAG-related sequence SRS50,0.9548709339892152,,
TGME49_273130,SAG-related sequence SRS30A,TGME49_292250,SAG-related sequence SRS36A,0.953758074450772,PM - peripheral 1,
TGME49_252500,polo kinase,TGME49_296000,rhoptry kinase family protein ROP2L12,0.9535668775407549,rhoptries 1,
TGME49_233450,SAG-related sequence SRS29A,TGME49_320200,SAG-related sequence SRS16A,0.9531329409769848,PM - peripheral 1,PM - peripheral 1
TGME49_247630,"membrane protein, putative",TGME49_218740,"membrane protein, putative",0.952715032438861,,
TGME49_300621,ribosomal protein L2,TGME49_204020,ribosomal protein RPL8,0.9526841338572087,,60S ribosome
TGME49_320190,SAG-related sequence SRS16B,TGME49_224790,SAG-related sequence SRS40A,0.952181457030681,PM - peripheral 1,
TGME49_273110,SAG-related sequence SRS30D,TGME49_311440,SAG-related sequence SRS50,0.9517411248170495,,
TGME49_262920,serine protease DegP,TGME49_290840,serine protease,0.950242396275417,rhoptries 1,mitochondrion - soluble
TGME49_273130,SAG-related sequence SRS30A,TGME49_311440,SAG-related sequence SRS50,0.9500333791670547,PM - peripheral 1,
TGME49_256060,nucleosome assembly protein (nap) protein,TGME49_244110,nucleosome assembly protein (nap) protein,0.9494510193734488,cytosol,cytosol
TGME49_252065,KRUF family protein,TGME49_323020,KRUF family protein,0.94929679157169,,
TGME49_252190,KRUF family protein,TGME49_252080,hypothetical protein,0.948395756292692,,
TGME49_200480,Toxoplasma gondii family B protein,TGME49_301890,Toxoplasma gondii family B protein,0.9477713757120831,,
TGME49_239560,myosin E,TGME49_263180,myosin D,0.9466804817549992,,PM - peripheral 1
TGME49_246190,centrosome protein CEP530,TGME49_327700,hypothetical protein,0.9464620344521772,,
TGME49_281675,rhoptry kinase family protein ROP35,TGME49_270920,rhoptry kinase family protein ROP32,0.946235298742448,dense granules,dense granules
TGME49_316680,RNA pseudouridine synthase superfamily protein,TGME49_312370,RNA pseudouridine synthase superfamily protein,0.9450762704748523,nucleus - chromatin,
TGME49_245770,hypothetical protein,TGME49_245760,hypothetical protein,0.9449564994503717,,
TGME49_500228,"30S ribosomal protein S10, putative",TGME49_500221,cyclin-dependent kinase regulatory subunit protein,0.9440437289271326,,
TGME49_252360,rhoptry kinase family protein ROP24 (incomplete catalytic triad),TGME49_296000,rhoptry kinase family protein ROP2L12,0.9439948279925847,rhoptries 1,
TGME49_320190,SAG-related sequence SRS16B,TGME49_328700,hypothetical protein,0.9438810181511164,PM - peripheral 1,
TGME49_267140,SAG-related sequence SRS38B,TGME49_328700,hypothetical protein,0.9433306438895027,PM - peripheral 1,
TGME49_301180,SAG-related sequence SRS19F,TGME49_272560,SAG-related sequence SRS31B,0.9420142582999358,PM - peripheral 1,
TGME49_500296,KRUF family protein,TGME49_250950,KRUF family protein,0.941647957532075,,
TGME49_210600,KRUF family protein,TGME49_500174,KRUF family protein,0.940987061928686,,
TGME49_301180,SAG-related sequence SRS19F,TGME49_224780,SAG-related sequence SRS40B [Source:UniProtKB/TrEMBL;Acc:S8EU84],0.9406641936572498,PM - peripheral 1,
TGME49_215785,rhoptry protein ROP2A,TGME49_295105,"rhoptry protein, putative",0.9406619577131071,rhoptries 1,
TGME49_321480,SAG-related sequence SRS12B,TGME49_328700,hypothetical protein,0.9404428130378706,PM - peripheral 1,
TGME49_294550,dynein heavy chain,TGME49_203135,dynein heavy chain family protein,0.9403877676800385,nucleus - chromatin,
TGME49_252070,KRUF family protein,TGME49_323020,KRUF family protein,0.9393339202774755,,
TGME49_289600,heat shock protein HSP29,TGME49_259020,bradyzoite antigen BAG1,0.9392881091234341,cytosol,
TGME49_320620,queuine tRNA ribosyl transferase,TGME49_316100,queuine trna-ribosyltransferase domain-containing protein,0.9372060275942435,,
TGME49_316680,RNA pseudouridine synthase superfamily protein,TGME49_202640,tRNA pseudouridine synthase 1,0.9370669402489541,nucleus - chromatin,
TGME49_250670,hypothetical protein,TGME49_287440,hypothetical protein,0.93607038009534,,
TGME49_320190,SAG-related sequence SRS16B,TGME49_233460,SAG-related sequence SRS29B,0.9357128526020043,PM - peripheral 1,PM - peripheral 1
TGME49_322010,myosin-light-chain kinase,TGME49_322020,hypothetical protein,0.9356638510892343,,
TGME49_273130,SAG-related sequence SRS30A,TGME49_292270,SAG-related sequence SRS36C,0.9354090659617842,PM - peripheral 1,
TGME49_301180,SAG-related sequence SRS19F,TGME49_311440,SAG-related sequence SRS50,0.9352458047145589,PM - peripheral 1,
TGME49_301170,SAG-related sequence SRS19D,TGME49_233460,SAG-related sequence SRS29B,0.9337339834220153,PM - peripheral 1,PM - peripheral 1
TGME49_252065,KRUF family protein,TGME49_323010,hypothetical protein,0.9333390260146308,,
TGME49_320200,SAG-related sequence SRS16A,TGME49_328700,hypothetical protein,0.9315469035333712,PM - peripheral 1,
TGME49_292390,KRUF family protein,TGME49_252190,KRUF family protein,0.9304059786364903,,
TGME49_308096,rhoptry kinase family protein (incomplete catalytic triad),TGME49_296000,rhoptry kinase family protein ROP2L12,0.9301709204380845,,
TGME49_221350,Ctr copper transporter family protein,TGME49_249200,Ctr copper transporter family protein,0.9296034715874392,,
TGME49_224790,SAG-related sequence SRS40A,TGME49_301180,SAG-related sequence SRS19F,0.9294793835100862,,PM - peripheral 1
TGME49_250115,hypothetical protein,TGME49_287460,hypothetical protein,0.9294545763498955,,
TGME49_278080,Toxoplasma gondii family A protein,TGME49_278390,Toxoplasma gondii family A protein,0.9281789902690013,,
TGME49_314042,"cytochrome c1 heme lyase, putative",TGME49_293390,"cytochrome C-type heme lyase, putative",0.9280678298597357,mitochondrion - membranes,mitochondrion - membranes
TGME49_272440,RNA recognition motif-containing protein,TGME49_270640,serine/arginine-rich splicing factor SR4,0.9270620387068487,,nucleus - non-chromatin
TGME49_270920,rhoptry kinase family protein ROP32,TGME49_258580,rhoptry protein ROP17,0.9268629678837027,dense granules,rhoptries 1
TGME49_272900,DNA repair protein RAD51,TGME49_216400,meiotic recombination protein DMC1 family protein,0.9266145388565741,,
TGME49_233480,SAG-related sequence SRS29C,TGME49_292280,SAG-related sequence SRS36D,0.9263076917048678,PM - peripheral 1,PM - peripheral 1
TGME49_321490,SAG-related sequence SRS12A,TGME49_311440,SAG-related sequence SRS50,0.9262674637491314,,
TGME49_320190,SAG-related sequence SRS16B,TGME49_224780,SAG-related sequence SRS40B [Source:UniProtKB/TrEMBL;Acc:S8EU84],0.9261492406117511,PM - peripheral 1,
TGME49_245770,hypothetical protein,TGME49_287440,hypothetical protein,0.9258595664248174,,
TGME49_210600,KRUF family protein,TGME49_323010,hypothetical protein,0.9248347881332262,,
TGME49_252190,KRUF family protein,TGME49_323020,KRUF family protein,0.9231169132153574,,
TGME49_308090,rhoptry protein ROP5,TGME49_239600,rhoptry kinase family protein ROP23 (incomplete catalytic triad),0.9229636663760067,rhoptries 1,
TGME49_221340,CRAL-TRIO domain-containing protein,TGME49_254890,CRAL/TRIO domain-containing protein,0.9225553224914108,,
TGME49_500174,KRUF family protein,TGME49_323020,KRUF family protein,0.9220128068660964,,
TGME49_321480,SAG-related sequence SRS12B,TGME49_308840,SAG-related sequence SRS51,0.9211889981904513,PM - peripheral 1,PM - peripheral 1
TGME49_255890,pyridine nucleotide-disulfide oxidoreductase domain-containing protein,TGME49_207620,pyridine nucleotide-disulfide oxidoreductase domain-containing protein,0.9210015450811951,cytosol,mitochondrion - soluble
TGME49_500174,KRUF family protein,TGME49_323000,KRUF family protein,0.9205261927779284,,nucleus - chromatin
TGME49_232270,histidine acid phosphatase superfamily protein,TGME49_308945,hypothetical protein,0.9201984974117172,dense granules,
TGME49_241610,dense granule protein GRA21,TGME49_241710,hypothetical protein,0.920133789439278,,
TGME49_318240,Tubulin-tyrosine ligase family protein,TGME49_265080,Tubulin-tyrosine ligase family protein,0.9200040191236449,,
TGME49_259200,Na+/H+ exchanger NHE1,TGME49_299060,sodium/hydrogen exchanger NHE2,0.9196657288064795,PM - integral,rhoptries 2
TGME49_210600,KRUF family protein,TGME49_295935,KRUF family protein,0.9196346768258391,,
TGME49_281675,rhoptry kinase family protein ROP35,TGME49_500376,rhoptry kinase family protein,0.9179915074526654,dense granules,
TGME49_301890,Toxoplasma gondii family B protein,TGME49_279460,Toxoplasma gondii family B protein,0.9175020899012625,,
TGME49_213460,hypothetical protein,TGME49_239270,hypothetical protein,0.9171438015691427,,
TGME49_320190,SAG-related sequence SRS16B,TGME49_301160,SAG-related sequence SRS19C,0.9170218094611711,PM - peripheral 1,PM - peripheral 1
TGME49_320190,SAG-related sequence SRS16B,TGME49_301150,SAG-related sequence SRS19B,0.9167997952414059,PM - peripheral 1,PM - peripheral 1
TGME49_320180,SAG-related sequence SRS16C,TGME49_224780,SAG-related sequence SRS40B [Source:UniProtKB/TrEMBL;Acc:S8EU84],0.9165954896648436,PM - peripheral 1,
TGME49_250955,KRUF family protein,TGME49_252065,KRUF family protein,0.9165186059234179,dense granules,
TGME49_273130,SAG-related sequence SRS30A,TGME49_321490,SAG-related sequence SRS12A,0.9163843765669207,PM - peripheral 1,
TGME49_224760,SAG-related sequence SRS40E,TGME49_311440,SAG-related sequence SRS50,0.9162977333574955,,
TGME49_500199,SAG-related sequence,TGME49_285870,SAG-related sequence SRS20A,0.9161165326806106,,PM - peripheral 1
TGME49_316680,RNA pseudouridine synthase superfamily protein,TGME49_298980,RNA pseudouridine synthase superfamily protein,0.914473281255036,nucleus - chromatin,
TGME49_308840,SAG-related sequence SRS51,TGME49_311440,SAG-related sequence SRS50,0.9137838065805692,PM - peripheral 1,
TGME49_223985,"protein phosphatase PPM11B, putative",TGME49_500225,"hypothetical protein, conserved",0.9133844954488926,,
TGME49_237500,"protein phosphatase PPM3A, putative",TGME49_276920,"protein phosphatase PPM3B, putative",0.9115870889151634,dense granules,
TGME49_500174,KRUF family protein,TGME49_292390,KRUF family protein,0.908466479219151,,
TGME49_202350,"50S ribosomal protein L21, putative",TGME49_288610,"50S ribosomal protein L21, putative",0.9074630022216191,mitochondrion - soluble,
TGME49_252065,KRUF family protein,TGME49_252080,hypothetical protein,0.9066456217309373,,
TGME49_298980,RNA pseudouridine synthase superfamily protein,TGME49_205410,RNA pseudouridine synthase superfamily protein,0.9066051701884051,,
TGME49_251962,SAG-related sequence SRS59K,TGME49_224170,SAG-related sequence SRS60A,0.9044466626158192,,
TGME49_252500,polo kinase,TGME49_295125,rhoptry protein ROP4,0.903951376877546,rhoptries 1,rhoptries 1
TGME49_256780,"PPPDE peptidase, putative",TGME49_315980,EREBP-4 family protein,0.9037149504391908,,IMC
TGME49_205250,rhoptry protein ROP18,TGME49_295125,rhoptry protein ROP4,0.9029394425614364,rhoptries 1,rhoptries 1
TGME49_298060,Toxoplasma gondii family C protein,TGME49_329100,Toxoplasma gondii family C protein,0.9024302667638046,,
TGME49_295125,rhoptry protein ROP4,TGME49_295105,"rhoptry protein, putative",0.9018204318291092,rhoptries 1,
TGME49_320180,SAG-related sequence SRS16C,TGME49_267150,SAG-related sequence SRS38C,0.9014592297884857,PM - peripheral 1,endomembrane vesicles
TGME49_322010,myosin-light-chain kinase,TGME49_322120,rhoptry kinase family protein,0.9012848833409526,,
TGME49_315740,SAG-related sequence SRS54,TGME49_308020,SAG-related sequence SRS57,0.9006638925874968,PM - peripheral 1,PM - peripheral 1
TGME49_307460,Toxoplasma gondii family B protein,TGME49_301890,Toxoplasma gondii family B protein,0.9004558200357448,,
TGME49_280810,hypothetical protein,TGME49_279550,hypothetical protein,0.8998946321056478,,
TGME49_233450,SAG-related sequence SRS29A,TGME49_301160,SAG-related sequence SRS19C,0.8983383523765877,PM - peripheral 1,PM - peripheral 1
TGME49_240300,"zinc finger domain, LSD1 subclass domain-containing protein",TGME49_299980,hypothetical protein,0.8980875481184499,,
TGME49_329400,Toxoplasma gondii family C protein,TGME49_200700,Toxoplasma gondii family C protein,0.8978456381532891,,
TGME49_259020,bradyzoite antigen BAG1,TGME49_312600,heat shock protein HSP21,0.8970775354477639,,cytosol
TGME49_315560,ATP-binding cassette G family transporter ABCG77,TGME49_290580,ATP-binding cassette G family transporter ABCG89,0.8970272125063483,,PM - integral
TGME49_262920,serine protease DegP,TGME49_277850,trypsin domain-containing protein,0.8965203466561542,rhoptries 1,nucleus - non-chromatin
TGME49_242260,hypothetical protein,TGME49_323310,hypothetical protein,0.8964956642708353,,
TGME49_308096,rhoptry kinase family protein (incomplete catalytic triad),TGME49_296015,rhoptry kinase family protein,0.8964928582199245,,
TGME49_500222,GCC2 and GCC3 domain-containing protein,TGME49_203900,FAM184 domain-containing protein,0.8959483604155141,,
TGME49_224750,SAG-related sequence SRS40F,TGME49_315740,SAG-related sequence SRS54,0.8955374245021797,,PM - peripheral 1
TGME49_233180,hypothetical protein,TGME49_244400,hypothetical protein,0.895460961125004,,
TGME49_215785,rhoptry protein ROP2A,TGME49_296000,rhoptry kinase family protein ROP2L12,0.8953977603927556,rhoptries 1,
TGME49_243790,SAG-related sequence SRS33,TGME49_234370,SAG-related sequence SRS42,0.8927309838150189,micronemes,dense granules
TGME49_220560,"transmembrane protein TauE, putative",TGME49_246178,hypothetical protein,0.8926724758331909,,rhoptries 2
TGME49_267130,SAG-related sequence SRS38A,TGME49_273130,SAG-related sequence SRS30A,0.8925752511154356,PM - peripheral 1,PM - peripheral 1
TGME49_318650,transhydrogenase,TGME49_315260,alanine dehydrogenase,0.892036154417319,,
TGME49_295125,rhoptry protein ROP4,TGME49_295130,hypothetical protein,0.8906014336303157,rhoptries 1,
TGME49_321470,SAG-related sequence SRS12D,TGME49_311440,SAG-related sequence SRS50,0.8905016099849428,,
TGME49_287470,hypothetical protein,TGME49_245760,hypothetical protein,0.8902823526692788,,
TGME49_320190,SAG-related sequence SRS16B,TGME49_320250,SAG-related sequence SRS15A,0.8901446513184137,PM - peripheral 1,
TGME49_250950,KRUF family protein,TGME49_252080,hypothetical protein,0.8894585349224291,,
TGME49_267130,SAG-related sequence SRS38A,TGME49_311440,SAG-related sequence SRS50,0.8892278805295285,PM - peripheral 1,
TGME49_320190,SAG-related sequence SRS16B,TGME49_272560,SAG-related sequence SRS31B,0.8891549725175277,PM - peripheral 1,
TGME49_220440,cyclin-dependent kinase regulatory subunit protein,TGME49_223120,cyclin-dependent kinase regulatory subunit protein,0.8891520931531616,,
TGME49_320190,SAG-related sequence SRS16B,TGME49_301180,SAG-related sequence SRS19F,0.8890262200180875,PM - peripheral 1,PM - peripheral 1
TGME49_225050,"adenosylhomocysteinase, putative",TGME49_326800,S-Adenosyl homocysteine hydrolase,0.8882809475146382,cytosol,
TGME49_277050,SPRY domain-containing protein,TGME49_262850,"histone methyltransferase complex subunit ASH2, putative",0.8880440469239005,,
TGME49_252070,KRUF family protein,TGME49_323010,hypothetical protein,0.8874908914885502,,
TGME49_210320,SAG-related sequence SRS37A,TGME49_224170,SAG-related sequence SRS60A,0.8870526436497208,,
TGME49_292610,Toxoplasma gondii family C protein,TGME49_329400,Toxoplasma gondii family C protein,0.8846680311640657,,
TGME49_220080,Toxoplasma gondii family C protein,TGME49_307260,Toxoplasma gondii family C protein,0.884252977697958,,
TGME49_224770,SAG-related sequence SRS40D,TGME49_328700,hypothetical protein,0.8836458966493659,,
TGME49_320180,SAG-related sequence SRS16C,TGME49_320190,SAG-related sequence SRS16B,0.8835312959381887,PM - peripheral 1,PM - peripheral 1
TGME49_320190,SAG-related sequence SRS16B,TGME49_308840,SAG-related sequence SRS51,0.8834000058564686,PM - peripheral 1,PM - peripheral 1
TGME49_301180,SAG-related sequence SRS19F,TGME49_292275,SAG-related sequence SRS36E,0.8833903717814009,PM - peripheral 1,
TGME49_278080,Toxoplasma gondii family A protein,TGME49_243120,Toxoplasma gondii family A protein,0.882996780270802,,
TGME49_220300,ribosomal protein L15 protein,TGME49_253800,"ribosomal protein L15, putative",0.8827592040882168,apicoplast,mitochondrion - soluble
TGME49_273120,SAG-related sequence SRS30C,TGME49_328700,hypothetical protein,0.8824895151418022,PM - peripheral 1,
TGME49_264660,SAG-related sequence SRS44,TGME49_281930,SAG-related sequence SRS39,0.8821440175308312,dense granules,PM - peripheral 1
TGME49_233450,SAG-related sequence SRS29A,TGME49_320190,SAG-related sequence SRS16B,0.8816627301198792,PM - peripheral 1,PM - peripheral 1
TGME49_500227,"dynein heavy chain, putative",TGME49_309980,dynein heavy chain family protein,0.8815340927958951,,
TGME49_200590,Toxoplasma gondii family C protein,TGME49_329100,Toxoplasma gondii family C protein,0.8811239990683426,,
TGME49_250500,hypothetical protein,TGME49_287460,hypothetical protein,0.8802776300893254,,
TGME49_321470,SAG-related sequence SRS12D,TGME49_315740,SAG-related sequence SRS54,0.8795994714575798,,PM - peripheral 1
TGME49_307260,Toxoplasma gondii family C protein,TGME49_329100,Toxoplasma gondii family C protein,0.8786628579926826,,
TGME49_233450,SAG-related sequence SRS29A,TGME49_311440,SAG-related sequence SRS50,0.878147878825097,PM - peripheral 1,
TGME49_206480,succinate dehydrogenase subunit SDH23,TGME49_240270,hypothetical protein,0.8778362960213073,mitochondrion - membranes,
TGME49_320240,SAG-related sequence SRS15B,TGME49_311440,SAG-related sequence SRS50,0.8763941472261232,,
TGME49_215785,rhoptry protein ROP2A,TGME49_295130,hypothetical protein,0.8756760856802761,rhoptries 1,
TGME49_250500,hypothetical protein,TGME49_287440,hypothetical protein,0.8755412424627053,,
TGME49_320190,SAG-related sequence SRS16B,TGME49_233480,SAG-related sequence SRS29C,0.8749253488469386,PM - peripheral 1,PM - peripheral 1
TGME49_320190,SAG-related sequence SRS16B,TGME49_292260,SAG-related sequence SRS36B,0.8735754470856957,PM - peripheral 1,PM - peripheral 1
TGME49_301180,SAG-related sequence SRS19F,TGME49_292250,SAG-related sequence SRS36A,0.8729280541845217,PM - peripheral 1,
TGME49_309920,hypothetical protein,TGME49_323900,hypothetical protein,0.872459087656236,mitochondrion - membranes,
TGME49_250220,hypothetical protein,TGME49_245760,hypothetical protein,0.8716200039926334,,
TGME49_213392,surface antigen repeat-containing protein,TGME49_227890,hypothetical protein,0.8708876697181526,nucleus - chromatin,mitochondrion - soluble
TGME49_500147,"nucleoside transporter, putative",TGME49_244440,adenosine transporter AT1,0.8705770131509303,,PM - integral
TGME49_239620,"5'-nucleotidase, C-terminal domain-containing protein",TGME49_216810,"5'-nucleotidase, C-terminal domain-containing protein",0.870459319747704,cytosol,cytosol
TGME49_209940,transporter/permease protein,TGME49_266750,"transporter/permease protein, putative",0.8700479664678074,,PM - integral
TGME49_320190,SAG-related sequence SRS16B,TGME49_224750,SAG-related sequence SRS40F,0.8694855331685419,PM - peripheral 1,
TGME49_301170,SAG-related sequence SRS19D,TGME49_233480,SAG-related sequence SRS29C,0.8693852031371696,PM - peripheral 1,PM - peripheral 1
TGME49_315740,SAG-related sequence SRS54,TGME49_292270,SAG-related sequence SRS36C,0.8689828728265696,PM - peripheral 1,
TGME49_211330,methionine aminopeptidase 1c,TGME49_248850,methionine aminopeptidase 1b,0.8688621717135576,,cytosol
TGME49_301180,SAG-related sequence SRS19F,TGME49_295600,SAG-related sequence SRS10,0.8685731324988554,PM - peripheral 1,
TGME49_312310,"ATPase, AAA family protein",TGME49_302150,"ATPase, AAA family protein",0.8670515045009778,,
TGME49_500199,SAG-related sequence,TGME49_208850,SAG-related sequence SRS11,0.8660341296776575,,PM - peripheral 1
TGME49_292375,KRUF family protein,TGME49_323010,hypothetical protein,0.8653424395291807,,
TGME49_267140,SAG-related sequence SRS38B,TGME49_292270,SAG-related sequence SRS36C,0.8652872616151467,PM - peripheral 1,
TGME49_285870,SAG-related sequence SRS20A,TGME49_275370,SAG-related sequence SRS47C,0.8652415440781414,PM - peripheral 1,PM - peripheral 1
TGME49_500081,"hypothetical protein, conserved",TGME49_249660,hypothetical protein,0.8639786601437427,,
TGME49_320180,SAG-related sequence SRS16C,TGME49_272560,SAG-related sequence SRS31B,0.8637388347137487,PM - peripheral 1,
TGME49_224760,SAG-related sequence SRS40E,TGME49_315740,SAG-related sequence SRS54,0.863085334017383,,PM - peripheral 1
TGME49_500314,protein phosphatase PPM11C,TGME49_500225,"hypothetical protein, conserved",0.8625148909476474,dense granules,
TGME49_301170,SAG-related sequence SRS19D,TGME49_308840,SAG-related sequence SRS51,0.861682131976733,PM - peripheral 1,PM - peripheral 1
TGME49_296121,hypothetical protein,TGME49_220650,hypothetical protein,0.8611262401132473,,
TGME49_267150,SAG-related sequence SRS38C,TGME49_311440,SAG-related sequence SRS50,0.8611007173474883,endomembrane vesicles,
TGME49_295110,rhoptry protein ROP7,TGME49_215785,rhoptry protein ROP2A,0.8608795676236838,rhoptries 1,rhoptries 1
TGME49_278365,Toxoplasma gondii family A protein,TGME49_327300,Toxoplasma gondii family A protein,0.8600716774901855,PM - peripheral 1,
TGME49_272650,3'5'-cyclic nucleotide phosphodiesterase PDE10,TGME49_266920,3'5'-cyclic nucleotide phosphodiesterase PDE6,0.8592176655319503,PM - integral,nucleus - chromatin
TGME49_220630,hypothetical protein,TGME49_287430,hypothetical protein,0.8590804777955177,,
TGME49_312100,inner membrane complex protein IMC42,TGME49_233770,"calcium-translocating P-type ATPase, PMCA-type protein",0.8589931727458843,IMC,
TGME49_301180,SAG-related sequence SRS19F,TGME49_320240,SAG-related sequence SRS15B,0.857367810480936,PM - peripheral 1,
TGME49_301140,SAG-related sequence SRS19A,TGME49_320180,SAG-related sequence SRS16C,0.8551986975061701,,PM - peripheral 1
TGME49_322010,myosin-light-chain kinase,TGME49_242110,rhoptry kinase family protein ROP38,0.8547287649724746,,
TGME49_210600,KRUF family protein,TGME49_500296,KRUF family protein,0.8545699625916474,,
TGME49_320170,SAG-related sequence SRS16E,TGME49_328700,hypothetical protein,0.8545632320693372,PM - peripheral 1,
TGME49_292260,SAG-related sequence SRS36B,TGME49_328700,hypothetical protein,0.854219016740097,PM - peripheral 1,
TGME49_250500,hypothetical protein,TGME49_287430,hypothetical protein,0.8541460818650735,,
TGME49_301210,"NAD(P) transhydrogenase subunit beta, putative",TGME49_318650,transhydrogenase,0.8520796029969426,Golgi,
TGME49_267130,SAG-related sequence SRS38A,TGME49_273120,SAG-related sequence SRS30C,0.8511390928470903,PM - peripheral 1,PM - peripheral 1
TGME49_273130,SAG-related sequence SRS30A,TGME49_292275,SAG-related sequence SRS36E,0.8501867724118488,PM - peripheral 1,
TGME49_277010,SufE-like protein 2,TGME49_239320,SufE-like protein 1,0.8498680940226191,,apicoplast
TGME49_500314,protein phosphatase PPM11C,TGME49_254410,"protein phosphatase PPM10, putative",0.8493937453950144,dense granules,mitochondrion - soluble
TGME49_286740,microneme-like protein,TGME49_244180,microneme-like protein,0.8493819222781576,apicoplast,dense granules
TGME49_224790,SAG-related sequence SRS40A,TGME49_315740,SAG-related sequence SRS54,0.8493141126104706,,PM - peripheral 1
TGME49_200130,Toxoplasma gondii family C protein,TGME49_287280,Toxoplasma gondii family C protein,0.8483018386138164,,
TGME49_301160,SAG-related sequence SRS19C,TGME49_233460,SAG-related sequence SRS29B,0.8481432409348383,PM - peripheral 1,PM - peripheral 1
TGME49_278080,Toxoplasma gondii family A protein,TGME49_268270,hypothetical protein,0.8466287620986841,,
TGME49_288620,Erv1 / Alr family protein,TGME49_210787,Erv1 / Alr family protein,0.8452774010659798,mitochondrion - soluble,
TGME49_225160,hypothetical protein,TGME49_257970,hypothetical protein,0.8452138026912104,dense granules,
TGME49_308096,rhoptry kinase family protein (incomplete catalytic triad),TGME49_308093,rhoptry kinase family protein (incomplete catalytic triad),0.8451657886993164,,dense granules
TGME49_500199,SAG-related sequence,TGME49_271040,hypothetical protein,0.8451576554489189,,
TGME49_308093,rhoptry kinase family protein (incomplete catalytic triad),TGME49_296000,rhoptry kinase family protein ROP2L12,0.8450962658478535,dense granules,
TGME49_252360,rhoptry kinase family protein ROP24 (incomplete catalytic triad),TGME49_295125,rhoptry protein ROP4,0.8445775139680398,rhoptries 1,rhoptries 1
TGME49_295125,rhoptry protein ROP4,TGME49_296000,rhoptry kinase family protein ROP2L12,0.844512634880842,rhoptries 1,
TGME49_292375,KRUF family protein,TGME49_250950,KRUF family protein,0.8437693412599421,,
TGME49_245980,hypothetical protein,TGME49_287440,hypothetical protein,0.8436991619241357,,
TGME49_278080,Toxoplasma gondii family A protein,TGME49_278420,Toxoplasma gondii family A protein,0.8429373589942812,,
TGME49_308020,SAG-related sequence SRS57,TGME49_273120,SAG-related sequence SRS30C,0.8421726106677507,PM - peripheral 1,PM - peripheral 1
TGME49_260850,"mitochondrial import inner membrane translocase subunit TIM10, putative",TGME49_215390,"TIM10 family protein, putative",0.84200135545422,,mitochondrion - soluble
TGME49_250115,hypothetical protein,TGME49_287430,hypothetical protein,0.8419181183435374,,
TGME49_224750,SAG-related sequence SRS40F,TGME49_234930,SAG-related sequence SRS43,0.8412327418364474,,PM - peripheral 1
TGME49_219770,"30S ribosomal protein S12, putative",TGME49_302055,ribosomal protein S12,0.8412078277548921,mitochondrion - soluble,Golgi
TGME49_228780,Toxoplasma gondii family C protein,TGME49_200130,Toxoplasma gondii family C protein,0.8399732174738604,,
TGME49_272740,DNA-directed RNA polymerase III RPC2,TGME49_300660,RNA polymerase B,0.8399618554414601,nucleus - chromatin,
TGME49_224840,3'5'-cyclic nucleotide phosphodiesterase PDE11,TGME49_229405,3'5'-cyclic nucleotide phosphodiesterase PDE4,0.8399303883150573,,
TGME49_224760,SAG-related sequence SRS40E,TGME49_301180,SAG-related sequence SRS19F,0.8395550268302303,,PM - peripheral 1
TGME49_320190,SAG-related sequence SRS16B,TGME49_295600,SAG-related sequence SRS10,0.8394429148876612,PM - peripheral 1,
TGME49_292375,KRUF family protein,TGME49_250955,KRUF family protein,0.8390789371464907,,dense granules
TGME49_216000,alveolin domain containing intermediate filament IMC3,TGME49_500386,"hypothetical protein, conserved",0.8385251457284542,IMC,
TGME49_300990,Toxoplasma gondii family C protein,TGME49_307260,Toxoplasma gondii family C protein,0.8384511296847441,,
TGME49_267150,SAG-related sequence SRS38C,TGME49_328700,hypothetical protein,0.8383534448975131,endomembrane vesicles,
TGME49_294550,dynein heavy chain,TGME49_230830,ATPase family associated with various cellular activities (AAA) domain-containing protein,0.8381431052175183,nucleus - chromatin,
TGME49_250670,hypothetical protein,TGME49_287460,hypothetical protein,0.8372615821286209,,
TGME49_263710,acyl-CoA:cholesterol acyltransferase alpha ACAT1-alpha,TGME49_232730,acyl-CoA:diacylglycerol acyltransferase 1-related enzyme,0.8369633803828506,ER,ER
TGME49_285870,SAG-related sequence SRS20A,TGME49_208850,SAG-related sequence SRS11,0.8360118968725793,PM - peripheral 1,PM - peripheral 1
TGME49_315410,SAG-related sequence SRS53F,TGME49_315340,SAG-related sequence SRS52C,0.8355470668968312,PM - peripheral 1,
TGME49_224790,SAG-related sequence SRS40A,TGME49_234930,SAG-related sequence SRS43,0.8342515149299266,,PM - peripheral 1
TGME49_253790,zinc finger (CCCH type) motif-containing protein,TGME49_213660,zinc finger (CCCH type) motif-containing protein,0.83409871288962,,
TGME49_208410,"transporter, putative",TGME49_208420,signaling linker factor SLF,0.834045152099899,,Golgi
TGME49_244430,"pseudouridylate synthase, putative",TGME49_210230,"pseudouridine synthase, putative",0.833998758787688,,
TGME49_274110,glycoprotease family protein,TGME49_202310,O-sialoglycoprotein endopeptidase,0.8339765270144122,,
TGME49_234930,SAG-related sequence SRS43,TGME49_308020,SAG-related sequence SRS57,0.8329523795425747,PM - peripheral 1,PM - peripheral 1
TGME49_278080,Toxoplasma gondii family A protein,TGME49_243180,Toxoplasma gondii family A protein,0.8328657000673355,,
TGME49_320190,SAG-related sequence SRS16B,TGME49_320170,SAG-related sequence SRS16E,0.8316780556146215,PM - peripheral 1,PM - peripheral 1
TGME49_315740,SAG-related sequence SRS54,TGME49_320240,SAG-related sequence SRS15B,0.8306141218979021,PM - peripheral 1,
TGME49_213280,SAG-related sequence SRS25,TGME49_234370,SAG-related sequence SRS42,0.8303268409091268,PM - peripheral 1,dense granules
TGME49_301180,SAG-related sequence SRS19F,TGME49_321490,SAG-related sequence SRS12A,0.8301060375681615,PM - peripheral 1,
TGME49_200130,Toxoplasma gondii family C protein,TGME49_329400,Toxoplasma gondii family C protein,0.8298270228904795,,
TGME49_262850,"histone methyltransferase complex subunit ASH2, putative",TGME49_221450,SPRY domain-containing protein,0.8297048636726021,,
TGME49_320180,SAG-related sequence SRS16C,TGME49_224790,SAG-related sequence SRS40A,0.829605396172886,PM - peripheral 1,
TGME49_320180,SAG-related sequence SRS16C,TGME49_295600,SAG-related sequence SRS10,0.8295333391973811,PM - peripheral 1,
TGME49_278080,Toxoplasma gondii family A protein,TGME49_278090,Toxoplasma gondii family A protein,0.828371018435909,,
TGME49_500174,KRUF family protein,TGME49_252065,KRUF family protein,0.8277371568657029,,
TGME49_301160,SAG-related sequence SRS19C,TGME49_233480,SAG-related sequence SRS29C,0.8274806374179071,PM - peripheral 1,PM - peripheral 1
TGME49_322010,myosin-light-chain kinase,TGME49_242250,Protein kinase domain-containing protein [Source:UniProtKB/TrEMBL;Acc:S8F3P2],0.8261570260418474,,
TGME49_273120,SAG-related sequence SRS30C,TGME49_233480,SAG-related sequence SRS29C,0.8257173767068207,PM - peripheral 1,PM - peripheral 1
TGME49_278080,Toxoplasma gondii family A protein,TGME49_243150,Toxoplasma gondii family A protein,0.8256424295370791,,
TGME49_254400,"LSU ribosomal protein L2P, putative",TGME49_300621,ribosomal protein L2,0.8249010166738333,,
TGME49_301170,SAG-related sequence SRS19D,TGME49_292275,SAG-related sequence SRS36E,0.8245198614917557,PM - peripheral 1,
TGME49_322010,myosin-light-chain kinase,TGME49_323330,hypothetical protein,0.8240903579342244,,
TGME49_224750,SAG-related sequence SRS40F,TGME49_267140,SAG-related sequence SRS38B,0.8240536628597237,,PM - peripheral 1
TGME49_301180,SAG-related sequence SRS19F,TGME49_267150,SAG-related sequence SRS38C,0.8231162302963547,PM - peripheral 1,endomembrane vesicles
TGME49_284170,palmitoyltransferase DHHC11,TGME49_269150,palmitoyltransferase DHHC9,0.8230119978514759,,
TGME49_207005,SAG-related sequence SRS48Q,TGME49_208850,SAG-related sequence SRS11,0.8228088550670205,,PM - peripheral 1
TGME49_301160,SAG-related sequence SRS19C,TGME49_308840,SAG-related sequence SRS51,0.8220348777712123,PM - peripheral 1,PM - peripheral 1
TGME49_233450,SAG-related sequence SRS29A,TGME49_292280,SAG-related sequence SRS36D,0.8215927888187309,PM - peripheral 1,PM - peripheral 1
TGME49_234930,SAG-related sequence SRS43,TGME49_224780,SAG-related sequence SRS40B [Source:UniProtKB/TrEMBL;Acc:S8EU84],0.821348536350326,PM - peripheral 1,
TGME49_240700,ubiquitin family protein,TGME49_223680,ubiquitin domain-containing protein DSK2,0.8206556263553775,cytosol,cytosol
TGME49_278360,Toxoplasma gondii family A protein,TGME49_278080,Toxoplasma gondii family A protein,0.8205727704033652,,
TGME49_200250,microneme protein MIC17A,TGME49_232400,PAN domain-containing protein,0.8205349480375747,micronemes,micronemes
TGME49_320180,SAG-related sequence SRS16C,TGME49_308840,SAG-related sequence SRS51,0.8203359226848582,PM - peripheral 1,PM - peripheral 1
TGME49_200130,Toxoplasma gondii family C protein,TGME49_200700,Toxoplasma gondii family C protein,0.820263870052245,,
TGME49_292110,formate/nitrite transporter FNT2,TGME49_209800,formate/nitrite transporter FNT1,0.8200440839842009,PM - integral,PM - integral
TGME49_233450,SAG-related sequence SRS29A,TGME49_273120,SAG-related sequence SRS30C,0.819598279768836,PM - peripheral 1,PM - peripheral 1
TGME49_277050,SPRY domain-containing protein,TGME49_221450,SPRY domain-containing protein,0.8191821143442504,,
TGME49_249810,"activating signal cointegrator 1 complex subunit 3, putative",TGME49_223390,"activating signal cointegrator 1 complex subunit 3 family 1 ASCC3L1, putative",0.8190717975930343,cytosol,nucleus - non-chromatin
TGME49_250840,myosin light chain MLC3,TGME49_294390,"myosin light chain MLC4, putative",0.8188006406933619,,
TGME49_320180,SAG-related sequence SRS16C,TGME49_292250,SAG-related sequence SRS36A,0.818036416989563,PM - peripheral 1,
TGME49_315740,SAG-related sequence SRS54,TGME49_321480,SAG-related sequence SRS12B,0.8178624802699012,PM - peripheral 1,PM - peripheral 1
TGME49_322010,myosin-light-chain kinase,TGME49_242230,rhoptry kinase family protein ROP29,0.8178525862010743,,
TGME49_296121,hypothetical protein,TGME49_287440,hypothetical protein,0.8175270705529611,,
TGME49_250670,hypothetical protein,TGME49_220650,hypothetical protein,0.8174008585962238,,
TGME49_267130,SAG-related sequence SRS38A,TGME49_328700,hypothetical protein,0.8171950685887704,PM - peripheral 1,
TGME49_315740,SAG-related sequence SRS54,TGME49_224770,SAG-related sequence SRS40D,0.8164118220154357,PM - peripheral 1,
TGME49_321470,SAG-related sequence SRS12D,TGME49_267140,SAG-related sequence SRS38B,0.815728591746148,,PM - peripheral 1
TGME49_224770,SAG-related sequence SRS40D,TGME49_273130,SAG-related sequence SRS30A,0.8153699479035433,,PM - peripheral 1
TGME49_323000,KRUF family protein,TGME49_250955,KRUF family protein,0.8150745174774139,nucleus - chromatin,dense granules
TGME49_220080,Toxoplasma gondii family C protein,TGME49_228780,Toxoplasma gondii family C protein,0.8149854652531845,,
TGME49_249020,kinesin motor domain-containing protein,TGME49_253110,"kinesin-8, putative",0.8147272073319688,,
TGME49_273540,"phosphatidylserine synthase, putative",TGME49_261480,phosphatidyl serine synthase,0.8141660860934503,ER,ER
TGME49_278080,Toxoplasma gondii family A protein,TGME49_278430,Toxoplasma gondii family A protein,0.8137975275670959,,
TGME49_254400,"LSU ribosomal protein L2P, putative",TGME49_204020,ribosomal protein RPL8,0.8136210347155386,,60S ribosome
TGME49_243480,"50S ribosomal protein L3, putative",TGME49_230050,"50S ribosomal protein L3, putative",0.8126477988719993,,mitochondrion - soluble
TGME49_296000,rhoptry kinase family protein ROP2L12,TGME49_295105,"rhoptry protein, putative",0.8125491211136294,,
TGME49_270920,rhoptry kinase family protein ROP32,TGME49_266100,rhoptry kinase family protein ROP41,0.8118992716432001,dense granules,
TGME49_273120,SAG-related sequence SRS30C,TGME49_233460,SAG-related sequence SRS29B,0.8117789145691404,PM - peripheral 1,PM - peripheral 1
TGME49_241710,hypothetical protein,TGME49_241310,hypothetical protein,0.8117594354889273,,
TGME49_321490,SAG-related sequence SRS12A,TGME49_234930,SAG-related sequence SRS43,0.8113674029086554,,PM - peripheral 1
TGME49_273120,SAG-related sequence SRS30C,TGME49_308840,SAG-related sequence SRS51,0.8108699105812007,PM - peripheral 1,PM - peripheral 1
TGME49_262710,Ctr copper transporter family protein,TGME49_221350,Ctr copper transporter family protein,0.810444908877773,Golgi,
TGME49_264225,Toxoplasma gondii family B protein,TGME49_301890,Toxoplasma gondii family B protein,0.8103927118237214,,
TGME49_243130,Toxoplasma gondii family A protein,TGME49_278365,Toxoplasma gondii family A protein,0.810216832118291,,PM - peripheral 1
TGME49_320180,SAG-related sequence SRS16C,TGME49_321490,SAG-related sequence SRS12A,0.810171836079024,PM - peripheral 1,
TGME49_241240,dense granule protein GRA65,TGME49_241310,hypothetical protein,0.8098244513433117,dense granules,
TGME49_320180,SAG-related sequence SRS16C,TGME49_311440,SAG-related sequence SRS50,0.8098235525284577,PM - peripheral 1,
TGME49_296000,rhoptry kinase family protein ROP2L12,TGME49_295130,hypothetical protein,0.8097117126859231,,
TGME49_298960,Toxoplasma gondii family C protein,TGME49_200700,Toxoplasma gondii family C protein,0.8096631228427769,,
TGME49_292390,KRUF family protein,TGME49_323010,hypothetical protein,0.8087480915643829,,
TGME49_301140,SAG-related sequence SRS19A,TGME49_320190,SAG-related sequence SRS16B,0.8085408416127715,,PM - peripheral 1
TGME49_301180,SAG-related sequence SRS19F,TGME49_308840,SAG-related sequence SRS51,0.8072210437808282,PM - peripheral 1,PM - peripheral 1
TGME49_250500,hypothetical protein,TGME49_220650,hypothetical protein,0.8067663401404984,,
TGME49_298600,leucine zipper-like transcriptional regulator,TGME49_286240,"kelch repeat protein, putative",0.8060312318431064,,nucleus - non-chromatin
TGME49_267140,SAG-related sequence SRS38B,TGME49_321490,SAG-related sequence SRS12A,0.8059499877228536,PM - peripheral 1,
TGME49_278080,Toxoplasma gondii family A protein,TGME49_278410,Toxoplasma gondii family A protein,0.8053487219406422,,
TGME49_294550,dynein heavy chain,TGME49_500227,"dynein heavy chain, putative",0.8052910528138468,nucleus - chromatin,
TGME49_301140,SAG-related sequence SRS19A,TGME49_301180,SAG-related sequence SRS19F,0.8048187344731648,,PM - peripheral 1
TGME49_320190,SAG-related sequence SRS16B,TGME49_301170,SAG-related sequence SRS19D,0.8044877609629777,PM - peripheral 1,PM - peripheral 1
TGME49_320180,SAG-related sequence SRS16C,TGME49_233460,SAG-related sequence SRS29B,0.8044447232839836,PM - peripheral 1,PM - peripheral 1
TGME49_236000,"ferredoxin, putative",TGME49_240670,"adrenodoxin-type ferredoxin, putative",0.8041150573574279,mitochondrion - soluble,mitochondrion - soluble
TGME49_298960,Toxoplasma gondii family C protein,TGME49_307260,Toxoplasma gondii family C protein,0.8034985242625529,,
TGME49_272270,radical SAM domain-containing protein,TGME49_315958,radical SAM domain-containing protein,0.8028920885446288,,
TGME49_273130,SAG-related sequence SRS30A,TGME49_321480,SAG-related sequence SRS12B,0.8027388436666056,PM - peripheral 1,PM - peripheral 1
TGME49_315210,"rhoptry protein, putative",TGME49_315940,"rhoptry protein, putative",0.8025207225688625,rhoptries 2,ER
TGME49_205300,hypothetical protein,TGME49_246178,hypothetical protein,0.8018092463427094,PM - integral,rhoptries 2
TGME49_318590,Fe-S cluster assembly factor HCF101,TGME49_280730,"cytosolic fe-s cluster assembling factor nbp35, putative",0.8006369099335661,cytosol,mitochondrion - membranes
TGME49_278080,Toxoplasma gondii family A protein,TGME49_243130,Toxoplasma gondii family A protein,0.8004444739027962,,
TGME49_320180,SAG-related sequence SRS16C,TGME49_320240,SAG-related sequence SRS15B,0.7999502060103308,PM - peripheral 1,
TGME49_217590,"50S ribosomal protein L17, putative",TGME49_297170,"50S ribosomal protein L17, putative",0.7998821353888041,,mitochondrion - soluble
TGME49_278080,Toxoplasma gondii family A protein,TGME49_327300,Toxoplasma gondii family A protein,0.7997003289670609,,
TGME49_285800,"transporter, putative",TGME49_208420,signaling linker factor SLF,0.7995129031759015,,Golgi
TGME49_213550,palmitoyltransferase DHHC4,TGME49_224290,palmitoyltransferase DHHC5,0.7992034645119603,Golgi,
TGME49_267140,SAG-related sequence SRS38B,TGME49_224770,SAG-related sequence SRS40D,0.7991702408270545,PM - peripheral 1,
TGME49_320240,SAG-related sequence SRS15B,TGME49_234930,SAG-related sequence SRS43,0.7988864604180586,,PM - peripheral 1
TGME49_296015,rhoptry kinase family protein,TGME49_295130,hypothetical protein,0.798157527564852,,
TGME49_295935,KRUF family protein,TGME49_252065,KRUF family protein,0.7977093521366261,,
TGME49_292390,KRUF family protein,TGME49_250950,KRUF family protein,0.7977065595181942,,
TGME49_287440,hypothetical protein,TGME49_245760,hypothetical protein,0.7972365209354046,,
TGME49_315740,SAG-related sequence SRS54,TGME49_292275,SAG-related sequence SRS36E,0.7971092881466204,PM - peripheral 1,
TGME49_278080,Toxoplasma gondii family A protein,TGME49_278370,Toxoplasma gondii family A protein,0.7971006014754598,,
TGME49_315220,rhoptry protein ROP14,TGME49_315940,"rhoptry protein, putative",0.7968344822628897,rhoptries 2,ER
TGME49_500302,Porphobilinogen Synthase (PBGS) / Aminolevulinic Acid Dehydratase (ALAD) + Pitrilysin (apicoplast stromal processing peptidase),TGME49_235680,peptidase M16 inactive domain-containing protein,0.7968045278350047,apicoplast,
TGME49_301140,SAG-related sequence SRS19A,TGME49_273120,SAG-related sequence SRS30C,0.7964164019371536,,PM - peripheral 1
TGME49_292390,KRUF family protein,TGME49_292375,KRUF family protein,0.79567170914368,,
TGME49_223985,"protein phosphatase PPM11B, putative",TGME49_254410,"protein phosphatase PPM10, putative",0.7951691993792784,,mitochondrion - soluble
TGME49_224760,SAG-related sequence SRS40E,TGME49_267140,SAG-related sequence SRS38B,0.793806093492599,,PM - peripheral 1
TGME49_301180,SAG-related sequence SRS19F,TGME49_233460,SAG-related sequence SRS29B,0.79317649547928,PM - peripheral 1,PM - peripheral 1
TGME49_323010,hypothetical protein,TGME49_252080,hypothetical protein,0.7930428470105301,,
TGME49_242110,rhoptry kinase family protein ROP38,TGME49_322000,myosin-light-chain kinase,0.7926955319129257,,rhoptries 2
TGME49_301160,SAG-related sequence SRS19C,TGME49_272560,SAG-related sequence SRS31B,0.7926392979367601,PM - peripheral 1,
TGME49_320250,SAG-related sequence SRS15A,TGME49_273130,SAG-related sequence SRS30A,0.7920342843019814,,PM - peripheral 1
TGME49_301160,SAG-related sequence SRS19C,TGME49_292275,SAG-related sequence SRS36E,0.7914553610062294,PM - peripheral 1,
TGME49_301180,SAG-related sequence SRS19F,TGME49_292260,SAG-related sequence SRS36B,0.790528117812646,PM - peripheral 1,PM - peripheral 1
TGME49_321470,SAG-related sequence SRS12D,TGME49_234930,SAG-related sequence SRS43,0.7903952528844794,,PM - peripheral 1
TGME49_224760,SAG-related sequence SRS40E,TGME49_234930,SAG-related sequence SRS43,0.7903865311252721,,PM - peripheral 1
TGME49_500174,KRUF family protein,TGME49_292375,KRUF family protein,0.7901248718646336,,
TGME49_500225,"hypothetical protein, conserved",TGME49_254410,"protein phosphatase PPM10, putative",0.7900297779548395,,mitochondrion - soluble
TGME49_301150,SAG-related sequence SRS19B,TGME49_328700,hypothetical protein,0.7896289232950728,PM - peripheral 1,
TGME49_264840,"ATP-dependent DNA helicase, RecQ family protein",TGME49_316300,"ATP-dependent DNA helicase, RecQ family protein",0.7889740256564002,,nucleus - chromatin
TGME49_243250,myosin H,TGME49_239560,myosin E,0.7886517892757126,apical 2,
TGME49_329100,Toxoplasma gondii family C protein,TGME49_200700,Toxoplasma gondii family C protein,0.7885822344162409,,
TGME49_322010,myosin-light-chain kinase,TGME49_242118,myosin-light-chain kinase,0.7884585017409174,,rhoptries 2
TGME49_298060,Toxoplasma gondii family C protein,TGME49_329400,Toxoplasma gondii family C protein,0.7871805575401496,,
TGME49_213660,zinc finger (CCCH type) motif-containing protein,TGME49_226310,zinc finger (CCCH type) motif-containing protein,0.7859503785073858,,
TGME49_238200,alpha/beta hydrolase fold domain-containing protein,TGME49_250360,alpha/beta hydrolase fold domain-containing protein,0.7858870169147231,,
TGME49_252070,KRUF family protein,TGME49_252080,hypothetical protein,0.7856387253933423,,
TGME49_285540,DNA-directed DNA polymerase,TGME49_210440,polynucleotide adenylyltransferase,0.785594390299294,endomembrane vesicles,
TGME49_315740,SAG-related sequence SRS54,TGME49_224780,SAG-related sequence SRS40B [Source:UniProtKB/TrEMBL;Acc:S8EU84],0.7855859324128677,PM - peripheral 1,
TGME49_227430,amino acid transporter AAT2,TGME49_227570,amino acid transporter AAT3,0.7854248715012152,,Golgi
TGME49_267130,SAG-related sequence SRS38A,TGME49_315740,SAG-related sequence SRS54,0.7850615010722825,PM - peripheral 1,PM - peripheral 1
TGME49_278080,Toxoplasma gondii family A protein,TGME49_278365,Toxoplasma gondii family A protein,0.7849291385921312,,PM - peripheral 1
TGME49_301180,SAG-related sequence SRS19F,TGME49_308020,SAG-related sequence SRS57,0.7840548378838577,PM - peripheral 1,PM - peripheral 1
TGME49_300990,Toxoplasma gondii family C protein,TGME49_287280,Toxoplasma gondii family C protein,0.7837758636835326,,
TGME49_273120,SAG-related sequence SRS30C,TGME49_292270,SAG-related sequence SRS36C,0.7837580147853451,PM - peripheral 1,
TGME49_245980,hypothetical protein,TGME49_287460,hypothetical protein,0.7823861862374759,,
TGME49_307460,Toxoplasma gondii family B protein,TGME49_244920,Toxoplasma gondii family B protein,0.7820141035555112,,
TGME49_257390,ribosome biogenesis GTP-binding protein YsxC protein,TGME49_217760,GTP-binding protein,0.7818748217411542,mitochondrion - soluble,mitochondrion - soluble
TGME49_500296,KRUF family protein,TGME49_250955,KRUF family protein,0.7814664332035235,,dense granules
TGME49_301180,SAG-related sequence SRS19F,TGME49_224750,SAG-related sequence SRS40F,0.7813242133536642,PM - peripheral 1,
TGME49_225260,DNA-directed RNA polymerase II RPB1,TGME49_300680,"RNA polymerase C1, putative",0.7812191352615295,nucleus - non-chromatin,apicoplast
TGME49_220640,hypothetical protein,TGME49_287440,hypothetical protein,0.7811777625048982,,
TGME49_320190,SAG-related sequence SRS16B,TGME49_267160,SAG-related sequence SRS38D,0.7805384032532486,PM - peripheral 1,
TGME49_266330,Toxoplasma gondii family A protein,TGME49_278365,Toxoplasma gondii family A protein,0.7802939559174237,,PM - peripheral 1
TGME49_301140,SAG-related sequence SRS19A,TGME49_267140,SAG-related sequence SRS38B,0.7802535862531013,,PM - peripheral 1
TGME49_301890,Toxoplasma gondii family B protein,TGME49_274290,Toxoplasma gondii family B protein,0.7796690537962012,,
TGME49_247920,methyltransferase domain-containing protein,TGME49_255670,methyltransferase domain-containing protein,0.7794669857166345,mitochondrion - soluble,mitochondrion - membranes
TGME49_298060,Toxoplasma gondii family C protein,TGME49_200700,Toxoplasma gondii family C protein,0.7794363164494754,,
TGME49_299570,Toxoplasma gondii family B protein,TGME49_274290,Toxoplasma gondii family B protein,0.7793448186371452,,
TGME49_264820,RbAp48,TGME49_247250,RbAp46,0.7791594204966978,nucleus - chromatin,cytosol
TGME49_224310,palmitoyltransferase DHHC6,TGME49_224290,palmitoyltransferase DHHC5,0.7791202073146725,PM - integral,
TGME49_278080,Toxoplasma gondii family A protein,TGME49_278320,Toxoplasma gondii family A protein,0.7790547056262345,,
TGME49_301180,SAG-related sequence SRS19F,TGME49_292270,SAG-related sequence SRS36C,0.778720657186835,PM - peripheral 1,
TGME49_321490,SAG-related sequence SRS12A,TGME49_328700,hypothetical protein,0.7786222640762811,,
TGME49_321470,SAG-related sequence SRS12D,TGME49_301180,SAG-related sequence SRS19F,0.7774504409307345,,PM - peripheral 1
TGME49_292375,KRUF family protein,TGME49_252065,KRUF family protein,0.7773278706230177,,
TGME49_321480,SAG-related sequence SRS12B,TGME49_234930,SAG-related sequence SRS43,0.7764425884693146,PM - peripheral 1,PM - peripheral 1
TGME49_207010,SAG-related sequence SRS48K,TGME49_208850,SAG-related sequence SRS11,0.7762775935691343,,PM - peripheral 1
TGME49_267140,SAG-related sequence SRS38B,TGME49_308020,SAG-related sequence SRS57,0.7761805059234348,PM - peripheral 1,PM - peripheral 1
TGME49_209940,transporter/permease protein,TGME49_253510,transporter/permease protein,0.7759771161866903,,
TGME49_309980,dynein heavy chain family protein,TGME49_500062,"dynein heavy chain, putative",0.7757948499297111,,
TGME49_218260,histone H3.3,TGME49_261240,histone H3,0.7752497936472409,,
TGME49_258800,rhoptry kinase family protein ROP31,TGME49_500376,rhoptry kinase family protein,0.774497936615844,rhoptries 1,
TGME49_285860,SAG-related sequence SRS20C,TGME49_285870,SAG-related sequence SRS20A,0.7744156589083819,PM - peripheral 1,PM - peripheral 1
TGME49_309980,dynein heavy chain family protein,TGME49_203135,dynein heavy chain family protein,0.7735393812264914,,
TGME49_228780,Toxoplasma gondii family C protein,TGME49_329100,Toxoplasma gondii family C protein,0.7732251546565685,,
TGME49_224790,SAG-related sequence SRS40A,TGME49_267140,SAG-related sequence SRS38B,0.7731205654836113,,PM - peripheral 1
TGME49_254950,RNA cap guanine-N2 methyltransferase,TGME49_285520,RNA cap guanine-N2 methyltransferase,0.7726129453629851,,cytosol
TGME49_296231,hypothetical protein,TGME49_287460,hypothetical protein,0.7720935128479385,,
TGME49_320190,SAG-related sequence SRS16B,TGME49_224770,SAG-related sequence SRS40D,0.7706899180175564,PM - peripheral 1,
TGME49_292280,SAG-related sequence SRS36D,TGME49_328700,hypothetical protein,0.7703679251253779,PM - peripheral 1,
TGME49_320190,SAG-related sequence SRS16B,TGME49_292250,SAG-related sequence SRS36A,0.7702889059674068,PM - peripheral 1,
TGME49_233130,nucleoside transporter protein,TGME49_244440,adenosine transporter AT1,0.7698348118272003,PM - integral,PM - integral
TGME49_220080,Toxoplasma gondii family C protein,TGME49_200590,Toxoplasma gondii family C protein,0.7694959834183588,,
TGME49_224750,SAG-related sequence SRS40F,TGME49_328700,hypothetical protein,0.7694932056042502,,
TGME49_239270,hypothetical protein,TGME49_500192,"hypothetical protein, conserved",0.7690514820291958,,
TGME49_224790,SAG-related sequence SRS40A,TGME49_273120,SAG-related sequence SRS30C,0.7690176697682201,,PM - peripheral 1
TGME49_243170,Toxoplasma gondii family A protein,TGME49_278365,Toxoplasma gondii family A protein,0.7690149288845798,,PM - peripheral 1
TGME49_301210,"NAD(P) transhydrogenase subunit beta, putative",TGME49_315260,alanine dehydrogenase,0.7687948960655766,Golgi,
TGME49_305260,"hydrolase, putative",TGME49_306330,phospholipase,0.7687298156474943,PM - integral,PM - peripheral 2
TGME49_321170,Toxoplasma gondii family C protein,TGME49_200700,Toxoplasma gondii family C protein,0.7687229635477277,,
TGME49_278365,Toxoplasma gondii family A protein,TGME49_268270,hypothetical protein,0.768554941519707,PM - peripheral 1,
TGME49_253700,"transporter, major facilitator family protein",TGME49_258700,"transporter, major facilitator family protein",0.7684975776636901,PM - integral,
TGME49_301170,SAG-related sequence SRS19D,TGME49_272560,SAG-related sequence SRS31B,0.7682597830543451,PM - peripheral 1,
TGME49_278365,Toxoplasma gondii family A protein,TGME49_266335,Toxoplasma gondii family A protein,0.7682464139142999,PM - peripheral 1,
TGME49_250500,hypothetical protein,TGME49_287470,hypothetical protein,0.767874576303167,,
TGME49_245770,hypothetical protein,TGME49_287460,hypothetical protein,0.7656244673730757,,
TGME49_320180,SAG-related sequence SRS16C,TGME49_233480,SAG-related sequence SRS29C,0.7656244135063826,PM - peripheral 1,PM - peripheral 1
TGME49_247580,glutaredoxin 3,TGME49_268730,glutaredoxin 1,0.7655692482661166,rhoptries 2,mitochondrion - soluble
TGME49_324600,heat shock protein,TGME49_232940,heat shock protein HSP20,0.7655150354124044,IMC,
TGME49_257800,polynucleotide adenylyltransferase,TGME49_281370,polynucleotide adenylyltransferase,0.7649673319680337,,
TGME49_296640,SAG-related sequence SRS48E,TGME49_208850,SAG-related sequence SRS11,0.7644181903380611,,PM - peripheral 1
TGME49_230830,ATPase family associated with various cellular activities (AAA) domain-containing protein,TGME49_309980,dynein heavy chain family protein,0.7637302439833528,,
TGME49_243790,SAG-related sequence SRS33,TGME49_213280,SAG-related sequence SRS25,0.7636637361799119,micronemes,PM - peripheral 1
TGME49_239600,rhoptry kinase family protein ROP23 (incomplete catalytic triad),TGME49_295125,rhoptry protein ROP4,0.7633554864015171,,rhoptries 1
TGME49_268650,chaperone protein ClpB2,TGME49_257990,chaperone protein ClpB1,0.763257283697609,mitochondrion - soluble,cytosol
TGME49_256700,hypothetical protein,TGME49_284310,hypothetical protein,0.763000688238971,,
TGME49_295125,rhoptry protein ROP4,TGME49_296015,rhoptry kinase family protein,0.7621449518286052,rhoptries 1,
TGME49_308090,rhoptry protein ROP5,TGME49_295105,"rhoptry protein, putative",0.7621333689967646,rhoptries 1,
TGME49_228730,CRT domain-containing protein,TGME49_313930,chloroquine resistance transporter CRT,0.7615354718025114,,endomembrane vesicles
TGME49_294550,dynein heavy chain,TGME49_500062,"dynein heavy chain, putative",0.7613484459952817,nucleus - chromatin,
TGME49_306290,DNA-directed RNA polymerase III RPC1,TGME49_300680,"RNA polymerase C1, putative",0.7608659988704517,nucleus - non-chromatin,apicoplast
TGME49_308020,SAG-related sequence SRS57,TGME49_311440,SAG-related sequence SRS50,0.7607232352124518,PM - peripheral 1,
TGME49_296121,hypothetical protein,TGME49_287460,hypothetical protein,0.7606177897859734,,
TGME49_320230,SAG-related sequence SRS15C,TGME49_301180,SAG-related sequence SRS19F,0.7604741812248718,PM - peripheral 1,PM - peripheral 1
TGME49_270920,rhoptry kinase family protein ROP32,TGME49_500376,rhoptry kinase family protein,0.7601281476494852,dense granules,
TGME49_273120,SAG-related sequence SRS30C,TGME49_272560,SAG-related sequence SRS31B,0.7583460973912265,PM - peripheral 1,
TGME49_320180,SAG-related sequence SRS16C,TGME49_267130,SAG-related sequence SRS38A,0.758164019730047,PM - peripheral 1,PM - peripheral 1
TGME49_500296,KRUF family protein,TGME49_323010,hypothetical protein,0.7581220103591148,,
TGME49_245770,hypothetical protein,TGME49_220650,hypothetical protein,0.7580194704944705,,
TGME49_224770,SAG-related sequence SRS40D,TGME49_234930,SAG-related sequence SRS43,0.7579245216899507,,PM - peripheral 1
TGME49_315740,SAG-related sequence SRS54,TGME49_321490,SAG-related sequence SRS12A,0.7574783421321367,PM - peripheral 1,
TGME49_304660,prostaglandin-E synthase,TGME49_249630,glutathione S-transferase 1,0.7573193183889393,mitochondrion - soluble,mitochondrion - soluble
TGME49_202640,tRNA pseudouridine synthase 1,TGME49_205410,RNA pseudouridine synthase superfamily protein,0.7572793757644514,,
TGME49_267140,SAG-related sequence SRS38B,TGME49_233460,SAG-related sequence SRS29B,0.756066216992798,PM - peripheral 1,PM - peripheral 1
TGME49_260190,microneme protein MIC13,TGME49_291890,microneme protein MIC1,0.7557212257332824,micronemes,micronemes
TGME49_267140,SAG-related sequence SRS38B,TGME49_321480,SAG-related sequence SRS12B,0.7555918546561383,PM - peripheral 1,PM - peripheral 1
TGME49_278080,Toxoplasma gondii family A protein,TGME49_278290,Toxoplasma gondii family A protein,0.7550003675108075,,
TGME49_258550,SAG-related sequence SRS28,TGME49_315340,SAG-related sequence SRS52C,0.7545741260491702,,
TGME49_278080,Toxoplasma gondii family A protein,TGME49_278380,Toxoplasma gondii family A protein,0.7543851606997118,,
TGME49_258580,rhoptry protein ROP17,TGME49_500376,rhoptry kinase family protein,0.7542783360767966,rhoptries 1,
TGME49_278080,Toxoplasma gondii family A protein,TGME49_243160,Toxoplasma gondii family A protein,0.7538657262704774,,
TGME49_320190,SAG-related sequence SRS16B,TGME49_224760,SAG-related sequence SRS40E,0.753637237964187,PM - peripheral 1,
TGME49_278365,Toxoplasma gondii family A protein,TGME49_278070,Toxoplasma gondii family A protein,0.7531694850987675,PM - peripheral 1,
TGME49_278080,Toxoplasma gondii family A protein,TGME49_266335,Toxoplasma gondii family A protein,0.752757781782546,,
TGME49_217660,Tctex-1 family protein,TGME49_247560,"dynein light chain protein, putative",0.7525878946227871,,
TGME49_267130,SAG-related sequence SRS38A,TGME49_234930,SAG-related sequence SRS43,0.7525811974859055,PM - peripheral 1,PM - peripheral 1
TGME49_296231,hypothetical protein,TGME49_250220,hypothetical protein,0.7519279675128435,,
TGME49_234930,SAG-related sequence SRS43,TGME49_292270,SAG-related sequence SRS36C,0.7517598495708693,PM - peripheral 1,
TGME49_267140,SAG-related sequence SRS38B,TGME49_292275,SAG-related sequence SRS36E,0.7515508444068703,PM - peripheral 1,
TGME49_224790,SAG-related sequence SRS40A,TGME49_301170,SAG-related sequence SRS19D,0.7513484298359581,,PM - peripheral 1
TGME49_323020,KRUF family protein,TGME49_323010,hypothetical protein,0.7503969798296688,,
TGME49_315390,SAG-related sequence SRS53C,TGME49_258550,SAG-related sequence SRS28,0.7497147485127116,,
TGME49_237830,DNA polymerase I domain-containing protein,TGME49_284010,"5'-3' exonuclease, N-terminal resolvase family domain-containing protein",0.7488568017791644,,
TGME49_278365,Toxoplasma gondii family A protein,TGME49_278400,Toxoplasma gondii family A protein,0.7485894590042043,PM - peripheral 1,
TGME49_250670,hypothetical protein,TGME49_287430,hypothetical protein,0.7476935992119983,,
TGME49_308990,"transporter, solute:sodium symporter (SSS) family protein",TGME49_305120,"transporter, solute:sodium symporter (SSS) family protein",0.7475735987311437,,ER
TGME49_242100,rhoptry kinase family protein,TGME49_242240,rhoptry kinase family protein ROP19A,0.7466554858394239,,
TGME49_278090,Toxoplasma gondii family A protein,TGME49_278365,Toxoplasma gondii family A protein,0.746483632751124,,PM - peripheral 1
TGME49_234930,SAG-related sequence SRS43,TGME49_308840,SAG-related sequence SRS51,0.7456743211684203,PM - peripheral 1,PM - peripheral 1
TGME49_278080,Toxoplasma gondii family A protein,TGME49_243140,Toxoplasma gondii family A protein,0.7451430330491494,,
TGME49_292390,KRUF family protein,TGME49_252070,KRUF family protein,0.7449244796969705,,
TGME49_234930,SAG-related sequence SRS43,TGME49_233460,SAG-related sequence SRS29B,0.7440791510197184,PM - peripheral 1,PM - peripheral 1
TGME49_320190,SAG-related sequence SRS16B,TGME49_320200,SAG-related sequence SRS16A,0.7438954988825355,PM - peripheral 1,PM - peripheral 1
TGME49_301170,SAG-related sequence SRS19D,TGME49_224780,SAG-related sequence SRS40B [Source:UniProtKB/TrEMBL;Acc:S8EU84],0.7436016410450319,PM - peripheral 1,
TGME49_273130,SAG-related sequence SRS30A,TGME49_267150,SAG-related sequence SRS38C,0.7434493882217459,PM - peripheral 1,endomembrane vesicles
TGME49_243160,Toxoplasma gondii family A protein,TGME49_278365,Toxoplasma gondii family A protein,0.7434164059826984,,PM - peripheral 1
TGME49_233450,SAG-related sequence SRS29A,TGME49_234930,SAG-related sequence SRS43,0.7433805498830373,PM - peripheral 1,PM - peripheral 1
TGME49_245432,dense granule protein GRA19,TGME49_500214,"hypothetical protein, conserved",0.7432155821639566,dense granules,
TGME49_241710,hypothetical protein,TGME49_241305,hypothetical protein,0.7430134988544517,,
TGME49_234930,SAG-related sequence SRS43,TGME49_292250,SAG-related sequence SRS36A,0.7428849048446939,PM - peripheral 1,
TGME49_315740,SAG-related sequence SRS54,TGME49_292250,SAG-related sequence SRS36A,0.7426756309279222,PM - peripheral 1,
TGME49_315740,SAG-related sequence SRS54,TGME49_308840,SAG-related sequence SRS51,0.7422788505735394,PM - peripheral 1,PM - peripheral 1
TGME49_295450,DIP13 homolog,TGME49_500162,SSNA1 domain-containing protein,0.7420544559615154,nucleus - chromatin,
TGME49_321470,SAG-related sequence SRS12D,TGME49_320190,SAG-related sequence SRS16B,0.7412550974410097,,PM - peripheral 1
TGME49_295935,KRUF family protein,TGME49_250950,KRUF family protein,0.7401712863838972,,
TGME49_300990,Toxoplasma gondii family C protein,TGME49_329400,Toxoplasma gondii family C protein,0.7398686579331407,,
TGME49_315740,SAG-related sequence SRS54,TGME49_233460,SAG-related sequence SRS29B,0.7397340022954815,PM - peripheral 1,PM - peripheral 1
TGME49_273120,SAG-related sequence SRS30C,TGME49_292250,SAG-related sequence SRS36A,0.7392511971068163,PM - peripheral 1,
TGME49_234930,SAG-related sequence SRS43,TGME49_272560,SAG-related sequence SRS31B,0.7390715005781072,PM - peripheral 1,
TGME49_210600,KRUF family protein,TGME49_323020,KRUF family protein,0.7388029370368097,,
TGME49_216530,ribosome recycling factor protein,TGME49_257980,ribosome recycling factor protein,0.7380025308746793,mitochondrion - soluble,apicoplast
TGME49_280410,3'5'-cyclic nucleotide phosphodiesterase PDE7,TGME49_266920,3'5'-cyclic nucleotide phosphodiesterase PDE6,0.7378704411516492,PM - integral,nucleus - chromatin
TGME49_207015,SRS domain-containing protein,TGME49_208850,SAG-related sequence SRS11,0.7378407806968095,,PM - peripheral 1
TGME49_243120,Toxoplasma gondii family A protein,TGME49_278365,Toxoplasma gondii family A protein,0.7372931389618265,,PM - peripheral 1
TGME49_320170,SAG-related sequence SRS16E,TGME49_301180,SAG-related sequence SRS19F,0.7372595836677944,PM - peripheral 1,PM - peripheral 1
TGME49_301180,SAG-related sequence SRS19F,TGME49_267130,SAG-related sequence SRS38A,0.7372239625351056,PM - peripheral 1,PM - peripheral 1
TGME49_267140,SAG-related sequence SRS38B,TGME49_233480,SAG-related sequence SRS29C,0.7364333748061627,PM - peripheral 1,PM - peripheral 1
TGME49_320200,SAG-related sequence SRS16A,TGME49_272560,SAG-related sequence SRS31B,0.736051182217736,PM - peripheral 1,
TGME49_278870,myosin F,TGME49_230980,myosin I,0.7359003457089905,nucleus - chromatin,ER
TGME49_267140,SAG-related sequence SRS38B,TGME49_308840,SAG-related sequence SRS51,0.734509927446765,PM - peripheral 1,PM - peripheral 1
TGME49_288830,NADH dehydrogenase (NDH2-II),TGME49_209150,non-proton pumping type-II NADH dehydrogenase I,0.734467736862715,mitochondrion - membranes,mitochondrion - membranes
TGME49_253790,zinc finger (CCCH type) motif-containing protein,TGME49_226310,zinc finger (CCCH type) motif-containing protein,0.7340536523494208,,
TGME49_292610,Toxoplasma gondii family C protein,TGME49_200700,Toxoplasma gondii family C protein,0.7339582788411925,,
TGME49_225220,SCP family extracellular subfamily protein,TGME49_239890,SCP family extracellular subfamily protein,0.7337865558416048,,PM - peripheral 1
TGME49_245980,hypothetical protein,TGME49_287430,hypothetical protein,0.733263419731716,,
TGME49_321470,SAG-related sequence SRS12D,TGME49_273120,SAG-related sequence SRS30C,0.7331574346859278,,PM - peripheral 1
TGME49_320190,SAG-related sequence SRS16B,TGME49_292275,SAG-related sequence SRS36E,0.733131177326894,PM - peripheral 1,
TGME49_283890,histone lysine demethylase JMJD6b,TGME49_261260,histone lysine demethylase JMJD6a,0.7328362629372276,,cytosol
TGME49_250955,KRUF family protein,TGME49_252070,KRUF family protein,0.7325138037589874,dense granules,
TGME49_213550,palmitoyltransferase DHHC4,TGME49_224310,palmitoyltransferase DHHC6,0.7324206159412261,Golgi,PM - integral
TGME49_245770,hypothetical protein,TGME49_287430,hypothetical protein,0.7317264040875382,,
TGME49_242090,zinc finger (CCCH type) motif-containing protein,TGME49_500008,"CCCH-type zinc finger protein, putative",0.7309913597647253,nucleus - non-chromatin,
TGME49_307610,"elongation factor TS, putative",TGME49_209010,elongation factor TS protein,0.7302354514244713,apicoplast,mitochondrion - soluble
TGME49_308090,rhoptry protein ROP5,TGME49_295125,rhoptry protein ROP4,0.7298894997875622,rhoptries 1,rhoptries 1
TGME49_220640,hypothetical protein,TGME49_220650,hypothetical protein,0.7296897237579745,,
TGME49_301160,SAG-related sequence SRS19C,TGME49_224790,SAG-related sequence SRS40A,0.7292526789413376,PM - peripheral 1,
TGME49_278080,Toxoplasma gondii family A protein,TGME49_278330,Toxoplasma gondii family A protein,0.7291686121949728,,
TGME49_315740,SAG-related sequence SRS54,TGME49_292260,SAG-related sequence SRS36B,0.7289922900579433,PM - peripheral 1,PM - peripheral 1
TGME49_301140,SAG-related sequence SRS19A,TGME49_301160,SAG-related sequence SRS19C,0.7283630967038,,PM - peripheral 1
TGME49_309330,SAG-related sequence SRS55F,TGME49_208850,SAG-related sequence SRS11,0.7282300070296448,,PM - peripheral 1
TGME49_267140,SAG-related sequence SRS38B,TGME49_272560,SAG-related sequence SRS31B,0.7280837674836093,PM - peripheral 1,
TGME49_215670,cAMP-dependent protein kinase,TGME49_278900,"protein kinase, putative",0.7280444317614914,,cytosol
TGME49_267130,SAG-related sequence SRS38A,TGME49_224780,SAG-related sequence SRS40B [Source:UniProtKB/TrEMBL;Acc:S8EU84],0.7256386151048695,PM - peripheral 1,
TGME49_301170,SAG-related sequence SRS19D,TGME49_295600,SAG-related sequence SRS10,0.7256313100337043,PM - peripheral 1,
TGME49_301140,SAG-related sequence SRS19A,TGME49_234930,SAG-related sequence SRS43,0.7254667698439278,,PM - peripheral 1
TGME49_267140,SAG-related sequence SRS38B,TGME49_292250,SAG-related sequence SRS36A,0.7250176794158864,PM - peripheral 1,
TGME49_273120,SAG-related sequence SRS30C,TGME49_295600,SAG-related sequence SRS10,0.7246639610521316,PM - peripheral 1,
TGME49_210600,KRUF family protein,TGME49_323000,KRUF family protein,0.7246443819152498,,nucleus - chromatin
TGME49_233450,SAG-related sequence SRS29A,TGME49_301180,SAG-related sequence SRS19F,0.7236729943762388,PM - peripheral 1,PM - peripheral 1
TGME49_275370,SAG-related sequence SRS47C,TGME49_296640,SAG-related sequence SRS48E,0.7227971931135502,PM - peripheral 1,
TGME49_207630,peptidyl-tRNA hydrolase domain-containing protein,TGME49_314270,peptidyl-tRNA hydrolase domain-containing protein,0.7226064057070316,apicoplast,mitochondrion - soluble
TGME49_220640,hypothetical protein,TGME49_287460,hypothetical protein,0.722389413570165,,
TGME49_254555,histone lysine acetyltransferase GCN5-A,TGME49_243440,histone lysine acetyltransferase GCN5-B,0.7223722395359509,,nucleus - chromatin
TGME49_234930,SAG-related sequence SRS43,TGME49_292275,SAG-related sequence SRS36E,0.7221961485120991,PM - peripheral 1,
TGME49_233450,SAG-related sequence SRS29A,TGME49_315740,SAG-related sequence SRS54,0.7221764641065964,PM - peripheral 1,PM - peripheral 1
TGME49_242260,hypothetical protein,TGME49_322030,hypothetical protein,0.7215555113427983,,
TGME49_320180,SAG-related sequence SRS16C,TGME49_321470,SAG-related sequence SRS12D,0.7212211532082173,PM - peripheral 1,
TGME49_500125,"mechanosensitive ion channel MscS, putative",TGME49_500013,"hypothetical protein, conserved",0.7211587824475278,PM - integral,
TGME49_246000,large subunit ribosomal protein IMG2,TGME49_268685,mitochondrial large subunit ribosomal protein,0.720639070654447,mitochondrion - soluble,
TGME49_228780,Toxoplasma gondii family C protein,TGME49_300990,Toxoplasma gondii family C protein,0.7203272272040149,,
TGME49_301160,SAG-related sequence SRS19C,TGME49_292250,SAG-related sequence SRS36A,0.7197764072209508,PM - peripheral 1,
TGME49_200230,microneme protein MIC17C,TGME49_200270,PAN/Apple domain-containing protein,0.719208221571707,,micronemes
TGME49_301140,SAG-related sequence SRS19A,TGME49_315740,SAG-related sequence SRS54,0.7182154546767587,,PM - peripheral 1
TGME49_233450,SAG-related sequence SRS29A,TGME49_267140,SAG-related sequence SRS38B,0.7181747574825014,PM - peripheral 1,PM - peripheral 1
TGME49_500184,Toxoplasma gondii family C protein,TGME49_200700,Toxoplasma gondii family C protein,0.7177862116661617,,
TGME49_278340,Toxoplasma gondii family A protein,TGME49_278080,Toxoplasma gondii family A protein,0.7175380258217354,,
TGME49_306520,"tRNA pseudouridine synthase B, putative",TGME49_214210,rRNA pseudouridine synthase,0.7170008126471124,,cytosol
TGME49_228780,Toxoplasma gondii family C protein,TGME49_307260,Toxoplasma gondii family C protein,0.7165122772487857,,
TGME49_242900,Toxoplasma gondii family A protein,TGME49_278365,Toxoplasma gondii family A protein,0.7161277143513939,,PM - peripheral 1
TGME49_210600,KRUF family protein,TGME49_252190,KRUF family protein,0.7160048641076573,,
TGME49_278100,Toxoplasma gondii family A protein,TGME49_278070,Toxoplasma gondii family A protein,0.7158975786975265,PM - peripheral 1,
TGME49_278080,Toxoplasma gondii family A protein,TGME49_243100,Toxoplasma gondii family A protein,0.7158524759144946,,
TGME49_321490,SAG-related sequence SRS12A,TGME49_273120,SAG-related sequence SRS30C,0.7152174109527978,,PM - peripheral 1
TGME49_267140,SAG-related sequence SRS38B,TGME49_224780,SAG-related sequence SRS40B [Source:UniProtKB/TrEMBL;Acc:S8EU84],0.7148379774684503,PM - peripheral 1,
TGME49_213660,zinc finger (CCCH type) motif-containing protein,TGME49_268570,zinc finger (CCCH type) motif-containing protein,0.7144457800161141,,nucleus - non-chromatin
TGME49_273130,SAG-related sequence SRS30A,TGME49_292280,SAG-related sequence SRS36D,0.7143457914998586,PM - peripheral 1,PM - peripheral 1
TGME49_230570,"transporter, major facilitator family protein",TGME49_205625,"transporter, major facilitator family protein",0.713771806893282,Golgi,endomembrane vesicles
TGME49_320250,SAG-related sequence SRS15A,TGME49_301180,SAG-related sequence SRS19F,0.7134489510503379,,PM - peripheral 1
TGME49_321640,cell division protein CDC48AP,TGME49_273090,cell division protein CDC48CY,0.7131846863180112,apicoplast,cytosol
TGME49_220080,Toxoplasma gondii family C protein,TGME49_298060,Toxoplasma gondii family C protein,0.7129868754216225,,
TGME49_320180,SAG-related sequence SRS16C,TGME49_224760,SAG-related sequence SRS40E,0.712833592087591,PM - peripheral 1,
TGME49_301160,SAG-related sequence SRS19C,TGME49_320240,SAG-related sequence SRS15B,0.712544942265102,PM - peripheral 1,
TGME49_320200,SAG-related sequence SRS16A,TGME49_224790,SAG-related sequence SRS40A,0.7121542842992863,PM - peripheral 1,
TGME49_267150,SAG-related sequence SRS38C,TGME49_292275,SAG-related sequence SRS36E,0.7119232087116715,endomembrane vesicles,
TGME49_252380,"phosphatase, putative",TGME49_265830,phosphodiesterase/alkaline phosphatase D family protein,0.7117148560529607,ER,ER
TGME49_301160,SAG-related sequence SRS19C,TGME49_295600,SAG-related sequence SRS10,0.7116573738454893,PM - peripheral 1,
TGME49_273130,SAG-related sequence SRS30A,TGME49_292260,SAG-related sequence SRS36B,0.7115772121184427,PM - peripheral 1,PM - peripheral 1
TGME49_309300,SAG-related sequence SRS55A,TGME49_275370,SAG-related sequence SRS47C,0.7115107288444378,,PM - peripheral 1
TGME49_296000,rhoptry kinase family protein ROP2L12,TGME49_296015,rhoptry kinase family protein,0.7110967285807492,,
TGME49_301170,SAG-related sequence SRS19D,TGME49_320240,SAG-related sequence SRS15B,0.7107407736297315,PM - peripheral 1,
TGME49_278080,Toxoplasma gondii family A protein,TGME49_243190,Toxoplasma gondii family A protein,0.7104289240895838,,
TGME49_203270,"ATP-dependent Clp endopeptidase, proteolytic subunit ClpP domain-containing protein",TGME49_318320,"ATP-dependent Clp endopeptidase, proteolytic subunit ClpP domain-containing protein",0.7099831418593925,,apicoplast
TGME49_273110,SAG-related sequence SRS30D,TGME49_301180,SAG-related sequence SRS19F,0.7096105134617985,,PM - peripheral 1
TGME49_278420,Toxoplasma gondii family A protein,TGME49_278365,Toxoplasma gondii family A protein,0.7091646162600842,,PM - peripheral 1
TGME49_223510,serine hydrolase ASH3,TGME49_262490,serine hydrolase ASH4,0.7091175680856403,PM - integral,Golgi
TGME49_301140,SAG-related sequence SRS19A,TGME49_301170,SAG-related sequence SRS19D,0.7089792335976843,,PM - peripheral 1
TGME49_242240,rhoptry kinase family protein ROP19A,TGME49_322010,myosin-light-chain kinase,0.708971415200518,,
TGME49_296231,hypothetical protein,TGME49_287440,hypothetical protein,0.7089220447179481,,
TGME49_252500,polo kinase,TGME49_215785,rhoptry protein ROP2A,0.7085234216824746,rhoptries 1,rhoptries 1
TGME49_292270,SAG-related sequence SRS36C,TGME49_328700,hypothetical protein,0.708136834531913,,
TGME49_278320,Toxoplasma gondii family A protein,TGME49_278365,Toxoplasma gondii family A protein,0.7081239846506453,,PM - peripheral 1
TGME49_294550,dynein heavy chain,TGME49_309980,dynein heavy chain family protein,0.7078074275402784,nucleus - chromatin,
TGME49_207015,SRS domain-containing protein,TGME49_275370,SAG-related sequence SRS47C,0.7075789367159512,,PM - peripheral 1
TGME49_267140,SAG-related sequence SRS38B,TGME49_292260,SAG-related sequence SRS36B,0.7066268642135001,PM - peripheral 1,PM - peripheral 1
TGME49_264840,"ATP-dependent DNA helicase, RecQ family protein",TGME49_306080,"ATP-dependent DNA helicase, RecQ family protein",0.7063771858593262,,
TGME49_239600,rhoptry kinase family protein ROP23 (incomplete catalytic triad),TGME49_308096,rhoptry kinase family protein (incomplete catalytic triad),0.7061824566216055,,
TGME49_298060,Toxoplasma gondii family C protein,TGME49_307260,Toxoplasma gondii family C protein,0.7060451496057174,,
TGME49_298060,Toxoplasma gondii family C protein,TGME49_292610,Toxoplasma gondii family C protein,0.7052975512437565,,
TGME49_320180,SAG-related sequence SRS16C,TGME49_224750,SAG-related sequence SRS40F,0.7036244578135324,PM - peripheral 1,
TGME49_234930,SAG-related sequence SRS43,TGME49_295600,SAG-related sequence SRS10,0.7035323759510281,PM - peripheral 1,
TGME49_278080,Toxoplasma gondii family A protein,TGME49_278300,Toxoplasma gondii family A protein,0.7022934086456216,,
TGME49_273110,SAG-related sequence SRS30D,TGME49_320180,SAG-related sequence SRS16C,0.7020694525900757,,PM - peripheral 1
TGME49_215775,rhoptry protein ROP8,TGME49_296015,rhoptry kinase family protein,0.701857829957157,rhoptries 1,
TGME49_242100,rhoptry kinase family protein,TGME49_322010,myosin-light-chain kinase,0.7013544068610815,,
TGME49_296231,hypothetical protein,TGME49_245770,hypothetical protein,0.7010023500510145,,
TGME49_320250,SAG-related sequence SRS15A,TGME49_328700,hypothetical protein,0.7005144265275038,,
TGME49_270120,thioredoxin-like protein TLP1,TGME49_218530,proteasome-interacting thioredoxin domain-containing protein,0.6992888889311589,mitochondrion - soluble,cytosol
TGME49_208850,SAG-related sequence SRS11,TGME49_275355,SAG-related sequence SRS47A,0.698872266774162,PM - peripheral 1,
TGME49_256650,hypothetical protein,TGME49_284310,hypothetical protein,0.6988270249139124,,
TGME49_320240,SAG-related sequence SRS15B,TGME49_328700,hypothetical protein,0.6988231306609738,,
TGME49_224770,SAG-related sequence SRS40D,TGME49_292275,SAG-related sequence SRS36E,0.6974125243647319,,
TGME49_301160,SAG-related sequence SRS19C,TGME49_224780,SAG-related sequence SRS40B [Source:UniProtKB/TrEMBL;Acc:S8EU84],0.6971897489228478,PM - peripheral 1,
TGME49_320200,SAG-related sequence SRS16A,TGME49_267140,SAG-related sequence SRS38B,0.6971176663443724,PM - peripheral 1,PM - peripheral 1
TGME49_320180,SAG-related sequence SRS16C,TGME49_301170,SAG-related sequence SRS19D,0.6968790353006409,PM - peripheral 1,PM - peripheral 1
TGME49_278080,Toxoplasma gondii family A protein,TGME49_266340,Toxoplasma gondii family A protein,0.6968473904321322,,
TGME49_292610,Toxoplasma gondii family C protein,TGME49_300990,Toxoplasma gondii family C protein,0.6968035310426466,,
TGME49_500153,WD repeat-containing protein,TGME49_500108,"hypothetical protein, conserved",0.696402991894292,Golgi,
TGME49_228780,Toxoplasma gondii family C protein,TGME49_200700,Toxoplasma gondii family C protein,0.6957858840286634,,
TGME49_250950,KRUF family protein,TGME49_252190,KRUF family protein,0.695166293138725,,
TGME49_320200,SAG-related sequence SRS16A,TGME49_224780,SAG-related sequence SRS40B [Source:UniProtKB/TrEMBL;Acc:S8EU84],0.6947395176151767,PM - peripheral 1,
TGME49_315380,SAG-related sequence SRS53B,TGME49_258550,SAG-related sequence SRS28,0.6946352345310094,,
TGME49_278080,Toxoplasma gondii family A protein,TGME49_278400,Toxoplasma gondii family A protein,0.6945797252817579,,
TGME49_234930,SAG-related sequence SRS43,TGME49_233480,SAG-related sequence SRS29C,0.6943680622382276,PM - peripheral 1,PM - peripheral 1
TGME49_270920,rhoptry kinase family protein ROP32,TGME49_258800,rhoptry kinase family protein ROP31,0.6942152172146485,dense granules,rhoptries 1
TGME49_278100,Toxoplasma gondii family A protein,TGME49_278400,Toxoplasma gondii family A protein,0.693677327238442,PM - peripheral 1,
TGME49_273120,SAG-related sequence SRS30C,TGME49_224780,SAG-related sequence SRS40B [Source:UniProtKB/TrEMBL;Acc:S8EU84],0.6933698549065328,PM - peripheral 1,
TGME49_267160,SAG-related sequence SRS38D,TGME49_328700,hypothetical protein,0.6932127694260476,,
TGME49_321480,SAG-related sequence SRS12B,TGME49_273120,SAG-related sequence SRS30C,0.6926539242456193,PM - peripheral 1,PM - peripheral 1
TGME49_267140,SAG-related sequence SRS38B,TGME49_267150,SAG-related sequence SRS38C,0.6926205243403647,PM - peripheral 1,endomembrane vesicles
TGME49_278410,Toxoplasma gondii family A protein,TGME49_278365,Toxoplasma gondii family A protein,0.6919941627488313,,PM - peripheral 1
TGME49_287430,hypothetical protein,TGME49_245760,hypothetical protein,0.6919783034215692,,
TGME49_215775,rhoptry protein ROP8,TGME49_215785,rhoptry protein ROP2A,0.6919530555242865,rhoptries 1,rhoptries 1
TGME49_250500,hypothetical protein,TGME49_245760,hypothetical protein,0.6918861838312085,,
TGME49_278290,Toxoplasma gondii family A protein,TGME49_278365,Toxoplasma gondii family A protein,0.6916182105438909,,PM - peripheral 1
TGME49_212725,hypothetical protein,TGME49_500104,hypothetical protein,0.691251727505606,mitochondrion - soluble,
TGME49_267130,SAG-related sequence SRS38A,TGME49_295600,SAG-related sequence SRS10,0.6912362824675606,PM - peripheral 1,
TGME49_292610,Toxoplasma gondii family C protein,TGME49_329100,Toxoplasma gondii family C protein,0.6909612237201361,,
TGME49_278365,Toxoplasma gondii family A protein,TGME49_278430,Toxoplasma gondii family A protein,0.6909497949237879,PM - peripheral 1,
TGME49_314780,myosin G,TGME49_278870,myosin F,0.6903253466350121,PM - peripheral 2,nucleus - chromatin
TGME49_315740,SAG-related sequence SRS54,TGME49_267150,SAG-related sequence SRS38C,0.6893464358383194,PM - peripheral 1,endomembrane vesicles
TGME49_278360,Toxoplasma gondii family A protein,TGME49_278365,Toxoplasma gondii family A protein,0.6892306430614439,,PM - peripheral 1
TGME49_301180,SAG-related sequence SRS19F,TGME49_321480,SAG-related sequence SRS12B,0.6890287924080547,PM - peripheral 1,PM - peripheral 1
TGME49_320240,SAG-related sequence SRS15B,TGME49_292275,SAG-related sequence SRS36E,0.6890004295587029,,
TGME49_295110,rhoptry protein ROP7,TGME49_296015,rhoptry kinase family protein,0.6889655920796836,rhoptries 1,
TGME49_320180,SAG-related sequence SRS16C,TGME49_292260,SAG-related sequence SRS36B,0.6888237282551029,PM - peripheral 1,PM - peripheral 1
TGME49_236570,lysine decarboxylase family protein,TGME49_266450,lysine decarboxylase family protein,0.6885493606026927,cytosol,
TGME49_314320,"GTP-binding protein, putative",TGME49_219510,"GTP binding protein 7 isoform 2 family protein, putative",0.6881894185414024,,
TGME49_272650,3'5'-cyclic nucleotide phosphodiesterase PDE10,TGME49_280410,3'5'-cyclic nucleotide phosphodiesterase PDE7,0.6879259629895719,PM - integral,PM - integral
TGME49_301170,SAG-related sequence SRS19D,TGME49_321490,SAG-related sequence SRS12A,0.6877617747858369,PM - peripheral 1,
TGME49_321170,Toxoplasma gondii family C protein,TGME49_329400,Toxoplasma gondii family C protein,0.6871085315277234,,
TGME49_215775,rhoptry protein ROP8,TGME49_239600,rhoptry kinase family protein ROP23 (incomplete catalytic triad),0.6870697650441007,rhoptries 1,
TGME49_301170,SAG-related sequence SRS19D,TGME49_292250,SAG-related sequence SRS36A,0.6867753534049166,PM - peripheral 1,
TGME49_249440,apical cap protein AC12,TGME49_249425,hypothetical protein,0.6867619080314151,,
TGME49_292390,KRUF family protein,TGME49_252065,KRUF family protein,0.6862268770082487,,
TGME49_267150,SAG-related sequence SRS38C,TGME49_273120,SAG-related sequence SRS30C,0.6855300314416615,endomembrane vesicles,PM - peripheral 1
TGME49_203030,N-methyl-D-aspartate receptor-associated protein,TGME49_249770,Nmda1 protein,0.6855259435732031,,
TGME49_226220,alveolin domain containing intermediate filament IMC9,TGME49_231630,alveolin domain containing intermediate filament IMC4,0.6853683588085028,apical 1,IMC
TGME49_320180,SAG-related sequence SRS16C,TGME49_320170,SAG-related sequence SRS16E,0.6849466488058733,PM - peripheral 1,PM - peripheral 1
TGME49_298960,Toxoplasma gondii family C protein,TGME49_200590,Toxoplasma gondii family C protein,0.6849436761952319,,
TGME49_315740,SAG-related sequence SRS54,TGME49_272560,SAG-related sequence SRS31B,0.6846860916323355,PM - peripheral 1,
TGME49_245980,hypothetical protein,TGME49_245760,hypothetical protein,0.6839041044102234,,
TGME49_250955,KRUF family protein,TGME49_323020,KRUF family protein,0.6833726171815333,dense granules,
TGME49_320170,SAG-related sequence SRS16E,TGME49_273130,SAG-related sequence SRS30A,0.683364305795376,PM - peripheral 1,PM - peripheral 1
TGME49_321480,SAG-related sequence SRS12B,TGME49_292275,SAG-related sequence SRS36E,0.6831794361201764,PM - peripheral 1,
TGME49_296231,hypothetical protein,TGME49_220650,hypothetical protein,0.6829796054793618,,
TGME49_278350,Toxoplasma gondii family A protein,TGME49_278080,Toxoplasma gondii family A protein,0.6826226757572758,,
TGME49_278080,Toxoplasma gondii family A protein,TGME49_266330,Toxoplasma gondii family A protein,0.682593843897097,,
TGME49_308093,rhoptry kinase family protein (incomplete catalytic triad),TGME49_295125,rhoptry protein ROP4,0.6825510913146093,dense granules,rhoptries 1
TGME49_243150,Toxoplasma gondii family A protein,TGME49_278365,Toxoplasma gondii family A protein,0.6820975343259192,,PM - peripheral 1
TGME49_321480,SAG-related sequence SRS12B,TGME49_272560,SAG-related sequence SRS31B,0.6819343241790998,PM - peripheral 1,
TGME49_320230,SAG-related sequence SRS15C,TGME49_273130,SAG-related sequence SRS30A,0.6818936611278137,PM - peripheral 1,PM - peripheral 1
TGME49_298060,Toxoplasma gondii family C protein,TGME49_200130,Toxoplasma gondii family C protein,0.6817544743268615,,
TGME49_319560,microneme protein MIC3,TGME49_325800,EGF family domain-containing protein,0.6806671911602229,micronemes,
TGME49_200010,dense granule protein GRA20,TGME49_500214,"hypothetical protein, conserved",0.6802528331538774,dense granules,
TGME49_301180,SAG-related sequence SRS19F,TGME49_233480,SAG-related sequence SRS29C,0.6802204528020122,PM - peripheral 1,PM - peripheral 1
TGME49_239600,rhoptry kinase family protein ROP23 (incomplete catalytic triad),TGME49_215785,rhoptry protein ROP2A,0.6795882740633881,,rhoptries 1
TGME49_220080,Toxoplasma gondii family C protein,TGME49_292610,Toxoplasma gondii family C protein,0.6788050827378846,,
TGME49_228780,Toxoplasma gondii family C protein,TGME49_321170,Toxoplasma gondii family C protein,0.6786045211985363,,
TGME49_321480,SAG-related sequence SRS12B,TGME49_267150,SAG-related sequence SRS38C,0.6785963007859034,PM - peripheral 1,endomembrane vesicles
TGME49_321170,Toxoplasma gondii family C protein,TGME49_329100,Toxoplasma gondii family C protein,0.6784939565348389,,
TGME49_267140,SAG-related sequence SRS38B,TGME49_320240,SAG-related sequence SRS15B,0.6781276166567503,PM - peripheral 1,
TGME49_265650,protein phosphatase 2C domain-containing protein,TGME49_265542,protein phosphatase 2C domain-containing protein,0.677994966962739,,
TGME49_233450,SAG-related sequence SRS29A,TGME49_320180,SAG-related sequence SRS16C,0.6775193157208146,PM - peripheral 1,PM - peripheral 1
TGME49_200270,PAN/Apple domain-containing protein,TGME49_232400,PAN domain-containing protein,0.6773660836723101,micronemes,micronemes
TGME49_320180,SAG-related sequence SRS16C,TGME49_321480,SAG-related sequence SRS12B,0.6770481319478845,PM - peripheral 1,PM - peripheral 1
TGME49_300990,Toxoplasma gondii family C protein,TGME49_321170,Toxoplasma gondii family C protein,0.6761667786585107,,
TGME49_309300,SAG-related sequence SRS55A,TGME49_208850,SAG-related sequence SRS11,0.6761491282416949,,PM - peripheral 1
TGME49_320180,SAG-related sequence SRS16C,TGME49_320250,SAG-related sequence SRS15A,0.6761231913545958,PM - peripheral 1,
TGME49_200270,PAN/Apple domain-containing protein,TGME49_200240,microneme protein MIC17B,0.6760813673652042,micronemes,micronemes
TGME49_252500,polo kinase,TGME49_239600,rhoptry kinase family protein ROP23 (incomplete catalytic triad),0.6758301205545062,rhoptries 1,
TGME49_224770,SAG-related sequence SRS40D,TGME49_267150,SAG-related sequence SRS38C,0.6754134377393022,,endomembrane vesicles
TGME49_297925,HesB-like domain-containing protein,TGME49_213810,iron-sulfur cluster protein ISCA,0.6752790623805696,,
TGME49_267130,SAG-related sequence SRS38A,TGME49_272560,SAG-related sequence SRS31B,0.6752418481003306,PM - peripheral 1,
TGME49_273110,SAG-related sequence SRS30D,TGME49_273130,SAG-related sequence SRS30A,0.6742399683368028,,PM - peripheral 1
TGME49_278365,Toxoplasma gondii family A protein,TGME49_266340,Toxoplasma gondii family A protein,0.6742283337528339,PM - peripheral 1,
TGME49_267150,SAG-related sequence SRS38C,TGME49_292280,SAG-related sequence SRS36D,0.6741298463321463,endomembrane vesicles,PM - peripheral 1
TGME49_267160,SAG-related sequence SRS38D,TGME49_273130,SAG-related sequence SRS30A,0.6739538667481305,,PM - peripheral 1
TGME49_296121,hypothetical protein,TGME49_287430,hypothetical protein,0.673832663351999,,
TGME49_254060,SAG-related sequence SRS14A,TGME49_500199,SAG-related sequence,0.6734853414789459,PM - peripheral 1,
TGME49_320240,SAG-related sequence SRS15B,TGME49_273120,SAG-related sequence SRS30C,0.6734413750396064,,PM - peripheral 1
TGME49_315380,SAG-related sequence SRS53B,TGME49_315340,SAG-related sequence SRS52C,0.6733397272078601,,
TGME49_224760,SAG-related sequence SRS40E,TGME49_273120,SAG-related sequence SRS30C,0.67312090066334,,PM - peripheral 1
TGME49_209850,RNA recognition motif-containing protein,TGME49_217540,serine/arginine-rich splicing factor SR2,0.6730288549246517,cytosol,nucleus - non-chromatin
TGME49_320200,SAG-related sequence SRS16A,TGME49_267150,SAG-related sequence SRS38C,0.6730273681681891,PM - peripheral 1,endomembrane vesicles
TGME49_273130,SAG-related sequence SRS30A,TGME49_308020,SAG-related sequence SRS57,0.6724282124956429,PM - peripheral 1,PM - peripheral 1
TGME49_250220,hypothetical protein,TGME49_287460,hypothetical protein,0.672416201642735,,
TGME49_290920,"oxidoreductase, 2OG-Fe(II) oxygenase family protein",TGME49_221270,"oxidoreductase, 2OG-Fe(II) oxygenase family protein",0.6723055604761723,nucleus - chromatin,
TGME49_234450,ribosomal protein RPS15A,TGME49_261380,"ribosomal protein S8, putative",0.6717437327629283,40S ribosome,
TGME49_267140,SAG-related sequence SRS38B,TGME49_301170,SAG-related sequence SRS19D,0.6717055943023502,PM - peripheral 1,PM - peripheral 1
TGME49_278350,Toxoplasma gondii family A protein,TGME49_278365,Toxoplasma gondii family A protein,0.6711538660633523,,PM - peripheral 1
TGME49_500199,SAG-related sequence,TGME49_285860,SAG-related sequence SRS20C,0.6709818173448837,,PM - peripheral 1
TGME49_278090,Toxoplasma gondii family A protein,TGME49_278070,Toxoplasma gondii family A protein,0.6709077001713877,,
TGME49_210600,KRUF family protein,TGME49_252070,KRUF family protein,0.6706995508898278,,
TGME49_322010,myosin-light-chain kinase,TGME49_322100,myosin-light-chain kinase,0.6704837672117591,,
TGME49_202410,CRAL/TRIO domain-containing protein,TGME49_254390,CRAL/TRIO domain-containing protein,0.6702624352368592,,PM - peripheral 2
TGME49_320240,SAG-related sequence SRS15B,TGME49_292280,SAG-related sequence SRS36D,0.6702550705406933,,PM - peripheral 1
TGME49_207010,SAG-related sequence SRS48K,TGME49_275370,SAG-related sequence SRS47C,0.669962905626165,,PM - peripheral 1
TGME49_242100,rhoptry kinase family protein,TGME49_322000,myosin-light-chain kinase,0.6695627858989963,,rhoptries 2
TGME49_218530,proteasome-interacting thioredoxin domain-containing protein,TGME49_293870,thioredoxin 1,0.6693170705121843,cytosol,cytosol
TGME49_500147,"nucleoside transporter, putative",TGME49_233130,nucleoside transporter protein,0.6688939356188653,,PM - integral
TGME49_273120,SAG-related sequence SRS30C,TGME49_292275,SAG-related sequence SRS36E,0.6687902129203702,PM - peripheral 1,
TGME49_290580,ATP-binding cassette G family transporter ABCG89,TGME49_289350,ATP-binding cassette G family transporter ABCG84,0.6687724844703051,PM - integral,PM - integral
TGME49_323000,KRUF family protein,TGME49_323010,hypothetical protein,0.6686227896433696,nucleus - chromatin,
TGME49_308090,rhoptry protein ROP5,TGME49_296015,rhoptry kinase family protein,0.6671040146921348,rhoptries 1,
TGME49_320250,SAG-related sequence SRS15A,TGME49_315740,SAG-related sequence SRS54,0.6670692000801823,,PM - peripheral 1
TGME49_278340,Toxoplasma gondii family A protein,TGME49_278365,Toxoplasma gondii family A protein,0.6667581408851457,,PM - peripheral 1
TGME49_320200,SAG-related sequence SRS16A,TGME49_292275,SAG-related sequence SRS36E,0.6666432371468558,PM - peripheral 1,
TGME49_500148,GCC2 and GCC3 domain-containing protein,TGME49_203900,FAM184 domain-containing protein,0.6662869546984795,,
TGME49_215775,rhoptry protein ROP8,TGME49_295125,rhoptry protein ROP4,0.6655471400629283,rhoptries 1,rhoptries 1
TGME49_321480,SAG-related sequence SRS12B,TGME49_295600,SAG-related sequence SRS10,0.6655086269202761,PM - peripheral 1,
TGME49_240890,6-phosphofructokinase,TGME49_226960,phosphofructokinase PFKII,0.6653741238270516,cytosol,cytosol
TGME49_285800,"transporter, putative",TGME49_208410,"transporter, putative",0.6646741256520967,,
TGME49_316450,"ceramide synthase CERS2, putative",TGME49_283710,"ceramide synthase CERS1, putative",0.6646380058551827,,ER
TGME49_245980,hypothetical protein,TGME49_220650,hypothetical protein,0.6646314598712117,,
TGME49_322010,myosin-light-chain kinase,TGME49_323300,myosin-light-chain kinase,0.66459329448809,,
TGME49_278080,Toxoplasma gondii family A protein,TGME49_278070,Toxoplasma gondii family A protein,0.6645428042677515,,
TGME49_320190,SAG-related sequence SRS16B,TGME49_292280,SAG-related sequence SRS36D,0.6643697115178524,PM - peripheral 1,PM - peripheral 1
TGME49_275360,SAG-related sequence SRS47B,TGME49_500199,SAG-related sequence,0.6640572606261681,,
TGME49_320230,SAG-related sequence SRS15C,TGME49_320180,SAG-related sequence SRS16C,0.66391935701936,PM - peripheral 1,PM - peripheral 1
TGME49_295935,KRUF family protein,TGME49_323010,hypothetical protein,0.6637837619436604,,
TGME49_252360,rhoptry kinase family protein ROP24 (incomplete catalytic triad),TGME49_215785,rhoptry protein ROP2A,0.6637311985621877,rhoptries 1,rhoptries 1
TGME49_273110,SAG-related sequence SRS30D,TGME49_328700,hypothetical protein,0.6635400484002156,,
TGME49_307045,Toxoplasma gondii family B protein,TGME49_299570,Toxoplasma gondii family B protein,0.6625854728811662,,
TGME49_320180,SAG-related sequence SRS16C,TGME49_292275,SAG-related sequence SRS36E,0.6625241056289014,PM - peripheral 1,
TGME49_221340,CRAL-TRIO domain-containing protein,TGME49_500119,"CRAL/TRIO domain-containing protein, putative",0.6622306124518693,,
TGME49_279550,hypothetical protein,TGME49_298820,hypothetical protein,0.66179123787884,,
TGME49_215785,rhoptry protein ROP2A,TGME49_296015,rhoptry kinase family protein,0.6617448738207881,rhoptries 1,
TGME49_294550,dynein heavy chain,TGME49_249840,"dynein heavy chain 2, putative",0.660439618841325,nucleus - chromatin,
TGME49_224770,SAG-related sequence SRS40D,TGME49_292280,SAG-related sequence SRS36D,0.6599623019243992,,PM - peripheral 1
TGME49_298960,Toxoplasma gondii family C protein,TGME49_228780,Toxoplasma gondii family C protein,0.6595284219834882,,
TGME49_250670,hypothetical protein,TGME49_245760,hypothetical protein,0.6593930237206589,,
TGME49_205250,rhoptry protein ROP18,TGME49_215785,rhoptry protein ROP2A,0.6588238565846535,rhoptries 1,rhoptries 1
TGME49_500062,"dynein heavy chain, putative",TGME49_500072,"dynein heavy chain, putative",0.6587019505235081,,
TGME49_220080,Toxoplasma gondii family C protein,TGME49_329100,Toxoplasma gondii family C protein,0.6584900139848613,,
TGME49_301170,SAG-related sequence SRS19D,TGME49_234930,SAG-related sequence SRS43,0.6581673426501005,PM - peripheral 1,PM - peripheral 1
TGME49_278340,Toxoplasma gondii family A protein,TGME49_278400,Toxoplasma gondii family A protein,0.6580026576830356,,
TGME49_207005,SAG-related sequence SRS48Q,TGME49_275370,SAG-related sequence SRS47C,0.6573118809108754,,PM - peripheral 1
TGME49_224790,SAG-related sequence SRS40A,TGME49_267130,SAG-related sequence SRS38A,0.6568722543411346,,PM - peripheral 1
TGME49_250500,hypothetical protein,TGME49_250220,hypothetical protein,0.6566686298372295,,
TGME49_250115,hypothetical protein,TGME49_296231,hypothetical protein,0.6566359566154515,,
TGME49_315370,SAG-related sequence SRS53A,TGME49_258550,SAG-related sequence SRS28,0.6564866151395348,,
TGME49_321480,SAG-related sequence SRS12B,TGME49_224780,SAG-related sequence SRS40B [Source:UniProtKB/TrEMBL;Acc:S8EU84],0.6562233349229434,PM - peripheral 1,
TGME49_241240,dense granule protein GRA65,TGME49_500419,hypothetical protein,0.6561916410462698,dense granules,
TGME49_224760,SAG-related sequence SRS40E,TGME49_301170,SAG-related sequence SRS19D,0.6559982245084429,,PM - peripheral 1
TGME49_243190,Toxoplasma gondii family A protein,TGME49_327300,Toxoplasma gondii family A protein,0.6556942355713866,,
TGME49_308096,rhoptry kinase family protein (incomplete catalytic triad),TGME49_215785,rhoptry protein ROP2A,0.6554818329684786,,rhoptries 1
TGME49_301180,SAG-related sequence SRS19F,TGME49_224770,SAG-related sequence SRS40D,0.6554784983763724,PM - peripheral 1,
TGME49_205250,rhoptry protein ROP18,TGME49_295105,"rhoptry protein, putative",0.6550869206398495,rhoptries 1,
TGME49_312370,RNA pseudouridine synthase superfamily protein,TGME49_205410,RNA pseudouridine synthase superfamily protein,0.6549282103608971,,
TGME49_294550,dynein heavy chain,TGME49_235920,"dynein, axonemal, heavy chain 2 family protein",0.6545931919652173,nucleus - chromatin,
TGME49_237894,OTU domain-containing protein OTUD1B,TGME49_287235,hypothetical protein,0.6542886510469215,,
TGME49_278365,Toxoplasma gondii family A protein,TGME49_278300,Toxoplasma gondii family A protein,0.6538355085685386,PM - peripheral 1,
TGME49_500296,KRUF family protein,TGME49_252065,KRUF family protein,0.6537575721592572,,
TGME49_268900,dense granule protein GRA10,TGME49_245660,"zinc finger protein, putative",0.6535855955688377,,
TGME49_301150,SAG-related sequence SRS19B,TGME49_267140,SAG-related sequence SRS38B,0.6533183591549205,PM - peripheral 1,PM - peripheral 1
TGME49_278330,Toxoplasma gondii family A protein,TGME49_278365,Toxoplasma gondii family A protein,0.6532882769316732,,PM - peripheral 1
TGME49_250670,hypothetical protein,TGME49_287470,hypothetical protein,0.6531383631458774,,
TGME49_224760,SAG-related sequence SRS40E,TGME49_328700,hypothetical protein,0.6530693537109068,,
TGME49_301150,SAG-related sequence SRS19B,TGME49_273130,SAG-related sequence SRS30A,0.6522816338944155,PM - peripheral 1,PM - peripheral 1
TGME49_220640,hypothetical protein,TGME49_250500,hypothetical protein,0.6519889368259937,,
TGME49_267130,SAG-related sequence SRS38A,TGME49_320240,SAG-related sequence SRS15B,0.6519096972914138,PM - peripheral 1,
TGME49_276810,hypothetical protein,TGME49_276830,hypothetical protein,0.6517994355529311,,
TGME49_285170,"ribosomal RNA large subunit methyltransferase I, putative",TGME49_273430,SAM-dependent methyltransferase,0.6516021072757918,mitochondrion - soluble,
TGME49_243140,Toxoplasma gondii family A protein,TGME49_278365,Toxoplasma gondii family A protein,0.6515157774378975,,PM - peripheral 1
TGME49_243100,Toxoplasma gondii family A protein,TGME49_278365,Toxoplasma gondii family A protein,0.6510359652275629,,PM - peripheral 1
TGME49_203010,aurora-related kinase ARK3,TGME49_210280,aurora-related kinase ARK1,0.6509767770783657,,
TGME49_233450,SAG-related sequence SRS29A,TGME49_273130,SAG-related sequence SRS30A,0.6509196079796558,PM - peripheral 1,PM - peripheral 1
TGME49_210600,KRUF family protein,TGME49_292375,KRUF family protein,0.6509017761888447,,
TGME49_295935,KRUF family protein,TGME49_252070,KRUF family protein,0.6505761320627002,,
TGME49_267140,SAG-related sequence SRS38B,TGME49_295600,SAG-related sequence SRS10,0.6501525317245429,PM - peripheral 1,
TGME49_292250,SAG-related sequence SRS36A,TGME49_328700,hypothetical protein,0.649443663429462,,
TGME49_301180,SAG-related sequence SRS19F,TGME49_292280,SAG-related sequence SRS36D,0.6491594046069911,PM - peripheral 1,PM - peripheral 1
TGME49_275360,SAG-related sequence SRS47B,TGME49_275370,SAG-related sequence SRS47C,0.6485395017774318,,PM - peripheral 1
TGME49_295110,rhoptry protein ROP7,TGME49_239600,rhoptry kinase family protein ROP23 (incomplete catalytic triad),0.6480889374788509,rhoptries 1,
TGME49_263650,"pre-mRNA-processing protein 8, putative",TGME49_233520,ATP-dependent RNA helicase,0.6476047708225664,nucleus - non-chromatin,nucleus - non-chromatin
TGME49_320250,SAG-related sequence SRS15A,TGME49_234930,SAG-related sequence SRS43,0.6474526678303658,,PM - peripheral 1
TGME49_309560,nmda receptor glutamate-binding chain,TGME49_249770,Nmda1 protein,0.647304568606917,rhoptries 2,
TGME49_257925,hypothetical protein,TGME49_257910,hypothetical protein,0.6469840652888721,,
TGME49_273370,"coatomer gamma 2-subunit protein, putative",TGME49_303450,coatomer gamma subunit,0.6468368311556261,cytosol,
TGME49_500376,rhoptry kinase family protein,TGME49_266100,rhoptry kinase family protein ROP41,0.6468088449092427,,
TGME49_308096,rhoptry kinase family protein (incomplete catalytic triad),TGME49_295125,rhoptry protein ROP4,0.6467728772197123,,rhoptries 1
TGME49_239020,ABC transporter transmembrane region domain-containing protein,TGME49_260310,ATP-binding cassette transporter ABC.B1,0.6466543149339787,PM - integral,PM - integral
TGME49_246070,SAG-related sequence SRS56,TGME49_207160,SAG-related sequence SRS49D,0.6466157741588068,,PM - peripheral 1
TGME49_320180,SAG-related sequence SRS16C,TGME49_292270,SAG-related sequence SRS36C,0.6465014443389462,PM - peripheral 1,
TGME49_320200,SAG-related sequence SRS16A,TGME49_320240,SAG-related sequence SRS15B,0.6464305476307932,PM - peripheral 1,
TGME49_321490,SAG-related sequence SRS12A,TGME49_292275,SAG-related sequence SRS36E,0.6462326828742696,,
TGME49_229220,hypothetical protein,TGME49_500118,"hypothetical protein, conserved",0.6462099456794935,,
TGME49_307045,Toxoplasma gondii family B protein,TGME49_295300,Toxoplasma gondii family B protein,0.6459019416001635,,
TGME49_320200,SAG-related sequence SRS16A,TGME49_292250,SAG-related sequence SRS36A,0.6455948431333736,PM - peripheral 1,
TGME49_248730,hypothetical protein,TGME49_204420,oocyst wall protein OWP1,0.6455310983726389,,
TGME49_271960,"haloacid dehalogenase-like hydrolase, putative",TGME49_289910,haloacid dehalogenase-like hydrolase HAD2a,0.6453269437030903,,
TGME49_500296,KRUF family protein,TGME49_500174,KRUF family protein,0.6450504668418013,,
TGME49_243190,Toxoplasma gondii family A protein,TGME49_278400,Toxoplasma gondii family A protein,0.6449167457196259,,
TGME49_296231,hypothetical protein,TGME49_245980,hypothetical protein,0.6448317802608297,,
TGME49_500098,"regulator of chromosome condensation, putative",TGME49_500364,"apicomplexan kinetochore protein AKIT9, putative",0.6442955037151374,nucleus - chromatin,
TGME49_500006,"hypothetical protein, conserved",TGME49_316690,hypothetical protein,0.6437188886607734,,
TGME49_250220,hypothetical protein,TGME49_220650,hypothetical protein,0.6435685159187547,,
TGME49_500095,"hypothetical protein, conserved",TGME49_280580,SAG-related sequence SRS35B,0.6435221401999284,,
TGME49_244850,GMC oxidoreductase,TGME49_213340,GMC oxidoreductase,0.643492984189542,,
TGME49_205250,rhoptry protein ROP18,TGME49_239600,rhoptry kinase family protein ROP23 (incomplete catalytic triad),0.6434928909778259,rhoptries 1,
TGME49_309352,SAG-related sequence SRS55N,TGME49_208850,SAG-related sequence SRS11,0.643388015590974,,PM - peripheral 1
TGME49_264225,Toxoplasma gondii family B protein,TGME49_299570,Toxoplasma gondii family B protein,0.6427521789030005,,
TGME49_283450,Toxoplasma gondii family B protein,TGME49_274290,Toxoplasma gondii family B protein,0.6420068584058032,,
TGME49_254060,SAG-related sequence SRS14A,TGME49_275370,SAG-related sequence SRS47C,0.6419545365006865,PM - peripheral 1,PM - peripheral 1
TGME49_315410,SAG-related sequence SRS53F,TGME49_258550,SAG-related sequence SRS28,0.6419209117063125,PM - peripheral 1,
TGME49_320250,SAG-related sequence SRS15A,TGME49_267140,SAG-related sequence SRS38B,0.6419091128339445,,PM - peripheral 1
TGME49_301160,SAG-related sequence SRS19C,TGME49_292280,SAG-related sequence SRS36D,0.6418461942383482,PM - peripheral 1,PM - peripheral 1
TGME49_267100,protein phosphatase PPM2B,TGME49_232340,protein phosphatase PPM2A,0.6417126907558439,cytosol,cytosol
TGME49_241165,hypothetical protein,TGME49_200340,hypothetical protein,0.6414851153618893,,
TGME49_315740,SAG-related sequence SRS54,TGME49_233480,SAG-related sequence SRS29C,0.6412405929138483,PM - peripheral 1,PM - peripheral 1
TGME49_243180,Toxoplasma gondii family A protein,TGME49_278365,Toxoplasma gondii family A protein,0.6411551645124982,,PM - peripheral 1
TGME49_292375,KRUF family protein,TGME49_252070,KRUF family protein,0.6407621120369862,,
TGME49_267130,SAG-related sequence SRS38A,TGME49_292280,SAG-related sequence SRS36D,0.6401721406714012,PM - peripheral 1,PM - peripheral 1
TGME49_312280,"pre-mRNA-splicing factor ATP-dependent RNA helicase, putative",TGME49_233520,ATP-dependent RNA helicase,0.6400389816692489,nucleus - non-chromatin,nucleus - non-chromatin
TGME49_298960,Toxoplasma gondii family C protein,TGME49_329100,Toxoplasma gondii family C protein,0.6398934102433942,,
TGME49_275380,SAG-related sequence SRS47D,TGME49_275370,SAG-related sequence SRS47C,0.6394307150137833,,PM - peripheral 1
TGME49_260200,helicase associated domain (ha2) protein,TGME49_233520,ATP-dependent RNA helicase,0.639424778819889,nucleus - chromatin,nucleus - non-chromatin
TGME49_321470,SAG-related sequence SRS12D,TGME49_328700,hypothetical protein,0.6394153418662275,,
TGME49_213460,hypothetical protein,TGME49_500192,"hypothetical protein, conserved",0.6391690299354564,,
TGME49_287280,Toxoplasma gondii family C protein,TGME49_307260,Toxoplasma gondii family C protein,0.6390322081247252,,
TGME49_298060,Toxoplasma gondii family C protein,TGME49_287280,Toxoplasma gondii family C protein,0.6385338172428161,,
TGME49_278080,Toxoplasma gondii family A protein,TGME49_243170,Toxoplasma gondii family A protein,0.6380526993300224,,
TGME49_287280,Toxoplasma gondii family C protein,TGME49_200700,Toxoplasma gondii family C protein,0.6380477693341596,,
TGME49_500192,"hypothetical protein, conserved",TGME49_213480,hypothetical protein,0.6377996388018078,,
TGME49_296231,hypothetical protein,TGME49_287470,hypothetical protein,0.6374269415753755,,
TGME49_224750,SAG-related sequence SRS40F,TGME49_273120,SAG-related sequence SRS30C,0.6371598666715987,,PM - peripheral 1
TGME49_224790,SAG-related sequence SRS40A,TGME49_328700,hypothetical protein,0.6369845656087875,,
TGME49_273110,SAG-related sequence SRS30D,TGME49_267140,SAG-related sequence SRS38B,0.6366433736931765,,PM - peripheral 1
TGME49_286720,heat shock protein HSP28,TGME49_312600,heat shock protein HSP21,0.6362595743984,mitochondrion - membranes,cytosol
TGME49_301140,SAG-related sequence SRS19A,TGME49_328700,hypothetical protein,0.6356739252144271,,
TGME49_250115,hypothetical protein,TGME49_250500,hypothetical protein,0.6356638483526901,,
TGME49_212160,hypothetical protein,TGME49_242740,hypothetical protein,0.634811363432753,,
TGME49_320200,SAG-related sequence SRS16A,TGME49_273130,SAG-related sequence SRS30A,0.634600360945613,PM - peripheral 1,PM - peripheral 1
TGME49_215775,rhoptry protein ROP8,TGME49_295105,"rhoptry protein, putative",0.634534730465911,rhoptries 1,
TGME49_315740,SAG-related sequence SRS54,TGME49_295600,SAG-related sequence SRS10,0.6340895377120925,PM - peripheral 1,
TGME49_323800,OTU family cysteine protease,TGME49_287235,hypothetical protein,0.6339639350937993,,
TGME49_323600,OTU family cysteine protease,TGME49_287235,hypothetical protein,0.6337125543631126,,
TGME49_320230,SAG-related sequence SRS15C,TGME49_328700,hypothetical protein,0.633642461089373,PM - peripheral 1,
TGME49_234300,hypothetical protein,TGME49_225200,hypothetical protein,0.6331671304999821,,rhoptries 1
TGME49_296231,hypothetical protein,TGME49_287430,hypothetical protein,0.632954635491001,,
TGME49_301160,SAG-related sequence SRS19C,TGME49_292270,SAG-related sequence SRS36C,0.6328265832201705,PM - peripheral 1,
TGME49_292275,SAG-related sequence SRS36E,TGME49_328700,hypothetical protein,0.6328172799468202,,
TGME49_237900,OTU domain-containing protein OTUD1E,TGME49_287235,hypothetical protein,0.6317593350278632,,
TGME49_296121,hypothetical protein,TGME49_296231,hypothetical protein,0.6314192249272705,,
TGME49_298960,Toxoplasma gondii family C protein,TGME49_298060,Toxoplasma gondii family C protein,0.6312116345764549,,
TGME49_258400,LCCL-related protein CCp5A,TGME49_279440,PA14 domain-containing protein,0.6311527326152694,,
TGME49_276910,endoplasmic reticulum lumen protein retaining receptor (ERD2) family protein,TGME49_256000,endoplasmic reticulum retention receptor,0.6310083133838829,Golgi,ER
TGME49_307460,Toxoplasma gondii family B protein,TGME49_276230,Toxoplasma gondii family B protein,0.6306398662929935,,
TGME49_271040,hypothetical protein,TGME49_208850,SAG-related sequence SRS11,0.6306288237068198,,PM - peripheral 1
TGME49_220440,cyclin-dependent kinase regulatory subunit protein,TGME49_500221,cyclin-dependent kinase regulatory subunit protein,0.6297963006502431,,
TGME49_320180,SAG-related sequence SRS16C,TGME49_224770,SAG-related sequence SRS40D,0.6297322399403508,PM - peripheral 1,
TGME49_295110,rhoptry protein ROP7,TGME49_308093,rhoptry kinase family protein (incomplete catalytic triad),0.6295643095668655,rhoptries 1,dense granules
TGME49_322000,myosin-light-chain kinase,TGME49_322020,hypothetical protein,0.6292042160370593,rhoptries 2,
TGME49_216010,ribosomal protein RPL24,TGME49_239720,"50S ribosomal protein l24, putative",0.6291964457179298,mitochondrion - soluble,
TGME49_280810,hypothetical protein,TGME49_306680,hypothetical protein,0.6286403945734529,,
TGME49_323700,OTU family cysteine protease,TGME49_287235,hypothetical protein,0.6283969128130436,,
TGME49_292610,Toxoplasma gondii family C protein,TGME49_200590,Toxoplasma gondii family C protein,0.6283927345432684,,
TGME49_278380,Toxoplasma gondii family A protein,TGME49_278365,Toxoplasma gondii family A protein,0.6279668168860352,,PM - peripheral 1
TGME49_246340,DnaJ domain-containing protein,TGME49_313310,DnaJ domain-containing protein,0.6277345410328802,nucleus - chromatin,cytosol
TGME49_298060,Toxoplasma gondii family C protein,TGME49_321170,Toxoplasma gondii family C protein,0.6275180215886182,,
TGME49_259690,orotidine-5-phosphate decarboxylase/orotate phosphoribosyltransferase,TGME49_259660,orotate phosphoribosyltransferase,0.6275171480103481,cytosol,cytosol
TGME49_315345,SAG-related sequence SRS52F,TGME49_315340,SAG-related sequence SRS52C,0.6265531832011588,,
TGME49_267130,SAG-related sequence SRS38A,TGME49_292275,SAG-related sequence SRS36E,0.626289838238071,PM - peripheral 1,
TGME49_300990,Toxoplasma gondii family C protein,TGME49_200590,Toxoplasma gondii family C protein,0.6262704791106787,,
TGME49_308090,rhoptry protein ROP5,TGME49_308093,rhoptry kinase family protein (incomplete catalytic triad),0.6262391327660664,rhoptries 1,dense granules
TGME49_258550,SAG-related sequence SRS28,TGME49_315330,SAG-related sequence SRS52D,0.626154910465013,,
TGME49_322000,myosin-light-chain kinase,TGME49_322130,hypothetical protein,0.625740295826779,rhoptries 2,
TGME49_301150,SAG-related sequence SRS19B,TGME49_315740,SAG-related sequence SRS54,0.6244383165425873,PM - peripheral 1,PM - peripheral 1
TGME49_500218,Toxoplasma gondii family C protein,TGME49_200700,Toxoplasma gondii family C protein,0.6241290647557936,,
TGME49_315400,SAG-related sequence SRS53D,TGME49_258550,SAG-related sequence SRS28,0.6238819221232201,,
TGME49_228780,Toxoplasma gondii family C protein,TGME49_292610,Toxoplasma gondii family C protein,0.6236728681066617,,
TGME49_320170,SAG-related sequence SRS16E,TGME49_315740,SAG-related sequence SRS54,0.623393161719763,PM - peripheral 1,PM - peripheral 1
TGME49_320200,SAG-related sequence SRS16A,TGME49_295600,SAG-related sequence SRS10,0.6233435966491069,PM - peripheral 1,
TGME49_223970,"translation elongation and release factors (gtpases), putative",TGME49_260170,"elongation factor EF-G, putative",0.623233644443371,PM - peripheral 2,mitochondrion - soluble
TGME49_500199,SAG-related sequence,TGME49_275370,SAG-related sequence SRS47C,0.6225581555894553,,PM - peripheral 1
TGME49_242240,rhoptry kinase family protein ROP19A,TGME49_322130,hypothetical protein,0.6223598563873394,,
TGME49_242240,rhoptry kinase family protein ROP19A,TGME49_322000,myosin-light-chain kinase,0.6221074227041044,,rhoptries 2
TGME49_301140,SAG-related sequence SRS19A,TGME49_320200,SAG-related sequence SRS16A,0.6220930484196264,,PM - peripheral 1
TGME49_306080,"ATP-dependent DNA helicase, RecQ family protein",TGME49_316300,"ATP-dependent DNA helicase, RecQ family protein",0.6216735506143589,,nucleus - chromatin
TGME49_500199,SAG-related sequence,TGME49_275355,SAG-related sequence SRS47A,0.6213440333933593,,
TGME49_278390,Toxoplasma gondii family A protein,TGME49_278365,Toxoplasma gondii family A protein,0.620638188894715,,PM - peripheral 1
TGME49_253150,hypothetical protein,TGME49_213340,GMC oxidoreductase,0.6205301222739767,,
TGME49_312110,apicoplast-associated thioredoxin family protein Atrx1,TGME49_225060,nucleoredoxin family protein,0.6203285907732086,apicoplast,nucleus - chromatin
TGME49_320230,SAG-related sequence SRS15C,TGME49_315740,SAG-related sequence SRS54,0.6201714344732798,PM - peripheral 1,PM - peripheral 1
TGME49_275360,SAG-related sequence SRS47B,TGME49_208850,SAG-related sequence SRS11,0.6199342894925839,,PM - peripheral 1
TGME49_224770,SAG-related sequence SRS40D,TGME49_272560,SAG-related sequence SRS31B,0.6196401070232852,,
TGME49_220440,cyclin-dependent kinase regulatory subunit protein,TGME49_219100,cyclin-dependent kinase regulatory subunit protein,0.6195359819199935,,
TGME49_307045,Toxoplasma gondii family B protein,TGME49_244920,Toxoplasma gondii family B protein,0.6194881212175959,,
TGME49_295935,KRUF family protein,TGME49_500174,KRUF family protein,0.6192608281945896,,
TGME49_278100,Toxoplasma gondii family A protein,TGME49_278365,Toxoplasma gondii family A protein,0.6190622124135936,PM - peripheral 1,PM - peripheral 1
TGME49_267140,SAG-related sequence SRS38B,TGME49_292280,SAG-related sequence SRS36D,0.6185247038309537,PM - peripheral 1,PM - peripheral 1
TGME49_301170,SAG-related sequence SRS19D,TGME49_292280,SAG-related sequence SRS36D,0.6185102823280964,PM - peripheral 1,PM - peripheral 1
TGME49_239600,rhoptry kinase family protein ROP23 (incomplete catalytic triad),TGME49_296000,rhoptry kinase family protein ROP2L12,0.6180197043239972,,
TGME49_302050,"elongation factor tu, apicoplast, putative",TGME49_302060,"elongation factor tu, apicoplast, putative",0.6176370266316553,apicoplast,
TGME49_315740,SAG-related sequence SRS54,TGME49_301170,SAG-related sequence SRS19D,0.6174383729930832,PM - peripheral 1,PM - peripheral 1
TGME49_254060,SAG-related sequence SRS14A,TGME49_271040,hypothetical protein,0.6165679584799072,PM - peripheral 1,
TGME49_298090,Toxoplasma gondii family B protein,TGME49_244920,Toxoplasma gondii family B protein,0.6161889913172336,,
TGME49_253150,hypothetical protein,TGME49_244850,GMC oxidoreductase,0.616011440039707,,
TGME49_250670,hypothetical protein,TGME49_250220,hypothetical protein,0.6159091327767239,,
TGME49_212880,centrosomal protein CEP250,TGME49_306490,rhoptry apical surface protein RASP3,0.615852314778295,nucleus - chromatin,
TGME49_315370,SAG-related sequence SRS53A,TGME49_315340,SAG-related sequence SRS52C,0.6156601257888601,,
TGME49_200130,Toxoplasma gondii family C protein,TGME49_200590,Toxoplasma gondii family C protein,0.6154951238098018,,
TGME49_234930,SAG-related sequence SRS43,TGME49_267150,SAG-related sequence SRS38C,0.6148581806080453,PM - peripheral 1,endomembrane vesicles
TGME49_301160,SAG-related sequence SRS19C,TGME49_267130,SAG-related sequence SRS38A,0.6147045341247817,PM - peripheral 1,PM - peripheral 1
TGME49_243250,myosin H,TGME49_255190,"myosin C, myosin B",0.614551208851349,apical 2,IMC
TGME49_301170,SAG-related sequence SRS19D,TGME49_267150,SAG-related sequence SRS38C,0.6138397895615912,PM - peripheral 1,endomembrane vesicles
TGME49_301160,SAG-related sequence SRS19C,TGME49_321490,SAG-related sequence SRS12A,0.6127920856023334,PM - peripheral 1,
TGME49_309980,dynein heavy chain family protein,TGME49_500072,"dynein heavy chain, putative",0.6124938463940064,,
TGME49_224760,SAG-related sequence SRS40E,TGME49_267150,SAG-related sequence SRS38C,0.6124155806969958,,endomembrane vesicles
TGME49_301170,SAG-related sequence SRS19D,TGME49_292270,SAG-related sequence SRS36C,0.6123877997547074,PM - peripheral 1,
TGME49_250115,hypothetical protein,TGME49_287470,hypothetical protein,0.611747141676167,,
TGME49_298960,Toxoplasma gondii family C protein,TGME49_321170,Toxoplasma gondii family C protein,0.6114857736903799,,
TGME49_234930,SAG-related sequence SRS43,TGME49_292260,SAG-related sequence SRS36B,0.6113346974795877,PM - peripheral 1,PM - peripheral 1
TGME49_295600,SAG-related sequence SRS10,TGME49_328700,hypothetical protein,0.6109787390813493,,
TGME49_301140,SAG-related sequence SRS19A,TGME49_267130,SAG-related sequence SRS38A,0.6107161556483326,,PM - peripheral 1
TGME49_259920,"GTP-binding protein, putative",TGME49_260210,DnaJ domain-containing protein,0.6106877928242291,,
TGME49_308093,rhoptry kinase family protein (incomplete catalytic triad),TGME49_295105,"rhoptry protein, putative",0.6101513487266607,dense granules,
TGME49_296231,hypothetical protein,TGME49_250500,hypothetical protein,0.6093469575185878,,
TGME49_320180,SAG-related sequence SRS16C,TGME49_308020,SAG-related sequence SRS57,0.609157914571296,PM - peripheral 1,PM - peripheral 1
TGME49_224750,SAG-related sequence SRS40F,TGME49_267130,SAG-related sequence SRS38A,0.6084731330655109,,PM - peripheral 1
TGME49_242118,myosin-light-chain kinase,TGME49_500375,rhoptry kinase family protein,0.6082554286470172,rhoptries 2,
TGME49_321480,SAG-related sequence SRS12B,TGME49_292280,SAG-related sequence SRS36D,0.6081591448661033,PM - peripheral 1,PM - peripheral 1
TGME49_252190,KRUF family protein,TGME49_323010,hypothetical protein,0.6081425712116062,,
TGME49_242100,rhoptry kinase family protein,TGME49_242230,rhoptry kinase family protein ROP29,0.6080923620647904,,
TGME49_307480,Toxoplasma gondii family B protein,TGME49_244920,Toxoplasma gondii family B protein,0.6071937705527836,,
TGME49_237893,hypothetical protein,TGME49_287235,hypothetical protein,0.6071386407217392,,
TGME49_320180,SAG-related sequence SRS16C,TGME49_301160,SAG-related sequence SRS19C,0.607080712919511,PM - peripheral 1,PM - peripheral 1
TGME49_211350,CBS domain-containing protein,TGME49_307580,CBS domain-containing protein,0.6069752721970008,Golgi,
TGME49_267130,SAG-related sequence SRS38A,TGME49_301170,SAG-related sequence SRS19D,0.6069227860938815,PM - peripheral 1,PM - peripheral 1
TGME49_260310,ATP-binding cassette transporter ABC.B1,TGME49_316320,ABC transporter transmembrane region domain-containing protein,0.6066954523037038,PM - integral,
TGME49_289000,hypothetical protein,TGME49_324700,hypothetical protein,0.6061815219191564,apicoplast,
TGME49_320190,SAG-related sequence SRS16B,TGME49_321480,SAG-related sequence SRS12B,0.6059554873292323,PM - peripheral 1,PM - peripheral 1
TGME49_500375,rhoptry kinase family protein,TGME49_322000,myosin-light-chain kinase,0.6057381703127549,,rhoptries 2
TGME49_247760,"acyl-CoA synthetase ACS5, putative",TGME49_243800,"acyl-CoA synthetase ACS4, putative",0.6054647311882679,cytosol,cytosol
TGME49_318750,deoxyribose-phosphate aldolase,TGME49_270650,deoxyribose-phosphate aldolase,0.6052561152370746,cytosol,
TGME49_315740,SAG-related sequence SRS54,TGME49_292280,SAG-related sequence SRS36D,0.6046059239676569,PM - peripheral 1,PM - peripheral 1
TGME49_500174,KRUF family protein,TGME49_252070,KRUF family protein,0.6043345703891392,,
TGME49_500255,"hypothetical protein, conserved",TGME49_230480,hypothetical protein,0.6042362752179002,,PM - integral
TGME49_320770,Toxoplasma gondii family B protein,TGME49_274290,Toxoplasma gondii family B protein,0.6041474533791336,,
TGME49_217430,protease inhibitor PI1,TGME49_246130,serpin (serine proteinase inhibitor) superfamily protein,0.6026916605453483,cytosol,dense granules
TGME49_206590,calcium-dependent protein kinase CDPK2A,TGME49_225490,calcium-dependent protein kinase CDPK2,0.6026022604284891,nucleus - chromatin,
TGME49_315740,SAG-related sequence SRS54,TGME49_267160,SAG-related sequence SRS38D,0.6021396736149651,PM - peripheral 1,
TGME49_220630,hypothetical protein,TGME49_296231,hypothetical protein,0.6018910795660724,,
TGME49_245760,hypothetical protein,TGME49_287460,hypothetical protein,0.6016061700292348,,
TGME49_220630,hypothetical protein,TGME49_245980,hypothetical protein,0.6013917703722194,,
TGME49_278390,Toxoplasma gondii family A protein,TGME49_278400,Toxoplasma gondii family A protein,0.6008120060808545,,
TGME49_267160,SAG-related sequence SRS38D,TGME49_321490,SAG-related sequence SRS12A,0.60074369246191,,
TGME49_278350,Toxoplasma gondii family A protein,TGME49_278100,Toxoplasma gondii family A protein,0.6004010162008091,,PM - peripheral 1
TGME49_261580,histone H2AX,TGME49_261250,histone H2A1,0.6003584730974163,nucleus - chromatin,nucleus - chromatin
TGME49_301180,SAG-related sequence SRS19F,TGME49_267160,SAG-related sequence SRS38D,0.600313927792302,PM - peripheral 1,
TGME49_250115,hypothetical protein,TGME49_245980,hypothetical protein,0.5997831944830732,,
TGME49_295105,"rhoptry protein, putative",TGME49_296015,rhoptry kinase family protein,0.5994721506858427,,
TGME49_295110,rhoptry protein ROP7,TGME49_295105,"rhoptry protein, putative",0.5991237026462051,rhoptries 1,
TGME49_250950,KRUF family protein,TGME49_323020,KRUF family protein,0.5988351146583134,,
TGME49_267160,SAG-related sequence SRS38D,TGME49_292275,SAG-related sequence SRS36E,0.5985847971315867,,
TGME49_280810,hypothetical protein,TGME49_298820,hypothetical protein,0.5984615577477592,,
TGME49_321470,SAG-related sequence SRS12D,TGME49_301170,SAG-related sequence SRS19D,0.5982256326302332,,PM - peripheral 1
TGME49_220640,hypothetical protein,TGME49_287430,hypothetical protein,0.598013622835348,,
TGME49_500202,"DEAD/DEAH box helicase, putative",TGME49_500134,"RNA binding protein, putative",0.5975766990166196,nucleus - non-chromatin,
TGME49_301160,SAG-related sequence SRS19C,TGME49_267150,SAG-related sequence SRS38C,0.5966884161152117,PM - peripheral 1,endomembrane vesicles
TGME49_298060,Toxoplasma gondii family C protein,TGME49_500218,Toxoplasma gondii family C protein,0.5966321521976536,,
TGME49_209960,glycosyltransferase,TGME49_316520,"1,4-alpha-glucan-branching enzyme",0.596250145738842,cytosol,cytosol
TGME49_313910,RNA recognition motif 2 protein,TGME49_299030,RNA recognition motif 2 protein,0.5961437699333125,nucleus - non-chromatin,nucleus - non-chromatin
TGME49_321490,SAG-related sequence SRS12A,TGME49_267150,SAG-related sequence SRS38C,0.5960303970616954,,endomembrane vesicles
TGME49_298960,Toxoplasma gondii family C protein,TGME49_329400,Toxoplasma gondii family C protein,0.5959674284277867,,
TGME49_242240,rhoptry kinase family protein ROP19A,TGME49_242250,Protein kinase domain-containing protein [Source:UniProtKB/TrEMBL;Acc:S8F3P2],0.5957875618713324,,
TGME49_298980,RNA pseudouridine synthase superfamily protein,TGME49_263400,hypothetical protein,0.5957461890029663,,nucleus - chromatin
TGME49_219348,SAG-related sequence SRS55M,TGME49_208850,SAG-related sequence SRS11,0.5955104705444373,,PM - peripheral 1
TGME49_312280,"pre-mRNA-splicing factor ATP-dependent RNA helicase, putative",TGME49_263650,"pre-mRNA-processing protein 8, putative",0.5951912681576104,nucleus - non-chromatin,nucleus - non-chromatin
TGME49_329800,hypothetical protein,TGME49_284420,hypothetical protein,0.5950186026425759,,
TGME49_235920,"dynein, axonemal, heavy chain 2 family protein",TGME49_203135,dynein heavy chain family protein,0.594863291714828,,
TGME49_267150,SAG-related sequence SRS38C,TGME49_292270,SAG-related sequence SRS36C,0.5948535004547786,endomembrane vesicles,
TGME49_500174,KRUF family protein,TGME49_323010,hypothetical protein,0.5946888795153387,,
TGME49_278390,Toxoplasma gondii family A protein,TGME49_278070,Toxoplasma gondii family A protein,0.5937393935636324,,
TGME49_296121,hypothetical protein,TGME49_250500,hypothetical protein,0.5936259327962365,,
TGME49_266330,Toxoplasma gondii family A protein,TGME49_278100,Toxoplasma gondii family A protein,0.5934947499125759,,PM - peripheral 1
TGME49_287280,Toxoplasma gondii family C protein,TGME49_200590,Toxoplasma gondii family C protein,0.593419314348276,,
TGME49_278100,Toxoplasma gondii family A protein,TGME49_243190,Toxoplasma gondii family A protein,0.5929863827324884,PM - peripheral 1,
TGME49_276230,Toxoplasma gondii family B protein,TGME49_299570,Toxoplasma gondii family B protein,0.5924813626460836,,
TGME49_220080,Toxoplasma gondii family C protein,TGME49_321170,Toxoplasma gondii family C protein,0.5924598159876717,,
TGME49_250220,hypothetical protein,TGME49_287440,hypothetical protein,0.5923763702389415,,
TGME49_320200,SAG-related sequence SRS16A,TGME49_267160,SAG-related sequence SRS38D,0.5922198367346847,PM - peripheral 1,
TGME49_250220,hypothetical protein,TGME49_287430,hypothetical protein,0.5921688349381806,,
TGME49_500435,HECT-domain (ubiquitin-transferase) -containing protein,TGME49_500053,"hypothetical protein, conserved",0.5921459458430443,nucleus - chromatin,
TGME49_272560,SAG-related sequence SRS31B,TGME49_328700,hypothetical protein,0.5913245847530781,,
TGME49_207760,DnaJ C terminal region domain-containing protein,TGME49_253650,DnaJ C terminal region domain-containing protein,0.5911493218660238,mitochondrion - soluble,apicoplast
TGME49_500227,"dynein heavy chain, putative",TGME49_286932,ATPase family associated with various cellular activities (AAA) domain-containing protein,0.5910717066179957,,
TGME49_320200,SAG-related sequence SRS16A,TGME49_321490,SAG-related sequence SRS12A,0.5910694098235347,PM - peripheral 1,
TGME49_316780,hypothetical protein,TGME49_287235,hypothetical protein,0.5908508424957442,,
TGME49_315730,apical membrane antigen AMA3,TGME49_300130,apical membrane antigen AMA2,0.5902055389942078,,
TGME49_219660,hypothetical protein,TGME49_325100,hypothetical protein,0.589802994042788,,
TGME49_224790,SAG-related sequence SRS40A,TGME49_292275,SAG-related sequence SRS36E,0.5894776384569547,,
TGME49_299030,RNA recognition motif 2 protein,TGME49_223930,RNA recognition motif-containing protein,0.5891567770993897,nucleus - non-chromatin,nucleus - non-chromatin
TGME49_264225,Toxoplasma gondii family B protein,TGME49_244920,Toxoplasma gondii family B protein,0.5889861926043953,,
TGME49_276230,Toxoplasma gondii family B protein,TGME49_279460,Toxoplasma gondii family B protein,0.5886902719011329,,
TGME49_305180,Na+/H+ exchanger NHE3,TGME49_263480,sodium/hydrogen exchanger 3 protein,0.5883248210270127,Golgi,PM - integral
TGME49_307260,Toxoplasma gondii family C protein,TGME49_200700,Toxoplasma gondii family C protein,0.5880184922502476,,
TGME49_309330,SAG-related sequence SRS55F,TGME49_254060,SAG-related sequence SRS14A,0.5876536244066275,,PM - peripheral 1
TGME49_246070,SAG-related sequence SRS56,TGME49_207130,SAG-related sequence SRS49A,0.5869440480430705,,
TGME49_306870,hypothetical protein,TGME49_244920,Toxoplasma gondii family B protein,0.5868192496342666,,
TGME49_267160,SAG-related sequence SRS38D,TGME49_292270,SAG-related sequence SRS36C,0.5861138637067914,,
TGME49_220080,Toxoplasma gondii family C protein,TGME49_287280,Toxoplasma gondii family C protein,0.5858789963412165,,
TGME49_320230,SAG-related sequence SRS15C,TGME49_234930,SAG-related sequence SRS43,0.5858229869489703,PM - peripheral 1,PM - peripheral 1
TGME49_230830,ATPase family associated with various cellular activities (AAA) domain-containing protein,TGME49_286932,ATPase family associated with various cellular activities (AAA) domain-containing protein,0.58579121676726,,
TGME49_245980,hypothetical protein,TGME49_287470,hypothetical protein,0.585245000189234,,
TGME49_207005,SAG-related sequence SRS48Q,TGME49_285860,SAG-related sequence SRS20C,0.5849201591390069,,PM - peripheral 1
TGME49_288530,NOL1/NOP2/sun family protein,TGME49_213970,"ribosomal RNA small subunit methyltransferase B, putative",0.5848440612360292,nucleus - non-chromatin,
TGME49_239600,rhoptry kinase family protein ROP23 (incomplete catalytic triad),TGME49_295105,"rhoptry protein, putative",0.5848248257212513,,
TGME49_309330,SAG-related sequence SRS55F,TGME49_275370,SAG-related sequence SRS47C,0.5833245613298105,,PM - peripheral 1
TGME49_243250,myosin H,TGME49_263180,myosin D,0.5831219066441005,apical 2,PM - peripheral 1
TGME49_224770,SAG-related sequence SRS40D,TGME49_273120,SAG-related sequence SRS30C,0.5831100331865048,,PM - peripheral 1
TGME49_294550,dynein heavy chain,TGME49_286932,ATPase family associated with various cellular activities (AAA) domain-containing protein,0.583108362385323,nucleus - chromatin,
TGME49_308090,rhoptry protein ROP5,TGME49_215785,rhoptry protein ROP2A,0.5830268088183329,rhoptries 1,rhoptries 1
TGME49_321470,SAG-related sequence SRS12D,TGME49_301160,SAG-related sequence SRS19C,0.5830089845194298,,PM - peripheral 1
TGME49_207080,histone lysine acetyltransferase MYST-B,TGME49_318330,histone lysine acetyltransferase MYST-A,0.5827377076027964,nucleus - chromatin,nucleus - chromatin
TGME49_275380,SAG-related sequence SRS47D,TGME49_208850,SAG-related sequence SRS11,0.581864301623597,,PM - peripheral 1
TGME49_320200,SAG-related sequence SRS16A,TGME49_224750,SAG-related sequence SRS40F,0.5818226838892362,PM - peripheral 1,
TGME49_220630,hypothetical protein,TGME49_250500,hypothetical protein,0.5817197403755088,,
TGME49_224750,SAG-related sequence SRS40F,TGME49_292275,SAG-related sequence SRS36E,0.5814372450147675,,
TGME49_203390,CRAL/TRIO domain-containing protein,TGME49_246330,CRAL/TRIO domain-containing protein,0.5807517734069638,nucleus - chromatin,cytosol
TGME49_276930,"IMP1-like protein, putative",TGME49_227030,"IMP1-like protein, putative",0.5806955647215891,nucleus - chromatin,nucleus - chromatin
TGME49_309980,dynein heavy chain family protein,TGME49_235920,"dynein, axonemal, heavy chain 2 family protein",0.5802624318259029,,
TGME49_234930,SAG-related sequence SRS43,TGME49_292280,SAG-related sequence SRS36D,0.5802380929110844,PM - peripheral 1,PM - peripheral 1
TGME49_237120,hypothetical protein,TGME49_322600,cytochrome c oxidase subunit iii subfamily protein,0.5800348090512051,,
TGME49_301140,SAG-related sequence SRS19A,TGME49_321480,SAG-related sequence SRS12B,0.5799535515217283,,PM - peripheral 1
TGME49_278100,Toxoplasma gondii family A protein,TGME49_278300,Toxoplasma gondii family A protein,0.5796511641848319,PM - peripheral 1,
TGME49_244920,Toxoplasma gondii family B protein,TGME49_279460,Toxoplasma gondii family B protein,0.5795113355574496,,
TGME49_224780,SAG-related sequence SRS40B [Source:UniProtKB/TrEMBL;Acc:S8EU84],TGME49_328700,hypothetical protein,0.5792840822778549,,
TGME49_286720,heat shock protein HSP28,TGME49_289600,heat shock protein HSP29,0.5792815265668452,mitochondrion - membranes,cytosol
TGME49_273110,SAG-related sequence SRS30D,TGME49_315740,SAG-related sequence SRS54,0.5790998078655332,,PM - peripheral 1
TGME49_215775,rhoptry protein ROP8,TGME49_308093,rhoptry kinase family protein (incomplete catalytic triad),0.5790091471895231,rhoptries 1,dense granules
TGME49_323200,OTU family cysteine protease,TGME49_287235,hypothetical protein,0.5789328412702194,,
TGME49_267130,SAG-related sequence SRS38A,TGME49_321490,SAG-related sequence SRS12A,0.5785360830844236,PM - peripheral 1,
TGME49_278340,Toxoplasma gondii family A protein,TGME49_278100,Toxoplasma gondii family A protein,0.5778538991776012,,PM - peripheral 1
TGME49_276230,Toxoplasma gondii family B protein,TGME49_295300,Toxoplasma gondii family B protein,0.5778369821241096,,
TGME49_301140,SAG-related sequence SRS19A,TGME49_224770,SAG-related sequence SRS40D,0.5774015009839863,,
TGME49_320770,Toxoplasma gondii family B protein,TGME49_244920,Toxoplasma gondii family B protein,0.5770023158343536,,
TGME49_298090,Toxoplasma gondii family B protein,TGME49_276230,Toxoplasma gondii family B protein,0.5761300801031659,,
TGME49_500095,"hypothetical protein, conserved",TGME49_280570,SAG-related sequence SRS35A,0.5759951777300989,,
TGME49_320230,SAG-related sequence SRS15C,TGME49_267140,SAG-related sequence SRS38B,0.5759232760189944,PM - peripheral 1,PM - peripheral 1
TGME49_227430,amino acid transporter AAT2,TGME49_227580,amino acid transporter AAT4,0.5759174364380064,,
TGME49_273120,SAG-related sequence SRS30C,TGME49_292280,SAG-related sequence SRS36D,0.575458963921446,PM - peripheral 1,PM - peripheral 1
TGME49_500295,Toxoplasma gondii family B protein,TGME49_274290,Toxoplasma gondii family B protein,0.575248246275297,,
TGME49_278390,Toxoplasma gondii family A protein,TGME49_243190,Toxoplasma gondii family A protein,0.575176871514296,,
TGME49_200480,Toxoplasma gondii family B protein,TGME49_244920,Toxoplasma gondii family B protein,0.5748559131847236,,
TGME49_315400,SAG-related sequence SRS53D,TGME49_315410,SAG-related sequence SRS53F,0.5743283273483906,,PM - peripheral 1
TGME49_242250,Protein kinase domain-containing protein [Source:UniProtKB/TrEMBL;Acc:S8F3P2],TGME49_322000,myosin-light-chain kinase,0.5739668714045585,,rhoptries 2
TGME49_224750,SAG-related sequence SRS40F,TGME49_267150,SAG-related sequence SRS38C,0.5738235642460832,,endomembrane vesicles
TGME49_243190,Toxoplasma gondii family A protein,TGME49_278070,Toxoplasma gondii family A protein,0.5736419332114981,,
TGME49_301150,SAG-related sequence SRS19B,TGME49_234930,SAG-related sequence SRS43,0.5733415470651269,PM - peripheral 1,PM - peripheral 1
TGME49_267130,SAG-related sequence SRS38A,TGME49_292250,SAG-related sequence SRS36A,0.5729029189394934,PM - peripheral 1,
TGME49_298960,Toxoplasma gondii family C protein,TGME49_292610,Toxoplasma gondii family C protein,0.5726836284585961,,
TGME49_273130,SAG-related sequence SRS30A,TGME49_308840,SAG-related sequence SRS51,0.5724778415154597,PM - peripheral 1,PM - peripheral 1
TGME49_294550,dynein heavy chain,TGME49_500072,"dynein heavy chain, putative",0.5724067722539279,nucleus - chromatin,
TGME49_224760,SAG-related sequence SRS40E,TGME49_301160,SAG-related sequence SRS19C,0.5723427821594329,,PM - peripheral 1
TGME49_301170,SAG-related sequence SRS19D,TGME49_273130,SAG-related sequence SRS30A,0.5716795440946123,PM - peripheral 1,PM - peripheral 1
TGME49_320170,SAG-related sequence SRS16E,TGME49_234930,SAG-related sequence SRS43,0.5716093149242134,PM - peripheral 1,PM - peripheral 1
TGME49_250670,hypothetical protein,TGME49_245770,hypothetical protein,0.5713157620681864,,
TGME49_273110,SAG-related sequence SRS30D,TGME49_292270,SAG-related sequence SRS36C,0.5712995891490902,,
TGME49_287280,Toxoplasma gondii family C protein,TGME49_329400,Toxoplasma gondii family C protein,0.5712291419798017,,
TGME49_500227,"dynein heavy chain, putative",TGME49_235920,"dynein, axonemal, heavy chain 2 family protein",0.5712081371763621,,
TGME49_320170,SAG-related sequence SRS16E,TGME49_267140,SAG-related sequence SRS38B,0.5712005844596818,PM - peripheral 1,PM - peripheral 1
TGME49_242100,rhoptry kinase family protein,TGME49_500375,rhoptry kinase family protein,0.5706699264369954,,
TGME49_252360,rhoptry kinase family protein ROP24 (incomplete catalytic triad),TGME49_295105,"rhoptry protein, putative",0.5706152158691576,rhoptries 1,
TGME49_290840,serine protease,TGME49_277850,trypsin domain-containing protein,0.5706040857656629,mitochondrion - soluble,nucleus - non-chromatin
TGME49_295110,rhoptry protein ROP7,TGME49_295125,rhoptry protein ROP4,0.569692327918084,rhoptries 1,rhoptries 1
TGME49_245770,hypothetical protein,TGME49_250500,hypothetical protein,0.5692686802012854,,
TGME49_254060,SAG-related sequence SRS14A,TGME49_309300,SAG-related sequence SRS55A,0.569103603829368,PM - peripheral 1,
TGME49_307045,Toxoplasma gondii family B protein,TGME49_274290,Toxoplasma gondii family B protein,0.5688406356067888,,
TGME49_273110,SAG-related sequence SRS30D,TGME49_321480,SAG-related sequence SRS12B,0.5683024919984928,,PM - peripheral 1
TGME49_320180,SAG-related sequence SRS16C,TGME49_273130,SAG-related sequence SRS30A,0.56771962126593,PM - peripheral 1,PM - peripheral 1
TGME49_312230,"DNA topoisomerase 2, putative",TGME49_297780,DNA gyrase subunit B,0.5676738736351055,nucleus - chromatin,apicoplast
TGME49_224350,aminopeptidase N2,TGME49_224460,aminopeptidase N3,0.5676099075111546,cytosol,dense granules
TGME49_202770,RNA recognition motif-containing protein,TGME49_321630,RNA recognition motif-containing protein,0.567503641922942,nucleus - non-chromatin,nucleus - chromatin
TGME49_273110,SAG-related sequence SRS30D,TGME49_234930,SAG-related sequence SRS43,0.567289932975092,,PM - peripheral 1
TGME49_306230,hypothetical protein,TGME49_500402,"hypothetical protein, conserved",0.567004893950184,,
TGME49_283450,Toxoplasma gondii family B protein,TGME49_307045,Toxoplasma gondii family B protein,0.56691285022754,,
TGME49_241610,dense granule protein GRA21,TGME49_241310,hypothetical protein,0.566861018525189,,
TGME49_243120,Toxoplasma gondii family A protein,TGME49_278100,Toxoplasma gondii family A protein,0.5660445145021266,,PM - peripheral 1
TGME49_220950,hypothetical protein,TGME49_323110,hypothetical protein,0.5658280547363177,dense granules,dense granules
TGME49_210600,KRUF family protein,TGME49_252065,KRUF family protein,0.565711573553809,,
TGME49_278100,Toxoplasma gondii family A protein,TGME49_268270,hypothetical protein,0.5656131107292374,PM - peripheral 1,
TGME49_224790,SAG-related sequence SRS40A,TGME49_321480,SAG-related sequence SRS12B,0.5655785021594038,,PM - peripheral 1
TGME49_320190,SAG-related sequence SRS16B,TGME49_267130,SAG-related sequence SRS38A,0.5652174488319643,PM - peripheral 1,PM - peripheral 1
TGME49_500026,Toxoplasma gondii family B protein,TGME49_301890,Toxoplasma gondii family B protein,0.5652035395492003,,
TGME49_295300,Toxoplasma gondii family B protein,TGME49_274290,Toxoplasma gondii family B protein,0.5648831302322315,,
TGME49_220440,cyclin-dependent kinase regulatory subunit protein,TGME49_500228,"30S ribosomal protein S10, putative",0.5647967966368496,,
TGME49_268270,hypothetical protein,TGME49_278400,Toxoplasma gondii family A protein,0.5647751655584601,,
TGME49_244920,Toxoplasma gondii family B protein,TGME49_274290,Toxoplasma gondii family B protein,0.5647373564791109,,
TGME49_242320,preconoidal ring protein PCR5,TGME49_201220,preconoidal ring protein PCR4,0.5646817343867649,mitochondrion - soluble,
TGME49_500072,"dynein heavy chain, putative",TGME49_286932,ATPase family associated with various cellular activities (AAA) domain-containing protein,0.5645742381327328,,
TGME49_500174,KRUF family protein,TGME49_252190,KRUF family protein,0.5641036008621421,,
TGME49_320170,SAG-related sequence SRS16E,TGME49_267130,SAG-related sequence SRS38A,0.5637983922400519,PM - peripheral 1,PM - peripheral 1
TGME49_307460,Toxoplasma gondii family B protein,TGME49_299570,Toxoplasma gondii family B protein,0.5637417710581071,,
TGME49_252500,polo kinase,TGME49_296015,rhoptry kinase family protein,0.5630456759204174,rhoptries 1,
TGME49_252500,polo kinase,TGME49_215775,rhoptry protein ROP8,0.5627240492299652,rhoptries 1,rhoptries 1
TGME49_243190,Toxoplasma gondii family A protein,TGME49_266335,Toxoplasma gondii family A protein,0.5626210134026701,,
TGME49_278370,Toxoplasma gondii family A protein,TGME49_278070,Toxoplasma gondii family A protein,0.5624287271728081,,
TGME49_224760,SAG-related sequence SRS40E,TGME49_292275,SAG-related sequence SRS36E,0.5621801391189734,,
TGME49_319530,serine/arginine-rich splicing factor SR1,TGME49_217540,serine/arginine-rich splicing factor SR2,0.5620681043228157,nucleus - non-chromatin,nucleus - non-chromatin
TGME49_205250,rhoptry protein ROP18,TGME49_296015,rhoptry kinase family protein,0.5617907453535071,rhoptries 1,
TGME49_250780,Zn-finger in ubiquitin-hydrolases domain-containing protein,TGME49_232510,RING zinc finger protein,0.5612506697680837,,
TGME49_230830,ATPase family associated with various cellular activities (AAA) domain-containing protein,TGME49_235920,"dynein, axonemal, heavy chain 2 family protein",0.56078617343656,,
TGME49_309300,SAG-related sequence SRS55A,TGME49_285860,SAG-related sequence SRS20C,0.560779054988229,,PM - peripheral 1
TGME49_200590,Toxoplasma gondii family C protein,TGME49_200700,Toxoplasma gondii family C protein,0.5604900028061995,,
TGME49_207010,SAG-related sequence SRS48K,TGME49_285860,SAG-related sequence SRS20C,0.5604024083259616,,PM - peripheral 1
TGME49_297245,apicoplast monocarboxylate transporter AMT2,TGME49_233540,apicoplast monocarboxylate transporter AMT1,0.560162744381082,PM - integral,PM - integral
TGME49_220080,Toxoplasma gondii family C protein,TGME49_500184,Toxoplasma gondii family C protein,0.5601075178190087,,
TGME49_301160,SAG-related sequence SRS19C,TGME49_267140,SAG-related sequence SRS38B,0.5591970051310301,PM - peripheral 1,PM - peripheral 1
TGME49_243170,Toxoplasma gondii family A protein,TGME49_278100,Toxoplasma gondii family A protein,0.5588859627100367,,PM - peripheral 1
TGME49_202880,carrier superfamily protein,TGME49_228680,mitochondrial carrier superfamily protein,0.5587761740378342,,
TGME49_301150,SAG-related sequence SRS19B,TGME49_301180,SAG-related sequence SRS19F,0.5586997069076277,PM - peripheral 1,PM - peripheral 1
TGME49_298060,Toxoplasma gondii family C protein,TGME49_500184,Toxoplasma gondii family C protein,0.5586577596863083,,
TGME49_243170,Toxoplasma gondii family A protein,TGME49_278390,Toxoplasma gondii family A protein,0.5585879533529289,,
TGME49_294820,"type I fatty acid synthase, putative",TGME49_204560,"type I fatty acid synthase, putative",0.5582944104723313,,
TGME49_287470,hypothetical protein,TGME49_220650,hypothetical protein,0.5581932793535198,,
TGME49_267980,hypothetical protein,TGME49_267990,hypothetical protein,0.5581296495803322,,
TGME49_242240,rhoptry kinase family protein ROP19A,TGME49_322020,hypothetical protein,0.5578644199064926,,
TGME49_320180,SAG-related sequence SRS16C,TGME49_320200,SAG-related sequence SRS16A,0.5578593091087689,PM - peripheral 1,PM - peripheral 1
TGME49_252465,radical SAM domain-containing protein,TGME49_209790,radical SAM domain-containing protein,0.5573505002346681,,mitochondrion - soluble
TGME49_500295,Toxoplasma gondii family B protein,TGME49_276230,Toxoplasma gondii family B protein,0.5572644880315429,,
TGME49_243190,Toxoplasma gondii family A protein,TGME49_278300,Toxoplasma gondii family A protein,0.5570652945866614,,
TGME49_246070,SAG-related sequence SRS56,TGME49_207140,SAG-related sequence SRS49B,0.5564915021040405,,PM - peripheral 1
TGME49_301160,SAG-related sequence SRS19C,TGME49_315740,SAG-related sequence SRS54,0.5559485132891382,PM - peripheral 1,PM - peripheral 1
TGME49_267130,SAG-related sequence SRS38A,TGME49_267150,SAG-related sequence SRS38C,0.5557093073397634,PM - peripheral 1,endomembrane vesicles
TGME49_297650,inorganic phosphate transporter PIT,TGME49_219320,gliding-associated protein GAP50,0.5554134959289396,Golgi,IMC
TGME49_224770,SAG-related sequence SRS40D,TGME49_295600,SAG-related sequence SRS10,0.5552936816299385,,
TGME49_258550,SAG-related sequence SRS28,TGME49_315345,SAG-related sequence SRS52F,0.5552413296673477,,
TGME49_219650,"transporter, small conductance mechanosensitive ion channel (MscS) family protein",TGME49_500013,"hypothetical protein, conserved",0.5547072692802311,,
TGME49_243120,Toxoplasma gondii family A protein,TGME49_278400,Toxoplasma gondii family A protein,0.5538897395539955,,
TGME49_500301,ubiquitin-associated domain-containing protein,TGME49_500109,"GPI transamidase component PIG-S, putative",0.5536705474028714,ER,
TGME49_257510,CDP-alcohol phosphatidyltransferase superfamily protein,TGME49_261760,CDP-alcohol phosphatidyltransferase superfamily protein,0.553460367020211,ER,ER
TGME49_202640,tRNA pseudouridine synthase 1,TGME49_312370,RNA pseudouridine synthase superfamily protein,0.5531759227795965,,
TGME49_227150,glutaredoxin 4,TGME49_279400,glutaredoxin 2,0.5522548214796444,apicoplast,cytosol
TGME49_320170,SAG-related sequence SRS16E,TGME49_292270,SAG-related sequence SRS36C,0.5522241771923762,PM - peripheral 1,
TGME49_306230,hypothetical protein,TGME49_257910,hypothetical protein,0.5520997450406435,,
TGME49_320170,SAG-related sequence SRS16E,TGME49_292275,SAG-related sequence SRS36E,0.5520186166374828,PM - peripheral 1,
TGME49_273130,SAG-related sequence SRS30A,TGME49_233460,SAG-related sequence SRS29B,0.5518627620598836,PM - peripheral 1,PM - peripheral 1
TGME49_278340,Toxoplasma gondii family A protein,TGME49_278070,Toxoplasma gondii family A protein,0.5507261930647285,,
TGME49_309352,SAG-related sequence SRS55N,TGME49_275370,SAG-related sequence SRS47C,0.5506804577533024,,PM - peripheral 1
TGME49_239600,rhoptry kinase family protein ROP23 (incomplete catalytic triad),TGME49_252360,rhoptry kinase family protein ROP24 (incomplete catalytic triad),0.5505280432173083,,rhoptries 1
TGME49_273110,SAG-related sequence SRS30D,TGME49_267130,SAG-related sequence SRS38A,0.5503253206657336,,PM - peripheral 1
TGME49_267130,SAG-related sequence SRS38A,TGME49_267160,SAG-related sequence SRS38D,0.5501828882285682,PM - peripheral 1,
TGME49_278090,Toxoplasma gondii family A protein,TGME49_242900,Toxoplasma gondii family A protein,0.5498737065803772,,
TGME49_242100,rhoptry kinase family protein,TGME49_323300,myosin-light-chain kinase,0.5496449673286636,,
TGME49_275370,SAG-related sequence SRS47C,TGME49_208850,SAG-related sequence SRS11,0.5493116834336982,PM - peripheral 1,PM - peripheral 1
TGME49_252500,polo kinase,TGME49_295105,"rhoptry protein, putative",0.5491922004755709,rhoptries 1,
TGME49_320230,SAG-related sequence SRS15C,TGME49_292270,SAG-related sequence SRS36C,0.5489429110858524,PM - peripheral 1,
TGME49_244580,L1P family of ribosomal protein,TGME49_252270,L1P family of ribosomal protein,0.5485311590568154,,mitochondrion - soluble
TGME49_320240,SAG-related sequence SRS15B,TGME49_321480,SAG-related sequence SRS12B,0.5479089223822242,,PM - peripheral 1
TGME49_278080,Toxoplasma gondii family A protein,TGME49_242900,Toxoplasma gondii family A protein,0.5478921925046834,,
TGME49_500353,SAG-related sequence,TGME49_259300,SAG-related sequence SRS26B,0.5477232584077486,,
TGME49_301150,SAG-related sequence SRS19B,TGME49_267130,SAG-related sequence SRS38A,0.5473263561567208,PM - peripheral 1,PM - peripheral 1
TGME49_244920,Toxoplasma gondii family B protein,TGME49_299570,Toxoplasma gondii family B protein,0.5470875820206191,,
TGME49_321490,SAG-related sequence SRS12A,TGME49_321480,SAG-related sequence SRS12B,0.5467763848568681,,PM - peripheral 1
TGME49_298090,Toxoplasma gondii family B protein,TGME49_274290,Toxoplasma gondii family B protein,0.5464580654903273,,
TGME49_247690,"phospholipid-translocating P-type ATPase, flippase subfamily protein",TGME49_216380,"phospholipid-translocating P-type ATPase, flippase subfamily protein",0.5459882612093493,Golgi,
TGME49_273110,SAG-related sequence SRS30D,TGME49_224770,SAG-related sequence SRS40D,0.5458397735756377,,
TGME49_283450,Toxoplasma gondii family B protein,TGME49_276230,Toxoplasma gondii family B protein,0.5451482817421763,,
TGME49_306870,hypothetical protein,TGME49_276230,Toxoplasma gondii family B protein,0.5451455107580936,,
TGME49_321480,SAG-related sequence SRS12B,TGME49_292250,SAG-related sequence SRS36A,0.5450352520723831,PM - peripheral 1,
TGME49_242100,rhoptry kinase family protein,TGME49_242250,Protein kinase domain-containing protein [Source:UniProtKB/TrEMBL;Acc:S8F3P2],0.5439301241805736,,
TGME49_301140,SAG-related sequence SRS19A,TGME49_267160,SAG-related sequence SRS38D,0.543628438354133,,
TGME49_258800,rhoptry kinase family protein ROP31,TGME49_266100,rhoptry kinase family protein ROP41,0.5435891915431779,rhoptries 1,
TGME49_320240,SAG-related sequence SRS15B,TGME49_292270,SAG-related sequence SRS36C,0.5434968720601061,,
TGME49_278070,Toxoplasma gondii family A protein,TGME49_278400,Toxoplasma gondii family A protein,0.543276761828029,,
TGME49_301140,SAG-related sequence SRS19A,TGME49_292275,SAG-related sequence SRS36E,0.5431284092912326,,
TGME49_500199,SAG-related sequence,TGME49_296640,SAG-related sequence SRS48E,0.543053699214245,,
TGME49_322120,rhoptry kinase family protein,TGME49_322000,myosin-light-chain kinase,0.5429356113829926,,rhoptries 2
TGME49_309980,dynein heavy chain family protein,TGME49_249840,"dynein heavy chain 2, putative",0.5425884426823331,,
TGME49_242240,rhoptry kinase family protein ROP19A,TGME49_322120,rhoptry kinase family protein,0.5417006825531376,,
TGME49_248300,hypothetical protein,TGME49_326400,"ribosomal protein L10-like, putative",0.5408175327408704,apicoplast,
TGME49_262050,rhoptry kinase family protein ROP39,TGME49_258230,rhoptry kinase family protein ROP20,0.5406012666216458,rhoptries 2,rhoptries 1
TGME49_278882,GDA1/CD39 (nucleoside phosphatase) family protein,TGME49_225290,GDA1/CD39 (nucleoside phosphatase) family protein,0.5396468687875742,,
TGME49_275370,SAG-related sequence SRS47C,TGME49_271040,hypothetical protein,0.5394485715502306,PM - peripheral 1,
TGME49_278100,Toxoplasma gondii family A protein,TGME49_278430,Toxoplasma gondii family A protein,0.5391977666813638,PM - peripheral 1,
TGME49_278390,Toxoplasma gondii family A protein,TGME49_278290,Toxoplasma gondii family A protein,0.5388903116309778,,
TGME49_320180,SAG-related sequence SRS16C,TGME49_292280,SAG-related sequence SRS36D,0.5385992513387531,PM - peripheral 1,PM - peripheral 1
TGME49_243170,Toxoplasma gondii family A protein,TGME49_278370,Toxoplasma gondii family A protein,0.5381255980395585,,
TGME49_305980,pyruvate dehydrogenase complex subunit PDH-E3I,TGME49_206470,pyruvate dehydrogenase complex subunit PDH-E3II,0.5380038050091804,apicoplast,mitochondrion - soluble
TGME49_500248,"hypothetical protein, conserved",TGME49_284310,hypothetical protein,0.5379717473212549,,
TGME49_306870,hypothetical protein,TGME49_274290,Toxoplasma gondii family B protein,0.53784759176174,,
TGME49_206590,calcium-dependent protein kinase CDPK2A,TGME49_224950,calcium-dependent protein kinase CDPK5,0.5376321038675516,nucleus - chromatin,
TGME49_284550,EF hand domain-containing protein,TGME49_500381,EF-hand domain-containing protein,0.5375140266421679,,
TGME49_500072,"dynein heavy chain, putative",TGME49_249840,"dynein heavy chain 2, putative",0.5374297950577911,,
TGME49_239600,rhoptry kinase family protein ROP23 (incomplete catalytic triad),TGME49_296015,rhoptry kinase family protein,0.536795868868158,,
TGME49_205250,rhoptry protein ROP18,TGME49_308093,rhoptry kinase family protein (incomplete catalytic triad),0.5366641369724342,rhoptries 1,dense granules
TGME49_267160,SAG-related sequence SRS38D,TGME49_292280,SAG-related sequence SRS36D,0.5365959864548924,,PM - peripheral 1
TGME49_320230,SAG-related sequence SRS15C,TGME49_272560,SAG-related sequence SRS31B,0.5357291204059405,PM - peripheral 1,
TGME49_224750,SAG-related sequence SRS40F,TGME49_301170,SAG-related sequence SRS19D,0.5352689114360887,,PM - peripheral 1
TGME49_238440,SAG-related sequence SRS22A,TGME49_238490,SAG-related sequence SRS22E,0.5352077178167656,PM - peripheral 1,
TGME49_252065,KRUF family protein,TGME49_252190,KRUF family protein,0.5349070089628465,,
TGME49_222260,hypothetical protein,TGME49_500255,"hypothetical protein, conserved",0.5345464039227398,,
TGME49_267150,SAG-related sequence SRS38C,TGME49_224780,SAG-related sequence SRS40B [Source:UniProtKB/TrEMBL;Acc:S8EU84],0.5342760769922796,endomembrane vesicles,
TGME49_224790,SAG-related sequence SRS40A,TGME49_292280,SAG-related sequence SRS36D,0.534106879465551,,PM - peripheral 1
TGME49_315390,SAG-related sequence SRS53C,TGME49_315340,SAG-related sequence SRS52C,0.5336492327158434,,
TGME49_295440,hypothetical protein,TGME49_295430,hypothetical protein,0.5329250421015432,,
TGME49_278340,Toxoplasma gondii family A protein,TGME49_327300,Toxoplasma gondii family A protein,0.5326780335960797,,
TGME49_292260,SAG-related sequence SRS36B,TGME49_295600,SAG-related sequence SRS10,0.5326043886061749,PM - peripheral 1,
TGME49_222020,phosphoglycerate kinase PGKII,TGME49_318230,phosphoglycerate kinase PGKI,0.5325624762713166,apicoplast,cytosol
TGME49_315410,SAG-related sequence SRS53F,TGME49_315330,SAG-related sequence SRS52D,0.532509141217925,PM - peripheral 1,
TGME49_307460,Toxoplasma gondii family B protein,TGME49_274290,Toxoplasma gondii family B protein,0.5323727899266555,,
TGME49_254060,SAG-related sequence SRS14A,TGME49_208850,SAG-related sequence SRS11,0.532338278622352,PM - peripheral 1,PM - peripheral 1
TGME49_244920,Toxoplasma gondii family B protein,TGME49_295300,Toxoplasma gondii family B protein,0.5322402409414964,,
TGME49_301140,SAG-related sequence SRS19A,TGME49_292260,SAG-related sequence SRS36B,0.5321223397223795,,PM - peripheral 1
TGME49_308096,rhoptry kinase family protein (incomplete catalytic triad),TGME49_295130,hypothetical protein,0.5319409588538602,,
TGME49_256040,PA14 domain-containing protein,TGME49_279440,PA14 domain-containing protein,0.5314047962610755,,
TGME49_320230,SAG-related sequence SRS15C,TGME49_292280,SAG-related sequence SRS36D,0.5310464561156223,PM - peripheral 1,PM - peripheral 1
TGME49_242110,rhoptry kinase family protein ROP38,TGME49_242118,myosin-light-chain kinase,0.5306964454439291,,rhoptries 2
TGME49_267130,SAG-related sequence SRS38A,TGME49_292260,SAG-related sequence SRS36B,0.5296296067913305,PM - peripheral 1,PM - peripheral 1
TGME49_306680,hypothetical protein,TGME49_298820,hypothetical protein,0.5295615520541934,,
TGME49_250340,centrin 2,TGME49_247230,centrin 1,0.5294083236951008,apical 2,nucleus - chromatin
TGME49_301480,hypothetical protein,TGME49_301470,hypothetical protein,0.5292248766444729,dense granules,
TGME49_252500,polo kinase,TGME49_308093,rhoptry kinase family protein (incomplete catalytic triad),0.528954065653943,rhoptries 1,dense granules
TGME49_320230,SAG-related sequence SRS15C,TGME49_267130,SAG-related sequence SRS38A,0.5289538209926928,PM - peripheral 1,PM - peripheral 1
TGME49_266330,Toxoplasma gondii family A protein,TGME49_243190,Toxoplasma gondii family A protein,0.5289476767562913,,
TGME49_500221,cyclin-dependent kinase regulatory subunit protein,TGME49_223120,cyclin-dependent kinase regulatory subunit protein,0.5286613678920296,,
TGME49_320170,SAG-related sequence SRS16E,TGME49_321490,SAG-related sequence SRS12A,0.5280440738246688,PM - peripheral 1,
TGME49_267130,SAG-related sequence SRS38A,TGME49_224770,SAG-related sequence SRS40D,0.5277725540165779,PM - peripheral 1,
TGME49_210600,KRUF family protein,TGME49_252080,hypothetical protein,0.5272367545634958,,
TGME49_301140,SAG-related sequence SRS19A,TGME49_267150,SAG-related sequence SRS38C,0.5271102884427274,,endomembrane vesicles
TGME49_276230,Toxoplasma gondii family B protein,TGME49_274290,Toxoplasma gondii family B protein,0.5270123134324292,,
TGME49_309330,SAG-related sequence SRS55F,TGME49_285860,SAG-related sequence SRS20C,0.5269941822151958,,PM - peripheral 1
TGME49_296231,hypothetical protein,TGME49_220640,hypothetical protein,0.5268562384913993,,
TGME49_320180,SAG-related sequence SRS16C,TGME49_315740,SAG-related sequence SRS54,0.5264498099737458,PM - peripheral 1,PM - peripheral 1
TGME49_203135,dynein heavy chain family protein,TGME49_500072,"dynein heavy chain, putative",0.5258937657582018,,
TGME49_243150,Toxoplasma gondii family A protein,TGME49_278100,Toxoplasma gondii family A protein,0.5258757885564697,,PM - peripheral 1
TGME49_278370,Toxoplasma gondii family A protein,TGME49_278400,Toxoplasma gondii family A protein,0.5258209414858529,,
TGME49_250115,hypothetical protein,TGME49_250220,hypothetical protein,0.5256231004683414,,
TGME49_292390,KRUF family protein,TGME49_323020,KRUF family protein,0.525515438193882,,
TGME49_220080,Toxoplasma gondii family C protein,TGME49_200130,Toxoplasma gondii family C protein,0.5254643260798297,,
TGME49_229680,hypothetical protein,TGME49_286770,hypothetical protein,0.5250016048865809,PM - integral,PM - integral
TGME49_245770,hypothetical protein,TGME49_250220,hypothetical protein,0.5249833603503027,,
TGME49_207650,OTU domain-containing protein OTUD1A,TGME49_287235,hypothetical protein,0.5249564621818391,,
TGME49_278360,Toxoplasma gondii family A protein,TGME49_278400,Toxoplasma gondii family A protein,0.5245960367703039,,
TGME49_301150,SAG-related sequence SRS19B,TGME49_267150,SAG-related sequence SRS38C,0.5245194060165634,PM - peripheral 1,endomembrane vesicles
TGME49_245770,hypothetical protein,TGME49_287470,hypothetical protein,0.5245024829480516,,
TGME49_283450,Toxoplasma gondii family B protein,TGME49_307460,Toxoplasma gondii family B protein,0.524365686578441,,
TGME49_309300,SAG-related sequence SRS55A,TGME49_275355,SAG-related sequence SRS47A,0.524068381015756,,
TGME49_278350,Toxoplasma gondii family A protein,TGME49_278400,Toxoplasma gondii family A protein,0.5240173112008807,,
TGME49_287980,FHA domain-containing protein,TGME49_202840,FHA domain-containing protein,0.5238562188734155,endomembrane vesicles,cytosol
TGME49_243170,Toxoplasma gondii family A protein,TGME49_243190,Toxoplasma gondii family A protein,0.5235996446571725,,
TGME49_273120,SAG-related sequence SRS30C,TGME49_292260,SAG-related sequence SRS36B,0.523527119541433,PM - peripheral 1,PM - peripheral 1
TGME49_301140,SAG-related sequence SRS19A,TGME49_320230,SAG-related sequence SRS15C,0.5234550444407128,,PM - peripheral 1
TGME49_283450,Toxoplasma gondii family B protein,TGME49_264225,Toxoplasma gondii family B protein,0.5234046640812072,,
TGME49_320180,SAG-related sequence SRS16C,TGME49_301150,SAG-related sequence SRS19B,0.5233104568420749,PM - peripheral 1,PM - peripheral 1
TGME49_278420,Toxoplasma gondii family A protein,TGME49_278400,Toxoplasma gondii family A protein,0.5232337161904936,,
TGME49_272400,casein kinase ii regulatory subunit protein,TGME49_268810,ck2 beta subunit,0.5230435539078642,cytosol,cytosol
TGME49_321470,SAG-related sequence SRS12D,TGME49_292275,SAG-related sequence SRS36E,0.5229860883325277,,
TGME49_296121,hypothetical protein,TGME49_245980,hypothetical protein,0.5229711854678293,,
TGME49_315340,SAG-related sequence SRS52C,TGME49_315330,SAG-related sequence SRS52D,0.5226094014683555,,
TGME49_242240,rhoptry kinase family protein ROP19A,TGME49_242118,myosin-light-chain kinase,0.5224279200921724,,rhoptries 2
TGME49_500062,"dynein heavy chain, putative",TGME49_203135,dynein heavy chain family protein,0.5223571531718105,,
TGME49_264225,Toxoplasma gondii family B protein,TGME49_276230,Toxoplasma gondii family B protein,0.5221063982324683,,
TGME49_321490,SAG-related sequence SRS12A,TGME49_292280,SAG-related sequence SRS36D,0.5218431916225073,,PM - peripheral 1
TGME49_267160,SAG-related sequence SRS38D,TGME49_272560,SAG-related sequence SRS31B,0.5215146972242715,,
TGME49_275380,SAG-related sequence SRS47D,TGME49_500199,SAG-related sequence,0.5214123426683442,,
TGME49_268340,glycosyltransferase family 28 C-terminal domain-containing protein,TGME49_268350,WD repeat-containing protein,0.5211938214436693,ER,
TGME49_285660,DEAD/DEAH box helicase domain-containing protein,TGME49_213770,"Superkiller viralicidic activity 2 family 2, putative",0.5208514115516569,nucleus - chromatin,nucleus - non-chromatin
TGME49_278100,Toxoplasma gondii family A protein,TGME49_278290,Toxoplasma gondii family A protein,0.5208398332654964,PM - peripheral 1,
TGME49_210678,OTU domain-containing protein OTUD1D,TGME49_287235,hypothetical protein,0.5206375662861211,,
TGME49_284550,EF hand domain-containing protein,TGME49_500257,EF hand domain-containing protein,0.520462766806032,,
TGME49_232350,lactate dehydrogenase LDH1,TGME49_318430,malate dehydrogenase MDH,0.5202041084553637,cytosol,cytosol
TGME49_275360,SAG-related sequence SRS47B,TGME49_285860,SAG-related sequence SRS20C,0.5198097563970957,,PM - peripheral 1
TGME49_320230,SAG-related sequence SRS15C,TGME49_267150,SAG-related sequence SRS38C,0.5197555768528879,PM - peripheral 1,endomembrane vesicles
TGME49_242100,rhoptry kinase family protein,TGME49_322020,hypothetical protein,0.5197373657284384,,
TGME49_292610,Toxoplasma gondii family C protein,TGME49_200130,Toxoplasma gondii family C protein,0.5197170738203638,,
TGME49_257910,hypothetical protein,TGME49_500031,"hypothetical protein, conserved",0.5196668587563407,,
TGME49_257010,toxolysin TLN3,TGME49_244480,peptidase M16 inactive domain-containing protein,0.5196367692062965,,
TGME49_308020,SAG-related sequence SRS57,TGME49_233480,SAG-related sequence SRS29C,0.5195479927700268,PM - peripheral 1,PM - peripheral 1
TGME49_224750,SAG-related sequence SRS40F,TGME49_292280,SAG-related sequence SRS36D,0.5189453957144581,,PM - peripheral 1
TGME49_260200,helicase associated domain (ha2) protein,TGME49_312280,"pre-mRNA-splicing factor ATP-dependent RNA helicase, putative",0.5186423643365893,nucleus - chromatin,nucleus - non-chromatin
TGME49_203030,N-methyl-D-aspartate receptor-associated protein,TGME49_309560,nmda receptor glutamate-binding chain,0.5183947339521937,,rhoptries 2
TGME49_207015,SRS domain-containing protein,TGME49_285860,SAG-related sequence SRS20C,0.5174699807722414,,PM - peripheral 1
TGME49_500070,"coiled-coil domain-containing protein, putative",TGME49_205080,hypothetical protein,0.516639543279725,,
TGME49_230830,ATPase family associated with various cellular activities (AAA) domain-containing protein,TGME49_500062,"dynein heavy chain, putative",0.5165616860792803,,
TGME49_321470,SAG-related sequence SRS12D,TGME49_267150,SAG-related sequence SRS38C,0.5164277627073823,,endomembrane vesicles
TGME49_320200,SAG-related sequence SRS16A,TGME49_292280,SAG-related sequence SRS36D,0.5164134140468206,PM - peripheral 1,PM - peripheral 1
TGME49_224760,SAG-related sequence SRS40E,TGME49_292280,SAG-related sequence SRS36D,0.5161143580721086,,PM - peripheral 1
TGME49_320120,diadenosine tetraphosphatase family protein,TGME49_225420,histidine triad domain-containing protein,0.5153039105530627,nucleus - chromatin,
TGME49_200480,Toxoplasma gondii family B protein,TGME49_274290,Toxoplasma gondii family B protein,0.5148556457134701,,
TGME49_228780,Toxoplasma gondii family C protein,TGME49_500218,Toxoplasma gondii family C protein,0.5147281063159639,,
TGME49_278380,Toxoplasma gondii family A protein,TGME49_278390,Toxoplasma gondii family A protein,0.5144275642279423,,
TGME49_320250,SAG-related sequence SRS15A,TGME49_292275,SAG-related sequence SRS36E,0.5141575213482525,,
TGME49_267160,SAG-related sequence SRS38D,TGME49_234930,SAG-related sequence SRS43,0.5131131684831064,,PM - peripheral 1
TGME49_320200,SAG-related sequence SRS16A,TGME49_292270,SAG-related sequence SRS36C,0.5125887648864544,PM - peripheral 1,
TGME49_500353,SAG-related sequence,TGME49_329700,SAG-related sequence SRS26J,0.5119953057016492,,
TGME49_266760,isocitrate dehydrogenase 1,TGME49_313140,isocitrate dehydrogenase 2,0.5118102977525167,nucleus - chromatin,mitochondrion - soluble
TGME49_243130,Toxoplasma gondii family A protein,TGME49_243190,Toxoplasma gondii family A protein,0.5117747912005614,,
TGME49_246070,SAG-related sequence SRS56,TGME49_207150,SAG-related sequence SRS49C,0.511423156548038,,
TGME49_267160,SAG-related sequence SRS38D,TGME49_273120,SAG-related sequence SRS30C,0.5112225377572377,,PM - peripheral 1
TGME49_224770,SAG-related sequence SRS40D,TGME49_292250,SAG-related sequence SRS36A,0.5107401761189141,,
TGME49_307480,Toxoplasma gondii family B protein,TGME49_274290,Toxoplasma gondii family B protein,0.5106842989903524,,
TGME49_298060,Toxoplasma gondii family C protein,TGME49_300990,Toxoplasma gondii family C protein,0.5105415116395298,,
TGME49_267160,SAG-related sequence SRS38D,TGME49_224780,SAG-related sequence SRS40B [Source:UniProtKB/TrEMBL;Acc:S8EU84],0.5105019909333182,,
TGME49_242240,rhoptry kinase family protein ROP19A,TGME49_323330,hypothetical protein,0.5101723138314644,,
TGME49_243150,Toxoplasma gondii family A protein,TGME49_278400,Toxoplasma gondii family A protein,0.5101610691284917,,
TGME49_220630,hypothetical protein,TGME49_287470,hypothetical protein,0.5101359488916419,,
TGME49_320200,SAG-related sequence SRS16A,TGME49_273120,SAG-related sequence SRS30C,0.5098443305792804,PM - peripheral 1,PM - peripheral 1
TGME49_292280,SAG-related sequence SRS36D,TGME49_224780,SAG-related sequence SRS40B [Source:UniProtKB/TrEMBL;Acc:S8EU84],0.5097003652382003,PM - peripheral 1,
TGME49_500227,"dynein heavy chain, putative",TGME49_500062,"dynein heavy chain, putative",0.5092090994788568,,
TGME49_301160,SAG-related sequence SRS19C,TGME49_224750,SAG-related sequence SRS40F,0.5091511405127847,PM - peripheral 1,
TGME49_323000,KRUF family protein,TGME49_250950,KRUF family protein,0.5083755367486082,nucleus - chromatin,
TGME49_235630,hypothetical protein,TGME49_500297,"hypothetical protein, conserved",0.5083130723793625,,
TGME49_320200,SAG-related sequence SRS16A,TGME49_301180,SAG-related sequence SRS19F,0.50786558639652,PM - peripheral 1,PM - peripheral 1
TGME49_320180,SAG-related sequence SRS16C,TGME49_234930,SAG-related sequence SRS43,0.5078271969232938,PM - peripheral 1,PM - peripheral 1
TGME49_321490,SAG-related sequence SRS12A,TGME49_292270,SAG-related sequence SRS36C,0.5076765253267916,,
TGME49_291950,RNA recognition motif-containing protein,TGME49_234520,"U2 snRNP auxilliary factor, large subunit, splicing factor subfamily protein",0.5075553726088065,nucleus - non-chromatin,nucleus - non-chromatin
TGME49_320230,SAG-related sequence SRS15C,TGME49_295600,SAG-related sequence SRS10,0.5075361064502191,PM - peripheral 1,
TGME49_264225,Toxoplasma gondii family B protein,TGME49_295300,Toxoplasma gondii family B protein,0.5070051975387322,,
TGME49_220080,Toxoplasma gondii family C protein,TGME49_329400,Toxoplasma gondii family C protein,0.5069543001244201,,
TGME49_252360,rhoptry kinase family protein ROP24 (incomplete catalytic triad),TGME49_296015,rhoptry kinase family protein,0.5068477937571128,rhoptries 1,
TGME49_301170,SAG-related sequence SRS19D,TGME49_292260,SAG-related sequence SRS36B,0.506682907821869,PM - peripheral 1,PM - peripheral 1
TGME49_243180,Toxoplasma gondii family A protein,TGME49_278400,Toxoplasma gondii family A protein,0.5063250851706054,,
TGME49_203135,dynein heavy chain family protein,TGME49_286932,ATPase family associated with various cellular activities (AAA) domain-containing protein,0.5057830844811015,,
TGME49_273130,SAG-related sequence SRS30A,TGME49_233480,SAG-related sequence SRS29C,0.5056399658440938,PM - peripheral 1,PM - peripheral 1
TGME49_210320,SAG-related sequence SRS37A,TGME49_329700,SAG-related sequence SRS26J,0.5055234578813819,,
TGME49_275360,SAG-related sequence SRS47B,TGME49_275355,SAG-related sequence SRS47A,0.5051661340497511,,
TGME49_242900,Toxoplasma gondii family A protein,TGME49_278100,Toxoplasma gondii family A protein,0.5051277993931006,,PM - peripheral 1
TGME49_278430,Toxoplasma gondii family A protein,TGME49_278400,Toxoplasma gondii family A protein,0.505102750921998,,
TGME49_243130,Toxoplasma gondii family A protein,TGME49_278100,Toxoplasma gondii family A protein,0.5049349084831183,,PM - peripheral 1
TGME49_273110,SAG-related sequence SRS30D,TGME49_301140,SAG-related sequence SRS19A,0.5047878061793134,,
TGME49_220080,Toxoplasma gondii family C protein,TGME49_300990,Toxoplasma gondii family C protein,0.504552246781722,,
TGME49_225125,pre-rRNA processing protein,TGME49_286620,S1 RNA binding domain-containing protein,0.5040907076757298,nucleolus,apicoplast
TGME49_240575,type iib dna topoisomerase,TGME49_253480,"topoisomerase VIA, putative",0.5038833338267028,,
TGME49_500353,SAG-related sequence,TGME49_224170,SAG-related sequence SRS60A,0.5037063738407981,,
TGME49_232270,histidine acid phosphatase superfamily protein,TGME49_308950,histidine acid phosphatase superfamily protein,0.5034574589944042,dense granules,dense granules
TGME49_260220,folate/biopterin transporter subfamily protein,TGME49_266366,BT1 family protein,0.502759925737984,Golgi,
TGME49_224780,SAG-related sequence SRS40B [Source:UniProtKB/TrEMBL;Acc:S8EU84],TGME49_292275,SAG-related sequence SRS36E,0.5026597804543468,,
TGME49_243180,Toxoplasma gondii family A protein,TGME49_278100,Toxoplasma gondii family A protein,0.502381205422846,,PM - peripheral 1
TGME49_301180,SAG-related sequence SRS19F,TGME49_267140,SAG-related sequence SRS38B,0.5019541424151372,PM - peripheral 1,PM - peripheral 1
TGME49_285860,SAG-related sequence SRS20C,TGME49_296640,SAG-related sequence SRS48E,0.5017555122848056,PM - peripheral 1,
TGME49_285860,SAG-related sequence SRS20C,TGME49_275355,SAG-related sequence SRS47A,0.5016723442905472,PM - peripheral 1,
TGME49_316670,Toxoplasma gondii family D protein,TGME49_277572,Toxoplasma gondii family D protein,0.5013339853206276,,
TGME49_307045,Toxoplasma gondii family B protein,TGME49_307460,Toxoplasma gondii family B protein,0.5011850192775387,,
TGME49_278100,Toxoplasma gondii family A protein,TGME49_266340,Toxoplasma gondii family A protein,0.5009899900262362,PM - peripheral 1,
TGME49_320250,SAG-related sequence SRS15A,TGME49_273120,SAG-related sequence SRS30C,0.5004617958019656,,PM - peripheral 1
TGME49_272740,DNA-directed RNA polymerase III RPC2,TGME49_258210,DNA-directed RNA polymerase II RPB2,0.5003987281595093,nucleus - chromatin,nucleus - non-chromatin
TGME49_275380,SAG-related sequence SRS47D,TGME49_271040,hypothetical protein,0.5003821806387527,,
TGME49_266340,Toxoplasma gondii family A protein,TGME49_278400,Toxoplasma gondii family A protein,0.5003669044938002,,
TGME49_308093,rhoptry kinase family protein (incomplete catalytic triad),TGME49_296015,rhoptry kinase family protein,0.5003412739922339,dense granules,
TGME49_241300,hypothetical protein,TGME49_241310,hypothetical protein,0.5002114802419502,,
TGME49_285860,SAG-related sequence SRS20C,TGME49_271040,hypothetical protein,0.50004193629654,PM - peripheral 1,
TGME49_242230,rhoptry kinase family protein ROP29,TGME49_322000,myosin-light-chain kinase,0.5000374682254703,,rhoptries 2
TGME49_235920,"dynein, axonemal, heavy chain 2 family protein",TGME49_500072,"dynein heavy chain, putative",0.49993893832804637,,
TGME49_207005,SAG-related sequence SRS48Q,TGME49_500199,SAG-related sequence,0.4998549868169446,,
TGME49_500115,EGF-like domain-containing protein,TGME49_245485,microneme protein MIC9,0.4998022363937502,,micronemes
TGME49_267160,SAG-related sequence SRS38D,TGME49_295600,SAG-related sequence SRS10,0.4997734535635846,,
TGME49_224760,SAG-related sequence SRS40E,TGME49_267130,SAG-related sequence SRS38A,0.4996776913872599,,PM - peripheral 1
TGME49_298060,Toxoplasma gondii family C protein,TGME49_200590,Toxoplasma gondii family C protein,0.49924761171474275,,
TGME49_298960,Toxoplasma gondii family C protein,TGME49_287280,Toxoplasma gondii family C protein,0.4992029335347661,,
TGME49_278350,Toxoplasma gondii family A protein,TGME49_278090,Toxoplasma gondii family A protein,0.4990536169408921,,
TGME49_321170,Toxoplasma gondii family C protein,TGME49_200590,Toxoplasma gondii family C protein,0.4988841690150455,,
TGME49_224790,SAG-related sequence SRS40A,TGME49_267160,SAG-related sequence SRS38D,0.49879171932306887,,
TGME49_500353,SAG-related sequence,TGME49_210330,SAG-related sequence SRS37B,0.4986424315034772,,
TGME49_230830,ATPase family associated with various cellular activities (AAA) domain-containing protein,TGME49_249840,"dynein heavy chain 2, putative",0.4982335468163882,,
TGME49_283450,Toxoplasma gondii family B protein,TGME49_244920,Toxoplasma gondii family B protein,0.4981354678942004,,
TGME49_323330,hypothetical protein,TGME49_322000,myosin-light-chain kinase,0.4980701722586244,,rhoptries 2
TGME49_278090,Toxoplasma gondii family A protein,TGME49_278100,Toxoplasma gondii family A protein,0.49804106410480586,,PM - peripheral 1
TGME49_243100,Toxoplasma gondii family A protein,TGME49_278100,Toxoplasma gondii family A protein,0.49750632739222245,,PM - peripheral 1
TGME49_500296,KRUF family protein,TGME49_292375,KRUF family protein,0.4970755791473447,,
TGME49_320170,SAG-related sequence SRS16E,TGME49_267150,SAG-related sequence SRS38C,0.4966532114131038,PM - peripheral 1,endomembrane vesicles
TGME49_278340,Toxoplasma gondii family A protein,TGME49_278300,Toxoplasma gondii family A protein,0.4966296237676838,,
TGME49_257925,hypothetical protein,TGME49_500031,"hypothetical protein, conserved",0.4966233396503261,,
TGME49_321470,SAG-related sequence SRS12D,TGME49_320200,SAG-related sequence SRS16A,0.4960454566714305,,PM - peripheral 1
TGME49_243190,Toxoplasma gondii family A protein,TGME49_268270,hypothetical protein,0.4959069472884613,,
TGME49_307045,Toxoplasma gondii family B protein,TGME49_500295,Toxoplasma gondii family B protein,0.49570385687111806,,
TGME49_268200,RNA recognition motif-containing protein,TGME49_321500,RNA recognition motif-containing protein,0.4954630538367477,nucleus - non-chromatin,nucleus - non-chromatin
TGME49_242100,rhoptry kinase family protein,TGME49_322130,hypothetical protein,0.49542938288612315,,
TGME49_275690,chaperone protein ClpB3,TGME49_257990,chaperone protein ClpB1,0.4950099195777954,apicoplast,cytosol
TGME49_500248,"hypothetical protein, conserved",TGME49_256650,hypothetical protein,0.49480457954361523,,
TGME49_243160,Toxoplasma gondii family A protein,TGME49_243190,Toxoplasma gondii family A protein,0.49469311331523425,,
TGME49_320230,SAG-related sequence SRS15C,TGME49_292275,SAG-related sequence SRS36E,0.49444149427656303,PM - peripheral 1,
TGME49_309352,SAG-related sequence SRS55N,TGME49_285860,SAG-related sequence SRS20C,0.49421786625029185,,PM - peripheral 1
TGME49_320170,SAG-related sequence SRS16E,TGME49_273120,SAG-related sequence SRS30C,0.49348198733099147,PM - peripheral 1,PM - peripheral 1
TGME49_209985,rhoptry protein ROP42,TGME49_321700,Kinase-like domain-containing protein [Source:UniProtKB/TrEMBL;Acc:S8F8L7],0.49335263279659036,rhoptries 1,
TGME49_200480,Toxoplasma gondii family B protein,TGME49_276230,Toxoplasma gondii family B protein,0.4927447191877179,,
TGME49_301140,SAG-related sequence SRS19A,TGME49_320170,SAG-related sequence SRS16E,0.492349486835833,,PM - peripheral 1
TGME49_307480,Toxoplasma gondii family B protein,TGME49_299570,Toxoplasma gondii family B protein,0.49191481425832984,,
TGME49_500353,SAG-related sequence,TGME49_279000,SAG-related sequence SRS59J,0.4918382654484561,,
TGME49_242100,rhoptry kinase family protein,TGME49_242110,rhoptry kinase family protein ROP38,0.4910713901885104,,
TGME49_278390,Toxoplasma gondii family A protein,TGME49_268270,hypothetical protein,0.490920174554216,,
TGME49_250670,hypothetical protein,TGME49_220640,hypothetical protein,0.490676953862346,,
TGME49_254060,SAG-related sequence SRS14A,TGME49_285860,SAG-related sequence SRS20C,0.4901811824895266,PM - peripheral 1,PM - peripheral 1
TGME49_220650,hypothetical protein,TGME49_245760,hypothetical protein,0.49010175536451084,,
TGME49_238440,SAG-related sequence SRS22A,TGME49_238530,SRS domain-containing protein,0.4897811561277635,PM - peripheral 1,
TGME49_278370,Toxoplasma gondii family A protein,TGME49_278365,Toxoplasma gondii family A protein,0.48970248815774164,,PM - peripheral 1
TGME49_320230,SAG-related sequence SRS15C,TGME49_301170,SAG-related sequence SRS19D,0.4896253337148124,PM - peripheral 1,PM - peripheral 1
TGME49_224770,SAG-related sequence SRS40D,TGME49_224780,SAG-related sequence SRS40B [Source:UniProtKB/TrEMBL;Acc:S8EU84],0.4893909893643271,,
TGME49_320770,Toxoplasma gondii family B protein,TGME49_276230,Toxoplasma gondii family B protein,0.48904680795520716,,
TGME49_315400,SAG-related sequence SRS53D,TGME49_315340,SAG-related sequence SRS52C,0.4890443840843013,,
TGME49_278100,Toxoplasma gondii family A protein,TGME49_278330,Toxoplasma gondii family A protein,0.48893661479712325,PM - peripheral 1,
TGME49_278380,Toxoplasma gondii family A protein,TGME49_278100,Toxoplasma gondii family A protein,0.4888972416524384,,PM - peripheral 1
TGME49_278370,Toxoplasma gondii family A protein,TGME49_243120,Toxoplasma gondii family A protein,0.48858355678539434,,
TGME49_278100,Toxoplasma gondii family A protein,TGME49_266335,Toxoplasma gondii family A protein,0.488030072288008,PM - peripheral 1,
TGME49_315370,SAG-related sequence SRS53A,TGME49_315410,SAG-related sequence SRS53F,0.4880267807749693,,PM - peripheral 1
TGME49_279460,Toxoplasma gondii family B protein,TGME49_274290,Toxoplasma gondii family B protein,0.48794720644879364,,
TGME49_224770,SAG-related sequence SRS40D,TGME49_321490,SAG-related sequence SRS12A,0.4879030697268364,,
TGME49_215775,rhoptry protein ROP8,TGME49_308090,rhoptry protein ROP5,0.4878919816292763,rhoptries 1,rhoptries 1
TGME49_301170,SAG-related sequence SRS19D,TGME49_267160,SAG-related sequence SRS38D,0.4878820792153432,PM - peripheral 1,
TGME49_252200,palmitoyltransferase DHHC7,TGME49_217870,palmitoyltransferase DHHC3,0.48769611248355027,,PM - integral
TGME49_250955,KRUF family protein,TGME49_252190,KRUF family protein,0.4874008086952484,dense granules,
TGME49_251958,SAG-related sequence SRS59B,TGME49_239090,SAG-related sequence SRS23,0.48699533063938805,,
TGME49_273110,SAG-related sequence SRS30D,TGME49_301170,SAG-related sequence SRS19D,0.48685649128897335,,PM - peripheral 1
TGME49_301160,SAG-related sequence SRS19C,TGME49_267160,SAG-related sequence SRS38D,0.4867513393703312,PM - peripheral 1,
TGME49_307045,Toxoplasma gondii family B protein,TGME49_264225,Toxoplasma gondii family B protein,0.48664982506784593,,
TGME49_250115,hypothetical protein,TGME49_250670,hypothetical protein,0.4864835442454598,,
TGME49_278360,Toxoplasma gondii family A protein,TGME49_278100,Toxoplasma gondii family A protein,0.4863917103301494,,PM - peripheral 1
TGME49_320200,SAG-related sequence SRS16A,TGME49_301170,SAG-related sequence SRS19D,0.4863835608728042,PM - peripheral 1,PM - peripheral 1
TGME49_278320,Toxoplasma gondii family A protein,TGME49_278400,Toxoplasma gondii family A protein,0.48630914060661645,,
TGME49_301180,SAG-related sequence SRS19F,TGME49_301170,SAG-related sequence SRS19D,0.4861988351162685,PM - peripheral 1,PM - peripheral 1
TGME49_243130,Toxoplasma gondii family A protein,TGME49_278390,Toxoplasma gondii family A protein,0.48612013293729384,,
TGME49_209850,RNA recognition motif-containing protein,TGME49_319530,serine/arginine-rich splicing factor SR1,0.4858169544007438,cytosol,nucleus - non-chromatin
TGME49_220630,hypothetical protein,TGME49_250670,hypothetical protein,0.4855535385203241,,
TGME49_219650,"transporter, small conductance mechanosensitive ion channel (MscS) family protein",TGME49_500125,"mechanosensitive ion channel MscS, putative",0.48487317338479796,,PM - integral
TGME49_321170,Toxoplasma gondii family C protein,TGME49_307260,Toxoplasma gondii family C protein,0.48476151635615783,,
TGME49_253510,transporter/permease protein,TGME49_266750,"transporter/permease protein, putative",0.48421250756644785,,PM - integral
TGME49_267150,SAG-related sequence SRS38C,TGME49_292250,SAG-related sequence SRS36A,0.4841580452627555,endomembrane vesicles,
TGME49_500227,"dynein heavy chain, putative",TGME49_500072,"dynein heavy chain, putative",0.4840564691766237,,
TGME49_224790,SAG-related sequence SRS40A,TGME49_267150,SAG-related sequence SRS38C,0.48360903542564393,,endomembrane vesicles
TGME49_278100,Toxoplasma gondii family A protein,TGME49_278320,Toxoplasma gondii family A protein,0.48330450248501367,PM - peripheral 1,
TGME49_254330,lipase,TGME49_269300,lipase,0.48237713408024474,,
TGME49_224760,SAG-related sequence SRS40E,TGME49_267160,SAG-related sequence SRS38D,0.48224548287859703,,
TGME49_320250,SAG-related sequence SRS15A,TGME49_267130,SAG-related sequence SRS38A,0.4820640479270172,,PM - peripheral 1
TGME49_267150,SAG-related sequence SRS38C,TGME49_295600,SAG-related sequence SRS10,0.4816067321444677,endomembrane vesicles,
TGME49_210950,oocyst wall protein,TGME49_286250,hypothetical protein,0.48134596383991,,
TGME49_313910,RNA recognition motif 2 protein,TGME49_223930,RNA recognition motif-containing protein,0.48134170780368835,nucleus - non-chromatin,nucleus - non-chromatin
TGME49_308093,rhoptry kinase family protein (incomplete catalytic triad),TGME49_252360,rhoptry kinase family protein ROP24 (incomplete catalytic triad),0.48094389289227746,dense granules,rhoptries 1
TGME49_252640,P-type ATPase PMA1,TGME49_500272,"P-type ATPase, putative",0.48079083542603773,,
TGME49_278340,Toxoplasma gondii family A protein,TGME49_266335,Toxoplasma gondii family A protein,0.48078212593102954,,
TGME49_248380,hypothetical protein,TGME49_208330,DUF2981 domain-containing protein,0.4802407105051776,,
TGME49_224750,SAG-related sequence SRS40F,TGME49_272560,SAG-related sequence SRS31B,0.4798111620461797,,
TGME49_245980,hypothetical protein,TGME49_250500,hypothetical protein,0.47941932439700874,,
TGME49_278350,Toxoplasma gondii family A protein,TGME49_327300,Toxoplasma gondii family A protein,0.47937610215242754,,
TGME49_273110,SAG-related sequence SRS30D,TGME49_292280,SAG-related sequence SRS36D,0.47922383940299795,,PM - peripheral 1
TGME49_252070,KRUF family protein,TGME49_252190,KRUF family protein,0.4787628914876686,,
TGME49_278340,Toxoplasma gondii family A protein,TGME49_278390,Toxoplasma gondii family A protein,0.47873744668874807,,
TGME49_207140,SAG-related sequence SRS49B,TGME49_207160,SAG-related sequence SRS49D,0.4786995047859034,PM - peripheral 1,PM - peripheral 1
TGME49_245980,hypothetical protein,TGME49_220640,hypothetical protein,0.4785832132242004,,
TGME49_200130,Toxoplasma gondii family C protein,TGME49_500218,Toxoplasma gondii family C protein,0.47850567898611474,,
TGME49_315410,SAG-related sequence SRS53F,TGME49_315390,SAG-related sequence SRS53C,0.47839004459782075,PM - peripheral 1,
TGME49_278410,Toxoplasma gondii family A protein,TGME49_278100,Toxoplasma gondii family A protein,0.4783242905784114,,PM - peripheral 1
TGME49_278090,Toxoplasma gondii family A protein,TGME49_278300,Toxoplasma gondii family A protein,0.47787824238897414,,
TGME49_322100,myosin-light-chain kinase,TGME49_322000,myosin-light-chain kinase,0.4775866556822048,,rhoptries 2
TGME49_242240,rhoptry kinase family protein ROP19A,TGME49_242110,rhoptry kinase family protein ROP38,0.4775248673558774,,
TGME49_275798,"microneme protein, putative",TGME49_238210,EGF family domain-containing protein,0.47735453357539837,,
TGME49_278420,Toxoplasma gondii family A protein,TGME49_243190,Toxoplasma gondii family A protein,0.47708284986676663,,
TGME49_301160,SAG-related sequence SRS19C,TGME49_234930,SAG-related sequence SRS43,0.4769278302412949,PM - peripheral 1,PM - peripheral 1
TGME49_301170,SAG-related sequence SRS19D,TGME49_273120,SAG-related sequence SRS30C,0.4768082548118965,PM - peripheral 1,PM - peripheral 1
TGME49_320170,SAG-related sequence SRS16E,TGME49_292280,SAG-related sequence SRS36D,0.4768039922889218,PM - peripheral 1,PM - peripheral 1
TGME49_320230,SAG-related sequence SRS15C,TGME49_321480,SAG-related sequence SRS12B,0.47661294628135964,PM - peripheral 1,PM - peripheral 1
TGME49_320230,SAG-related sequence SRS15C,TGME49_224770,SAG-related sequence SRS40D,0.47652345254353434,PM - peripheral 1,
TGME49_301180,SAG-related sequence SRS19F,TGME49_273120,SAG-related sequence SRS30C,0.47650612644190526,PM - peripheral 1,PM - peripheral 1
TGME49_267150,SAG-related sequence SRS38C,TGME49_272560,SAG-related sequence SRS31B,0.476270981179146,endomembrane vesicles,
TGME49_321170,Toxoplasma gondii family C protein,TGME49_500218,Toxoplasma gondii family C protein,0.4762592723579969,,
TGME49_315740,SAG-related sequence SRS54,TGME49_273130,SAG-related sequence SRS30A,0.4762496488500616,PM - peripheral 1,PM - peripheral 1
TGME49_200130,Toxoplasma gondii family C protein,TGME49_307260,Toxoplasma gondii family C protein,0.4759294901606257,,
TGME49_235920,"dynein, axonemal, heavy chain 2 family protein",TGME49_286932,ATPase family associated with various cellular activities (AAA) domain-containing protein,0.4757747099056916,,
TGME49_276230,Toxoplasma gondii family B protein,TGME49_244920,Toxoplasma gondii family B protein,0.4755577291726252,,
TGME49_320200,SAG-related sequence SRS16A,TGME49_321480,SAG-related sequence SRS12B,0.4753036161470098,PM - peripheral 1,PM - peripheral 1
TGME49_242110,rhoptry kinase family protein ROP38,TGME49_323330,hypothetical protein,0.47530011140498296,,
TGME49_224750,SAG-related sequence SRS40F,TGME49_267160,SAG-related sequence SRS38D,0.4752284274548325,,
TGME49_305470,hypothetical protein,TGME49_309910,"amino acid transporter, putative",0.47522196286000207,nucleus - chromatin,ER
TGME49_278100,Toxoplasma gondii family A protein,TGME49_278420,Toxoplasma gondii family A protein,0.47496808352098896,PM - peripheral 1,
TGME49_242230,rhoptry kinase family protein ROP29,TGME49_500375,rhoptry kinase family protein,0.4749077030364238,,
TGME49_292390,KRUF family protein,TGME49_323000,KRUF family protein,0.47460501892436024,,nucleus - chromatin
TGME49_320250,SAG-related sequence SRS15A,TGME49_301170,SAG-related sequence SRS19D,0.47439081231589086,,PM - peripheral 1
TGME49_207010,SAG-related sequence SRS48K,TGME49_500199,SAG-related sequence,0.4741763716187266,,
TGME49_320180,SAG-related sequence SRS16C,TGME49_273120,SAG-related sequence SRS30C,0.4740730964277591,PM - peripheral 1,PM - peripheral 1
TGME49_320190,SAG-related sequence SRS16B,TGME49_292270,SAG-related sequence SRS36C,0.4740059813377,PM - peripheral 1,
TGME49_320200,SAG-related sequence SRS16A,TGME49_320170,SAG-related sequence SRS16E,0.4739054321450996,PM - peripheral 1,PM - peripheral 1
TGME49_295935,KRUF family protein,TGME49_250955,KRUF family protein,0.4736639473993216,,dense granules
TGME49_292280,SAG-related sequence SRS36D,TGME49_292260,SAG-related sequence SRS36B,0.4736346652926121,PM - peripheral 1,PM - peripheral 1
TGME49_315380,SAG-related sequence SRS53B,TGME49_315410,SAG-related sequence SRS53F,0.47334436188726947,,PM - peripheral 1
TGME49_245730,phosphatidylinositol-4-phosphate 5-Kinase,TGME49_230490,phosphatidylinositol-4-phosphate 5-kinase,0.47333616251279054,PM - peripheral 2,IMC
TGME49_207015,SRS domain-containing protein,TGME49_271040,hypothetical protein,0.473157940603098,,
TGME49_321470,SAG-related sequence SRS12D,TGME49_292280,SAG-related sequence SRS36D,0.47311837489025965,,PM - peripheral 1
TGME49_278090,Toxoplasma gondii family A protein,TGME49_266330,Toxoplasma gondii family A protein,0.47277641015530003,,
TGME49_278390,Toxoplasma gondii family A protein,TGME49_278300,Toxoplasma gondii family A protein,0.4724410197025044,,
TGME49_320180,SAG-related sequence SRS16C,TGME49_267160,SAG-related sequence SRS38D,0.472097274513139,PM - peripheral 1,
TGME49_250670,hypothetical protein,TGME49_245980,hypothetical protein,0.47143223970001713,,
TGME49_285470,patched family protein,TGME49_320500,patched family protein,0.47110946820890454,,
TGME49_267160,SAG-related sequence SRS38D,TGME49_320240,SAG-related sequence SRS15B,0.4710518356863739,,
TGME49_224760,SAG-related sequence SRS40E,TGME49_320200,SAG-related sequence SRS16A,0.47090823813057536,,PM - peripheral 1
TGME49_242110,rhoptry kinase family protein ROP38,TGME49_323300,myosin-light-chain kinase,0.47089942237757787,,
TGME49_243120,Toxoplasma gondii family A protein,TGME49_278390,Toxoplasma gondii family A protein,0.4707471547659543,,
TGME49_321170,Toxoplasma gondii family C protein,TGME49_287280,Toxoplasma gondii family C protein,0.47072560533345453,,
TGME49_243140,Toxoplasma gondii family A protein,TGME49_278100,Toxoplasma gondii family A protein,0.4703230701358031,,PM - peripheral 1
TGME49_278100,Toxoplasma gondii family A protein,TGME49_327300,Toxoplasma gondii family A protein,0.47009431759496767,PM - peripheral 1,
TGME49_228780,Toxoplasma gondii family C protein,TGME49_287280,Toxoplasma gondii family C protein,0.4696603888287958,,
TGME49_293000,3'5'-cyclic nucleotide phosphodiesterase PDE2,TGME49_202540,3'5'-cyclic nucleotide phosphodiesterase PDE1,0.4695867027020725,nucleus - chromatin,PM - integral
TGME49_292260,SAG-related sequence SRS36B,TGME49_272560,SAG-related sequence SRS31B,0.469388999384837,PM - peripheral 1,
TGME49_253940,"CAM Kinase family, incomplete catalytic triad",TGME49_235750,ULK kinase,0.4692028134524471,PM - integral,PM - integral
TGME49_224790,SAG-related sequence SRS40A,TGME49_224770,SAG-related sequence SRS40D,0.469095678225001,,
TGME49_292260,SAG-related sequence SRS36B,TGME49_292275,SAG-related sequence SRS36E,0.468252426373423,PM - peripheral 1,
TGME49_301140,SAG-related sequence SRS19A,TGME49_224760,SAG-related sequence SRS40E,0.4680626579459515,,
TGME49_500120,"hypothetical protein, conserved",TGME49_500160,histone arginine methyltransferase PRMT2,0.4679473919432843,,cytosol
TGME49_275380,SAG-related sequence SRS47D,TGME49_275355,SAG-related sequence SRS47A,0.46794675342462355,,
TGME49_278370,Toxoplasma gondii family A protein,TGME49_327300,Toxoplasma gondii family A protein,0.467740894812427,,
TGME49_278440,SWI2/SNF2 Brahma-like putative,TGME49_320300,SWI2/SNF2 Brahma-like putative,0.4677324021549861,nucleus - chromatin,nucleus - chromatin
TGME49_217390,hypothetical protein,TGME49_500078,REJ domain-containing protein,0.46757276141596193,,
TGME49_308093,rhoptry kinase family protein (incomplete catalytic triad),TGME49_215785,rhoptry protein ROP2A,0.46746553481622166,dense granules,rhoptries 1
TGME49_500148,GCC2 and GCC3 domain-containing protein,TGME49_500222,GCC2 and GCC3 domain-containing protein,0.46719673040409637,,
TGME49_242110,rhoptry kinase family protein ROP38,TGME49_242230,rhoptry kinase family protein ROP29,0.4668169718880215,,
TGME49_243170,Toxoplasma gondii family A protein,TGME49_278400,Toxoplasma gondii family A protein,0.4667839726593469,,
TGME49_316670,Toxoplasma gondii family D protein,TGME49_236975,Toxoplasma gondii family D protein,0.4666484668054136,,
TGME49_500353,SAG-related sequence,TGME49_210320,SAG-related sequence SRS37A,0.4662925040915459,,
TGME49_278290,Toxoplasma gondii family A protein,TGME49_243190,Toxoplasma gondii family A protein,0.4660181476840778,,
TGME49_224770,SAG-related sequence SRS40D,TGME49_320240,SAG-related sequence SRS15B,0.4658642358988385,,
TGME49_243150,Toxoplasma gondii family A protein,TGME49_278370,Toxoplasma gondii family A protein,0.46561623090041115,,
TGME49_298960,Toxoplasma gondii family C protein,TGME49_300990,Toxoplasma gondii family C protein,0.46555641157269323,,
TGME49_273110,SAG-related sequence SRS30D,TGME49_320200,SAG-related sequence SRS16A,0.4651218317486021,,PM - peripheral 1
TGME49_273110,SAG-related sequence SRS30D,TGME49_292275,SAG-related sequence SRS36E,0.4648897253165878,,
TGME49_202500,glideosome-associated protein with multiple-membrane spans GAPM1A,TGME49_202510,glideosome-associated protein with multiple-membrane spans GAPM1B,0.46467619669304605,,
TGME49_320200,SAG-related sequence SRS16A,TGME49_315740,SAG-related sequence SRS54,0.46453513738526153,PM - peripheral 1,PM - peripheral 1
TGME49_278370,Toxoplasma gondii family A protein,TGME49_268270,hypothetical protein,0.46449794120135557,,
TGME49_243140,Toxoplasma gondii family A protein,TGME49_278390,Toxoplasma gondii family A protein,0.46430296558484674,,
TGME49_314110,hypothetical protein,TGME49_500277,"hypothetical protein, conserved",0.4643004395801231,,
TGME49_278090,Toxoplasma gondii family A protein,TGME49_243140,Toxoplasma gondii family A protein,0.4637465989059608,,
TGME49_320170,SAG-related sequence SRS16E,TGME49_295600,SAG-related sequence SRS10,0.46374381922109964,PM - peripheral 1,
TGME49_273110,SAG-related sequence SRS30D,TGME49_267160,SAG-related sequence SRS38D,0.4637397567970576,,
TGME49_320200,SAG-related sequence SRS16A,TGME49_267130,SAG-related sequence SRS38A,0.4637309882341355,PM - peripheral 1,PM - peripheral 1
TGME49_295935,KRUF family protein,TGME49_292375,KRUF family protein,0.4635950157983697,,
TGME49_242900,Toxoplasma gondii family A protein,TGME49_278390,Toxoplasma gondii family A protein,0.4634470611958196,,
TGME49_278360,Toxoplasma gondii family A protein,TGME49_243190,Toxoplasma gondii family A protein,0.4632468578713119,,
TGME49_258580,rhoptry protein ROP17,TGME49_258800,rhoptry kinase family protein ROP31,0.462894660279511,rhoptries 1,rhoptries 1
TGME49_500062,"dynein heavy chain, putative",TGME49_235920,"dynein, axonemal, heavy chain 2 family protein",0.4628661470863106,,
TGME49_242100,rhoptry kinase family protein,TGME49_242118,myosin-light-chain kinase,0.4621970979756026,,rhoptries 2
TGME49_320230,SAG-related sequence SRS15C,TGME49_224790,SAG-related sequence SRS40A,0.4621747058932911,PM - peripheral 1,
TGME49_238440,SAG-related sequence SRS22A,TGME49_238500,SAG-related sequence SRS22F,0.46213730244412754,PM - peripheral 1,
TGME49_292610,Toxoplasma gondii family C protein,TGME49_321170,Toxoplasma gondii family C protein,0.46162858068983637,,
TGME49_278090,Toxoplasma gondii family A protein,TGME49_278400,Toxoplasma gondii family A protein,0.4616173653322998,,
TGME49_238440,SAG-related sequence SRS22A,TGME49_238520,SAG-related sequence SRS22G,0.4614720010265486,PM - peripheral 1,
TGME49_321490,SAG-related sequence SRS12A,TGME49_292260,SAG-related sequence SRS36B,0.4612906549256325,,PM - peripheral 1
TGME49_233500,triose-phosphate isomerase TPI-II,TGME49_225930,triose-phosphate isomerase TPI-I,0.46111611953164067,apicoplast,cytosol
TGME49_277270,NTPase II,TGME49_277240,NTPase I,0.4610944092323651,dense granules,dense granules
TGME49_238440,SAG-related sequence SRS22A,TGME49_238480,SAG-related sequence SRS22D,0.4610289847898219,PM - peripheral 1,
TGME49_224760,SAG-related sequence SRS40E,TGME49_272560,SAG-related sequence SRS31B,0.4609970164788557,,
TGME49_219348,SAG-related sequence SRS55M,TGME49_254060,SAG-related sequence SRS14A,0.460802370230873,,PM - peripheral 1
TGME49_323000,KRUF family protein,TGME49_252080,hypothetical protein,0.45950033047577854,nucleus - chromatin,
TGME49_243160,Toxoplasma gondii family A protein,TGME49_278100,Toxoplasma gondii family A protein,0.4594889722304193,,PM - peripheral 1
TGME49_224770,SAG-related sequence SRS40D,TGME49_267160,SAG-related sequence SRS38D,0.4593624787483621,,
TGME49_243140,Toxoplasma gondii family A protein,TGME49_278400,Toxoplasma gondii family A protein,0.4593439769109371,,
TGME49_292250,SAG-related sequence SRS36A,TGME49_292275,SAG-related sequence SRS36E,0.4592842860917674,,
TGME49_278090,Toxoplasma gondii family A protein,TGME49_278420,Toxoplasma gondii family A protein,0.45917916610013343,,
TGME49_254060,SAG-related sequence SRS14A,TGME49_275355,SAG-related sequence SRS47A,0.4590971809768032,PM - peripheral 1,
TGME49_500026,Toxoplasma gondii family B protein,TGME49_307460,Toxoplasma gondii family B protein,0.4589908428277618,,
TGME49_243120,Toxoplasma gondii family A protein,TGME49_243190,Toxoplasma gondii family A protein,0.458853308849122,,
TGME49_210320,SAG-related sequence SRS37A,TGME49_239090,SAG-related sequence SRS23,0.45883803986310634,,
TGME49_320180,SAG-related sequence SRS16C,TGME49_267140,SAG-related sequence SRS38B,0.45877690564579554,PM - peripheral 1,PM - peripheral 1
TGME49_243250,myosin H,TGME49_235470,myosin A,0.45810354586268665,apical 2,IMC
TGME49_207005,SAG-related sequence SRS48Q,TGME49_271040,hypothetical protein,0.4579223359251007,,
TGME49_301150,SAG-related sequence SRS19B,TGME49_272560,SAG-related sequence SRS31B,0.457748450654461,PM - peripheral 1,
TGME49_309300,SAG-related sequence SRS55A,TGME49_271040,hypothetical protein,0.45773591723644114,,
TGME49_254060,SAG-related sequence SRS14A,TGME49_207005,SAG-related sequence SRS48Q,0.4571637418596043,PM - peripheral 1,
TGME49_320170,SAG-related sequence SRS16E,TGME49_224780,SAG-related sequence SRS40B [Source:UniProtKB/TrEMBL;Acc:S8EU84],0.4567673535444299,PM - peripheral 1,
TGME49_301150,SAG-related sequence SRS19B,TGME49_292275,SAG-related sequence SRS36E,0.4564263452577333,PM - peripheral 1,
TGME49_314780,myosin G,TGME49_230980,myosin I,0.45620877866848664,PM - peripheral 2,ER
TGME49_308020,SAG-related sequence SRS57,TGME49_308840,SAG-related sequence SRS51,0.45609767906822274,PM - peripheral 1,PM - peripheral 1
TGME49_256700,hypothetical protein,TGME49_256650,hypothetical protein,0.45607765301204684,,
TGME49_309352,SAG-related sequence SRS55N,TGME49_271040,hypothetical protein,0.45592128090842776,,
TGME49_320770,Toxoplasma gondii family B protein,TGME49_299570,Toxoplasma gondii family B protein,0.45574127239007933,,
TGME49_224750,SAG-related sequence SRS40F,TGME49_295600,SAG-related sequence SRS10,0.45572077209833295,,
TGME49_320250,SAG-related sequence SRS15A,TGME49_267150,SAG-related sequence SRS38C,0.4556962113600119,,endomembrane vesicles
TGME49_267150,SAG-related sequence SRS38C,TGME49_292260,SAG-related sequence SRS36B,0.4552905577016316,endomembrane vesicles,PM - peripheral 1
TGME49_278350,Toxoplasma gondii family A protein,TGME49_278390,Toxoplasma gondii family A protein,0.4552145384693689,,
TGME49_278410,Toxoplasma gondii family A protein,TGME49_243190,Toxoplasma gondii family A protein,0.45500850200567267,,
TGME49_275380,SAG-related sequence SRS47D,TGME49_285860,SAG-related sequence SRS20C,0.45498118053233005,,PM - peripheral 1
TGME49_243160,Toxoplasma gondii family A protein,TGME49_278390,Toxoplasma gondii family A protein,0.454199447459501,,
TGME49_278410,Toxoplasma gondii family A protein,TGME49_278400,Toxoplasma gondii family A protein,0.4539175112189674,,
TGME49_238440,SAG-related sequence SRS22A,TGME49_238460,SAG-related sequence SRS22B,0.4532960692577762,PM - peripheral 1,
TGME49_283450,Toxoplasma gondii family B protein,TGME49_500026,Toxoplasma gondii family B protein,0.45320965658955825,,
TGME49_260200,helicase associated domain (ha2) protein,TGME49_263650,"pre-mRNA-processing protein 8, putative",0.45300926503436756,nucleus - chromatin,nucleus - non-chromatin
TGME49_278420,Toxoplasma gondii family A protein,TGME49_278070,Toxoplasma gondii family A protein,0.45290192886684544,,
TGME49_243150,Toxoplasma gondii family A protein,TGME49_243190,Toxoplasma gondii family A protein,0.45279254287436166,,
TGME49_283450,Toxoplasma gondii family B protein,TGME49_200480,Toxoplasma gondii family B protein,0.4526704160852326,,
TGME49_320230,SAG-related sequence SRS15C,TGME49_273120,SAG-related sequence SRS30C,0.452605151054568,PM - peripheral 1,PM - peripheral 1
TGME49_320240,SAG-related sequence SRS15B,TGME49_267150,SAG-related sequence SRS38C,0.45250168763893006,,endomembrane vesicles
TGME49_278090,Toxoplasma gondii family A protein,TGME49_243190,Toxoplasma gondii family A protein,0.45246095004675335,,
TGME49_243150,Toxoplasma gondii family A protein,TGME49_278390,Toxoplasma gondii family A protein,0.452162698160092,,
TGME49_270120,thioredoxin-like protein TLP1,TGME49_293870,thioredoxin 1,0.45181633079691463,mitochondrion - soluble,cytosol
TGME49_298960,Toxoplasma gondii family C protein,TGME49_200130,Toxoplasma gondii family C protein,0.4517395505494154,,
TGME49_307045,Toxoplasma gondii family B protein,TGME49_500111,Toxoplasma gondii family B protein,0.4514143458324982,,
TGME49_275360,SAG-related sequence SRS47B,TGME49_271040,hypothetical protein,0.4513722923157073,,
TGME49_320200,SAG-related sequence SRS16A,TGME49_224770,SAG-related sequence SRS40D,0.4511656144974524,PM - peripheral 1,
TGME49_320170,SAG-related sequence SRS16E,TGME49_272560,SAG-related sequence SRS31B,0.4506058388179405,PM - peripheral 1,
TGME49_235920,"dynein, axonemal, heavy chain 2 family protein",TGME49_249840,"dynein heavy chain 2, putative",0.45057007036755414,,
TGME49_301150,SAG-related sequence SRS19B,TGME49_292280,SAG-related sequence SRS36D,0.45033145926496887,PM - peripheral 1,PM - peripheral 1
TGME49_296121,hypothetical protein,TGME49_250670,hypothetical protein,0.45018692858052156,,
TGME49_310080,"acyl-CoA synthetase ACS3, putative",TGME49_310150,"acyl-CoA synthetase ACS2, putative",0.4501603092077354,cytosol,Golgi
TGME49_278365,Toxoplasma gondii family A protein,TGME49_243190,Toxoplasma gondii family A protein,0.4500920153471347,PM - peripheral 1,
TGME49_320170,SAG-related sequence SRS16E,TGME49_224790,SAG-related sequence SRS40A,0.4499976126533122,PM - peripheral 1,
TGME49_320230,SAG-related sequence SRS15C,TGME49_301160,SAG-related sequence SRS19C,0.44994343207878007,PM - peripheral 1,PM - peripheral 1
TGME49_267130,SAG-related sequence SRS38A,TGME49_292270,SAG-related sequence SRS36C,0.44926791576318204,PM - peripheral 1,
TGME49_278390,Toxoplasma gondii family A protein,TGME49_278420,Toxoplasma gondii family A protein,0.44920611387407805,,
TGME49_210320,SAG-related sequence SRS37A,TGME49_279000,SAG-related sequence SRS59J,0.44920266598869785,,
TGME49_279550,hypothetical protein,TGME49_306680,hypothetical protein,0.44865555575070193,,
TGME49_320240,SAG-related sequence SRS15B,TGME49_292260,SAG-related sequence SRS36B,0.44862593799643036,,PM - peripheral 1
TGME49_320170,SAG-related sequence SRS16E,TGME49_301170,SAG-related sequence SRS19D,0.4482064935101012,PM - peripheral 1,PM - peripheral 1
TGME49_320200,SAG-related sequence SRS16A,TGME49_234930,SAG-related sequence SRS43,0.4481919501371736,PM - peripheral 1,PM - peripheral 1
TGME49_320230,SAG-related sequence SRS15C,TGME49_292250,SAG-related sequence SRS36A,0.4481608376865386,PM - peripheral 1,
TGME49_301140,SAG-related sequence SRS19A,TGME49_292280,SAG-related sequence SRS36D,0.4479630960662525,,PM - peripheral 1
TGME49_242900,Toxoplasma gondii family A protein,TGME49_243190,Toxoplasma gondii family A protein,0.4479445064484546,,
TGME49_278340,Toxoplasma gondii family A protein,TGME49_266330,Toxoplasma gondii family A protein,0.44766661609684344,,
TGME49_292610,Toxoplasma gondii family C protein,TGME49_287280,Toxoplasma gondii family C protein,0.44766361571098323,,
TGME49_278370,Toxoplasma gondii family A protein,TGME49_278300,Toxoplasma gondii family A protein,0.44766275814820267,,
TGME49_307460,Toxoplasma gondii family B protein,TGME49_264225,Toxoplasma gondii family B protein,0.44744557165215293,,
TGME49_296231,hypothetical protein,TGME49_250670,hypothetical protein,0.4472756802406328,,
TGME49_243170,Toxoplasma gondii family A protein,TGME49_278070,Toxoplasma gondii family A protein,0.4471382457500044,,
TGME49_321470,SAG-related sequence SRS12D,TGME49_267160,SAG-related sequence SRS38D,0.44698747171857267,,
TGME49_243140,Toxoplasma gondii family A protein,TGME49_243190,Toxoplasma gondii family A protein,0.44695030878095443,,
TGME49_307045,Toxoplasma gondii family B protein,TGME49_279460,Toxoplasma gondii family B protein,0.44687356797179545,,
TGME49_298060,Toxoplasma gondii family C protein,TGME49_228780,Toxoplasma gondii family C protein,0.44679036920423965,,
TGME49_301160,SAG-related sequence SRS19C,TGME49_292260,SAG-related sequence SRS36B,0.4467320325094333,PM - peripheral 1,PM - peripheral 1
TGME49_242830,XRN 5'-3' exonuclease N-terminus protein,TGME49_305780,"5'-3' exoribonuclease, putative",0.44671382407298643,nucleus - non-chromatin,nucleus - non-chromatin
TGME49_243130,Toxoplasma gondii family A protein,TGME49_278400,Toxoplasma gondii family A protein,0.4466741183267978,,
TGME49_295110,rhoptry protein ROP7,TGME49_308090,rhoptry protein ROP5,0.4466040664313339,rhoptries 1,rhoptries 1
TGME49_500004,"peptidase, putative",TGME49_500193,chromo domain-containing protein,0.44637934132960855,nucleus - chromatin,
TGME49_301140,SAG-related sequence SRS19A,TGME49_320240,SAG-related sequence SRS15B,0.44636816748470476,,
TGME49_267160,SAG-related sequence SRS38D,TGME49_292250,SAG-related sequence SRS36A,0.44628285370157617,,
TGME49_213067,dense granule protein GRA36,TGME49_225160,hypothetical protein,0.4456853791192743,dense granules,dense granules
TGME49_295600,SAG-related sequence SRS10,TGME49_292275,SAG-related sequence SRS36E,0.4456683792484044,,
TGME49_307045,Toxoplasma gondii family B protein,TGME49_298090,Toxoplasma gondii family B protein,0.4455101118890882,,
TGME49_320230,SAG-related sequence SRS15C,TGME49_321490,SAG-related sequence SRS12A,0.4453217258579537,PM - peripheral 1,
TGME49_230830,ATPase family associated with various cellular activities (AAA) domain-containing protein,TGME49_500072,"dynein heavy chain, putative",0.44504133943363666,,
TGME49_241240,dense granule protein GRA65,TGME49_241610,dense granule protein GRA21,0.44497516788674696,dense granules,
TGME49_307045,Toxoplasma gondii family B protein,TGME49_306870,hypothetical protein,0.4447437641110532,,
TGME49_275370,SAG-related sequence SRS47C,TGME49_275355,SAG-related sequence SRS47A,0.4443946090154468,PM - peripheral 1,
TGME49_223700,F5/8 type C domain-containing protein,TGME49_264070,F5/8 type C domain-containing protein,0.4443421387296692,,
TGME49_278340,Toxoplasma gondii family A protein,TGME49_278090,Toxoplasma gondii family A protein,0.44418979242477774,,
TGME49_224790,SAG-related sequence SRS40A,TGME49_292260,SAG-related sequence SRS36B,0.4440563643212855,,PM - peripheral 1
TGME49_286080,elongation factor 2 family protein,TGME49_205470,"translation elongation factor 2 family protein, putative",0.4432982364505108,nucleus - non-chromatin,cytosol
TGME49_300990,Toxoplasma gondii family C protein,TGME49_200130,Toxoplasma gondii family C protein,0.4432977989498186,,
TGME49_301180,SAG-related sequence SRS19F,TGME49_273130,SAG-related sequence SRS30A,0.44300264511359055,PM - peripheral 1,PM - peripheral 1
TGME49_219348,SAG-related sequence SRS55M,TGME49_500199,SAG-related sequence,0.4426292837349688,,
TGME49_292260,SAG-related sequence SRS36B,TGME49_224780,SAG-related sequence SRS40B [Source:UniProtKB/TrEMBL;Acc:S8EU84],0.4425904964165004,PM - peripheral 1,
TGME49_500304,"P25-alpha family protein, putative",TGME49_320560,p25-alpha family protein,0.44252321303556585,,
TGME49_292270,SAG-related sequence SRS36C,TGME49_224780,SAG-related sequence SRS40B [Source:UniProtKB/TrEMBL;Acc:S8EU84],0.44246772272784907,,
TGME49_215910,hypothetical protein,TGME49_288000,hypothetical protein,0.4420349757992523,dense granules,dense granules
TGME49_320250,SAG-related sequence SRS15A,TGME49_292280,SAG-related sequence SRS36D,0.44197832288899574,,PM - peripheral 1
TGME49_219348,SAG-related sequence SRS55M,TGME49_285860,SAG-related sequence SRS20C,0.4419533586644173,,PM - peripheral 1
TGME49_203135,dynein heavy chain family protein,TGME49_249840,"dynein heavy chain 2, putative",0.4413357764330609,,
TGME49_233450,SAG-related sequence SRS29A,TGME49_308020,SAG-related sequence SRS57,0.44069183058301886,PM - peripheral 1,PM - peripheral 1
TGME49_308020,SAG-related sequence SRS57,TGME49_233460,SAG-related sequence SRS29B,0.4406900131621915,PM - peripheral 1,PM - peripheral 1
TGME49_320230,SAG-related sequence SRS15C,TGME49_224780,SAG-related sequence SRS40B [Source:UniProtKB/TrEMBL;Acc:S8EU84],0.44019918205102804,PM - peripheral 1,
TGME49_320170,SAG-related sequence SRS16E,TGME49_224750,SAG-related sequence SRS40F,0.43997624714462125,PM - peripheral 1,
TGME49_267160,SAG-related sequence SRS38D,TGME49_292260,SAG-related sequence SRS36B,0.43994518560867,,PM - peripheral 1
TGME49_301140,SAG-related sequence SRS19A,TGME49_224750,SAG-related sequence SRS40F,0.4399096634621664,,
TGME49_207010,SAG-related sequence SRS48K,TGME49_271040,hypothetical protein,0.4394505659179414,,
TGME49_320230,SAG-related sequence SRS15C,TGME49_224750,SAG-related sequence SRS40F,0.43938342371374295,PM - peripheral 1,
TGME49_275790,EGF family domain-containing protein,TGME49_238210,EGF family domain-containing protein,0.43900043777759645,,
TGME49_321480,SAG-related sequence SRS12B,TGME49_292270,SAG-related sequence SRS36C,0.4387878536183294,PM - peripheral 1,
TGME49_254060,SAG-related sequence SRS14A,TGME49_296640,SAG-related sequence SRS48E,0.43878513452532764,PM - peripheral 1,
TGME49_224760,SAG-related sequence SRS40E,TGME49_295600,SAG-related sequence SRS10,0.4385930159589183,,
TGME49_278390,Toxoplasma gondii family A protein,TGME49_278430,Toxoplasma gondii family A protein,0.4384235073106939,,
TGME49_273110,SAG-related sequence SRS30D,TGME49_224750,SAG-related sequence SRS40F,0.4384054412243473,,
TGME49_238440,SAG-related sequence SRS22A,TGME49_238470,SAG-related sequence SRS22C,0.4382075064074309,PM - peripheral 1,
TGME49_224750,SAG-related sequence SRS40F,TGME49_292260,SAG-related sequence SRS36B,0.4381502913882247,,PM - peripheral 1
TGME49_217870,palmitoyltransferase DHHC3,TGME49_278850,palmitoyltransferase DHHC2,0.4379993111393804,PM - integral,IMC
TGME49_267160,SAG-related sequence SRS38D,TGME49_321480,SAG-related sequence SRS12B,0.43796375338833937,,PM - peripheral 1
TGME49_229330,Cof family hydrolase subfamily protein,TGME49_229320,Cof family hydrolase subfamily protein,0.43781748830756306,,
TGME49_243180,Toxoplasma gondii family A protein,TGME49_243190,Toxoplasma gondii family A protein,0.43775262149140115,,
TGME49_243130,Toxoplasma gondii family A protein,TGME49_278370,Toxoplasma gondii family A protein,0.43766452647860254,,
TGME49_295110,rhoptry protein ROP7,TGME49_205250,rhoptry protein ROP18,0.4375362180147798,rhoptries 1,rhoptries 1
TGME49_220720,hypothetical protein,TGME49_300780,hypothetical protein,0.43742553662024597,,
TGME49_266330,Toxoplasma gondii family A protein,TGME49_278390,Toxoplasma gondii family A protein,0.4373595023285607,,
TGME49_243100,Toxoplasma gondii family A protein,TGME49_243190,Toxoplasma gondii family A protein,0.4372263158528381,,
TGME49_272240,Toxoplasma gondii family D protein,TGME49_294600,Toxoplasma gondii family D protein,0.43717956021093596,,
TGME49_320200,SAG-related sequence SRS16A,TGME49_292260,SAG-related sequence SRS36B,0.43716495322532445,PM - peripheral 1,PM - peripheral 1
TGME49_292610,Toxoplasma gondii family C protein,TGME49_307260,Toxoplasma gondii family C protein,0.4363491040414692,,
TGME49_224760,SAG-related sequence SRS40E,TGME49_321480,SAG-related sequence SRS12B,0.43627310305183375,,PM - peripheral 1
TGME49_500146,"guanine-nucleotide exchange factor, putative",TGME49_500183,"glyoxalase, putative",0.4361827562935937,nucleus - chromatin,
TGME49_264225,Toxoplasma gondii family B protein,TGME49_306870,hypothetical protein,0.43613294570909156,,
TGME49_207005,SAG-related sequence SRS48Q,TGME49_275355,SAG-related sequence SRS47A,0.4359096141311182,,
TGME49_273110,SAG-related sequence SRS30D,TGME49_295600,SAG-related sequence SRS10,0.4356172293515116,,
TGME49_301160,SAG-related sequence SRS19C,TGME49_321480,SAG-related sequence SRS12B,0.4354400436835,PM - peripheral 1,PM - peripheral 1
TGME49_278090,Toxoplasma gondii family A protein,TGME49_243180,Toxoplasma gondii family A protein,0.4352623084356919,,
TGME49_200270,PAN/Apple domain-containing protein,TGME49_200250,microneme protein MIC17A,0.43501031650995736,micronemes,micronemes
TGME49_243180,Toxoplasma gondii family A protein,TGME49_278370,Toxoplasma gondii family A protein,0.43500075583587106,,
TGME49_278380,Toxoplasma gondii family A protein,TGME49_278400,Toxoplasma gondii family A protein,0.43473216088721034,,
TGME49_278370,Toxoplasma gondii family A protein,TGME49_278290,Toxoplasma gondii family A protein,0.43408367694581285,,
TGME49_307045,Toxoplasma gondii family B protein,TGME49_500026,Toxoplasma gondii family B protein,0.4340799615317722,,
TGME49_500174,KRUF family protein,TGME49_250955,KRUF family protein,0.4337384904889945,,dense granules
TGME49_207015,SRS domain-containing protein,TGME49_275355,SAG-related sequence SRS47A,0.4334853266201867,,
TGME49_320170,SAG-related sequence SRS16E,TGME49_224770,SAG-related sequence SRS40D,0.4328877155622284,PM - peripheral 1,
TGME49_300990,Toxoplasma gondii family C protein,TGME49_500184,Toxoplasma gondii family C protein,0.4328103652676101,,
TGME49_278340,Toxoplasma gondii family A protein,TGME49_242900,Toxoplasma gondii family A protein,0.4327983269722079,,
TGME49_243150,Toxoplasma gondii family A protein,TGME49_278070,Toxoplasma gondii family A protein,0.4323959379406578,,
TGME49_309352,SAG-related sequence SRS55N,TGME49_254060,SAG-related sequence SRS14A,0.4323075388548867,,PM - peripheral 1
TGME49_296121,hypothetical protein,TGME49_287470,hypothetical protein,0.4322277039821971,,
TGME49_500295,Toxoplasma gondii family B protein,TGME49_244920,Toxoplasma gondii family B protein,0.43194667551457666,,
TGME49_278350,Toxoplasma gondii family A protein,TGME49_278370,Toxoplasma gondii family A protein,0.4318269981171129,,
TGME49_323020,KRUF family protein,TGME49_252080,hypothetical protein,0.431654764942193,,
TGME49_245980,hypothetical protein,TGME49_250220,hypothetical protein,0.43119858611966055,,
TGME49_278510,protein phosphatase PPM3F,TGME49_201630,"protein phosphatase PPM3H, putative",0.4311012503508954,rhoptries 1,rhoptries 1
TGME49_309980,dynein heavy chain family protein,TGME49_286932,ATPase family associated with various cellular activities (AAA) domain-containing protein,0.4309232666178091,,
TGME49_278390,Toxoplasma gondii family A protein,TGME49_327300,Toxoplasma gondii family A protein,0.4304460984480655,,
TGME49_242110,rhoptry kinase family protein ROP38,TGME49_322020,hypothetical protein,0.4298278342026196,,
TGME49_251962,SAG-related sequence SRS59K,TGME49_239090,SAG-related sequence SRS23,0.42947900171074505,,
TGME49_224770,SAG-related sequence SRS40D,TGME49_292260,SAG-related sequence SRS36B,0.4293639973416439,,PM - peripheral 1
TGME49_200130,Toxoplasma gondii family C protein,TGME49_321170,Toxoplasma gondii family C protein,0.42907097195278143,,
TGME49_242240,rhoptry kinase family protein ROP19A,TGME49_322100,myosin-light-chain kinase,0.42884046123567376,,
TGME49_213460,hypothetical protein,TGME49_213480,hypothetical protein,0.4286825281121607,,
TGME49_301150,SAG-related sequence SRS19B,TGME49_320200,SAG-related sequence SRS16A,0.42865910402453145,PM - peripheral 1,PM - peripheral 1
TGME49_278370,Toxoplasma gondii family A protein,TGME49_243140,Toxoplasma gondii family A protein,0.42821589743328325,,
TGME49_321470,SAG-related sequence SRS12D,TGME49_267130,SAG-related sequence SRS38A,0.4281866666780496,,PM - peripheral 1
TGME49_201520,"protein phosphatase PPM3G, putative",TGME49_201630,"protein phosphatase PPM3H, putative",0.4279739811541936,rhoptries 1,rhoptries 1
TGME49_220720,hypothetical protein,TGME49_322500,hypothetical protein,0.4278859309044083,,
TGME49_283450,Toxoplasma gondii family B protein,TGME49_320770,Toxoplasma gondii family B protein,0.42783975237597505,,
TGME49_320230,SAG-related sequence SRS15C,TGME49_320200,SAG-related sequence SRS16A,0.4278182491353931,PM - peripheral 1,PM - peripheral 1
TGME49_224760,SAG-related sequence SRS40E,TGME49_321490,SAG-related sequence SRS12A,0.4276998129409919,,
TGME49_278360,Toxoplasma gondii family A protein,TGME49_278390,Toxoplasma gondii family A protein,0.4274839211822138,,
TGME49_278370,Toxoplasma gondii family A protein,TGME49_278430,Toxoplasma gondii family A protein,0.4270264093323082,,
TGME49_230410,peroxiredoxin PRX3,TGME49_309210,"peroxiredoxin 6, putative",0.42641740490313373,mitochondrion - soluble,cytosol
TGME49_220630,hypothetical protein,TGME49_250220,hypothetical protein,0.42619884125107765,,
TGME49_500353,SAG-related sequence,TGME49_239090,SAG-related sequence SRS23,0.4259654909025197,,
TGME49_292375,KRUF family protein,TGME49_252190,KRUF family protein,0.4256599539171968,,
TGME49_278370,Toxoplasma gondii family A protein,TGME49_243190,Toxoplasma gondii family A protein,0.4253663561840664,,
TGME49_321480,SAG-related sequence SRS12B,TGME49_292260,SAG-related sequence SRS36B,0.4252554336603782,PM - peripheral 1,PM - peripheral 1
TGME49_278360,Toxoplasma gondii family A protein,TGME49_278070,Toxoplasma gondii family A protein,0.4248452905935054,,
TGME49_307480,Toxoplasma gondii family B protein,TGME49_276230,Toxoplasma gondii family B protein,0.4248234924844676,,
TGME49_273110,SAG-related sequence SRS30D,TGME49_272560,SAG-related sequence SRS31B,0.4247200508765563,,
TGME49_242110,rhoptry kinase family protein ROP38,TGME49_322130,hypothetical protein,0.4246781813896676,,
TGME49_301160,SAG-related sequence SRS19C,TGME49_301180,SAG-related sequence SRS19F,0.4245014495600419,PM - peripheral 1,PM - peripheral 1
TGME49_500296,KRUF family protein,TGME49_252070,KRUF family protein,0.42422192470212794,,
TGME49_278370,Toxoplasma gondii family A protein,TGME49_266330,Toxoplasma gondii family A protein,0.42386141911122477,,
TGME49_273110,SAG-related sequence SRS30D,TGME49_301160,SAG-related sequence SRS19C,0.4236757187624143,,PM - peripheral 1
TGME49_500227,"dynein heavy chain, putative",TGME49_249840,"dynein heavy chain 2, putative",0.42365189657204905,,
TGME49_301470,hypothetical protein,TGME49_301690,hypothetical protein,0.4234552633559674,,
TGME49_323400,cytochrome c oxidase subunit iii subfamily protein,TGME49_237120,hypothetical protein,0.4233959084001869,,
TGME49_320170,SAG-related sequence SRS16E,TGME49_320240,SAG-related sequence SRS15B,0.42321593634596555,PM - peripheral 1,
TGME49_320200,SAG-related sequence SRS16A,TGME49_320250,SAG-related sequence SRS15A,0.4227320776012541,PM - peripheral 1,
TGME49_243180,Toxoplasma gondii family A protein,TGME49_278390,Toxoplasma gondii family A protein,0.42270288890005325,,
TGME49_224760,SAG-related sequence SRS40E,TGME49_292250,SAG-related sequence SRS36A,0.42261678267909975,,
TGME49_315740,SAG-related sequence SRS54,TGME49_273120,SAG-related sequence SRS30C,0.42245888855491587,PM - peripheral 1,PM - peripheral 1
TGME49_322010,myosin-light-chain kinase,TGME49_500375,rhoptry kinase family protein,0.4220464643494567,,
TGME49_264225,Toxoplasma gondii family B protein,TGME49_500295,Toxoplasma gondii family B protein,0.42122247148793357,,
TGME49_301160,SAG-related sequence SRS19C,TGME49_320170,SAG-related sequence SRS16E,0.4211280087221012,PM - peripheral 1,PM - peripheral 1
TGME49_278660,P-type ATPase4,TGME49_230420,sarco/endoplasmic reticulum Ca2+-ATPase,0.42096287881598937,PM - integral,ER
TGME49_207160,SAG-related sequence SRS49D,TGME49_207150,SAG-related sequence SRS49C,0.42080941749462475,PM - peripheral 1,
TGME49_278320,Toxoplasma gondii family A protein,TGME49_243190,Toxoplasma gondii family A protein,0.4205227596123684,,
TGME49_301180,SAG-related sequence SRS19F,TGME49_315740,SAG-related sequence SRS54,0.4203847636271062,PM - peripheral 1,PM - peripheral 1
TGME49_278370,Toxoplasma gondii family A protein,TGME49_278410,Toxoplasma gondii family A protein,0.42026204437740977,,
TGME49_242110,rhoptry kinase family protein ROP38,TGME49_322120,rhoptry kinase family protein,0.4201235783919427,,
TGME49_322010,myosin-light-chain kinase,TGME49_322000,myosin-light-chain kinase,0.42003541588053095,,rhoptries 2
TGME49_321170,Toxoplasma gondii family C protein,TGME49_500184,Toxoplasma gondii family C protein,0.4197084302458093,,
TGME49_292275,SAG-related sequence SRS36E,TGME49_272560,SAG-related sequence SRS31B,0.41962028887366076,,
TGME49_278090,Toxoplasma gondii family A protein,TGME49_278320,Toxoplasma gondii family A protein,0.4192179190912946,,
TGME49_228780,Toxoplasma gondii family C protein,TGME49_200590,Toxoplasma gondii family C protein,0.41858969499729926,,
TGME49_273110,SAG-related sequence SRS30D,TGME49_321490,SAG-related sequence SRS12A,0.41830369862407546,,
TGME49_215775,rhoptry protein ROP8,TGME49_252360,rhoptry kinase family protein ROP24 (incomplete catalytic triad),0.41830333298705624,rhoptries 1,rhoptries 1
TGME49_240310,Toxoplasma gondii family E protein,TGME49_318120,hypothetical protein,0.4182129359518718,,
TGME49_273110,SAG-related sequence SRS30D,TGME49_292250,SAG-related sequence SRS36A,0.4173025576134084,,
TGME49_315410,SAG-related sequence SRS53F,TGME49_315345,SAG-related sequence SRS52F,0.41714289296266827,PM - peripheral 1,
TGME49_283450,Toxoplasma gondii family B protein,TGME49_307480,Toxoplasma gondii family B protein,0.4170774492511172,,
TGME49_301160,SAG-related sequence SRS19C,TGME49_320250,SAG-related sequence SRS15A,0.417057123566545,PM - peripheral 1,
TGME49_301150,SAG-related sequence SRS19B,TGME49_224790,SAG-related sequence SRS40A,0.4170435664529353,PM - peripheral 1,
TGME49_207015,SRS domain-containing protein,TGME49_500199,SAG-related sequence,0.41699579815634513,,
TGME49_278330,Toxoplasma gondii family A protein,TGME49_278400,Toxoplasma gondii family A protein,0.4168062758738412,,
TGME49_228780,Toxoplasma gondii family C protein,TGME49_500184,Toxoplasma gondii family C protein,0.41645596068421364,,
TGME49_278370,Toxoplasma gondii family A protein,TGME49_278420,Toxoplasma gondii family A protein,0.4162681169678314,,
TGME49_320170,SAG-related sequence SRS16E,TGME49_292250,SAG-related sequence SRS36A,0.4162292341389505,PM - peripheral 1,
TGME49_273110,SAG-related sequence SRS30D,TGME49_267150,SAG-related sequence SRS38C,0.4158398366300404,,endomembrane vesicles
TGME49_278410,Toxoplasma gondii family A protein,TGME49_278390,Toxoplasma gondii family A protein,0.4154292302211242,,
TGME49_278090,Toxoplasma gondii family A protein,TGME49_278410,Toxoplasma gondii family A protein,0.4152398961987507,,
TGME49_227870,Tim10/DDP family zinc finger superfamily protein,TGME49_254610,Tim10/DDP family zinc finger superfamily protein,0.41508852670471597,mitochondrion - soluble,mitochondrion - soluble
TGME49_322000,myosin-light-chain kinase,TGME49_323300,myosin-light-chain kinase,0.4148830135421743,rhoptries 2,
TGME49_224790,SAG-related sequence SRS40A,TGME49_292270,SAG-related sequence SRS36C,0.41455603754676107,,
TGME49_273110,SAG-related sequence SRS30D,TGME49_273120,SAG-related sequence SRS30C,0.41451516857143667,,PM - peripheral 1
TGME49_244500,Tubulin-tyrosine ligase family protein,TGME49_307760,Tubulin-tyrosine ligase family protein,0.41444740288207527,,
TGME49_278090,Toxoplasma gondii family A protein,TGME49_243170,Toxoplasma gondii family A protein,0.4142283427442286,,
TGME49_267140,SAG-related sequence SRS38B,TGME49_267160,SAG-related sequence SRS38D,0.41412186409624085,PM - peripheral 1,
TGME49_299570,Toxoplasma gondii family B protein,TGME49_279460,Toxoplasma gondii family B protein,0.4139899884079161,,
TGME49_243100,Toxoplasma gondii family A protein,TGME49_278400,Toxoplasma gondii family A protein,0.4138204442348007,,
TGME49_264225,Toxoplasma gondii family B protein,TGME49_298090,Toxoplasma gondii family B protein,0.41367896821546235,,
TGME49_215775,rhoptry protein ROP8,TGME49_205250,rhoptry protein ROP18,0.41328502058866456,rhoptries 1,rhoptries 1
TGME49_224760,SAG-related sequence SRS40E,TGME49_292260,SAG-related sequence SRS36B,0.413071312888051,,PM - peripheral 1
TGME49_301160,SAG-related sequence SRS19C,TGME49_273130,SAG-related sequence SRS30A,0.4129718025269594,PM - peripheral 1,PM - peripheral 1
TGME49_293780,hypothetical protein,TGME49_293790,hypothetical protein,0.4125071071770112,,
TGME49_307460,Toxoplasma gondii family B protein,TGME49_306870,hypothetical protein,0.4121207267153616,,
TGME49_301150,SAG-related sequence SRS19B,TGME49_273120,SAG-related sequence SRS30C,0.41200439884199946,PM - peripheral 1,PM - peripheral 1
TGME49_278360,Toxoplasma gondii family A protein,TGME49_278370,Toxoplasma gondii family A protein,0.41174322362418725,,
TGME49_278090,Toxoplasma gondii family A protein,TGME49_243150,Toxoplasma gondii family A protein,0.4116001479338042,,
TGME49_278090,Toxoplasma gondii family A protein,TGME49_243120,Toxoplasma gondii family A protein,0.4114080532779678,,
TGME49_242900,Toxoplasma gondii family A protein,TGME49_278370,Toxoplasma gondii family A protein,0.41108917308461956,,
TGME49_278330,Toxoplasma gondii family A protein,TGME49_243190,Toxoplasma gondii family A protein,0.41106175566076986,,
TGME49_301180,SAG-related sequence SRS19F,TGME49_234930,SAG-related sequence SRS43,0.4109837014786669,PM - peripheral 1,PM - peripheral 1
TGME49_273110,SAG-related sequence SRS30D,TGME49_224760,SAG-related sequence SRS40E,0.41096403764292655,,
TGME49_278370,Toxoplasma gondii family A protein,TGME49_243100,Toxoplasma gondii family A protein,0.41091311089331295,,
TGME49_285860,SAG-related sequence SRS20C,TGME49_275370,SAG-related sequence SRS47C,0.4103944358525421,PM - peripheral 1,PM - peripheral 1
TGME49_292610,Toxoplasma gondii family C protein,TGME49_500218,Toxoplasma gondii family C protein,0.4100124939951022,,
TGME49_225490,calcium-dependent protein kinase CDPK2,TGME49_224950,calcium-dependent protein kinase CDPK5,0.4097619202991676,,
TGME49_240340,Toxoplasma gondii family E protein,TGME49_318120,hypothetical protein,0.4097100535986451,,
TGME49_278090,Toxoplasma gondii family A protein,TGME49_278380,Toxoplasma gondii family A protein,0.4094745681614578,,
TGME49_307460,Toxoplasma gondii family B protein,TGME49_295300,Toxoplasma gondii family B protein,0.4094580341405042,,
TGME49_242100,rhoptry kinase family protein,TGME49_322120,rhoptry kinase family protein,0.4093763093806162,,
TGME49_278090,Toxoplasma gondii family A protein,TGME49_327300,Toxoplasma gondii family A protein,0.40934764327951734,,
TGME49_320240,SAG-related sequence SRS15B,TGME49_272560,SAG-related sequence SRS31B,0.4093281586560884,,
TGME49_224760,SAG-related sequence SRS40E,TGME49_224770,SAG-related sequence SRS40D,0.40928930548788256,,
TGME49_278350,Toxoplasma gondii family A protein,TGME49_278070,Toxoplasma gondii family A protein,0.4087467394743919,,
TGME49_207010,SAG-related sequence SRS48K,TGME49_254060,SAG-related sequence SRS14A,0.4087203468254095,,PM - peripheral 1
TGME49_320250,SAG-related sequence SRS15A,TGME49_292270,SAG-related sequence SRS36C,0.4085920518254945,,
TGME49_278380,Toxoplasma gondii family A protein,TGME49_243190,Toxoplasma gondii family A protein,0.40855214327148615,,
TGME49_278090,Toxoplasma gondii family A protein,TGME49_278390,Toxoplasma gondii family A protein,0.40774208847794235,,
TGME49_243160,Toxoplasma gondii family A protein,TGME49_278400,Toxoplasma gondii family A protein,0.4077224083823352,,
TGME49_292260,SAG-related sequence SRS36B,TGME49_292250,SAG-related sequence SRS36A,0.40771515257007906,PM - peripheral 1,
TGME49_239600,rhoptry kinase family protein ROP23 (incomplete catalytic triad),TGME49_308093,rhoptry kinase family protein (incomplete catalytic triad),0.40739587755274675,,dense granules
TGME49_241305,hypothetical protein,TGME49_500419,hypothetical protein,0.4071345361703146,,
TGME49_267130,SAG-related sequence SRS38A,TGME49_321480,SAG-related sequence SRS12B,0.4071286144355192,PM - peripheral 1,PM - peripheral 1
TGME49_242240,rhoptry kinase family protein ROP19A,TGME49_500375,rhoptry kinase family protein,0.40701151332829333,,
TGME49_259410,SAG-related sequence SRS26A,TGME49_210320,SAG-related sequence SRS37A,0.40700531041372756,,
TGME49_224750,SAG-related sequence SRS40F,TGME49_292270,SAG-related sequence SRS36C,0.4069074586170258,,
TGME49_267160,SAG-related sequence SRS38D,TGME49_267150,SAG-related sequence SRS38C,0.40660771564593623,,endomembrane vesicles
TGME49_242110,rhoptry kinase family protein ROP38,TGME49_500375,rhoptry kinase family protein,0.40613030827146246,,
TGME49_301150,SAG-related sequence SRS19B,TGME49_224760,SAG-related sequence SRS40E,0.4060501123912095,PM - peripheral 1,
TGME49_500375,rhoptry kinase family protein,TGME49_323300,myosin-light-chain kinase,0.40579539002658394,,
TGME49_278400,Toxoplasma gondii family A protein,TGME49_327300,Toxoplasma gondii family A protein,0.4057659953860798,,
TGME49_220080,Toxoplasma gondii family C protein,TGME49_500218,Toxoplasma gondii family C protein,0.4057204699064557,,
TGME49_259300,SAG-related sequence SRS26B,TGME49_210320,SAG-related sequence SRS37A,0.40564844316653215,,
TGME49_278370,Toxoplasma gondii family A protein,TGME49_266335,Toxoplasma gondii family A protein,0.40538191394389145,,
TGME49_306230,hypothetical protein,TGME49_257925,hypothetical protein,0.405234871976237,,
TGME49_320240,SAG-related sequence SRS15B,TGME49_295600,SAG-related sequence SRS10,0.40466191081081515,,
TGME49_207010,SAG-related sequence SRS48K,TGME49_309300,SAG-related sequence SRS55A,0.4042965472319371,,
TGME49_273870,SWI2/SNF2 ISWI-like (AT hook),TGME49_321440,SWI2/SNF2 ISWI-like SANT,0.40418351367130145,nucleus - chromatin,nucleus - chromatin
TGME49_278390,Toxoplasma gondii family A protein,TGME49_278320,Toxoplasma gondii family A protein,0.40406942436395477,,
TGME49_278430,Toxoplasma gondii family A protein,TGME49_278070,Toxoplasma gondii family A protein,0.40384233712907325,,
TGME49_235635,hypothetical protein,TGME49_235630,hypothetical protein,0.40330231991464127,dense granules,
TGME49_309300,SAG-related sequence SRS55A,TGME49_500199,SAG-related sequence,0.4027308308349482,,
TGME49_301150,SAG-related sequence SRS19B,TGME49_295600,SAG-related sequence SRS10,0.4025685452682012,PM - peripheral 1,
TGME49_301140,SAG-related sequence SRS19A,TGME49_301150,SAG-related sequence SRS19B,0.40245501172216913,,PM - peripheral 1
TGME49_220630,hypothetical protein,TGME49_245770,hypothetical protein,0.4022204583957919,,
TGME49_278090,Toxoplasma gondii family A protein,TGME49_278370,Toxoplasma gondii family A protein,0.40214766561967474,,
TGME49_320230,SAG-related sequence SRS15C,TGME49_267160,SAG-related sequence SRS38D,0.40203899847068547,PM - peripheral 1,
TGME49_266330,Toxoplasma gondii family A protein,TGME49_278400,Toxoplasma gondii family A protein,0.40179560847109186,,
TGME49_267140,SAG-related sequence SRS38B,TGME49_234930,SAG-related sequence SRS43,0.4015989937139922,PM - peripheral 1,PM - peripheral 1
TGME49_259410,SAG-related sequence SRS26A,TGME49_239090,SAG-related sequence SRS23,0.4007004666049606,,
TGME49_500353,SAG-related sequence,TGME49_259270,SAG-related sequence SRS26E,0.4006916398423491,,
TGME49_314570,hypothetical protein,TGME49_314650,hypothetical protein,0.4005476924082141,,
TGME49_275360,SAG-related sequence SRS47B,TGME49_254060,SAG-related sequence SRS14A,0.4004739629748778,,PM - peripheral 1
TGME49_213000,"replication factor C, subunit 5, putative",TGME49_210960,"replication factor C subunit 4, putative",0.4003882761469537,nucleus - chromatin,nucleus - chromatin
TGME49_273130,SAG-related sequence SRS30A,TGME49_234930,SAG-related sequence SRS43,0.4003332544986704,PM - peripheral 1,PM - peripheral 1
TGME49_278390,Toxoplasma gondii family A protein,TGME49_278330,Toxoplasma gondii family A protein,0.40012776893907354,,
TGME49_292270,SAG-related sequence SRS36C,TGME49_272560,SAG-related sequence SRS31B,0.4001019141781039,,
TGME49_242240,rhoptry kinase family protein ROP19A,TGME49_323300,myosin-light-chain kinase,0.400051548171788,,
TGME49_301480,hypothetical protein,TGME49_301690,hypothetical protein,0.4000309387887441,dense granules,
TGME49_500221,cyclin-dependent kinase regulatory subunit protein,TGME49_219100,cyclin-dependent kinase regulatory subunit protein,0.39947923366435767,,
TGME49_264225,Toxoplasma gondii family B protein,TGME49_274290,Toxoplasma gondii family B protein,0.39933626651061993,,
TGME49_301140,SAG-related sequence SRS19A,TGME49_321490,SAG-related sequence SRS12A,0.39914579959301544,,
TGME49_320180,SAG-related sequence SRS16C,TGME49_301180,SAG-related sequence SRS19F,0.39902847579302736,PM - peripheral 1,PM - peripheral 1
TGME49_238490,SAG-related sequence SRS22E,TGME49_238850,SAG-related sequence SRS22I,0.39900844420350035,,
TGME49_287470,hypothetical protein,TGME49_287440,hypothetical protein,0.3984265440679051,,
TGME49_219348,SAG-related sequence SRS55M,TGME49_309300,SAG-related sequence SRS55A,0.39735437315704336,,
TGME49_307260,Toxoplasma gondii family C protein,TGME49_200590,Toxoplasma gondii family C protein,0.39732107860578836,,
TGME49_271980,SAG-related sequence SRS32,TGME49_210320,SAG-related sequence SRS37A,0.3966767446961039,,
TGME49_242110,rhoptry kinase family protein ROP38,TGME49_242250,Protein kinase domain-containing protein [Source:UniProtKB/TrEMBL;Acc:S8F3P2],0.39666251960054544,,
TGME49_226970,ribosomal protein RPS11,TGME49_273060,"ribosomal protein S17, putative",0.39614493215151636,40S ribosome,
TGME49_314800,hypothetical protein,TGME49_284630,hypothetical protein,0.39604183680615945,,nucleus - chromatin
TGME49_301150,SAG-related sequence SRS19B,TGME49_224780,SAG-related sequence SRS40B [Source:UniProtKB/TrEMBL;Acc:S8EU84],0.3959117014406438,PM - peripheral 1,
TGME49_267140,SAG-related sequence SRS38B,TGME49_273130,SAG-related sequence SRS30A,0.3957791878332354,PM - peripheral 1,PM - peripheral 1
TGME49_309300,SAG-related sequence SRS55A,TGME49_296640,SAG-related sequence SRS48E,0.395348653728291,,
TGME49_235130,rhoptry apical surface protein RASP1,TGME49_315160,rhoptry apical surface protein RASP2,0.39530388991030985,rhoptries 2,rhoptries 2
TGME49_219348,SAG-related sequence SRS55M,TGME49_275370,SAG-related sequence SRS47C,0.3951340094107927,,PM - peripheral 1
TGME49_278090,Toxoplasma gondii family A protein,TGME49_243160,Toxoplasma gondii family A protein,0.3950690123295695,,
TGME49_224750,SAG-related sequence SRS40F,TGME49_321480,SAG-related sequence SRS12B,0.3950592627546513,,PM - peripheral 1
TGME49_322120,rhoptry kinase family protein,TGME49_500375,rhoptry kinase family protein,0.3949277372955702,,
TGME49_500107,"hypothetical protein, conserved",TGME49_500276,Rtr1/RPAP2 family protein,0.39431275269565214,nucleus - chromatin,
TGME49_320170,SAG-related sequence SRS16E,TGME49_321480,SAG-related sequence SRS12B,0.394006553488895,PM - peripheral 1,PM - peripheral 1
TGME49_242100,rhoptry kinase family protein,TGME49_323330,hypothetical protein,0.3937564243227454,,
TGME49_301160,SAG-related sequence SRS19C,TGME49_320200,SAG-related sequence SRS16A,0.3934555525743928,PM - peripheral 1,PM - peripheral 1
TGME49_278360,Toxoplasma gondii family A protein,TGME49_278090,Toxoplasma gondii family A protein,0.3934178816501912,,
TGME49_207010,SAG-related sequence SRS48K,TGME49_275355,SAG-related sequence SRS47A,0.3930209248797547,,
TGME49_200480,Toxoplasma gondii family B protein,TGME49_299570,Toxoplasma gondii family B protein,0.39291715284975537,,
TGME49_307480,Toxoplasma gondii family B protein,TGME49_295300,Toxoplasma gondii family B protein,0.3928422461319573,,
TGME49_207010,SAG-related sequence SRS48K,TGME49_275360,SAG-related sequence SRS47B,0.39195065588618727,,
TGME49_298960,Toxoplasma gondii family C protein,TGME49_500184,Toxoplasma gondii family C protein,0.3918923576226415,,
TGME49_278090,Toxoplasma gondii family A protein,TGME49_278290,Toxoplasma gondii family A protein,0.3918025619313983,,
TGME49_210330,SAG-related sequence SRS37B,TGME49_239090,SAG-related sequence SRS23,0.39161204029818575,,
TGME49_224760,SAG-related sequence SRS40E,TGME49_292270,SAG-related sequence SRS36C,0.39133174132289184,,
TGME49_321470,SAG-related sequence SRS12D,TGME49_321480,SAG-related sequence SRS12B,0.39047626669757607,,PM - peripheral 1
TGME49_240330,Toxoplasma gondii family E protein,TGME49_318120,hypothetical protein,0.390462883601409,,
TGME49_278370,Toxoplasma gondii family A protein,TGME49_243160,Toxoplasma gondii family A protein,0.3904611720945451,,
TGME49_252500,polo kinase,TGME49_295110,rhoptry protein ROP7,0.3904290208191077,rhoptries 1,rhoptries 1
TGME49_268270,hypothetical protein,TGME49_278070,Toxoplasma gondii family A protein,0.39021681671148056,,
TGME49_315400,SAG-related sequence SRS53D,TGME49_315330,SAG-related sequence SRS52D,0.3901770523399697,,
TGME49_320250,SAG-related sequence SRS15A,TGME49_321480,SAG-related sequence SRS12B,0.3899039090669525,,PM - peripheral 1
TGME49_275360,SAG-related sequence SRS47B,TGME49_207005,SAG-related sequence SRS48Q,0.38989483273292036,,
TGME49_278370,Toxoplasma gondii family A protein,TGME49_278330,Toxoplasma gondii family A protein,0.3898791147690184,,
TGME49_278430,Toxoplasma gondii family A protein,TGME49_243190,Toxoplasma gondii family A protein,0.389759973679764,,
TGME49_271040,hypothetical protein,TGME49_275355,SAG-related sequence SRS47A,0.3890068956678365,,
TGME49_273110,SAG-related sequence SRS30D,TGME49_224790,SAG-related sequence SRS40A,0.3890049573725699,,
TGME49_307460,Toxoplasma gondii family B protein,TGME49_307480,Toxoplasma gondii family B protein,0.387960507253724,,
TGME49_278370,Toxoplasma gondii family A protein,TGME49_278320,Toxoplasma gondii family A protein,0.3878669616478281,,
TGME49_278340,Toxoplasma gondii family A protein,TGME49_278370,Toxoplasma gondii family A protein,0.3877512877676661,,
TGME49_329710,SAG-related sequence SRS26I,TGME49_210320,SAG-related sequence SRS37A,0.3875872712814571,,
TGME49_301150,SAG-related sequence SRS19B,TGME49_320240,SAG-related sequence SRS15B,0.38753199042395003,PM - peripheral 1,
TGME49_259270,SAG-related sequence SRS26E,TGME49_210320,SAG-related sequence SRS37A,0.3872484304020992,,
TGME49_252620,"initiation factor, subunit 2 family protein",TGME49_252850,"initiation factor, subunit 2 family protein",0.3872431278229508,,cytosol
TGME49_242750,hypothetical protein,TGME49_328000,hypothetical protein,0.3871272370023686,,
TGME49_278090,Toxoplasma gondii family A protein,TGME49_266340,Toxoplasma gondii family A protein,0.38703298306705025,,
TGME49_307045,Toxoplasma gondii family B protein,TGME49_200480,Toxoplasma gondii family B protein,0.38587307887003,,
TGME49_273110,SAG-related sequence SRS30D,TGME49_224780,SAG-related sequence SRS40B [Source:UniProtKB/TrEMBL;Acc:S8EU84],0.38477626275209875,,
TGME49_243170,Toxoplasma gondii family A protein,TGME49_327300,Toxoplasma gondii family A protein,0.38464654355499206,,
TGME49_301140,SAG-related sequence SRS19A,TGME49_320250,SAG-related sequence SRS15A,0.3843106068158535,,
TGME49_287470,hypothetical protein,TGME49_287460,hypothetical protein,0.3842641989280887,,
TGME49_278350,Toxoplasma gondii family A protein,TGME49_278300,Toxoplasma gondii family A protein,0.38309565200532014,,
TGME49_301150,SAG-related sequence SRS19B,TGME49_292270,SAG-related sequence SRS36C,0.3828060876626205,PM - peripheral 1,
TGME49_322030,hypothetical protein,TGME49_322110,hypothetical protein,0.38260219763323144,,
TGME49_259290,SAG-related sequence SRS26C,TGME49_210320,SAG-related sequence SRS37A,0.3824201109077623,,
TGME49_500218,Toxoplasma gondii family C protein,TGME49_307260,Toxoplasma gondii family C protein,0.3823335543373799,,
TGME49_278090,Toxoplasma gondii family A protein,TGME49_278330,Toxoplasma gondii family A protein,0.38213248973938707,,
TGME49_301150,SAG-related sequence SRS19B,TGME49_292250,SAG-related sequence SRS36A,0.3821302428625444,PM - peripheral 1,
TGME49_220950,hypothetical protein,TGME49_323100,hypothetical protein,0.381666710744223,dense granules,dense granules
TGME49_309352,SAG-related sequence SRS55N,TGME49_275355,SAG-related sequence SRS47A,0.3812547301693592,,
TGME49_278410,Toxoplasma gondii family A protein,TGME49_278070,Toxoplasma gondii family A protein,0.381051694193851,,
TGME49_213067,dense granule protein GRA36,TGME49_226380,dense granule protein GRA35,0.38064634587342905,dense granules,dense granules
TGME49_275790,EGF family domain-containing protein,TGME49_238220,EGF family domain-containing protein,0.3804017003199467,,
TGME49_301160,SAG-related sequence SRS19C,TGME49_224770,SAG-related sequence SRS40D,0.3803824005954759,PM - peripheral 1,
TGME49_250955,KRUF family protein,TGME49_323010,hypothetical protein,0.380018793322065,dense granules,
TGME49_278090,Toxoplasma gondii family A protein,TGME49_243130,Toxoplasma gondii family A protein,0.379954957020615,,
TGME49_278290,Toxoplasma gondii family A protein,TGME49_278400,Toxoplasma gondii family A protein,0.3796601894659549,,
TGME49_301140,SAG-related sequence SRS19A,TGME49_292270,SAG-related sequence SRS36C,0.379572978245149,,
TGME49_321470,SAG-related sequence SRS12D,TGME49_292260,SAG-related sequence SRS36B,0.37942807004819024,,PM - peripheral 1
TGME49_500218,Toxoplasma gondii family C protein,TGME49_200590,Toxoplasma gondii family C protein,0.37930734939455235,,
TGME49_278320,Toxoplasma gondii family A protein,TGME49_278070,Toxoplasma gondii family A protein,0.3791933267366149,,
TGME49_278350,Toxoplasma gondii family A protein,TGME49_243190,Toxoplasma gondii family A protein,0.3790153475827358,,
TGME49_292270,SAG-related sequence SRS36C,TGME49_292275,SAG-related sequence SRS36E,0.3789005634583159,,
TGME49_320250,SAG-related sequence SRS15A,TGME49_267160,SAG-related sequence SRS38D,0.3788345129259967,,
TGME49_271980,SAG-related sequence SRS32,TGME49_239090,SAG-related sequence SRS23,0.378802674773266,,
TGME49_275360,SAG-related sequence SRS47B,TGME49_296640,SAG-related sequence SRS48E,0.3787756558039982,,
TGME49_307045,Toxoplasma gondii family B protein,TGME49_320770,Toxoplasma gondii family B protein,0.3783580533084886,,
TGME49_234930,SAG-related sequence SRS43,TGME49_273120,SAG-related sequence SRS30C,0.37835459510574077,PM - peripheral 1,PM - peripheral 1
TGME49_254060,SAG-related sequence SRS14A,TGME49_275380,SAG-related sequence SRS47D,0.3782403053576314,PM - peripheral 1,
TGME49_241240,dense granule protein GRA65,TGME49_241305,hypothetical protein,0.37819432016378973,dense granules,
TGME49_292390,KRUF family protein,TGME49_252080,hypothetical protein,0.37810602863863996,,
TGME49_207130,SAG-related sequence SRS49A,TGME49_207150,SAG-related sequence SRS49C,0.3778770189141629,,
TGME49_278370,Toxoplasma gondii family A protein,TGME49_278380,Toxoplasma gondii family A protein,0.377860945515351,,
TGME49_241710,hypothetical protein,TGME49_500419,hypothetical protein,0.37771468694227806,,
TGME49_224770,SAG-related sequence SRS40D,TGME49_292270,SAG-related sequence SRS36C,0.37717998187032153,,
TGME49_305160,histone H2Ba,TGME49_251870,histone H2Bb,0.3769705203794974,nucleus - chromatin,nucleus - chromatin
TGME49_500174,KRUF family protein,TGME49_250950,KRUF family protein,0.37653203722589346,,
TGME49_237893,hypothetical protein,TGME49_207650,OTU domain-containing protein OTUD1A,0.376470358477657,,
TGME49_252070,KRUF family protein,TGME49_252065,KRUF family protein,0.37645358613605384,,
TGME49_200230,microneme protein MIC17C,TGME49_232400,PAN domain-containing protein,0.3764508145256832,,micronemes
TGME49_275380,SAG-related sequence SRS47D,TGME49_296640,SAG-related sequence SRS48E,0.3762417485977527,,
TGME49_243120,Toxoplasma gondii family A protein,TGME49_278070,Toxoplasma gondii family A protein,0.3762077564433204,,
TGME49_240370,Toxoplasma gondii family E protein,TGME49_318120,hypothetical protein,0.37565793392682856,,
TGME49_278340,Toxoplasma gondii family A protein,TGME49_278290,Toxoplasma gondii family A protein,0.37552913692767076,,
TGME49_278090,Toxoplasma gondii family A protein,TGME49_278430,Toxoplasma gondii family A protein,0.37532054892647626,,
TGME49_220060,hypothetical protein,TGME49_500195,"hypothetical protein, conserved",0.3752465373346918,,
TGME49_321470,SAG-related sequence SRS12D,TGME49_272560,SAG-related sequence SRS31B,0.37522694370915477,,
TGME49_278090,Toxoplasma gondii family A protein,TGME49_268270,hypothetical protein,0.3752168668104553,,
TGME49_321470,SAG-related sequence SRS12D,TGME49_295600,SAG-related sequence SRS10,0.3748202144599866,,
TGME49_200130,Toxoplasma gondii family C protein,TGME49_500184,Toxoplasma gondii family C protein,0.37458726498979333,,
TGME49_255250,"tRNA (cytosine(34)-C(5))-methyltransferase, putative",TGME49_294440,NOL1/NOP2/sun family protein,0.37440740076097323,cytosol,cytosol
TGME49_209985,rhoptry protein ROP42,TGME49_210095,rhoptry protein ROP43,0.3742512898014999,rhoptries 1,rhoptries 1
TGME49_207140,SAG-related sequence SRS49B,TGME49_207150,SAG-related sequence SRS49C,0.3741972686202618,PM - peripheral 1,
TGME49_238210,EGF family domain-containing protein,TGME49_238220,EGF family domain-containing protein,0.3737127308949326,,
TGME49_241610,dense granule protein GRA21,TGME49_500419,hypothetical protein,0.3736865517125266,,
TGME49_217530,dense granule protein GRA63,TGME49_283540,microneme protein MIC20,0.3734043430822853,dense granules,micronemes
TGME49_240325,Toxoplasma gondii family E protein,TGME49_318120,hypothetical protein,0.3729529211271173,,
TGME49_278400,Toxoplasma gondii family A protein,TGME49_266335,Toxoplasma gondii family A protein,0.37294504958443186,,
TGME49_239090,SAG-related sequence SRS23,TGME49_279000,SAG-related sequence SRS59J,0.3728469186228587,,
TGME49_215785,rhoptry protein ROP2A,TGME49_295125,rhoptry protein ROP4,0.37277221426588414,rhoptries 1,rhoptries 1
TGME49_243180,Toxoplasma gondii family A protein,TGME49_278070,Toxoplasma gondii family A protein,0.3726777165146299,,
TGME49_243180,Toxoplasma gondii family A protein,TGME49_327300,Toxoplasma gondii family A protein,0.3725858325829914,,
TGME49_224760,SAG-related sequence SRS40E,TGME49_224780,SAG-related sequence SRS40B [Source:UniProtKB/TrEMBL;Acc:S8EU84],0.37218864444192745,,
TGME49_224750,SAG-related sequence SRS40F,TGME49_292250,SAG-related sequence SRS36A,0.37207246446002207,,
TGME49_255190,"myosin C, myosin B",TGME49_235470,myosin A,0.37177504513757675,IMC,IMC
TGME49_321470,SAG-related sequence SRS12D,TGME49_320170,SAG-related sequence SRS16E,0.37153538121696916,,PM - peripheral 1
TGME49_225260,DNA-directed RNA polymerase II RPB1,TGME49_306290,DNA-directed RNA polymerase III RPC1,0.3715295684982203,nucleus - non-chromatin,nucleus - non-chromatin
TGME49_280580,SAG-related sequence SRS35B,TGME49_280570,SAG-related sequence SRS35A,0.37140413031946884,,
TGME49_283450,Toxoplasma gondii family B protein,TGME49_279460,Toxoplasma gondii family B protein,0.37130775700601093,,
TGME49_264225,Toxoplasma gondii family B protein,TGME49_279460,Toxoplasma gondii family B protein,0.3710794129585582,,
TGME49_243190,Toxoplasma gondii family A protein,TGME49_266340,Toxoplasma gondii family A protein,0.37095369350043816,,
TGME49_309330,SAG-related sequence SRS55F,TGME49_275355,SAG-related sequence SRS47A,0.37091968386328034,,
TGME49_242750,hypothetical protein,TGME49_327900,hypothetical protein,0.37053030081680316,,
TGME49_321490,SAG-related sequence SRS12A,TGME49_295600,SAG-related sequence SRS10,0.3704731608968538,,
TGME49_278380,Toxoplasma gondii family A protein,TGME49_278070,Toxoplasma gondii family A protein,0.37035192198895284,,
TGME49_292260,SAG-related sequence SRS36B,TGME49_292270,SAG-related sequence SRS36C,0.37029645141287204,PM - peripheral 1,
TGME49_301150,SAG-related sequence SRS19B,TGME49_321490,SAG-related sequence SRS12A,0.36973155161843385,PM - peripheral 1,
TGME49_241610,dense granule protein GRA21,TGME49_241305,hypothetical protein,0.36970982299469723,,
TGME49_250115,hypothetical protein,TGME49_245770,hypothetical protein,0.3695651527739279,,
TGME49_283450,Toxoplasma gondii family B protein,TGME49_299570,Toxoplasma gondii family B protein,0.3691819427360732,,
TGME49_309330,SAG-related sequence SRS55F,TGME49_309300,SAG-related sequence SRS55A,0.3688791423810841,,
TGME49_500062,"dynein heavy chain, putative",TGME49_286932,ATPase family associated with various cellular activities (AAA) domain-containing protein,0.36777602273510557,,
TGME49_259180,cystathionine beta-synthase,TGME49_278910,"O-acetylserine (thiol) lyase 2, putative",0.3672642325005683,,
TGME49_278340,Toxoplasma gondii family A protein,TGME49_268270,hypothetical protein,0.3671823626024767,,
TGME49_293440,hypothetical protein,TGME49_293430,hypothetical protein,0.3671566208213244,PM - integral,PM - integral
TGME49_309300,SAG-related sequence SRS55A,TGME49_207005,SAG-related sequence SRS48Q,0.3664691259965759,,
TGME49_292270,SAG-related sequence SRS36C,TGME49_295600,SAG-related sequence SRS10,0.36630109971170965,,
TGME49_266340,Toxoplasma gondii family A protein,TGME49_278070,Toxoplasma gondii family A protein,0.3662603639946419,,
TGME49_320250,SAG-related sequence SRS15A,TGME49_272560,SAG-related sequence SRS31B,0.36536073986979156,,
TGME49_307460,Toxoplasma gondii family B protein,TGME49_298090,Toxoplasma gondii family B protein,0.36421681423317154,,
TGME49_295935,KRUF family protein,TGME49_500296,KRUF family protein,0.3641530508921388,,
TGME49_273110,SAG-related sequence SRS30D,TGME49_321470,SAG-related sequence SRS12D,0.3640822360288388,,
TGME49_320230,SAG-related sequence SRS15C,TGME49_320240,SAG-related sequence SRS15B,0.36340912270648007,PM - peripheral 1,
TGME49_278340,Toxoplasma gondii family A protein,TGME49_243170,Toxoplasma gondii family A protein,0.36318224881869066,,
TGME49_242118,myosin-light-chain kinase,TGME49_322000,myosin-light-chain kinase,0.36304890216304886,rhoptries 2,rhoptries 2
TGME49_278090,Toxoplasma gondii family A protein,TGME49_266335,Toxoplasma gondii family A protein,0.36265844287580773,,
TGME49_209985,rhoptry protein ROP42,TGME49_321710,Kinase-like domain-containing protein [Source:UniProtKB/TrEMBL;Acc:S8FBM1],0.3625568059380412,rhoptries 1,
TGME49_278360,Toxoplasma gondii family A protein,TGME49_327300,Toxoplasma gondii family A protein,0.3625534015866687,,
TGME49_500111,Toxoplasma gondii family B protein,TGME49_301890,Toxoplasma gondii family B protein,0.3624005843630975,,
TGME49_320230,SAG-related sequence SRS15C,TGME49_224760,SAG-related sequence SRS40E,0.36239158464939913,PM - peripheral 1,
TGME49_301150,SAG-related sequence SRS19B,TGME49_321480,SAG-related sequence SRS12B,0.36213472035924277,PM - peripheral 1,PM - peripheral 1
TGME49_278350,Toxoplasma gondii family A protein,TGME49_242900,Toxoplasma gondii family A protein,0.36209716821033633,,
TGME49_500296,KRUF family protein,TGME49_252190,KRUF family protein,0.36195551382809266,,
TGME49_296640,SAG-related sequence SRS48E,TGME49_271040,hypothetical protein,0.3610970114601111,,
TGME49_278340,Toxoplasma gondii family A protein,TGME49_278420,Toxoplasma gondii family A protein,0.3607827209460931,,
TGME49_278390,Toxoplasma gondii family A protein,TGME49_266335,Toxoplasma gondii family A protein,0.3606240683378601,,
TGME49_264225,Toxoplasma gondii family B protein,TGME49_320770,Toxoplasma gondii family B protein,0.3605917186309644,,
TGME49_210330,SAG-related sequence SRS37B,TGME49_279000,SAG-related sequence SRS59J,0.36058328245169846,,
TGME49_278400,Toxoplasma gondii family A protein,TGME49_278300,Toxoplasma gondii family A protein,0.3600997358304082,,
TGME49_278510,protein phosphatase PPM3F,TGME49_201520,"protein phosphatase PPM3G, putative",0.36009250979083585,rhoptries 1,rhoptries 1
TGME49_218560,acetyl-coA carboxylase ACC2,TGME49_221320,acetyl-CoA carboxylase ACC1,0.35983574357534853,,apicoplast
TGME49_266330,Toxoplasma gondii family A protein,TGME49_278420,Toxoplasma gondii family A protein,0.35982991810102016,,
TGME49_224760,SAG-related sequence SRS40E,TGME49_224750,SAG-related sequence SRS40F,0.3596644842612473,,
TGME49_240310,Toxoplasma gondii family E protein,TGME49_240360,Toxoplasma gondii family E protein,0.3596077015879091,,
TGME49_278340,Toxoplasma gondii family A protein,TGME49_243150,Toxoplasma gondii family A protein,0.35939144966927794,,
TGME49_251958,SAG-related sequence SRS59B,TGME49_279000,SAG-related sequence SRS59J,0.35909435269122425,,
TGME49_239090,SAG-related sequence SRS23,TGME49_329700,SAG-related sequence SRS26J,0.358874270632054,,
TGME49_227570,amino acid transporter AAT3,TGME49_227580,amino acid transporter AAT4,0.35886537711524813,Golgi,
TGME49_267140,SAG-related sequence SRS38B,TGME49_273120,SAG-related sequence SRS30C,0.35885246875747423,PM - peripheral 1,PM - peripheral 1
TGME49_500184,Toxoplasma gondii family C protein,TGME49_307260,Toxoplasma gondii family C protein,0.35876985571369024,,
TGME49_293368,TIP49 C-terminus family protein,TGME49_293372,TIP49 family protein,0.3584522211396012,,
TGME49_278340,Toxoplasma gondii family A protein,TGME49_278410,Toxoplasma gondii family A protein,0.35840297589923054,,
TGME49_321490,SAG-related sequence SRS12A,TGME49_272560,SAG-related sequence SRS31B,0.35801593650899743,,
TGME49_320530,hypothetical protein,TGME49_320540,hypothetical protein,0.35757770969157543,,
TGME49_309330,SAG-related sequence SRS55F,TGME49_275380,SAG-related sequence SRS47D,0.3575124887183613,,
TGME49_320240,SAG-related sequence SRS15B,TGME49_292250,SAG-related sequence SRS36A,0.3572877204766639,,
TGME49_222260,hypothetical protein,TGME49_248673,hypothetical protein,0.35728276659030045,,
TGME49_220640,hypothetical protein,TGME49_250220,hypothetical protein,0.35705806993828926,,
TGME49_243130,Toxoplasma gondii family A protein,TGME49_278070,Toxoplasma gondii family A protein,0.35692354318357944,,
TGME49_301150,SAG-related sequence SRS19B,TGME49_301170,SAG-related sequence SRS19D,0.3562290980433376,PM - peripheral 1,PM - peripheral 1
TGME49_500026,Toxoplasma gondii family B protein,TGME49_307480,Toxoplasma gondii family B protein,0.3553675954312593,,
TGME49_242240,rhoptry kinase family protein ROP19A,TGME49_242230,rhoptry kinase family protein ROP29,0.3551968984867734,,
TGME49_286470,cAMP-dependent protein kinase subunit PKAc3,TGME49_226030,cAMP-dependent protein kinase subunit PKAc1,0.3551869482629243,,IMC
TGME49_278320,Toxoplasma gondii family A protein,TGME49_327300,Toxoplasma gondii family A protein,0.35453139124425936,,
TGME49_275360,SAG-related sequence SRS47B,TGME49_309300,SAG-related sequence SRS55A,0.353418768130515,,
TGME49_318120,hypothetical protein,TGME49_240360,Toxoplasma gondii family E protein,0.3528556178994251,,
TGME49_245432,dense granule protein GRA19,TGME49_245428,hypothetical protein,0.35226128550480806,dense granules,
TGME49_200480,Toxoplasma gondii family B protein,TGME49_295300,Toxoplasma gondii family B protein,0.35179599287509844,,
TGME49_242900,Toxoplasma gondii family A protein,TGME49_268270,hypothetical protein,0.35085118395481707,,
TGME49_283450,Toxoplasma gondii family B protein,TGME49_298090,Toxoplasma gondii family B protein,0.35043740783833244,,
TGME49_279100,mitochondrial association factor 1a,TGME49_323110,hypothetical protein,0.34982633166246513,dense granules,dense granules
TGME49_283450,Toxoplasma gondii family B protein,TGME49_295300,Toxoplasma gondii family B protein,0.3497624182573217,,
TGME49_315345,SAG-related sequence SRS52F,TGME49_315330,SAG-related sequence SRS52D,0.34973513608893647,,
TGME49_301170,SAG-related sequence SRS19D,TGME49_224770,SAG-related sequence SRS40D,0.3496778183144261,PM - peripheral 1,
TGME49_254890,CRAL/TRIO domain-containing protein,TGME49_500119,"CRAL/TRIO domain-containing protein, putative",0.34962593560873567,,
TGME49_273110,SAG-related sequence SRS30D,TGME49_320240,SAG-related sequence SRS15B,0.34955420856499897,,
TGME49_300990,Toxoplasma gondii family C protein,TGME49_500218,Toxoplasma gondii family C protein,0.3494649879352547,,
TGME49_224760,SAG-related sequence SRS40E,TGME49_320170,SAG-related sequence SRS16E,0.34895503453464516,,PM - peripheral 1
TGME49_275380,SAG-related sequence SRS47D,TGME49_309300,SAG-related sequence SRS55A,0.34865509824166174,,
TGME49_278340,Toxoplasma gondii family A protein,TGME49_278330,Toxoplasma gondii family A protein,0.3483751828788245,,
TGME49_267140,SAG-related sequence SRS38B,TGME49_315740,SAG-related sequence SRS54,0.348111531272311,PM - peripheral 1,PM - peripheral 1
TGME49_224750,SAG-related sequence SRS40F,TGME49_320240,SAG-related sequence SRS15B,0.3479666137996863,,
TGME49_224760,SAG-related sequence SRS40E,TGME49_224790,SAG-related sequence SRS40A,0.34765718547365687,,
TGME49_278430,Toxoplasma gondii family A protein,TGME49_327300,Toxoplasma gondii family A protein,0.3463700992646339,,
TGME49_301150,SAG-related sequence SRS19B,TGME49_267160,SAG-related sequence SRS38D,0.34632476396977063,PM - peripheral 1,
TGME49_323110,hypothetical protein,TGME49_323100,hypothetical protein,0.346200616700853,dense granules,dense granules
TGME49_500062,"dynein heavy chain, putative",TGME49_249840,"dynein heavy chain 2, putative",0.34575267954824707,,
TGME49_295110,rhoptry protein ROP7,TGME49_252360,rhoptry kinase family protein ROP24 (incomplete catalytic triad),0.3457522683675275,rhoptries 1,rhoptries 1
TGME49_251962,SAG-related sequence SRS59K,TGME49_210320,SAG-related sequence SRS37A,0.3451410936618724,,
TGME49_258580,rhoptry protein ROP17,TGME49_266100,rhoptry kinase family protein ROP41,0.3448929976906572,rhoptries 1,
TGME49_243170,Toxoplasma gondii family A protein,TGME49_266335,Toxoplasma gondii family A protein,0.3442570308711155,,
TGME49_273110,SAG-related sequence SRS30D,TGME49_292260,SAG-related sequence SRS36B,0.3442380283841394,,PM - peripheral 1
TGME49_307460,Toxoplasma gondii family B protein,TGME49_500111,Toxoplasma gondii family B protein,0.3434276577114421,,
TGME49_307045,Toxoplasma gondii family B protein,TGME49_307480,Toxoplasma gondii family B protein,0.34321628510352187,,
TGME49_500353,SAG-related sequence,TGME49_259410,SAG-related sequence SRS26A,0.34302303691365066,,
TGME49_250115,hypothetical protein,TGME49_220640,hypothetical protein,0.34283374579582504,,
TGME49_278340,Toxoplasma gondii family A protein,TGME49_243180,Toxoplasma gondii family A protein,0.3423244285621181,,
TGME49_278340,Toxoplasma gondii family A protein,TGME49_243120,Toxoplasma gondii family A protein,0.34216266982246846,,
TGME49_207140,SAG-related sequence SRS49B,TGME49_207130,SAG-related sequence SRS49A,0.34175854940399986,PM - peripheral 1,
TGME49_329400,Toxoplasma gondii family C protein,TGME49_329100,Toxoplasma gondii family C protein,0.3412187059289655,,
TGME49_320170,SAG-related sequence SRS16E,TGME49_267160,SAG-related sequence SRS38D,0.3409186036301427,PM - peripheral 1,
TGME49_283450,Toxoplasma gondii family B protein,TGME49_500111,Toxoplasma gondii family B protein,0.34083889106960297,,
TGME49_307045,Toxoplasma gondii family B protein,TGME49_276230,Toxoplasma gondii family B protein,0.34064340645787927,,
TGME49_224750,SAG-related sequence SRS40F,TGME49_224780,SAG-related sequence SRS40B [Source:UniProtKB/TrEMBL;Acc:S8EU84],0.3405511605216769,,
TGME49_296121,hypothetical protein,TGME49_250220,hypothetical protein,0.3405363415410948,,
TGME49_233450,SAG-related sequence SRS29A,TGME49_233460,SAG-related sequence SRS29B,0.3404529484493366,PM - peripheral 1,PM - peripheral 1
TGME49_220650,hypothetical protein,TGME49_287440,hypothetical protein,0.33997991735454824,,
TGME49_278290,Toxoplasma gondii family A protein,TGME49_278070,Toxoplasma gondii family A protein,0.3399044239465778,,
TGME49_278090,Toxoplasma gondii family A protein,TGME49_243100,Toxoplasma gondii family A protein,0.33974730138799425,,
TGME49_243100,Toxoplasma gondii family A protein,TGME49_278390,Toxoplasma gondii family A protein,0.33921019625730386,,
TGME49_296640,SAG-related sequence SRS48E,TGME49_275355,SAG-related sequence SRS47A,0.3388312443487773,,
TGME49_251962,SAG-related sequence SRS59K,TGME49_210330,SAG-related sequence SRS37B,0.3385852429974623,,
TGME49_309330,SAG-related sequence SRS55F,TGME49_500199,SAG-related sequence,0.3383614476677317,,
TGME49_242900,Toxoplasma gondii family A protein,TGME49_278400,Toxoplasma gondii family A protein,0.33825194136671255,,
TGME49_266330,Toxoplasma gondii family A protein,TGME49_268270,hypothetical protein,0.33776610536111795,,
TGME49_273130,SAG-related sequence SRS30A,TGME49_273120,SAG-related sequence SRS30C,0.33771979354190973,PM - peripheral 1,PM - peripheral 1
TGME49_315380,SAG-related sequence SRS53B,TGME49_315330,SAG-related sequence SRS52D,0.3374794564437328,,
TGME49_278350,Toxoplasma gondii family A protein,TGME49_266335,Toxoplasma gondii family A protein,0.337340275847281,,
TGME49_321490,SAG-related sequence SRS12A,TGME49_224780,SAG-related sequence SRS40B [Source:UniProtKB/TrEMBL;Acc:S8EU84],0.33690386999487776,,
TGME49_285860,SAG-related sequence SRS20C,TGME49_208850,SAG-related sequence SRS11,0.3367109113587945,PM - peripheral 1,PM - peripheral 1
TGME49_278420,Toxoplasma gondii family A protein,TGME49_327300,Toxoplasma gondii family A protein,0.3365223735169861,,
TGME49_307460,Toxoplasma gondii family B protein,TGME49_500295,Toxoplasma gondii family B protein,0.3362227973184113,,
TGME49_278340,Toxoplasma gondii family A protein,TGME49_243130,Toxoplasma gondii family A protein,0.33615742317472774,,
TGME49_245980,hypothetical protein,TGME49_245770,hypothetical protein,0.33613721452924605,,
TGME49_278340,Toxoplasma gondii family A protein,TGME49_278380,Toxoplasma gondii family A protein,0.3357703046630415,,
TGME49_298090,Toxoplasma gondii family B protein,TGME49_299570,Toxoplasma gondii family B protein,0.3350020624406014,,
TGME49_252500,polo kinase,TGME49_205250,rhoptry protein ROP18,0.33493952339342503,rhoptries 1,rhoptries 1
TGME49_278360,Toxoplasma gondii family A protein,TGME49_266330,Toxoplasma gondii family A protein,0.33466907540854784,,
TGME49_278340,Toxoplasma gondii family A protein,TGME49_243160,Toxoplasma gondii family A protein,0.334116402071721,,
TGME49_306230,hypothetical protein,TGME49_500031,"hypothetical protein, conserved",0.33371745574186373,,
TGME49_224750,SAG-related sequence SRS40F,TGME49_321490,SAG-related sequence SRS12A,0.33350052897585614,,
TGME49_278350,Toxoplasma gondii family A protein,TGME49_266330,Toxoplasma gondii family A protein,0.33338159549779545,,
TGME49_278340,Toxoplasma gondii family A protein,TGME49_243140,Toxoplasma gondii family A protein,0.3331804233104505,,
TGME49_240350,Toxoplasma gondii family E protein,TGME49_318120,hypothetical protein,0.33303593589455727,,
TGME49_264225,Toxoplasma gondii family B protein,TGME49_307480,Toxoplasma gondii family B protein,0.33242375681347636,,
TGME49_307460,Toxoplasma gondii family B protein,TGME49_320770,Toxoplasma gondii family B protein,0.3322325682072492,,
TGME49_241610,dense granule protein GRA21,TGME49_241300,hypothetical protein,0.33219764571711496,,
TGME49_230830,ATPase family associated with various cellular activities (AAA) domain-containing protein,TGME49_203135,dynein heavy chain family protein,0.33218620063847093,,
TGME49_301140,SAG-related sequence SRS19A,TGME49_321470,SAG-related sequence SRS12D,0.33182649813085363,,
TGME49_287430,hypothetical protein,TGME49_220650,hypothetical protein,0.33182646244002956,,
TGME49_500402,"hypothetical protein, conserved",TGME49_500031,"hypothetical protein, conserved",0.33139198150831917,,
TGME49_275798,"microneme protein, putative",TGME49_238220,EGF family domain-containing protein,0.33138592263982936,,
TGME49_292280,SAG-related sequence SRS36D,TGME49_272560,SAG-related sequence SRS31B,0.3313479842053846,PM - peripheral 1,
TGME49_278390,Toxoplasma gondii family A protein,TGME49_266340,Toxoplasma gondii family A protein,0.3310109066427773,,
TGME49_315390,SAG-related sequence SRS53C,TGME49_315330,SAG-related sequence SRS52D,0.33064950743883426,,
TGME49_500026,Toxoplasma gondii family B protein,TGME49_274290,Toxoplasma gondii family B protein,0.33035176270750277,,
TGME49_500026,Toxoplasma gondii family B protein,TGME49_264225,Toxoplasma gondii family B protein,0.33028578481233584,,
TGME49_254060,SAG-related sequence SRS14A,TGME49_207015,SRS domain-containing protein,0.33008892747761365,PM - peripheral 1,
TGME49_278380,Toxoplasma gondii family A protein,TGME49_327300,Toxoplasma gondii family A protein,0.3296123711634966,,
TGME49_212410,dense granule protein GRA11A,TGME49_237800,dense granule protein GRA11B,0.3295775168379518,dense granules,
TGME49_269190,glyceraldehyde-3-phosphate dehydrogenase GAPDH2,TGME49_289690,glyceraldehyde-3-phosphate dehydrogenase GAPDH1,0.3294934428936469,apicoplast,cytosol
TGME49_243140,Toxoplasma gondii family A protein,TGME49_278070,Toxoplasma gondii family A protein,0.32942842300722486,,
TGME49_256020,"EFHC1, putative",TGME49_272360,EF hand family protein,0.32895940257596235,,
TGME49_292270,SAG-related sequence SRS36C,TGME49_292250,SAG-related sequence SRS36A,0.32797781743183274,,
TGME49_293420,apicomplexan amino acid transporter ApiAT5-5,TGME49_293425,apicomplexan amino acid transporter ApiAT5-6,0.3279294015576838,,
TGME49_307480,Toxoplasma gondii family B protein,TGME49_298090,Toxoplasma gondii family B protein,0.32720460774347504,,
TGME49_271980,SAG-related sequence SRS32,TGME49_210330,SAG-related sequence SRS37B,0.3271541209451547,,
TGME49_315400,SAG-related sequence SRS53D,TGME49_315345,SAG-related sequence SRS52F,0.32683396435963596,,
TGME49_243150,Toxoplasma gondii family A protein,TGME49_327300,Toxoplasma gondii family A protein,0.32682778544348934,,
TGME49_288650,dense granule protein GRA12,TGME49_275860,dense granule protein GRA12B,0.32668483335721954,dense granules,dense granules
TGME49_207650,OTU domain-containing protein OTUD1A,TGME49_237894,OTU domain-containing protein OTUD1B,0.3264921304627061,,
TGME49_248673,hypothetical protein,TGME49_500255,"hypothetical protein, conserved",0.3259728823431134,,
TGME49_258880,"axonemal dynein light chain p33, putative",TGME49_249960,"inner dynein arm light chain, putative",0.32578706213347364,,
TGME49_291810,thioredoxin domain-containing protein,TGME49_308050,thioredoxin domain-containing protein,0.32561328719705107,,
TGME49_321470,SAG-related sequence SRS12D,TGME49_224770,SAG-related sequence SRS40D,0.32519474962236317,,
TGME49_243160,Toxoplasma gondii family A protein,TGME49_278070,Toxoplasma gondii family A protein,0.32433580264132666,,
TGME49_240310,Toxoplasma gondii family E protein,TGME49_240370,Toxoplasma gondii family E protein,0.3237525480100121,,
TGME49_320250,SAG-related sequence SRS15A,TGME49_292260,SAG-related sequence SRS36B,0.3231147930397942,,PM - peripheral 1
TGME49_200230,microneme protein MIC17C,TGME49_200240,microneme protein MIC17B,0.3230563688660405,,micronemes
TGME49_279100,mitochondrial association factor 1a,TGME49_220950,hypothetical protein,0.32257953948171836,dense granules,dense granules
TGME49_309352,SAG-related sequence SRS55N,TGME49_309300,SAG-related sequence SRS55A,0.3224212477445362,,
TGME49_250950,KRUF family protein,TGME49_250955,KRUF family protein,0.32241155448452397,,dense granules
TGME49_500353,SAG-related sequence,TGME49_259290,SAG-related sequence SRS26C,0.32200223322731725,,
TGME49_243170,Toxoplasma gondii family A protein,TGME49_266330,Toxoplasma gondii family A protein,0.3214554764580667,,
TGME49_220640,hypothetical protein,TGME49_287470,hypothetical protein,0.32106999235120903,,
TGME49_259300,SAG-related sequence SRS26B,TGME49_239090,SAG-related sequence SRS23,0.32098790415210865,,
TGME49_309330,SAG-related sequence SRS55F,TGME49_271040,hypothetical protein,0.3208457843841954,,
TGME49_323300,myosin-light-chain kinase,TGME49_322130,hypothetical protein,0.3205599720274702,,
TGME49_251958,SAG-related sequence SRS59B,TGME49_210330,SAG-related sequence SRS37B,0.32034631364999766,,
TGME49_240330,Toxoplasma gondii family E protein,TGME49_240310,Toxoplasma gondii family E protein,0.32033873137733815,,
TGME49_278370,Toxoplasma gondii family A protein,TGME49_278100,Toxoplasma gondii family A protein,0.3200319449271195,,PM - peripheral 1
TGME49_278340,Toxoplasma gondii family A protein,TGME49_278320,Toxoplasma gondii family A protein,0.31947525507243824,,
TGME49_255460,EGF family domain-containing protein,TGME49_321800,EGF family domain-containing protein,0.3192416693844936,,
TGME49_320250,SAG-related sequence SRS15A,TGME49_295600,SAG-related sequence SRS10,0.31906821223214166,,
TGME49_322100,myosin-light-chain kinase,TGME49_322130,hypothetical protein,0.3190506177969058,,
TGME49_298960,Toxoplasma gondii family C protein,TGME49_500218,Toxoplasma gondii family C protein,0.3189746410434924,,
TGME49_278410,Toxoplasma gondii family A protein,TGME49_327300,Toxoplasma gondii family A protein,0.31874389107629986,,
TGME49_251958,SAG-related sequence SRS59B,TGME49_210320,SAG-related sequence SRS37A,0.31869984089372794,,
TGME49_278070,Toxoplasma gondii family A protein,TGME49_278300,Toxoplasma gondii family A protein,0.3185053548356075,,
TGME49_266330,Toxoplasma gondii family A protein,TGME49_278430,Toxoplasma gondii family A protein,0.31850258520740415,,
TGME49_250220,hypothetical protein,TGME49_287470,hypothetical protein,0.31817902182235946,,
TGME49_292280,SAG-related sequence SRS36D,TGME49_295600,SAG-related sequence SRS10,0.3177140282002242,PM - peripheral 1,
TGME49_316780,hypothetical protein,TGME49_207650,OTU domain-containing protein OTUD1A,0.31748699747039677,,
TGME49_278340,Toxoplasma gondii family A protein,TGME49_278430,Toxoplasma gondii family A protein,0.3173687143142214,,
TGME49_309300,SAG-related sequence SRS55A,TGME49_207015,SRS domain-containing protein,0.317367333509457,,
TGME49_268270,hypothetical protein,TGME49_278300,Toxoplasma gondii family A protein,0.3171909230547256,,
TGME49_264225,Toxoplasma gondii family B protein,TGME49_200480,Toxoplasma gondii family B protein,0.31669729446954054,,
TGME49_307480,Toxoplasma gondii family B protein,TGME49_500295,Toxoplasma gondii family B protein,0.3157806562392874,,
TGME49_309330,SAG-related sequence SRS55F,TGME49_275360,SAG-related sequence SRS47B,0.3156588194824187,,
TGME49_278340,Toxoplasma gondii family A protein,TGME49_243190,Toxoplasma gondii family A protein,0.3156149703775538,,
TGME49_224760,SAG-related sequence SRS40E,TGME49_320240,SAG-related sequence SRS15B,0.3155246181143616,,
TGME49_240310,Toxoplasma gondii family E protein,TGME49_318130,Toxoplasma gondii family E protein,0.3154640744146049,,
TGME49_241305,hypothetical protein,TGME49_241310,hypothetical protein,0.3154118640634378,,
TGME49_241240,dense granule protein GRA65,TGME49_241300,hypothetical protein,0.3152728079601166,dense granules,
TGME49_500111,Toxoplasma gondii family B protein,TGME49_307480,Toxoplasma gondii family B protein,0.3152205876425297,,
TGME49_301170,SAG-related sequence SRS19D,TGME49_321480,SAG-related sequence SRS12B,0.3143337034652077,PM - peripheral 1,PM - peripheral 1
TGME49_278360,Toxoplasma gondii family A protein,TGME49_266335,Toxoplasma gondii family A protein,0.31427441860250427,,
TGME49_320250,SAG-related sequence SRS15A,TGME49_321490,SAG-related sequence SRS12A,0.31423201193156103,,
TGME49_287280,Toxoplasma gondii family C protein,TGME49_329100,Toxoplasma gondii family C protein,0.31397096061199226,,
TGME49_237900,OTU domain-containing protein OTUD1E,TGME49_207650,OTU domain-containing protein OTUD1A,0.3137821207356539,,
TGME49_266340,Toxoplasma gondii family A protein,TGME49_327300,Toxoplasma gondii family A protein,0.31336562350515207,,
TGME49_320230,SAG-related sequence SRS15C,TGME49_321470,SAG-related sequence SRS12D,0.3120897843500743,PM - peripheral 1,
TGME49_278420,Toxoplasma gondii family A protein,TGME49_278300,Toxoplasma gondii family A protein,0.3119523117160432,,
TGME49_220650,hypothetical protein,TGME49_287460,hypothetical protein,0.31182518909809454,,
TGME49_224750,SAG-related sequence SRS40F,TGME49_224770,SAG-related sequence SRS40D,0.3111312910515215,,
TGME49_278370,Toxoplasma gondii family A protein,TGME49_266340,Toxoplasma gondii family A protein,0.310965714655259,,
TGME49_224790,SAG-related sequence SRS40A,TGME49_295600,SAG-related sequence SRS10,0.3106096326144686,,
TGME49_301150,SAG-related sequence SRS19B,TGME49_301160,SAG-related sequence SRS19C,0.31055047059350926,PM - peripheral 1,PM - peripheral 1
TGME49_292280,SAG-related sequence SRS36D,TGME49_292270,SAG-related sequence SRS36C,0.31036827662822686,PM - peripheral 1,
TGME49_320250,SAG-related sequence SRS15A,TGME49_292250,SAG-related sequence SRS36A,0.3102729176529153,,
TGME49_242250,Protein kinase domain-containing protein [Source:UniProtKB/TrEMBL;Acc:S8F3P2],TGME49_500375,rhoptry kinase family protein,0.3102366832263215,,
TGME49_321490,SAG-related sequence SRS12A,TGME49_292250,SAG-related sequence SRS36A,0.3101380184438597,,
TGME49_251958,SAG-related sequence SRS59B,TGME49_329700,SAG-related sequence SRS26J,0.309456286369289,,
TGME49_322100,myosin-light-chain kinase,TGME49_500375,rhoptry kinase family protein,0.30925548111514867,,
TGME49_210320,SAG-related sequence SRS37A,TGME49_210330,SAG-related sequence SRS37B,0.3091167630904901,,
TGME49_238440,SAG-related sequence SRS22A,TGME49_238850,SAG-related sequence SRS22I,0.3089670152422682,PM - peripheral 1,
TGME49_242900,Toxoplasma gondii family A protein,TGME49_278420,Toxoplasma gondii family A protein,0.30894324558605535,,
TGME49_242110,rhoptry kinase family protein ROP38,TGME49_322100,myosin-light-chain kinase,0.30861474706073266,,
TGME49_252500,polo kinase,TGME49_308090,rhoptry protein ROP5,0.30837467871581115,rhoptries 1,rhoptries 1
TGME49_307480,Toxoplasma gondii family B protein,TGME49_306870,hypothetical protein,0.30804263221715933,,
TGME49_273960,chaperonin GroS protein,TGME49_263530,"chaperonin, putative",0.30790253204885565,apicoplast,mitochondrion - soluble
TGME49_307460,Toxoplasma gondii family B protein,TGME49_279460,Toxoplasma gondii family B protein,0.3074608673337461,,
TGME49_243140,Toxoplasma gondii family A protein,TGME49_266330,Toxoplasma gondii family A protein,0.3074184944451893,,
TGME49_250950,KRUF family protein,TGME49_323010,hypothetical protein,0.30696771859578154,,
TGME49_500026,Toxoplasma gondii family B protein,TGME49_320770,Toxoplasma gondii family B protein,0.306641573449671,,
TGME49_219348,SAG-related sequence SRS55M,TGME49_275380,SAG-related sequence SRS47D,0.30618011958863667,,
TGME49_243180,Toxoplasma gondii family A protein,TGME49_242900,Toxoplasma gondii family A protein,0.3060058160589928,,
TGME49_259290,SAG-related sequence SRS26C,TGME49_239090,SAG-related sequence SRS23,0.30578290350788284,,
TGME49_210678,OTU domain-containing protein OTUD1D,TGME49_207650,OTU domain-containing protein OTUD1A,0.305548668511735,,
TGME49_242100,rhoptry kinase family protein,TGME49_322100,myosin-light-chain kinase,0.3054978659976064,,
TGME49_278330,Toxoplasma gondii family A protein,TGME49_278070,Toxoplasma gondii family A protein,0.30543152206159574,,
TGME49_322100,myosin-light-chain kinase,TGME49_322020,hypothetical protein,0.3052255701382116,,
TGME49_321470,SAG-related sequence SRS12D,TGME49_224790,SAG-related sequence SRS40A,0.30501741724184184,,
TGME49_500184,Toxoplasma gondii family C protein,TGME49_329400,Toxoplasma gondii family C protein,0.303994349243058,,
TGME49_308090,rhoptry protein ROP5,TGME49_252360,rhoptry kinase family protein ROP24 (incomplete catalytic triad),0.3038558360620731,rhoptries 1,rhoptries 1
TGME49_286090,"translation initiation factor SUI1, putative",TGME49_249370,"translation initiation factor SUI1, putative",0.30355099153098675,nucleus - non-chromatin,
TGME49_259270,SAG-related sequence SRS26E,TGME49_279000,SAG-related sequence SRS59J,0.30342805460246813,,
TGME49_219348,SAG-related sequence SRS55M,TGME49_275360,SAG-related sequence SRS47B,0.30330650811218984,,
TGME49_278340,Toxoplasma gondii family A protein,TGME49_278360,Toxoplasma gondii family A protein,0.30306906246337784,,
TGME49_278420,Toxoplasma gondii family A protein,TGME49_266335,Toxoplasma gondii family A protein,0.3030195550245136,,
TGME49_321470,SAG-related sequence SRS12D,TGME49_292270,SAG-related sequence SRS36C,0.3024105170071518,,
TGME49_322100,myosin-light-chain kinase,TGME49_323300,myosin-light-chain kinase,0.3017851214023166,,
TGME49_278390,Toxoplasma gondii family A protein,TGME49_278100,Toxoplasma gondii family A protein,0.3011596392312341,,PM - peripheral 1
TGME49_320240,SAG-related sequence SRS15B,TGME49_321490,SAG-related sequence SRS12A,0.3008583882742777,,
TGME49_243120,Toxoplasma gondii family A protein,TGME49_327300,Toxoplasma gondii family A protein,0.3004149503508641,,
TGME49_500111,Toxoplasma gondii family B protein,TGME49_276230,Toxoplasma gondii family B protein,0.300224609525394,,
TGME49_243170,Toxoplasma gondii family A protein,TGME49_266340,Toxoplasma gondii family A protein,0.30019360670385975,,
TGME49_266330,Toxoplasma gondii family A protein,TGME49_278380,Toxoplasma gondii family A protein,0.30011583429601063,,
TGME49_301160,SAG-related sequence SRS19C,TGME49_273120,SAG-related sequence SRS30C,0.29964345356412847,PM - peripheral 1,PM - peripheral 1
TGME49_500111,Toxoplasma gondii family B protein,TGME49_274290,Toxoplasma gondii family B protein,0.29962377741037016,,
TGME49_320250,SAG-related sequence SRS15A,TGME49_224770,SAG-related sequence SRS40D,0.29941389126576046,,
TGME49_298960,Toxoplasma gondii family C protein,TGME49_220080,Toxoplasma gondii family C protein,0.2972255953603462,,
TGME49_252200,palmitoyltransferase DHHC7,TGME49_278850,palmitoyltransferase DHHC2,0.2970300623493405,,IMC
TGME49_323800,OTU family cysteine protease,TGME49_207650,OTU domain-containing protein OTUD1A,0.2969189705219959,,
TGME49_321470,SAG-related sequence SRS12D,TGME49_224780,SAG-related sequence SRS40B [Source:UniProtKB/TrEMBL;Acc:S8EU84],0.2967206172478237,,
TGME49_256040,PA14 domain-containing protein,TGME49_258400,LCCL-related protein CCp5A,0.29627836023389764,,
TGME49_301150,SAG-related sequence SRS19B,TGME49_320170,SAG-related sequence SRS16E,0.2962490387586424,PM - peripheral 1,PM - peripheral 1
TGME49_323700,OTU family cysteine protease,TGME49_207650,OTU domain-containing protein OTUD1A,0.29614708259693745,,
TGME49_278340,Toxoplasma gondii family A protein,TGME49_243100,Toxoplasma gondii family A protein,0.2961027436521423,,
TGME49_235470,myosin A,TGME49_263180,myosin D,0.2957072394389345,IMC,PM - peripheral 1
TGME49_323600,OTU family cysteine protease,TGME49_207650,OTU domain-containing protein OTUD1A,0.2956330637014861,,
TGME49_292280,SAG-related sequence SRS36D,TGME49_292250,SAG-related sequence SRS36A,0.29546339509026176,PM - peripheral 1,
TGME49_219348,SAG-related sequence SRS55M,TGME49_275355,SAG-related sequence SRS47A,0.2942497432815251,,
TGME49_242250,Protein kinase domain-containing protein [Source:UniProtKB/TrEMBL;Acc:S8F3P2],TGME49_242230,rhoptry kinase family protein ROP29,0.2942222946648828,,
TGME49_500111,Toxoplasma gondii family B protein,TGME49_299570,Toxoplasma gondii family B protein,0.2941428003336142,,
TGME49_500026,Toxoplasma gondii family B protein,TGME49_244920,Toxoplasma gondii family B protein,0.29402213855191184,,
TGME49_278350,Toxoplasma gondii family A protein,TGME49_243170,Toxoplasma gondii family A protein,0.2933355639068649,,
TGME49_329710,SAG-related sequence SRS26I,TGME49_239090,SAG-related sequence SRS23,0.29329474146916656,,
TGME49_251958,SAG-related sequence SRS59B,TGME49_259300,SAG-related sequence SRS26B,0.292733957896136,,
TGME49_320170,SAG-related sequence SRS16E,TGME49_292260,SAG-related sequence SRS36B,0.29271868412177715,PM - peripheral 1,PM - peripheral 1
TGME49_200010,dense granule protein GRA20,TGME49_245428,hypothetical protein,0.29267215691216,dense granules,
TGME49_321470,SAG-related sequence SRS12D,TGME49_321490,SAG-related sequence SRS12A,0.2924503521814583,,
TGME49_295935,KRUF family protein,TGME49_252190,KRUF family protein,0.2923758766546234,,
TGME49_224790,SAG-related sequence SRS40A,TGME49_320250,SAG-related sequence SRS15A,0.29173892202877627,,
TGME49_235635,hypothetical protein,TGME49_500297,"hypothetical protein, conserved",0.29130607999334324,dense granules,
TGME49_320770,Toxoplasma gondii family B protein,TGME49_307480,Toxoplasma gondii family B protein,0.2911639985528427,,
TGME49_271980,SAG-related sequence SRS32,TGME49_279000,SAG-related sequence SRS59J,0.2911268791319751,,
TGME49_224790,SAG-related sequence SRS40A,TGME49_321490,SAG-related sequence SRS12A,0.29109555184931024,,
TGME49_500343,thrombospondin type 1 domain-containing protein,TGME49_237585,hypothetical protein,0.29098860196592335,,
TGME49_219348,SAG-related sequence SRS55M,TGME49_271040,hypothetical protein,0.29072168219997596,,
TGME49_200240,microneme protein MIC17B,TGME49_232400,PAN domain-containing protein,0.2906834419239662,micronemes,micronemes
TGME49_500419,hypothetical protein,TGME49_241310,hypothetical protein,0.2898982426048117,,
TGME49_321470,SAG-related sequence SRS12D,TGME49_292250,SAG-related sequence SRS36A,0.2898020937961733,,
TGME49_220730,hypothetical protein,TGME49_500319,"hypothetical protein, conserved",0.28979413342602467,,
TGME49_224770,SAG-related sequence SRS40D,TGME49_321480,SAG-related sequence SRS12B,0.2893870433053499,,PM - peripheral 1
TGME49_243150,Toxoplasma gondii family A protein,TGME49_266335,Toxoplasma gondii family A protein,0.28937934880721283,,
TGME49_259270,SAG-related sequence SRS26E,TGME49_210330,SAG-related sequence SRS37B,0.2889039290189285,,
TGME49_225330,hypothetical protein,TGME49_225320,hypothetical protein,0.28869725854156914,rhoptries 1,rhoptries 2
TGME49_251958,SAG-related sequence SRS59B,TGME49_259270,SAG-related sequence SRS26E,0.28827827119656835,,
TGME49_318130,Toxoplasma gondii family E protein,TGME49_318120,hypothetical protein,0.288119651569995,,
TGME49_321470,SAG-related sequence SRS12D,TGME49_320240,SAG-related sequence SRS15B,0.2880223420135314,,
TGME49_320770,Toxoplasma gondii family B protein,TGME49_295300,Toxoplasma gondii family B protein,0.28801179401825716,,
TGME49_301140,SAG-related sequence SRS19A,TGME49_224790,SAG-related sequence SRS40A,0.2878392036409827,,
TGME49_301150,SAG-related sequence SRS19B,TGME49_224750,SAG-related sequence SRS40F,0.2878293834091771,PM - peripheral 1,
TGME49_226380,dense granule protein GRA35,TGME49_225160,hypothetical protein,0.2875466348639303,dense granules,dense granules
TGME49_315390,SAG-related sequence SRS53C,TGME49_315345,SAG-related sequence SRS52F,0.2872394566614431,,
TGME49_275380,SAG-related sequence SRS47D,TGME49_207005,SAG-related sequence SRS48Q,0.2871051601803112,,
TGME49_292280,SAG-related sequence SRS36D,TGME49_292275,SAG-related sequence SRS36E,0.2870980293891696,PM - peripheral 1,
TGME49_500402,"hypothetical protein, conserved",TGME49_257925,hypothetical protein,0.28672170483190074,,
TGME49_243130,Toxoplasma gondii family A protein,TGME49_278300,Toxoplasma gondii family A protein,0.28479670525042555,,
TGME49_224790,SAG-related sequence SRS40A,TGME49_292250,SAG-related sequence SRS36A,0.2841186106312614,,
TGME49_307480,Toxoplasma gondii family B protein,TGME49_279460,Toxoplasma gondii family B protein,0.2840395691618569,,
TGME49_322100,myosin-light-chain kinase,TGME49_322120,rhoptry kinase family protein,0.28403592060531313,,
TGME49_283450,Toxoplasma gondii family B protein,TGME49_306870,hypothetical protein,0.28390486438649676,,
TGME49_320250,SAG-related sequence SRS15A,TGME49_224780,SAG-related sequence SRS40B [Source:UniProtKB/TrEMBL;Acc:S8EU84],0.2835544087481431,,
TGME49_242900,Toxoplasma gondii family A protein,TGME49_278410,Toxoplasma gondii family A protein,0.28329703244920434,,
TGME49_309352,SAG-related sequence SRS55N,TGME49_275380,SAG-related sequence SRS47D,0.2831266610591173,,
TGME49_259270,SAG-related sequence SRS26E,TGME49_239090,SAG-related sequence SRS23,0.2830158681706687,,
TGME49_266330,Toxoplasma gondii family A protein,TGME49_278410,Toxoplasma gondii family A protein,0.28289646737798446,,
TGME49_320230,SAG-related sequence SRS15C,TGME49_292260,SAG-related sequence SRS36B,0.28287178574602245,PM - peripheral 1,PM - peripheral 1
TGME49_278320,Toxoplasma gondii family A protein,TGME49_278300,Toxoplasma gondii family A protein,0.2828415967492196,,
TGME49_500402,"hypothetical protein, conserved",TGME49_257910,hypothetical protein,0.28248336535914387,,
TGME49_309352,SAG-related sequence SRS55N,TGME49_296640,SAG-related sequence SRS48E,0.2821414818874938,,
TGME49_316780,hypothetical protein,TGME49_237893,hypothetical protein,0.28197447626547556,,
TGME49_278340,Toxoplasma gondii family A protein,TGME49_266340,Toxoplasma gondii family A protein,0.2818956253746706,,
TGME49_238500,SAG-related sequence SRS22F,TGME49_238490,SAG-related sequence SRS22E,0.28133480769066255,,
TGME49_287280,Toxoplasma gondii family C protein,TGME49_500184,Toxoplasma gondii family C protein,0.28124215023281907,,
TGME49_262710,Ctr copper transporter family protein,TGME49_249200,Ctr copper transporter family protein,0.28027242922733786,Golgi,
TGME49_321470,SAG-related sequence SRS12D,TGME49_301150,SAG-related sequence SRS19B,0.28018308634583844,,PM - peripheral 1
TGME49_292610,Toxoplasma gondii family C protein,TGME49_500184,Toxoplasma gondii family C protein,0.28003710124818537,,
TGME49_250670,hypothetical protein,TGME49_250500,hypothetical protein,0.2799766035494563,,
TGME49_500184,Toxoplasma gondii family C protein,TGME49_200590,Toxoplasma gondii family C protein,0.2788759109947193,,
TGME49_241300,hypothetical protein,TGME49_500419,hypothetical protein,0.2787854258476905,,
TGME49_278350,Toxoplasma gondii family A protein,TGME49_268270,hypothetical protein,0.2784493761102138,,
TGME49_315400,SAG-related sequence SRS53D,TGME49_315390,SAG-related sequence SRS53C,0.27808989282586916,,
TGME49_316780,hypothetical protein,TGME49_237894,OTU domain-containing protein OTUD1B,0.2780844396714388,,
TGME49_301150,SAG-related sequence SRS19B,TGME49_224770,SAG-related sequence SRS40D,0.27751540280044795,PM - peripheral 1,
TGME49_243180,Toxoplasma gondii family A protein,TGME49_266335,Toxoplasma gondii family A protein,0.2762820681729413,,
TGME49_266330,Toxoplasma gondii family A protein,TGME49_278320,Toxoplasma gondii family A protein,0.27622929510673455,,
TGME49_278380,Toxoplasma gondii family A protein,TGME49_278300,Toxoplasma gondii family A protein,0.27604698960858765,,
TGME49_330000,cytochrome b,TGME49_322210,"apocytochrome b, putative",0.27503262192230193,mitochondrion - membranes,
TGME49_207010,SAG-related sequence SRS48K,TGME49_275380,SAG-related sequence SRS47D,0.27481701237458833,,
TGME49_307460,Toxoplasma gondii family B protein,TGME49_200480,Toxoplasma gondii family B protein,0.2745649055045093,,
TGME49_266330,Toxoplasma gondii family A protein,TGME49_243120,Toxoplasma gondii family A protein,0.2744165410527718,,
TGME49_243170,Toxoplasma gondii family A protein,TGME49_278300,Toxoplasma gondii family A protein,0.2740186417510384,,
TGME49_273110,SAG-related sequence SRS30D,TGME49_320170,SAG-related sequence SRS16E,0.2738898079837241,,PM - peripheral 1
TGME49_242900,Toxoplasma gondii family A protein,TGME49_278430,Toxoplasma gondii family A protein,0.27383027809335647,,
TGME49_301150,SAG-related sequence SRS19B,TGME49_292260,SAG-related sequence SRS36B,0.2737110944344928,PM - peripheral 1,PM - peripheral 1
TGME49_243150,Toxoplasma gondii family A protein,TGME49_266330,Toxoplasma gondii family A protein,0.27362682524096793,,
TGME49_224790,SAG-related sequence SRS40A,TGME49_224750,SAG-related sequence SRS40F,0.2733483915299765,,
TGME49_245770,hypothetical protein,TGME49_220640,hypothetical protein,0.27307049399942007,,
TGME49_243150,Toxoplasma gondii family A protein,TGME49_242900,Toxoplasma gondii family A protein,0.2728717316962802,,
TGME49_259410,SAG-related sequence SRS26A,TGME49_210330,SAG-related sequence SRS37B,0.27245559778190453,,
TGME49_242118,myosin-light-chain kinase,TGME49_322130,hypothetical protein,0.27230582244040735,rhoptries 2,
TGME49_315400,SAG-related sequence SRS53D,TGME49_315380,SAG-related sequence SRS53B,0.272229570616196,,
TGME49_278410,Toxoplasma gondii family A protein,TGME49_266335,Toxoplasma gondii family A protein,0.2721546035397594,,
TGME49_500295,Toxoplasma gondii family B protein,TGME49_299570,Toxoplasma gondii family B protein,0.2721531515478538,,
TGME49_278290,Toxoplasma gondii family A protein,TGME49_266335,Toxoplasma gondii family A protein,0.27182944657862496,,
TGME49_243170,Toxoplasma gondii family A protein,TGME49_242900,Toxoplasma gondii family A protein,0.27178726706101064,,
TGME49_243170,Toxoplasma gondii family A protein,TGME49_278420,Toxoplasma gondii family A protein,0.2711786599828033,,
TGME49_207010,SAG-related sequence SRS48K,TGME49_309352,SAG-related sequence SRS55N,0.27092914376860944,,
TGME49_243130,Toxoplasma gondii family A protein,TGME49_266330,Toxoplasma gondii family A protein,0.270847559491874,,
TGME49_259290,SAG-related sequence SRS26C,TGME49_210330,SAG-related sequence SRS37B,0.2704172497195855,,
TGME49_242055,DEAD/DEAH box helicase domain-containing protein,TGME49_230080,"DNA polymerase theta, putative",0.27023270453637527,,
TGME49_255190,"myosin C, myosin B",TGME49_263180,myosin D,0.27022530178619575,IMC,PM - peripheral 1
TGME49_243170,Toxoplasma gondii family A protein,TGME49_268270,hypothetical protein,0.26971818678114234,,
TGME49_275360,SAG-related sequence SRS47B,TGME49_207015,SRS domain-containing protein,0.26915132916499307,,
TGME49_268270,hypothetical protein,TGME49_327300,Toxoplasma gondii family A protein,0.2691432338749402,,
TGME49_278360,Toxoplasma gondii family A protein,TGME49_278300,Toxoplasma gondii family A protein,0.2691040636325751,,
TGME49_238480,SAG-related sequence SRS22D,TGME49_238490,SAG-related sequence SRS22E,0.2689113251321553,,
TGME49_296121,hypothetical protein,TGME49_245770,hypothetical protein,0.2680599686989038,,
TGME49_309352,SAG-related sequence SRS55N,TGME49_207005,SAG-related sequence SRS48Q,0.26779842803396514,,
TGME49_283450,Toxoplasma gondii family B protein,TGME49_500295,Toxoplasma gondii family B protein,0.2676737031692761,,
TGME49_301140,SAG-related sequence SRS19A,TGME49_224780,SAG-related sequence SRS40B [Source:UniProtKB/TrEMBL;Acc:S8EU84],0.26759008836865206,,
TGME49_242118,myosin-light-chain kinase,TGME49_323330,hypothetical protein,0.2675782804846334,rhoptries 2,
TGME49_323200,OTU family cysteine protease,TGME49_207650,OTU domain-containing protein OTUD1A,0.26750796426995993,,
TGME49_251962,SAG-related sequence SRS59K,TGME49_259270,SAG-related sequence SRS26E,0.26744826477993044,,
TGME49_278350,Toxoplasma gondii family A protein,TGME49_243130,Toxoplasma gondii family A protein,0.2671679538129139,,
TGME49_278290,Toxoplasma gondii family A protein,TGME49_327300,Toxoplasma gondii family A protein,0.26694708971931513,,
TGME49_243100,Toxoplasma gondii family A protein,TGME49_327300,Toxoplasma gondii family A protein,0.26671902325314756,,
TGME49_230830,ATPase family associated with various cellular activities (AAA) domain-containing protein,TGME49_500227,"dynein heavy chain, putative",0.2666917059855164,,
TGME49_278430,Toxoplasma gondii family A protein,TGME49_278300,Toxoplasma gondii family A protein,0.2666241546335041,,
TGME49_309352,SAG-related sequence SRS55N,TGME49_500199,SAG-related sequence,0.26603875307718927,,
TGME49_266330,Toxoplasma gondii family A protein,TGME49_278290,Toxoplasma gondii family A protein,0.2659720965801441,,
TGME49_243180,Toxoplasma gondii family A protein,TGME49_278300,Toxoplasma gondii family A protein,0.26580805052584433,,
TGME49_500026,Toxoplasma gondii family B protein,TGME49_276230,Toxoplasma gondii family B protein,0.2655862971380585,,
TGME49_295110,rhoptry protein ROP7,TGME49_215775,rhoptry protein ROP8,0.26544586656347813,rhoptries 1,rhoptries 1
TGME49_243130,Toxoplasma gondii family A protein,TGME49_327300,Toxoplasma gondii family A protein,0.26470552438148454,,
TGME49_242118,myosin-light-chain kinase,TGME49_322020,hypothetical protein,0.2641270587268587,rhoptries 2,
TGME49_273110,SAG-related sequence SRS30D,TGME49_301150,SAG-related sequence SRS19B,0.2639863568571602,,PM - peripheral 1
TGME49_278360,Toxoplasma gondii family A protein,TGME49_266340,Toxoplasma gondii family A protein,0.2639723291588726,,
TGME49_210600,KRUF family protein,TGME49_292390,KRUF family protein,0.2637575580295597,,
TGME49_255060,cytochrome b(N-terminal)/b6/petB subfamily protein,TGME49_322210,"apocytochrome b, putative",0.2635400664037635,,
TGME49_306870,hypothetical protein,TGME49_299570,Toxoplasma gondii family B protein,0.26352834473340925,,
TGME49_236400,hypothetical protein,TGME49_236290,hypothetical protein,0.2629976937236974,,
TGME49_242900,Toxoplasma gondii family A protein,TGME49_266340,Toxoplasma gondii family A protein,0.26268813208674513,,
TGME49_243170,Toxoplasma gondii family A protein,TGME49_278430,Toxoplasma gondii family A protein,0.26226021296480484,,
TGME49_301140,SAG-related sequence SRS19A,TGME49_292250,SAG-related sequence SRS36A,0.26185605334742346,,
TGME49_500111,Toxoplasma gondii family B protein,TGME49_244920,Toxoplasma gondii family B protein,0.26182873280032426,,
TGME49_307480,Toxoplasma gondii family B protein,TGME49_200480,Toxoplasma gondii family B protein,0.2610162642556776,,
TGME49_311710,hypothetical protein,TGME49_212030,hypothetical protein,0.2608095767621901,,
TGME49_500353,SAG-related sequence,TGME49_329710,SAG-related sequence SRS26I,0.26029298973281856,,
TGME49_252500,polo kinase,TGME49_252360,rhoptry kinase family protein ROP24 (incomplete catalytic triad),0.2602839730998643,rhoptries 1,rhoptries 1
TGME49_301140,SAG-related sequence SRS19A,TGME49_295600,SAG-related sequence SRS10,0.26027214350787453,,
TGME49_275360,SAG-related sequence SRS47B,TGME49_275380,SAG-related sequence SRS47D,0.2595682038594572,,
TGME49_242900,Toxoplasma gondii family A protein,TGME49_278380,Toxoplasma gondii family A protein,0.25955902681168463,,
TGME49_242900,Toxoplasma gondii family A protein,TGME49_278320,Toxoplasma gondii family A protein,0.25901213306341575,,
TGME49_278350,Toxoplasma gondii family A protein,TGME49_243150,Toxoplasma gondii family A protein,0.25882438908301264,,
TGME49_313235,hypothetical protein,TGME49_500382,"hypothetical protein, conserved",0.2588042584549952,,
TGME49_322100,myosin-light-chain kinase,TGME49_242230,rhoptry kinase family protein ROP29,0.2587608572734962,,
TGME49_309210,"peroxiredoxin 6, putative",TGME49_217890,peroxiredoxin PRX1,0.2587329795862461,cytosol,nucleus - non-chromatin
TGME49_321470,SAG-related sequence SRS12D,TGME49_224750,SAG-related sequence SRS40F,0.25869128890648463,,
TGME49_271980,SAG-related sequence SRS32,TGME49_500353,SAG-related sequence,0.25854692671286683,,
TGME49_287430,hypothetical protein,TGME49_287470,hypothetical protein,0.2584282547257054,,
TGME49_238850,SAG-related sequence SRS22I,TGME49_238520,SAG-related sequence SRS22G,0.258042086048737,,
TGME49_266330,Toxoplasma gondii family A protein,TGME49_278070,Toxoplasma gondii family A protein,0.25723202680725543,,
TGME49_279100,mitochondrial association factor 1a,TGME49_323100,hypothetical protein,0.2571288540598028,dense granules,dense granules
TGME49_251958,SAG-related sequence SRS59B,TGME49_329710,SAG-related sequence SRS26I,0.2570591967100425,,
TGME49_243150,Toxoplasma gondii family A protein,TGME49_266340,Toxoplasma gondii family A protein,0.2570436351778508,,
TGME49_500353,SAG-related sequence,TGME49_251958,SAG-related sequence SRS59B,0.2570072734946989,,
TGME49_500026,Toxoplasma gondii family B protein,TGME49_299570,Toxoplasma gondii family B protein,0.25690938602189084,,
TGME49_278380,Toxoplasma gondii family A protein,TGME49_266335,Toxoplasma gondii family A protein,0.2566528363020063,,
TGME49_224790,SAG-related sequence SRS40A,TGME49_272560,SAG-related sequence SRS31B,0.2565868274422104,,
TGME49_243150,Toxoplasma gondii family A protein,TGME49_278300,Toxoplasma gondii family A protein,0.2563879879597317,,
TGME49_289600,heat shock protein HSP29,TGME49_312600,heat shock protein HSP21,0.2561028275814269,cytosol,cytosol
TGME49_278330,Toxoplasma gondii family A protein,TGME49_327300,Toxoplasma gondii family A protein,0.2553650890728567,,
TGME49_500218,Toxoplasma gondii family C protein,TGME49_329100,Toxoplasma gondii family C protein,0.2548272592207539,,
TGME49_248970,leucine rich repeat-containing protein,TGME49_233940,"centrosomal protein CEP72, putative",0.2543029363343914,,
TGME49_259300,SAG-related sequence SRS26B,TGME49_210330,SAG-related sequence SRS37B,0.2542845220243213,,
TGME49_266340,Toxoplasma gondii family A protein,TGME49_278300,Toxoplasma gondii family A protein,0.2542163050128492,,
TGME49_242900,Toxoplasma gondii family A protein,TGME49_243120,Toxoplasma gondii family A protein,0.2540362030234735,,
TGME49_278410,Toxoplasma gondii family A protein,TGME49_266340,Toxoplasma gondii family A protein,0.25352062696457434,,
TGME49_242900,Toxoplasma gondii family A protein,TGME49_266335,Toxoplasma gondii family A protein,0.2534186610307695,,
TGME49_240340,Toxoplasma gondii family E protein,TGME49_240310,Toxoplasma gondii family E protein,0.2529615324791884,,
TGME49_315740,SAG-related sequence SRS54,TGME49_234930,SAG-related sequence SRS43,0.25295705899259024,PM - peripheral 1,PM - peripheral 1
TGME49_308840,SAG-related sequence SRS51,TGME49_233460,SAG-related sequence SRS29B,0.2527608070306223,PM - peripheral 1,PM - peripheral 1
TGME49_271980,SAG-related sequence SRS32,TGME49_251958,SAG-related sequence SRS59B,0.25273624877897805,,
TGME49_296121,hypothetical protein,TGME49_250115,hypothetical protein,0.2520997544312342,,
TGME49_251958,SAG-related sequence SRS59B,TGME49_259290,SAG-related sequence SRS26C,0.25208703010847355,,
TGME49_309352,SAG-related sequence SRS55N,TGME49_275360,SAG-related sequence SRS47B,0.25190246072176015,,
TGME49_278360,Toxoplasma gondii family A protein,TGME49_242900,Toxoplasma gondii family A protein,0.25186200814940585,,
TGME49_251958,SAG-related sequence SRS59B,TGME49_259410,SAG-related sequence SRS26A,0.2507795072412121,,
TGME49_245428,hypothetical protein,TGME49_500214,"hypothetical protein, conserved",0.25071477038674217,,
TGME49_295300,Toxoplasma gondii family B protein,TGME49_279460,Toxoplasma gondii family B protein,0.25060422073781785,,
TGME49_230410,peroxiredoxin PRX3,TGME49_217890,peroxiredoxin PRX1,0.24908357015002613,mitochondrion - soluble,nucleus - non-chromatin
TGME49_322030,hypothetical protein,TGME49_323310,hypothetical protein,0.24905302537469154,,
TGME49_220730,hypothetical protein,TGME49_500280,"hypothetical protein, conserved",0.24903436716862004,,
TGME49_278350,Toxoplasma gondii family A protein,TGME49_243140,Toxoplasma gondii family A protein,0.24868878983372655,,
TGME49_322100,myosin-light-chain kinase,TGME49_323330,hypothetical protein,0.2482828923243655,,
TGME49_240340,Toxoplasma gondii family E protein,TGME49_240360,Toxoplasma gondii family E protein,0.24826004528211165,,
TGME49_243180,Toxoplasma gondii family A protein,TGME49_266340,Toxoplasma gondii family A protein,0.24784985019331063,,
TGME49_238460,SAG-related sequence SRS22B,TGME49_238490,SAG-related sequence SRS22E,0.24769785630756858,,
TGME49_240325,Toxoplasma gondii family E protein,TGME49_240310,Toxoplasma gondii family E protein,0.2476682822692522,,
TGME49_278420,Toxoplasma gondii family A protein,TGME49_266340,Toxoplasma gondii family A protein,0.24736214976327942,,
TGME49_278350,Toxoplasma gondii family A protein,TGME49_278290,Toxoplasma gondii family A protein,0.2473084134035588,,
TGME49_243180,Toxoplasma gondii family A protein,TGME49_266330,Toxoplasma gondii family A protein,0.24691699892761898,,
TGME49_285870,SAG-related sequence SRS20A,TGME49_271050,SAG-related sequence SRS34A,0.24680239249573366,PM - peripheral 1,PM - peripheral 1
TGME49_278430,Toxoplasma gondii family A protein,TGME49_266335,Toxoplasma gondii family A protein,0.24648969120808795,,
TGME49_266330,Toxoplasma gondii family A protein,TGME49_278330,Toxoplasma gondii family A protein,0.24644235158058325,,
TGME49_278350,Toxoplasma gondii family A protein,TGME49_243160,Toxoplasma gondii family A protein,0.24621422085417421,,
TGME49_242900,Toxoplasma gondii family A protein,TGME49_278290,Toxoplasma gondii family A protein,0.2460870801677041,,
TGME49_240350,Toxoplasma gondii family E protein,TGME49_240310,Toxoplasma gondii family E protein,0.24593226239400223,,
TGME49_233480,SAG-related sequence SRS29C,TGME49_233460,SAG-related sequence SRS29B,0.24590438782843205,PM - peripheral 1,PM - peripheral 1
TGME49_238470,SAG-related sequence SRS22C,TGME49_238490,SAG-related sequence SRS22E,0.24476239235829989,,
TGME49_315370,SAG-related sequence SRS53A,TGME49_315330,SAG-related sequence SRS52D,0.24460640847794257,,
TGME49_271980,SAG-related sequence SRS32,TGME49_259410,SAG-related sequence SRS26A,0.24434355612852077,,
TGME49_243170,Toxoplasma gondii family A protein,TGME49_278380,Toxoplasma gondii family A protein,0.24416514918903054,,
TGME49_500227,"dynein heavy chain, putative",TGME49_203135,dynein heavy chain family protein,0.24302548728428386,,
TGME49_323300,myosin-light-chain kinase,TGME49_322020,hypothetical protein,0.2428940384457864,,
TGME49_320230,SAG-related sequence SRS15C,TGME49_301150,SAG-related sequence SRS19B,0.24253653621655435,PM - peripheral 1,PM - peripheral 1
TGME49_240370,Toxoplasma gondii family E protein,TGME49_240360,Toxoplasma gondii family E protein,0.24246904703383154,,
TGME49_243160,Toxoplasma gondii family A protein,TGME49_266330,Toxoplasma gondii family A protein,0.24239480566132066,,
TGME49_278410,Toxoplasma gondii family A protein,TGME49_278300,Toxoplasma gondii family A protein,0.24169446811154738,,
TGME49_320250,SAG-related sequence SRS15A,TGME49_224750,SAG-related sequence SRS40F,0.2416166957012652,,
TGME49_233480,SAG-related sequence SRS29C,TGME49_308840,SAG-related sequence SRS51,0.2415131747748972,PM - peripheral 1,PM - peripheral 1
TGME49_322120,rhoptry kinase family protein,TGME49_323300,myosin-light-chain kinase,0.24120140393980205,,
TGME49_319700,NEK kinase,TGME49_244620,NEK kinase,0.24038601833903617,,
TGME49_278350,Toxoplasma gondii family A protein,TGME49_278410,Toxoplasma gondii family A protein,0.23994091290476915,,
TGME49_500248,"hypothetical protein, conserved",TGME49_256700,hypothetical protein,0.23990357965817577,,
TGME49_278290,Toxoplasma gondii family A protein,TGME49_266340,Toxoplasma gondii family A protein,0.2397115048967603,,
TGME49_315400,SAG-related sequence SRS53D,TGME49_315370,SAG-related sequence SRS53A,0.23959876139179326,,
TGME49_268270,hypothetical protein,TGME49_266335,Toxoplasma gondii family A protein,0.2386131286296055,,
TGME49_278350,Toxoplasma gondii family A protein,TGME49_278420,Toxoplasma gondii family A protein,0.23843494584346958,,
TGME49_323330,hypothetical protein,TGME49_323300,myosin-light-chain kinase,0.23817251984766163,,
TGME49_278350,Toxoplasma gondii family A protein,TGME49_278380,Toxoplasma gondii family A protein,0.23811951640052276,,
TGME49_286932,ATPase family associated with various cellular activities (AAA) domain-containing protein,TGME49_249840,"dynein heavy chain 2, putative",0.2380696557217853,,
TGME49_500375,rhoptry kinase family protein,TGME49_322130,hypothetical protein,0.23732106177623646,,
TGME49_204290,hypothetical protein,TGME49_204300,hypothetical protein,0.23679809363312954,,
TGME49_238490,SAG-related sequence SRS22E,TGME49_238530,SRS domain-containing protein,0.2367595740360201,,
TGME49_220630,hypothetical protein,TGME49_220640,hypothetical protein,0.236711507754107,,
TGME49_320250,SAG-related sequence SRS15A,TGME49_320240,SAG-related sequence SRS15B,0.23663238720959667,,
TGME49_278350,Toxoplasma gondii family A protein,TGME49_278430,Toxoplasma gondii family A protein,0.23630861918013557,,
TGME49_278360,Toxoplasma gondii family A protein,TGME49_278350,Toxoplasma gondii family A protein,0.23586924489122785,,
TGME49_243160,Toxoplasma gondii family A protein,TGME49_266340,Toxoplasma gondii family A protein,0.23526747592481556,,
TGME49_245432,dense granule protein GRA19,TGME49_200010,dense granule protein GRA20,0.23494145740285122,dense granules,dense granules
TGME49_233450,SAG-related sequence SRS29A,TGME49_308840,SAG-related sequence SRS51,0.23483219132125144,PM - peripheral 1,PM - peripheral 1
TGME49_500026,Toxoplasma gondii family B protein,TGME49_500295,Toxoplasma gondii family B protein,0.23458062347164166,,
TGME49_251962,SAG-related sequence SRS59K,TGME49_279000,SAG-related sequence SRS59J,0.23408235616171624,,
TGME49_295300,Toxoplasma gondii family B protein,TGME49_299570,Toxoplasma gondii family B protein,0.23391755148344984,,
TGME49_329710,SAG-related sequence SRS26I,TGME49_210330,SAG-related sequence SRS37B,0.23336899928672483,,
TGME49_235200,PAN domain-containing protein,TGME49_235390,PAN domain-containing protein,0.23325502648323626,,
TGME49_238490,SAG-related sequence SRS22E,TGME49_238520,SAG-related sequence SRS22G,0.23289702884757102,,
TGME49_266340,Toxoplasma gondii family A protein,TGME49_268270,hypothetical protein,0.23245590696029905,,
TGME49_207130,SAG-related sequence SRS49A,TGME49_207160,SAG-related sequence SRS49D,0.23212107292320783,,PM - peripheral 1
TGME49_243170,Toxoplasma gondii family A protein,TGME49_278410,Toxoplasma gondii family A protein,0.23176073026720423,,
TGME49_243120,Toxoplasma gondii family A protein,TGME49_278300,Toxoplasma gondii family A protein,0.2317417497185862,,
TGME49_301160,SAG-related sequence SRS19C,TGME49_301170,SAG-related sequence SRS19D,0.2312804920715753,PM - peripheral 1,PM - peripheral 1
TGME49_278350,Toxoplasma gondii family A protein,TGME49_243180,Toxoplasma gondii family A protein,0.23112175369185806,,
TGME49_273110,SAG-related sequence SRS30D,TGME49_320230,SAG-related sequence SRS15C,0.23096321863742075,,PM - peripheral 1
TGME49_243100,Toxoplasma gondii family A protein,TGME49_278070,Toxoplasma gondii family A protein,0.23046934312071943,,
TGME49_238480,SAG-related sequence SRS22D,TGME49_238850,SAG-related sequence SRS22I,0.23046341630340028,,
TGME49_243130,Toxoplasma gondii family A protein,TGME49_266335,Toxoplasma gondii family A protein,0.22972427509182047,,
TGME49_287440,hypothetical protein,TGME49_287460,hypothetical protein,0.22967556219761032,,
TGME49_275380,SAG-related sequence SRS47D,TGME49_207015,SRS domain-containing protein,0.22918816694703814,,
TGME49_242900,Toxoplasma gondii family A protein,TGME49_243140,Toxoplasma gondii family A protein,0.22914590352916142,,
TGME49_243120,Toxoplasma gondii family A protein,TGME49_266340,Toxoplasma gondii family A protein,0.22910579679271115,,
TGME49_220890,dense granule protein GRA12A,TGME49_275860,dense granule protein GRA12B,0.22909795289946444,PM - integral,dense granules
TGME49_218210,"Chromosome-associated kinesin KLP1, putative",TGME49_221420,"Chromosome-associated kinesin KLP1, putative",0.2290301659349664,,
TGME49_243100,Toxoplasma gondii family A protein,TGME49_278420,Toxoplasma gondii family A protein,0.2286411959169974,,
TGME49_238850,SAG-related sequence SRS22I,TGME49_238530,SRS domain-containing protein,0.22850506722776287,,
TGME49_320770,Toxoplasma gondii family B protein,TGME49_500295,Toxoplasma gondii family B protein,0.22843701652287707,,
TGME49_321470,SAG-related sequence SRS12D,TGME49_224760,SAG-related sequence SRS40E,0.2282553825120378,,
TGME49_271980,SAG-related sequence SRS32,TGME49_259270,SAG-related sequence SRS26E,0.22800646556787252,,
TGME49_278290,Toxoplasma gondii family A protein,TGME49_278420,Toxoplasma gondii family A protein,0.22795473119350806,,
TGME49_278320,Toxoplasma gondii family A protein,TGME49_266335,Toxoplasma gondii family A protein,0.227546968142317,,
TGME49_278350,Toxoplasma gondii family A protein,TGME49_243120,Toxoplasma gondii family A protein,0.22745235722036006,,
TGME49_288650,dense granule protein GRA12,TGME49_220890,dense granule protein GRA12A,0.2267883464642132,dense granules,PM - integral
TGME49_243160,Toxoplasma gondii family A protein,TGME49_278300,Toxoplasma gondii family A protein,0.22660836111307614,,
TGME49_292600,hypothetical protein,TGME49_300370,hypothetical protein,0.2256070940865632,,
TGME49_243170,Toxoplasma gondii family A protein,TGME49_278290,Toxoplasma gondii family A protein,0.22555211603400116,,
TGME49_243140,Toxoplasma gondii family A protein,TGME49_266335,Toxoplasma gondii family A protein,0.2250959030360974,,
TGME49_278290,Toxoplasma gondii family A protein,TGME49_278300,Toxoplasma gondii family A protein,0.22501011420430794,,
TGME49_500026,Toxoplasma gondii family B protein,TGME49_200480,Toxoplasma gondii family B protein,0.22454096068277096,,
TGME49_320170,SAG-related sequence SRS16E,TGME49_320250,SAG-related sequence SRS15A,0.22424394083845745,PM - peripheral 1,
TGME49_320230,SAG-related sequence SRS15C,TGME49_320170,SAG-related sequence SRS16E,0.2240852673881606,PM - peripheral 1,PM - peripheral 1
TGME49_322120,rhoptry kinase family protein,TGME49_323330,hypothetical protein,0.22365004804277855,,
TGME49_278420,Toxoplasma gondii family A protein,TGME49_268270,hypothetical protein,0.22360317254979079,,
TGME49_243130,Toxoplasma gondii family A protein,TGME49_266340,Toxoplasma gondii family A protein,0.22357351024973804,,
TGME49_275790,EGF family domain-containing protein,TGME49_275798,"microneme protein, putative",0.22352366627491715,,
TGME49_500184,Toxoplasma gondii family C protein,TGME49_329100,Toxoplasma gondii family C protein,0.2230304783804552,,
TGME49_243180,Toxoplasma gondii family A protein,TGME49_243170,Toxoplasma gondii family A protein,0.2229519662438345,,
TGME49_242900,Toxoplasma gondii family A protein,TGME49_243130,Toxoplasma gondii family A protein,0.2228038063708606,,
TGME49_315370,SAG-related sequence SRS53A,TGME49_315345,SAG-related sequence SRS52F,0.22263366431794607,,
TGME49_278380,Toxoplasma gondii family A protein,TGME49_266340,Toxoplasma gondii family A protein,0.22261323794558874,,
TGME49_242230,rhoptry kinase family protein ROP29,TGME49_323330,hypothetical protein,0.22228452201689342,,
TGME49_240370,Toxoplasma gondii family E protein,TGME49_318130,Toxoplasma gondii family E protein,0.222093193960596,,
TGME49_241300,hypothetical protein,TGME49_241305,hypothetical protein,0.22206347696401518,,
TGME49_240330,Toxoplasma gondii family E protein,TGME49_318130,Toxoplasma gondii family E protein,0.22196131878620806,,
TGME49_320230,SAG-related sequence SRS15C,TGME49_320250,SAG-related sequence SRS15A,0.2218146740061384,PM - peripheral 1,
TGME49_210330,SAG-related sequence SRS37B,TGME49_329700,SAG-related sequence SRS26J,0.22167167007130517,,
TGME49_240350,Toxoplasma gondii family E protein,TGME49_318130,Toxoplasma gondii family E protein,0.2216435319780644,,
TGME49_242118,myosin-light-chain kinase,TGME49_323300,myosin-light-chain kinase,0.22124004507252026,rhoptries 2,
TGME49_322100,myosin-light-chain kinase,TGME49_242250,Protein kinase domain-containing protein [Source:UniProtKB/TrEMBL;Acc:S8F3P2],0.2208894660075995,,
TGME49_207010,SAG-related sequence SRS48K,TGME49_309330,SAG-related sequence SRS55F,0.22042504898119786,,
TGME49_243170,Toxoplasma gondii family A protein,TGME49_243140,Toxoplasma gondii family A protein,0.21979187463967087,,
TGME49_315220,rhoptry protein ROP14,TGME49_315210,"rhoptry protein, putative",0.2196340611309383,rhoptries 2,rhoptries 2
TGME49_235315,PAN domain-containing protein,TGME49_235390,PAN domain-containing protein,0.21949035331836986,,
TGME49_242900,Toxoplasma gondii family A protein,TGME49_278070,Toxoplasma gondii family A protein,0.2194595663862572,,
TGME49_251962,SAG-related sequence SRS59K,TGME49_329700,SAG-related sequence SRS26J,0.21832245265217076,,
TGME49_266330,Toxoplasma gondii family A protein,TGME49_266340,Toxoplasma gondii family A protein,0.2181711013764367,,
TGME49_278360,Toxoplasma gondii family A protein,TGME49_268270,hypothetical protein,0.2178634505634076,,
TGME49_243170,Toxoplasma gondii family A protein,TGME49_278320,Toxoplasma gondii family A protein,0.21773616345898839,,
TGME49_243140,Toxoplasma gondii family A protein,TGME49_266340,Toxoplasma gondii family A protein,0.21759648306828627,,
TGME49_273110,SAG-related sequence SRS30D,TGME49_320250,SAG-related sequence SRS15A,0.21744275769810995,,
TGME49_298090,Toxoplasma gondii family B protein,TGME49_295300,Toxoplasma gondii family B protein,0.21737258748446786,,
TGME49_224760,SAG-related sequence SRS40E,TGME49_320250,SAG-related sequence SRS15A,0.21657777926325505,,
TGME49_242900,Toxoplasma gondii family A protein,TGME49_327300,Toxoplasma gondii family A protein,0.2160646459177361,,
TGME49_243130,Toxoplasma gondii family A protein,TGME49_278420,Toxoplasma gondii family A protein,0.21606373078071783,,
TGME49_240350,Toxoplasma gondii family E protein,TGME49_240360,Toxoplasma gondii family E protein,0.21592798870127083,,
TGME49_205250,rhoptry protein ROP18,TGME49_308090,rhoptry protein ROP5,0.21577088966039526,rhoptries 1,rhoptries 1
TGME49_220740,hypothetical protein,TGME49_300790,hypothetical protein,0.2156421232183704,,
TGME49_243120,Toxoplasma gondii family A protein,TGME49_266335,Toxoplasma gondii family A protein,0.2156402918894389,,
TGME49_242900,Toxoplasma gondii family A protein,TGME49_243100,Toxoplasma gondii family A protein,0.2155804359193777,,
TGME49_216875,cpw-wpc domain-containing protein,TGME49_247310,cpw-wpc domain-containing protein,0.21518304597400983,,
TGME49_278410,Toxoplasma gondii family A protein,TGME49_268270,hypothetical protein,0.21497506474421857,,
TGME49_320240,SAG-related sequence SRS15B,TGME49_224780,SAG-related sequence SRS40B [Source:UniProtKB/TrEMBL;Acc:S8EU84],0.21490602918773383,,
TGME49_278340,Toxoplasma gondii family A protein,TGME49_278350,Toxoplasma gondii family A protein,0.2144195462152677,,
TGME49_240340,Toxoplasma gondii family E protein,TGME49_318130,Toxoplasma gondii family E protein,0.21417363233908693,,
TGME49_315370,SAG-related sequence SRS53A,TGME49_315390,SAG-related sequence SRS53C,0.2141370507751531,,
TGME49_240325,Toxoplasma gondii family E protein,TGME49_318130,Toxoplasma gondii family E protein,0.21348827845401597,,
TGME49_318130,Toxoplasma gondii family E protein,TGME49_240360,Toxoplasma gondii family E protein,0.21300307467188673,,
TGME49_500218,Toxoplasma gondii family C protein,TGME49_287280,Toxoplasma gondii family C protein,0.2129166380387132,,
TGME49_500342,3'5'-cyclic nucleotide phosphodiesterase PDE3,TGME49_500340,"3'5'-cyclic nucleotide phosphodiesterase, putative",0.21275042508280662,,
TGME49_243140,Toxoplasma gondii family A protein,TGME49_327300,Toxoplasma gondii family A protein,0.2125684077151062,,
TGME49_304450,cation-transporting ATPase,TGME49_236900,hypothetical protein,0.21235357254729492,,
TGME49_238470,SAG-related sequence SRS22C,TGME49_238850,SAG-related sequence SRS22I,0.21216655647703742,,
TGME49_259290,SAG-related sequence SRS26C,TGME49_279000,SAG-related sequence SRS59J,0.2106822874828741,,
TGME49_263410,scavenger receptor cysteine-rich domain-containing protein,TGME49_267410,scavenger receptor protein SR1 precursor,0.21028820547822957,,
TGME49_200480,Toxoplasma gondii family B protein,TGME49_306870,hypothetical protein,0.210246352736828,,
TGME49_243150,Toxoplasma gondii family A protein,TGME49_278380,Toxoplasma gondii family A protein,0.21018892303848602,,
TGME49_278380,Toxoplasma gondii family A protein,TGME49_268270,hypothetical protein,0.21018705002084304,,
TGME49_230520,"cyclophilin 1, putative",TGME49_205700,cyclophilin precursor,0.20896743369565995,mitochondrion - soluble,cytosol
TGME49_243140,Toxoplasma gondii family A protein,TGME49_278300,Toxoplasma gondii family A protein,0.20881008506745613,,
TGME49_243170,Toxoplasma gondii family A protein,TGME49_243160,Toxoplasma gondii family A protein,0.20868015352403868,,
TGME49_212740,aromatic amino acid hydrolase AAH2,TGME49_287510,aromatic amino acid hydrolase AAH1,0.20756780855155743,,
TGME49_315380,SAG-related sequence SRS53B,TGME49_315345,SAG-related sequence SRS52F,0.2073921049273213,,
TGME49_278350,Toxoplasma gondii family A protein,TGME49_278330,Toxoplasma gondii family A protein,0.2072257068920823,,
TGME49_243160,Toxoplasma gondii family A protein,TGME49_327300,Toxoplasma gondii family A protein,0.20619173306564487,,
TGME49_271980,SAG-related sequence SRS32,TGME49_251962,SAG-related sequence SRS59K,0.2061505186325847,,
TGME49_259270,SAG-related sequence SRS26E,TGME49_259300,SAG-related sequence SRS26B,0.2060793967573742,,
TGME49_237810,hypothetical protein,TGME49_212420,hypothetical protein,0.20589309203077322,,
TGME49_298090,Toxoplasma gondii family B protein,TGME49_200480,Toxoplasma gondii family B protein,0.20585679218171227,,
TGME49_278370,Toxoplasma gondii family A protein,TGME49_278390,Toxoplasma gondii family A protein,0.20578672484964033,,
TGME49_301140,SAG-related sequence SRS19A,TGME49_272560,SAG-related sequence SRS31B,0.20570682275141594,,
TGME49_329200,hypothetical protein,TGME49_300790,hypothetical protein,0.20568999966935764,,
TGME49_242230,rhoptry kinase family protein ROP29,TGME49_322130,hypothetical protein,0.20554322893711163,,
TGME49_309352,SAG-related sequence SRS55N,TGME49_207015,SRS domain-containing protein,0.20538636381761166,,
TGME49_238500,SAG-related sequence SRS22F,TGME49_238850,SAG-related sequence SRS22I,0.20467848982827386,,
TGME49_242900,Toxoplasma gondii family A protein,TGME49_278330,Toxoplasma gondii family A protein,0.20362427728236698,,
TGME49_242900,Toxoplasma gondii family A protein,TGME49_266330,Toxoplasma gondii family A protein,0.2032805589916159,,
TGME49_259270,SAG-related sequence SRS26E,TGME49_259410,SAG-related sequence SRS26A,0.20242564675716557,,
TGME49_322100,myosin-light-chain kinase,TGME49_242118,myosin-light-chain kinase,0.20202450916628334,,rhoptries 2
TGME49_243500,"CAM kinase, SNF1/AMK1 family ToxPK1",TGME49_254190,"calcium signaling protein kinase MARK, putative",0.20195882812003474,,
TGME49_243160,Toxoplasma gondii family A protein,TGME49_268270,hypothetical protein,0.20194420053054518,,
TGME49_243140,Toxoplasma gondii family A protein,TGME49_278380,Toxoplasma gondii family A protein,0.20134086019303687,,
TGME49_309330,SAG-related sequence SRS55F,TGME49_207015,SRS domain-containing protein,0.20124792419083826,,
TGME49_242900,Toxoplasma gondii family A protein,TGME49_278300,Toxoplasma gondii family A protein,0.20072297253358218,,
TGME49_243130,Toxoplasma gondii family A protein,TGME49_278380,Toxoplasma gondii family A protein,0.20069120283049036,,
TGME49_278350,Toxoplasma gondii family A protein,TGME49_278320,Toxoplasma gondii family A protein,0.2006365814478126,,
TGME49_243170,Toxoplasma gondii family A protein,TGME49_243130,Toxoplasma gondii family A protein,0.20058289773790083,,
TGME49_278360,Toxoplasma gondii family A protein,TGME49_243170,Toxoplasma gondii family A protein,0.20050818978896523,,
TGME49_309330,SAG-related sequence SRS55F,TGME49_296640,SAG-related sequence SRS48E,0.20033528793463606,,
TGME49_242250,Protein kinase domain-containing protein [Source:UniProtKB/TrEMBL;Acc:S8F3P2],TGME49_323300,myosin-light-chain kinase,0.20022933108686436,,
TGME49_266330,Toxoplasma gondii family A protein,TGME49_327300,Toxoplasma gondii family A protein,0.20008259650127336,,
TGME49_315380,SAG-related sequence SRS53B,TGME49_315370,SAG-related sequence SRS53A,0.19982690068370035,,
TGME49_224790,SAG-related sequence SRS40A,TGME49_320240,SAG-related sequence SRS15B,0.19980323166356173,,
TGME49_240330,Toxoplasma gondii family E protein,TGME49_240370,Toxoplasma gondii family E protein,0.19945025032305452,,
TGME49_243100,Toxoplasma gondii family A protein,TGME49_268270,hypothetical protein,0.19914913059666217,,
TGME49_264225,Toxoplasma gondii family B protein,TGME49_500111,Toxoplasma gondii family B protein,0.19873626923806953,,
TGME49_266330,Toxoplasma gondii family A protein,TGME49_278300,Toxoplasma gondii family A protein,0.198709084424883,,
TGME49_309352,SAG-related sequence SRS55N,TGME49_309330,SAG-related sequence SRS55F,0.19850168496544773,,
TGME49_278320,Toxoplasma gondii family A protein,TGME49_266340,Toxoplasma gondii family A protein,0.19794776171889816,,
TGME49_309352,SAG-related sequence SRS55N,TGME49_219348,SAG-related sequence SRS55M,0.19701975116579573,,
TGME49_259410,SAG-related sequence SRS26A,TGME49_279000,SAG-related sequence SRS59J,0.196285218288466,,
TGME49_222170,dense granule protein GRA17,TGME49_297880,dense granule protein GRA23,0.19592695579898767,dense granules,dense granules
TGME49_259300,SAG-related sequence SRS26B,TGME49_279000,SAG-related sequence SRS59J,0.19577317987221388,,
TGME49_278410,Toxoplasma gondii family A protein,TGME49_278420,Toxoplasma gondii family A protein,0.19566026135854686,,
TGME49_266330,Toxoplasma gondii family A protein,TGME49_243100,Toxoplasma gondii family A protein,0.19523533936938153,,
TGME49_301150,SAG-related sequence SRS19B,TGME49_320250,SAG-related sequence SRS15A,0.19503200425563638,PM - peripheral 1,
TGME49_292250,SAG-related sequence SRS36A,TGME49_224780,SAG-related sequence SRS40B [Source:UniProtKB/TrEMBL;Acc:S8EU84],0.19485796415366863,,
TGME49_212030,hypothetical protein,TGME49_211920,hypothetical protein,0.19476819267401768,,
TGME49_240330,Toxoplasma gondii family E protein,TGME49_240360,Toxoplasma gondii family E protein,0.19462284831574916,,
TGME49_242230,rhoptry kinase family protein ROP29,TGME49_322020,hypothetical protein,0.19362181950374924,,
TGME49_243160,Toxoplasma gondii family A protein,TGME49_266335,Toxoplasma gondii family A protein,0.19338253073298994,,
TGME49_278330,Toxoplasma gondii family A protein,TGME49_266335,Toxoplasma gondii family A protein,0.19334261690527355,,
TGME49_242900,Toxoplasma gondii family A protein,TGME49_243160,Toxoplasma gondii family A protein,0.19316527042057663,,
TGME49_278330,Toxoplasma gondii family A protein,TGME49_278300,Toxoplasma gondii family A protein,0.193071855389924,,
TGME49_243100,Toxoplasma gondii family A protein,TGME49_266335,Toxoplasma gondii family A protein,0.19303566509356163,,
TGME49_200480,Toxoplasma gondii family B protein,TGME49_279460,Toxoplasma gondii family B protein,0.19269486991460416,,
TGME49_243150,Toxoplasma gondii family A protein,TGME49_243170,Toxoplasma gondii family A protein,0.1925270421220463,,
TGME49_240340,Toxoplasma gondii family E protein,TGME49_240330,Toxoplasma gondii family E protein,0.19186211992218705,,
TGME49_243180,Toxoplasma gondii family A protein,TGME49_243160,Toxoplasma gondii family A protein,0.19094941114620034,,
TGME49_207010,SAG-related sequence SRS48K,TGME49_219348,SAG-related sequence SRS55M,0.19035824239556953,,
TGME49_243170,Toxoplasma gondii family A protein,TGME49_278330,Toxoplasma gondii family A protein,0.19031990583434444,,
TGME49_242250,Protein kinase domain-containing protein [Source:UniProtKB/TrEMBL;Acc:S8F3P2],TGME49_242118,myosin-light-chain kinase,0.19012519708202447,,rhoptries 2
TGME49_323330,hypothetical protein,TGME49_322130,hypothetical protein,0.19000678580595443,,
TGME49_278410,Toxoplasma gondii family A protein,TGME49_278290,Toxoplasma gondii family A protein,0.18996421118298212,,
TGME49_278410,Toxoplasma gondii family A protein,TGME49_278380,Toxoplasma gondii family A protein,0.18994384879773318,,
TGME49_278350,Toxoplasma gondii family A protein,TGME49_243100,Toxoplasma gondii family A protein,0.1896992354812047,,
TGME49_278420,Toxoplasma gondii family A protein,TGME49_278430,Toxoplasma gondii family A protein,0.1896468343055734,,
TGME49_233450,SAG-related sequence SRS29A,TGME49_233480,SAG-related sequence SRS29C,0.18951156688165827,PM - peripheral 1,PM - peripheral 1
TGME49_238460,SAG-related sequence SRS22B,TGME49_238850,SAG-related sequence SRS22I,0.1895087254390706,,
TGME49_243140,Toxoplasma gondii family A protein,TGME49_268270,hypothetical protein,0.18928565004736442,,
TGME49_273760,heat shock protein HSP70,TGME49_311720,chaperonin protein BiP,0.18799305100747565,cytosol,ER 2
TGME49_329000,hypothetical protein,TGME49_300790,hypothetical protein,0.18786605754519226,,
TGME49_243140,Toxoplasma gondii family A protein,TGME49_278420,Toxoplasma gondii family A protein,0.1878047854254712,,
TGME49_243130,Toxoplasma gondii family A protein,TGME49_278410,Toxoplasma gondii family A protein,0.18763799339943776,,
TGME49_277572,Toxoplasma gondii family D protein,TGME49_236975,Toxoplasma gondii family D protein,0.18750747008358892,,
TGME49_328900,hypothetical protein,TGME49_220740,hypothetical protein,0.18748245788449946,,
TGME49_311710,hypothetical protein,TGME49_211920,hypothetical protein,0.18743991846609687,,
TGME49_243160,Toxoplasma gondii family A protein,TGME49_278420,Toxoplasma gondii family A protein,0.18715229170401226,,
TGME49_243180,Toxoplasma gondii family A protein,TGME49_278420,Toxoplasma gondii family A protein,0.18619028178872432,,
TGME49_243140,Toxoplasma gondii family A protein,TGME49_278320,Toxoplasma gondii family A protein,0.18606181215034412,,
TGME49_269400,"oxidoreductase, short chain dehydrogenase/reductase family protein",TGME49_269120,"oxidoreductase, putative",0.18606018994766782,,
TGME49_243100,Toxoplasma gondii family A protein,TGME49_278430,Toxoplasma gondii family A protein,0.18597245582576272,,
TGME49_500375,rhoptry kinase family protein,TGME49_322020,hypothetical protein,0.1855753500671441,,
TGME49_220630,hypothetical protein,TGME49_250115,hypothetical protein,0.18541457322267085,,
TGME49_271980,SAG-related sequence SRS32,TGME49_259290,SAG-related sequence SRS26C,0.18527434166787327,,
TGME49_329710,SAG-related sequence SRS26I,TGME49_279000,SAG-related sequence SRS59J,0.18519926370822437,,
TGME49_278380,Toxoplasma gondii family A protein,TGME49_278430,Toxoplasma gondii family A protein,0.18460951293067174,,
TGME49_316780,hypothetical protein,TGME49_323200,OTU family cysteine protease,0.18425614937320922,,
TGME49_500111,Toxoplasma gondii family B protein,TGME49_298090,Toxoplasma gondii family B protein,0.1839366952144348,,
TGME49_243100,Toxoplasma gondii family A protein,TGME49_278300,Toxoplasma gondii family A protein,0.18391150505142284,,
TGME49_316780,hypothetical protein,TGME49_210678,OTU domain-containing protein OTUD1D,0.18355248136651858,,
TGME49_321470,SAG-related sequence SRS12D,TGME49_320250,SAG-related sequence SRS15A,0.18344128032417728,,
TGME49_219348,SAG-related sequence SRS55M,TGME49_296640,SAG-related sequence SRS48E,0.1833270294232735,,
TGME49_205250,rhoptry protein ROP18,TGME49_252360,rhoptry kinase family protein ROP24 (incomplete catalytic triad),0.18286739678709285,rhoptries 1,rhoptries 1
TGME49_219348,SAG-related sequence SRS55M,TGME49_207015,SRS domain-containing protein,0.18265446731018042,,
TGME49_271980,SAG-related sequence SRS32,TGME49_259300,SAG-related sequence SRS26B,0.1824643758075335,,
TGME49_258870,cyst wall protein CST7,TGME49_299780,dense granule protein GRA76,0.18214017290872864,dense granules,dense granules
TGME49_292250,SAG-related sequence SRS36A,TGME49_295600,SAG-related sequence SRS10,0.1817314450214178,,
TGME49_251962,SAG-related sequence SRS59K,TGME49_259300,SAG-related sequence SRS26B,0.18145603771676733,,
TGME49_243170,Toxoplasma gondii family A protein,TGME49_243120,Toxoplasma gondii family A protein,0.18126308221310072,,
TGME49_243130,Toxoplasma gondii family A protein,TGME49_243100,Toxoplasma gondii family A protein,0.18111638018408793,,
TGME49_243180,Toxoplasma gondii family A protein,TGME49_268270,hypothetical protein,0.18100548360148072,,
TGME49_207015,SRS domain-containing protein,TGME49_296640,SAG-related sequence SRS48E,0.1803732107172601,,
TGME49_278350,Toxoplasma gondii family A protein,TGME49_266340,Toxoplasma gondii family A protein,0.18007916258012424,,
TGME49_259270,SAG-related sequence SRS26E,TGME49_259290,SAG-related sequence SRS26C,0.17993409118019876,,
TGME49_322500,hypothetical protein,TGME49_300780,hypothetical protein,0.17977001229923428,,
TGME49_316780,hypothetical protein,TGME49_237900,OTU domain-containing protein OTUD1E,0.17953709114244643,,
TGME49_243160,Toxoplasma gondii family A protein,TGME49_278430,Toxoplasma gondii family A protein,0.17898934265567135,,
TGME49_278070,Toxoplasma gondii family A protein,TGME49_266335,Toxoplasma gondii family A protein,0.17874637352192457,,
TGME49_328900,hypothetical protein,TGME49_300790,hypothetical protein,0.17870331849814136,,
TGME49_278290,Toxoplasma gondii family A protein,TGME49_268270,hypothetical protein,0.17857341538940807,,
TGME49_316780,hypothetical protein,TGME49_323700,OTU family cysteine protease,0.17840975255592573,,
TGME49_278410,Toxoplasma gondii family A protein,TGME49_278430,Toxoplasma gondii family A protein,0.17837213024020082,,
TGME49_212710,phenylalanine-4-hydroxylase,TGME49_212740,aromatic amino acid hydrolase AAH2,0.17752360464639116,,
TGME49_243140,Toxoplasma gondii family A protein,TGME49_278410,Toxoplasma gondii family A protein,0.17736147165010596,,
TGME49_500026,Toxoplasma gondii family B protein,TGME49_298090,Toxoplasma gondii family B protein,0.17711281506150944,,
TGME49_316780,hypothetical protein,TGME49_323800,OTU family cysteine protease,0.17707313621304244,,
TGME49_278380,Toxoplasma gondii family A protein,TGME49_278290,Toxoplasma gondii family A protein,0.17683984909082662,,
TGME49_243180,Toxoplasma gondii family A protein,TGME49_278410,Toxoplasma gondii family A protein,0.17680697554834834,,
TGME49_244560,"heat shock protein 90, putative",TGME49_288380,heat shock protein HSP90,0.17640153242913126,ER 2,cytosol
TGME49_243180,Toxoplasma gondii family A protein,TGME49_243140,Toxoplasma gondii family A protein,0.17588484469050503,,
TGME49_315380,SAG-related sequence SRS53B,TGME49_315390,SAG-related sequence SRS53C,0.17582184041766935,,
TGME49_292250,SAG-related sequence SRS36A,TGME49_272560,SAG-related sequence SRS31B,0.1756888972830014,,
TGME49_278360,Toxoplasma gondii family A protein,TGME49_278380,Toxoplasma gondii family A protein,0.1756567204220162,,
TGME49_243100,Toxoplasma gondii family A protein,TGME49_278380,Toxoplasma gondii family A protein,0.17546606928392328,,
TGME49_316780,hypothetical protein,TGME49_323600,OTU family cysteine protease,0.1752814393695491,,
TGME49_278380,Toxoplasma gondii family A protein,TGME49_278420,Toxoplasma gondii family A protein,0.17523834870536525,,
TGME49_243100,Toxoplasma gondii family A protein,TGME49_278290,Toxoplasma gondii family A protein,0.17482679428711034,,
TGME49_243180,Toxoplasma gondii family A protein,TGME49_243130,Toxoplasma gondii family A protein,0.17359189523266794,,
TGME49_243150,Toxoplasma gondii family A protein,TGME49_278410,Toxoplasma gondii family A protein,0.17320463962625732,,
TGME49_240340,Toxoplasma gondii family E protein,TGME49_240370,Toxoplasma gondii family E protein,0.17320399312545365,,
TGME49_278430,Toxoplasma gondii family A protein,TGME49_266340,Toxoplasma gondii family A protein,0.1729732679090491,,
TGME49_243150,Toxoplasma gondii family A protein,TGME49_268270,hypothetical protein,0.17216156142559258,,
TGME49_500218,Toxoplasma gondii family C protein,TGME49_500184,Toxoplasma gondii family C protein,0.1716889514961194,,
TGME49_242250,Protein kinase domain-containing protein [Source:UniProtKB/TrEMBL;Acc:S8F3P2],TGME49_323330,hypothetical protein,0.1714798225115911,,
TGME49_287430,hypothetical protein,TGME49_287460,hypothetical protein,0.1714519062262153,,
TGME49_274700,hypothetical protein,TGME49_264230,hypothetical protein,0.17107537969614905,,
TGME49_259900,hypothetical protein,TGME49_276860,LEA domain-containing protein LEA860,0.17074386373957073,,
TGME49_221620,"beta-tubulin, putative",TGME49_266960,beta tubulin,0.17067670139647495,tubulin cytoskeleton,tubulin cytoskeleton
TGME49_237893,hypothetical protein,TGME49_237894,OTU domain-containing protein OTUD1B,0.17061741091663307,,
TGME49_323310,hypothetical protein,TGME49_322110,hypothetical protein,0.17015208455513642,,
TGME49_242230,rhoptry kinase family protein ROP29,TGME49_242118,myosin-light-chain kinase,0.16981746883943272,,rhoptries 2
TGME49_259270,SAG-related sequence SRS26E,TGME49_329700,SAG-related sequence SRS26J,0.16940259888759268,,
TGME49_286420,"elongation factor 1-alpha (EF-1-ALPHA), putative",TGME49_294800,"elongation factor 1-alpha (EF-1-ALPHA), putative",0.169319075670343,,nucleus - non-chromatin
TGME49_266330,Toxoplasma gondii family A protein,TGME49_266335,Toxoplasma gondii family A protein,0.16902226587013658,,
TGME49_217650,GAS8 domain-containing protein,TGME49_248225,"PF2 arrest specific protein 8/11, putative",0.16835651388428985,,
TGME49_235315,PAN domain-containing protein,TGME49_235200,PAN domain-containing protein,0.1681042392660742,,
TGME49_278330,Toxoplasma gondii family A protein,TGME49_278420,Toxoplasma gondii family A protein,0.16810134094461482,,
TGME49_278070,Toxoplasma gondii family A protein,TGME49_327300,Toxoplasma gondii family A protein,0.1661908097293885,,
TGME49_266340,Toxoplasma gondii family A protein,TGME49_266335,Toxoplasma gondii family A protein,0.16607341282280697,,
TGME49_278290,Toxoplasma gondii family A protein,TGME49_278320,Toxoplasma gondii family A protein,0.16595248473492008,,
TGME49_275600,diacylglycerol acyltransferase,TGME49_275590,mono- or diacylglycerol acyltransferase,0.16592226563411472,,
TGME49_243150,Toxoplasma gondii family A protein,TGME49_243160,Toxoplasma gondii family A protein,0.16580958817156055,,
TGME49_240325,Toxoplasma gondii family E protein,TGME49_240360,Toxoplasma gondii family E protein,0.16567132336932666,,
TGME49_224780,SAG-related sequence SRS40B [Source:UniProtKB/TrEMBL;Acc:S8EU84],TGME49_295600,SAG-related sequence SRS10,0.16531406235940327,,
TGME49_278360,Toxoplasma gondii family A protein,TGME49_278410,Toxoplasma gondii family A protein,0.1652716590270309,,
TGME49_296121,hypothetical protein,TGME49_220640,hypothetical protein,0.16488161489227804,,
TGME49_278360,Toxoplasma gondii family A protein,TGME49_243130,Toxoplasma gondii family A protein,0.16453237270062537,,
TGME49_278330,Toxoplasma gondii family A protein,TGME49_268270,hypothetical protein,0.16431468277762162,,
TGME49_242118,myosin-light-chain kinase,TGME49_322120,rhoptry kinase family protein,0.16412064530437032,rhoptries 2,
TGME49_500257,EF hand domain-containing protein,TGME49_500381,EF-hand domain-containing protein,0.16383836575435573,,
TGME49_278360,Toxoplasma gondii family A protein,TGME49_278290,Toxoplasma gondii family A protein,0.16351838961061194,,
TGME49_242230,rhoptry kinase family protein ROP29,TGME49_323300,myosin-light-chain kinase,0.16327714006126381,,
TGME49_243180,Toxoplasma gondii family A protein,TGME49_278290,Toxoplasma gondii family A protein,0.16323998628038383,,
TGME49_278290,Toxoplasma gondii family A protein,TGME49_278430,Toxoplasma gondii family A protein,0.16317559404401105,,
TGME49_281040,hypothetical protein,TGME49_500050,"hypothetical protein, conserved",0.16263518443525815,,
TGME49_243150,Toxoplasma gondii family A protein,TGME49_243130,Toxoplasma gondii family A protein,0.16210358569672534,,
TGME49_243130,Toxoplasma gondii family A protein,TGME49_278330,Toxoplasma gondii family A protein,0.16200402778740353,,
TGME49_243150,Toxoplasma gondii family A protein,TGME49_278420,Toxoplasma gondii family A protein,0.16126050057287344,,
TGME49_251962,SAG-related sequence SRS59K,TGME49_500353,SAG-related sequence,0.16089262489446543,,
TGME49_306870,hypothetical protein,TGME49_279460,Toxoplasma gondii family B protein,0.1601481988576302,,
TGME49_243150,Toxoplasma gondii family A protein,TGME49_243140,Toxoplasma gondii family A protein,0.1598329647217438,,
TGME49_298090,Toxoplasma gondii family B protein,TGME49_279460,Toxoplasma gondii family B protein,0.1588757972819025,,
TGME49_320770,Toxoplasma gondii family B protein,TGME49_279460,Toxoplasma gondii family B protein,0.1582391441845149,,
TGME49_287430,hypothetical protein,TGME49_287440,hypothetical protein,0.15797851501053684,,
TGME49_243150,Toxoplasma gondii family A protein,TGME49_278290,Toxoplasma gondii family A protein,0.15790157620756673,,
TGME49_278360,Toxoplasma gondii family A protein,TGME49_243180,Toxoplasma gondii family A protein,0.15778738362200562,,
TGME49_328900,hypothetical protein,TGME49_329200,hypothetical protein,0.15758965068476938,,
TGME49_316330,superoxide dismutase SOD2,TGME49_316310,superoxide dismutase SOD1,0.15685189982087078,mitochondrion - soluble,cytosol
TGME49_224780,SAG-related sequence SRS40B [Source:UniProtKB/TrEMBL;Acc:S8EU84],TGME49_272560,SAG-related sequence SRS31B,0.1565836040784645,,
TGME49_240350,Toxoplasma gondii family E protein,TGME49_240330,Toxoplasma gondii family E protein,0.1565318108455941,,
TGME49_278320,Toxoplasma gondii family A protein,TGME49_268270,hypothetical protein,0.1563651128441338,,
TGME49_243140,Toxoplasma gondii family A protein,TGME49_243100,Toxoplasma gondii family A protein,0.15615683609093145,,
TGME49_243100,Toxoplasma gondii family A protein,TGME49_266340,Toxoplasma gondii family A protein,0.15579432630951107,,
TGME49_278330,Toxoplasma gondii family A protein,TGME49_266340,Toxoplasma gondii family A protein,0.15507611390286824,,
TGME49_243180,Toxoplasma gondii family A protein,TGME49_243100,Toxoplasma gondii family A protein,0.154929048281651,,
TGME49_278420,Toxoplasma gondii family A protein,TGME49_278320,Toxoplasma gondii family A protein,0.15490232720363095,,
TGME49_251962,SAG-related sequence SRS59K,TGME49_259290,SAG-related sequence SRS26C,0.15451841507235964,,
TGME49_243140,Toxoplasma gondii family A protein,TGME49_278430,Toxoplasma gondii family A protein,0.15444742922031574,,
TGME49_278790,Tctex2-related light chain,TGME49_201750,Tctex-1 family protein,0.15421569689396675,,
TGME49_500111,Toxoplasma gondii family B protein,TGME49_295300,Toxoplasma gondii family B protein,0.15416826731891076,,
TGME49_243180,Toxoplasma gondii family A protein,TGME49_278380,Toxoplasma gondii family A protein,0.1539169357055844,,
TGME49_306870,hypothetical protein,TGME49_295300,Toxoplasma gondii family B protein,0.15266842819386184,,
TGME49_278410,Toxoplasma gondii family A protein,TGME49_278330,Toxoplasma gondii family A protein,0.15254179974681292,,
TGME49_243130,Toxoplasma gondii family A protein,TGME49_243140,Toxoplasma gondii family A protein,0.15193433740550377,,
TGME49_500295,Toxoplasma gondii family B protein,TGME49_279460,Toxoplasma gondii family B protein,0.15066870061464788,,
TGME49_243160,Toxoplasma gondii family A protein,TGME49_243120,Toxoplasma gondii family A protein,0.15056406955707757,,
TGME49_243170,Toxoplasma gondii family A protein,TGME49_243100,Toxoplasma gondii family A protein,0.15046380737646925,,
TGME49_243100,Toxoplasma gondii family A protein,TGME49_278410,Toxoplasma gondii family A protein,0.15015396699023975,,
TGME49_278360,Toxoplasma gondii family A protein,TGME49_278320,Toxoplasma gondii family A protein,0.15004608048294354,,
TGME49_278410,Toxoplasma gondii family A protein,TGME49_278320,Toxoplasma gondii family A protein,0.1499785516891048,,
TGME49_243180,Toxoplasma gondii family A protein,TGME49_278430,Toxoplasma gondii family A protein,0.1492582642554524,,
TGME49_329200,hypothetical protein,TGME49_220740,hypothetical protein,0.14925703106957244,,
TGME49_243120,Toxoplasma gondii family A protein,TGME49_268270,hypothetical protein,0.14912864629364608,,
TGME49_243130,Toxoplasma gondii family A protein,TGME49_268270,hypothetical protein,0.14900179926508716,,
TGME49_224790,SAG-related sequence SRS40A,TGME49_224780,SAG-related sequence SRS40B [Source:UniProtKB/TrEMBL;Acc:S8EU84],0.14843345063087077,,
TGME49_210095,rhoptry protein ROP43,TGME49_321700,Kinase-like domain-containing protein [Source:UniProtKB/TrEMBL;Acc:S8F8L7],0.14830054084680644,rhoptries 1,
TGME49_243180,Toxoplasma gondii family A protein,TGME49_278320,Toxoplasma gondii family A protein,0.14806148132526098,,
TGME49_309330,SAG-related sequence SRS55F,TGME49_207005,SAG-related sequence SRS48Q,0.14798709026323154,,
TGME49_243180,Toxoplasma gondii family A protein,TGME49_243150,Toxoplasma gondii family A protein,0.14780127185523517,,
TGME49_243150,Toxoplasma gondii family A protein,TGME49_278330,Toxoplasma gondii family A protein,0.147631096584096,,
TGME49_251962,SAG-related sequence SRS59K,TGME49_259410,SAG-related sequence SRS26A,0.14743853606875645,,
TGME49_242250,Protein kinase domain-containing protein [Source:UniProtKB/TrEMBL;Acc:S8F3P2],TGME49_322130,hypothetical protein,0.1465828911648951,,
TGME49_323400,cytochrome c oxidase subunit iii subfamily protein,TGME49_322600,cytochrome c oxidase subunit iii subfamily protein,0.14601133865873595,,
TGME49_500026,Toxoplasma gondii family B protein,TGME49_306870,hypothetical protein,0.1460112270924736,,
TGME49_278360,Toxoplasma gondii family A protein,TGME49_278420,Toxoplasma gondii family A protein,0.14597641925704685,,
TGME49_243160,Toxoplasma gondii family A protein,TGME49_243140,Toxoplasma gondii family A protein,0.14590947580121805,,
TGME49_278430,Toxoplasma gondii family A protein,TGME49_268270,hypothetical protein,0.14586725758791685,,
TGME49_243160,Toxoplasma gondii family A protein,TGME49_278330,Toxoplasma gondii family A protein,0.1458412316775768,,
TGME49_251962,SAG-related sequence SRS59K,TGME49_251958,SAG-related sequence SRS59B,0.14565715754316222,,
TGME49_323330,hypothetical protein,TGME49_322020,hypothetical protein,0.14518908838536937,,
TGME49_278360,Toxoplasma gondii family A protein,TGME49_243100,Toxoplasma gondii family A protein,0.14496913093573127,,
TGME49_243130,Toxoplasma gondii family A protein,TGME49_278290,Toxoplasma gondii family A protein,0.14484319138859814,,
TGME49_271980,SAG-related sequence SRS32,TGME49_329700,SAG-related sequence SRS26J,0.14415742791910857,,
TGME49_243180,Toxoplasma gondii family A protein,TGME49_278330,Toxoplasma gondii family A protein,0.14405782382710408,,
TGME49_278360,Toxoplasma gondii family A protein,TGME49_278430,Toxoplasma gondii family A protein,0.1432634538758112,,
TGME49_243160,Toxoplasma gondii family A protein,TGME49_243100,Toxoplasma gondii family A protein,0.14267905706331396,,
TGME49_240325,Toxoplasma gondii family E protein,TGME49_240330,Toxoplasma gondii family E protein,0.14238909997974847,,
TGME49_278380,Toxoplasma gondii family A protein,TGME49_278320,Toxoplasma gondii family A protein,0.1422460682459168,,
TGME49_207010,SAG-related sequence SRS48K,TGME49_296640,SAG-related sequence SRS48E,0.14203679789134793,,
TGME49_271980,SAG-related sequence SRS32,TGME49_329710,SAG-related sequence SRS26I,0.14196064172835798,,
TGME49_207005,SAG-related sequence SRS48Q,TGME49_296640,SAG-related sequence SRS48E,0.14193278861446035,,
TGME49_219348,SAG-related sequence SRS55M,TGME49_207005,SAG-related sequence SRS48Q,0.14128552009584006,,
TGME49_278380,Toxoplasma gondii family A protein,TGME49_278330,Toxoplasma gondii family A protein,0.14089379285334758,,
TGME49_500026,Toxoplasma gondii family B protein,TGME49_295300,Toxoplasma gondii family B protein,0.14083066871651895,,
TGME49_243130,Toxoplasma gondii family A protein,TGME49_243160,Toxoplasma gondii family A protein,0.14038394889332173,,
TGME49_243120,Toxoplasma gondii family A protein,TGME49_278380,Toxoplasma gondii family A protein,0.13985719037844235,,
TGME49_500026,Toxoplasma gondii family B protein,TGME49_279460,Toxoplasma gondii family B protein,0.13955404827820417,,
TGME49_278360,Toxoplasma gondii family A protein,TGME49_243160,Toxoplasma gondii family A protein,0.13951193771030557,,
TGME49_243160,Toxoplasma gondii family A protein,TGME49_278380,Toxoplasma gondii family A protein,0.13933785501136708,,
TGME49_278330,Toxoplasma gondii family A protein,TGME49_278430,Toxoplasma gondii family A protein,0.13888780010838575,,
TGME49_320770,Toxoplasma gondii family B protein,TGME49_200480,Toxoplasma gondii family B protein,0.13826136797755595,,
TGME49_251962,SAG-related sequence SRS59K,TGME49_329710,SAG-related sequence SRS26I,0.13765436151896837,,
TGME49_278360,Toxoplasma gondii family A protein,TGME49_278330,Toxoplasma gondii family A protein,0.13745582247624977,,
TGME49_278360,Toxoplasma gondii family A protein,TGME49_243150,Toxoplasma gondii family A protein,0.13697420364881785,,
TGME49_243160,Toxoplasma gondii family A protein,TGME49_278290,Toxoplasma gondii family A protein,0.1367534622630766,,
TGME49_243120,Toxoplasma gondii family A protein,TGME49_278290,Toxoplasma gondii family A protein,0.13621830474430485,,
TGME49_329700,SAG-related sequence SRS26J,TGME49_279000,SAG-related sequence SRS59J,0.13606647457028054,,
TGME49_295600,SAG-related sequence SRS10,TGME49_272560,SAG-related sequence SRS31B,0.13603322258687556,,
TGME49_500111,Toxoplasma gondii family B protein,TGME49_320770,Toxoplasma gondii family B protein,0.13548343379192684,,
TGME49_212710,phenylalanine-4-hydroxylase,TGME49_287510,aromatic amino acid hydrolase AAH1,0.1350587365605631,,
TGME49_243130,Toxoplasma gondii family A protein,TGME49_278430,Toxoplasma gondii family A protein,0.1347350560532734,,
TGME49_278330,Toxoplasma gondii family A protein,TGME49_278320,Toxoplasma gondii family A protein,0.13411863049132855,,
TGME49_320770,Toxoplasma gondii family B protein,TGME49_298090,Toxoplasma gondii family B protein,0.13404380342703848,,
TGME49_259270,SAG-related sequence SRS26E,TGME49_329710,SAG-related sequence SRS26I,0.13334093837653116,,
TGME49_500218,Toxoplasma gondii family C protein,TGME49_329400,Toxoplasma gondii family C protein,0.13321255234139007,,
TGME49_243150,Toxoplasma gondii family A protein,TGME49_278430,Toxoplasma gondii family A protein,0.1331461975789896,,
TGME49_243160,Toxoplasma gondii family A protein,TGME49_278410,Toxoplasma gondii family A protein,0.13171932688125165,,
TGME49_240350,Toxoplasma gondii family E protein,TGME49_240370,Toxoplasma gondii family E protein,0.13141090372540232,,
TGME49_243150,Toxoplasma gondii family A protein,TGME49_243100,Toxoplasma gondii family A protein,0.13110925681491847,,
TGME49_278360,Toxoplasma gondii family A protein,TGME49_243140,Toxoplasma gondii family A protein,0.13082678447924712,,
TGME49_243100,Toxoplasma gondii family A protein,TGME49_278320,Toxoplasma gondii family A protein,0.13073104307537486,,
TGME49_266335,Toxoplasma gondii family A protein,TGME49_327300,Toxoplasma gondii family A protein,0.12913581971063381,,
TGME49_243150,Toxoplasma gondii family A protein,TGME49_278320,Toxoplasma gondii family A protein,0.1282061781622824,,
TGME49_240325,Toxoplasma gondii family E protein,TGME49_240370,Toxoplasma gondii family E protein,0.12799338254223613,,
TGME49_219348,SAG-related sequence SRS55M,TGME49_309330,SAG-related sequence SRS55F,0.12779273907367084,,
TGME49_240340,Toxoplasma gondii family E protein,TGME49_240325,Toxoplasma gondii family E protein,0.12749047292202953,,
TGME49_243160,Toxoplasma gondii family A protein,TGME49_278320,Toxoplasma gondii family A protein,0.12697538017525023,,
TGME49_243130,Toxoplasma gondii family A protein,TGME49_278320,Toxoplasma gondii family A protein,0.12688148272154265,,
TGME49_243140,Toxoplasma gondii family A protein,TGME49_278290,Toxoplasma gondii family A protein,0.12577967055614414,,
TGME49_500111,Toxoplasma gondii family B protein,TGME49_279460,Toxoplasma gondii family B protein,0.12568308044806742,,
TGME49_255060,cytochrome b(N-terminal)/b6/petB subfamily protein,TGME49_330000,cytochrome b,0.12450971643625941,,mitochondrion - membranes
TGME49_500111,Toxoplasma gondii family B protein,TGME49_500295,Toxoplasma gondii family B protein,0.12415917903801865,,
TGME49_298090,Toxoplasma gondii family B protein,TGME49_306870,hypothetical protein,0.12411968417598152,,
TGME49_298590,hypothetical protein,TGME49_215885,hypothetical protein,0.12385532238241403,,
TGME49_298090,Toxoplasma gondii family B protein,TGME49_500295,Toxoplasma gondii family B protein,0.12360769371447411,,
TGME49_242250,Protein kinase domain-containing protein [Source:UniProtKB/TrEMBL;Acc:S8F3P2],TGME49_322020,hypothetical protein,0.12279403276235301,,
TGME49_205440,CCT chaperonin gamma subunit,TGME49_202370,"T-complex protein 1, epsilon subunit (TCP-1-epsilon), putative",0.12262500442224533,cytosol,cytosol
TGME49_320770,Toxoplasma gondii family B protein,TGME49_306870,hypothetical protein,0.12231092378212893,,
TGME49_238460,SAG-related sequence SRS22B,TGME49_238530,SRS domain-containing protein,0.12218076084316576,,
TGME49_243120,Toxoplasma gondii family A protein,TGME49_278410,Toxoplasma gondii family A protein,0.12214841495104412,,
TGME49_223985,"protein phosphatase PPM11B, putative",TGME49_500314,protein phosphatase PPM11C,0.12188257516709278,,dense granules
TGME49_238470,SAG-related sequence SRS22C,TGME49_238530,SRS domain-containing protein,0.12052795593474308,,
TGME49_238470,SAG-related sequence SRS22C,TGME49_238500,SAG-related sequence SRS22F,0.11783108330580316,,
TGME49_207005,SAG-related sequence SRS48Q,TGME49_207015,SRS domain-containing protein,0.11696446350161416,,
TGME49_323000,KRUF family protein,TGME49_323020,KRUF family protein,0.11501147314526572,nucleus - chromatin,
TGME49_329000,hypothetical protein,TGME49_329200,hypothetical protein,0.11430280688106276,,
TGME49_500295,Toxoplasma gondii family B protein,TGME49_295300,Toxoplasma gondii family B protein,0.11389545924686406,,
TGME49_240340,Toxoplasma gondii family E protein,TGME49_240350,Toxoplasma gondii family E protein,0.11374233426598868,,
TGME49_238480,SAG-related sequence SRS22D,TGME49_238470,SAG-related sequence SRS22C,0.11304132625602692,,
TGME49_242230,rhoptry kinase family protein ROP29,TGME49_322120,rhoptry kinase family protein,0.1125691601773936,,
TGME49_329300,hypothetical protein,TGME49_220740,hypothetical protein,0.11204334327092669,,
TGME49_278360,Toxoplasma gondii family A protein,TGME49_243120,Toxoplasma gondii family A protein,0.11166239521881505,,
TGME49_238470,SAG-related sequence SRS22C,TGME49_238460,SAG-related sequence SRS22B,0.11079900053598535,,
TGME49_238460,SAG-related sequence SRS22B,TGME49_238500,SAG-related sequence SRS22F,0.11003988777391682,,
TGME49_238480,SAG-related sequence SRS22D,TGME49_238530,SRS domain-containing protein,0.10999363801921658,,
TGME49_278330,Toxoplasma gondii family A protein,TGME49_278290,Toxoplasma gondii family A protein,0.10949175114803023,,
TGME49_207010,SAG-related sequence SRS48K,TGME49_207015,SRS domain-containing protein,0.1091342940094977,,
TGME49_329000,hypothetical protein,TGME49_220740,hypothetical protein,0.10898374633410068,,
TGME49_238480,SAG-related sequence SRS22D,TGME49_238500,SAG-related sequence SRS22F,0.10882779431451495,,
TGME49_329300,hypothetical protein,TGME49_329200,hypothetical protein,0.10863786531669728,,
TGME49_243140,Toxoplasma gondii family A protein,TGME49_243120,Toxoplasma gondii family A protein,0.10725323198547454,,
TGME49_200480,Toxoplasma gondii family B protein,TGME49_500295,Toxoplasma gondii family B protein,0.10705115466510962,,
TGME49_243140,Toxoplasma gondii family A protein,TGME49_278330,Toxoplasma gondii family A protein,0.1068729396841388,,
TGME49_322120,rhoptry kinase family protein,TGME49_322020,hypothetical protein,0.10685315082220082,,
TGME49_329300,hypothetical protein,TGME49_300790,hypothetical protein,0.1060095675695859,,
TGME49_278320,Toxoplasma gondii family A protein,TGME49_278430,Toxoplasma gondii family A protein,0.10592985913193065,,
TGME49_243120,Toxoplasma gondii family A protein,TGME49_278420,Toxoplasma gondii family A protein,0.10510084080030124,,
TGME49_243100,Toxoplasma gondii family A protein,TGME49_278330,Toxoplasma gondii family A protein,0.1050151567352674,,
TGME49_238480,SAG-related sequence SRS22D,TGME49_238460,SAG-related sequence SRS22B,0.10329547290809382,,
TGME49_238500,SAG-related sequence SRS22F,TGME49_238520,SAG-related sequence SRS22G,0.10317179958883393,,
TGME49_238480,SAG-related sequence SRS22D,TGME49_238520,SAG-related sequence SRS22G,0.10239627387653172,,
TGME49_500111,Toxoplasma gondii family B protein,TGME49_306870,hypothetical protein,0.09898439943495085,,
TGME49_243120,Toxoplasma gondii family A protein,TGME49_278330,Toxoplasma gondii family A protein,0.09687823062933332,,
TGME49_266335,Toxoplasma gondii family A protein,TGME49_278300,Toxoplasma gondii family A protein,0.09626720662991883,,
TGME49_238520,SAG-related sequence SRS22G,TGME49_238530,SRS domain-containing protein,0.09521391468697082,,
TGME49_329000,hypothetical protein,TGME49_328900,hypothetical protein,0.09493470331975984,,
TGME49_243120,Toxoplasma gondii family A protein,TGME49_278320,Toxoplasma gondii family A protein,0.09454697428683101,,
TGME49_243130,Toxoplasma gondii family A protein,TGME49_243120,Toxoplasma gondii family A protein,0.09438497813307001,,
TGME49_500111,Toxoplasma gondii family B protein,TGME49_200480,Toxoplasma gondii family B protein,0.09357723092428094,,
TGME49_243120,Toxoplasma gondii family A protein,TGME49_243100,Toxoplasma gondii family A protein,0.0930457844839464,,
TGME49_220630,hypothetical protein,TGME49_296121,hypothetical protein,0.09098202100327502,,
TGME49_243180,Toxoplasma gondii family A protein,TGME49_243120,Toxoplasma gondii family A protein,0.09052113787609617,,
TGME49_243120,Toxoplasma gondii family A protein,TGME49_278430,Toxoplasma gondii family A protein,0.0900274832952851,,
TGME49_500173,"hypothetical protein, conserved",TGME49_279560,hypothetical protein,0.08990157051772873,,
TGME49_500026,Toxoplasma gondii family B protein,TGME49_500111,Toxoplasma gondii family B protein,0.08948706673666151,,
TGME49_323200,OTU family cysteine protease,TGME49_237893,hypothetical protein,0.08927096072760388,,
TGME49_259290,SAG-related sequence SRS26C,TGME49_259410,SAG-related sequence SRS26A,0.08834394910562238,,
TGME49_240350,Toxoplasma gondii family E protein,TGME49_240325,Toxoplasma gondii family E protein,0.08626480764289679,,
TGME49_238470,SAG-related sequence SRS22C,TGME49_238520,SAG-related sequence SRS22G,0.08599203155927049,,
TGME49_238500,SAG-related sequence SRS22F,TGME49_238530,SRS domain-containing protein,0.08577665501086273,,
TGME49_500265,"hypothetical protein, conserved",TGME49_307470,hypothetical protein,0.08431315790630034,,
TGME49_322120,rhoptry kinase family protein,TGME49_322130,hypothetical protein,0.08113393062343166,,
TGME49_237900,OTU domain-containing protein OTUD1E,TGME49_237893,hypothetical protein,0.0802896281451273,,
TGME49_238460,SAG-related sequence SRS22B,TGME49_238520,SAG-related sequence SRS22G,0.07882589122671457,,
TGME49_323200,OTU family cysteine protease,TGME49_237894,OTU domain-containing protein OTUD1B,0.07570121072727698,,
TGME49_327300,Toxoplasma gondii family A protein,TGME49_278300,Toxoplasma gondii family A protein,0.07569058334042189,,
TGME49_500375,rhoptry kinase family protein,TGME49_323330,hypothetical protein,0.07531387269929635,,
TGME49_242250,Protein kinase domain-containing protein [Source:UniProtKB/TrEMBL;Acc:S8F3P2],TGME49_322120,rhoptry kinase family protein,0.07344519264774862,,
TGME49_210678,OTU domain-containing protein OTUD1D,TGME49_237893,hypothetical protein,0.07333851092378818,,
TGME49_306870,hypothetical protein,TGME49_500295,Toxoplasma gondii family B protein,0.07298234891298094,,
TGME49_323800,OTU family cysteine protease,TGME49_237893,hypothetical protein,0.0728037628192143,,
TGME49_323700,OTU family cysteine protease,TGME49_237893,hypothetical protein,0.07249522042683476,,
TGME49_500034,"hypothetical protein, conserved",TGME49_279560,hypothetical protein,0.07205483942399737,,
TGME49_500102,"hypothetical protein, conserved",TGME49_279560,hypothetical protein,0.07177923300819844,,
TGME49_500043,"hypothetical protein, conserved",TGME49_279560,hypothetical protein,0.07077999864289519,,
TGME49_323600,OTU family cysteine protease,TGME49_237893,hypothetical protein,0.0694670041169968,,
TGME49_328900,hypothetical protein,TGME49_329300,hypothetical protein,0.06750564459951602,,
TGME49_237900,OTU domain-containing protein OTUD1E,TGME49_237894,OTU domain-containing protein OTUD1B,0.06621505625916746,,
TGME49_323700,OTU family cysteine protease,TGME49_237894,OTU domain-containing protein OTUD1B,0.062211830917621835,,
TGME49_323800,OTU family cysteine protease,TGME49_237894,OTU domain-containing protein OTUD1B,0.06211995738848397,,
TGME49_207010,SAG-related sequence SRS48K,TGME49_207005,SAG-related sequence SRS48Q,0.06137660719075766,,
TGME49_243150,Toxoplasma gondii family A protein,TGME49_243120,Toxoplasma gondii family A protein,0.06098719303480549,,
TGME49_259290,SAG-related sequence SRS26C,TGME49_259300,SAG-related sequence SRS26B,0.060828164601931745,,
TGME49_233780,hypothetical protein,TGME49_324400,hypothetical protein,0.05990060170992306,,
TGME49_329000,hypothetical protein,TGME49_329300,hypothetical protein,0.059394227727546434,,
TGME49_323600,OTU family cysteine protease,TGME49_237894,OTU domain-containing protein OTUD1B,0.058252889608120695,,
TGME49_210678,OTU domain-containing protein OTUD1D,TGME49_237894,OTU domain-containing protein OTUD1B,0.05496904707543071,,
TGME49_321710,Kinase-like domain-containing protein [Source:UniProtKB/TrEMBL;Acc:S8FBM1],TGME49_321700,Kinase-like domain-containing protein [Source:UniProtKB/TrEMBL;Acc:S8F8L7],0.05454192561873472,,
TGME49_210095,rhoptry protein ROP43,TGME49_321710,Kinase-like domain-containing protein [Source:UniProtKB/TrEMBL;Acc:S8FBM1],0.054198632540901626,rhoptries 1,
TGME49_210678,OTU domain-containing protein OTUD1D,TGME49_237900,OTU domain-containing protein OTUD1E,0.053914627700038964,,
TGME49_210678,OTU domain-containing protein OTUD1D,TGME49_323700,OTU family cysteine protease,0.05152635072600453,,
TGME49_259290,SAG-related sequence SRS26C,TGME49_329700,SAG-related sequence SRS26J,0.051098130578821066,,
TGME49_210678,OTU domain-containing protein OTUD1D,TGME49_323800,OTU family cysteine protease,0.050783969791309724,,
TGME49_323200,OTU family cysteine protease,TGME49_237900,OTU domain-containing protein OTUD1E,0.04916007849151427,,
TGME49_210678,OTU domain-containing protein OTUD1D,TGME49_323600,OTU family cysteine protease,0.04759899849812299,,
TGME49_329500,hypothetical protein,TGME49_280070,hypothetical protein,0.04755427522633204,,
TGME49_259410,SAG-related sequence SRS26A,TGME49_259300,SAG-related sequence SRS26B,0.04724219208809022,,
TGME49_329710,SAG-related sequence SRS26I,TGME49_329700,SAG-related sequence SRS26J,0.04611523167104692,,
TGME49_259410,SAG-related sequence SRS26A,TGME49_329700,SAG-related sequence SRS26J,0.04594064410243637,,
TGME49_323200,OTU family cysteine protease,TGME49_323800,OTU family cysteine protease,0.043035275148462615,,
TGME49_323200,OTU family cysteine protease,TGME49_323700,OTU family cysteine protease,0.043014346494607336,,
TGME49_323200,OTU family cysteine protease,TGME49_323600,OTU family cysteine protease,0.04230294448338234,,
TGME49_329710,SAG-related sequence SRS26I,TGME49_259290,SAG-related sequence SRS26C,0.041507861543292224,,
TGME49_329710,SAG-related sequence SRS26I,TGME49_259300,SAG-related sequence SRS26B,0.035812930523356434,,
TGME49_210678,OTU domain-containing protein OTUD1D,TGME49_323200,OTU family cysteine protease,0.034518328906431694,,
TGME49_329710,SAG-related sequence SRS26I,TGME49_259410,SAG-related sequence SRS26A,0.03275689528428438,,
TGME49_259300,SAG-related sequence SRS26B,TGME49_329700,SAG-related sequence SRS26J,0.03210170126863743,,
TGME49_327900,hypothetical protein,TGME49_328000,hypothetical protein,0.02738806211554512,,
TGME49_322130,hypothetical protein,TGME49_322020,hypothetical protein,0.025291159862564694,,
TGME49_271590,Toxoplasma gondii family D protein,TGME49_271570,Toxoplasma gondii family D protein,0.02514573756385985,,
TGME49_500280,"hypothetical protein, conserved",TGME49_500319,"hypothetical protein, conserved",0.019490140927104993,,
TGME49_500311,"hypothetical protein, conserved",TGME49_500428,"hypothetical protein, conserved",0.01929892275896128,,
TGME49_500043,"hypothetical protein, conserved",TGME49_500173,"hypothetical protein, conserved",0.016002271723394856,,
TGME49_500102,"hypothetical protein, conserved",TGME49_500173,"hypothetical protein, conserved",0.011258274184430705,,
TGME49_237900,OTU domain-containing protein OTUD1E,TGME49_323700,OTU family cysteine protease,0.006979043166410515,,
TGME49_500173,"hypothetical protein, conserved",TGME49_500034,"hypothetical protein, conserved",0.006962060135327519,,
TGME49_323800,OTU family cysteine protease,TGME49_237900,OTU domain-containing protein OTUD1E,0.006463902000874877,,
TGME49_323600,OTU family cysteine protease,TGME49_237900,OTU domain-containing protein OTUD1E,0.00468525111398721,,
TGME49_323600,OTU family cysteine protease,TGME49_323700,OTU family cysteine protease,0.0033102780912342977,,
TGME49_323800,OTU family cysteine protease,TGME49_323600,OTU family cysteine protease,0.0026999852951196113,,
TGME49_500043,"hypothetical protein, conserved",TGME49_500034,"hypothetical protein, conserved",0.002298221481290441,,
TGME49_500102,"hypothetical protein, conserved",TGME49_500034,"hypothetical protein, conserved",0.0018997480981916004,,
TGME49_500043,"hypothetical protein, conserved",TGME49_500102,"hypothetical protein, conserved",0.001857487605542274,,
TGME49_323800,OTU family cysteine protease,TGME49_323700,OTU family cysteine protease,0.0007662526918795765,,
